checkpoint,block,neuron,fc_l2,fc_max_abs,proj_l2,top_in_dims,top_out_dims,neighbors_input
ckpt_3400.pt,0,0,0.38693565130233765,0.09204597771167755,0.38842537999153137,"154,163,123,29,116","184,45,133,206,104",0:653:2|0:6:1|0:20:1
ckpt_3400.pt,0,1,0.3516140580177307,0.07403510808944702,0.326497882604599,"86,167,12,253,157","150,155,65,192,166",0:177:2|0:292:2|0:991:2
ckpt_3400.pt,0,2,0.43373721837997437,0.09154099225997925,0.42100027203559875,"27,44,231,232,63","255,98,200,205,154",0:369:3|0:954:3|0:208:2
ckpt_3400.pt,0,3,0.4159972667694092,0.07818575948476791,0.41720452904701233,"80,207,217,49,151","209,67,200,205,128",0:149:2|0:777:2|0:803:2
ckpt_3400.pt,0,4,0.4395761489868164,0.08245302736759186,0.434316486120224,"165,1,62,88,14","85,163,97,134,158",0:779:2|0:11:1|0:22:1
ckpt_3400.pt,0,5,0.4058859050273895,0.09576437622308731,0.36943233013153076,"121,71,63,186,113","55,109,157,65,46",0:13:2|0:331:2|0:579:2
ckpt_3400.pt,0,6,0.489270955324173,0.10083765536546707,0.4310939908027649,"116,213,94,113,54","73,134,156,5,56",0:576:2|0:595:2|0:0:1
ckpt_3400.pt,0,7,0.389242559671402,0.06994979828596115,0.4090774953365326,"220,119,128,56,211","223,34,118,158,43",0:195:2|0:388:2|0:747:2
ckpt_3400.pt,0,8,0.3939996063709259,0.06889834254980087,0.3651476502418518,"60,150,70,166,209","161,171,234,145,220",0:81:2|0:145:2|0:159:2
ckpt_3400.pt,0,9,0.3979586660861969,0.07467503100633621,0.3610382676124573,"97,23,168,69,44","246,185,222,148,99",0:202:2|0:482:2|0:723:2
ckpt_3400.pt,0,10,0.3948143422603607,0.0669763907790184,0.380967915058136,"191,15,11,93,44","171,129,118,92,93",0:93:2|0:143:2|0:248:2
ckpt_3400.pt,0,11,0.44471806287765503,0.07133449614048004,0.4372592866420746,"233,67,62,42,189","35,242,140,82,101",0:101:2|0:205:2|0:960:2
ckpt_3400.pt,0,12,0.4226606488227844,0.08183176070451736,0.4071439802646637,"185,91,59,89,9","117,68,29,236,248",0:462:2|0:685:2|0:887:2
ckpt_3400.pt,0,13,0.40972763299942017,0.08035683631896973,0.39535558223724365,"28,63,113,207,89","87,158,108,74,24",0:5:2|0:196:2|0:969:2
ckpt_3400.pt,0,14,0.40001747012138367,0.06544792652130127,0.39778250455856323,"251,129,4,36,113","119,244,59,22,179",0:822:2|0:889:2|0:5:1
ckpt_3400.pt,0,15,0.42973747849464417,0.10194720327854156,0.40610286593437195,"48,157,93,107,59","219,39,37,154,114",0:99:2|0:516:2|0:682:2
ckpt_3400.pt,0,16,0.40119773149490356,0.0702248141169548,0.4069972038269043,"226,10,255,42,191","223,124,62,222,140",0:205:2|0:736:2|0:927:2
ckpt_3400.pt,0,17,0.3726520240306854,0.06418415904045105,0.4116362929344177,"244,102,227,180,168","82,97,89,130,4",0:1019:2|0:9:1|0:24:1
ckpt_3400.pt,0,18,0.34457623958587646,0.06190769374370575,0.36720481514930725,"122,175,189,33,2","45,98,23,192,86",0:325:2|0:571:2|0:11:1
ckpt_3400.pt,0,19,0.3924916684627533,0.06995592266321182,0.3683144748210907,"34,237,159,153,76","238,214,161,253,153",0:134:2|0:252:2|0:346:2
ckpt_3400.pt,0,20,0.43448203802108765,0.08125045895576477,0.43630146980285645,"154,121,21,69,38","155,215,143,241,163",0:596:2|0:723:2|0:0:1
ckpt_3400.pt,0,21,0.43454664945602417,0.07872465997934341,0.4530641436576843,"172,81,147,105,83","156,219,2,66,48",0:75:2|0:226:2|0:537:2
ckpt_3400.pt,0,22,0.39220407605171204,0.08308787643909454,0.37922656536102295,"43,174,56,194,88","27,44,50,174,158",0:92:2|0:226:2|0:4:1
ckpt_3400.pt,0,23,0.3921411335468292,0.0728549137711525,0.3604901134967804,"38,47,18,61,113","171,231,213,135,242",0:112:2|0:231:2|0:5:1
ckpt_3400.pt,0,24,0.4565485119819641,0.08349139243364334,0.40332770347595215,"102,36,191,34,101","12,243,218,130,249",0:258:2|0:379:2|0:10:1
ckpt_3400.pt,0,25,0.36475178599357605,0.0584728829562664,0.3772087097167969,"178,14,205,239,158","112,88,127,190,7",0:178:2|0:512:2|0:876:2
ckpt_3400.pt,0,26,0.39642706513404846,0.07141532003879547,0.41760343313217163,"241,105,103,93,8","133,123,169,24,171",0:166:2|0:536:2|0:801:2
ckpt_3400.pt,0,27,0.4491288363933563,0.09651129692792892,0.40762653946876526,"208,30,9,183,230","16,14,62,218,67",0:542:2|0:609:2|0:718:2
ckpt_3400.pt,0,28,0.3552519381046295,0.07032424211502075,0.36977407336235046,"127,58,78,29,67","236,31,203,147,176",0:575:2|0:906:2|0:0:1
ckpt_3400.pt,0,29,0.39150741696357727,0.06631152331829071,0.423290878534317,"167,189,154,55,188","207,9,66,45,197",0:924:2|0:0:1|0:1:1
ckpt_3400.pt,0,30,0.3713942766189575,0.06607744097709656,0.35808637738227844,"2,216,127,255,19","95,58,72,162,90",0:580:2|0:16:1|0:18:1
ckpt_3400.pt,0,31,0.4519638419151306,0.07296088337898254,0.4279906451702118,"139,121,135,231,174","185,174,12,247,133",0:152:2|0:451:2|0:738:2
ckpt_3400.pt,0,32,0.45130643248558044,0.08149680495262146,0.42524176836013794,"172,236,218,88,217","206,197,77,153,207",0:226:2|0:989:2|0:3:1
ckpt_3400.pt,0,33,0.4033955931663513,0.07152113318443298,0.393526166677475,"245,108,40,179,81","7,228,85,122,61",0:76:2|0:79:2|0:1002:2
ckpt_3400.pt,0,34,0.3947741687297821,0.0592663437128067,0.3906061053276062,"0,112,226,2,25","95,99,4,6,108",0:308:2|0:764:2|0:846:2
ckpt_3400.pt,0,35,0.42591556906700134,0.07458945363759995,0.43180009722709656,"205,130,6,182,103","94,83,162,52,195",0:327:2|0:530:2|0:726:2
ckpt_3400.pt,0,36,0.4097280502319336,0.07219286262989044,0.4253176748752594,"5,143,36,66,96","174,234,238,236,149",0:192:2|0:593:2|0:639:2
ckpt_3400.pt,0,37,0.43029284477233887,0.08087041974067688,0.42717501521110535,"116,47,70,141,174","57,229,140,42,185",0:77:2|0:210:2|0:367:2
ckpt_3400.pt,0,38,0.43803438544273376,0.07807815074920654,0.42667356133461,"14,204,163,228,112","5,154,204,125,248",0:39:2|0:196:2|0:631:2
ckpt_3400.pt,0,39,0.42371946573257446,0.08248620480298996,0.4102383255958557,"83,107,112,80,204","206,64,214,230,154",0:38:2|0:552:2|0:597:2
ckpt_3400.pt,0,40,0.4096427857875824,0.07899554818868637,0.37990501523017883,"4,177,115,144,18","131,191,250,129,161",0:253:2|0:766:2|0:14:1
ckpt_3400.pt,0,41,0.4733935296535492,0.08411455154418945,0.41767823696136475,"165,252,99,207,37","126,15,151,238,138",0:117:2|0:640:2|0:948:2
ckpt_3400.pt,0,42,0.4215829074382782,0.07308698445558548,0.40463557839393616,"197,18,112,87,206","121,107,228,174,93",0:47:2|0:147:2|0:263:2
ckpt_3400.pt,0,43,0.36032986640930176,0.061519451439380646,0.3445035517215729,"54,189,248,98,181","48,180,156,19,73",0:427:2|0:438:2|0:680:2
ckpt_3400.pt,0,44,0.42220747470855713,0.10651145875453949,0.4174209237098694,"131,126,243,46,5","244,233,89,17,114",0:119:2|0:121:2|0:133:2
ckpt_3400.pt,0,45,0.3842028081417084,0.07705099880695343,0.38839665055274963,"245,232,48,201,117","43,124,23,249,188",0:907:2|0:2:1|0:15:1
ckpt_3400.pt,0,46,0.3727037012577057,0.06671392917633057,0.37221264839172363,"76,57,205,49,69","85,188,252,22,132",0:845:3|0:203:2|0:230:2
ckpt_3400.pt,0,47,0.4016365110874176,0.07605763524770737,0.4200124740600586,"220,18,63,214,87","116,51,114,22,73",0:42:2|0:385:2|0:842:2
ckpt_3400.pt,0,48,0.41068464517593384,0.07429387420415878,0.37866389751434326,"148,156,40,96,118","100,18,87,197,93",0:279:2|0:525:2|0:33:1
ckpt_3400.pt,0,49,0.38812461495399475,0.07752675563097,0.40304699540138245,"71,230,167,185,255","199,137,63,95,11",0:129:2|0:374:2|0:587:2
ckpt_3400.pt,0,50,0.43202540278434753,0.07371112704277039,0.4021970331668854,"13,119,103,193,17","15,138,52,221,65",0:87:2|0:224:2|0:250:2
ckpt_3400.pt,0,51,0.401663601398468,0.06619003415107727,0.4026186764240265,"171,85,206,106,63","153,234,94,245,10",0:288:2|0:700:2|0:2:1
ckpt_3400.pt,0,52,0.49469542503356934,0.10804460197687149,0.3989085257053375,"161,207,30,168,61","234,185,41,81,88",0:650:2|0:3:1|0:9:1
ckpt_3400.pt,0,53,0.39933982491493225,0.0747736319899559,0.4149582087993622,"139,158,3,126,7","188,103,63,67,155",0:417:2|0:512:2|0:592:2
ckpt_3400.pt,0,54,0.4032415449619293,0.061155833303928375,0.4051007628440857,"66,187,82,101,46","78,183,49,109,43",0:190:2|0:24:1|0:36:1
ckpt_3400.pt,0,55,0.3945753574371338,0.06776659190654755,0.42502474784851074,"6,179,165,79,137","24,218,166,170,34",0:368:2|0:386:2|0:4:1
ckpt_3400.pt,0,56,0.41654786467552185,0.08431264013051987,0.4048558473587036,"20,37,67,92,168","174,107,49,44,90",0:110:2|0:217:2|0:408:2
ckpt_3400.pt,0,57,0.3905034065246582,0.07602062821388245,0.4124915301799774,"43,156,122,210,214","67,36,174,237,247",0:170:2|0:316:2|0:18:1
ckpt_3400.pt,0,58,0.435055673122406,0.08763150125741959,0.43317002058029175,"44,209,36,42,206","55,21,6,66,43",0:147:2|0:193:2|0:313:2
ckpt_3400.pt,0,59,0.4538498818874359,0.0958578810095787,0.43949639797210693,"106,208,107,254,180","174,129,212,30,187",0:15:1|0:17:1|0:27:1
ckpt_3400.pt,0,60,0.39557158946990967,0.06713805347681046,0.40231847763061523,"204,193,243,27,39","81,181,167,84,226",0:943:2|0:2:1|0:38:1
ckpt_3400.pt,0,61,0.47574135661125183,0.11157567799091339,0.4130156338214874,"224,106,26,83,173","184,29,185,215,157",0:142:2|0:275:2|0:462:2
ckpt_3400.pt,0,62,0.3971821963787079,0.07626596093177795,0.4002420902252197,"90,208,140,29,101","127,0,122,254,14",0:538:2|0:896:2|0:991:2
ckpt_3400.pt,0,63,0.39920279383659363,0.07300516217947006,0.39319029450416565,"161,248,175,203,79","180,153,117,74,233",0:260:2|0:523:2|0:18:1
ckpt_3400.pt,0,64,0.42307230830192566,0.09335286915302277,0.398475706577301,"212,93,165,171,27","4,144,102,56,58",0:915:2|0:2:1|0:4:1
ckpt_3400.pt,0,65,0.34570300579071045,0.05782865732908249,0.3783538043498993,"19,167,96,245,60","251,202,227,80,170",0:130:2|0:213:2|0:232:2
ckpt_3400.pt,0,66,0.3397276997566223,0.05958241969347,0.3416150212287903,"111,248,144,167,121","105,32,62,87,116",0:232:2|0:455:2|0:733:2
ckpt_3400.pt,0,67,0.4108140170574188,0.08906760066747665,0.43480637669563293,"235,131,185,152,26","36,235,112,14,226",0:275:2|0:347:2|0:535:2
ckpt_3400.pt,0,68,0.49512434005737305,0.09206493943929672,0.4837518632411957,"137,23,176,77,202","117,156,2,155,148",0:813:2|0:9:1|0:55:1
ckpt_3400.pt,0,69,0.3755521774291992,0.06565287709236145,0.39832988381385803,"134,135,218,104,214","238,235,65,87,123",0:999:2|0:1023:2|0:31:1
ckpt_3400.pt,0,70,0.3950686454772949,0.07466413825750351,0.38350430130958557,"126,227,116,20,196","153,121,61,6,147",0:210:2|0:404:2|0:641:2
ckpt_3400.pt,0,71,0.3444036543369293,0.06054679676890373,0.3634945750236511,"175,7,153,167,105","254,232,91,86,80",0:234:2|0:384:2|0:414:2
ckpt_3400.pt,0,72,0.4263615012168884,0.07684098929166794,0.40920838713645935,"124,43,223,34,92","107,126,154,199,68",0:583:3|0:89:2|0:355:2
ckpt_3400.pt,0,73,0.39605021476745605,0.07595981657505035,0.36802804470062256,"7,226,75,49,90","58,170,150,149,222",0:242:2|0:477:2|0:623:2
ckpt_3400.pt,0,74,0.3844994604587555,0.080855593085289,0.4004652500152588,"235,119,28,137,132","42,253,69,146,85",0:368:2|0:554:2|0:7:1
ckpt_3400.pt,0,75,0.3635983169078827,0.05962873622775078,0.3810652792453766,"105,0,162,147,158","137,198,186,94,83",0:21:2|0:201:2|0:415:2
ckpt_3400.pt,0,76,0.4312689006328583,0.0842595174908638,0.42842552065849304,"245,66,51,198,81","154,166,54,204,179",0:33:2|0:21:1|0:36:1
ckpt_3400.pt,0,77,0.4173208773136139,0.08454570174217224,0.415183424949646,"47,70,43,185,22","179,234,71,186,91",0:37:2|0:281:2|0:550:2
ckpt_3400.pt,0,78,0.4047757387161255,0.0789332166314125,0.4005032777786255,"247,70,147,130,169","193,73,165,67,222",0:8:1|0:21:1|0:35:1
ckpt_3400.pt,0,79,0.43014124035835266,0.08849069476127625,0.4304136037826538,"40,81,73,168,177","84,143,194,191,175",0:33:2|0:162:2|0:544:2
ckpt_3400.pt,0,80,0.39450815320014954,0.07371509820222855,0.38411518931388855,"119,86,14,24,10","90,233,113,124,192",0:126:2|0:224:2|0:835:2
ckpt_3400.pt,0,81,0.41416871547698975,0.071660116314888,0.38474470376968384,"57,166,75,60,254","220,209,104,151,146",0:8:2|0:159:2|0:628:2
ckpt_3400.pt,0,82,0.4060988426208496,0.07423367351293564,0.4059433937072754,"103,27,219,74,134","212,38,156,47,203",0:821:2|0:967:2|0:2:1
ckpt_3400.pt,0,83,0.4305974543094635,0.07069429010152817,0.43296870589256287,"76,231,180,94,43","67,22,180,254,11",0:435:2|0:464:2|0:580:2
ckpt_3400.pt,0,84,0.39165598154067993,0.06599079817533493,0.38151928782463074,"189,239,234,126,47","174,253,244,11,44",0:423:2|0:674:2|0:959:2
ckpt_3400.pt,0,85,0.41982465982437134,0.070261649787426,0.39903584122657776,"159,125,32,243,29","220,250,112,93,106",0:444:2|0:872:2|0:0:1
ckpt_3400.pt,0,86,0.41014716029167175,0.09708061069250107,0.4091774821281433,"138,181,61,229,49","3,19,27,174,228",0:950:2|0:3:1|0:23:1
ckpt_3400.pt,0,87,0.4318034052848816,0.08493822067975998,0.39331337809562683,"178,216,119,246,193","134,15,4,160,162",0:50:2|0:965:2|0:1002:2
ckpt_3400.pt,0,88,0.4337847828865051,0.08704353123903275,0.40110093355178833,"55,199,37,191,64","88,3,8,129,233",0:611:2|0:10:1|0:16:1
ckpt_3400.pt,0,89,0.3586176037788391,0.0720224380493164,0.36611032485961914,"43,188,92,175,75","254,213,167,235,151",0:72:2|0:296:2|0:652:2
ckpt_3400.pt,0,90,0.4966784119606018,0.09790375083684921,0.4305609464645386,"226,58,151,163,187","163,60,91,199,224",0:305:2|0:724:2|0:903:2
ckpt_3400.pt,0,91,0.42912155389785767,0.08201132714748383,0.40765881538391113,"11,130,241,39,92","160,80,156,12,234",0:111:2|0:178:2|0:191:2
ckpt_3400.pt,0,92,0.4024280309677124,0.0746641531586647,0.4013497829437256,"83,111,88,43,133","116,188,243,78,20",0:505:3|0:22:2|0:198:2
ckpt_3400.pt,0,93,0.45928382873535156,0.10918433964252472,0.41122564673423767,"143,191,110,11,238","93,13,206,43,20",0:10:2|0:507:2|0:627:2
ckpt_3400.pt,0,94,0.4170227646827698,0.09325093775987625,0.4186358153820038,"64,209,236,204,164","101,2,240,237,152",0:338:2|0:480:2|0:515:2
ckpt_3400.pt,0,95,0.4478110671043396,0.09456617385149002,0.3991662859916687,"4,219,45,202,160","44,191,172,28,105",0:264:2|0:352:2|0:796:2
ckpt_3400.pt,0,96,0.41375911235809326,0.0751708447933197,0.40237492322921753,"192,102,220,27,94","17,236,227,87,181",0:284:2|0:1012:2|0:2:1
ckpt_3400.pt,0,97,0.42747634649276733,0.07885788381099701,0.40638503432273865,"2,250,130,44,238","209,15,122,61,56",0:207:2|0:392:2|0:770:2
ckpt_3400.pt,0,98,0.40955108404159546,0.07861653715372086,0.41124361753463745,"62,119,74,105,20","195,120,20,115,55",0:550:2|0:607:2|0:690:2
ckpt_3400.pt,0,99,0.3834508955478668,0.06878136843442917,0.3889694809913635,"135,163,136,107,157","113,216,163,136,85",0:15:2|0:365:2|0:516:2
ckpt_3400.pt,0,100,0.4290453791618347,0.08023524284362793,0.41427844762802124,"132,29,89,136,85","168,193,127,49,66",0:220:2|0:0:1|0:12:1
ckpt_3400.pt,0,101,0.47060585021972656,0.07385630160570145,0.4354248642921448,"166,183,67,121,233","236,127,160,141,170",0:11:2|0:541:2|0:689:2
ckpt_3400.pt,0,102,0.412024587392807,0.08662540465593338,0.36533981561660767,"56,136,14,196,25","16,151,234,29,254",0:440:3|0:259:2|0:308:2
ckpt_3400.pt,0,103,0.47345051169395447,0.08335450291633606,0.4369557201862335,"204,138,227,123,187","208,19,50,166,72",0:850:2|0:0:1|0:17:1
ckpt_3400.pt,0,104,0.3923799693584442,0.06733512878417969,0.41441524028778076,"3,49,240,165,210","222,103,199,166,110",0:431:3|0:203:2|0:666:2
ckpt_3400.pt,0,105,0.36968594789505005,0.05648023635149002,0.35794830322265625,"7,155,210,62,130","149,113,142,246,53",0:420:2|0:530:2|0:871:2
ckpt_3400.pt,0,106,0.41231006383895874,0.10035740584135056,0.3971472680568695,"71,53,233,57,248","120,235,148,87,178",0:157:2|0:171:2|0:445:2
ckpt_3400.pt,0,107,0.38198232650756836,0.07070376724004745,0.40128958225250244,"29,30,69,27,31","225,66,235,246,131",0:447:2|0:812:2|0:853:2
ckpt_3400.pt,0,108,0.368926078081131,0.06074327230453491,0.39555904269218445,"252,96,162,175,193","179,83,167,19,131",0:711:2|0:931:2|0:18:1
ckpt_3400.pt,0,109,0.4131998121738434,0.06275761127471924,0.40513134002685547,"130,144,243,120,114","5,218,10,110,72",0:35:1|0:40:1|0:44:1
ckpt_3400.pt,0,110,0.363307923078537,0.07115339487791061,0.3572021722793579,"141,194,67,20,216","195,121,113,250,204",0:56:2|0:408:2|0:11:1
ckpt_3400.pt,0,111,0.40120449662208557,0.07636082172393799,0.4114818274974823,"64,241,127,11,153","28,160,205,34,193",0:91:2|0:178:2|0:328:2
ckpt_3400.pt,0,112,0.44789841771125793,0.0819944441318512,0.41898247599601746,"219,58,87,47,113","44,249,73,91,248",0:23:2|0:724:2|0:822:2
ckpt_3400.pt,0,113,0.3950866460800171,0.07616055011749268,0.4134528934955597,"28,165,160,109,183","111,73,181,58,180",0:368:2|0:660:2|0:4:1
ckpt_3400.pt,0,114,0.41302284598350525,0.07381463050842285,0.4094550907611847,"27,21,35,25,100","78,204,199,201,250",0:171:2|0:471:2|0:524:2
ckpt_3400.pt,0,115,0.41453805565834045,0.07529563456773758,0.4076153039932251,"183,91,214,36,21","236,61,153,202,78",0:432:2|0:12:1|0:14:1
ckpt_3400.pt,0,116,0.43577107787132263,0.08221174031496048,0.42051589488983154,"233,2,90,244,113","104,112,201,173,191",0:781:2|0:856:2|0:5:1
ckpt_3400.pt,0,117,0.37728938460350037,0.07127793878316879,0.3853400945663452,"64,142,165,182,207","95,248,160,237,43",0:41:2|0:474:2|0:3:1
ckpt_3400.pt,0,118,0.4033474326133728,0.0704723373055458,0.42714178562164307,"214,216,54,12,191","82,127,80,133,17",0:156:2|0:570:2|0:760:2
ckpt_3400.pt,0,119,0.4527755677700043,0.08119286596775055,0.4399302899837494,"75,157,185,243,126","52,248,251,33,179",0:44:2|0:1:1|0:12:1
ckpt_3400.pt,0,120,0.3994535207748413,0.06248203665018082,0.4035578668117523,"150,249,244,95,123","9,85,113,140,209",0:222:2|0:646:2|0:941:2
ckpt_3400.pt,0,121,0.43465688824653625,0.06799369305372238,0.3883379101753235,"144,126,46,21,19","147,212,129,115,16",0:44:2|0:20:1|0:30:1
ckpt_3400.pt,0,122,0.3916608691215515,0.08185466378927231,0.39294394850730896,"97,213,146,196,129","139,35,245,68,197",0:657:2|0:685:2|0:6:1
ckpt_3400.pt,0,123,0.4368724524974823,0.0745277851819992,0.4315113425254822,"221,18,95,9,60","56,123,245,255,237",0:403:2|0:8:1|0:12:1
ckpt_3400.pt,0,124,0.39309731125831604,0.06833548098802567,0.38634201884269714,"255,171,198,154,246","48,82,90,238,49",0:626:2|0:1000:2|0:0:1
ckpt_3400.pt,0,125,0.45589694380760193,0.08824367076158524,0.4045725166797638,"116,128,221,13,1","81,236,253,9,211",0:206:2|0:286:2|0:988:2
ckpt_3400.pt,0,126,0.45961102843284607,0.08455720543861389,0.4056446850299835,"175,14,86,120,198","24,193,47,32,153",0:80:2|0:158:2|0:260:2
ckpt_3400.pt,0,127,0.389424204826355,0.07525500655174255,0.42249250411987305,"74,195,34,157,180","229,159,51,189,89",0:559:2|0:607:2|0:1:1
ckpt_3400.pt,0,128,0.40613752603530884,0.08625133335590363,0.35638195276260376,"211,144,223,36,39","219,225,224,199,141",0:135:2|0:297:2|0:549:2
ckpt_3400.pt,0,129,0.4006795287132263,0.07502187043428421,0.3793635368347168,"49,255,83,153,71","144,215,207,38,171",0:49:2|0:167:2|0:481:2
ckpt_3400.pt,0,130,0.4095177948474884,0.07787860929965973,0.4233909547328949,"150,167,83,19,235","92,24,13,200,15",0:65:2|0:1:1|0:8:1
ckpt_3400.pt,0,131,0.3922167718410492,0.09494204819202423,0.38848069310188293,"133,176,21,168,159","255,185,42,194,198",0:375:2|0:535:2|0:708:2
ckpt_3400.pt,0,132,0.4058781862258911,0.07395084202289581,0.3757840096950531,"169,78,61,217,222","34,29,86,36,115",0:3:1|0:23:1|0:28:1
ckpt_3400.pt,0,133,0.4242084324359894,0.07178335636854172,0.3982085883617401,"87,33,53,5,126","107,7,172,61,153",0:44:2|0:169:2|0:192:2
ckpt_3400.pt,0,134,0.4221596419811249,0.07770287245512009,0.4352857768535614,"230,56,237,76,74","121,90,33,53,137",0:19:2|0:346:2|0:726:2
ckpt_3400.pt,0,135,0.3487917184829712,0.07187484949827194,0.3577626049518585,"144,24,231,211,141","86,32,162,79,247",0:128:2|0:350:2|0:487:2
ckpt_3400.pt,0,136,0.4166491627693176,0.08813545852899551,0.3884473443031311,"25,15,170,247,81","127,42,79,126,209",0:700:2|0:776:2|0:794:2
ckpt_3400.pt,0,137,0.4652876555919647,0.08678833395242691,0.4415099024772644,"76,156,73,101,64","170,210,110,209,66",0:138:2|0:172:2|0:239:2
ckpt_3400.pt,0,138,0.4189411997795105,0.08358839154243469,0.4254821240901947,"76,219,229,255,64","167,123,143,25,136",0:137:2|0:172:2|0:435:2
ckpt_3400.pt,0,139,0.38428136706352234,0.09311719238758087,0.39823266863822937,"255,221,150,52,113","236,57,47,155,49",0:386:2|0:600:2|0:781:2
ckpt_3400.pt,0,140,0.4075852632522583,0.08301878720521927,0.3842755854129791,"146,21,223,113,170","142,9,248,22,133",0:493:2|0:781:2|0:5:1
ckpt_3400.pt,0,141,0.4051051735877991,0.07384037226438522,0.36133867502212524,"217,40,24,7,60","28,7,64,25,241",0:293:2|0:350:2|0:412:2
ckpt_3400.pt,0,142,0.4059790372848511,0.07505033165216446,0.3858399987220764,"84,26,83,39,116","66,113,176,192,242",0:61:2|0:313:2|0:842:2
ckpt_3400.pt,0,143,0.3985742926597595,0.07939524203538895,0.38884368538856506,"15,83,44,213,4","115,34,145,101,237",0:10:2|0:442:2|0:449:2
ckpt_3400.pt,0,144,0.44499120116233826,0.0759238600730896,0.40813344717025757,"8,191,234,63,147","3,26,78,212,215",0:570:3|0:2:1|0:5:1
ckpt_3400.pt,0,145,0.3548707365989685,0.06197379529476166,0.3961377739906311,"145,209,56,70,6","106,143,5,99,132",0:8:2|0:381:2|0:947:2
ckpt_3400.pt,0,146,0.38669654726982117,0.06761938333511353,0.40629273653030396,"10,18,93,250,164","122,54,153,27,142",0:629:2|0:829:2|0:10:1
ckpt_3400.pt,0,147,0.4316174387931824,0.09322885423898697,0.3952443599700928,"33,43,197,44,206","7,99,44,37,159",0:42:2|0:58:2|0:346:2
ckpt_3400.pt,0,148,0.42128559947013855,0.08765184879302979,0.40539366006851196,"142,200,119,198,95","82,43,14,1,218",0:164:2|0:330:2|0:633:2
ckpt_3400.pt,0,149,0.40685272216796875,0.07808630168437958,0.409676730632782,"49,96,179,124,217","136,86,253,24,219",0:3:2|0:388:2|0:478:2
ckpt_3400.pt,0,150,0.41495728492736816,0.07753333449363708,0.3977697193622589,"181,192,38,215,28","116,254,243,157,9",0:577:2|0:13:1|0:20:1
ckpt_3400.pt,0,151,0.4230669140815735,0.07391121983528137,0.4187953770160675,"42,141,52,37,39","120,94,61,108,100",0:643:2|0:11:1|0:16:1
ckpt_3400.pt,0,152,0.41126686334609985,0.07714102417230606,0.4085104167461395,"80,135,139,194,99","165,112,103,69,144",0:31:2|0:280:2|0:317:2
ckpt_3400.pt,0,153,0.3930191993713379,0.06775438040494919,0.37878796458244324,"250,138,29,76,99","241,149,253,202,240",0:268:2|0:394:2|0:900:2
ckpt_3400.pt,0,154,0.4066454768180847,0.07634925842285156,0.3987726867198944,"18,29,79,196,168","0,131,222,46,107",0:256:2|0:425:2|0:905:2
ckpt_3400.pt,0,155,0.44355908036231995,0.07230749726295471,0.4331642985343933,"33,123,222,243,124","186,129,96,104,130",0:191:2|0:318:2|0:371:2
ckpt_3400.pt,0,156,0.42544838786125183,0.08177532255649567,0.43687042593955994,"76,216,218,54,254","134,230,44,249,197",0:118:2|0:266:2|0:274:2
ckpt_3400.pt,0,157,0.3949131369590759,0.07159830629825592,0.36771994829177856,"248,177,207,162,53","16,211,47,10,239",0:106:2|0:479:2|0:844:2
ckpt_3400.pt,0,158,0.40987855195999146,0.08589301258325577,0.3927610218524933,"86,205,42,247,120","61,107,163,14,160",0:126:2|0:163:2|0:180:2
ckpt_3400.pt,0,159,0.42479440569877625,0.07690882682800293,0.39873287081718445,"134,88,15,60,166","122,193,26,209,141",0:8:2|0:81:2|0:262:2
ckpt_3400.pt,0,160,0.4135185778141022,0.07033822685480118,0.3859522044658661,"30,232,194,191,77","61,153,198,77,218",0:510:2|0:579:2|0:725:2
ckpt_3400.pt,0,161,0.4308569133281708,0.07418792694807053,0.3977854549884796,"47,197,229,98,148","168,76,161,107,113",0:281:2|0:526:2|0:694:2
ckpt_3400.pt,0,162,0.4164861738681793,0.07110870629549026,0.42633458971977234,"40,121,210,73,131","79,89,217,127,159",0:79:2|0:603:2|0:5:1
ckpt_3400.pt,0,163,0.4324910640716553,0.08524852246046066,0.424349308013916,"205,75,86,202,255","22,150,153,30,75",0:158:2|0:242:2|0:679:2
ckpt_3400.pt,0,164,0.3996990919113159,0.08108481764793396,0.3810235857963562,"119,0,67,82,142","3,35,172,9,166",0:148:2|0:330:2|0:511:2
ckpt_3400.pt,0,165,0.4072893261909485,0.0917314887046814,0.40313535928726196,"166,170,139,248,30","41,56,152,250,211",0:438:2|0:450:2|0:8:1
ckpt_3400.pt,0,166,0.43865349888801575,0.07437482476234436,0.3921825587749481,"118,36,103,8,122","218,41,193,74,163",0:26:2|0:745:2|0:866:2
ckpt_3400.pt,0,167,0.3497127592563629,0.07058187574148178,0.3633730411529541,"71,90,136,40,153","180,78,130,19,73",0:129:2|0:174:2|0:481:2
ckpt_3400.pt,0,168,0.4402124285697937,0.09341670572757721,0.3926903009414673,"27,136,43,0,38","246,13,116,53,198",0:311:2|0:580:2|0:821:2
ckpt_3400.pt,0,169,0.43998032808303833,0.08163563162088394,0.40503597259521484,"161,87,95,19,53","71,146,98,113,156",0:133:2|0:618:2|0:30:1
ckpt_3400.pt,0,170,0.4483127295970917,0.08966193348169327,0.40832263231277466,"29,202,214,122,235","245,107,116,27,56",0:57:2|0:415:2|0:0:1
ckpt_3400.pt,0,171,0.42692723870277405,0.06918660551309586,0.39920803904533386,"233,27,229,100,57","64,33,87,223,24",0:106:2|0:114:2|0:205:2
ckpt_3400.pt,0,172,0.3899628520011902,0.07289378345012665,0.3970082104206085,"64,76,195,98,7","224,250,42,29,124",0:137:2|0:138:2|0:435:2
ckpt_3400.pt,0,173,0.37813565135002136,0.07665318250656128,0.34813380241394043,"192,158,72,173,29","159,197,113,26,145",0:415:2|0:799:2|0:0:1
ckpt_3400.pt,0,174,0.4293897747993469,0.07902618497610092,0.4325993061065674,"235,2,40,136,76","34,95,77,209,71",0:167:2|0:308:2|0:497:2
ckpt_3400.pt,0,175,0.40002796053886414,0.08243080228567123,0.3894382119178772,"145,75,111,27,119","156,153,39,44,163",0:416:2|0:739:2|0:848:2
ckpt_3400.pt,0,176,0.4063106179237366,0.06946968287229538,0.4046894311904907,"31,220,226,158,22","243,131,144,0,89",0:281:2|0:534:2|0:764:2
ckpt_3400.pt,0,177,0.4110657870769501,0.06825059652328491,0.4006909430027008,"157,241,24,123,167","217,109,118,132,163",0:292:3|0:1:2|0:191:2
ckpt_3400.pt,0,178,0.4288519024848938,0.08017367869615555,0.3753401041030884,"241,11,205,14,95","225,247,37,239,228",0:25:2|0:91:2|0:111:2
ckpt_3400.pt,0,179,0.36776626110076904,0.06359042227268219,0.3932020962238312,"34,99,210,172,241","124,30,155,78,122",0:191:2|0:280:2|0:574:2
ckpt_3400.pt,0,180,0.42254167795181274,0.07980053126811981,0.41862958669662476,"205,0,152,247,219","164,197,111,43,77",0:158:2|0:295:2|0:494:2
ckpt_3400.pt,0,181,0.43582019209861755,0.07284984737634659,0.3832879662513733,"116,177,210,222,151","107,243,203,210,213",0:466:2|0:861:2|0:925:2
ckpt_3400.pt,0,182,0.4006015956401825,0.08177554607391357,0.38790929317474365,"232,215,102,88,241","62,231,122,120,164",0:241:2|0:356:2|0:2:1
ckpt_3400.pt,0,183,0.43473049998283386,0.07859332859516144,0.3858526647090912,"110,64,59,147,125","188,175,202,94,56",0:12:1|0:15:1|0:21:1
ckpt_3400.pt,0,184,0.44992852210998535,0.07650149613618851,0.41283461451530457,"68,36,99,87,243","222,19,14,164,76",0:191:2|0:663:2|0:802:2
ckpt_3400.pt,0,185,0.45338571071624756,0.09926620870828629,0.40022724866867065,"180,136,86,189,81","68,82,17,163,81",0:325:2|0:359:2|0:413:2
ckpt_3400.pt,0,186,0.3980860114097595,0.07422617822885513,0.36396774649620056,"205,74,254,21,198","173,232,74,12,200",0:426:2|0:639:2|0:809:2
ckpt_3400.pt,0,187,0.44460660219192505,0.07637182623147964,0.41373562812805176,"145,59,1,206,135","220,113,40,28,180",0:4:1|0:12:1|0:15:1
ckpt_3400.pt,0,188,0.40190860629081726,0.07375345379114151,0.3816142678260803,"190,30,240,102,125","160,157,64,124,247",0:287:2|0:320:2|0:520:2
ckpt_3400.pt,0,189,0.42318394780158997,0.08208657056093216,0.40235278010368347,"169,108,85,226,24","160,22,57,209,181",0:305:2|0:332:2|0:534:2
ckpt_3400.pt,0,190,0.3315170705318451,0.07307790219783783,0.36424189805984497,"108,184,101,66,218","100,167,233,43,74",0:54:2|0:309:2|0:24:1
ckpt_3400.pt,0,191,0.41295287013053894,0.06422927975654602,0.37985679507255554,"92,99,241,123,243","157,91,52,101,122",0:91:2|0:155:2|0:177:2
ckpt_3400.pt,0,192,0.4082145392894745,0.06854751706123352,0.4138515293598175,"126,1,216,5,96","216,113,196,135,63",0:36:2|0:44:2|0:133:2
ckpt_3400.pt,0,193,0.4724244475364685,0.09174353629350662,0.416835755109787,"209,158,98,36,200","154,58,194,170,18",0:58:2|0:281:2|0:522:2
ckpt_3400.pt,0,194,0.38223686814308167,0.062118902802467346,0.3681432604789734,"74,70,142,236,14","121,230,177,68,253",0:4:1|0:8:1|0:25:1
ckpt_3400.pt,0,195,0.4220415949821472,0.06528855115175247,0.4196471571922302,"16,220,123,119,206","130,185,238,82,147",0:7:2|0:818:2|0:0:1
ckpt_3400.pt,0,196,0.4102824628353119,0.07368588447570801,0.39595839381217957,"14,163,152,89,28","188,26,57,89,45",0:13:2|0:38:2|0:328:2
ckpt_3400.pt,0,197,0.40005138516426086,0.07025722414255142,0.3861234784126282,"117,249,169,72,210","85,185,23,213,60",0:806:2|0:45:1|0:57:1
ckpt_3400.pt,0,198,0.4073445498943329,0.06893958896398544,0.4186682105064392,"113,225,133,111,26","10,16,56,153,215",0:92:2|0:621:2|0:733:2
ckpt_3400.pt,0,199,0.4238656163215637,0.07382241636514664,0.3992520868778229,"186,170,194,73,253","128,212,83,254,55",0:548:2|0:617:2|0:882:2
ckpt_3400.pt,0,200,0.4500151574611664,0.08120298385620117,0.43667444586753845,"111,123,217,229,41","26,224,81,246,109",0:0:1|0:3:1|0:32:1
ckpt_3400.pt,0,201,0.4284786581993103,0.07780850678682327,0.4088437557220459,"0,124,4,158,41","108,226,216,26,198",0:75:2|0:415:2|0:532:2
ckpt_3400.pt,0,202,0.4081091284751892,0.06916386634111404,0.4003596603870392,"97,102,150,124,69","37,57,11,59,79",0:9:2|0:937:2|0:8:1
ckpt_3400.pt,0,203,0.43370139598846436,0.06869109719991684,0.42209556698799133,"76,240,144,49,194","68,112,107,10,131",0:46:2|0:104:2|0:213:2
ckpt_3400.pt,0,204,0.38308125734329224,0.06042569875717163,0.3731056749820709,"69,54,45,250,85","1,198,44,42,11",0:225:2|0:576:2|0:833:2
ckpt_3400.pt,0,205,0.3499622046947479,0.05649852007627487,0.3639139235019684,"255,27,233,42,28","199,245,254,26,29",0:11:2|0:16:2|0:171:2
ckpt_3400.pt,0,206,0.39057257771492004,0.06216767430305481,0.3828665316104889,"221,1,185,241,98","122,188,250,182,144",0:125:2|0:347:2|0:450:2
ckpt_3400.pt,0,207,0.4543663561344147,0.07652276754379272,0.4328479766845703,"98,219,44,90,250","26,121,55,155,22",0:97:2|0:364:2|0:513:2
ckpt_3400.pt,0,208,0.42310959100723267,0.08336411416530609,0.42468804121017456,"53,27,44,208,166","243,181,202,254,117",0:2:2|0:567:2|0:915:2
ckpt_3400.pt,0,209,0.380697637796402,0.07555430382490158,0.4017983675003052,"217,197,165,126,163","96,241,11,78,106",0:533:2|0:0:1|0:3:1
ckpt_3400.pt,0,210,0.4170568287372589,0.0889270082116127,0.3772090971469879,"126,230,205,116,174","145,107,183,33,254",0:37:2|0:70:2|0:367:2
ckpt_3400.pt,0,211,0.4433264434337616,0.07413580268621445,0.4325818717479706,"9,39,175,241,113","143,229,185,35,241",0:91:2|0:446:2|0:520:2
ckpt_3400.pt,0,212,0.3913584053516388,0.07707564532756805,0.41554975509643555,"200,154,81,41,151","250,22,229,195,199",0:0:1|0:3:1|0:20:1
ckpt_3400.pt,0,213,0.45470336079597473,0.08670488744974136,0.4178387522697449,"194,116,96,167,240","9,15,222,241,36",0:65:2|0:203:2|0:692:2
ckpt_3400.pt,0,214,0.42216670513153076,0.09874919056892395,0.40344735980033875,"173,247,232,12,53","177,133,72,125,90",0:879:2|0:1:1|0:2:1
ckpt_3400.pt,0,215,0.39933305978775024,0.07085683941841125,0.37211140990257263,"144,25,205,216,175","160,42,121,108,102",0:325:2|0:472:2|0:528:2
ckpt_3400.pt,0,216,0.392604261636734,0.06563467532396317,0.40968844294548035,"182,82,139,85,148","121,10,174,148,234",0:1015:2|0:31:1|0:35:1
ckpt_3400.pt,0,217,0.40338078141212463,0.08208661526441574,0.404275119304657,"37,27,210,168,41","155,115,178,13,40",0:56:2|0:246:2|0:581:2
ckpt_3400.pt,0,218,0.43563586473464966,0.12515147030353546,0.385168194770813,"67,228,254,41,25","149,44,68,188,232",0:358:3|0:631:2|0:11:1
ckpt_3400.pt,0,219,0.4071856737136841,0.07310385257005692,0.38608741760253906,"56,83,241,27,250","251,12,68,225,202",0:710:2|0:772:2|0:780:2
ckpt_3400.pt,0,220,0.4036233127117157,0.09054915606975555,0.4308931231498718,"35,29,10,199,132","87,12,16,35,228",0:100:2|0:676:2|0:0:1
ckpt_3400.pt,0,221,0.4006834626197815,0.07729189842939377,0.4031033515930176,"159,2,169,240,54","56,208,8,139,252",0:308:2|0:6:1|0:18:1
ckpt_3400.pt,0,222,0.3833669126033783,0.06551545113325119,0.40544918179512024,"244,66,95,34,125","110,44,209,231,132",0:120:2|0:384:2|0:17:1
ckpt_3400.pt,0,223,0.45158955454826355,0.08179105073213577,0.4012027084827423,"129,77,92,26,47","226,189,57,215,48",0:638:2|0:862:2|0:14:1
ckpt_3400.pt,0,224,0.38921719789505005,0.07666508853435516,0.38226595520973206,"41,17,10,119,241","123,172,57,44,45",0:50:2|0:80:2|0:261:2
ckpt_3400.pt,0,225,0.4081711769104004,0.08744194358587265,0.42436957359313965,"179,190,182,45,250","193,65,189,122,97",0:204:2|0:245:2|0:495:2
ckpt_3400.pt,0,226,0.3894491493701935,0.0643758699297905,0.3500630557537079,"172,43,88,105,145","135,25,189,13,74",0:21:2|0:22:2|0:32:2
ckpt_3400.pt,0,227,0.44508975744247437,0.08085551112890244,0.4242590069770813,"202,84,81,113,49","65,186,235,236,35",0:313:2|0:418:2|0:588:2
ckpt_3400.pt,0,228,0.43822237849235535,0.09912680834531784,0.4038195312023163,"131,81,69,224,140","8,123,120,204,205",0:447:2|0:469:2|0:723:2
ckpt_3400.pt,0,229,0.47966626286506653,0.1012873649597168,0.432613730430603,"160,189,242,197,210","45,35,224,231,175",0:11:1|0:18:1|0:29:1
ckpt_3400.pt,0,230,0.3842602074146271,0.09712465107440948,0.40158578753471375,"236,205,190,49,196","226,11,191,218,196",0:46:2|0:255:2|0:3:1
ckpt_3400.pt,0,231,0.4778193235397339,0.09529756009578705,0.39797326922416687,"113,239,61,218,130","248,231,125,62,20",0:23:2|0:698:2|0:5:1
ckpt_3400.pt,0,232,0.46788185834884644,0.08982916921377182,0.4402000904083252,"248,167,72,147,60","196,106,136,61,203",0:65:2|0:66:2|0:455:2
ckpt_3400.pt,0,233,0.3842196762561798,0.06721507757902145,0.37156394124031067,"19,225,223,5,145","95,113,8,246,4",0:1018:2|0:30:1|0:36:1
ckpt_3400.pt,0,234,0.4389646649360657,0.09452655911445618,0.40786176919937134,"229,44,153,175,28","81,46,213,136,112",0:71:2|0:554:2|0:969:2
ckpt_3400.pt,0,235,0.40581122040748596,0.09703876078128815,0.38762161135673523,"0,35,92,174,69","6,51,117,42,170",0:9:1|0:20:1|0:22:1
ckpt_3400.pt,0,236,0.4422034025192261,0.08983556926250458,0.40395206212997437,"106,42,110,131,51","124,203,0,137,1",0:881:2|0:11:1|0:16:1
ckpt_3400.pt,0,237,0.41254061460494995,0.06579075753688812,0.40816447138786316,"181,159,130,99,93","218,228,86,38,138",0:390:2|0:422:2|0:801:2
ckpt_3400.pt,0,238,0.4435746371746063,0.08880186080932617,0.38798919320106506,"146,151,4,2,241","36,157,165,172,175",0:307:2|0:657:2|0:781:2
ckpt_3400.pt,0,239,0.40679827332496643,0.08202574402093887,0.3968486189842224,"101,104,4,223,76","154,217,193,27,7",0:137:2|0:759:2|0:870:2
ckpt_3400.pt,0,240,0.44466620683670044,0.09305500984191895,0.3984748125076294,"209,50,68,93,163","195,168,31,69,140",0:829:2|0:0:1|0:8:1
ckpt_3400.pt,0,241,0.45242074131965637,0.09018870443105698,0.4443303048610687,"105,104,251,102,232","175,168,23,84,164",0:182:2|0:966:2|0:2:1
ckpt_3400.pt,0,242,0.41207355260849,0.07914210855960846,0.4111618101596832,"90,75,229,187,202","224,19,157,158,183",0:73:2|0:163:2|0:407:2
ckpt_3400.pt,0,243,0.4087793529033661,0.0678214281797409,0.41083672642707825,"108,104,139,144,188","192,94,106,125,102",0:340:2|0:413:2|0:496:2
ckpt_3400.pt,0,244,0.35465705394744873,0.07804805040359497,0.36613160371780396,"44,84,86,106,134","115,99,77,108,234",0:392:2|0:418:2|0:1:1
ckpt_3400.pt,0,245,0.4055367708206177,0.08032544702291489,0.399944931268692,"3,181,182,20,190","66,42,208,141,240",0:225:2|0:673:2|0:680:2
ckpt_3400.pt,0,246,0.4085898697376251,0.08234988898038864,0.4081955552101135,"210,109,154,37,4","220,9,170,11,92",0:217:2|0:0:1|0:14:1
ckpt_3400.pt,0,247,0.45911261439323425,0.11379075050354004,0.4137522578239441,"254,215,179,95,224","101,110,149,30,119",0:565:2|0:613:2|0:33:1
ckpt_3400.pt,0,248,0.38682714104652405,0.06129082664847374,0.39153122901916504,"191,93,204,144,97","69,83,245,137,96",0:10:2|0:330:2|0:9:1
ckpt_3400.pt,0,249,0.40485361218452454,0.07459966838359833,0.408724308013916,"28,179,62,214,247","228,13,131,21,215",0:351:3|0:302:2|0:388:2
ckpt_3400.pt,0,250,0.4369984567165375,0.07336477935314178,0.43798068165779114,"13,114,112,103,72","131,128,208,18,52",0:50:2|0:970:2|0:26:1
ckpt_3400.pt,0,251,0.42650294303894043,0.07440288364887238,0.4068118631839752,"52,100,199,7,254","237,65,58,167,38",0:489:2|0:623:2|0:791:2
ckpt_3400.pt,0,252,0.42651909589767456,0.08203331381082535,0.4094086289405823,"153,46,138,34,8","113,169,164,118,68",0:19:2|0:384:2|0:24:1
ckpt_3400.pt,0,253,0.4076232314109802,0.07845602929592133,0.4020381271839142,"115,51,52,144,184","244,251,189,118,13",0:40:2|0:623:2|0:713:2
ckpt_3400.pt,0,254,0.3724789023399353,0.05833609402179718,0.40050891041755676,"161,68,122,16,121","167,107,85,40,232",0:5:1|0:18:1|0:20:1
ckpt_3400.pt,0,255,0.4390997290611267,0.07754217833280563,0.39437761902809143,"120,49,245,17,205","115,37,56,57,32",0:46:2|0:158:2|0:230:2
ckpt_3400.pt,0,256,0.41454067826271057,0.07415919005870819,0.39552220702171326,"18,55,24,1,29","74,52,41,32,96",0:154:2|0:425:2|0:0:1
ckpt_3400.pt,0,257,0.4727673828601837,0.09883756190538406,0.41665220260620117,"164,128,251,82,173","55,101,224,91,133",0:715:2|0:767:2|0:7:1
ckpt_3400.pt,0,258,0.4241507649421692,0.07216230779886246,0.41646838188171387,"102,191,49,160,98","235,66,159,213,63",0:24:2|0:606:2|0:922:2
ckpt_3400.pt,0,259,0.41868066787719727,0.07566229999065399,0.39237284660339355,"38,196,23,14,66","234,213,36,68,181",0:102:2|0:395:2|0:440:2
ckpt_3400.pt,0,260,0.39281195402145386,0.07538020610809326,0.38507407903671265,"116,248,175,120,100","47,15,173,103,254",0:63:2|0:126:2|0:471:2
ckpt_3400.pt,0,261,0.42117026448249817,0.07518124580383301,0.3808772563934326,"158,101,17,207,119","134,230,203,173,239",0:50:2|0:224:2|0:379:2
ckpt_3400.pt,0,262,0.39848944544792175,0.074189692735672,0.3875381052494049,"80,167,166,78,88","154,226,80,254,89",0:159:2|0:499:2|0:696:2
ckpt_3400.pt,0,263,0.4322994351387024,0.09117560088634491,0.415823757648468,"241,140,87,206,49","208,56,254,220,66",0:42:2|0:307:2|0:469:2
ckpt_3400.pt,0,264,0.39114734530448914,0.0622234083712101,0.398719847202301,"232,5,4,160,31","13,92,103,1,240",0:95:2|0:860:2|0:2:1
ckpt_3400.pt,0,265,0.4324997365474701,0.07469124346971512,0.4328788220882416,"105,121,42,199,115","207,91,133,75,80",0:501:2|0:536:2|0:551:2
ckpt_3400.pt,0,266,0.4244464933872223,0.09137818217277527,0.4087923765182495,"67,76,73,227,218","182,23,60,66,233",0:137:2|0:156:2|0:309:2
ckpt_3400.pt,0,267,0.44614630937576294,0.08127735555171967,0.40150994062423706,"184,198,18,251,185","191,183,57,40,156",0:283:2|0:12:1|0:14:1
ckpt_3400.pt,0,268,0.38974541425704956,0.0818493440747261,0.3955792486667633,"174,29,104,99,112","150,64,144,114,118",0:153:2|0:824:2|0:900:2
ckpt_3400.pt,0,269,0.39028826355934143,0.06505800783634186,0.4084957242012024,"126,131,18,253,100","90,245,212,63,27",0:44:2|0:342:2|0:603:2
ckpt_3400.pt,0,270,0.3339022099971771,0.08190581947565079,0.3521896302700043,"10,209,39,67,104","198,0,186,26,135",0:999:3|0:309:2|0:492:2
ckpt_3400.pt,0,271,0.4255433976650238,0.07617004960775375,0.4035303294658661,"65,106,9,109,192","116,185,117,30,144",0:402:2|0:735:2|0:826:2
ckpt_3400.pt,0,272,0.4301116466522217,0.08112971484661102,0.42826902866363525,"89,54,83,146,108","85,223,165,131,64",0:598:2|0:6:1|0:12:1
ckpt_3400.pt,0,273,0.42993709444999695,0.0874125212430954,0.43254682421684265,"185,114,138,224,249","35,250,134,2,71",0:462:3|0:464:2|0:970:2
ckpt_3400.pt,0,274,0.4132886826992035,0.07880135625600815,0.4021146893501282,"76,143,216,30,72","79,29,98,84,158",0:156:2|0:622:2|0:697:2
ckpt_3400.pt,0,275,0.40873831510543823,0.08444006741046906,0.39205363392829895,"26,232,235,106,66","162,63,34,158,236",0:61:2|0:67:2|0:312:2
ckpt_3400.pt,0,276,0.4698912501335144,0.09828709810972214,0.44887134432792664,"237,104,222,69,157","11,85,79,159,46",0:516:2|0:723:2|0:1:1
ckpt_3400.pt,0,277,0.36944425106048584,0.07013317942619324,0.39275413751602173,"33,17,176,100,223","97,147,84,146,219",0:341:2|0:471:2|0:578:2
ckpt_3400.pt,0,278,0.35484424233436584,0.08114977180957794,0.3751561939716339,"41,102,32,242,198","239,247,113,192,164",0:285:2|0:602:2|0:635:2
ckpt_3400.pt,0,279,0.39115074276924133,0.0662652850151062,0.38115182518959045,"175,65,118,93,40","213,80,199,36,217",0:48:2|0:10:1|0:15:1
ckpt_3400.pt,0,280,0.41873496770858765,0.07869206368923187,0.41375088691711426,"99,139,128,78,210","11,49,51,236,46",0:152:2|0:179:2|0:663:2
ckpt_3400.pt,0,281,0.40577059984207153,0.06966039538383484,0.39712467789649963,"158,153,47,22,98","181,36,3,124,140",0:77:2|0:161:2|0:176:2
ckpt_3400.pt,0,282,0.4088694453239441,0.0687606930732727,0.3974410593509674,"28,237,182,166,255","185,174,17,140,125",0:205:2|0:509:2|0:568:2
ckpt_3400.pt,0,283,0.4199465811252594,0.07786057144403458,0.38335391879081726,"251,74,185,204,96","86,151,235,127,0",0:267:2|0:550:2|0:559:2
ckpt_3400.pt,0,284,0.41083550453186035,0.07053694874048233,0.4265333116054535,"134,153,94,15,192","95,37,53,172,17",0:96:2|0:159:2|0:576:2
ckpt_3400.pt,0,285,0.40339434146881104,0.06384057551622391,0.38921913504600525,"190,223,131,32,41","93,71,37,150,16",0:278:2|0:447:2|0:736:2
ckpt_3400.pt,0,286,0.414261132478714,0.08655311912298203,0.40168172121047974,"34,1,186,226,128","215,239,245,149,123",0:125:2|0:988:2|0:1001:2
ckpt_3400.pt,0,287,0.4383816421031952,0.07583031803369522,0.4320753216743469,"240,62,53,144,30","248,161,110,242,37",0:188:2|0:203:2|0:320:2
ckpt_3400.pt,0,288,0.33463823795318604,0.0620301328599453,0.349299818277359,"34,10,106,63,151","192,14,251,182,30",0:51:2|0:2:1|0:3:1
ckpt_3400.pt,0,289,0.399021178483963,0.06490249186754227,0.39405977725982666,"208,74,206,40,19","135,233,198,109,29",0:315:2|0:690:2|0:962:2
ckpt_3400.pt,0,290,0.38634344935417175,0.07529819756746292,0.3566592335700989,"205,235,78,197,143","123,138,182,175,212",0:25:1|0:28:1|0:35:1
ckpt_3400.pt,0,291,0.3855450749397278,0.07600660622119904,0.4204537272453308,"255,215,249,223,82","46,188,95,252,136",0:16:1|0:30:1|0:49:1
ckpt_3400.pt,0,292,0.4627443253993988,0.08622345328330994,0.44539517164230347,"178,24,0,157,167","223,240,11,166,32",0:177:3|0:1:2|0:821:2
ckpt_3400.pt,0,293,0.4288366734981537,0.069520503282547,0.4204205274581909,"236,50,232,60,24","169,231,206,136,203",0:141:2|0:306:2|0:626:2
ckpt_3400.pt,0,294,0.36994487047195435,0.07119189202785492,0.3696581721305847,"10,83,165,205,61","28,62,74,10,167",0:604:2|0:809:2|0:874:2
ckpt_3400.pt,0,295,0.4007111191749573,0.07316029071807861,0.35507386922836304,"13,152,244,101,219","56,136,216,226,251",0:180:2|0:321:2|0:843:2
ckpt_3400.pt,0,296,0.3861996829509735,0.08229131251573563,0.3850879371166229,"100,92,103,158,75","78,225,251,255,84",0:89:2|0:417:2|0:767:2
ckpt_3400.pt,0,297,0.3636314272880554,0.0673866868019104,0.37409090995788574,"41,65,39,239,211","210,78,179,20,34",0:128:2|0:461:2|0:895:2
ckpt_3400.pt,0,298,0.38282087445259094,0.07434014230966568,0.3629925549030304,"55,9,205,27,122","43,104,73,180,36",0:402:2|0:494:2|0:524:2
ckpt_3400.pt,0,299,0.468045711517334,0.10322147607803345,0.46495214104652405,"203,127,246,118,197","220,68,74,197,247",0:28:1|0:30:1|0:42:1
ckpt_3400.pt,0,300,0.418425589799881,0.08754131942987442,0.4045841693878174,"238,95,46,252,131","248,64,227,58,238",0:44:2|0:41:1|0:54:1
ckpt_3400.pt,0,301,0.42666131258010864,0.09937819838523865,0.36228999495506287,"101,227,198,24,42","173,31,58,171,122",0:426:2|0:430:2|0:527:2
ckpt_3400.pt,0,302,0.42586174607276917,0.07968667149543762,0.3993549346923828,"153,106,212,247,62","158,161,91,129,83",0:249:2|0:651:2|0:4:1
ckpt_3400.pt,0,303,0.4072747826576233,0.07583160698413849,0.39436689019203186,"251,142,77,83,60","95,137,163,193,34",0:597:2|0:598:2|0:638:2
ckpt_3400.pt,0,304,0.44841018319129944,0.1058986559510231,0.43032535910606384,"198,239,230,203,135","177,217,214,198,70",0:698:2|0:833:2|0:25:1
ckpt_3400.pt,0,305,0.4589126706123352,0.07775139808654785,0.43776702880859375,"226,233,58,24,241","248,53,4,172,148",0:90:2|0:177:2|0:189:2
ckpt_3400.pt,0,306,0.4161975681781769,0.0769687220454216,0.39825519919395447,"116,143,236,245,50","150,163,206,130,135",0:293:2|0:703:2|0:808:2
ckpt_3400.pt,0,307,0.42342671751976013,0.07148000597953796,0.3881168067455292,"140,77,241,220,4","116,102,200,188,34",0:238:2|0:263:2|0:328:2
ckpt_3400.pt,0,308,0.381200909614563,0.07886509597301483,0.3898202180862427,"136,10,240,2,25","115,64,107,73,88",0:34:2|0:102:2|0:174:2
ckpt_3400.pt,0,309,0.33570602536201477,0.07565858215093613,0.36560043692588806,"67,184,59,218,10","224,170,62,181,99",0:190:2|0:266:2|0:270:2
ckpt_3400.pt,0,310,0.4265010356903076,0.08312908560037613,0.4151228070259094,"213,138,216,156,115","113,58,173,204,102",0:501:2|0:677:2|0:691:2
ckpt_3400.pt,0,311,0.45614996552467346,0.07981495559215546,0.42939314246177673,"0,156,207,136,95","12,38,175,20,236",0:168:2|0:3:1|0:13:1
ckpt_3400.pt,0,312,0.4358636736869812,0.08922140300273895,0.4253084063529968,"232,26,67,253,200","105,0,231,134,252",0:275:2|0:321:2|0:756:2
ckpt_3400.pt,0,313,0.40215426683425903,0.08763247728347778,0.37886181473731995,"209,84,42,202,26","91,7,142,111,152",0:58:2|0:142:2|0:227:2
ckpt_3400.pt,0,314,0.3761727809906006,0.06496995687484741,0.40214502811431885,"60,99,137,188,69","134,224,66,81,58",0:390:2|0:746:2|0:802:2
ckpt_3400.pt,0,315,0.40907102823257446,0.06834426522254944,0.38313233852386475,"208,66,15,24,74","155,106,66,226,60",0:289:2|0:514:2|0:821:2
ckpt_3400.pt,0,316,0.3800767958164215,0.0686340257525444,0.3765793740749359,"254,156,19,209,43","154,204,240,147,149",0:57:2|0:486:2|0:8:1
ckpt_3400.pt,0,317,0.38694503903388977,0.07800200581550598,0.3984327018260956,"173,49,194,99,171","31,33,9,99,75",0:152:2|0:203:2|0:329:2
ckpt_3400.pt,0,318,0.39406558871269226,0.07904605567455292,0.39886391162872314,"123,136,160,33,169","25,3,22,134,238",0:155:2|0:343:2|0:440:2
ckpt_3400.pt,0,319,0.37628811597824097,0.07274600118398666,0.39253440499305725,"16,201,167,179,168","73,76,80,247,233",0:378:2|0:1:1|0:9:1
ckpt_3400.pt,0,320,0.3918513059616089,0.0856957882642746,0.39029455184936523,"30,16,246,190,144","54,222,199,196,251",0:188:2|0:287:2|0:992:2
ckpt_3400.pt,0,321,0.38992056250572205,0.06639479100704193,0.3936905860900879,"169,244,200,26,219","3,222,203,21,162",0:295:2|0:312:2|0:672:2
ckpt_3400.pt,0,322,0.41846615076065063,0.0917777568101883,0.443428635597229,"117,102,66,29,177","100,174,104,219,126",0:518:2|0:727:2|0:0:1
ckpt_3400.pt,0,323,0.3710644841194153,0.0638328269124031,0.3431117534637451,"175,158,95,99,73","58,86,176,81,138",0:18:1|0:25:1|0:41:1
ckpt_3400.pt,0,324,0.3977217972278595,0.09571001678705215,0.37460678815841675,"228,166,149,232,68","234,171,78,68,125",0:2:1|0:8:1|0:38:1
ckpt_3400.pt,0,325,0.3683556318283081,0.07228757441043854,0.3832989037036896,"205,189,175,136,206","167,112,43,172,155",0:18:2|0:185:2|0:215:2
ckpt_3400.pt,0,326,0.3868856430053711,0.06874778866767883,0.38804927468299866,"231,244,29,12,223","177,185,94,126,56",0:991:2|0:0:1|0:1:1
ckpt_3400.pt,0,327,0.45431849360466003,0.0735737532377243,0.4038928151130676,"237,243,90,6,205","145,217,231,74,25",0:726:3|0:35:2|0:381:2
ckpt_3400.pt,0,328,0.39065349102020264,0.06726257503032684,0.4064503610134125,"241,163,127,152,220","142,173,26,86,38",0:111:2|0:196:2|0:307:2
ckpt_3400.pt,0,329,0.4105268120765686,0.08068389445543289,0.39410075545310974,"115,194,143,49,37","236,5,152,38,156",0:622:3|0:203:2|0:317:2
ckpt_3400.pt,0,330,0.36888349056243896,0.08114500343799591,0.3861813247203827,"93,97,114,119,142","249,3,198,180,76",0:633:3|0:148:2|0:164:2
ckpt_3400.pt,0,331,0.37018945813179016,0.06252475827932358,0.36400389671325684,"173,177,105,71,63","214,227,247,61,37",0:5:2|0:857:2|0:2:1
ckpt_3400.pt,0,332,0.4473266303539276,0.09248749911785126,0.41562995314598083,"143,169,195,220,108","252,144,45,81,16",0:189:2|0:627:2|0:703:2
ckpt_3400.pt,0,333,0.4302579164505005,0.07639128714799881,0.4206894636154175,"138,214,232,9,255","14,153,56,19,191",0:351:2|0:353:2|0:510:2
ckpt_3400.pt,0,334,0.471560537815094,0.09203459322452545,0.40719670057296753,"212,152,54,230,204","110,171,176,247,78",0:504:2|0:6:1|0:27:1
ckpt_3400.pt,0,335,0.44415175914764404,0.08519766479730606,0.39869171380996704,"123,121,13,252,3","235,159,136,17,135",0:541:2|0:738:2|0:0:1
ckpt_3400.pt,0,336,0.42351096868515015,0.0834755152463913,0.41369932889938354,"246,90,60,11,194","252,211,128,172,179",0:365:2|0:432:2|0:507:2
ckpt_3400.pt,0,337,0.389767587184906,0.0885223001241684,0.3793051838874817,"71,119,165,221,201","231,92,200,98,94",0:347:2|0:690:2|0:775:2
ckpt_3400.pt,0,338,0.4669434428215027,0.08920643478631973,0.4050302803516388,"215,164,209,3,9","245,217,133,17,182",0:94:2|0:351:2|0:522:2
ckpt_3400.pt,0,339,0.3874208629131317,0.07193394750356674,0.3788517415523529,"50,187,207,67,134","127,120,108,141,40",0:407:2|0:589:2|0:777:2
ckpt_3400.pt,0,340,0.43545567989349365,0.08501289784908295,0.40466052293777466,"139,87,125,133,108","173,114,26,223,218",0:243:2|0:658:2|0:663:2
ckpt_3400.pt,0,341,0.38449448347091675,0.06740578263998032,0.38662758469581604,"224,17,218,100,231","183,60,11,43,136",0:277:2|0:464:2|0:471:2
ckpt_3400.pt,0,342,0.46732935309410095,0.09900502115488052,0.4304479956626892,"247,126,100,187,29","181,112,176,47,63",0:269:2|0:574:2|0:747:2
ckpt_3400.pt,0,343,0.3795322775840759,0.06833189725875854,0.3959771394729614,"231,160,37,208,169","146,248,228,159,13",0:318:2|0:594:2|0:668:2
ckpt_3400.pt,0,344,0.4050239622592926,0.06509622931480408,0.3945716321468353,"20,148,8,254,68","146,137,31,199,102",0:489:2|0:26:1|0:48:1
ckpt_3400.pt,0,345,0.40225112438201904,0.08326554298400879,0.3941279947757721,"172,167,182,41,160","39,143,206,249,136",0:605:2|0:957:2|0:1:1
ckpt_3400.pt,0,346,0.4964699149131775,0.08371636271476746,0.4133894741535187,"33,76,237,220,44","104,110,248,216,120",0:19:2|0:134:2|0:147:2
ckpt_3400.pt,0,347,0.3918696343898773,0.1007983386516571,0.35780560970306396,"165,228,235,221,185","62,208,89,35,173",0:67:2|0:206:2|0:337:2
ckpt_3400.pt,0,348,0.43734464049339294,0.07385174930095673,0.40168923139572144,"213,31,89,70,255","209,28,33,75,99",0:886:2|0:1023:2|0:6:1
ckpt_3400.pt,0,349,0.42243701219558716,0.08466578274965286,0.4154497981071472,"249,206,26,18,97","229,37,174,172,18",0:42:2|0:731:2|0:784:2
ckpt_3400.pt,0,350,0.41407665610313416,0.06430612504482269,0.4113944470882416,"144,154,40,238,24","213,211,37,87,238",0:135:2|0:141:2|0:376:2
ckpt_3400.pt,0,351,0.4141005575656891,0.06918373703956604,0.3981550335884094,"214,9,164,179,28","146,135,198,160,194",0:249:3|0:333:2|0:338:2
ckpt_3400.pt,0,352,0.41611361503601074,0.07374301552772522,0.4054137170314789,"4,91,202,136,11","90,25,181,240,58",0:95:2|0:365:2|0:816:2
ckpt_3400.pt,0,353,0.4504909813404083,0.08276619017124176,0.4458085000514984,"255,254,73,116,232","18,186,45,33,43",0:333:2|0:510:2|0:565:2
ckpt_3400.pt,0,354,0.4215632975101471,0.08546861261129379,0.4052578806877136,"229,50,80,96,20","114,152,237,228,195",0:407:2|0:715:2|0:829:2
ckpt_3400.pt,0,355,0.46716511249542236,0.08191477507352829,0.42189881205558777,"15,41,34,92,171","118,226,55,242,247",0:72:2|0:357:2|0:700:2
ckpt_3400.pt,0,356,0.4290081858634949,0.07480022311210632,0.41560301184654236,"129,215,205,134,102","119,64,107,237,48",0:182:2|0:589:2|0:930:2
ckpt_3400.pt,0,357,0.3469982147216797,0.06510065495967865,0.3547567129135132,"92,126,171,201,14","164,159,221,181,31",0:355:2|0:364:2|0:986:2
ckpt_3400.pt,0,358,0.40329766273498535,0.0751861110329628,0.4249991178512573,"41,67,113,178,228","40,137,42,197,29",0:218:3|0:631:2|0:687:2
ckpt_3400.pt,0,359,0.40002959966659546,0.07138492912054062,0.3922538161277771,"148,180,1,136,129","225,227,123,49,114",0:185:2|0:436:2|0:629:2
ckpt_3400.pt,0,360,0.3955690562725067,0.07397015392780304,0.40010887384414673,"58,38,53,155,244","64,33,180,240,104",0:906:2|0:17:1|0:20:1
ckpt_3400.pt,0,361,0.3840743899345398,0.0698704943060875,0.37570810317993164,"244,142,178,51,99","32,250,148,131,23",0:498:2|0:1019:2|0:17:1
ckpt_3400.pt,0,362,0.43087318539619446,0.08537565171718597,0.39181068539619446,"15,73,237,26,80","40,223,52,156,233",0:394:2|0:910:2|0:3:1
ckpt_3400.pt,0,363,0.41994792222976685,0.07620824128389359,0.4173460602760315,"169,187,248,104,35","93,130,218,0,74",0:540:2|0:810:2|0:870:2
ckpt_3400.pt,0,364,0.39839068055152893,0.06450948864221573,0.39273130893707275,"219,92,201,214,250","34,77,221,188,17",0:207:2|0:357:2|0:45:1
ckpt_3400.pt,0,365,0.3661288022994995,0.07279234379529953,0.3700432777404785,"136,107,34,246,11","99,154,81,74,191",0:99:2|0:336:2|0:352:2
ckpt_3400.pt,0,366,0.37247663736343384,0.06829056143760681,0.3919912576675415,"234,26,197,130,123","224,142,208,54,56",0:0:1|0:35:1|0:42:1
ckpt_3400.pt,0,367,0.4661475718021393,0.0896269753575325,0.39535659551620483,"116,2,37,71,174","26,107,237,86,227",0:37:2|0:210:2|0:682:2
ckpt_3400.pt,0,368,0.4214678406715393,0.0750465840101242,0.41772204637527466,"28,50,165,137,231","28,241,221,68,67",0:55:2|0:74:2|0:113:2
ckpt_3400.pt,0,369,0.4018336832523346,0.07895917445421219,0.3935907185077667,"63,44,232,118,224","166,35,87,86,27",0:2:3|0:954:2|0:5:1
ckpt_3400.pt,0,370,0.3958671987056732,0.06365590542554855,0.36825308203697205,"240,56,205,135,50","88,82,216,152,112",0:710:2|0:829:2|0:947:2
ckpt_3400.pt,0,371,0.3710959255695343,0.07457675784826279,0.3595843017101288,"243,71,33,112,45","140,118,172,34,204",0:155:2|0:458:2|0:819:2
ckpt_3400.pt,0,372,0.4627397954463959,0.07243212312459946,0.4051637053489685,"254,77,133,237,62","147,189,165,221,41",0:550:2|0:679:2|0:722:2
ckpt_3400.pt,0,373,0.3881165683269501,0.07112164795398712,0.375892698764801,"63,9,21,17,139","224,77,5,146,58",0:428:2|0:524:2|0:735:2
ckpt_3400.pt,0,374,0.42997488379478455,0.09580277651548386,0.397707998752594,"43,255,14,5,230","171,122,97,54,250",0:49:2|0:565:2|0:580:2
ckpt_3400.pt,0,375,0.4043079614639282,0.06424128264188766,0.4293704032897949,"86,213,176,159,56","215,16,57,124,34",0:131:2|0:410:2|0:772:2
ckpt_3400.pt,0,376,0.3963533937931061,0.07093800604343414,0.3911169767379761,"154,185,192,24,110","89,167,32,20,98",0:350:2|0:802:2|0:0:1
ckpt_3400.pt,0,377,0.4166506826877594,0.07779094576835632,0.4194315969944,"233,33,10,120,101","78,211,238,130,86",0:463:2|0:870:2|0:11:1
ckpt_3400.pt,0,378,0.43648210167884827,0.0815495029091835,0.39244189858436584,"159,44,179,201,38","205,237,62,170,185",0:319:2|0:390:2|0:707:2
ckpt_3400.pt,0,379,0.46196189522743225,0.10068954527378082,0.42718908190727234,"41,30,101,17,36","58,37,124,173,211",0:24:2|0:224:2|0:261:2
ckpt_3400.pt,0,380,0.45019716024398804,0.09698125720024109,0.43628767132759094,"143,206,80,124,137","235,57,246,131,123",0:687:2|0:785:2|0:1020:2
ckpt_3400.pt,0,381,0.45102357864379883,0.0898718312382698,0.4101592004299164,"237,145,70,35,90","232,118,29,67,173",0:145:2|0:327:2|0:540:2
ckpt_3400.pt,0,382,0.3970518112182617,0.09171734750270844,0.3843584954738617,"12,114,68,45,111","1,94,213,149,86",0:754:2|0:987:2|0:1:1
ckpt_3400.pt,0,383,0.4416370987892151,0.08285501599311829,0.393210768699646,"185,95,227,228,137","234,139,33,249,207",0:347:2|0:975:2|0:12:1
ckpt_3400.pt,0,384,0.4309743642807007,0.07388564199209213,0.4007077217102051,"34,7,125,146,153","204,26,31,161,144",0:19:2|0:71:2|0:222:2
ckpt_3400.pt,0,385,0.3919437527656555,0.07330778241157532,0.4054831564426422,"63,116,220,152,23","226,78,82,192,60",0:47:2|0:328:2|0:523:2
ckpt_3400.pt,0,386,0.4350917339324951,0.07899849861860275,0.42870253324508667,"255,79,179,3,113","110,129,247,23,63",0:55:2|0:139:2|0:508:2
ckpt_3400.pt,0,387,0.4073066711425781,0.0599437840282917,0.4108946919441223,"26,64,184,171,58","230,94,251,231,11",0:28:1|0:51:1|0:61:1
ckpt_3400.pt,0,388,0.4022010564804077,0.09323848783969879,0.45498621463775635,"96,128,220,62,179","204,233,71,242,82",0:7:2|0:149:2|0:249:2
ckpt_3400.pt,0,389,0.4284857511520386,0.12464464455842972,0.3958061933517456,"80,163,74,179,244","181,254,156,238,189",0:425:2|0:823:2|0:0:1
ckpt_3400.pt,0,390,0.417371928691864,0.0740928202867508,0.3916544020175934,"60,211,159,179,99","154,251,218,183,245",0:237:2|0:314:2|0:378:2
ckpt_3400.pt,0,391,0.4083978831768036,0.07670245319604874,0.4233584403991699,"204,89,10,171,203","194,142,166,88,235",0:12:1|0:13:1|0:16:1
ckpt_3400.pt,0,392,0.4580804109573364,0.0738966092467308,0.39606842398643494,"47,2,105,106,44","54,242,250,16,8",0:97:2|0:244:2|0:423:2
ckpt_3400.pt,0,393,0.40070730447769165,0.06671687960624695,0.3782248795032501,"16,153,69,43,11","195,99,169,118,28",0:111:2|0:486:2|0:9:1
ckpt_3400.pt,0,394,0.44021549820899963,0.07457512617111206,0.43318161368370056,"99,250,237,80,64","78,242,42,184,59",0:152:2|0:153:2|0:362:2
ckpt_3400.pt,0,395,0.42559850215911865,0.09712577611207962,0.3932563066482544,"14,66,216,59,215","95,54,224,34,8",0:259:2|0:440:2|0:624:2
ckpt_3400.pt,0,396,0.43464499711990356,0.0811331644654274,0.4130688011646271,"241,240,216,80,43","174,150,55,89,138",0:456:2|0:580:2|0:621:2
ckpt_3400.pt,0,397,0.3873966932296753,0.07194583863019943,0.3841928243637085,"78,111,129,91,199","251,190,197,167,99",0:685:2|0:12:1|0:14:1
ckpt_3400.pt,0,398,0.35493871569633484,0.06512822210788727,0.3620409667491913,"84,119,131,186,229","65,30,209,101,254",0:694:2|0:5:1|0:7:1
ckpt_3400.pt,0,399,0.43244117498397827,0.09011390805244446,0.39947590231895447,"78,218,189,200,110","62,77,203,107,219",0:661:2|0:11:1|0:18:1
ckpt_3400.pt,0,400,0.42882245779037476,0.08949659764766693,0.4077671468257904,"119,33,237,225,99","201,39,82,143,220",0:346:2|0:394:2|0:443:2
ckpt_3400.pt,0,401,0.45367899537086487,0.0923297256231308,0.42337509989738464,"168,147,135,235,113","17,205,248,191,25",0:909:2|0:971:2|0:5:1
ckpt_3400.pt,0,402,0.39606040716171265,0.07286633551120758,0.404756635427475,"65,4,122,9,167","207,215,2,0,240",0:271:2|0:298:2|0:735:2
ckpt_3400.pt,0,403,0.42566996812820435,0.07260414958000183,0.42788439989089966,"18,173,221,195,123","156,117,207,239,151",0:123:2|0:827:2|0:0:1
ckpt_3400.pt,0,404,0.4719673693180084,0.07650408148765564,0.41365790367126465,"36,222,126,88,227","54,43,98,228,108",0:70:2|0:650:2|0:780:2
ckpt_3400.pt,0,405,0.3632044196128845,0.07926365733146667,0.36295685172080994,"191,198,20,109,69","159,167,47,16,103",0:596:2|0:9:1|0:10:1
ckpt_3400.pt,0,406,0.39793744683265686,0.06504638493061066,0.3774227201938629,"102,122,137,71,216","140,15,215,72,51",0:634:2|0:783:2|0:830:2
ckpt_3400.pt,0,407,0.3948071599006653,0.08716850727796555,0.39458727836608887,"187,159,50,229,51","68,162,196,27,128",0:242:2|0:339:2|0:354:2
ckpt_3400.pt,0,408,0.45849183201789856,0.0800752118229866,0.4111018478870392,"107,145,125,20,67","53,236,30,143,27",0:56:2|0:110:2|0:11:1
ckpt_3400.pt,0,409,0.4466402232646942,0.08579625934362411,0.39681920409202576,"236,191,170,33,127","254,60,121,33,65",0:575:2|0:626:2|0:10:1
ckpt_3400.pt,0,410,0.4070042073726654,0.08030115067958832,0.389072984457016,"99,56,124,204,213","255,99,38,248,28",0:375:2|0:846:2|0:6:1
ckpt_3400.pt,0,411,0.4542745053768158,0.0952778235077858,0.4194072186946869,"212,83,215,127,196","123,179,216,229,195",0:613:2|0:1010:2|0:21:1
ckpt_3400.pt,0,412,0.4811755418777466,0.09642178565263748,0.4533803164958954,"81,162,60,174,217","110,66,228,250,61",0:141:2|0:3:1|0:8:1
ckpt_3400.pt,0,413,0.4106411039829254,0.09063755720853806,0.3904050886631012,"144,104,164,180,81","87,209,201,92,39",0:185:2|0:243:2|0:469:2
ckpt_3400.pt,0,414,0.3882417380809784,0.05943090841174126,0.4116417169570923,"167,7,11,174,222","88,177,203,110,92",0:71:2|0:475:2|0:486:2
ckpt_3400.pt,0,415,0.40436556935310364,0.07093764841556549,0.38461628556251526,"53,158,235,0,29","242,187,97,100,78",0:75:2|0:170:2|0:173:2
ckpt_3400.pt,0,416,0.4679194986820221,0.07795591652393341,0.3912231922149658,"27,145,150,138,140","0,116,100,6,157",0:175:2|0:2:1|0:8:1
ckpt_3400.pt,0,417,0.4778265953063965,0.08336786925792694,0.4396090507507324,"75,133,158,3,206","183,47,73,217,235",0:53:2|0:296:2|0:512:2
ckpt_3400.pt,0,418,0.4090273678302765,0.08126846700906754,0.3946450650691986,"84,141,202,44,10","110,33,152,176,151",0:227:2|0:244:2|0:313:2
ckpt_3400.pt,0,419,0.43868207931518555,0.09201020747423172,0.4218764901161194,"204,66,159,91,18","204,69,29,134,130",0:782:2|0:984:2|0:12:1
ckpt_3400.pt,0,420,0.4038315415382385,0.07246614992618561,0.4041213095188141,"3,155,183,249,62","237,151,138,224,84",0:105:2|0:542:2|0:546:2
ckpt_3400.pt,0,421,0.40949365496635437,0.06920581310987473,0.4021952152252197,"3,135,192,47,112","90,27,34,28,142",0:694:2|0:724:2|0:23:1
ckpt_3400.pt,0,422,0.4056161642074585,0.06609369814395905,0.40386316180229187,"130,181,252,134,55","47,133,98,89,35",0:237:2|0:914:2|0:29:1
ckpt_3400.pt,0,423,0.3987405300140381,0.07588665932416916,0.37909698486328125,"101,126,47,106,169","194,240,223,1,230",0:84:2|0:392:2|0:959:2
ckpt_3400.pt,0,424,0.46793538331985474,0.08786926418542862,0.44126948714256287,"89,44,247,17,164","230,211,119,11,164",0:651:2|0:932:2|0:935:2
ckpt_3400.pt,0,425,0.4515860676765442,0.0886353850364685,0.4005779027938843,"80,18,74,23,29","124,168,61,104,145",0:154:2|0:256:2|0:389:2
ckpt_3400.pt,0,426,0.38737305998802185,0.08612216264009476,0.3636792302131653,"253,137,198,74,42","58,243,102,240,189",0:186:2|0:301:2|0:551:2
ckpt_3400.pt,0,427,0.3950890600681305,0.07667364180088043,0.3792499005794525,"181,67,196,98,53","12,130,127,181,62",0:43:2|0:618:2|0:655:2
ckpt_3400.pt,0,428,0.43298500776290894,0.07660948485136032,0.39273399114608765,"63,107,216,9,133","111,217,57,105,131",0:373:2|0:608:2|0:762:2
ckpt_3400.pt,0,429,0.3947027325630188,0.06878423690795898,0.38710886240005493,"19,26,166,202,162","194,45,141,154,188",0:313:2|0:753:2|0:844:2
ckpt_3400.pt,0,430,0.40244564414024353,0.06597811728715897,0.4112603962421417,"35,24,103,52,198","76,153,45,49,50",0:301:2|0:552:2|0:26:1
ckpt_3400.pt,0,431,0.455037385225296,0.07952708005905151,0.426827996969223,"89,210,165,3,159","232,53,177,195,228",0:104:3|0:506:2|0:604:2
ckpt_3400.pt,0,432,0.41884300112724304,0.07886894792318344,0.4261281490325928,"185,60,214,90,21","219,234,19,249,222",0:115:2|0:336:2|0:652:2
ckpt_3400.pt,0,433,0.4085226356983185,0.07300108671188354,0.40328383445739746,"156,31,12,188,106","40,232,73,64,151",0:507:2|0:812:2|0:1:1
ckpt_3400.pt,0,434,0.4202236235141754,0.08242680132389069,0.38694828748703003,"75,44,115,252,117","219,113,45,137,191",0:449:2|0:711:2|0:2:1
ckpt_3400.pt,0,435,0.41124582290649414,0.06958909332752228,0.4089522361755371,"64,134,76,180,25","156,223,194,48,231",0:83:2|0:137:2|0:138:2
ckpt_3400.pt,0,436,0.40602126717567444,0.07551537454128265,0.4157363474369049,"148,216,24,237,180","32,213,70,136,249",0:359:2|0:580:2|0:17:1
ckpt_3400.pt,0,437,0.4391655921936035,0.09127708524465561,0.41580748558044434,"218,220,151,179,181","12,248,28,135,223",0:388:2|0:478:2|0:539:2
ckpt_3400.pt,0,438,0.4480594992637634,0.08281586319208145,0.4304553270339966,"248,217,181,30,210","64,204,14,121,154",0:43:2|0:165:2|0:450:2
ckpt_3400.pt,0,439,0.42509880661964417,0.07876484841108322,0.40807387232780457,"36,241,173,69,207","183,11,33,73,14",0:593:2|0:802:2|0:3:1
ckpt_3400.pt,0,440,0.42376238107681274,0.07734230160713196,0.4153193235397339,"160,136,56,66,14","231,20,206,228,56",0:102:3|0:259:2|0:318:2
ckpt_3400.pt,0,441,0.40328559279441833,0.07732290774583817,0.39702484011650085,"184,34,114,209,248","198,168,69,132,7",0:464:2|0:515:2|0:581:2
ckpt_3400.pt,0,442,0.41749677062034607,0.0682634562253952,0.41975024342536926,"116,44,10,65,15","160,170,117,131,218",0:10:2|0:143:2|0:418:2
ckpt_3400.pt,0,443,0.4204361140727997,0.08658657968044281,0.40778848528862,"237,205,242,225,97","83,27,202,205,132",0:327:2|0:400:2|0:667:2
ckpt_3400.pt,0,444,0.42863979935646057,0.09141324460506439,0.40775972604751587,"196,159,81,92,125","56,224,53,128,115",0:85:2|0:728:2|0:976:2
ckpt_3400.pt,0,445,0.40864965319633484,0.06688749045133591,0.3948196768760681,"125,253,31,57,233","94,82,63,61,131",0:106:2|0:171:2|0:1:1
ckpt_3400.pt,0,446,0.400147020816803,0.07258690893650055,0.3709435760974884,"104,150,9,64,175","70,59,145,152,125",0:211:2|0:609:2|0:918:2
ckpt_3400.pt,0,447,0.4046337604522705,0.0864643082022667,0.3879982829093933,"31,190,69,131,98","53,245,90,1,88",0:107:2|0:228:2|0:285:2
ckpt_3400.pt,0,448,0.39406344294548035,0.07973647862672806,0.4048905074596405,"96,232,119,172,150","60,137,159,128,75",0:2:1|0:7:1|0:8:1
ckpt_3400.pt,0,449,0.4212390184402466,0.06983938813209534,0.4161825180053711,"75,223,44,59,213","25,116,246,220,82",0:143:2|0:434:2|0:549:2
ckpt_3400.pt,0,450,0.39724406599998474,0.08616859465837479,0.38991880416870117,"241,30,248,185,163","181,42,125,60,185",0:165:2|0:206:2|0:328:2
ckpt_3400.pt,0,451,0.42034563422203064,0.0863836407661438,0.4143543839454651,"213,231,13,135,98","236,7,226,72,211",0:31:2|0:984:2|0:1006:2
ckpt_3400.pt,0,452,0.4393284022808075,0.10094241052865982,0.3725726008415222,"40,62,229,13,180","45,119,170,67,234",0:604:2|0:4:1|0:11:1
ckpt_3400.pt,0,453,0.45157477259635925,0.09382238984107971,0.42085906863212585,"219,124,114,159,241","60,116,55,39,65",0:520:2|0:772:2|0:19:1
ckpt_3400.pt,0,454,0.46626752614974976,0.09641037881374359,0.4342614710330963,"82,144,165,9,253","55,124,78,66,64",0:709:2|0:1:1|0:4:1
ckpt_3400.pt,0,455,0.4095347821712494,0.07147955149412155,0.41214504837989807,"248,167,221,67,225","188,143,21,150,46",0:66:2|0:232:2|0:637:2
ckpt_3400.pt,0,456,0.43814781308174133,0.08159981667995453,0.3746057152748108,"43,240,105,21,40","102,56,12,47,28",0:226:2|0:396:2|0:639:2
ckpt_3400.pt,0,457,0.3914744555950165,0.07364018261432648,0.40419360995292664,"120,254,191,66,249","242,169,199,228,100",0:640:2|0:881:2|0:10:1
ckpt_3400.pt,0,458,0.4301595091819763,0.1121666207909584,0.38985270261764526,"112,52,243,238,196","17,222,125,55,185",0:371:2|0:623:2|0:34:1
ckpt_3400.pt,0,459,0.43307730555534363,0.0937415212392807,0.4235934615135193,"42,174,46,157,232","157,152,111,165,28",0:725:2|0:879:2|0:960:2
ckpt_3400.pt,0,460,0.3804905116558075,0.07809419184923172,0.38394537568092346,"122,147,123,85,50","66,113,122,237,98",0:482:2|0:0:1|0:18:1
ckpt_3400.pt,0,461,0.41771262884140015,0.1055159866809845,0.40142881870269775,"39,182,65,230,108","130,192,48,14,239",0:297:2|0:27:1|0:33:1
ckpt_3400.pt,0,462,0.4384253919124603,0.07482755184173584,0.4311719536781311,"91,224,185,83,249","173,217,215,17,247",0:273:3|0:12:2|0:61:2
ckpt_3400.pt,0,463,0.4329327642917633,0.07250777631998062,0.41142821311950684,"194,224,29,33,233","145,143,235,238,88",0:377:2|0:0:1|0:11:1
ckpt_3400.pt,0,464,0.4595464766025543,0.08342147618532181,0.41878044605255127,"231,76,114,224,184","174,129,101,140,166",0:83:2|0:273:2|0:341:2
ckpt_3400.pt,0,465,0.43211618065834045,0.09062161296606064,0.4228105843067169,"119,204,173,189,90","104,98,17,146,89",0:485:2|0:775:2|0:807:2
ckpt_3400.pt,0,466,0.4355868995189667,0.08221188187599182,0.42479535937309265,"198,151,149,59,177","142,155,3,7,185",0:181:2|0:602:2|0:3:1
ckpt_3400.pt,0,467,0.421293169260025,0.07812747359275818,0.403851717710495,"32,151,25,110,126","243,143,72,87,224",0:758:2|0:959:2|0:3:1
ckpt_3400.pt,0,468,0.3851320743560791,0.08274619281291962,0.39269161224365234,"123,14,143,177,131","110,64,69,167,117",0:479:2|0:622:2|0:888:2
ckpt_3400.pt,0,469,0.4384300112724304,0.08769677579402924,0.44899818301200867,"164,81,141,206,140","220,101,50,32,40",0:228:2|0:263:2|0:413:2
ckpt_3400.pt,0,470,0.38301703333854675,0.07163418084383011,0.3731463551521301,"83,129,18,210,163","22,119,192,102,51",0:782:2|0:842:2|0:0:1
ckpt_3400.pt,0,471,0.5272645950317383,0.11953926831483841,0.4435904622077942,"17,27,248,174,100","9,122,254,85,210",0:114:2|0:171:2|0:260:2
ckpt_3400.pt,0,472,0.3531559407711029,0.06976475566625595,0.3399162292480469,"218,86,203,216,144","193,99,172,240,106",0:156:2|0:215:2|0:528:2
ckpt_3400.pt,0,473,0.3750484883785248,0.06756776571273804,0.3825857639312744,"213,194,226,32,219","78,83,106,254,69",0:590:2|0:1007:2|0:6:1
ckpt_3400.pt,0,474,0.39568454027175903,0.0707828551530838,0.4117432236671448,"76,91,86,165,64","166,120,159,228,96",0:117:2|0:137:2|0:138:2
ckpt_3400.pt,0,475,0.43161600828170776,0.09008657187223434,0.42515242099761963,"164,57,240,11,222","75,113,59,251,55",0:414:2|0:525:2|0:749:2
ckpt_3400.pt,0,476,0.4089369773864746,0.07768763601779938,0.4040054380893707,"37,46,97,209,13","173,30,7,61,199",0:480:2|0:581:2|0:714:2
ckpt_3400.pt,0,477,0.39378416538238525,0.060751959681510925,0.38042011857032776,"106,90,143,53,226","240,26,59,89,11",0:73:2|0:507:2|0:972:2
ckpt_3400.pt,0,478,0.4320075213909149,0.07727915793657303,0.4484585225582123,"151,145,96,179,195","218,168,26,207,148",0:149:2|0:388:2|0:437:2
ckpt_3400.pt,0,479,0.42166921496391296,0.07768262922763824,0.42237216234207153,"209,242,207,177,123","213,122,109,233,250",0:157:2|0:468:2|0:562:2
ckpt_3400.pt,0,480,0.4141677916049957,0.07465576380491257,0.40267476439476013,"64,133,13,234,209","213,240,189,188,90",0:94:2|0:476:2|0:8:1
ckpt_3400.pt,0,481,0.39282479882240295,0.08716636151075363,0.41096532344818115,"99,80,71,114,153","104,156,120,229,112",0:129:2|0:152:2|0:167:2
ckpt_3400.pt,0,482,0.39066094160079956,0.06755677610635757,0.37727078795433044,"69,122,50,23,25","150,209,74,72,142",0:9:2|0:460:2|0:18:1
ckpt_3400.pt,0,483,0.4119102954864502,0.08442947268486023,0.4255675971508026,"126,180,225,138,176","249,74,117,51,193",0:17:1|0:44:1|0:53:1
ckpt_3400.pt,0,484,0.4028666317462921,0.07258244603872299,0.40986600518226624,"165,98,228,16,218","5,122,255,59,101",0:347:2|0:526:2|0:4:1
ckpt_3400.pt,0,485,0.4203377664089203,0.0860716700553894,0.3973695635795593,"139,189,184,119,102","233,44,248,117,76",0:465:2|0:855:2|0:7:1
ckpt_3400.pt,0,486,0.4011564552783966,0.06842716783285141,0.3903329372406006,"77,43,11,167,209","77,247,235,108,107",0:316:2|0:393:2|0:414:2
ckpt_3400.pt,0,487,0.3570255935192108,0.060832854360342026,0.3921617865562439,"68,231,242,144,250","27,198,39,96,114",0:135:2|0:905:2|0:2:1
ckpt_3400.pt,0,488,0.4058261215686798,0.07860009372234344,0.4063377380371094,"80,87,227,212,189","139,140,56,38,52",0:651:2|0:743:2|0:1003:2
ckpt_3400.pt,0,489,0.407539039850235,0.07917923480272293,0.3822089731693268,"8,94,236,199,254","123,171,191,193,124",0:251:2|0:344:2|0:6:1
ckpt_3400.pt,0,490,0.404205322265625,0.08125686645507812,0.39229363203048706,"251,203,80,114,154","131,108,27,129,166",0:481:2|0:517:2|0:558:2
ckpt_3400.pt,0,491,0.3658369183540344,0.07010944932699203,0.3480375111103058,"160,115,64,222,14","186,190,9,225,219",0:440:2|0:933:2|0:4:1
ckpt_3400.pt,0,492,0.42211493849754333,0.06527793407440186,0.4101317524909973,"104,179,39,75,18","223,124,191,136,253",0:270:2|0:999:2|0:23:1
ckpt_3400.pt,0,493,0.3898855745792389,0.06807434558868408,0.3993894159793854,"5,146,113,139,197","103,95,138,250,100",0:140:2|0:781:2|0:5:1
ckpt_3400.pt,0,494,0.43901124596595764,0.08846159279346466,0.42388132214546204,"219,64,122,205,79","245,147,171,10,220",0:138:2|0:180:2|0:298:2
ckpt_3400.pt,0,495,0.40934985876083374,0.07425512373447418,0.3978445529937744,"182,179,53,29,128","190,122,189,176,196",0:225:2|0:388:2|0:415:2
ckpt_3400.pt,0,496,0.3909139037132263,0.07461322844028473,0.36879998445510864,"124,144,209,45,188","174,48,74,221,70",0:243:2|0:8:1|0:29:1
ckpt_3400.pt,0,497,0.39877086877822876,0.06406272202730179,0.3601629137992859,"40,17,251,2,87","7,29,177,207,83",0:174:2|0:517:2|0:721:2
ckpt_3400.pt,0,498,0.41814491152763367,0.0751434713602066,0.38246458768844604,"178,87,237,51,137","115,152,213,12,241",0:361:2|0:1019:2|0:19:1
ckpt_3400.pt,0,499,0.4311252236366272,0.07901568710803986,0.37016817927360535,"49,103,64,88,167","154,61,100,213,27",0:262:2|0:605:2|0:696:2
ckpt_3400.pt,0,500,0.3941495716571808,0.062282465398311615,0.4277399182319641,"198,75,30,210,53","51,81,230,226,57",0:287:2|0:438:2|0:1022:2
ckpt_3400.pt,0,501,0.360564261674881,0.06854934245347977,0.37988191843032837,"115,134,216,123,105","52,102,127,76,59",0:265:2|0:310:2|0:536:2
ckpt_3400.pt,0,502,0.3813309073448181,0.059889309108257294,0.39455297589302063,"209,233,131,16,77","62,25,227,18,236",0:486:2|0:8:1|0:11:1
ckpt_3400.pt,0,503,0.4210861623287201,0.07612165063619614,0.38669195771217346,"87,4,152,39,92","105,250,84,60,175",0:91:2|0:14:1|0:40:1
ckpt_3400.pt,0,504,0.4022052586078644,0.06966289132833481,0.38613173365592957,"52,54,9,125,204","160,20,125,237,191",0:334:2|0:552:2|0:6:1
ckpt_3400.pt,0,505,0.41571927070617676,0.07515743374824524,0.40817153453826904,"122,38,88,83,133","40,59,215,73,145",0:92:3|0:675:2|0:754:2
ckpt_3400.pt,0,506,0.41787293553352356,0.08116591721773148,0.39236992597579956,"211,149,89,165,74","89,25,227,231,128",0:431:2|0:602:2|0:604:2
ckpt_3400.pt,0,507,0.40909862518310547,0.0757446214556694,0.4052523970603943,"246,12,143,106,11","82,126,73,124,240",0:93:2|0:336:2|0:365:2
ckpt_3400.pt,0,508,0.41492030024528503,0.08284655213356018,0.4295671284198761,"3,179,15,103,109","237,214,181,22,67",0:386:2|0:512:2|0:898:2
ckpt_3400.pt,0,509,0.4018681049346924,0.07412293553352356,0.389781653881073,"181,237,160,255,217","35,145,181,11,182",0:282:2|0:438:2|0:679:2
ckpt_3400.pt,0,510,0.38679027557373047,0.08830248564481735,0.36017850041389465,"232,194,49,255,106","202,217,159,214,29",0:129:2|0:160:2|0:203:2
ckpt_3400.pt,0,511,0.3613094985485077,0.0667567253112793,0.37725967168807983,"119,82,36,42,168","245,169,24,242,17",0:58:2|0:164:2|0:703:2
ckpt_3400.pt,0,512,0.47323310375213623,0.08872205764055252,0.43725380301475525,"158,205,140,3,15","18,33,125,111,62",0:25:2|0:53:2|0:417:2
ckpt_3400.pt,0,513,0.43061313033103943,0.09076882898807526,0.4064396023750305,"71,219,44,253,107","55,94,153,81,113",0:207:2|0:682:2|0:1:1
ckpt_3400.pt,0,514,0.3284952938556671,0.06424303352832794,0.34933364391326904,"234,139,246,208,15","172,239,68,249,184",0:315:2|0:745:2|0:757:2
ckpt_3400.pt,0,515,0.4340795874595642,0.08552958816289902,0.3952333331108093,"114,209,212,183,236","19,152,155,90,69",0:94:2|0:441:2|0:836:2
ckpt_3400.pt,0,516,0.42137977480888367,0.07096545398235321,0.41638481616973877,"104,107,157,202,54","178,214,235,142,217",0:15:2|0:99:2|0:276:2
ckpt_3400.pt,0,517,0.41740912199020386,0.08134769648313522,0.4214398264884949,"80,28,17,251,141","97,235,16,131,156",0:490:2|0:497:2|0:554:2
ckpt_3400.pt,0,518,0.44434887170791626,0.08836574852466583,0.4052965044975281,"26,194,177,11,102","219,93,61,194,134",0:322:2|0:336:2|0:10:1
ckpt_3400.pt,0,519,0.3690992593765259,0.0697856992483139,0.38146740198135376,"217,142,228,177,42","85,89,234,83,30",0:3:1|0:11:1|0:16:1
ckpt_3400.pt,0,520,0.39568108320236206,0.0714813768863678,0.36466825008392334,"241,114,125,113,190","107,57,205,41,21",0:188:2|0:211:2|0:453:2
ckpt_3400.pt,0,521,0.4242252707481384,0.06942933797836304,0.40244340896606445,"176,162,161,35,14","91,47,102,115,59",0:939:2|0:4:1|0:25:1
ckpt_3400.pt,0,522,0.464481383562088,0.0921715497970581,0.41076016426086426,"98,209,215,237,159","102,79,142,194,99",0:917:3|0:19:2|0:193:2
ckpt_3400.pt,0,523,0.4111413061618805,0.07904916256666183,0.377815306186676,"152,203,85,79,220","255,1,253,15,216",0:63:2|0:328:2|0:385:2
ckpt_3400.pt,0,524,0.4159538745880127,0.06780903786420822,0.39329785108566284,"21,247,27,11,9","185,233,197,37,140",0:114:2|0:298:2|0:373:2
ckpt_3400.pt,0,525,0.42543458938598633,0.09494196623563766,0.4154990017414093,"1,222,96,11,40","88,73,60,40,164",0:48:2|0:192:2|0:414:2
ckpt_3400.pt,0,526,0.4265623390674591,0.09476121515035629,0.39715903997421265,"98,84,165,180,47","134,230,127,184,38",0:161:2|0:281:2|0:484:2
ckpt_3400.pt,0,527,0.47505149245262146,0.09004384279251099,0.4235811233520508,"42,216,153,57,101","170,231,42,12,208",0:301:2|0:645:2|0:11:1
ckpt_3400.pt,0,528,0.3692891597747803,0.06546761840581894,0.36692389845848083,"144,89,173,216,35","108,190,56,211,159",0:215:2|0:472:2|0:651:2
ckpt_3400.pt,0,529,0.413945734500885,0.08513977378606796,0.41704240441322327,"163,169,237,174,79","233,133,213,164,130",0:532:2|0:584:2|0:964:2
ckpt_3400.pt,0,530,0.4203707277774811,0.0722070261836052,0.39143773913383484,"130,210,205,220,166","137,108,13,28,128",0:35:2|0:105:2|0:871:2
ckpt_3400.pt,0,531,0.42954155802726746,0.08424636721611023,0.39679133892059326,"160,81,111,173,48","162,46,163,174,73",0:755:2|0:860:2|0:1009:2
ckpt_3400.pt,0,532,0.44900423288345337,0.08554382622241974,0.41710665822029114,"130,0,4,79,163","46,239,250,67,15",0:201:2|0:529:2|0:744:2
ckpt_3400.pt,0,533,0.4271406829357147,0.07913170754909515,0.4398920238018036,"30,217,163,48,122","107,181,19,196,220",0:209:2|0:438:2|0:450:2
ckpt_3400.pt,0,534,0.3897509276866913,0.08023800700902939,0.3630598783493042,"85,111,158,226,168","46,100,47,243,211",0:176:2|0:189:2|0:764:2
ckpt_3400.pt,0,535,0.4211662709712982,0.07639238238334656,0.4062536954879761,"248,26,185,159,168","197,129,74,102,89",0:67:2|0:131:2|0:450:2
ckpt_3400.pt,0,536,0.4148414731025696,0.09519997239112854,0.39531373977661133,"105,8,188,115,238","91,252,84,213,211",0:26:2|0:265:2|0:501:2
ckpt_3400.pt,0,537,0.4014025628566742,0.07995498180389404,0.4009247422218323,"172,60,147,158,117","95,177,223,85,237",0:21:2|0:75:2|0:232:2
ckpt_3400.pt,0,538,0.4226510524749756,0.07616274058818817,0.39561864733695984,"225,29,191,246,140","181,163,145,194,63",0:62:2|0:659:2|0:0:1
ckpt_3400.pt,0,539,0.4070916175842285,0.07938656955957413,0.37303370237350464,"185,220,179,172,246","145,48,240,235,110",0:388:2|0:437:2|0:7:1
ckpt_3400.pt,0,540,0.3952028155326843,0.07731186598539352,0.35582104325294495,"223,248,35,237,240","158,70,14,100,81",0:363:2|0:381:2|0:19:1
ckpt_3400.pt,0,541,0.4424093961715698,0.08959050476551056,0.4316585063934326,"0,13,166,121,120","30,174,245,90,229",0:101:2|0:335:2|0:5:1
ckpt_3400.pt,0,542,0.39572468400001526,0.07363486289978027,0.40319788455963135,"169,230,183,3,177","171,99,50,81,84",0:27:2|0:420:2|0:766:2
ckpt_3400.pt,0,543,0.4243033528327942,0.08430405706167221,0.4216281473636627,"130,183,100,231,31","195,78,140,137,244",0:341:2|0:982:2|0:2:1
ckpt_3400.pt,0,544,0.4069228172302246,0.08071216195821762,0.41474437713623047,"254,213,177,168,112","91,152,248,184,6",0:79:2|0:555:2|0:564:2
ckpt_3400.pt,0,545,0.4177136719226837,0.07141300290822983,0.4316389262676239,"38,188,202,5,63","86,229,179,52,114",0:948:2|0:2:1|0:5:1
ckpt_3400.pt,0,546,0.42134734988212585,0.07277782261371613,0.41418159008026123,"203,249,163,62,240","77,80,86,219,175",0:287:2|0:420:2|0:873:2
ckpt_3400.pt,0,547,0.44156262278556824,0.08537205308675766,0.4086839258670807,"117,111,202,65,218","45,177,237,56,0",0:32:1|0:45:1|0:66:1
ckpt_3400.pt,0,548,0.45094820857048035,0.07950834929943085,0.4185972809791565,"186,170,158,53,41","45,107,217,199,202",0:199:2|0:201:2|0:415:2
ckpt_3400.pt,0,549,0.44849076867103577,0.08380191773176193,0.44058021903038025,"223,59,211,226,141","245,178,23,156,205",0:128:2|0:135:2|0:449:2
ckpt_3400.pt,0,550,0.3917771279811859,0.06242382526397705,0.38482463359832764,"133,62,185,47,74","179,224,3,14,52",0:77:2|0:98:2|0:283:2
ckpt_3400.pt,0,551,0.3512111306190491,0.06649339944124222,0.36234867572784424,"105,137,139,111,42","135,132,47,62,113",0:265:2|0:426:2|0:860:2
ckpt_3400.pt,0,552,0.4008764326572418,0.08122508972883224,0.407535582780838,"52,204,35,80,5","235,153,125,89,145",0:39:2|0:430:2|0:504:2
ckpt_3400.pt,0,553,0.41155168414115906,0.08009158074855804,0.36586499214172363,"234,155,39,198,94","208,237,244,58,221",0:6:1|0:60:1|0:76:1
ckpt_3400.pt,0,554,0.419260174036026,0.09025402367115021,0.4137572944164276,"222,251,28,119,153","61,165,219,69,47",0:74:2|0:234:2|0:517:2
ckpt_3400.pt,0,555,0.4106604754924774,0.0755046084523201,0.37895968556404114,"213,42,20,211,112","226,14,115,216,213",0:544:2|0:590:2|0:702:2
ckpt_3400.pt,0,556,0.3936060965061188,0.08176447451114655,0.3865256607532501,"82,226,4,244,27","89,73,116,65,134",0:1013:2|0:2:1|0:14:1
ckpt_3400.pt,0,557,0.3809956908226013,0.07455580681562424,0.3692795932292938,"241,121,214,22,245","60,127,236,255,20",0:753:2|0:788:2|0:5:1
ckpt_3400.pt,0,558,0.3701179027557373,0.07532159984111786,0.369626522064209,"114,182,251,100,214","238,83,136,178,62",0:490:2|0:560:2|0:767:2
ckpt_3400.pt,0,559,0.3945324122905731,0.06908620893955231,0.40371638536453247,"74,180,190,204,35","216,68,164,158,178",0:127:2|0:283:2|0:552:2
ckpt_3400.pt,0,560,0.46571436524391174,0.08150472491979599,0.4036175310611725,"59,114,150,100,252","255,5,149,50,14",0:558:2|0:8:1|0:12:1
ckpt_3400.pt,0,561,0.4221762418746948,0.08433657139539719,0.3842690885066986,"235,247,3,204,48","226,206,197,163,244",0:898:2|0:15:1|0:38:1
ckpt_3400.pt,0,562,0.35353198647499084,0.07207927852869034,0.37079963088035583,"241,177,209,226,166","168,209,108,71,96",0:8:2|0:305:2|0:479:2
ckpt_3400.pt,0,563,0.3559490442276001,0.0638151541352272,0.37920650839805603,"241,251,248,10,16","254,71,35,72,111",0:224:2|0:450:2|0:14:1
ckpt_3400.pt,0,564,0.3496611416339874,0.05485367029905319,0.346305251121521,"177,112,57,185,97","103,38,216,45,204",0:544:2|0:9:1|0:12:1
ckpt_3400.pt,0,565,0.38388049602508545,0.06929443776607513,0.40401774644851685,"254,14,188,255,224","177,36,139,20,239",0:247:2|0:353:2|0:374:2
ckpt_3400.pt,0,566,0.3922247886657715,0.07976110279560089,0.4058839678764343,"10,157,20,77,97","201,230,166,40,56",0:582:2|0:678:2|0:904:2
ckpt_3400.pt,0,567,0.41037699580192566,0.07939731329679489,0.375593900680542,"99,96,121,53,44","125,96,47,10,65",0:208:2|0:894:2|0:2:1
ckpt_3400.pt,0,568,0.409820020198822,0.06505870074033737,0.42151179909706116,"168,49,237,115,182","46,238,204,127,27",0:282:2|0:329:2|0:571:2
ckpt_3400.pt,0,569,0.41692253947257996,0.07305259257555008,0.4267803132534027,"245,164,60,146,92","127,243,24,25,159",0:65:2|0:654:2|0:8:1
ckpt_3400.pt,0,570,0.3572917878627777,0.07099524885416031,0.3622821569442749,"147,8,159,216,191","228,105,102,41,183",0:144:3|0:118:2|0:782:2
ckpt_3400.pt,0,571,0.4258919358253479,0.08137574046850204,0.4372245669364929,"175,49,189,182,228","12,250,221,133,139",0:18:2|0:325:2|0:568:2
ckpt_3400.pt,0,572,0.35393011569976807,0.06830638647079468,0.39606666564941406,"51,40,123,151,39","254,253,144,183,79",0:0:1|0:3:1|0:33:1
ckpt_3400.pt,0,573,0.40909937024116516,0.07241407036781311,0.4032558500766754,"25,167,75,193,97","186,1,219,194,197",0:633:2|0:714:2|0:784:2
ckpt_3400.pt,0,574,0.4262863099575043,0.0667654275894165,0.3998850882053375,"90,247,34,126,210","11,233,86,39,230",0:179:2|0:342:2|0:674:2
ckpt_3400.pt,0,575,0.41441985964775085,0.0803418681025505,0.4125193953514099,"60,127,58,195,191","246,31,122,168,76",0:28:2|0:409:2|0:626:2
ckpt_3400.pt,0,576,0.3777775764465332,0.05857023969292641,0.3842688798904419,"54,153,245,250,94","127,44,72,159,47",0:6:2|0:204:2|0:284:2
ckpt_3400.pt,0,577,0.4075402021408081,0.07557430118322372,0.40653765201568604,"150,28,70,225,192","71,211,227,94,95",0:8:2|0:150:2|0:773:2
ckpt_3400.pt,0,578,0.41529572010040283,0.07425215095281601,0.385348379611969,"100,250,17,162,222","120,211,45,254,207",0:277:2|0:341:2|0:471:2
ckpt_3400.pt,0,579,0.3786037266254425,0.07561759650707245,0.3877273499965668,"229,191,113,194,71","211,173,103,226,43",0:5:2|0:160:2|0:856:2
ckpt_3400.pt,0,580,0.376666784286499,0.0646345466375351,0.4083801805973053,"255,180,43,216,38","89,21,142,169,65",0:30:2|0:83:2|0:168:2
ckpt_3400.pt,0,581,0.43116873502731323,0.08983343839645386,0.3729605972766876,"209,168,37,184,202","75,12,120,182,100",0:56:2|0:217:2|0:313:2
ckpt_3400.pt,0,582,0.3990055322647095,0.07968290895223618,0.3740358054637909,"136,208,211,97,77","189,251,1,17,4",0:566:2|0:714:2|0:993:2
ckpt_3400.pt,0,583,0.4311789870262146,0.07207757979631424,0.4403007924556732,"228,115,43,223,34","19,30,211,183,102",0:72:3|0:687:2|0:702:2
ckpt_3400.pt,0,584,0.44896140694618225,0.09367429465055466,0.4349694848060608,"225,174,73,86,169","36,185,95,208,253",0:529:2|0:824:2|0:1:1
ckpt_3400.pt,0,585,0.4184894561767578,0.0716942846775055,0.4264298379421234,"240,255,100,243,178","91,7,213,211,44",0:858:2|0:16:1|0:25:1
ckpt_3400.pt,0,586,0.3651575744152069,0.07959361374378204,0.401451975107193,"243,12,154,199,17","157,103,235,54,122",0:843:2|0:0:1|0:1:1
ckpt_3400.pt,0,587,0.44078144431114197,0.07877250760793686,0.42949625849723816,"164,147,167,185,3","53,111,108,183,247",0:49:2|0:232:2|0:338:2
ckpt_3400.pt,0,588,0.45981425046920776,0.0770803913474083,0.426550954580307,"163,49,20,113,114","119,61,143,68,200",0:227:2|0:520:2|0:854:2
ckpt_3400.pt,0,589,0.33765894174575806,0.05476054549217224,0.35654371976852417,"178,134,215,207,97","19,92,249,245,156",0:339:2|0:356:2|0:3:1
ckpt_3400.pt,0,590,0.45340800285339355,0.0764380693435669,0.4422205984592438,"249,211,213,232,226","149,226,54,72,140",0:473:2|0:549:2|0:555:2
ckpt_3400.pt,0,591,0.39505183696746826,0.07944710552692413,0.3764469623565674,"224,240,204,12,190","53,38,84,51,88",0:188:2|0:559:2|0:761:2
ckpt_3400.pt,0,592,0.39196503162384033,0.0732790157198906,0.38116517663002014,"139,54,7,67,205","37,43,99,226,237",0:53:2|0:768:2|0:804:2
ckpt_3400.pt,0,593,0.4134088158607483,0.08077425509691238,0.37377235293388367,"36,5,93,104,173","18,83,64,231,209",0:36:2|0:439:2|0:10:1
ckpt_3400.pt,0,594,0.46869006752967834,0.09047859162092209,0.4306013882160187,"231,247,160,132,84","152,67,57,183,184",0:343:2|0:799:2|0:932:2
ckpt_3400.pt,0,595,0.3844785988330841,0.0708681270480156,0.3516482412815094,"94,110,213,47,221","145,254,216,133,221",0:6:2|0:23:1|0:37:1
ckpt_3400.pt,0,596,0.44124412536621094,0.07377314567565918,0.4165635108947754,"121,198,69,61,71","197,97,0,90,115",0:5:2|0:20:2|0:405:2
ckpt_3400.pt,0,597,0.38836586475372314,0.06957165151834488,0.38793471455574036,"223,11,83,60,80","119,231,4,173,236",0:39:2|0:303:2|0:336:2
ckpt_3400.pt,0,598,0.40513086318969727,0.06808587908744812,0.39105626940727234,"115,83,155,89,251","62,47,205,49,200",0:272:2|0:303:2|0:767:2
ckpt_3400.pt,0,599,0.4771582782268524,0.08851494640111923,0.43776652216911316,"240,158,17,55,196","79,3,20,27,181",0:261:2|0:940:2|0:25:1
ckpt_3400.pt,0,600,0.40362849831581116,0.08106476813554764,0.3803260326385498,"141,113,230,255,45","127,123,110,95,64",0:49:2|0:139:2|0:374:2
ckpt_3400.pt,0,601,0.4339835047721863,0.07985547930002213,0.4133590757846832,"183,58,54,103,110","224,135,176,183,56",0:926:2|0:6:1|0:26:1
ckpt_3400.pt,0,602,0.4202376902103424,0.10482916235923767,0.41660910844802856,"167,165,149,102,198","222,225,151,98,44",0:278:2|0:466:2|0:506:2
ckpt_3400.pt,0,603,0.39768186211586,0.07732029259204865,0.3910999000072479,"210,172,131,216,253","218,67,138,127,166",0:162:2|0:179:2|0:269:2
ckpt_3400.pt,0,604,0.44175875186920166,0.07395532727241516,0.43780988454818726,"180,205,89,229,165","5,174,48,122,23",0:294:2|0:431:2|0:452:2
ckpt_3400.pt,0,605,0.45224350690841675,0.08149859309196472,0.4018350839614868,"215,49,41,167,143","230,240,76,201,169",0:329:2|0:345:2|0:499:2
ckpt_3400.pt,0,606,0.4150356650352478,0.07025516033172607,0.40333622694015503,"160,224,49,144,145","37,56,87,103,25",0:203:2|0:258:2|0:623:2
ckpt_3400.pt,0,607,0.3515770733356476,0.0670027956366539,0.36858052015304565,"241,20,110,195,74","172,147,73,57,122",0:98:2|0:127:2|0:26:1
ckpt_3400.pt,0,608,0.4586741328239441,0.09977132081985474,0.4084780514240265,"9,107,37,5,201","251,166,213,128,181",0:428:2|0:826:2|0:12:1
ckpt_3400.pt,0,609,0.41881752014160156,0.07572181522846222,0.3909412622451782,"9,220,30,33,150","244,18,220,107,39",0:918:3|0:27:2|0:346:2
ckpt_3400.pt,0,610,0.3912521302700043,0.07091402262449265,0.34779396653175354,"160,105,83,30,206","69,231,61,251,134",0:21:2|0:668:2|0:932:2
ckpt_3400.pt,0,611,0.39620065689086914,0.07499894499778748,0.4001805782318115,"104,161,191,103,55","231,156,10,182,217",0:88:2|0:10:1|0:16:1
ckpt_3400.pt,0,612,0.38271740078926086,0.06785425543785095,0.37828001379966736,"176,248,76,28,19","7,43,224,97,34",0:773:2|0:979:2|0:13:1
ckpt_3400.pt,0,613,0.44890522956848145,0.09270015358924866,0.41991379857063293,"215,32,224,196,30","224,125,181,144,38",0:247:2|0:411:2|0:976:2
ckpt_3400.pt,0,614,0.4120344817638397,0.08175698667764664,0.41012078523635864,"249,242,86,209,1","64,152,212,180,251",0:479:2|0:632:2|0:1:1
ckpt_3400.pt,0,615,0.4270470142364502,0.0749543234705925,0.4284454882144928,"84,155,35,17,105","185,242,201,90,15",0:787:2|0:932:2|0:21:1
ckpt_3400.pt,0,616,0.41278740763664246,0.10484127700328827,0.3864957392215729,"104,226,115,171,239","222,240,151,46,38",0:901:2|0:16:1|0:25:1
ckpt_3400.pt,0,617,0.42878302931785583,0.07790079712867737,0.3924481272697449,"228,73,105,194,48","239,155,43,177,13",0:199:2|0:732:2|0:774:2
ckpt_3400.pt,0,618,0.4503207504749298,0.098048135638237,0.40457069873809814,"211,87,196,171,53","38,244,1,12,242",0:133:2|0:169:2|0:427:2
ckpt_3400.pt,0,619,0.44160109758377075,0.0873076468706131,0.43081918358802795,"79,239,167,101,202","57,146,138,230,142",0:921:2|0:1:1|0:24:1
ckpt_3400.pt,0,620,0.44781410694122314,0.08643590658903122,0.4284111559391022,"175,98,72,154,214","140,46,34,201,132",0:652:2|0:0:1|0:18:1
ckpt_3400.pt,0,621,0.4150725305080414,0.07020780444145203,0.39655986428260803,"113,43,13,241,225","205,122,106,236,27",0:198:2|0:211:2|0:396:2
ckpt_3400.pt,0,622,0.4328393340110779,0.0797639787197113,0.4358002841472626,"115,131,30,49,143","68,171,218,251,200",0:329:3|0:274:2|0:468:2
ckpt_3400.pt,0,623,0.3820631206035614,0.07140219956636429,0.3844512403011322,"52,49,144,112,7","180,150,95,145,216",0:73:2|0:203:2|0:251:2
ckpt_3400.pt,0,624,0.5391103029251099,0.09777002781629562,0.43720999360084534,"46,173,14,196,59","131,161,222,203,68",0:102:2|0:259:2|0:395:2
ckpt_3400.pt,0,625,0.4374770224094391,0.07875297963619232,0.41420143842697144,"200,202,234,138,183","87,102,23,66,253",0:756:2|0:27:1|0:68:1
ckpt_3400.pt,0,626,0.4252786934375763,0.07265511155128479,0.39767345786094666,"236,60,154,171,191","178,53,232,236,13",0:124:2|0:293:2|0:409:2
ckpt_3400.pt,0,627,0.3913327753543854,0.060781002044677734,0.42348894476890564,"143,141,220,255,11","134,46,251,8,96",0:93:2|0:332:2|0:507:2
ckpt_3400.pt,0,628,0.4247645139694214,0.07953210920095444,0.4226245880126953,"113,75,148,81,166","29,123,48,1,122",0:81:2|0:227:2|0:5:1
ckpt_3400.pt,0,629,0.32021069526672363,0.06058744713664055,0.36437854170799255,"25,250,10,1,148","137,91,117,241,156",0:146:2|0:308:2|0:359:2
ckpt_3400.pt,0,630,0.41517120599746704,0.07620871067047119,0.3865419924259186,"99,50,55,160,230","198,220,54,48,90",0:777:2|0:27:1|0:29:1
ckpt_3400.pt,0,631,0.3835912048816681,0.06891205161809921,0.40070682764053345,"228,67,130,84,14","41,42,161,162,126",0:38:2|0:218:2|0:358:2
ckpt_3400.pt,0,632,0.45420530438423157,0.09783290326595306,0.41757121682167053,"166,242,249,129,43","155,188,9,181,218",0:614:2|0:636:2|0:667:2
ckpt_3400.pt,0,633,0.37123483419418335,0.07891098409891129,0.38958197832107544,"97,50,167,119,142","139,72,118,226,157",0:330:3|0:148:2|0:164:2
ckpt_3400.pt,0,634,0.41419702768325806,0.06740307062864304,0.3879443407058716,"132,211,71,216,195","14,193,63,170,57",0:406:2|0:1013:2|0:5:1
ckpt_3400.pt,0,635,0.4334602653980255,0.08187860995531082,0.42188403010368347,"38,41,242,37,20","161,231,164,64,117",0:56:2|0:217:2|0:278:2
ckpt_3400.pt,0,636,0.42111262679100037,0.07815717905759811,0.4008963108062744,"242,85,127,43,91","80,100,204,64,177",0:632:2|0:12:1|0:22:1
ckpt_3400.pt,0,637,0.3640337288379669,0.07774507254362106,0.38546937704086304,"213,71,225,144,67","88,33,217,224,183",0:455:2|0:739:2|0:915:2
ckpt_3400.pt,0,638,0.41708695888519287,0.0898984968662262,0.4081811010837555,"77,125,180,47,251","161,58,172,213,16",0:223:2|0:303:2|0:526:2
ckpt_3400.pt,0,639,0.4113509953022003,0.07710528373718262,0.3926571309566498,"5,240,143,21,198","225,122,37,188,181",0:36:2|0:186:2|0:456:2
ckpt_3400.pt,0,640,0.4153781235218048,0.07001467794179916,0.42491793632507324,"252,120,99,191,197","113,149,131,26,140",0:41:2|0:457:2|0:10:1
ckpt_3400.pt,0,641,0.3986174166202545,0.08073238283395767,0.4117167294025421,"129,227,116,15,202","236,144,89,160,178",0:70:2|0:442:2|0:0:1
ckpt_3400.pt,0,642,0.4670352339744568,0.08689845353364944,0.40888121724128723,"140,199,188,97,126","102,44,146,143,232",0:652:2|0:9:1|0:29:1
ckpt_3400.pt,0,643,0.39654645323753357,0.08506034314632416,0.40859347581863403,"236,52,226,37,84","251,82,217,116,61",0:151:2|0:963:2|0:16:1
ckpt_3400.pt,0,644,0.41459354758262634,0.08526820689439774,0.44829756021499634,"85,202,128,71,154","168,102,222,13,190",0:844:2|0:857:2|0:1015:2
ckpt_3400.pt,0,645,0.4414359927177429,0.08146015554666519,0.424510657787323,"45,42,49,146,57","222,190,246,204,225",0:46:2|0:527:2|0:786:2
ckpt_3400.pt,0,646,0.4213031828403473,0.07129689306020737,0.40684545040130615,"123,95,236,194,45","195,117,249,55,213",0:120:2|0:817:2|0:893:2
ckpt_3400.pt,0,647,0.39419621229171753,0.07740771770477295,0.3982197642326355,"22,210,110,152,206","116,32,95,203,85",0:661:2|0:42:1|0:51:1
ckpt_3400.pt,0,648,0.382665753364563,0.06677531450986862,0.3860565721988678,"27,33,167,222,247","48,204,9,100,248",0:155:2|0:414:2|0:524:2
ckpt_3400.pt,0,649,0.38761982321739197,0.06200052425265312,0.3844587504863739,"248,109,135,31,88","19,127,26,158,236",0:711:2|0:797:2|0:1023:2
ckpt_3400.pt,0,650,0.4194778501987457,0.07177361845970154,0.4023216664791107,"11,61,88,161,36","209,121,84,57,19",0:52:2|0:404:2|0:4:1
ckpt_3400.pt,0,651,0.44834381341934204,0.10168048739433289,0.3942706882953644,"89,247,212,144,80","0,181,145,250,136",0:302:2|0:424:2|0:488:2
ckpt_3400.pt,0,652,0.42031213641166687,0.07138160616159439,0.40492042899131775,"175,185,188,214,140","0,170,251,172,69",0:89:2|0:432:2|0:620:2
ckpt_3400.pt,0,653,0.4139227271080017,0.0782390609383583,0.3896523416042328,"14,105,29,40,154","25,191,86,85,112",0:0:2|0:350:2|0:456:2
ckpt_3400.pt,0,654,0.40677130222320557,0.08399946987628937,0.4101296663284302,"165,141,17,146,245","251,190,169,71,111",0:255:2|0:517:2|0:569:2
ckpt_3400.pt,0,655,0.4027444124221802,0.07955525815486908,0.39750605821609497,"67,104,98,126,142","190,43,108,220,17",0:164:2|0:270:2|0:427:2
ckpt_3400.pt,0,656,0.44155311584472656,0.09598170220851898,0.4255819618701935,"146,91,34,252,243","37,218,183,35,53",0:384:2|0:768:2|0:12:1
ckpt_3400.pt,0,657,0.43458467721939087,0.0914027988910675,0.3833056092262268,"213,241,172,146,33","205,175,222,121,47",0:122:2|0:179:2|0:238:2
ckpt_3400.pt,0,658,0.40175139904022217,0.08514595031738281,0.4043581783771515,"87,133,240,130,90","240,224,230,106,35",0:340:2|0:698:2|0:945:2
ckpt_3400.pt,0,659,0.39498037099838257,0.08658666163682938,0.4154384434223175,"15,125,140,37,225","4,32,228,152,174",0:512:2|0:538:2|0:667:2
ckpt_3400.pt,0,660,0.48024311661720276,0.09933766722679138,0.41552624106407166,"248,183,160,153,112","34,232,103,45,114",0:113:2|0:19:1|0:27:1
ckpt_3400.pt,0,661,0.44456014037132263,0.07322690635919571,0.4096415340900421,"22,110,70,45,189","217,94,243,251,28",0:77:2|0:399:2|0:647:2
ckpt_3400.pt,0,662,0.4708053767681122,0.09512785822153091,0.45787009596824646,"249,234,27,67,48","92,130,180,81,113",0:915:2|0:1005:2|0:2:1
ckpt_3400.pt,0,663,0.42536717653274536,0.0740758404135704,0.3928805887699127,"87,78,135,99,108","188,16,40,57,228",0:152:2|0:184:2|0:280:2
ckpt_3400.pt,0,664,0.41010430455207825,0.06809856742620468,0.3995283246040344,"108,70,15,219,144","64,157,137,101,30",0:243:2|0:8:1|0:10:1
ckpt_3400.pt,0,665,0.4056290090084076,0.07370972633361816,0.420428067445755,"210,161,69,145,245","99,228,204,247,7",0:750:2|0:1002:2|0:9:1
ckpt_3400.pt,0,666,0.4145056903362274,0.07374019920825958,0.41607752442359924,"35,1,210,36,49","156,11,113,174,0",0:104:2|0:1001:2|0:3:1
ckpt_3400.pt,0,667,0.3998929262161255,0.08468841016292572,0.3940821588039398,"225,242,166,37,215","43,183,196,67,121",0:443:2|0:632:2|0:635:2
ckpt_3400.pt,0,668,0.4409363865852356,0.0686463862657547,0.42235350608825684,"58,206,160,34,37","27,55,68,15,221",0:343:2|0:610:2|0:957:2
ckpt_3400.pt,0,669,0.4074307978153229,0.08613958954811096,0.39782413840293884,"197,255,253,204,65","56,190,154,162,124",0:1:1|0:16:1|0:30:1
ckpt_3400.pt,0,670,0.35311028361320496,0.07302085310220718,0.36175352334976196,"227,194,181,69,211","222,253,194,66,75",0:920:3|0:7:1|0:9:1
ckpt_3400.pt,0,671,0.4250456392765045,0.08287471532821655,0.4157845675945282,"213,64,253,75,140","109,163,21,158,169",0:449:2|0:1:1|0:6:1
ckpt_3400.pt,0,672,0.3923775255680084,0.06395845860242844,0.42117416858673096,"237,204,200,126,219","4,81,251,204,89",0:321:2|0:696:2|0:872:2
ckpt_3400.pt,0,673,0.44483307003974915,0.07404924929141998,0.4159216582775116,"43,175,20,133,181","221,237,170,95,57",0:89:2|0:92:2|0:245:2
ckpt_3400.pt,0,674,0.4392659664154053,0.07915467768907547,0.41838255524635315,"210,52,250,126,239","100,19,145,171,189",0:84:2|0:574:2|0:817:2
ckpt_3400.pt,0,675,0.40688225626945496,0.07733634859323502,0.38288986682891846,"72,88,38,193,203","182,56,132,215,116",0:505:2|0:994:2|0:4:1
ckpt_3400.pt,0,676,0.39576393365859985,0.07266096770763397,0.39530959725379944,"69,187,22,199,10","101,20,38,253,195",0:220:2|0:920:2|0:927:2
ckpt_3400.pt,0,677,0.3960656225681305,0.06457362323999405,0.38121554255485535,"36,138,177,47,156","104,136,175,103,121",0:310:2|0:826:2|0:931:2
ckpt_3400.pt,0,678,0.37618330121040344,0.0735083594918251,0.39006054401397705,"157,122,77,134,245","141,166,51,197,252",0:566:2|0:1:1|0:15:1
ckpt_3400.pt,0,679,0.41551530361175537,0.07007261365652084,0.4042471647262573,"201,255,202,254,237","14,162,169,7,90",0:163:2|0:282:2|0:353:2
ckpt_3400.pt,0,680,0.4368884563446045,0.07847168296575546,0.4153328239917755,"172,20,98,189,3","246,92,211,163,74",0:43:2|0:245:2|0:984:2
ckpt_3400.pt,0,681,0.3784565031528473,0.07256924360990524,0.3433775007724762,"102,90,68,196,255","145,62,27,157,140",0:16:1|0:17:1|0:24:1
ckpt_3400.pt,0,682,0.34718626737594604,0.06488311290740967,0.3819434642791748,"71,107,174,233,48","98,124,209,96,194",0:15:2|0:106:2|0:367:2
ckpt_3400.pt,0,683,0.35013052821159363,0.058817628771066666,0.3591911792755127,"160,117,185,180,240","237,252,171,34,99",0:706:2|0:12:1|0:17:1
ckpt_3400.pt,0,684,0.3961336612701416,0.07016067951917648,0.41532978415489197,"88,79,115,146,231","218,167,136,61,102",0:713:2|0:2:1|0:4:1
ckpt_3400.pt,0,685,0.40866273641586304,0.06952181458473206,0.39607304334640503,"89,173,129,91,196","9,109,177,7,192",0:12:2|0:122:2|0:397:2
ckpt_3400.pt,0,686,0.42271605134010315,0.07436398416757584,0.402949720621109,"231,41,152,75,16","147,78,23,139,210",0:2:1|0:31:1|0:67:1
ckpt_3400.pt,0,687,0.396118700504303,0.07648881524801254,0.3720953166484833,"206,178,228,43,80","92,176,60,117,50",0:147:2|0:358:2|0:380:2
ckpt_3400.pt,0,688,0.4475328028202057,0.09165187180042267,0.4295791983604431,"23,7,196,149,246","143,75,68,42,178",0:259:2|0:841:2|0:9:1
ckpt_3400.pt,0,689,0.4702306091785431,0.08307147771120071,0.43552660942077637,"66,94,121,56,183","191,108,212,210,88",0:101:2|0:440:2|0:5:1
ckpt_3400.pt,0,690,0.40773484110832214,0.08179480582475662,0.3928365707397461,"74,165,40,119,58","113,78,43,16,242",0:98:2|0:289:2|0:337:2
ckpt_3400.pt,0,691,0.4356803596019745,0.09138478338718414,0.4219525456428528,"115,213,95,23,190","139,1,195,140,25",0:310:2|0:6:1|0:9:1
ckpt_3400.pt,0,692,0.4135262370109558,0.08992718905210495,0.3837434649467468,"116,167,22,131,62","97,17,115,177,207",0:213:2|0:779:2|0:0:1
ckpt_3400.pt,0,693,0.36315134167671204,0.07052275538444519,0.35685995221138,"248,225,9,100,84","214,239,217,118,151",0:260:2|0:455:2|0:471:2
ckpt_3400.pt,0,694,0.4179379940032959,0.07442335784435272,0.40892019867897034,"47,131,3,229,174","124,9,76,198,136",0:37:2|0:161:2|0:398:2
ckpt_3400.pt,0,695,0.3235151171684265,0.06662837415933609,0.35328659415245056,"195,187,222,205,106","99,205,239,162,167",0:1017:2|0:25:1|0:35:1
ckpt_3400.pt,0,696,0.4008585512638092,0.07028273493051529,0.4054630696773529,"167,64,204,219,78","103,166,63,212,167",0:94:2|0:138:2|0:262:2
ckpt_3400.pt,0,697,0.4477078318595886,0.0911746621131897,0.4198305010795593,"76,67,153,203,30","37,226,220,29,59",0:19:2|0:266:2|0:274:2
ckpt_3400.pt,0,698,0.4112504720687866,0.07590971887111664,0.42053231596946716,"121,130,90,230,239","50,158,191,160,242",0:231:2|0:304:2|0:658:2
ckpt_3400.pt,0,699,0.4384222626686096,0.07576112449169159,0.3977656662464142,"164,15,200,121,63","218,141,211,58,135",0:5:2|0:820:2|0:2:1
ckpt_3400.pt,0,700,0.3660351037979126,0.07445219159126282,0.3674706220626831,"85,171,162,15,247","255,201,2,17,238",0:51:2|0:136:2|0:355:2
ckpt_3400.pt,0,701,0.35354405641555786,0.06395873427391052,0.3754691779613495,"17,239,11,45,212","62,146,249,106,237",0:817:2|0:940:2|0:10:1
ckpt_3400.pt,0,702,0.39527255296707153,0.06574372947216034,0.40756550431251526,"42,239,213,34,223","201,219,200,212,205",0:72:2|0:449:2|0:555:2
ckpt_3400.pt,0,703,0.4221939444541931,0.0916355773806572,0.4109794795513153,"36,220,42,245,143","67,26,194,110,221",0:36:2|0:58:2|0:306:2
ckpt_3400.pt,0,704,0.42810750007629395,0.08720353990793228,0.405361145734787,"77,142,188,127,128","44,158,223,100,144",0:303:2|0:7:1|0:28:1
ckpt_3400.pt,0,705,0.44118091464042664,0.0786791667342186,0.4153364896774292,"96,28,66,41,195","26,251,201,233,133",0:36:2|0:478:2|0:944:2
ckpt_3400.pt,0,706,0.39801159501075745,0.1011304184794426,0.39934277534484863,"211,103,240,173,185","240,100,195,94,49",0:683:2|0:7:1|0:12:1
ckpt_3400.pt,0,707,0.40932410955429077,0.09224575012922287,0.41747480630874634,"111,159,254,201,149","210,235,69,130,41",0:378:2|0:679:2|0:823:2
ckpt_3400.pt,0,708,0.44790029525756836,0.07259175181388855,0.40392881631851196,"240,172,176,67,168","103,69,0,125,12",0:56:2|0:131:2|0:9:1
ckpt_3400.pt,0,709,0.4050253927707672,0.08308872580528259,0.3852803111076355,"74,82,165,51,96","101,126,153,33,71",0:283:2|0:454:2|0:506:2
ckpt_3400.pt,0,710,0.39544159173965454,0.07141432166099548,0.3713277280330658,"56,197,135,85,241","126,69,51,49,45",0:219:2|0:370:2|0:772:2
ckpt_3400.pt,0,711,0.3755183219909668,0.08225782960653305,0.37209609150886536,"88,109,252,96,117","35,222,80,231,159",0:108:2|0:434:2|0:649:2
ckpt_3400.pt,0,712,0.39800477027893066,0.07614949345588684,0.4011816382408142,"242,78,204,236,180","184,241,53,210,140",0:94:2|0:559:2|0:696:2
ckpt_3400.pt,0,713,0.36002638936042786,0.07857640087604523,0.3797513246536255,"115,51,53,146,101","17,83,32,216,25",0:253:2|0:684:2|0:24:1
ckpt_3400.pt,0,714,0.40216171741485596,0.06912801414728165,0.42598196864128113,"97,104,211,167,37","141,109,152,228,234",0:476:2|0:573:2|0:582:2
ckpt_3400.pt,0,715,0.43105363845825195,0.07527919858694077,0.4138023257255554,"229,251,20,164,86","61,182,167,202,154",0:257:2|0:354:2|0:810:2
ckpt_3400.pt,0,716,0.4067898690700531,0.0671427771449089,0.3972194790840149,"22,61,224,128,80","218,232,37,205,139",0:3:1|0:7:1|0:23:1
ckpt_3400.pt,0,717,0.4517911672592163,0.09950746595859528,0.3933434784412384,"214,165,158,148,51","146,244,26,36,81",0:709:2|0:764:2|0:4:1
ckpt_3400.pt,0,718,0.4293905198574066,0.08403963595628738,0.4129202365875244,"30,58,252,9,199","18,114,53,51,179",0:27:2|0:609:2|0:12:1
ckpt_3400.pt,0,719,0.34082651138305664,0.060969505459070206,0.3288385570049286,"187,16,249,51,105","243,1,223,254,62",0:407:2|0:926:2|0:21:1
ckpt_3400.pt,0,720,0.43063247203826904,0.08150631189346313,0.4243948757648468,"128,171,147,98,222","146,236,17,231,79",0:925:2|0:7:1|0:21:1
ckpt_3400.pt,0,721,0.4032612442970276,0.08538102358579636,0.4135620594024658,"87,217,213,2,5","75,88,185,140,158",0:133:2|0:497:2|0:3:1
ckpt_3400.pt,0,722,0.4075818359851837,0.08228625357151031,0.40581148862838745,"32,210,237,254,112","244,172,77,232,60",0:372:2|0:544:2|0:679:2
ckpt_3400.pt,0,723,0.39603322744369507,0.07152722775936127,0.4067879915237427,"157,121,81,69,168","167,137,100,154,71",0:9:2|0:20:2|0:79:2
ckpt_3400.pt,0,724,0.43496111035346985,0.06700356304645538,0.43641144037246704,"163,47,58,112,17","68,135,187,145,37",0:38:2|0:90:2|0:112:2
ckpt_3400.pt,0,725,0.36662745475769043,0.06640735268592834,0.3942531943321228,"116,157,58,194,232","162,224,137,153,79",0:160:2|0:213:2|0:353:2
ckpt_3400.pt,0,726,0.40255022048950195,0.07464838027954102,0.3740960359573364,"76,205,199,237,6","130,34,209,70,221",0:327:3|0:19:2|0:35:2
ckpt_3400.pt,0,727,0.43842074275016785,0.09226138144731522,0.40099453926086426,"120,117,156,29,164","158,103,141,35,149",0:322:2|0:812:2|0:0:1
ckpt_3400.pt,0,728,0.45966818928718567,0.07482540607452393,0.44914954900741577,"81,92,226,118,180","235,81,210,23,160",0:185:2|0:413:2|0:444:2
ckpt_3400.pt,0,729,0.3822489380836487,0.06031198799610138,0.40361225605010986,"123,65,159,152,226","135,13,152,167,172",0:764:2|0:0:1|0:16:1
ckpt_3400.pt,0,730,0.41361144185066223,0.07709234952926636,0.3747941553592682,"112,171,109,253,113","174,162,178,142,153",0:856:2|0:1:1|0:5:1
ckpt_3400.pt,0,731,0.44497260451316833,0.06889169663190842,0.42760226130485535,"18,191,157,162,206","48,83,249,122,59",0:42:2|0:349:2|0:782:2
ckpt_3400.pt,0,732,0.4111083745956421,0.06647644937038422,0.3727705478668213,"194,255,212,34,105","92,194,43,196,41",0:510:2|0:617:2|0:774:2
ckpt_3400.pt,0,733,0.45878565311431885,0.07279811799526215,0.38131779432296753,"5,155,26,111,144","246,168,90,30,202",0:66:2|0:198:2|0:831:2
ckpt_3400.pt,0,734,0.38829439878463745,0.07976675778627396,0.38720810413360596,"221,175,216,75,199","27,243,112,60,241",0:89:2|0:215:2|0:966:2
ckpt_3400.pt,0,735,0.4061470925807953,0.07357173413038254,0.38729169964790344,"9,65,112,21,200","120,222,108,114,218",0:271:2|0:373:2|0:402:2
ckpt_3400.pt,0,736,0.40964755415916443,0.08197665959596634,0.38100457191467285,"41,255,32,36,42","173,52,106,255,164",0:16:2|0:58:2|0:205:2
ckpt_3400.pt,0,737,0.40214842557907104,0.06750738620758057,0.3964352011680603,"78,162,83,119,194","217,250,12,242,150",0:774:2|0:782:2|0:835:2
ckpt_3400.pt,0,738,0.4135811924934387,0.09724148362874985,0.40242162346839905,"151,129,252,231,121","55,41,97,94,248",0:31:2|0:335:2|0:985:2
ckpt_3400.pt,0,739,0.4744776785373688,0.08376934379339218,0.4473499059677124,"213,71,145,111,14","158,148,125,235,44",0:175:2|0:637:2|0:783:2
ckpt_3400.pt,0,740,0.40528690814971924,0.06982460618019104,0.38265496492385864,"157,30,146,131,169","162,87,57,115,237",0:622:2|0:904:2|0:960:2
ckpt_3400.pt,0,741,0.35161590576171875,0.06999239325523376,0.37423884868621826,"179,210,13,84,143","105,158,56,14,84",0:33:1|0:36:1|0:50:1
ckpt_3400.pt,0,742,0.4010695517063141,0.06943600624799728,0.43196195363998413,"96,71,89,244,217","151,77,160,125,204",0:149:2|0:839:2|0:3:1
ckpt_3400.pt,0,743,0.44848352670669556,0.09110265970230103,0.4229479432106018,"71,9,87,97,80","91,234,211,214,101",0:481:2|0:488:2|0:952:2
ckpt_3400.pt,0,744,0.32356569170951843,0.07364275306463242,0.37589094042778015,"79,227,124,41,130","126,39,7,5,239",0:201:2|0:532:2|0:17:1
ckpt_3400.pt,0,745,0.44165119528770447,0.09042799472808838,0.403617799282074,"234,53,103,139,36","241,101,223,24,10",0:166:2|0:514:2|0:14:1
ckpt_3400.pt,0,746,0.44473835825920105,0.09001756459474564,0.41190585494041443,"238,180,76,137,188","61,152,121,16,6",0:83:2|0:314:2|0:435:2
ckpt_3400.pt,0,747,0.4140571355819702,0.08396365493535995,0.39203956723213196,"248,119,29,128,126","145,61,124,2,138",0:7:2|0:342:2|0:495:2
ckpt_3400.pt,0,748,0.4526592791080475,0.07163034379482269,0.40413883328437805,"24,153,209,85,186","222,129,217,156,228",0:189:2|0:5:1|0:8:1
ckpt_3400.pt,0,749,0.4068855941295624,0.07173092663288116,0.37483105063438416,"138,134,164,192,222","115,172,97,182,244",0:284:2|0:475:2|0:69:1
ckpt_3400.pt,0,750,0.3797982335090637,0.07012087851762772,0.37632256746292114,"245,161,115,131,211","157,129,207,82,175",0:622:2|0:665:2|0:1002:2
ckpt_3400.pt,0,751,0.4312247633934021,0.0696263536810875,0.41964438557624817,"177,101,91,30,226","108,251,46,218,197",0:379:2|0:562:2|0:888:2
ckpt_3400.pt,0,752,0.3947701156139374,0.08470422029495239,0.37470051646232605,"136,105,152,49,214","177,145,123,176,107",0:3:1|0:21:1|0:26:1
ckpt_3400.pt,0,753,0.4168829619884491,0.07511022686958313,0.4091271758079529,"22,19,26,245,59","228,104,103,40,13",0:65:2|0:429:2|0:557:2
ckpt_3400.pt,0,754,0.4628327488899231,0.10875474661588669,0.42251086235046387,"133,111,38,45,70","126,231,116,83,13",0:92:2|0:198:2|0:382:2
ckpt_3400.pt,0,755,0.38871511816978455,0.07023891061544418,0.39458322525024414,"210,79,48,104,111","3,38,33,139,28",0:531:2|0:1009:2|0:15:1
ckpt_3400.pt,0,756,0.4254535436630249,0.09219975024461746,0.37374982237815857,"183,67,200,35,131","118,238,80,152,72",0:101:2|0:312:2|0:625:2
ckpt_3400.pt,0,757,0.44263413548469543,0.08234552294015884,0.41802793741226196,"246,60,168,230,15","95,163,117,177,9",0:159:2|0:336:2|0:514:2
ckpt_3400.pt,0,758,0.40762919187545776,0.07096648216247559,0.3826204836368561,"242,110,70,208,151","82,246,99,88,120",0:467:2|0:661:2|0:905:2
ckpt_3400.pt,0,759,0.39496535062789917,0.07769470661878586,0.4016766846179962,"104,199,230,95,76","245,157,62,252,127",0:134:2|0:239:2|0:726:2
ckpt_3400.pt,0,760,0.4139236509799957,0.072115458548069,0.39952877163887024,"214,60,28,163,12","93,60,71,39,28",0:118:2|0:196:2|0:249:2
ckpt_3400.pt,0,761,0.4518146216869354,0.07331661880016327,0.42748069763183594,"224,218,204,154,67","101,61,196,46,22",0:266:2|0:309:2|0:341:2
ckpt_3400.pt,0,762,0.4297153353691101,0.07155249267816544,0.3831513822078705,"107,133,227,100,38","146,0,57,136,225",0:428:2|0:505:2|0:754:2
ckpt_3400.pt,0,763,0.43342792987823486,0.0839395746588707,0.4105687737464905,"239,97,173,243,46","100,159,238,176,113",0:44:2|0:476:2|0:624:2
ckpt_3400.pt,0,764,0.40410614013671875,0.07338456064462662,0.3992711007595062,"158,214,226,159,0","60,75,116,242,77",0:34:2|0:75:2|0:176:2
ckpt_3400.pt,0,765,0.432384729385376,0.07985392957925797,0.44055551290512085,"121,77,203,180,162","69,150,145,62,170",0:638:2|0:837:2|0:894:2
ckpt_3400.pt,0,766,0.3939228057861328,0.06529027223587036,0.4019910991191864,"144,193,0,3,177","67,19,56,49,134",0:40:2|0:542:2|0:34:1
ckpt_3400.pt,0,767,0.3821404278278351,0.0689140036702156,0.40932193398475647,"100,92,82,89,251","224,222,91,210,36",0:257:2|0:296:2|0:558:2
ckpt_3400.pt,0,768,0.4114687144756317,0.10144877433776855,0.3753339350223541,"241,243,7,67,252","26,166,30,250,228",0:191:2|0:592:2|0:656:2
ckpt_3400.pt,0,769,0.4251619577407837,0.06781516969203949,0.41190028190612793,"130,148,83,69,5","33,20,92,201,239",0:9:1|0:20:1|0:21:1
ckpt_3400.pt,0,770,0.42965084314346313,0.07557431608438492,0.41941237449645996,"102,128,44,230,2","26,221,235,52,34",0:97:2|0:392:2|0:2:1
ckpt_3400.pt,0,771,0.39241528511047363,0.0907532125711441,0.40430134534835815,"103,163,231,245,147","76,99,180,216,95",0:801:2|0:909:2|0:913:2
ckpt_3400.pt,0,772,0.40637633204460144,0.0701320543885231,0.40820515155792236,"159,241,56,62,104","135,102,25,222,82",0:219:2|0:375:2|0:453:2
ckpt_3400.pt,0,773,0.4273497462272644,0.08434130251407623,0.41893884539604187,"133,150,76,228,28","53,70,78,54,136",0:577:2|0:612:2|0:864:2
ckpt_3400.pt,0,774,0.40089166164398193,0.06853879988193512,0.40627384185791016,"105,194,119,217,31","253,194,229,56,226",0:98:2|0:617:2|0:732:2
ckpt_3400.pt,0,775,0.4527600407600403,0.082985058426857,0.41139063239097595,"119,90,165,166,17","56,242,152,154,14",0:50:2|0:224:2|0:261:2
ckpt_3400.pt,0,776,0.4286017417907715,0.07324270159006119,0.410616397857666,"176,25,146,15,135","122,116,198,139,15",0:813:3|0:136:2|0:10:1
ckpt_3400.pt,0,777,0.3910966217517853,0.09215828031301498,0.37130671739578247,"50,90,207,55,217","244,109,69,28,78",0:3:2|0:339:2|0:630:2
ckpt_3400.pt,0,778,0.4245672821998596,0.07338392734527588,0.40715306997299194,"53,25,5,21,206","206,25,105,145,185",0:114:2|0:133:2|0:639:2
ckpt_3400.pt,0,779,0.41869401931762695,0.07622154802083969,0.4136284291744232,"152,1,72,131,62","123,12,2,126,108",0:4:2|0:67:2|0:692:2
ckpt_3400.pt,0,780,0.3914015293121338,0.061980850994586945,0.39409175515174866,"56,222,250,227,37","255,81,222,117,192",0:219:2|0:404:2|0:578:2
ckpt_3400.pt,0,781,0.43760690093040466,0.07562421262264252,0.42238539457321167,"150,146,93,113,2","190,124,38,175,108",0:116:2|0:139:2|0:140:2
ckpt_3400.pt,0,782,0.41794082522392273,0.07398044317960739,0.3814379572868347,"18,191,83,159,119","30,245,104,217,10",0:419:2|0:470:2|0:570:2
ckpt_3400.pt,0,783,0.37566304206848145,0.05611291155219078,0.35236212611198425,"145,84,137,71,252","89,112,240,103,183",0:406:2|0:739:2|0:5:1
ckpt_3400.pt,0,784,0.4457417130470276,0.09332336485385895,0.40611129999160767,"97,243,206,25,217","211,92,104,53,101",0:349:2|0:573:2|0:763:2
ckpt_3400.pt,0,785,0.44475704431533813,0.0787239819765091,0.41615867614746094,"223,221,80,143,169","26,48,63,54,152",0:332:2|0:380:2|0:597:2
ckpt_3400.pt,0,786,0.3952833414077759,0.05763262137770653,0.3835912346839905,"93,57,123,4,146","197,123,238,128,155",0:238:2|0:645:2|0:781:2
ckpt_3400.pt,0,787,0.3977645933628082,0.062453366816043854,0.4012221097946167,"46,35,211,33,105","164,57,114,13,187",0:615:2|0:870:2|0:7:1
ckpt_3400.pt,0,788,0.409029483795166,0.0697551965713501,0.42374810576438904,"60,214,171,22,232","189,18,240,68,140",0:293:2|0:333:2|0:432:2
ckpt_3400.pt,0,789,0.4757578372955322,0.08299935609102249,0.47216424345970154,"230,150,35,121,93","41,23,230,73,49",0:698:2|0:781:2|0:820:2
ckpt_3400.pt,0,790,0.5963150858879089,0.10162370651960373,0.4814358353614807,"188,56,182,44,14","102,241,106,126,44",0:102:2|0:440:2|0:565:2
ckpt_3400.pt,0,791,0.4065421521663666,0.08793404698371887,0.3627704083919525,"214,20,199,52,27","160,124,235,41,92",0:251:2|0:968:2|0:2:1
ckpt_3400.pt,0,792,0.433246374130249,0.09899388253688812,0.41415953636169434,"173,223,141,16,183","51,101,130,146,211",0:549:2|0:934:2|0:946:2
ckpt_3400.pt,0,793,0.3371363878250122,0.06670781224966049,0.3989356756210327,"162,27,197,156,10","130,200,253,104,182",0:2:1|0:16:1|0:42:1
ckpt_3400.pt,0,794,0.34618067741394043,0.056531209498643875,0.3435504734516144,"87,170,11,64,25","165,44,193,221,146",0:111:2|0:136:2|0:435:2
ckpt_3400.pt,0,795,0.39347952604293823,0.09154864400625229,0.38470932841300964,"47,237,217,43,134","236,0,97,145,42",0:77:2|0:509:2|0:3:1
ckpt_3400.pt,0,796,0.44429558515548706,0.10679400712251663,0.3980562686920166,"133,45,219,16,22","209,255,6,242,91",0:95:2|0:661:2|0:754:2
ckpt_3400.pt,0,797,0.45273730158805847,0.08881863951683044,0.41065728664398193,"116,135,88,9,196","154,205,204,241,21",0:70:2|0:649:2|0:834:2
ckpt_3400.pt,0,798,0.42408695816993713,0.1002768725156784,0.4212437570095062,"125,143,249,186,237","194,113,134,96,153",0:808:2|0:872:2|0:5:1
ckpt_3400.pt,0,799,0.42880839109420776,0.08614594489336014,0.4006804823875427,"192,132,128,72,84","147,213,51,90,208",0:173:2|0:594:2|0:7:1
ckpt_3400.pt,0,800,0.42642518877983093,0.06705401837825775,0.3841419816017151,"1,191,41,237,185","158,185,97,210,104",0:206:2|0:4:1|0:10:1
ckpt_3400.pt,0,801,0.4560679495334625,0.10268041491508484,0.4045332670211792,"160,159,93,147,103","78,208,4,231,104",0:26:2|0:237:2|0:570:2
ckpt_3400.pt,0,802,0.3756599426269531,0.06262940168380737,0.3767944276332855,"192,36,24,99,69","225,3,156,48,165",0:184:2|0:314:2|0:376:2
ckpt_3400.pt,0,803,0.43185290694236755,0.09966365993022919,0.37666988372802734,"111,207,151,196,82","72,162,47,17,46",0:3:2|0:861:2|0:956:2
ckpt_3400.pt,0,804,0.4225069582462311,0.06889708340167999,0.4262944757938385,"67,96,205,87,43","62,158,146,198,60",0:592:2|0:11:1|0:22:1
ckpt_3400.pt,0,805,0.3710997402667999,0.0658944621682167,0.3780057728290558,"122,13,56,41,176","21,107,125,37,99",0:375:2|0:7:1|0:18:1
ckpt_3400.pt,0,806,0.39723169803619385,0.08555664867162704,0.3743945360183716,"213,84,165,249,117","48,255,90,66,155",0:197:2|0:526:2|0:590:2
ckpt_3400.pt,0,807,0.4219467043876648,0.08231785893440247,0.41720712184906006,"156,119,109,90,41","110,98,227,35,252",0:224:2|0:465:2|0:775:2
ckpt_3400.pt,0,808,0.42875567078590393,0.11686178296804428,0.3907856345176697,"211,165,143,116,249","155,128,122,138,50",0:306:2|0:506:2|0:590:2
ckpt_3400.pt,0,809,0.3998870551586151,0.07479932904243469,0.3777633309364319,"175,21,205,200,83","119,217,20,191,136",0:186:2|0:215:2|0:294:2
ckpt_3400.pt,0,810,0.45605406165122986,0.07850854843854904,0.44076359272003174,"251,20,169,71,187","49,142,132,128,46",0:363:2|0:715:2|0:832:2
ckpt_3400.pt,0,811,0.39998742938041687,0.06271535903215408,0.3863162100315094,"146,64,99,161,119","97,115,37,28,151",0:394:2|0:400:2|0:1002:2
ckpt_3400.pt,0,812,0.41121596097946167,0.0639229416847229,0.38108769059181213,"156,31,29,133,46","68,92,141,123,222",0:107:2|0:433:2|0:727:2
ckpt_3400.pt,0,813,0.43318307399749756,0.08143453299999237,0.42362549901008606,"25,176,137,15,85","174,57,245,51,44",0:776:3|0:68:2|0:136:2
ckpt_3400.pt,0,814,0.45674335956573486,0.07955002784729004,0.42974430322647095,"116,220,198,240,238","123,149,90,22,95",0:213:2|0:385:2|0:639:2
ckpt_3400.pt,0,815,0.427030473947525,0.082710862159729,0.4440620541572571,"27,35,3,253,131","69,205,125,210,3",0:114:2|0:269:2|0:603:2
ckpt_3400.pt,0,816,0.3829013705253601,0.066236212849617,0.3621414005756378,"107,99,131,91,136","192,37,186,188,165",0:99:2|0:352:2|0:365:2
ckpt_3400.pt,0,817,0.38239696621894836,0.06358803808689117,0.36944350600242615,"45,20,95,210,239","97,250,142,176,11",0:646:2|0:674:2|0:701:2
ckpt_3400.pt,0,818,0.39388003945350647,0.06814083456993103,0.3947747051715851,"16,170,220,247,136","21,84,230,171,247",0:136:2|0:195:2|0:965:2
ckpt_3400.pt,0,819,0.40068909525871277,0.07502073049545288,0.36253830790519714,"209,166,116,243,33","117,196,18,116,107",0:8:2|0:155:2|0:371:2
ckpt_3400.pt,0,820,0.42173463106155396,0.09775233268737793,0.3760826289653778,"164,50,121,141,150","244,240,195,72,199",0:469:2|0:699:2|0:789:2
ckpt_3400.pt,0,821,0.3747238218784332,0.06610887497663498,0.3729359805583954,"24,0,27,74,190","228,230,124,54,29",0:82:2|0:168:2|0:292:2
ckpt_3400.pt,0,822,0.4247402548789978,0.07468105107545853,0.38112524151802063,"236,4,47,251,219","152,150,128,143,236",0:14:2|0:95:2|0:112:2
ckpt_3400.pt,0,823,0.46273288130760193,0.08447813242673874,0.42466089129447937,"235,201,254,163,80","154,116,6,203,155",0:389:2|0:679:2|0:707:2
ckpt_3400.pt,0,824,0.3870525062084198,0.06710236519575119,0.3874549865722656,"107,174,104,94,225","156,240,5,6,18",0:268:2|0:516:2|0:584:2
ckpt_3400.pt,0,825,0.38901638984680176,0.08317137509584427,0.403492271900177,"209,81,138,102,165","69,7,17,140,145",0:602:2|0:4:1|0:8:1
ckpt_3400.pt,0,826,0.4362534284591675,0.0701286643743515,0.4313545525074005,"37,9,138,65,156","222,174,129,242,168",0:271:2|0:310:2|0:333:2
ckpt_3400.pt,0,827,0.3400854766368866,0.05643722414970398,0.3652724027633667,"81,195,140,10,221","82,141,67,217,169",0:228:2|0:403:2|0:469:2
ckpt_3400.pt,0,828,0.35058730840682983,0.06446847319602966,0.3268413841724396,"234,141,23,0,109","12,246,166,49,165",0:9:1|0:34:1|0:37:1
ckpt_3400.pt,0,829,0.4077073931694031,0.07096779346466064,0.4142574071884155,"164,93,50,205,20","102,56,61,181,54",0:146:2|0:240:2|0:354:2
ckpt_3400.pt,0,830,0.39391106367111206,0.06480193138122559,0.3771473169326782,"7,6,186,122,102","190,69,200,106,4",0:406:2|0:5:1|0:17:1
ckpt_3400.pt,0,831,0.3580654263496399,0.06894078105688095,0.3533796966075897,"43,95,5,26,27","146,117,103,183,149",0:168:2|0:374:2|0:733:2
ckpt_3400.pt,0,832,0.4020945131778717,0.0729016587138176,0.38534924387931824,"200,70,53,71,187","125,126,139,191,183",0:106:2|0:810:2|0:844:2
ckpt_3400.pt,0,833,0.3513007164001465,0.061300989240407944,0.3475535809993744,"41,230,250,45,135","122,163,18,192,182",0:204:2|0:225:2|0:304:2
ckpt_3400.pt,0,834,0.41712889075279236,0.09723778814077377,0.40940696001052856,"143,45,67,9,135","50,15,122,64,93",0:797:2|0:833:2|0:1021:2
ckpt_3400.pt,0,835,0.38352274894714355,0.08852182328701019,0.3707006871700287,"83,24,51,201,119","198,38,160,1,179",0:80:2|0:337:2|0:737:2
ckpt_3400.pt,0,836,0.4218231737613678,0.08555251359939575,0.4013024568557739,"242,206,148,183,212","81,82,250,190,63",0:515:2|0:27:1|0:42:1
ckpt_3400.pt,0,837,0.4382583200931549,0.08848346024751663,0.4124719202518463,"203,80,91,180,194","93,48,91,161,235",0:152:2|0:490:2|0:765:2
ckpt_3400.pt,0,838,0.3828459084033966,0.0667213723063469,0.3825441300868988,"15,193,168,145,112","102,154,74,177,75",0:544:2|0:757:2|0:946:2
ckpt_3400.pt,0,839,0.38376715779304504,0.09967370331287384,0.4010772109031677,"89,69,178,217,12","36,211,29,196,161",0:742:2|0:1:1|0:3:1
ckpt_3400.pt,0,840,0.4314146637916565,0.0844397097826004,0.3903152048587799,"22,102,67,83,77","243,47,106,204,232",0:303:2|0:11:1|0:17:1
ckpt_3400.pt,0,841,0.4294365346431732,0.09038612246513367,0.409466952085495,"7,202,46,246,184","57,173,58,84,90",0:581:2|0:688:2|0:44:1
ckpt_3400.pt,0,842,0.41721272468566895,0.08157733082771301,0.39743953943252563,"109,18,116,83,214","22,44,33,224,109",0:47:2|0:142:2|0:470:2
ckpt_3400.pt,0,843,0.3752060532569885,0.0674913227558136,0.3853113353252411,"154,13,199,222,152","25,173,40,194,36",0:295:2|0:586:2|0:0:1
ckpt_3400.pt,0,844,0.38796722888946533,0.07466978579759598,0.37763580679893494,"162,53,202,71,192","96,35,22,156,122",0:106:2|0:157:2|0:429:2
ckpt_3400.pt,0,845,0.42372703552246094,0.08372349292039871,0.42599061131477356,"122,49,182,57,76","235,248,80,3,219",0:46:3|0:203:2|0:568:2
ckpt_3400.pt,0,846,0.4478999078273773,0.11606484651565552,0.43843820691108704,"226,25,76,56,204","73,197,144,210,185",0:34:2|0:102:2|0:134:2
ckpt_3400.pt,0,847,0.3797511160373688,0.0799090638756752,0.4112822711467743,"31,71,72,178,101","245,51,83,21,9",0:978:2|0:5:1|0:24:1
ckpt_3400.pt,0,848,0.40821710228919983,0.0689968466758728,0.43081873655319214,"111,13,26,52,75","4,145,79,160,167",0:175:2|0:198:2|0:733:2
ckpt_3400.pt,0,849,0.4102003276348114,0.08163230866193771,0.40536296367645264,"14,213,208,6,69","205,198,150,161,212",0:739:2|0:897:2|0:4:1
ckpt_3400.pt,0,850,0.44542667269706726,0.08239715546369553,0.44687381386756897,"227,136,119,138,231","141,122,46,116,102",0:103:2|0:887:2|0:913:2
ckpt_3400.pt,0,851,0.39004960656166077,0.07754480838775635,0.39511358737945557,"179,230,237,46,255","180,153,14,220,227",0:49:2|0:134:2|0:282:2
ckpt_3400.pt,0,852,0.4016631245613098,0.061157964169979095,0.42368581891059875,"227,33,158,49,56","68,112,83,75,176",0:780:2|0:1000:2|0:1001:2
ckpt_3400.pt,0,853,0.40070420503616333,0.08052628487348557,0.3951007127761841,"218,254,3,29,27","141,46,123,7,196",0:107:2|0:156:2|0:815:2
ckpt_3400.pt,0,854,0.4122646152973175,0.10010174661874771,0.39300721883773804,"153,163,90,239,114","85,64,248,254,153",0:167:2|0:481:2|0:588:2
ckpt_3400.pt,0,855,0.43547430634498596,0.09270399063825607,0.39588087797164917,"43,185,100,102,189","146,244,16,162,217",0:77:2|0:485:2|0:11:1
ckpt_3400.pt,0,856,0.41917216777801514,0.06779788434505463,0.40663447976112366,"244,113,191,171,169","89,194,35,41,222",0:116:2|0:321:2|0:579:2
ckpt_3400.pt,0,857,0.4274241626262665,0.10197307169437408,0.4234403371810913,"49,128,177,71,68","63,39,23,194,43",0:129:2|0:331:2|0:644:2
ckpt_3400.pt,0,858,0.4383516311645508,0.08104688674211502,0.4166083335876465,"240,243,210,128,0","142,16,197,252,42",0:104:2|0:280:2|0:585:2
ckpt_3400.pt,0,859,0.4075656533241272,0.07273218035697937,0.3990526795387268,"134,125,78,113,255","182,161,216,35,115",0:139:2|0:386:2|0:520:2
ckpt_3400.pt,0,860,0.384766161441803,0.07233569025993347,0.39178556203842163,"53,4,160,42,111","100,80,185,63,11",0:95:2|0:264:2|0:531:2
ckpt_3400.pt,0,861,0.3981805145740509,0.07501184195280075,0.39515867829322815,"222,151,86,22,111","147,142,181,44,78",0:181:2|0:803:2|0:977:2
ckpt_3400.pt,0,862,0.4241636097431183,0.07592876255512238,0.39299476146698,"129,48,93,167,77","38,58,227,42,90",0:15:2|0:223:2|0:486:2
ckpt_3400.pt,0,863,0.37054261565208435,0.0765678733587265,0.4127636253833771,"53,73,116,153,130","150,214,110,31,117",0:353:2|0:973:2|0:0:1
ckpt_3400.pt,0,864,0.3892482817173004,0.07235623151063919,0.38915055990219116,"29,28,62,150,149","187,13,195,253,148",0:249:2|0:577:2|0:773:2
ckpt_3400.pt,0,865,0.41305011510849,0.08105931431055069,0.38039979338645935,"150,113,29,240,108","200,64,52,42,124",0:139:2|0:781:2|0:864:2
ckpt_3400.pt,0,866,0.3914956748485565,0.06402961909770966,0.3837302625179291,"57,122,118,135,124","46,222,89,165,97",0:166:2|0:845:2|0:18:1
ckpt_3400.pt,0,867,0.4154606759548187,0.0765087753534317,0.426955908536911,"254,99,251,155,90","236,56,40,5,55",0:598:2|0:14:1|0:41:1
ckpt_3400.pt,0,868,0.4397892653942108,0.0807480737566948,0.41777947545051575,"165,227,174,50,254","81,64,7,1,209",0:368:2|0:4:1|0:17:1
ckpt_3400.pt,0,869,0.37454459071159363,0.06564401090145111,0.3659685552120209,"73,124,245,63,119","42,45,172,133,34",0:1002:2|0:1016:2|0:2:1
ckpt_3400.pt,0,870,0.35237789154052734,0.07319401204586029,0.3575846254825592,"121,33,104,35,101","19,167,81,232,5",0:239:2|0:363:2|0:377:2
ckpt_3400.pt,0,871,0.42931732535362244,0.07663656771183014,0.42174065113067627,"130,122,8,220,155","125,150,107,158,176",0:105:2|0:166:2|0:530:2
ckpt_3400.pt,0,872,0.41631123423576355,0.08622744679450989,0.3914935290813446,"219,125,243,63,237","30,60,139,117,237",0:85:2|0:327:2|0:672:2
ckpt_3400.pt,0,873,0.41368311643600464,0.07610426098108292,0.43190404772758484,"250,240,60,62,236","104,66,74,6,10",0:287:2|0:293:2|0:546:2
ckpt_3400.pt,0,874,0.4076477587223053,0.08401922136545181,0.39752259850502014,"70,2,83,10,166","101,190,31,217,248",0:8:2|0:294:2|0:308:2
ckpt_3400.pt,0,875,0.4298381805419922,0.09841126203536987,0.40122583508491516,"111,30,29,212,52","97,150,9,82,201",0:107:2|0:848:2|0:0:1
ckpt_3400.pt,0,876,0.4217628538608551,0.0700192078948021,0.4034768044948578,"178,239,30,49,249","64,122,191,120,32",0:25:2|0:622:2|0:973:2
ckpt_3400.pt,0,877,0.42947685718536377,0.07430626451969147,0.41653650999069214,"53,50,62,184,77","136,126,135,214,158",0:287:2|0:372:2|0:894:2
ckpt_3400.pt,0,878,0.38017112016677856,0.0716715157032013,0.40981051325798035,"174,97,117,21,74","123,16,218,210,126",0:186:2|0:9:1|0:20:1
ckpt_3400.pt,0,879,0.45633751153945923,0.10442665219306946,0.42105725407600403,"30,247,14,174,232","82,13,170,11,86",0:160:2|0:214:2|0:459:2
ckpt_3400.pt,0,880,0.46354371309280396,0.09086211025714874,0.4316474497318268,"20,120,169,42,111","230,244,216,250,213",0:158:2|0:551:2|0:555:2
ckpt_3400.pt,0,881,0.519391655921936,0.0920700654387474,0.4524206817150116,"120,170,66,106,42","45,170,248,151,125",0:158:2|0:236:2|0:275:2
ckpt_3400.pt,0,882,0.43284058570861816,0.10379672050476074,0.4195919334888458,"133,253,194,6,190","229,109,189,193,251",0:199:2|0:1:1|0:22:1
ckpt_3400.pt,0,883,0.4675547480583191,0.09102527052164078,0.4305288791656494,"205,1,183,89,224","168,92,54,20,95",0:604:2|0:967:2|0:4:1
ckpt_3400.pt,0,884,0.3990762531757355,0.07451916486024857,0.4097110331058502,"205,23,169,52,46","8,162,133,90,227",0:9:1|0:25:1|0:35:1
ckpt_3400.pt,0,885,0.3868567943572998,0.076212078332901,0.39661985635757446,"212,40,149,31,14","185,20,110,107,44",0:653:2|0:1017:2|0:4:1
ckpt_3400.pt,0,886,0.4192599654197693,0.06797779351472855,0.4324014484882355,"112,70,143,132,255","38,121,154,132,171",0:348:2|0:627:2|0:8:1
ckpt_3400.pt,0,887,0.4069279730319977,0.07399015128612518,0.38833513855934143,"59,133,231,119,185","102,44,51,246,149",0:12:2|0:550:2|0:850:2
ckpt_3400.pt,0,888,0.3930853307247162,0.06630999594926834,0.38005560636520386,"69,223,101,143,177","163,222,162,4,51",0:239:2|0:468:2|0:751:2
ckpt_3400.pt,0,889,0.4246211647987366,0.07276890426874161,0.3971550464630127,"216,179,36,251,217","171,200,194,51,60",0:14:2|0:149:2|0:3:1
ckpt_3400.pt,0,890,0.36255836486816406,0.07970140874385834,0.36476272344589233,"217,86,90,230,6","125,135,85,95,191",0:327:2|0:698:2|0:777:2
ckpt_3400.pt,0,891,0.41476330161094666,0.08605537563562393,0.4005286991596222,"235,196,99,189,232","235,38,4,89,160",0:275:2|0:893:2|0:2:1
ckpt_3400.pt,0,892,0.40998122096061707,0.09434887021780014,0.41918155550956726,"58,212,82,48,43","100,169,38,118,181",0:15:1|0:22:1|0:28:1
ckpt_3400.pt,0,893,0.41466379165649414,0.08473904430866241,0.43193045258522034,"58,123,194,99,196","18,67,123,180,72",0:152:2|0:191:2|0:317:2
ckpt_3400.pt,0,894,0.4081015884876251,0.08587078750133514,0.42480817437171936,"53,121,77,219,98","29,123,77,189,25",0:207:2|0:427:2|0:567:2
ckpt_3400.pt,0,895,0.41011112928390503,0.07169172167778015,0.3888024091720581,"226,145,211,39,228","106,74,119,1,42",0:128:2|0:297:2|0:549:2
ckpt_3400.pt,0,896,0.3690135180950165,0.07055852562189102,0.38497498631477356,"134,226,140,101,251","195,7,82,52,185",0:62:2|0:751:2|0:14:1
ckpt_3400.pt,0,897,0.44081181287765503,0.07856868952512741,0.3989080786705017,"6,189,111,251,208","181,173,242,71,153",0:849:2|0:987:2|0:11:1
ckpt_3400.pt,0,898,0.3510238230228424,0.06327152997255325,0.37380653619766235,"231,241,235,3,15","171,11,18,253,66",0:508:2|0:512:2|0:561:2
ckpt_3400.pt,0,899,0.4281189739704132,0.09295273572206497,0.4439067542552948,"202,194,140,30,152","238,75,35,244,126",0:160:2|0:22:1|0:27:1
ckpt_3400.pt,0,900,0.3943402171134949,0.06660299003124237,0.35960617661476135,"29,27,112,121,76","251,233,160,137,30",0:107:2|0:153:2|0:268:2
ckpt_3400.pt,0,901,0.42546534538269043,0.09680189937353134,0.3906978368759155,"223,171,100,228,239","232,139,57,253,95",0:277:2|0:583:2|0:616:2
ckpt_3400.pt,0,902,0.40681853890419006,0.07464728504419327,0.3546253442764282,"162,16,0,154,135","53,253,216,54,29",0:75:2|0:0:1|0:20:1
ckpt_3400.pt,0,903,0.4101778566837311,0.06961556524038315,0.38031959533691406,"187,151,157,235,240","83,213,198,42,139",0:90:2|0:945:2|0:1:1
ckpt_3400.pt,0,904,0.39055654406547546,0.07059039175510406,0.3692660629749298,"157,30,50,76,20","124,166,95,3,110",0:274:2|0:354:2|0:566:2
ckpt_3400.pt,0,905,0.45205608010292053,0.10293672978878021,0.40793755650520325,"250,79,208,196,242","224,159,41,199,34",0:154:2|0:487:2|0:758:2
ckpt_3400.pt,0,906,0.42172810435295105,0.08685170859098434,0.388259619474411,"173,31,67,58,155","50,101,76,213,74",0:28:2|0:360:2|0:930:2
ckpt_3400.pt,0,907,0.3630393147468567,0.07548872381448746,0.37069064378738403,"165,201,232,134,170","251,225,29,241,146",0:45:2|0:337:2|0:2:1
ckpt_3400.pt,0,908,0.429547518491745,0.08605223149061203,0.41025441884994507,"48,174,236,215,126","114,115,174,55,248",0:210:2|0:682:2|0:986:2
ckpt_3400.pt,0,909,0.4134810268878937,0.10097181797027588,0.41042861342430115,"147,71,163,193,135","195,80,48,60,90",0:99:2|0:401:2|0:771:2
ckpt_3400.pt,0,910,0.4137476086616516,0.09033609926700592,0.39805880188941956,"26,13,242,38,237","64,77,46,163,213",0:362:2|0:443:2|0:635:2
ckpt_3400.pt,0,911,0.388143926858902,0.07277718931436539,0.3958616256713867,"196,178,133,11,14","118,9,40,202,121",0:25:2|0:102:2|0:178:2
ckpt_3400.pt,0,912,0.3828563392162323,0.07957636564970016,0.3932502269744873,"182,14,179,122,150","219,134,172,110,127",0:225:2|0:495:2|0:790:2
ckpt_3400.pt,0,913,0.3612927794456482,0.06617795675992966,0.3682255446910858,"119,81,231,55,163","184,230,140,111,51",0:771:2|0:850:2|0:887:2
ckpt_3400.pt,0,914,0.37318530678749084,0.06529122591018677,0.35594847798347473,"134,149,46,16,55","171,90,213,198,178",0:422:2|0:29:1|0:44:1
ckpt_3400.pt,0,915,0.436307430267334,0.09863952547311783,0.3863386809825897,"225,67,27,171,44","73,35,142,112,47",0:2:2|0:64:2|0:208:2
ckpt_3400.pt,0,916,0.42296576499938965,0.08835979551076889,0.40836915373802185,"143,254,2,86,39","158,38,155,137,218",0:943:2|0:1:1|0:18:1
ckpt_3400.pt,0,917,0.42244574427604675,0.08195935934782028,0.39850935339927673,"237,71,159,113,209","166,69,137,247,12",0:522:3|0:5:2|0:19:2
ckpt_3400.pt,0,918,0.4256879985332489,0.08536088466644287,0.4239146411418915,"150,70,9,120,220","47,197,115,211,170",0:609:3|0:8:2|0:446:2
ckpt_3400.pt,0,919,0.44856157898902893,0.11428651213645935,0.40917837619781494,"69,139,46,4,26","127,50,243,245,119",0:9:1|0:14:1|0:20:1
ckpt_3400.pt,0,920,0.3594532012939453,0.07290732115507126,0.3807137608528137,"218,10,211,194,69","82,14,162,120,208",0:670:3|0:309:2|0:676:2
ckpt_3400.pt,0,921,0.4078541696071625,0.07981305569410324,0.3986174464225769,"59,202,144,101,103","48,93,1,95,199",0:619:2|0:961:2|0:12:1
ckpt_3400.pt,0,922,0.44201987981796265,0.08006605505943298,0.41357284784317017,"0,102,160,75,146","215,143,27,13,102",0:258:2|0:17:1|0:24:1
ckpt_3400.pt,0,923,0.3625010550022125,0.06576329469680786,0.39434126019477844,"106,147,204,142,55","203,55,136,19,219",0:21:1|0:29:1|0:38:1
ckpt_3400.pt,0,924,0.42366158962249756,0.0761033222079277,0.3866756856441498,"63,167,9,23,55","65,234,2,44,28",0:29:2|0:298:2|0:373:2
ckpt_3400.pt,0,925,0.3669876754283905,0.07224670052528381,0.40809616446495056,"36,222,118,116,171","74,249,254,2,201",0:166:2|0:181:2|0:404:2
ckpt_3400.pt,0,926,0.43693065643310547,0.0840459018945694,0.40832605957984924,"58,51,105,183,114","128,113,21,176,76",0:515:2|0:601:2|0:719:2
ckpt_3400.pt,0,927,0.34424155950546265,0.0627804845571518,0.350879967212677,"191,141,22,253,10","201,179,137,122,99",0:16:2|0:418:2|0:676:2
ckpt_3400.pt,0,928,0.37179967761039734,0.07024598866701126,0.38188183307647705,"250,206,207,104,49","202,246,248,20,220",0:3:2|0:263:2|0:13:1
ckpt_3400.pt,0,929,0.36672502756118774,0.06376735866069794,0.38317111134529114,"136,117,209,183,53","194,86,181,171,128",0:515:2|0:8:1|0:27:1
ckpt_3400.pt,0,930,0.4308212399482727,0.08221107721328735,0.39074084162712097,"134,31,129,155,185","217,64,28,251,43",0:356:2|0:906:2|0:12:1
ckpt_3400.pt,0,931,0.38639310002326965,0.06667649000883102,0.38071152567863464,"47,36,175,228,162","136,98,70,143,101",0:108:2|0:571:2|0:677:2
ckpt_3400.pt,0,932,0.46092671155929565,0.09654618799686432,0.4142991304397583,"17,160,105,247,21","197,249,199,107,50",0:373:2|0:424:2|0:456:2
ckpt_3400.pt,0,933,0.4382365047931671,0.06689759343862534,0.3870457708835602,"160,60,223,64,130","140,198,131,124,108",0:491:2|0:597:2|0:8:1
ckpt_3400.pt,0,934,0.3810936510562897,0.08132832497358322,0.37951430678367615,"50,183,213,175,173","135,231,90,87,10",0:792:2|0:962:2|0:6:1
ckpt_3400.pt,0,935,0.4091547727584839,0.08027199655771255,0.42849794030189514,"152,145,89,17,220","2,76,135,197,84",0:196:2|0:328:2|0:385:2
ckpt_3400.pt,0,936,0.36843833327293396,0.07823722809553146,0.3643200993537903,"15,251,29,20,142","41,78,97,7,85",0:303:2|0:715:2|0:810:2
ckpt_3400.pt,0,937,0.46784546971321106,0.0886714980006218,0.39733079075813293,"243,102,69,3,87","24,7,171,221,43",0:184:2|0:202:2|0:9:1
ckpt_3400.pt,0,938,0.4520875811576843,0.08432983607053757,0.42164263129234314,"145,37,246,50,247","50,121,237,152,38",0:962:2|0:41:1|0:56:1
ckpt_3400.pt,0,939,0.39984142780303955,0.08210635930299759,0.39080801606178284,"241,112,176,35,118","188,205,65,59,113",0:521:2|0:1014:2|0:26:1
ckpt_3400.pt,0,940,0.4301372170448303,0.07036812603473663,0.4365988075733185,"158,46,11,17,208","203,166,136,167,41",0:261:2|0:599:2|0:701:2
ckpt_3400.pt,0,941,0.421644389629364,0.07709655910730362,0.3897942304611206,"13,249,189,140,95","201,89,119,253,202",0:120:2|0:11:1|0:18:1
ckpt_3400.pt,0,942,0.40980759263038635,0.0827491506934166,0.41459837555885315,"237,71,238,155,152","127,98,234,178,37",0:917:2|0:978:2|0:5:1
ckpt_3400.pt,0,943,0.3993445932865143,0.06712451577186584,0.3824027478694916,"220,204,64,39,254","208,252,77,88,45",0:60:2|0:94:2|0:696:2
ckpt_3400.pt,0,944,0.3763240575790405,0.06425017863512039,0.38744205236434937,"214,96,141,41,24","172,124,254,133,250",0:135:2|0:705:2|0:36:1
ckpt_3400.pt,0,945,0.34873583912849426,0.07061570137739182,0.335517555475235,"87,234,235,240,120","187,14,117,22,212",0:658:2|0:903:2|0:42:1
ckpt_3400.pt,0,946,0.37367942929267883,0.06306049227714539,0.40757742524147034,"145,141,173,193,108","55,197,2,199,223",0:792:2|0:838:2|0:33:1
ckpt_3400.pt,0,947,0.3995925486087799,0.09636586904525757,0.3936813473701477,"48,56,152,6,205","127,240,14,121,40",0:35:2|0:145:2|0:180:2
ckpt_3400.pt,0,948,0.38217997550964355,0.05763474851846695,0.3920406401157379,"37,49,38,63,165","131,100,255,66,179",0:41:2|0:104:2|0:329:2
ckpt_3400.pt,0,949,0.39484477043151855,0.06908679008483887,0.38694044947624207,"215,24,76,6,42","137,197,43,74,110",0:301:2|0:726:2|0:11:1
ckpt_3400.pt,0,950,0.4031052589416504,0.07427886128425598,0.40269482135772705,"16,181,229,150,87","80,170,40,103,26",0:86:2|0:8:1|0:42:1
ckpt_3400.pt,0,951,0.4335422217845917,0.08030468225479126,0.4295504689216614,"128,135,223,14,51","6,13,1,52,102",0:4:1|0:7:1|0:25:1
ckpt_3400.pt,0,952,0.39402249455451965,0.0644419714808464,0.4056153893470764,"71,73,1,197,9","227,2,194,129,124",0:743:2|0:4:1|0:5:1
ckpt_3400.pt,0,953,0.4085782766342163,0.09639767557382584,0.3907962739467621,"49,137,5,151,142","115,193,219,16,27",0:3:2|0:36:1|0:44:1
ckpt_3400.pt,0,954,0.3789028227329254,0.07626469433307648,0.37245696783065796,"63,116,231,232,61","13,15,233,148,175",0:2:3|0:353:2|0:369:2
ckpt_3400.pt,0,955,0.43120718002319336,0.08733559399843216,0.3966106176376343,"4,162,140,151,243","16,39,215,142,9",0:238:2|0:307:2|0:3:1
ckpt_3400.pt,0,956,0.4382058084011078,0.0841938927769661,0.41200029850006104,"179,207,54,151,66","46,109,212,229,228",0:3:2|0:437:2|0:478:2
ckpt_3400.pt,0,957,0.4292120337486267,0.07385734468698502,0.402241975069046,"37,160,2,172,188","32,123,178,115,70",0:343:2|0:345:2|0:367:2
ckpt_3400.pt,0,958,0.4364633858203888,0.07593090087175369,0.41826745867729187,"108,211,192,51,152","16,143,52,251,118",0:7:1|0:33:1|0:67:1
ckpt_3400.pt,0,959,0.4365557134151459,0.08595284819602966,0.3913118541240692,"25,44,47,49,126","234,13,149,93,59",0:84:2|0:392:2|0:423:2
ckpt_3400.pt,0,960,0.43192705512046814,0.08056185394525528,0.41594722867012024,"169,246,189,42,157","46,223,92,55,228",0:11:2|0:459:2|0:740:2
ckpt_3400.pt,0,961,0.43263640999794006,0.08155108243227005,0.3859643340110779,"59,17,123,28,101","242,231,207,16,126",0:261:2|0:379:2|0:517:2
ckpt_3400.pt,0,962,0.4008936882019043,0.07751934230327606,0.41949671506881714,"213,247,50,74,19","250,223,215,152,144",0:289:2|0:934:2|0:938:2
ckpt_3400.pt,0,963,0.4087907373905182,0.06502541154623032,0.401946097612381,"165,192,37,60,226","137,40,76,199,38",0:41:2|0:643:2|0:948:2
ckpt_3400.pt,0,964,0.3624224066734314,0.06332419067621231,0.3795931041240692,"174,95,251,237,209","109,120,142,63,186",0:522:2|0:529:2|0:917:2
ckpt_3400.pt,0,965,0.4139684736728668,0.07476691156625748,0.4126409888267517,"247,119,136,216,13","194,144,7,183,118",0:50:2|0:87:2|0:818:2
ckpt_3400.pt,0,966,0.4276152551174164,0.07395844161510468,0.4071179926395416,"105,102,175,199,82","113,32,81,196,116",0:71:2|0:241:2|0:265:2
ckpt_3400.pt,0,967,0.4105098247528076,0.07255923002958298,0.3989010155200958,"152,27,1,103,89","205,85,59,29,30",0:82:2|0:196:2|0:779:2
ckpt_3400.pt,0,968,0.44624239206314087,0.08987799286842346,0.3789767026901245,"199,20,201,138,136","155,88,239,50,214",0:791:2|0:850:2|0:45:1
ckpt_3400.pt,0,969,0.4402458667755127,0.08031930029392242,0.411824494600296,"44,153,89,222,113","80,164,248,234,110",0:13:2|0:234:2|0:424:2
ckpt_3400.pt,0,970,0.40157341957092285,0.0715651884675026,0.4040846824645996,"141,72,107,114,185","151,194,56,62,66",0:250:2|0:273:2|0:12:1
ckpt_3400.pt,0,971,0.43961581587791443,0.08727971464395523,0.40346798300743103,"168,62,151,113,37","224,44,30,68,95",0:56:2|0:217:2|0:401:2
ckpt_3400.pt,0,972,0.3824944496154785,0.06360089033842087,0.40386101603507996,"226,162,214,53,133","245,17,143,123,156",0:157:2|0:477:2|0:764:2
ckpt_3400.pt,0,973,0.3981782793998718,0.06546841561794281,0.39521804451942444,"49,153,249,116,32","120,80,113,248,13",0:129:2|0:808:2|0:863:2
ckpt_3400.pt,0,974,0.3781718909740448,0.06631208211183548,0.37277042865753174,"35,236,47,206,12","151,132,192,106,117",0:822:2|0:987:2|0:1:1
ckpt_3400.pt,0,975,0.3884817957878113,0.08241909742355347,0.3837321996688843,"137,228,59,37,240","13,215,59,144,118",0:383:2|0:12:1|0:15:1
ckpt_3400.pt,0,976,0.42388153076171875,0.08321230113506317,0.41144227981567383,"30,179,195,196,92","89,71,117,220,181",0:444:2|0:478:2|0:613:2
ckpt_3400.pt,0,977,0.38922038674354553,0.06433213502168655,0.37747660279273987,"220,151,205,216,22","19,111,35,68,48",0:176:2|0:215:2|0:437:2
ckpt_3400.pt,0,978,0.43820685148239136,0.07284007221460342,0.4093291461467743,"16,31,237,71,27","173,211,16,98,60",0:107:2|0:847:2|0:917:2
ckpt_3400.pt,0,979,0.41256818175315857,0.07833541929721832,0.41976454854011536,"28,84,176,136,9","39,240,29,25,64",0:351:2|0:612:2|0:693:2
ckpt_3400.pt,0,980,0.35726797580718994,0.05947387218475342,0.3609636723995209,"182,62,144,195,239","53,222,174,82,20",0:287:2|0:4:1|0:11:1
ckpt_3400.pt,0,981,0.3703494668006897,0.06088986247777939,0.36557522416114807,"25,120,97,56,246","252,189,83,197,119",0:102:2|0:573:2|0:784:2
ckpt_3400.pt,0,982,0.42118415236473083,0.06834027916193008,0.3746018707752228,"231,190,130,32,198","143,18,13,106,7",0:278:2|0:285:2|0:543:2
ckpt_3400.pt,0,983,0.420152872800827,0.07308709621429443,0.3957006335258484,"200,74,167,156,71","237,46,211,91,55",0:49:2|0:832:2|0:1:1
ckpt_3400.pt,0,984,0.45996445417404175,0.09991210699081421,0.39871206879615784,"98,91,231,159,20","181,191,183,120,3",0:419:2|0:451:2|0:522:2
ckpt_3400.pt,0,985,0.3927856683731079,0.08945607393980026,0.381954550743103,"248,231,252,156,69","245,71,170,224,28",0:738:2|0:2:1|0:9:1
ckpt_3400.pt,0,986,0.36787739396095276,0.07226701825857162,0.35819676518440247,"245,126,150,215,171","197,124,104,159,179",0:357:2|0:908:2|0:8:1
ckpt_3400.pt,0,987,0.4260726869106293,0.09575234353542328,0.41833436489105225,"236,67,111,251,12","67,201,48,93,239",0:382:2|0:822:2|0:897:2
ckpt_3400.pt,0,988,0.4238843023777008,0.08143489807844162,0.409903883934021,"97,128,68,13,226","71,47,27,123,43",0:125:2|0:286:2|0:476:2
ckpt_3400.pt,0,989,0.4528515338897705,0.08436160534620285,0.400036096572876,"217,48,236,230,183","239,52,55,248,211",0:27:2|0:32:2|0:515:2
ckpt_3400.pt,0,990,0.4033562242984772,0.0706804096698761,0.39043059945106506,"169,250,148,145,202","195,124,75,81,92",0:629:2|0:48:1|0:68:1
ckpt_3400.pt,0,991,0.39475539326667786,0.07532202452421188,0.39308175444602966,"253,29,101,244,157","226,1,82,171,113",0:1:2|0:62:2|0:295:2
ckpt_3400.pt,0,992,0.41507235169410706,0.07742594927549362,0.4046797752380371,"42,47,144,16,176","6,55,247,41,73",0:320:2|0:11:1|0:16:1
ckpt_3400.pt,0,993,0.3967190980911255,0.08753317594528198,0.3874044120311737,"126,146,77,28,136","77,62,116,232,255",0:582:2|0:979:2|0:13:1
ckpt_3400.pt,0,994,0.37122222781181335,0.05961305648088455,0.3761667311191559,"38,72,4,157,23","102,100,9,171,213",0:259:2|0:675:2|0:1:1
ckpt_3400.pt,0,995,0.4046422243118286,0.07186994701623917,0.40428468585014343,"62,159,38,208,71","46,48,136,22,150",0:378:2|0:772:2|0:917:2
ckpt_3400.pt,0,996,0.423109769821167,0.09047534316778183,0.43127408623695374,"215,190,25,251,17","54,246,21,130,190",0:497:2|0:517:2|0:14:1
ckpt_3400.pt,0,997,0.3907880187034607,0.07351354509592056,0.3957580029964447,"11,222,124,158,210","25,149,180,229,210",0:155:2|0:181:2|0:201:2
ckpt_3400.pt,0,998,0.4013392925262451,0.06419522315263748,0.39230841398239136,"153,115,27,9,72","197,82,235,30,16",0:298:2|0:524:2|0:2:1
ckpt_3400.pt,0,999,0.34442269802093506,0.09455543011426926,0.3897700011730194,"10,218,39,41,104","0,185,23,193,47",0:270:3|0:69:2|0:224:2
ckpt_3400.pt,0,1000,0.4093828499317169,0.0799890011548996,0.40671083331108093,"255,56,246,167,227","93,174,121,214,182",0:49:2|0:124:2|0:780:2
ckpt_3400.pt,0,1001,0.3686508238315582,0.062272537499666214,0.3830896019935608,"158,34,49,1,216","127,4,201,124,221",0:192:2|0:286:2|0:666:2
ckpt_3400.pt,0,1002,0.3721289336681366,0.07667237520217896,0.37581923604011536,"179,245,161,193,119","206,139,219,193,236",0:33:2|0:50:2|0:87:2
ckpt_3400.pt,0,1003,0.4242931306362152,0.083835668861866,0.43582412600517273,"41,212,216,189,159","65,49,59,119,62",0:488:2|0:570:2|0:11:1
ckpt_3400.pt,0,1004,0.40083587169647217,0.0847480371594429,0.40867069363594055,"239,161,90,98,138","181,218,41,9,159",0:207:2|0:698:2|0:854:2
ckpt_3400.pt,0,1005,0.42671340703964233,0.07721514254808426,0.41522565484046936,"67,74,186,30,234","215,103,116,24,40",0:662:2|0:697:2|0:5:1
ckpt_3400.pt,0,1006,0.4245525002479553,0.0786454975605011,0.37379053235054016,"197,231,43,21,13","223,84,211,29,77",0:83:2|0:147:2|0:451:2
ckpt_3400.pt,0,1007,0.4029323160648346,0.0703086107969284,0.3977627456188202,"165,226,194,70,191","197,12,255,173,215",0:16:2|0:160:2|0:473:2
ckpt_3400.pt,0,1008,0.38990283012390137,0.08105352520942688,0.38484612107276917,"3,105,151,67,175","12,177,11,163,68",0:71:2|0:966:2|0:3:1
ckpt_3400.pt,0,1009,0.3926529884338379,0.06909189373254776,0.3750583529472351,"53,111,62,48,60","166,11,217,172,110",0:287:2|0:531:2|0:755:2
ckpt_3400.pt,0,1010,0.3858751952648163,0.07304423302412033,0.39092114567756653,"212,83,221,2,219","236,66,27,133,222",0:411:2|0:874:2|0:18:1
ckpt_3400.pt,0,1011,0.39085355401039124,0.06529586017131805,0.38208919763565063,"245,35,79,102,50","15,189,48,159,241",0:306:2|0:17:1|0:24:1
ckpt_3400.pt,0,1012,0.3746715784072876,0.058186762034893036,0.39364099502563477,"204,102,107,94,70","116,90,154,73,136",0:39:2|0:96:2|0:824:2
ckpt_3400.pt,0,1013,0.4066251516342163,0.0736667662858963,0.4043324291706085,"226,4,211,216,17","103,131,81,7,161",0:549:2|0:556:2|0:590:2
ckpt_3400.pt,0,1014,0.4282476603984833,0.09171654284000397,0.4257352948188782,"112,156,227,38,176","7,171,58,232,100",0:762:2|0:939:2|0:17:1
ckpt_3400.pt,0,1015,0.4040587544441223,0.06921494752168655,0.3874721825122833,"143,163,82,85,202","40,78,170,218,138",0:216:2|0:644:2|0:1021:2
ckpt_3400.pt,0,1016,0.44255197048187256,0.0755150094628334,0.4143507182598114,"136,124,215,119,133","236,59,62,45,9",0:850:2|0:869:2|0:887:2
ckpt_3400.pt,0,1017,0.3938599228858948,0.06984809041023254,0.36216652393341064,"212,187,31,222,7","169,52,6,61,68",0:414:2|0:695:2|0:885:2
ckpt_3400.pt,0,1018,0.4057125151157379,0.07336386293172836,0.3988129496574402,"225,219,142,7,145","177,38,58,9,83",0:233:2|0:53:1|0:71:1
ckpt_3400.pt,0,1019,0.4085618257522583,0.08560949563980103,0.42043614387512207,"169,137,102,178,244","138,92,0,114,220",0:17:2|0:321:2|0:361:2
ckpt_3400.pt,0,1020,0.3867110013961792,0.07092952728271484,0.37010475993156433,"143,14,230,92,80","193,30,141,32,242",0:357:2|0:374:2|0:380:2
ckpt_3400.pt,0,1021,0.40229201316833496,0.06605546176433563,0.36857956647872925,"182,202,163,9,45","22,51,173,209,177",0:95:2|0:225:2|0:834:2
ckpt_3400.pt,0,1022,0.4150116443634033,0.08797153830528259,0.40100809931755066,"210,75,238,150,56","193,13,33,239,177",0:500:2|0:7:1|0:8:1
ckpt_3400.pt,0,1023,0.4362727701663971,0.07792143523693085,0.4390193521976471,"241,135,31,104,89","240,170,81,72,178",0:69:2|0:348:2|0:649:2
ckpt_3400.pt,1,0,0.46682754158973694,0.10290169715881348,0.4075830280780792,"167,27,31,87,169","163,40,32,110,233",1:77:2|1:199:2|1:791:2
ckpt_3400.pt,1,1,0.46328863501548767,0.08350756764411926,0.4142613708972931,"197,137,189,114,145","100,178,247,22,107",1:13:2|1:148:2|1:435:2
ckpt_3400.pt,1,2,0.4457365572452545,0.09001415222883224,0.37869662046432495,"39,241,206,178,174","156,125,57,169,196",1:440:2|1:652:2|1:974:2
ckpt_3400.pt,1,3,0.48245769739151,0.07826782763004303,0.4072374999523163,"146,178,144,168,201","131,45,60,161,90",1:974:2|1:2:1|1:14:1
ckpt_3400.pt,1,4,0.4661532938480377,0.08506963402032852,0.35000312328338623,"250,118,48,39,52","52,151,185,80,96",1:20:2|1:217:2|1:611:2
ckpt_3400.pt,1,5,0.4035443365573883,0.06276439130306244,0.3626185357570648,"92,128,52,91,19","81,13,240,243,201",1:234:2|1:366:2|1:587:2
ckpt_3400.pt,1,6,0.41733381152153015,0.07484116405248642,0.38665515184402466,"234,39,71,134,129","97,207,254,233,164",1:2:1|1:4:1|1:24:1
ckpt_3400.pt,1,7,0.4790899157524109,0.10718821734189987,0.40214747190475464,"77,34,75,126,32","186,205,152,66,203",1:561:2|1:11:1|1:16:1
ckpt_3400.pt,1,8,0.47384896874427795,0.09815742820501328,0.3930695652961731,"128,85,196,99,250","142,191,105,46,116",1:451:2|1:4:1|1:5:1
ckpt_3400.pt,1,9,0.47773000597953796,0.08739981800317764,0.42006367444992065,"220,13,26,160,7","144,249,212,11,247",1:59:2|1:364:2|1:478:2
ckpt_3400.pt,1,10,0.44391167163848877,0.10017476230859756,0.41485148668289185,"249,4,110,164,123","107,56,223,141,86",1:417:2|1:501:2|1:27:1
ckpt_3400.pt,1,11,0.4670485556125641,0.0852932557463646,0.3699752390384674,"19,136,60,238,77","208,177,189,162,111",1:53:2|1:322:2|1:330:2
ckpt_3400.pt,1,12,0.5306476950645447,0.11043823510408401,0.45993560552597046,"90,165,25,61,70","118,122,53,19,253",1:55:2|1:252:2|1:370:2
ckpt_3400.pt,1,13,0.46585413813591003,0.08536669611930847,0.3953084349632263,"197,217,103,189,208","26,216,167,38,250",1:1:2|1:22:2|1:886:2
ckpt_3400.pt,1,14,0.43124648928642273,0.07879863679409027,0.3879832327365875,"144,42,183,59,87","143,188,6,154,96",1:349:2|1:1006:2|1:0:1
ckpt_3400.pt,1,15,0.4849840998649597,0.0931282639503479,0.41677126288414,"189,29,88,104,36","8,251,39,24,29",1:365:2|1:1021:2|1:1:1
ckpt_3400.pt,1,16,0.42730677127838135,0.08160494267940521,0.37353119254112244,"77,137,160,217,88","139,22,52,196,189",1:43:2|1:322:2|1:483:2
ckpt_3400.pt,1,17,0.4325459599494934,0.07905123382806778,0.4014638066291809,"131,46,217,70,236","130,239,63,179,228",1:143:2|1:183:2|1:312:2
ckpt_3400.pt,1,18,0.44068434834480286,0.07649075239896774,0.35379764437675476,"75,248,53,46,3","210,164,23,123,175",1:404:2|1:519:2|1:565:2
ckpt_3400.pt,1,19,0.4273642897605896,0.07594011723995209,0.39506784081459045,"235,226,105,26,245","100,238,70,101,123",1:32:2|1:446:2|1:470:2
ckpt_3400.pt,1,20,0.4198227822780609,0.06969033926725388,0.3594658076763153,"95,239,52,118,107","146,213,137,46,3",1:4:2|1:68:2|1:217:2
ckpt_3400.pt,1,21,0.42758098244667053,0.06486478447914124,0.3872094452381134,"38,113,212,240,144","107,23,153,253,133",1:619:2|1:3:1|1:14:1
ckpt_3400.pt,1,22,0.4473951458930969,0.08670730143785477,0.40758004784584045,"197,103,75,228,41","108,154,48,210,20",1:13:2|1:397:2|1:542:2
ckpt_3400.pt,1,23,0.47427886724472046,0.09116040170192719,0.4055369794368744,"64,137,19,158,254","71,145,112,179,152",1:704:2|1:846:2|1:861:2
ckpt_3400.pt,1,24,0.4658660292625427,0.11041239649057388,0.3898005485534668,"149,51,71,236,88","4,222,206,130,83",1:39:2|1:744:2|1:6:1
ckpt_3400.pt,1,25,0.39106765389442444,0.07907473295927048,0.3854542076587677,"43,163,45,250,109","211,166,178,22,250",1:133:2|1:235:2|1:307:2
ckpt_3400.pt,1,26,0.46824973821640015,0.08104601502418518,0.40817955136299133,"23,191,168,176,218","11,159,18,59,106",1:170:2|1:182:2|1:338:2
ckpt_3400.pt,1,27,0.43573495745658875,0.07989878207445145,0.3611438274383545,"137,172,188,4,102","4,122,87,88,185",1:398:2|1:417:2|1:1:1
ckpt_3400.pt,1,28,0.4439224898815155,0.07386917620897293,0.4000881314277649,"197,240,57,98,10","55,96,205,239,82",1:64:2|1:472:2|1:541:2
ckpt_3400.pt,1,29,0.47573229670524597,0.10145419090986252,0.39986810088157654,"142,110,34,183,177","156,251,231,223,82",1:351:2|1:614:2|1:1011:2
ckpt_3400.pt,1,30,0.39467787742614746,0.08123303204774857,0.36664018034935,"61,174,98,229,66","156,225,218,164,32",1:341:2|1:735:2|1:740:2
ckpt_3400.pt,1,31,0.46965861320495605,0.10544963926076889,0.40644127130508423,"101,221,163,230,74","8,229,33,120,75",1:72:2|1:90:2|1:288:2
ckpt_3400.pt,1,32,0.484098881483078,0.09312710165977478,0.4073324203491211,"157,245,108,105,151","251,171,67,223,3",1:19:2|1:291:2|1:470:2
ckpt_3400.pt,1,33,0.4328813850879669,0.09658650308847427,0.34356382489204407,"85,105,97,95,20","244,42,184,131,229",1:515:2|1:8:1|1:19:1
ckpt_3400.pt,1,34,0.43457311391830444,0.08841180801391602,0.36870044469833374,"206,50,73,150,126","129,76,182,243,208",1:592:2|1:899:2|1:2:1
ckpt_3400.pt,1,35,0.44533854722976685,0.1012747585773468,0.3710770905017853,"112,123,104,196,132","197,161,109,42,33",1:799:2|1:872:2|1:926:2
ckpt_3400.pt,1,36,0.442192018032074,0.09590186178684235,0.4057569205760956,"179,198,255,140,191","168,200,4,117,93",1:693:2|1:843:2|1:859:2
ckpt_3400.pt,1,37,0.4854055643081665,0.09111393988132477,0.3743671476840973,"240,234,192,254,12","212,231,65,15,9",1:81:2|1:316:2|1:6:1
ckpt_3400.pt,1,38,0.4804641902446747,0.07959721982479095,0.4242980480194092,"153,77,237,113,252","217,65,98,121,114",1:445:2|1:575:2|1:7:1
ckpt_3400.pt,1,39,0.42695382237434387,0.09734699875116348,0.35624486207962036,"20,51,24,149,101","229,1,160,243,23",1:24:2|1:64:2|1:557:2
ckpt_3400.pt,1,40,0.4522360563278198,0.09690408408641815,0.4436696469783783,"40,242,230,56,3","184,68,232,176,180",1:374:2|1:18:1|1:31:1
ckpt_3400.pt,1,41,0.4913974106311798,0.0926949679851532,0.4345170557498932,"209,181,36,225,94","67,13,60,7,61",1:109:2|1:132:2|1:377:2
ckpt_3400.pt,1,42,0.4004863202571869,0.07336892187595367,0.3826925456523895,"199,142,137,250,36","177,212,140,103,163",1:220:2|1:597:2|1:1:1
ckpt_3400.pt,1,43,0.4993024468421936,0.09536940604448318,0.43722209334373474,"180,217,41,77,74","170,233,241,240,150",1:16:2|1:322:2|1:344:2
ckpt_3400.pt,1,44,0.397954523563385,0.0792018324136734,0.3763529062271118,"203,80,220,145,14","194,90,241,26,217",1:198:2|1:219:2|1:301:2
ckpt_3400.pt,1,45,0.49958422780036926,0.09780886769294739,0.42528465390205383,"80,7,31,89,45","230,205,212,158,178",1:168:2|1:192:2|1:231:2
ckpt_3400.pt,1,46,0.4988805949687958,0.099301777780056,0.43549978733062744,"209,203,15,45,253","48,233,167,87,240",1:171:2|1:635:2|1:808:2
ckpt_3400.pt,1,47,0.4395407438278198,0.08744967728853226,0.41254615783691406,"175,114,72,89,164","229,188,82,145,72",1:407:2|1:503:2|1:805:2
ckpt_3400.pt,1,48,0.4288179874420166,0.10176490247249603,0.3479369580745697,"237,122,112,76,241","92,254,18,136,157",1:558:2|1:2:1|1:35:1
ckpt_3400.pt,1,49,0.40122491121292114,0.0692635327577591,0.4003056585788727,"143,37,219,187,13","5,169,36,229,170",1:245:2|1:357:2|1:360:2
ckpt_3400.pt,1,50,0.45314040780067444,0.11059311032295227,0.36655354499816895,"116,73,67,43,29","208,112,211,191,138",1:273:2|1:327:2|1:15:1
ckpt_3400.pt,1,51,0.4182753562927246,0.0977877527475357,0.4220257103443146,"212,117,118,108,54","240,91,209,44,223",1:766:2|1:830:2|1:905:2
ckpt_3400.pt,1,52,0.40925857424736023,0.07170096039772034,0.366167277097702,"251,172,173,165,43","135,198,87,144,45",1:517:2|1:12:1|1:25:1
ckpt_3400.pt,1,53,0.47291693091392517,0.11565854400396347,0.3913748860359192,"19,255,73,238,86","232,93,188,224,178",1:11:2|1:66:2|1:125:2
ckpt_3400.pt,1,54,0.4626898169517517,0.10302172601222992,0.38517144322395325,"248,86,139,66,161","49,118,69,235,141",1:626:2|1:18:1|1:30:1
ckpt_3400.pt,1,55,0.44758546352386475,0.08823408931493759,0.3680287301540375,"165,25,56,67,71","14,244,253,145,224",1:12:2|1:276:2|1:624:2
ckpt_3400.pt,1,56,0.5097771286964417,0.09649280458688736,0.40936189889907837,"235,237,33,142,195","196,126,38,250,110",1:400:2|1:459:2|1:19:1
ckpt_3400.pt,1,57,0.4209916889667511,0.06288310885429382,0.3977161943912506,"7,99,81,221,147","250,15,49,124,24",1:138:2|1:842:2|1:879:2
ckpt_3400.pt,1,58,0.4671657681465149,0.09347573667764664,0.3917531371116638,"39,246,4,79,135","97,151,42,45,123",1:247:2|1:650:2|1:715:2
ckpt_3400.pt,1,59,0.4176270067691803,0.07797395437955856,0.3571092486381531,"251,220,40,7,22","35,166,127,188,201",1:9:2|1:196:2|1:237:2
ckpt_3400.pt,1,60,0.44956478476524353,0.0948779433965683,0.4088071584701538,"8,189,220,193,191","201,229,40,199,131",1:585:2|1:821:2|1:1:1
ckpt_3400.pt,1,61,0.4383753836154938,0.07805151492357254,0.40226858854293823,"223,199,233,73,175","81,248,254,223,20",1:34:1|1:42:1|1:47:1
ckpt_3400.pt,1,62,0.4444446265697479,0.08021532744169235,0.3849734663963318,"119,61,173,213,95","116,172,221,160,38",1:653:2|1:723:2|1:921:2
ckpt_3400.pt,1,63,0.47209790349006653,0.10478748381137848,0.393087238073349,"73,142,204,59,117","60,28,64,56,211",1:125:2|1:146:2|1:236:2
ckpt_3400.pt,1,64,0.46395143866539,0.08730771392583847,0.417417049407959,"10,210,24,98,51","113,98,46,210,34",1:28:2|1:39:2|1:557:2
ckpt_3400.pt,1,65,0.45471757650375366,0.08365130424499512,0.3792475461959839,"16,53,114,44,39","183,255,138,88,98",1:1:1|1:2:1|1:4:1
ckpt_3400.pt,1,66,0.4539607763290405,0.09860792756080627,0.3995751142501831,"191,86,76,146,73","64,66,133,169,14",1:53:2|1:376:2|1:582:2
ckpt_3400.pt,1,67,0.44869551062583923,0.08752726018428802,0.3933539390563965,"231,159,233,59,50","255,66,158,31,41",1:82:2|1:167:2|1:762:2
ckpt_3400.pt,1,68,0.5144298076629639,0.09012647718191147,0.4006556570529938,"102,107,157,18,95","54,31,126,50,43",1:20:2|1:293:2|1:545:2
ckpt_3400.pt,1,69,0.5299555063247681,0.09855938702821732,0.4355720579624176,"11,65,40,248,253","78,205,26,151,60",1:260:2|1:864:2|1:931:2
ckpt_3400.pt,1,70,0.5007243752479553,0.12138676643371582,0.4239390790462494,"185,100,182,176,60","45,102,175,229,199",1:299:2|1:406:2|1:712:2
ckpt_3400.pt,1,71,0.4743648171424866,0.0883006677031517,0.3894459903240204,"98,221,164,193,86","200,179,136,128,253",1:238:2|1:388:2|1:900:2
ckpt_3400.pt,1,72,0.48107483983039856,0.08535963296890259,0.4146847128868103,"197,101,210,160,230","239,56,28,200,156",1:31:2|1:354:2|1:458:2
ckpt_3400.pt,1,73,0.4526362717151642,0.10054495185613632,0.38809487223625183,"17,65,77,49,57","159,43,147,18,160",1:185:2|1:403:2|1:7:1
ckpt_3400.pt,1,74,0.4710972309112549,0.10366291552782059,0.40803462266921997,"111,70,204,19,199","117,226,110,255,33",1:226:2|1:5:1|1:11:1
ckpt_3400.pt,1,75,0.4595934748649597,0.06947560608386993,0.37777087092399597,"99,144,150,114,248","86,47,147,7,234",1:386:2|1:561:2|1:673:2
ckpt_3400.pt,1,76,0.4820115268230438,0.0951240062713623,0.41049066185951233,"226,162,219,121,160","13,74,144,21,132",1:163:2|1:379:2|1:420:2
ckpt_3400.pt,1,77,0.3966793417930603,0.0678410455584526,0.3492637276649475,"15,17,163,87,167","157,129,203,87,51",1:0:2|1:568:2|1:686:2
ckpt_3400.pt,1,78,0.4427422881126404,0.09224449098110199,0.4047563374042511,"44,146,122,90,84","54,199,235,116,214",1:339:2|1:409:2|1:511:2
ckpt_3400.pt,1,79,0.4015991985797882,0.07337319105863571,0.3986242711544037,"203,0,139,114,195","238,29,167,34,209",1:442:2|1:841:2|1:977:2
ckpt_3400.pt,1,80,0.4672406315803528,0.0804051011800766,0.4039466679096222,"58,174,72,212,35","4,53,103,246,172",1:559:3|1:125:2|1:254:2
ckpt_3400.pt,1,81,0.46563324332237244,0.07695744931697845,0.4091719388961792,"12,11,234,73,83","188,180,204,24,230",1:37:2|1:266:2|1:316:2
ckpt_3400.pt,1,82,0.44030529260635376,0.08833406120538712,0.4103429615497589,"231,233,182,108,154","61,134,170,225,148",1:67:2|1:123:2|1:406:2
ckpt_3400.pt,1,83,0.39612337946891785,0.0713869109749794,0.3939012885093689,"56,205,208,8,185","34,146,28,47,250",1:142:2|1:285:2|1:821:2
ckpt_3400.pt,1,84,0.47136470675468445,0.0883755013346672,0.4206985831260681,"202,118,43,86,91","109,225,84,200,193",1:356:2|1:572:2|1:625:2
ckpt_3400.pt,1,85,0.3796640634536743,0.06605245918035507,0.36606502532958984,"79,218,139,46,93","15,150,216,124,228",1:444:2|1:722:2|1:787:2
ckpt_3400.pt,1,86,0.4176866114139557,0.08310749381780624,0.3667741119861603,"204,201,215,110,55","114,241,65,243,14",1:599:2|1:867:2|1:3:1
ckpt_3400.pt,1,87,0.4578290581703186,0.08916855603456497,0.38468629121780396,"216,193,83,153,6","130,43,163,87,222",1:487:2|1:38:1|1:60:1
ckpt_3400.pt,1,88,0.4277745485305786,0.0835367888212204,0.3684881031513214,"84,62,23,105,7","124,227,32,221,25",1:887:3|1:128:2|1:192:2
ckpt_3400.pt,1,89,0.4689696431159973,0.08839188516139984,0.3825721740722656,"111,106,194,150,133","16,1,223,153,62",1:717:2|1:34:1|1:74:1
ckpt_3400.pt,1,90,0.4329197406768799,0.07804521173238754,0.35531550645828247,"10,202,221,62,101","232,189,115,175,64",1:31:2|1:661:2|1:692:2
ckpt_3400.pt,1,91,0.43807655572891235,0.08086813986301422,0.4039584696292877,"194,185,230,64,183","152,8,33,36,98",1:299:2|1:685:2|1:827:2
ckpt_3400.pt,1,92,0.43205466866493225,0.08189288526773453,0.3704734742641449,"97,62,232,44,237","250,90,125,66,15",1:204:2|1:343:2|1:604:2
ckpt_3400.pt,1,93,0.4456495940685272,0.07401526719331741,0.375858873128891,"25,253,47,76,10","169,216,154,116,105",1:862:2|1:12:1|1:28:1
ckpt_3400.pt,1,94,0.4604993164539337,0.09007911384105682,0.41620543599128723,"111,181,131,129,68","44,103,247,131,234",1:289:2|1:471:2|1:488:2
ckpt_3400.pt,1,95,0.4459647536277771,0.07625944167375565,0.4157480299472809,"198,155,154,109,232","142,213,251,63,144",1:111:2|1:294:2|1:433:2
ckpt_3400.pt,1,96,0.4606301784515381,0.07619152218103409,0.40594610571861267,"96,125,45,171,91","72,221,73,10,215",1:235:2|1:383:2|1:451:2
ckpt_3400.pt,1,97,0.44978147745132446,0.0725720003247261,0.413068026304245,"67,87,127,178,111","49,31,6,140,163",1:332:2|1:546:2|1:652:2
ckpt_3400.pt,1,98,0.41964176297187805,0.07119043171405792,0.3791506290435791,"230,132,135,243,65","212,65,102,204,109",1:745:2|1:31:1|1:35:1
ckpt_3400.pt,1,99,0.4653944671154022,0.07796724140644073,0.39943793416023254,"186,58,54,61,243","58,15,172,228,247",1:119:2|1:203:2|1:484:2
ckpt_3400.pt,1,100,0.43818217515945435,0.09038172662258148,0.36083874106407166,"212,208,231,219,213","240,18,161,226,14",1:250:2|1:723:2|1:762:2
ckpt_3400.pt,1,101,0.49532437324523926,0.07717879861593246,0.42807114124298096,"45,205,1,26,110","34,233,56,125,90",1:107:2|1:135:2|1:9:1
ckpt_3400.pt,1,102,0.44627678394317627,0.07456832379102707,0.36938634514808655,"2,74,54,153,239","77,13,25,250,15",1:527:2|1:983:2|1:20:1
ckpt_3400.pt,1,103,0.44531357288360596,0.07892879843711853,0.39093372225761414,"51,25,162,63,252","122,182,131,140,36",1:420:2|1:644:2|1:696:2
ckpt_3400.pt,1,104,0.4310927391052246,0.08170778304338455,0.39501848816871643,"232,132,67,51,60","171,55,125,83,145",1:758:3|1:361:2|1:390:2
ckpt_3400.pt,1,105,0.4341089129447937,0.07995953410863876,0.3819001019001007,"107,196,72,30,245","235,67,172,149,210",1:882:2|1:8:1|1:19:1
ckpt_3400.pt,1,106,0.4708210527896881,0.08770079165697098,0.4151568114757538,"222,13,20,112,233","196,43,118,177,166",1:136:2|1:320:2|1:363:2
ckpt_3400.pt,1,107,0.5162094235420227,0.08882533758878708,0.43837228417396545,"181,51,116,1,45","148,54,178,249,99",1:101:2|1:592:2|1:662:2
ckpt_3400.pt,1,108,0.4615386724472046,0.08246292173862457,0.38770079612731934,"12,157,218,96,145","122,48,216,5,187",1:388:2|1:900:2|1:1:1
ckpt_3400.pt,1,109,0.5152902603149414,0.11647658795118332,0.4215410351753235,"94,157,143,209,152","223,251,0,168,38",1:41:2|1:639:2|1:784:2
ckpt_3400.pt,1,110,0.46219635009765625,0.07984289526939392,0.4074702858924866,"43,179,99,174,102","43,100,71,209,12",1:356:2|1:590:2|1:622:2
ckpt_3400.pt,1,111,0.46725761890411377,0.09063126891851425,0.3825457990169525,"54,193,232,154,80","82,23,61,112,115",1:95:2|1:672:2|1:44:1
ckpt_3400.pt,1,112,0.4492299556732178,0.082357257604599,0.3630908727645874,"101,45,226,131,170","252,215,126,138,147",1:17:1|1:19:1|1:25:1
ckpt_3400.pt,1,113,0.4344244599342346,0.07963500171899796,0.38222166895866394,"198,172,142,22,136","144,99,116,97,25",1:243:2|1:11:1|1:27:1
ckpt_3400.pt,1,114,0.4935814440250397,0.10276342928409576,0.4191526174545288,"232,90,223,75,224","39,11,212,78,240",1:326:2|1:716:2|1:898:2
ckpt_3400.pt,1,115,0.45220088958740234,0.0744679644703865,0.3630163073539734,"5,6,210,176,209","177,4,217,135,196",1:155:2|1:389:2|1:429:2
ckpt_3400.pt,1,116,0.4140726923942566,0.07273010909557343,0.39629489183425903,"76,33,231,239,34","11,55,77,25,177",1:7:1|1:20:1|1:29:1
ckpt_3400.pt,1,117,0.38856378197669983,0.06540261209011078,0.3402484953403473,"134,111,119,25,244","247,100,47,1,78",1:157:2|1:201:2|1:437:2
ckpt_3400.pt,1,118,0.4492631256580353,0.09020203351974487,0.36443430185317993,"219,22,137,42,124","116,139,33,19,193",1:353:2|1:485:2|1:865:2
ckpt_3400.pt,1,119,0.45071831345558167,0.09801993519067764,0.3935423791408539,"58,245,28,243,234","242,124,255,93,104",1:99:2|1:381:2|1:494:2
ckpt_3400.pt,1,120,0.40926316380500793,0.07616843283176422,0.3631771206855774,"35,203,246,170,164","171,46,140,113,9",1:620:2|1:10:1|1:44:1
ckpt_3400.pt,1,121,0.48166975378990173,0.08558569848537445,0.4120599031448364,"39,61,88,103,30","236,225,26,194,117",1:251:2|1:305:2|1:589:2
ckpt_3400.pt,1,122,0.4439722001552582,0.101220041513443,0.40019112825393677,"66,187,39,221,125","15,111,81,241,251",1:272:2|1:507:2|1:612:2
ckpt_3400.pt,1,123,0.4829518496990204,0.08782853931188583,0.4107375144958496,"231,170,202,80,182","52,226,205,42,137",1:82:2|1:44:1|1:45:1
ckpt_3400.pt,1,124,0.4641924500465393,0.11329247057437897,0.4191441237926483,"74,216,1,167,225","124,100,50,167,224",1:180:2|1:325:2|1:1016:2
ckpt_3400.pt,1,125,0.4115103781223297,0.0768716111779213,0.36396804451942444,"238,174,142,212,73","64,97,61,75,249",1:236:3|1:53:2|1:63:2
ckpt_3400.pt,1,126,0.4466950297355652,0.09341846406459808,0.3973599672317505,"194,229,91,153,143","0,26,91,48,131",1:245:2|1:587:2|1:5:1
ckpt_3400.pt,1,127,0.4506079852581024,0.11185170710086823,0.36935940384864807,"103,178,240,23,219","194,141,246,244,90",1:485:2|1:542:2|1:868:2
ckpt_3400.pt,1,128,0.44761183857917786,0.08838504552841187,0.3767821490764618,"66,62,105,146,91","15,84,88,237,6",1:88:2|1:439:2|1:470:2
ckpt_3400.pt,1,129,0.44777923822402954,0.07250416278839111,0.376590758562088,"221,57,241,184,224","17,254,115,79,202",1:425:2|1:464:2|1:536:2
ckpt_3400.pt,1,130,0.44727230072021484,0.08945184201002121,0.4166558086872101,"132,36,103,20,93","36,68,103,98,252",1:664:2|1:13:1|1:15:1
ckpt_3400.pt,1,131,0.4512600898742676,0.09043874591588974,0.4050005078315735,"146,88,252,20,141","105,188,42,175,62",1:320:2|1:621:2|1:3:1
ckpt_3400.pt,1,132,0.49923625588417053,0.09415242075920105,0.39555254578590393,"36,155,85,181,247","36,185,108,67,80",1:41:2|1:367:2|1:377:2
ckpt_3400.pt,1,133,0.4763045907020569,0.09154079854488373,0.37505555152893066,"152,163,129,109,119","11,209,205,245,175",1:25:2|1:292:2|1:424:2
ckpt_3400.pt,1,134,0.4438701868057251,0.0856015533208847,0.4058140814304352,"158,76,246,43,127","131,140,105,10,23",1:228:2|1:245:2|1:23:1
ckpt_3400.pt,1,135,0.4147317707538605,0.07441593706607819,0.35212647914886475,"26,205,15,194,242","202,255,248,191,147",1:101:2|1:1010:2|1:9:1
ckpt_3400.pt,1,136,0.4144687354564667,0.09210105985403061,0.3688577711582184,"113,233,20,148,28","103,108,178,35,77",1:106:2|1:320:2|1:21:1
ckpt_3400.pt,1,137,0.399940550327301,0.07186495512723923,0.3982728123664856,"110,109,24,48,0","103,60,122,145,80",1:432:2|1:584:2|1:721:2
ckpt_3400.pt,1,138,0.46589919924736023,0.0907895416021347,0.40752843022346497,"70,227,7,221,162","144,105,210,244,8",1:57:2|1:578:2|1:711:2
ckpt_3400.pt,1,139,0.46108344197273254,0.09879158437252045,0.3760925829410553,"203,155,206,57,202","91,123,89,156,255",1:635:2|1:848:2|1:2:1
ckpt_3400.pt,1,140,0.49358096718788147,0.11626792699098587,0.4032832980155945,"249,11,134,156,180","110,175,107,73,156",1:563:2|1:622:2|1:815:2
ckpt_3400.pt,1,141,0.4442606568336487,0.0868220329284668,0.3727712631225586,"35,104,8,151,47","41,170,250,113,234",1:396:2|1:534:2|1:706:2
ckpt_3400.pt,1,142,0.48059189319610596,0.0833253413438797,0.4192966818809509,"208,179,92,177,8","232,84,107,205,77",1:83:2|1:162:2|1:5:1
ckpt_3400.pt,1,143,0.45434266328811646,0.08511795848608017,0.3852664828300476,"19,46,131,2,124","47,157,37,97,226",1:17:2|1:183:2|1:282:2
ckpt_3400.pt,1,144,0.4572661817073822,0.08981143683195114,0.3991340398788452,"82,9,79,151,189","4,223,75,49,39",1:178:2|1:247:2|1:362:2
ckpt_3400.pt,1,145,0.41705790162086487,0.08331342041492462,0.4019012153148651,"228,80,28,136,152","70,114,118,18,177",1:158:2|1:243:2|1:310:2
ckpt_3400.pt,1,146,0.4606570601463318,0.08245773613452911,0.40012943744659424,"125,117,140,153,142","175,112,31,161,221",1:63:2|1:482:2|1:509:2
ckpt_3400.pt,1,147,0.44420915842056274,0.08100630342960358,0.3809184432029724,"22,242,214,113,61","16,127,191,1,165",1:564:2|1:733:2|1:769:2
ckpt_3400.pt,1,148,0.39857763051986694,0.0885399580001831,0.3890966773033142,"189,121,114,179,182","244,235,171,118,174",1:1:2|1:435:2|1:460:2
ckpt_3400.pt,1,149,0.42515498399734497,0.07819297909736633,0.36771416664123535,"99,190,206,11,4","152,46,42,19,18",1:440:2|1:851:2|1:936:2
ckpt_3400.pt,1,150,0.43618693947792053,0.09530764818191528,0.3576286733150482,"42,143,79,63,35","235,33,243,165,58",1:535:2|1:14:1|1:49:1
ckpt_3400.pt,1,151,0.41726380586624146,0.08991429954767227,0.3895385265350342,"52,26,157,174,192","103,222,62,173,2",1:2:1|1:4:1|1:5:1
ckpt_3400.pt,1,152,0.4499688148498535,0.0857338234782219,0.4113495349884033,"185,137,97,169,244","142,237,111,222,176",1:725:2|1:755:2|1:982:2
ckpt_3400.pt,1,153,0.4228860139846802,0.06767726689577103,0.38009417057037354,"253,120,142,236,148","62,110,92,243,14",1:966:2|1:17:1|1:24:1
ckpt_3400.pt,1,154,0.5030973553657532,0.10733011364936829,0.3972662091255188,"255,128,116,53,227","100,221,189,208,107",1:275:2|1:5:1|1:8:1
ckpt_3400.pt,1,155,0.503804624080658,0.08817427605390549,0.4187461733818054,"163,6,210,18,201","160,100,183,71,112",1:115:2|1:389:2|1:649:2
ckpt_3400.pt,1,156,0.3823833465576172,0.07536841928958893,0.3723188638687134,"32,144,120,174,250","63,174,11,89,189",1:425:2|1:445:2|1:783:2
ckpt_3400.pt,1,157,0.4488663077354431,0.0680832639336586,0.3869516849517822,"119,231,244,8,133","100,225,65,212,33",1:117:2|1:201:2|1:990:2
ckpt_3400.pt,1,158,0.456943541765213,0.07824276387691498,0.3598385751247406,"80,241,103,136,138","68,40,188,192,115",1:145:2|1:243:2|1:516:2
ckpt_3400.pt,1,159,0.47196778655052185,0.0861549898982048,0.3904101252555847,"138,124,169,55,177","36,73,107,211,254",1:284:2|1:881:2|1:0:1
ckpt_3400.pt,1,160,0.4720734655857086,0.09730537980794907,0.3773059546947479,"196,95,241,150,149","209,235,141,246,199",1:393:2|1:840:2|1:2:1
ckpt_3400.pt,1,161,0.48974063992500305,0.11328611522912979,0.4118279218673706,"220,208,6,156,146","13,247,248,41,119",1:271:2|1:469:2|1:582:2
ckpt_3400.pt,1,162,0.4576749801635742,0.09056743234395981,0.3597375750541687,"44,179,246,225,92","77,210,100,209,197",1:142:2|1:416:2|1:604:2
ckpt_3400.pt,1,163,0.4504406154155731,0.09003200381994247,0.3938203454017639,"226,150,43,103,121","19,108,78,235,167",1:76:2|1:860:2|1:13:1
ckpt_3400.pt,1,164,0.457752525806427,0.09170008450746536,0.38569122552871704,"177,139,44,43,94","164,69,139,107,149",1:327:2|1:430:2|1:530:2
ckpt_3400.pt,1,165,0.4483639895915985,0.0943935438990593,0.40201446413993835,"184,1,29,175,125","221,45,233,249,39",1:324:2|1:15:1|1:47:1
ckpt_3400.pt,1,166,0.46514421701431274,0.0862155333161354,0.4096985459327698,"18,195,161,232,14","57,14,243,203,196",1:348:2|1:44:1|1:54:1
ckpt_3400.pt,1,167,0.41605517268180847,0.08382365852594376,0.3567899465560913,"165,185,159,38,231","116,112,99,211,102",1:67:2|1:638:2|1:739:2
ckpt_3400.pt,1,168,0.43830442428588867,0.06783134490251541,0.3794473707675934,"181,229,31,200,80","1,189,48,222,132",1:45:2|1:286:2|1:629:2
ckpt_3400.pt,1,169,0.3938417434692383,0.06827425211668015,0.37219104170799255,"138,202,98,153,135","25,2,115,76,99",1:422:2|1:588:2|1:28:1
ckpt_3400.pt,1,170,0.46078601479530334,0.12067994475364685,0.3735641837120056,"168,218,141,17,33","1,252,98,233,35",1:26:2|1:256:2|1:670:2
ckpt_3400.pt,1,171,0.44653064012527466,0.0891888216137886,0.40007078647613525,"181,253,15,246,161","124,196,234,252,216",1:46:2|1:575:2|1:940:2
ckpt_3400.pt,1,172,0.4405788779258728,0.09934147447347641,0.3708231747150421,"128,122,183,6,14","33,91,207,32,78",1:193:2|1:351:2|1:5:1
ckpt_3400.pt,1,173,0.46103912591934204,0.0950717031955719,0.37917444109916687,"43,32,89,233,252","11,212,115,207,209",1:239:2|1:356:2|1:812:2
ckpt_3400.pt,1,174,0.37679925560951233,0.06384991109371185,0.3562299311161041,"204,37,20,104,66","33,171,204,79,255",1:480:2|1:636:2|1:15:1
ckpt_3400.pt,1,175,0.40158283710479736,0.07259167730808258,0.35208216309547424,"128,48,21,47,134","157,218,169,46,63",1:4:1|1:5:1|1:6:1
ckpt_3400.pt,1,176,0.4695994555950165,0.08283209800720215,0.38414308428764343,"34,129,115,206,74","243,190,250,145,179",1:2:1|1:6:1|1:7:1
ckpt_3400.pt,1,177,0.46174949407577515,0.09120270609855652,0.3839586079120636,"156,136,33,158,173","229,66,123,141,51",1:566:2|1:704:2|1:764:2
ckpt_3400.pt,1,178,0.4288589358329773,0.08422984182834625,0.39959684014320374,"79,9,54,171,235","213,233,228,174,78",1:144:2|1:680:2|1:757:2
ckpt_3400.pt,1,179,0.42320486903190613,0.09834392368793488,0.36911314725875854,"17,58,182,44,161","188,154,189,0,166",1:401:3|1:225:2|1:456:2
ckpt_3400.pt,1,180,0.4568606913089752,0.09983402490615845,0.4149165749549866,"74,201,104,106,225","47,108,138,13,97",1:124:2|1:724:2|1:776:2
ckpt_3400.pt,1,181,0.3990728557109833,0.07720215618610382,0.34065312147140503,"245,179,233,248,21","94,225,37,90,31",1:319:2|1:491:2|1:898:2
ckpt_3400.pt,1,182,0.44376006722450256,0.09659326821565628,0.38876500725746155,"162,139,229,23,168","78,254,115,224,153",1:26:2|1:442:2|1:444:2
ckpt_3400.pt,1,183,0.5396013855934143,0.10633914917707443,0.42862093448638916,"2,222,8,217,131","201,223,236,232,212",1:17:2|1:143:2|1:343:2
ckpt_3400.pt,1,184,0.4899134635925293,0.09793379157781601,0.396810919046402,"255,2,211,36,23","211,117,61,216,95",1:664:2|1:15:1|1:26:1
ckpt_3400.pt,1,185,0.46060311794281006,0.07826519012451172,0.3764597475528717,"49,25,65,200,87","100,29,72,19,244",1:73:2|1:260:2|1:0:1
ckpt_3400.pt,1,186,0.46500363945961,0.10102555900812149,0.40223321318626404,"64,159,164,195,255","75,244,169,160,103",1:194:2|1:238:2|1:246:2
ckpt_3400.pt,1,187,0.47963470220565796,0.09061235934495926,0.37393781542778015,"21,232,20,73,216","134,124,186,119,9",1:524:2|1:33:1|1:34:1
ckpt_3400.pt,1,188,0.48675596714019775,0.10117531567811966,0.43535736203193665,"73,243,64,240,7","168,66,217,251,207",1:265:2|1:745:2|1:833:2
ckpt_3400.pt,1,189,0.4601295590400696,0.08139798790216446,0.41049453616142273,"220,2,3,79,108","179,80,52,106,121",1:378:2|1:441:2|1:536:2
ckpt_3400.pt,1,190,0.4377050995826721,0.08733364194631577,0.4074677526950836,"190,57,83,113,102","217,175,89,225,142",1:595:2|1:829:2|1:21:1
ckpt_3400.pt,1,191,0.43194401264190674,0.1063809022307396,0.4187905192375183,"91,223,20,168,108","55,223,163,44,3",1:370:2|1:621:2|1:967:2
ckpt_3400.pt,1,192,0.45681682229042053,0.10895801335573196,0.41294926404953003,"31,62,8,108,7","212,238,43,157,88",1:45:2|1:88:2|1:343:2
ckpt_3400.pt,1,193,0.4158557653427124,0.07780425250530243,0.3907179832458496,"234,27,121,122,128","165,26,154,129,37",1:775:3|1:172:2|1:885:2
ckpt_3400.pt,1,194,0.5364497900009155,0.1143554076552391,0.44418731331825256,"207,64,159,235,5","85,51,244,165,156",1:186:2|1:246:2|1:853:2
ckpt_3400.pt,1,195,0.4854157567024231,0.11660594493150711,0.41252121329307556,"187,209,147,208,215","168,2,211,191,217",1:371:2|1:581:2|1:13:1
ckpt_3400.pt,1,196,0.4225567877292633,0.08491265028715134,0.37648576498031616,"123,236,22,197,251","164,145,140,242,35",1:59:2|1:316:2|1:411:2
ckpt_3400.pt,1,197,0.4857489764690399,0.0970117524266243,0.38534918427467346,"97,247,223,196,33","7,222,83,28,126",1:326:2|1:696:2|1:764:2
ckpt_3400.pt,1,198,0.5376980900764465,0.09282199293375015,0.4326784908771515,"80,106,220,41,126","175,61,126,165,39",1:44:2|1:219:2|1:238:2
ckpt_3400.pt,1,199,0.43979114294052124,0.08928202092647552,0.40970098972320557,"169,231,82,31,175","128,173,32,74,58",1:0:2|1:286:2|1:643:2
ckpt_3400.pt,1,200,0.45827171206474304,0.08090350776910782,0.36022186279296875,"209,51,41,155,53","107,51,161,15,239",1:565:2|1:18:1|1:22:1
ckpt_3400.pt,1,201,0.4480840265750885,0.084756039083004,0.40498173236846924,"244,225,120,119,229","7,81,15,195,13",1:117:2|1:157:2|1:629:2
ckpt_3400.pt,1,202,0.3844146132469177,0.07345233857631683,0.35303622484207153,"201,145,247,92,186","94,190,12,80,125",1:526:2|1:1:1|1:3:1
ckpt_3400.pt,1,203,0.4921259880065918,0.08428986370563507,0.42422571778297424,"221,243,107,38,61","166,24,189,62,46",1:99:2|1:511:2|1:12:1
ckpt_3400.pt,1,204,0.40136009454727173,0.09570750594139099,0.3679836392402649,"62,44,230,151,100","244,68,138,52,10",1:92:2|1:255:2|1:576:2
ckpt_3400.pt,1,205,0.41932088136672974,0.07254549115896225,0.36360883712768555,"93,9,117,191,122","137,10,228,13,216",1:486:2|1:499:2|1:558:2
ckpt_3400.pt,1,206,0.4429053068161011,0.0883328840136528,0.38935336470603943,"233,239,29,196,3","151,118,249,218,197",1:373:2|1:8:1|1:15:1
ckpt_3400.pt,1,207,0.4578375518321991,0.08522436767816544,0.39760929346084595,"128,125,54,216,28","4,136,98,88,36",1:956:2|1:5:1|1:8:1
ckpt_3400.pt,1,208,0.4381463825702667,0.0855674222111702,0.3853294849395752,"107,79,177,12,29","254,9,103,183,27",1:247:2|1:461:2|1:571:2
ckpt_3400.pt,1,209,0.47373637557029724,0.08174341917037964,0.39601320028305054,"200,62,156,245,188","7,221,19,104,11",1:473:2|1:815:2|1:19:1
ckpt_3400.pt,1,210,0.4914320409297943,0.0860736295580864,0.4226701855659485,"118,153,247,102,12","181,21,200,186,120",1:262:2|1:479:2|1:705:2
ckpt_3400.pt,1,211,0.4651985466480255,0.07046865671873093,0.3825385272502899,"185,12,92,5,184","134,139,213,202,221",1:464:2|1:878:2|1:5:1
ckpt_3400.pt,1,212,0.439873069524765,0.0901324599981308,0.36943697929382324,"55,100,209,199,249","191,89,113,218,252",1:599:2|1:605:2|1:657:2
ckpt_3400.pt,1,213,0.42699259519577026,0.08349797129631042,0.38035643100738525,"24,55,114,151,42","212,172,216,187,177",1:876:2|1:1:1|1:14:1
ckpt_3400.pt,1,214,0.4253639280796051,0.08437637984752655,0.3516635000705719,"230,180,237,28,246","0,218,245,208,48",1:344:2|1:643:2|1:840:2
ckpt_3400.pt,1,215,0.567171037197113,0.12925498187541962,0.44533589482307434,"112,119,165,177,188","126,90,48,72,210",1:256:2|1:749:2|1:1008:2
ckpt_3400.pt,1,216,0.4694608747959137,0.09153933823108673,0.39870432019233704,"111,255,22,144,85","255,134,40,179,172",1:226:2|1:241:2|1:564:2
ckpt_3400.pt,1,217,0.5283739566802979,0.10655836015939713,0.4245396852493286,"2,106,52,101,118","153,169,163,227,117",1:4:2|1:20:2|1:5:1
ckpt_3400.pt,1,218,0.4924844801425934,0.09517174959182739,0.43648192286491394,"187,8,57,124,250","42,171,133,121,222",1:992:2|1:4:1|1:8:1
ckpt_3400.pt,1,219,0.5046807527542114,0.08370431512594223,0.4150727093219757,"80,34,218,37,220","74,115,36,248,247",1:44:2|1:198:2|1:536:2
ckpt_3400.pt,1,220,0.4478878974914551,0.08802302181720734,0.41358986496925354,"142,36,207,77,84","91,189,129,150,10",1:42:2|1:938:2|1:959:2
ckpt_3400.pt,1,221,0.4710023105144501,0.09743701666593552,0.38867083191871643,"32,128,147,117,130","175,30,57,99,231",1:234:2|1:321:2|1:482:2
ckpt_3400.pt,1,222,0.41119638085365295,0.08487401902675629,0.3808586001396179,"145,200,28,163,232","170,244,44,24,201",1:443:2|1:514:2|1:593:2
ckpt_3400.pt,1,223,0.4998816251754761,0.09310713410377502,0.4152078628540039,"67,182,36,214,236","254,212,219,54,165",1:446:2|1:648:2|1:15:1
ckpt_3400.pt,1,224,0.4722846746444702,0.07509016245603561,0.39197006821632385,"157,113,140,166,156","255,219,50,127,109",1:675:2|1:21:1|1:32:1
ckpt_3400.pt,1,225,0.4601322412490845,0.09159180521965027,0.42156076431274414,"182,107,188,17,40","33,203,247,57,98",1:179:2|1:251:2|1:401:2
ckpt_3400.pt,1,226,0.4128873944282532,0.08294101059436798,0.36832544207572937,"22,111,245,86,204","55,28,189,29,220",1:74:2|1:216:2|1:309:2
ckpt_3400.pt,1,227,0.46538296341896057,0.08566085249185562,0.3962706923484802,"207,43,54,87,82","225,146,145,9,131",1:520:2|1:791:2|1:797:2
ckpt_3400.pt,1,228,0.44522616267204285,0.08660481125116348,0.3877163827419281,"76,242,233,123,246","3,215,204,214,0",1:654:3|1:134:2|1:615:2
ckpt_3400.pt,1,229,0.4405461251735687,0.0892236977815628,0.36813458800315857,"87,159,118,3,227","201,99,177,83,127",1:762:2|1:853:2|1:0:1
ckpt_3400.pt,1,230,0.4112493097782135,0.10146836936473846,0.3626362085342407,"254,15,124,96,41","175,2,47,223,209",1:494:2|1:22:1|1:23:1
ckpt_3400.pt,1,231,0.4850744307041168,0.09212106466293335,0.41939571499824524,"244,75,196,89,80","132,130,217,148,52",1:45:2|1:640:2|1:824:2
ckpt_3400.pt,1,232,0.4565451443195343,0.07994876056909561,0.39852944016456604,"155,65,223,104,56","126,213,7,145,216",1:754:2|1:771:2|1:776:2
ckpt_3400.pt,1,233,0.45572179555892944,0.08773516863584518,0.4082814157009125,"74,177,162,64,117","44,192,241,107,207",1:299:2|1:488:2|1:23:1
ckpt_3400.pt,1,234,0.4586581587791443,0.09525638818740845,0.4084816575050354,"25,147,128,19,102","4,95,34,249,85",1:5:2|1:221:2|1:500:2
ckpt_3400.pt,1,235,0.48621293902397156,0.08205951005220413,0.4058375060558319,"109,96,62,4,45","98,170,239,254,246",1:451:3|1:25:2|1:96:2
ckpt_3400.pt,1,236,0.4593818485736847,0.07939767092466354,0.41916948556900024,"142,238,54,246,73","27,19,222,73,87",1:125:3|1:53:2|1:63:2
ckpt_3400.pt,1,237,0.4521714150905609,0.09792886674404144,0.37854090332984924,"22,7,49,244,117","28,37,121,54,5",1:59:2|1:384:2|1:486:2
ckpt_3400.pt,1,238,0.42643675208091736,0.08021154999732971,0.3537590503692627,"126,220,86,255,164","113,23,122,211,22",1:53:2|1:71:2|1:186:2
ckpt_3400.pt,1,239,0.42662104964256287,0.08412201702594757,0.3913014233112335,"18,233,43,16,187","46,202,242,240,14",1:173:2|1:520:2|1:25:1
ckpt_3400.pt,1,240,0.5156058669090271,0.10633528232574463,0.4448760747909546,"1,149,76,59,103","201,73,181,46,70",1:598:2|1:776:2|1:13:1
ckpt_3400.pt,1,241,0.48736336827278137,0.10169367492198944,0.4325260818004608,"189,144,85,226,231","67,142,80,176,61",1:216:2|1:340:2|1:522:2
ckpt_3400.pt,1,242,0.4260629117488861,0.08879540115594864,0.39899298548698425,"20,226,68,33,185","117,223,95,131,41",1:454:2|1:730:2|1:967:2
ckpt_3400.pt,1,243,0.42965567111968994,0.10953956097364426,0.3808077871799469,"213,80,22,93,136","216,154,127,17,1",1:113:2|1:145:2|1:158:2
ckpt_3400.pt,1,244,0.424612820148468,0.09314023703336716,0.3660072088241577,"129,19,110,90,72","206,61,203,124,20",1:1009:2|1:5:1|1:6:1
ckpt_3400.pt,1,245,0.39088186621665955,0.06773287057876587,0.3540186285972595,"43,143,127,219,153","126,182,127,240,246",1:49:2|1:126:2|1:134:2
ckpt_3400.pt,1,246,0.47550687193870544,0.08729249238967896,0.41260093450546265,"129,159,23,15,64","171,52,65,180,114",1:186:2|1:194:2|1:818:2
ckpt_3400.pt,1,247,0.46563494205474854,0.08053140342235565,0.3901500403881073,"79,245,177,82,246","133,93,48,64,131",1:461:3|1:58:2|1:144:2
ckpt_3400.pt,1,248,0.42002126574516296,0.07539579272270203,0.3483414947986603,"84,113,134,75,97","165,17,82,118,62",1:601:2|1:782:2|1:829:2
ckpt_3400.pt,1,249,0.4177604615688324,0.06647765636444092,0.3655368685722351,"108,216,244,107,70","87,178,215,33,46",1:312:2|1:465:2|1:785:2
ckpt_3400.pt,1,250,0.542747974395752,0.09519967436790466,0.42680156230926514,"55,231,213,206,23","180,186,162,15,17",1:100:2|1:475:2|1:762:2
ckpt_3400.pt,1,251,0.47538506984710693,0.07521190494298935,0.43777042627334595,"17,61,40,39,183","13,99,153,45,122",1:121:2|1:225:2|1:305:2
ckpt_3400.pt,1,252,0.46903547644615173,0.08030661195516586,0.400522917509079,"212,136,223,70,165","254,110,27,11,107",1:12:2|1:370:2|1:371:2
ckpt_3400.pt,1,253,0.4250037670135498,0.08157499134540558,0.36771368980407715,"169,230,218,252,75","143,165,111,207,244",1:643:2|1:688:2|1:0:1
ckpt_3400.pt,1,254,0.43662241101264954,0.08996585756540298,0.395442932844162,"18,152,212,35,139","40,96,243,61,182",1:80:2|1:369:2|1:888:2
ckpt_3400.pt,1,255,0.45265403389930725,0.07933251559734344,0.38899314403533936,"218,13,44,100,61","81,42,161,202,149",1:204:2|1:576:2|1:653:2
ckpt_3400.pt,1,256,0.4571489095687866,0.09442783147096634,0.40084972977638245,"17,165,148,33,119","128,225,220,17,162",1:170:2|1:215:2|1:424:2
ckpt_3400.pt,1,257,0.49567940831184387,0.08936505019664764,0.4181825816631317,"128,230,168,195,165","21,196,254,218,234",1:873:2|1:944:2|1:3:1
ckpt_3400.pt,1,258,0.5111360549926758,0.0892069861292839,0.4304046630859375,"14,212,237,95,89","251,150,3,156,155",1:609:2|1:723:2|1:1014:2
ckpt_3400.pt,1,259,0.4121258854866028,0.0910579264163971,0.3570210933685303,"74,145,71,176,40","225,173,100,251,16",1:780:2|1:1:1|1:6:1
ckpt_3400.pt,1,260,0.4588475823402405,0.08437540382146835,0.3975858688354492,"99,46,65,87,40","249,197,245,93,187",1:69:2|1:185:2|1:519:2
ckpt_3400.pt,1,261,0.4679160714149475,0.08496180921792984,0.41839826107025146,"32,21,181,62,166","131,32,190,169,189",1:286:2|1:941:2|1:7:1
ckpt_3400.pt,1,262,0.4113501012325287,0.07767793536186218,0.363547682762146,"226,153,250,102,201","175,116,128,39,55",1:210:2|1:445:2|1:548:2
ckpt_3400.pt,1,263,0.44552159309387207,0.07507787644863129,0.40015509724617004,"190,100,160,49,227","138,248,142,74,62",1:379:2|1:403:2|1:930:2
ckpt_3400.pt,1,264,0.4674277603626251,0.09445434808731079,0.4091118276119232,"74,23,121,228,32","222,167,218,194,89",1:7:1|1:22:1|1:26:1
ckpt_3400.pt,1,265,0.40717583894729614,0.07915612310171127,0.37460756301879883,"149,154,240,40,7","226,60,248,80,77",1:59:2|1:188:2|1:664:2
ckpt_3400.pt,1,266,0.47554346919059753,0.08216060698032379,0.4232451617717743,"12,11,126,43,124","193,31,50,52,120",1:81:2|1:316:2|1:356:2
ckpt_3400.pt,1,267,0.427804559469223,0.07050837576389313,0.3562633991241455,"88,0,92,82,248","17,60,219,178,127",1:366:2|1:605:2|1:817:2
ckpt_3400.pt,1,268,0.4509660601615906,0.0859660655260086,0.4100412428379059,"56,38,225,241,32","230,247,175,14,74",1:425:2|1:2:1|1:7:1
ckpt_3400.pt,1,269,0.43076831102371216,0.08615873008966446,0.3815046548843384,"251,245,98,222,166","145,83,129,191,153",1:388:2|1:522:2|1:19:1
ckpt_3400.pt,1,270,0.46870356798171997,0.07882506400346756,0.42834311723709106,"220,206,197,250,82","143,142,248,112,98",1:750:2|1:825:2|1:1017:2
ckpt_3400.pt,1,271,0.4566482901573181,0.09208241105079651,0.4080694913864136,"55,69,220,4,6","165,219,21,31,70",1:161:2|1:524:2|1:722:2
ckpt_3400.pt,1,272,0.438159704208374,0.10945401340723038,0.3996206223964691,"187,141,183,83,221","55,155,19,58,169",1:122:2|1:624:2|1:846:2
ckpt_3400.pt,1,273,0.49370649456977844,0.08260781317949295,0.4168076515197754,"18,142,73,39,29","131,204,47,28,89",1:50:2|1:63:2|1:125:2
ckpt_3400.pt,1,274,0.45441895723342896,0.08846575021743774,0.3886550962924957,"203,69,97,3,211","94,139,177,140,215",1:313:2|1:408:2|1:18:1
ckpt_3400.pt,1,275,0.48296207189559937,0.07808171212673187,0.3944259285926819,"116,72,221,119,128","114,211,232,112,122",1:154:2|1:618:2|1:721:2
ckpt_3400.pt,1,276,0.48456624150276184,0.08401159197092056,0.431077778339386,"165,56,122,62,124","39,244,96,79,13",1:55:2|1:387:2|1:504:2
ckpt_3400.pt,1,277,0.4272100329399109,0.07344294339418411,0.38418662548065186,"249,45,255,188,195","210,244,5,152,11",1:186:2|1:278:2|1:10:1
ckpt_3400.pt,1,278,0.4761096239089966,0.09033901244401932,0.3804621398448944,"255,45,196,10,157","254,169,73,70,102",1:277:2|1:784:2|1:808:2
ckpt_3400.pt,1,279,0.40296879410743713,0.06397940963506699,0.3416728377342224,"153,46,71,214,120","94,90,223,53,29",1:596:2|1:672:2|1:870:2
ckpt_3400.pt,1,280,0.4245806932449341,0.06132180243730545,0.37205013632774353,"32,40,227,232,19","7,94,114,168,135",1:330:2|1:365:2|1:737:2
ckpt_3400.pt,1,281,0.47244900465011597,0.08340142667293549,0.45402035117149353,"3,90,221,52,22","154,66,81,23,5",1:384:2|1:582:2|1:671:2
ckpt_3400.pt,1,282,0.45407634973526,0.09839972108602524,0.4027702808380127,"35,98,19,76,131","131,75,169,165,46",1:143:2|1:350:2|1:547:2
ckpt_3400.pt,1,283,0.44391968846321106,0.07771220058202744,0.40342628955841064,"225,242,46,83,208","255,148,161,24,95",1:615:2|1:720:2|1:914:2
ckpt_3400.pt,1,284,0.45464709401130676,0.09068223088979721,0.37638017535209656,"158,52,55,124,188","62,182,38,24,73",1:159:2|1:460:2|1:702:2
ckpt_3400.pt,1,285,0.4482569396495819,0.06931567192077637,0.3457848131656647,"99,158,8,251,205","177,9,241,254,8",1:83:2|1:411:2|1:760:2
ckpt_3400.pt,1,286,0.4434657394886017,0.076480932533741,0.4027639329433441,"181,31,21,251,231","149,13,87,229,91",1:168:2|1:199:2|1:261:2
ckpt_3400.pt,1,287,0.42809465527534485,0.09359980374574661,0.3895703852176666,"69,194,233,78,162","254,219,102,233,198",1:61:1|1:67:1|1:76:1
ckpt_3400.pt,1,288,0.433190256357193,0.07629194855690002,0.373888224363327,"222,74,107,163,147","137,135,184,59,198",1:31:2|1:325:2|1:486:2
ckpt_3400.pt,1,289,0.4051964282989502,0.07128747552633286,0.3558904230594635,"17,103,131,129,63","175,211,73,18,67",1:94:2|1:397:2|1:568:2
ckpt_3400.pt,1,290,0.4451958239078522,0.06889460235834122,0.37657880783081055,"9,113,118,62,107","20,146,77,15,26",1:20:2|1:444:2|1:595:2
ckpt_3400.pt,1,291,0.4837639629840851,0.08754545450210571,0.4273713529109955,"99,108,227,45,245","62,38,24,133,89",1:32:2|1:296:2|1:451:2
ckpt_3400.pt,1,292,0.47090181708335876,0.07511764019727707,0.37335625290870667,"152,197,225,248,109","171,237,55,116,68",1:133:2|1:721:2|1:729:2
ckpt_3400.pt,1,293,0.4145832061767578,0.09438935667276382,0.3601921498775482,"107,220,60,102,235","201,218,39,203,32",1:68:2|1:545:2|1:571:2
ckpt_3400.pt,1,294,0.4154355227947235,0.09674523025751114,0.36149147152900696,"198,1,187,146,109","66,32,27,226,183",1:95:2|1:325:2|1:360:2
ckpt_3400.pt,1,295,0.4433186948299408,0.09652868658304214,0.40873733162879944,"235,156,236,40,34","205,80,125,135,100",1:400:2|1:947:2|1:7:1
ckpt_3400.pt,1,296,0.4507237672805786,0.08504616469144821,0.3932987451553345,"108,74,57,38,227","77,249,27,40,198",1:291:2|1:472:2|1:21:1
ckpt_3400.pt,1,297,0.5122841596603394,0.13217036426067352,0.41896381974220276,"86,16,123,23,153","124,28,45,107,55",1:768:2|1:10:1|1:26:1
ckpt_3400.pt,1,298,0.4446755349636078,0.07833897322416306,0.3665921986103058,"223,45,123,79,219","196,253,139,174,126",1:535:2|1:673:2|1:926:2
ckpt_3400.pt,1,299,0.4499952495098114,0.0837128609418869,0.3689556121826172,"152,162,100,185,64","28,15,61,179,232",1:70:2|1:91:2|1:233:2
ckpt_3400.pt,1,300,0.4831407964229584,0.08916502445936203,0.4096963703632355,"24,188,132,100,130","239,204,44,227,203",1:432:2|1:441:2|1:825:2
ckpt_3400.pt,1,301,0.4789368510246277,0.09111114591360092,0.40836960077285767,"50,32,220,138,145","97,189,52,22,35",1:44:2|1:466:2|1:715:2
ckpt_3400.pt,1,302,0.49751558899879456,0.09218858927488327,0.411889910697937,"172,248,25,209,218","247,178,60,100,66",1:417:2|1:565:2|1:600:2
ckpt_3400.pt,1,303,0.419828861951828,0.09242936223745346,0.38355380296707153,"36,198,227,175,180","227,252,224,179,172",1:1012:2|1:15:1|1:36:1
ckpt_3400.pt,1,304,0.48986178636550903,0.07475046813488007,0.43912601470947266,"131,142,112,126,72","149,215,46,1,54",1:7:1|1:17:1|1:29:1
ckpt_3400.pt,1,305,0.41790422797203064,0.08972843736410141,0.37384530901908875,"211,61,8,39,209","212,250,65,232,101",1:121:2|1:251:2|1:514:2
ckpt_3400.pt,1,306,0.44482025504112244,0.10348132252693176,0.38155776262283325,"79,22,19,33,167","203,61,31,174,181",1:459:2|1:861:2|1:865:2
ckpt_3400.pt,1,307,0.5108525156974792,0.09405703842639923,0.4278133511543274,"45,44,250,154,86","29,164,235,154,207",1:25:2|1:572:2|1:577:2
ckpt_3400.pt,1,308,0.4722496271133423,0.09897676110267639,0.3948976397514343,"32,125,44,22,157","189,173,77,100,43",1:353:2|1:367:2|1:531:2
ckpt_3400.pt,1,309,0.4598560333251953,0.09833347797393799,0.38985079526901245,"86,55,77,245,2","45,116,86,226,82",1:226:2|1:388:2|1:572:2
ckpt_3400.pt,1,310,0.44615238904953003,0.09215442836284637,0.405722439289093,"36,80,9,179,228","130,179,32,94,196",1:145:2|1:964:2|1:15:1
ckpt_3400.pt,1,311,0.5163669586181641,0.11681915074586868,0.39037150144577026,"186,105,139,164,236","54,166,237,234,62",1:648:2|1:10:1|1:17:1
ckpt_3400.pt,1,312,0.47659704089164734,0.10680781304836273,0.4074631333351135,"28,244,210,217,70","47,62,71,221,53",1:17:2|1:249:2|1:12:1
ckpt_3400.pt,1,313,0.4240478575229645,0.08548562973737717,0.3916631042957306,"97,69,104,231,153","99,172,143,61,96",1:274:2|1:391:2|1:575:2
ckpt_3400.pt,1,314,0.4728187620639801,0.09663192927837372,0.4184790253639221,"33,92,244,58,112","175,82,216,128,26",1:526:2|1:798:2|1:848:2
ckpt_3400.pt,1,315,0.41470545530319214,0.07105367630720139,0.3819107711315155,"94,149,159,172,163","10,54,152,216,22",1:539:2|1:601:2|1:24:1
ckpt_3400.pt,1,316,0.45759671926498413,0.08416435122489929,0.3752825856208801,"43,236,234,12,123","98,209,135,140,241",1:37:2|1:81:2|1:196:2
ckpt_3400.pt,1,317,0.4180729389190674,0.0753028392791748,0.39083266258239746,"110,182,118,111,31","75,112,70,53,114",1:527:2|1:577:2|1:0:1
ckpt_3400.pt,1,318,0.43089213967323303,0.08401232957839966,0.37140345573425293,"102,61,185,35,125","96,202,153,110,76",1:12:1|1:27:1|1:30:1
ckpt_3400.pt,1,319,0.4501006007194519,0.07733359932899475,0.39043545722961426,"118,179,131,245,162","33,29,5,105,223",1:181:2|1:488:2|1:589:2
ckpt_3400.pt,1,320,0.4536353051662445,0.08836726099252701,0.3792226314544678,"252,20,148,112,107","68,107,87,13,66",1:106:2|1:131:2|1:136:2
ckpt_3400.pt,1,321,0.452765554189682,0.07890932261943817,0.42002633213996887,"156,169,147,130,58","94,102,90,122,108",1:221:2|1:474:2|1:581:2
ckpt_3400.pt,1,322,0.46277227997779846,0.08317042142152786,0.4029236435890198,"74,136,77,88,68","53,173,196,46,215",1:11:2|1:16:2|1:43:2
ckpt_3400.pt,1,323,0.4779433310031891,0.11523853242397308,0.3901602327823639,"182,252,23,132,172","235,1,253,181,202",1:338:2|1:349:2|1:906:2
ckpt_3400.pt,1,324,0.5259415507316589,0.08534828573465347,0.4650973677635193,"141,84,194,175,125","217,90,245,186,28",1:165:2|1:790:2|1:47:1
ckpt_3400.pt,1,325,0.4748067259788513,0.11051692068576813,0.37815797328948975,"1,127,74,147,198","219,182,76,244,47",1:124:2|1:288:2|1:294:2
ckpt_3400.pt,1,326,0.4156847298145294,0.07740381360054016,0.3909086585044861,"75,213,204,247,223","220,187,241,97,17",1:114:2|1:197:2|1:7:1
ckpt_3400.pt,1,327,0.5058366060256958,0.08651195466518402,0.4202573001384735,"139,29,43,59,47","63,14,21,184,37",1:50:2|1:164:2|1:396:2
ckpt_3400.pt,1,328,0.4261907637119293,0.07457651942968369,0.3492896258831024,"115,17,177,13,223","118,146,170,45,12",1:9:1|1:29:1|1:49:1
ckpt_3400.pt,1,329,0.424121618270874,0.09355123341083527,0.3837186396121979,"71,80,58,110,141","245,203,90,64,154",1:707:2|1:780:2|1:6:1
ckpt_3400.pt,1,330,0.4543791711330414,0.07936318963766098,0.42962148785591125,"227,109,144,60,19","134,231,47,181,74",1:11:2|1:280:2|1:360:2
ckpt_3400.pt,1,331,0.47264212369918823,0.08606225252151489,0.3956201374530792,"40,251,35,219,174","108,100,233,196,98",1:59:2|1:80:2|1:350:2
ckpt_3400.pt,1,332,0.3936581611633301,0.06432496756315231,0.3971077799797058,"140,127,87,51,176","40,237,18,78,232",1:97:2|1:509:2|1:693:2
ckpt_3400.pt,1,333,0.41015881299972534,0.06680592149496078,0.3963637948036194,"62,34,136,222,141","191,177,240,77,232",1:676:3|1:537:2|1:614:2
ckpt_3400.pt,1,334,0.4173099994659424,0.07962614297866821,0.39905643463134766,"102,186,50,141,213","7,194,109,80,168",1:27:1|1:34:1|1:62:1
ckpt_3400.pt,1,335,0.5009990334510803,0.10369842499494553,0.4095921814441681,"78,22,59,170,234","189,17,97,252,200",1:946:2|1:6:1|1:14:1
ckpt_3400.pt,1,336,0.43126413226127625,0.07695251703262329,0.35593339800834656,"82,22,158,222,109","180,200,81,17,6",1:411:2|1:486:2|1:645:2
ckpt_3400.pt,1,337,0.4488564133644104,0.0929587259888649,0.3646875321865082,"89,216,158,44,130","139,149,218,225,3",1:570:2|1:805:2|1:23:1
ckpt_3400.pt,1,338,0.42080244421958923,0.0867684856057167,0.38771551847457886,"114,120,23,176,172","34,7,104,48,236",1:26:2|1:323:2|1:477:2
ckpt_3400.pt,1,339,0.4406963884830475,0.10231064260005951,0.370711088180542,"146,84,55,53,107","115,132,174,106,184",1:78:2|1:3:1|1:18:1
ckpt_3400.pt,1,340,0.5073822140693665,0.10865766555070877,0.4129311144351959,"233,94,146,85,226","121,139,66,175,17",1:241:2|1:3:1|1:8:1
ckpt_3400.pt,1,341,0.4785107970237732,0.08552201837301254,0.3780904710292816,"160,46,149,98,61","53,100,89,139,22",1:30:2|1:589:2|1:663:2
ckpt_3400.pt,1,342,0.38673633337020874,0.0601927824318409,0.34731993079185486,"233,135,228,66,120","80,55,164,47,82",1:659:2|1:22:1|1:30:1
ckpt_3400.pt,1,343,0.528207004070282,0.08840424567461014,0.44793790578842163,"217,8,71,62,237","48,181,15,234,111",1:92:2|1:183:2|1:192:2
ckpt_3400.pt,1,344,0.46881359815597534,0.07405003905296326,0.3883242905139923,"28,241,180,96,74","125,216,36,208,119",1:43:2|1:214:2|1:987:2
ckpt_3400.pt,1,345,0.45795509219169617,0.09983985871076584,0.38719406723976135,"55,121,248,240,229","102,178,96,48,213",1:756:3|1:404:2|1:450:2
ckpt_3400.pt,1,346,0.40988337993621826,0.07683514803647995,0.3898891508579254,"254,17,189,174,185","28,40,227,181,81",1:359:2|1:453:2|1:953:2
ckpt_3400.pt,1,347,0.4845772981643677,0.0841074213385582,0.4035317599773407,"108,150,88,197,201","184,238,35,12,155",1:894:3|1:717:2|1:1:1
ckpt_3400.pt,1,348,0.39932504296302795,0.09349067509174347,0.35642552375793457,"14,41,85,18,5","199,184,217,125,31",1:166:2|1:8:1|1:22:1
ckpt_3400.pt,1,349,0.3682294487953186,0.06128310784697533,0.3638882339000702,"59,172,144,182,15","92,189,188,237,20",1:14:2|1:323:2|1:456:2
ckpt_3400.pt,1,350,0.4614342153072357,0.10090751200914383,0.39484265446662903,"100,251,19,74,35","217,116,99,216,202",1:282:2|1:331:2|1:547:2
ckpt_3400.pt,1,351,0.4560883939266205,0.09025368839502335,0.4171065390110016,"110,188,176,183,14","56,168,91,179,24",1:29:2|1:172:2|1:398:2
ckpt_3400.pt,1,352,0.4518870711326599,0.0719388946890831,0.3973436951637268,"207,166,179,206,243","198,217,246,191,197",1:670:2|1:884:2|1:964:2
ckpt_3400.pt,1,353,0.44844841957092285,0.0821513682603836,0.3971305787563324,"137,22,44,12,116","183,163,212,37,220",1:118:2|1:308:2|1:618:2
ckpt_3400.pt,1,354,0.4744686782360077,0.11049322783946991,0.42282629013061523,"2,13,133,210,197","252,238,198,121,169",1:72:2|1:443:2|1:574:2
ckpt_3400.pt,1,355,0.48677632212638855,0.07555639743804932,0.4336262047290802,"220,225,207,27,48","223,175,142,80,25",1:438:2|1:563:2|1:778:2
ckpt_3400.pt,1,356,0.43525412678718567,0.07812312245368958,0.3788619339466095,"43,32,102,91,124","185,103,55,126,129",1:84:2|1:110:2|1:173:2
ckpt_3400.pt,1,357,0.4101814329624176,0.08491618931293488,0.3843191862106323,"78,127,37,219,221","123,27,250,243,117",1:49:2|1:245:2|1:612:2
ckpt_3400.pt,1,358,0.42763322591781616,0.08179567754268646,0.37489619851112366,"30,119,48,144,84","148,132,202,53,67",1:374:2|1:962:2|1:3:1
ckpt_3400.pt,1,359,0.45845118165016174,0.08085647225379944,0.39285528659820557,"177,89,254,174,77","252,223,178,23,112",1:346:2|1:453:2|1:613:2
ckpt_3400.pt,1,360,0.42266273498535156,0.09268292784690857,0.36387211084365845,"144,143,187,14,109","80,146,93,199,130",1:49:2|1:294:2|1:330:2
ckpt_3400.pt,1,361,0.4184616506099701,0.0733475461602211,0.36935561895370483,"11,203,132,67,204","248,167,160,45,137",1:104:2|1:408:2|1:758:2
ckpt_3400.pt,1,362,0.4233852028846741,0.07280269265174866,0.355253666639328,"183,79,203,189,51","175,247,80,148,68",1:144:2|1:952:2|1:1:1
ckpt_3400.pt,1,363,0.40724700689315796,0.10412386804819107,0.36164313554763794,"133,233,116,112,54","104,12,196,131,218",1:106:2|1:465:2|1:606:2
ckpt_3400.pt,1,364,0.5463431477546692,0.1269402801990509,0.44056111574172974,"220,67,13,101,151","4,252,15,179,224",1:9:2|1:557:2|1:574:2
ckpt_3400.pt,1,365,0.4825730621814728,0.08798390626907349,0.3902074992656708,"249,29,189,19,232","47,209,44,240,73",1:15:2|1:280:2|1:435:2
ckpt_3400.pt,1,366,0.4841248691082001,0.09169800579547882,0.3825756311416626,"176,128,212,82,92","194,161,195,122,16",1:5:2|1:267:2|1:603:2
ckpt_3400.pt,1,367,0.43854421377182007,0.08333110064268112,0.39265885949134827,"155,181,22,238,157","137,55,149,39,97",1:132:2|1:308:2|1:838:2
ckpt_3400.pt,1,368,0.44611188769340515,0.08037804812192917,0.389915406703949,"212,166,158,132,17","24,231,222,141,204",1:369:2|1:457:2|1:21:1
ckpt_3400.pt,1,369,0.4370029866695404,0.11367892473936081,0.390735387802124,"155,139,142,132,212","73,153,84,236,97",1:125:2|1:254:2|1:368:2
ckpt_3400.pt,1,370,0.481979101896286,0.08113876730203629,0.3851149380207062,"223,70,61,59,168","19,69,185,46,178",1:12:2|1:191:2|1:252:2
ckpt_3400.pt,1,371,0.45521676540374756,0.07911684364080429,0.4105541706085205,"223,2,215,70,187","227,144,190,22,79",1:195:2|1:252:2|1:370:2
ckpt_3400.pt,1,372,0.361899733543396,0.06188087537884712,0.3265511393547058,"154,191,24,107,27","175,177,133,255,70",1:0:1|1:20:1|1:26:1
ckpt_3400.pt,1,373,0.43927714228630066,0.07817923277616501,0.3980777859687805,"151,239,29,115,188","49,250,90,19,51",1:206:2|1:15:1|1:20:1
ckpt_3400.pt,1,374,0.47462743520736694,0.08555666357278824,0.4071389436721802,"84,230,48,242,140","200,108,183,4,117",1:40:2|1:358:2|1:458:2
ckpt_3400.pt,1,375,0.46098360419273376,0.0852472260594368,0.4029863178730011,"212,254,53,251,103","112,213,227,36,255",1:683:2|1:13:1|1:18:1
ckpt_3400.pt,1,376,0.448696494102478,0.08384854346513748,0.3971632421016693,"39,146,109,76,228","24,107,220,39,231",1:66:2|1:294:2|1:392:2
ckpt_3400.pt,1,377,0.446319580078125,0.07978232949972153,0.3996255695819855,"6,181,36,242,164","233,115,32,144,43",1:41:2|1:132:2|1:10:1
ckpt_3400.pt,1,378,0.45884016156196594,0.08415693044662476,0.39515042304992676,"220,109,108,181,141","82,143,3,52,154",1:189:2|1:441:2|1:536:2
ckpt_3400.pt,1,379,0.44005969166755676,0.08926865458488464,0.39088743925094604,"227,219,114,186,160","95,160,23,158,8",1:76:2|1:263:2|1:935:2
ckpt_3400.pt,1,380,0.4835759401321411,0.10659909248352051,0.39806029200553894,"93,99,90,13,116","34,32,93,63,112",1:743:2|1:826:2|1:8:1
ckpt_3400.pt,1,381,0.4855300486087799,0.11573637276887894,0.39366838335990906,"127,245,102,58,209","117,217,141,119,4",1:119:2|1:419:2|1:545:2
ckpt_3400.pt,1,382,0.4384949505329132,0.07737449556589127,0.4007522761821747,"61,140,29,145,6","117,129,88,100,96",1:514:2|1:663:2|1:733:2
ckpt_3400.pt,1,383,0.44959181547164917,0.07576452940702438,0.4258095622062683,"80,171,243,91,197","91,151,9,133,34",1:96:2|1:587:2|1:1:1
ckpt_3400.pt,1,384,0.4507063031196594,0.10328210890293121,0.404486745595932,"156,117,49,221,3","245,116,106,180,193",1:237:2|1:281:2|1:432:2
ckpt_3400.pt,1,385,0.47857409715652466,0.09506602585315704,0.40459293127059937,"124,206,16,2,63","167,51,120,173,172",1:143:2|1:498:2|1:2:1
ckpt_3400.pt,1,386,0.4724365174770355,0.10183339565992355,0.39223888516426086,"108,103,6,144,114","2,185,142,89,212",1:75:2|1:598:2|1:962:2
ckpt_3400.pt,1,387,0.44723954796791077,0.08036469668149948,0.37481027841567993,"122,62,217,152,69","122,152,172,1,53",1:276:2|1:343:2|1:506:2
ckpt_3400.pt,1,388,0.4700739085674286,0.08170080929994583,0.4205048084259033,"218,86,145,98,245","238,56,182,139,92",1:71:2|1:108:2|1:226:2
ckpt_3400.pt,1,389,0.4823438227176666,0.0870111733675003,0.41009554266929626,"35,31,201,210,176","134,25,140,8,137",1:115:2|1:155:2|1:476:2
ckpt_3400.pt,1,390,0.3909885585308075,0.06451040506362915,0.3626963794231415,"185,132,255,51,218","10,26,94,248,143",1:758:3|1:104:2|1:823:2
ckpt_3400.pt,1,391,0.4717096984386444,0.07643280923366547,0.415902704000473,"22,97,141,231,241","135,95,254,41,39",1:313:2|1:415:2|1:933:2
ckpt_3400.pt,1,392,0.4169708788394928,0.08903354406356812,0.4111235737800598,"31,10,39,228,136","0,235,15,171,62",1:145:2|1:376:2|1:844:2
ckpt_3400.pt,1,393,0.45010218024253845,0.10313832014799118,0.3759019374847412,"85,100,84,150,149","85,124,146,57,171",1:160:2|1:8:1|1:24:1
ckpt_3400.pt,1,394,0.5134302377700806,0.08398465812206268,0.3940969705581665,"160,139,136,58,70","99,95,15,7,89",1:252:2|1:578:2|1:694:2
ckpt_3400.pt,1,395,0.4081743657588959,0.07405136525630951,0.3743913471698761,"163,241,105,165,79","243,56,203,1,41",1:424:2|1:713:2|1:933:2
ckpt_3400.pt,1,396,0.4231179654598236,0.090388223528862,0.38481253385543823,"43,163,47,108,8","89,18,61,152,38",1:25:2|1:141:2|1:192:2
ckpt_3400.pt,1,397,0.42648836970329285,0.08332158625125885,0.41143864393234253,"103,131,152,228,145","174,97,185,53,122",1:22:2|1:145:2|1:289:2
ckpt_3400.pt,1,398,0.485132098197937,0.08613178133964539,0.44766607880592346,"224,188,105,176,102","223,252,219,230,61",1:27:2|1:351:2|1:548:2
ckpt_3400.pt,1,399,0.44232290983200073,0.08727152645587921,0.41700729727745056,"249,163,77,227,37","228,156,250,128,248",1:539:2|1:1023:2|1:7:1
ckpt_3400.pt,1,400,0.4090427756309509,0.0717153400182724,0.35874783992767334,"33,174,235,40,186","96,253,97,87,129",1:56:2|1:295:2|1:331:2
ckpt_3400.pt,1,401,0.40936073660850525,0.09587665647268295,0.3722809851169586,"241,182,229,44,17","182,210,4,139,143",1:179:3|1:225:2|1:456:2
ckpt_3400.pt,1,402,0.41178908944129944,0.08144183456897736,0.381936639547348,"178,25,212,197,239","112,40,93,235,254",1:500:2|1:562:2|1:772:2
ckpt_3400.pt,1,403,0.414955198764801,0.09065017104148865,0.380399227142334,"190,23,1,77,49","96,202,236,52,32",1:73:2|1:263:2|1:954:2
ckpt_3400.pt,1,404,0.4163163900375366,0.07674547284841537,0.38635531067848206,"248,133,224,3,229","208,50,25,171,132",1:18:2|1:345:2|1:434:2
ckpt_3400.pt,1,405,0.5056406855583191,0.09569461643695831,0.4228685200214386,"14,51,66,138,231","122,132,72,208,87",1:747:2|1:24:1|1:30:1
ckpt_3400.pt,1,406,0.4742450416088104,0.09443415701389313,0.4026094079017639,"196,25,154,182,60","33,216,128,61,120",1:70:2|1:82:2|1:462:2
ckpt_3400.pt,1,407,0.46110525727272034,0.09428930282592773,0.3914509117603302,"72,5,89,98,154","126,13,3,99,85",1:47:2|1:464:2|1:503:2
ckpt_3400.pt,1,408,0.48465555906295776,0.08502628654241562,0.4196056127548218,"11,203,129,211,80","64,145,163,92,101",1:44:2|1:274:2|1:361:2
ckpt_3400.pt,1,409,0.5258463621139526,0.10660061240196228,0.44110026955604553,"146,194,90,192,215","17,35,131,114,217",1:78:2|1:538:2|1:582:2
ckpt_3400.pt,1,410,0.4557056427001953,0.07792208343744278,0.3727889358997345,"19,144,138,190,215","171,2,193,208,9",1:330:2|1:744:2|1:770:2
ckpt_3400.pt,1,411,0.4079281985759735,0.07735204696655273,0.3645261824131012,"251,158,123,141,82","181,189,6,95,132",1:196:2|1:285:2|1:336:2
ckpt_3400.pt,1,412,0.564322292804718,0.11950135231018066,0.42685648798942566,"250,61,42,20,208","114,35,155,63,128",1:4:1|1:8:1|1:12:1
ckpt_3400.pt,1,413,0.4821237325668335,0.10075380653142929,0.40848425030708313,"236,93,163,78,133","99,215,138,148,56",1:811:2|1:863:2|1:17:1
ckpt_3400.pt,1,414,0.45962342619895935,0.09102027118206024,0.39258405566215515,"99,110,161,170,162","184,98,49,32,185",1:8:1|1:10:1|1:29:1
ckpt_3400.pt,1,415,0.39486581087112427,0.07187096774578094,0.36772289872169495,"174,231,22,96,68","106,2,154,18,188",1:391:2|1:590:2|1:2:1
ckpt_3400.pt,1,416,0.5427684187889099,0.10857748240232468,0.45240533351898193,"70,92,44,200,64","255,55,35,11,120",1:162:2|1:570:2|1:578:2
ckpt_3400.pt,1,417,0.47309592366218567,0.08160598576068878,0.37910425662994385,"78,172,164,4,209","215,196,199,79,160",1:10:2|1:27:2|1:302:2
ckpt_3400.pt,1,418,0.4611508250236511,0.08512738347053528,0.4147636890411377,"218,43,231,92,164","53,31,112,49,253",1:875:3|1:700:2|1:817:2
ckpt_3400.pt,1,419,0.4669024348258972,0.0853194147348404,0.3727404475212097,"209,58,10,219,188","187,167,2,195,98",1:381:2|1:468:2|1:496:2
ckpt_3400.pt,1,420,0.455518901348114,0.07884753495454788,0.40678027272224426,"162,25,203,226,205","167,38,118,159,56",1:76:2|1:103:2|1:529:2
ckpt_3400.pt,1,421,0.4824044406414032,0.09441728889942169,0.416177362203598,"33,138,188,164,225","163,166,103,191,40",1:438:2|1:532:2|1:839:2
ckpt_3400.pt,1,422,0.4296947717666626,0.08438172936439514,0.36820536851882935,"202,153,30,152,115","62,172,148,180,218",1:169:2|1:38:1|1:84:1
ckpt_3400.pt,1,423,0.44575387239456177,0.08071667701005936,0.38350576162338257,"189,235,133,242,196","22,193,167,130,218",1:548:2|1:1:1|1:8:1
ckpt_3400.pt,1,424,0.4438658654689789,0.08732288330793381,0.35646650195121765,"96,165,33,163,109","158,191,243,238,11",1:25:2|1:133:2|1:235:2
ckpt_3400.pt,1,425,0.4459722936153412,0.08210806548595428,0.39328548312187195,"129,241,184,32,144","148,221,203,210,211",1:129:2|1:156:2|1:268:2
ckpt_3400.pt,1,426,0.4509207606315613,0.08200491219758987,0.39937153458595276,"213,225,155,131,133","124,241,140,191,220",1:574:2|1:17:1|1:41:1
ckpt_3400.pt,1,427,0.4548150897026062,0.07688775658607483,0.4043293297290802,"152,238,254,84,43","246,13,223,237,92",1:981:2|1:11:1|1:23:1
ckpt_3400.pt,1,428,0.447291761636734,0.07934951037168503,0.3648277819156647,"149,158,45,115,63","169,179,173,189,60",1:592:2|1:630:2|1:23:1
ckpt_3400.pt,1,429,0.45875123143196106,0.10334363579750061,0.36074894666671753,"210,46,224,5,220","242,73,9,104,195",1:115:2|1:464:2|1:536:2
ckpt_3400.pt,1,430,0.45654407143592834,0.0871228277683258,0.3834760785102844,"217,202,94,177,49","17,96,151,4,29",1:164:2|1:999:2|1:13:1
ckpt_3400.pt,1,431,0.41487938165664673,0.08602363616228104,0.3514370918273926,"46,51,33,37,70","145,141,185,28,137",1:17:2|1:570:2|1:915:2
ckpt_3400.pt,1,432,0.4373677372932434,0.07984056323766708,0.38185709714889526,"132,117,156,24,0","227,237,143,171,199",1:137:2|1:300:2|1:384:2
ckpt_3400.pt,1,433,0.4746105372905731,0.08536095917224884,0.3778059482574463,"232,109,217,117,172","71,57,0,149,13",1:95:2|1:472:2|1:645:2
ckpt_3400.pt,1,434,0.48738572001457214,0.0772520899772644,0.4005947709083557,"224,209,54,3,48","73,255,138,249,66",1:646:3|1:404:2|1:518:2
ckpt_3400.pt,1,435,0.4181996285915375,0.09165799617767334,0.3559267520904541,"189,234,214,249,114","104,25,56,215,83",1:1:2|1:148:2|1:365:2
ckpt_3400.pt,1,436,0.4377467632293701,0.08339647948741913,0.39286309480667114,"252,131,177,2,109","178,145,107,43,22",1:143:2|1:183:2|1:488:2
ckpt_3400.pt,1,437,0.4485202729701996,0.09654095768928528,0.40934237837791443,"47,23,111,154,119","177,179,225,155,8",1:117:2|1:442:2|1:527:2
ckpt_3400.pt,1,438,0.44294872879981995,0.07756111770868301,0.39040887355804443,"225,147,164,48,31","149,15,244,112,127",1:355:2|1:421:2|1:563:2
ckpt_3400.pt,1,439,0.46745380759239197,0.0810956135392189,0.3934587836265564,"105,147,54,248,146","44,32,196,161,33",1:128:2|1:832:2|1:3:1
ckpt_3400.pt,1,440,0.4421374499797821,0.07943926751613617,0.3764134347438812,"206,109,35,174,11","127,111,170,180,144",1:2:2|1:80:2|1:149:2
ckpt_3400.pt,1,441,0.44557419419288635,0.09890787303447723,0.38262316584587097,"132,220,178,108,100","163,107,98,72,226",1:189:2|1:300:2|1:378:2
ckpt_3400.pt,1,442,0.46242019534111023,0.0861833319067955,0.3739132583141327,"139,203,156,154,23","124,210,246,160,191",1:79:2|1:182:2|1:437:2
ckpt_3400.pt,1,443,0.48534125089645386,0.10226297378540039,0.3793173134326935,"219,200,13,2,232","211,30,86,89,248",1:49:2|1:222:2|1:354:2
ckpt_3400.pt,1,444,0.44261467456817627,0.0938655361533165,0.40792226791381836,"113,229,118,79,139","241,27,36,184,135",1:85:2|1:182:2|1:290:2
ckpt_3400.pt,1,445,0.4970599412918091,0.08259328454732895,0.4263519048690796,"250,90,144,153,237","255,246,226,48,168",1:38:2|1:156:2|1:262:2
ckpt_3400.pt,1,446,0.4297446012496948,0.07037358731031418,0.3870040774345398,"36,182,235,26,127","71,95,194,227,191",1:19:2|1:223:2|1:9:1
ckpt_3400.pt,1,447,0.4464588761329651,0.08495889604091644,0.37980979681015015,"104,183,224,199,164","13,205,222,95,219",1:703:2|1:10:1|1:14:1
ckpt_3400.pt,1,448,0.4241142272949219,0.09828247874975204,0.41266897320747375,"229,239,22,46,253","62,205,226,142,209",1:17:1|1:18:1|1:20:1
ckpt_3400.pt,1,449,0.46615901589393616,0.08910634368658066,0.41666167974472046,"233,138,156,255,121","134,126,79,85,84",1:806:2|1:36:1|1:53:1
ckpt_3400.pt,1,450,0.3908158838748932,0.08097650110721588,0.3597466051578522,"117,131,241,121,240","147,194,204,195,113",1:345:2|1:2:1|1:17:1
ckpt_3400.pt,1,451,0.45427456498146057,0.08797135204076767,0.4079853296279907,"128,45,109,96,99","69,31,215,107,156",1:235:3|1:8:2|1:25:2
ckpt_3400.pt,1,452,0.43229061365127563,0.08615636080503464,0.3930835723876953,"147,234,236,249,154","197,239,15,196,101",1:316:2|1:435:2|1:599:2
ckpt_3400.pt,1,453,0.45434799790382385,0.0710032656788826,0.3993591070175171,"45,254,194,34,174","70,231,220,80,147",1:346:2|1:359:2|1:2:1
ckpt_3400.pt,1,454,0.4919198453426361,0.08083436638116837,0.4455256760120392,"68,173,189,187,20","176,2,134,16,172",1:1005:3|1:242:2|1:629:2
ckpt_3400.pt,1,455,0.39023080468177795,0.08168814331293106,0.3611854910850525,"73,39,123,202,195","13,7,105,53,45",1:273:2|1:588:2|1:2:1
ckpt_3400.pt,1,456,0.4450299143791199,0.08598706126213074,0.3980550467967987,"143,57,44,182,59","122,97,241,115,197",1:179:2|1:349:2|1:401:2
ckpt_3400.pt,1,457,0.47089701890945435,0.09080978482961655,0.40582817792892456,"96,17,98,158,71","107,30,170,122,95",1:368:2|1:937:2|1:953:2
ckpt_3400.pt,1,458,0.45516037940979004,0.08977784216403961,0.410757839679718,"230,98,87,101,84","93,179,132,221,18",1:31:2|1:72:2|1:374:2
ckpt_3400.pt,1,459,0.41649919748306274,0.0859324038028717,0.33809688687324524,"142,79,23,85,33","97,103,29,67,223",1:56:2|1:306:2|1:475:2
ckpt_3400.pt,1,460,0.46263206005096436,0.08950071036815643,0.3941003978252411,"114,52,240,189,124","98,180,157,223,225",1:1:2|1:148:2|1:284:2
ckpt_3400.pt,1,461,0.4631635546684265,0.08774011582136154,0.39976999163627625,"253,177,82,81,79","9,133,187,163,83",1:247:3|1:144:2|1:208:2
ckpt_3400.pt,1,462,0.4442172646522522,0.08302589505910873,0.36344432830810547,"8,154,103,15,196","99,33,29,114,230",1:406:2|1:664:2|1:866:2
ckpt_3400.pt,1,463,0.4493129253387451,0.11561443656682968,0.3830103576183319,"236,96,9,91,7","254,183,55,227,220",1:96:2|1:863:2|1:937:2
ckpt_3400.pt,1,464,0.4772767424583435,0.09608550369739532,0.3814905881881714,"56,224,5,98,184","227,141,198,128,114",1:129:2|1:211:2|1:407:2
ckpt_3400.pt,1,465,0.3618045747280121,0.06766894459724426,0.3544493615627289,"244,116,96,233,216","211,78,218,212,54",1:249:2|1:363:2|1:50:1
ckpt_3400.pt,1,466,0.4308059811592102,0.08361844718456268,0.3734365701675415,"158,58,50,183,32","133,98,166,198,236",1:301:2|1:505:2|1:907:2
ckpt_3400.pt,1,467,0.45148542523384094,0.0714343711733818,0.3731174170970917,"219,232,24,64,187","88,185,103,225,203",1:49:2|1:443:2|1:23:1
ckpt_3400.pt,1,468,0.4188382029533386,0.10376044362783432,0.3901888430118561,"176,32,10,169,219","68,115,239,223,107",1:419:2|1:709:2|1:907:2
ckpt_3400.pt,1,469,0.4433790445327759,0.0831858366727829,0.42628926038742065,"158,220,157,119,146","8,206,132,171,27",1:161:2|1:749:2|1:900:2
ckpt_3400.pt,1,470,0.4583979547023773,0.07758276909589767,0.39017048478126526,"66,245,143,105,48","95,149,96,254,46",1:19:2|1:32:2|1:128:2
ckpt_3400.pt,1,471,0.44070109724998474,0.09284929186105728,0.3760526478290558,"198,111,245,129,11","221,208,99,74,230",1:94:2|1:226:2|1:408:2
ckpt_3400.pt,1,472,0.4797001779079437,0.0783127173781395,0.4192822277545929,"117,232,38,57,98","243,44,247,59,249",1:28:2|1:296:2|1:433:2
ckpt_3400.pt,1,473,0.46012425422668457,0.08321119844913483,0.401835173368454,"245,208,59,62,216","193,216,87,131,57",1:209:2|1:506:2|1:886:2
ckpt_3400.pt,1,474,0.46950414776802063,0.09760386496782303,0.38468077778816223,"191,51,156,147,112","208,185,67,21,254",1:728:3|1:321:2|1:693:2
ckpt_3400.pt,1,475,0.46625635027885437,0.09019853919744492,0.3954363465309143,"213,246,165,85,23","124,218,107,180,239",1:250:2|1:459:2|1:638:2
ckpt_3400.pt,1,476,0.44608989357948303,0.08595568686723709,0.3991716504096985,"187,154,58,35,201","161,196,65,170,43",1:80:2|1:389:2|1:559:2
ckpt_3400.pt,1,477,0.4158046543598175,0.08366885781288147,0.3654592037200928,"196,96,114,79,176","118,23,45,213,167",1:338:2|1:566:2|1:603:2
ckpt_3400.pt,1,478,0.4852553606033325,0.09387162327766418,0.4199972450733185,"26,255,54,7,231","124,218,62,119,136",1:9:2|1:606:2|1:990:2
ckpt_3400.pt,1,479,0.41626614332199097,0.0853833332657814,0.36786597967147827,"102,135,55,247,104","158,255,58,73,214",1:210:2|1:869:2|1:15:1
ckpt_3400.pt,1,480,0.45075568556785583,0.0945398136973381,0.4036925137042999,"66,57,104,222,84","131,144,133,233,208",1:174:2|1:15:1|1:28:1
ckpt_3400.pt,1,481,0.3723602890968323,0.06664112210273743,0.3668181300163269,"233,221,5,191,238","2,169,152,177,180",1:562:2|1:585:2|1:11:1
ckpt_3400.pt,1,482,0.4475105106830597,0.08466542512178421,0.3851168751716614,"92,210,140,117,32","239,178,180,138,167",1:146:2|1:221:2|1:526:2
ckpt_3400.pt,1,483,0.45566704869270325,0.08383745700120926,0.3887539803981781,"77,147,235,88,63","39,194,31,49,96",1:16:2|1:322:2|1:7:1
ckpt_3400.pt,1,484,0.43728315830230713,0.08091169595718384,0.42295706272125244,"96,58,168,62,61","92,5,177,198,110",1:99:2|1:235:2|1:370:2
ckpt_3400.pt,1,485,0.5307650566101074,0.10929238796234131,0.4454600214958191,"5,240,219,146,124","197,6,30,91,186",1:118:2|1:127:2|1:460:2
ckpt_3400.pt,1,486,0.4648061990737915,0.08828000724315643,0.3712797462940216,"22,9,222,117,147","5,56,208,48,209",1:205:2|1:221:2|1:237:2
ckpt_3400.pt,1,487,0.4353608787059784,0.0985063910484314,0.38773849606513977,"124,85,83,193,244","112,38,173,248,34",1:87:2|1:8:1|1:33:1
ckpt_3400.pt,1,488,0.38457778096199036,0.07848178595304489,0.3515051305294037,"111,162,177,33,131","217,23,179,77,214",1:94:2|1:233:2|1:319:2
ckpt_3400.pt,1,489,0.46344366669654846,0.09472960233688354,0.3906437158584595,"189,143,175,211,139","217,228,113,54,187",1:522:2|1:789:2|1:841:2
ckpt_3400.pt,1,490,0.4587589502334595,0.07499519735574722,0.3966885507106781,"152,245,116,192,242","209,172,170,26,161",1:564:2|1:1002:2|1:19:1
ckpt_3400.pt,1,491,0.472101628780365,0.08534256368875504,0.40225204825401306,"245,70,233,119,114","205,100,7,235,108",1:181:2|1:757:2|1:877:2
ckpt_3400.pt,1,492,0.44990184903144836,0.09060376137495041,0.4122118353843689,"87,249,121,141,104","33,1,88,252,180",1:796:2|1:801:2|1:874:2
ckpt_3400.pt,1,493,0.48034653067588806,0.09513211995363235,0.36555951833724976,"154,153,213,218,175","61,31,210,104,191",1:700:2|1:26:1|1:38:1
ckpt_3400.pt,1,494,0.4532790184020996,0.08611385524272919,0.4189431667327881,"245,15,28,142,254","244,204,138,106,254",1:119:2|1:230:2|1:19:1
ckpt_3400.pt,1,495,0.4308888614177704,0.08706675469875336,0.3822129964828491,"238,59,15,95,25","125,238,197,161,173",1:349:2|1:934:2|1:969:2
ckpt_3400.pt,1,496,0.4515521228313446,0.10112076997756958,0.3952418863773346,"35,75,209,28,219","126,23,76,200,65",1:331:2|1:419:2|1:525:2
ckpt_3400.pt,1,497,0.4749724268913269,0.10023082047700882,0.4220042824745178,"224,68,171,60,31","32,127,250,104,205",1:533:2|1:0:1|1:11:1
ckpt_3400.pt,1,498,0.45402419567108154,0.08115670084953308,0.37314578890800476,"100,124,43,0,2","65,223,232,149,255",1:143:2|1:266:2|1:356:2
ckpt_3400.pt,1,499,0.42922109365463257,0.1023545190691948,0.3584131896495819,"122,40,180,89,191","165,91,43,2,209",1:205:2|1:512:2|1:699:2
ckpt_3400.pt,1,500,0.47438278794288635,0.09068375080823898,0.3919438123703003,"100,197,102,25,142","227,193,30,225,100",1:234:2|1:402:2|1:772:2
ckpt_3400.pt,1,501,0.43942275643348694,0.08631552010774612,0.37306925654411316,"4,211,123,107,147","34,22,110,106,250",1:10:2|1:288:2|1:832:2
ckpt_3400.pt,1,502,0.40235045552253723,0.06631152331829071,0.3444538414478302,"36,148,226,244,219","219,128,145,214,195",1:76:2|1:15:1|1:19:1
ckpt_3400.pt,1,503,0.4720480442047119,0.09563133865594864,0.3803997039794922,"89,0,214,72,137","124,193,22,167,214",1:47:2|1:407:2|1:640:2
ckpt_3400.pt,1,504,0.48807740211486816,0.07749900966882706,0.41286107897758484,"122,255,159,124,240","57,121,202,216,212",1:186:2|1:276:2|1:460:2
ckpt_3400.pt,1,505,0.4445931315422058,0.0720200389623642,0.38254326581954956,"18,58,124,32,155","253,40,112,219,187",1:356:2|1:466:2|1:559:2
ckpt_3400.pt,1,506,0.3883534073829651,0.08412225544452667,0.3796888589859009,"79,62,216,169,69","10,30,115,185,58",1:387:2|1:473:2|1:765:2
ckpt_3400.pt,1,507,0.41927123069763184,0.06750839203596115,0.3834369480609894,"221,39,217,188,40","201,97,99,250,19",1:122:2|1:225:2|1:251:2
ckpt_3400.pt,1,508,0.4780903458595276,0.0887666791677475,0.40359893441200256,"231,205,94,181,142","220,154,216,211,175",1:41:2|1:286:2|1:29:1
ckpt_3400.pt,1,509,0.48518016934394836,0.09797392040491104,0.4201156795024872,"125,51,249,9,140","78,101,50,42,224",1:146:2|1:332:2|1:693:2
ckpt_3400.pt,1,510,0.43967920541763306,0.07604783773422241,0.376830518245697,"78,156,214,3,198","52,3,5,36,185",1:384:2|1:622:2|1:18:1
ckpt_3400.pt,1,511,0.45593419671058655,0.10490920394659042,0.3985272943973541,"146,44,244,221,38","46,220,144,152,139",1:78:2|1:203:2|1:781:2
ckpt_3400.pt,1,512,0.4491533041000366,0.07799751311540604,0.3758608400821686,"122,207,118,69,89","181,104,93,114,88",1:387:2|1:499:2|1:533:2
ckpt_3400.pt,1,513,0.4579394459724426,0.0983276292681694,0.3856959640979767,"106,144,238,188,65","12,234,127,29,1",1:1006:2|1:3:1|1:11:1
ckpt_3400.pt,1,514,0.46097221970558167,0.08336802572011948,0.413585901260376,"61,211,145,137,163","204,251,165,83,10",1:1:2|1:222:2|1:305:2
ckpt_3400.pt,1,515,0.4573972821235657,0.0836762934923172,0.40023648738861084,"105,138,167,20,131","123,254,107,190,73",1:33:2|1:660:2|1:942:2
ckpt_3400.pt,1,516,0.46083518862724304,0.07024725526571274,0.41722121834754944,"162,136,108,241,102","226,246,122,60,216",1:158:2|1:536:2|1:567:2
ckpt_3400.pt,1,517,0.43107348680496216,0.07619696855545044,0.39989733695983887,"76,165,251,198,20","224,97,227,19,157",1:52:2|1:654:2|1:779:2
ckpt_3400.pt,1,518,0.4668453633785248,0.08792077004909515,0.39340150356292725,"134,224,140,3,182","11,189,93,235,188",1:404:2|1:434:2|1:6:1
ckpt_3400.pt,1,519,0.4341140687465668,0.06793752312660217,0.40385663509368896,"246,46,183,99,75","132,242,23,125,192",1:18:2|1:260:2|1:928:2
ckpt_3400.pt,1,520,0.4290625751018524,0.08397586643695831,0.3912826478481293,"207,136,11,43,187","132,96,84,143,236",1:227:2|1:239:2|1:266:2
ckpt_3400.pt,1,521,0.40182098746299744,0.08592381328344345,0.35950803756713867,"59,213,65,151,241","162,127,248,88,156",1:2:1|1:14:1|1:32:1
ckpt_3400.pt,1,522,0.4650823771953583,0.07445715367794037,0.3659493327140808,"98,251,144,189,175","41,78,144,56,54",1:241:2|1:269:2|1:489:2
ckpt_3400.pt,1,523,0.4027373492717743,0.07333142310380936,0.3986055254936218,"101,144,53,236,126","136,12,196,58,244",1:804:2|1:962:2|1:1003:2
ckpt_3400.pt,1,524,0.4480218291282654,0.09155265241861343,0.397824764251709,"232,220,165,21,4","178,117,74,224,152",1:187:2|1:271:2|1:9:1
ckpt_3400.pt,1,525,0.4481089115142822,0.07484152913093567,0.39515072107315063,"75,28,47,63,62","186,90,130,109,249",1:496:2|1:765:2|1:7:1
ckpt_3400.pt,1,526,0.44656115770339966,0.07549930363893509,0.40237390995025635,"174,145,58,210,92","204,235,68,148,3",1:80:2|1:202:2|1:314:2
ckpt_3400.pt,1,527,0.5171950459480286,0.09833761304616928,0.4293971657752991,"111,154,182,74,2","166,12,187,172,239",1:82:2|1:102:2|1:317:2
ckpt_3400.pt,1,528,0.5057786703109741,0.1083759292960167,0.42333194613456726,"222,164,53,233,204","167,36,246,27,174",1:106:2|1:638:2|1:683:2
ckpt_3400.pt,1,529,0.4670710563659668,0.07642040401697159,0.38656502962112427,"25,168,203,81,153","96,102,77,30,204",1:420:2|1:785:2|1:831:2
ckpt_3400.pt,1,530,0.46956923604011536,0.11068977415561676,0.36887815594673157,"137,43,133,139,176","215,246,21,77,245",1:164:2|1:327:2|1:607:2
ckpt_3400.pt,1,531,0.48521190881729126,0.07410895079374313,0.3702634871006012,"148,157,194,177,32","174,63,244,80,184",1:308:2|1:7:1|1:29:1
ckpt_3400.pt,1,532,0.46962422132492065,0.0919366404414177,0.3999877870082855,"252,138,87,164,2","0,233,85,216,33",1:421:2|1:436:2|1:591:2
ckpt_3400.pt,1,533,0.4965380132198334,0.10284185409545898,0.4256259799003601,"85,122,171,69,60","16,40,174,136,148",1:387:2|1:497:2|1:512:2
ckpt_3400.pt,1,534,0.45374026894569397,0.08760540932416916,0.41137537360191345,"32,118,95,47,8","189,1,153,198,200",1:20:2|1:141:2|1:396:2
ckpt_3400.pt,1,535,0.5058146119117737,0.09116947650909424,0.4595734179019928,"42,222,123,111,79","146,4,118,17,228",1:150:2|1:298:2|1:926:2
ckpt_3400.pt,1,536,0.4779781401157379,0.10642726719379425,0.40623295307159424,"80,220,224,108,241","125,244,96,252,27",1:44:2|1:129:2|1:158:2
ckpt_3400.pt,1,537,0.4442179203033447,0.09415705502033234,0.3821277618408203,"178,222,140,73,34","255,185,19,88,68",1:333:2|1:561:2|1:1000:2
ckpt_3400.pt,1,538,0.43871891498565674,0.09192126989364624,0.4140501618385315,"98,171,194,100,90","243,73,50,96,82",1:409:2|1:547:2|1:576:2
ckpt_3400.pt,1,539,0.441782683134079,0.10623740404844284,0.39557087421417236,"163,172,205,77,31","23,200,12,196,2",1:315:2|1:399:2|1:601:2
ckpt_3400.pt,1,540,0.41434380412101746,0.0962609127163887,0.374447226524353,"39,189,127,236,233","108,112,1,19,170",1:682:2|1:767:2|1:1:1
ckpt_3400.pt,1,541,0.48147052526474,0.10957946628332138,0.397067129611969,"53,98,12,57,127","88,46,250,185,1",1:28:2|1:472:2|1:18:1
ckpt_3400.pt,1,542,0.3877338469028473,0.07004275918006897,0.3654787242412567,"75,73,103,158,23","12,79,43,255,234",1:22:2|1:127:2|1:746:2
ckpt_3400.pt,1,543,0.4519313871860504,0.07085175067186356,0.3931673765182495,"76,126,168,192,249","115,254,146,153,56",1:3:1|1:7:1|1:10:1
ckpt_3400.pt,1,544,0.5069231390953064,0.08475233614444733,0.4195932447910309,"157,229,59,182,24","18,79,211,147,57",1:349:2|1:401:2|1:456:2
ckpt_3400.pt,1,545,0.4343861937522888,0.06626183539628983,0.377032607793808,"22,120,127,107,102","13,203,164,86,169",1:68:2|1:293:2|1:381:2
ckpt_3400.pt,1,546,0.4674023687839508,0.09596399962902069,0.4028431177139282,"209,127,111,103,92","146,163,64,115,250",1:97:2|1:381:2|1:565:2
ckpt_3400.pt,1,547,0.4522416591644287,0.10040294378995895,0.4120241701602936,"39,100,98,35,83","178,122,248,128,107",1:282:2|1:350:2|1:538:2
ckpt_3400.pt,1,548,0.5016232132911682,0.09395479410886765,0.43261393904685974,"102,196,105,226,189","200,89,248,65,199",1:19:2|1:241:2|1:262:2
ckpt_3400.pt,1,549,0.4575338363647461,0.08773952722549438,0.39567825198173523,"78,110,232,42,102","180,76,148,196,235",1:10:1|1:14:1|1:27:1
ckpt_3400.pt,1,550,0.4768316149711609,0.09973306208848953,0.37637197971343994,"35,25,75,26,109","245,220,207,233,226",1:440:2|1:496:2|1:7:1
ckpt_3400.pt,1,551,0.5070707201957703,0.08988281339406967,0.42747241258621216,"124,234,98,214,11","24,108,38,220,57",1:81:2|1:266:2|1:435:2
ckpt_3400.pt,1,552,0.44706714153289795,0.07052243500947952,0.3908478915691376,"133,87,60,35,126","62,133,153,143,162",1:606:2|1:711:2|1:0:1
ckpt_3400.pt,1,553,0.4532989263534546,0.07538627833127975,0.3833325505256653,"226,51,250,106,223","216,42,150,127,4",1:262:2|1:644:2|1:717:2
ckpt_3400.pt,1,554,0.45706161856651306,0.08139380812644958,0.3848150372505188,"160,250,75,150,188","55,107,227,201,204",1:579:2|1:717:2|1:825:2
ckpt_3400.pt,1,555,0.48578011989593506,0.09303964674472809,0.3758177161216736,"234,136,41,207,221","79,12,135,212,201",1:520:2|1:709:2|1:973:2
ckpt_3400.pt,1,556,0.4822010099887848,0.0782402977347374,0.4147739112377167,"32,239,237,131,125","252,90,74,17,215",1:308:2|1:1014:2|1:7:1
ckpt_3400.pt,1,557,0.45137888193130493,0.08731162548065186,0.4180176854133606,"101,220,24,162,98","235,86,58,139,64",1:39:2|1:64:2|1:364:2
ckpt_3400.pt,1,558,0.4708348214626312,0.09774798154830933,0.40437015891075134,"103,57,237,122,117","174,221,36,182,189",1:48:2|1:205:2|1:472:2
ckpt_3400.pt,1,559,0.4089157283306122,0.08671202510595322,0.39044204354286194,"35,72,177,58,155","150,41,133,5,11",1:80:3|1:476:2|1:505:2
ckpt_3400.pt,1,560,0.5194218754768372,0.11421649903059006,0.44822433590888977,"87,179,19,24,63","160,147,144,248,73",1:705:2|1:765:2|1:0:1
ckpt_3400.pt,1,561,0.4494852125644684,0.08875751495361328,0.41301432251930237,"34,114,140,150,32","160,134,164,246,33",1:7:2|1:75:2|1:482:2
ckpt_3400.pt,1,562,0.43100303411483765,0.09171919524669647,0.3807108998298645,"191,239,138,221,212","143,154,96,204,225",1:402:2|1:481:2|1:828:2
ckpt_3400.pt,1,563,0.44242143630981445,0.08203449845314026,0.35924020409584045,"180,49,11,225,48","249,121,207,164,149",1:140:2|1:355:2|1:438:2
ckpt_3400.pt,1,564,0.46937254071235657,0.09362449496984482,0.3977162539958954,"245,22,255,110,242","114,137,123,228,147",1:147:2|1:216:2|1:226:2
ckpt_3400.pt,1,565,0.4211384057998657,0.08201511204242706,0.4036785364151001,"111,53,209,119,248","239,111,252,79,161",1:18:2|1:117:2|1:200:2
ckpt_3400.pt,1,566,0.40179872512817383,0.07947219908237457,0.37803664803504944,"176,96,26,33,136","216,113,210,208,196",1:177:2|1:424:2|1:477:2
ckpt_3400.pt,1,567,0.41853606700897217,0.07517750561237335,0.3989911377429962,"148,6,254,162,102","55,24,7,138,216",1:516:2|1:681:2|1:861:2
ckpt_3400.pt,1,568,0.4893857538700104,0.07608050107955933,0.432036817073822,"17,129,62,235,167","164,33,138,66,5",1:77:2|1:289:2|1:809:2
ckpt_3400.pt,1,569,0.45395970344543457,0.0809086263179779,0.40119343996047974,"163,180,19,154,58","188,13,240,215,81",1:476:2|1:889:2|1:5:1
ckpt_3400.pt,1,570,0.46220663189888,0.08097535371780396,0.38739871978759766,"89,70,44,46,231","94,10,145,190,51",1:17:2|1:337:2|1:416:2
ckpt_3400.pt,1,571,0.492755264043808,0.07729151844978333,0.40077900886535645,"195,52,107,60,29","182,52,176,96,143",1:20:2|1:208:2|1:293:2
ckpt_3400.pt,1,572,0.43237927556037903,0.10626684874296188,0.36478930711746216,"86,56,43,245,45","215,136,146,59,161",1:25:2|1:84:2|1:226:2
ckpt_3400.pt,1,573,0.5070899724960327,0.0909578949213028,0.4128217399120331,"149,199,129,124,242","69,129,180,130,96",1:803:2|1:909:2|1:914:2
ckpt_3400.pt,1,574,0.4419476091861725,0.07647749036550522,0.3970429301261902,"13,151,131,133,207","183,135,42,125,227",1:354:2|1:364:2|1:426:2
ckpt_3400.pt,1,575,0.4605812728404999,0.09579011052846909,0.3543403744697571,"153,246,69,181,113","183,5,119,181,40",1:38:2|1:171:2|1:313:2
ckpt_3400.pt,1,576,0.4599079489707947,0.07347498089075089,0.37482306361198425,"173,100,72,194,44","76,207,9,196,139",1:204:2|1:255:2|1:538:2
ckpt_3400.pt,1,577,0.44475507736206055,0.10449689626693726,0.39348363876342773,"110,250,86,79,31","253,170,96,227,160",1:307:2|1:317:2|1:644:2
ckpt_3400.pt,1,578,0.43821075558662415,0.08266468346118927,0.391997754573822,"75,44,58,70,7","163,189,250,20,241",1:138:2|1:179:2|1:394:2
ckpt_3400.pt,1,579,0.43738359212875366,0.07260823994874954,0.3888903558254242,"13,72,250,189,160","66,93,223,25,191",1:9:2|1:554:2|1:790:2
ckpt_3400.pt,1,580,0.44564545154571533,0.07121608406305313,0.3779568374156952,"213,190,2,143,70","220,181,82,107,108",1:371:2|1:639:2|1:666:2
ckpt_3400.pt,1,581,0.4613880515098572,0.07691887766122818,0.3901277184486389,"28,222,130,209,147","68,196,11,144,248",1:195:2|1:221:2|1:288:2
ckpt_3400.pt,1,582,0.4801390469074249,0.07766491174697876,0.40608081221580505,"3,191,90,146,6","187,107,67,106,20",1:66:2|1:78:2|1:161:2
ckpt_3400.pt,1,583,0.4491278827190399,0.0895085260272026,0.394444078207016,"42,108,23,249,28","202,32,36,180,100",1:608:2|1:647:2|1:855:2
ckpt_3400.pt,1,584,0.4990139305591583,0.08314315229654312,0.39522746205329895,"173,109,24,94,255","92,162,251,0,96",1:137:2|1:721:2|1:25:1
ckpt_3400.pt,1,585,0.4634220004081726,0.10423372685909271,0.38554197549819946,"38,142,193,191,238","106,188,185,100,204",1:60:2|1:125:2|1:236:2
ckpt_3400.pt,1,586,0.4592023193836212,0.08237885683774948,0.41787034273147583,"255,242,120,136,38","40,116,3,252,25",1:564:2|1:985:2|1:11:1
ckpt_3400.pt,1,587,0.38603419065475464,0.06678500771522522,0.37273672223091125,"91,11,52,143,243","240,9,108,12,125",1:5:2|1:126:2|1:383:2
ckpt_3400.pt,1,588,0.3999175429344177,0.07698504626750946,0.39638811349868774,"136,123,98,214,202","106,175,51,45,183",1:169:2|1:455:2|1:551:2
ckpt_3400.pt,1,589,0.4017431139945984,0.08331085741519928,0.35359448194503784,"61,118,162,160,30","118,134,176,204,79",1:76:2|1:121:2|1:319:2
ckpt_3400.pt,1,590,0.46224427223205566,0.07817420363426208,0.405057430267334,"154,195,174,43,22","89,64,185,96,179",1:110:2|1:415:2|1:622:2
ckpt_3400.pt,1,591,0.463259220123291,0.0909222960472107,0.4353010952472687,"137,2,252,184,78","79,67,216,58,96",1:436:2|1:532:2|1:607:2
ckpt_3400.pt,1,592,0.44050735235214233,0.07806192338466644,0.386660635471344,"181,45,50,63,126","117,34,142,212,189",1:34:2|1:107:2|1:428:2
ckpt_3400.pt,1,593,0.43761393427848816,0.08068068325519562,0.3857179284095764,"145,196,147,47,200","124,126,90,49,78",1:222:2|1:872:2|1:1:1
ckpt_3400.pt,1,594,0.4277317523956299,0.0784372091293335,0.3964110016822815,"40,231,67,143,144","167,87,43,133,10",1:241:2|1:360:2|1:3:1
ckpt_3400.pt,1,595,0.43631815910339355,0.08045687526464462,0.38137856125831604,"107,217,113,207,83","231,73,83,132,10",1:190:2|1:290:2|1:882:2
ckpt_3400.pt,1,596,0.4553956687450409,0.07183098047971725,0.4052708148956299,"120,191,69,215,153","220,71,189,63,158",1:279:2|1:313:2|1:575:2
ckpt_3400.pt,1,597,0.5014551281929016,0.1000819280743599,0.42204371094703674,"50,92,22,36,250","111,151,232,91,248",1:42:2|1:933:2|1:992:2
ckpt_3400.pt,1,598,0.4066009223461151,0.06622528284788132,0.3535658121109009,"103,6,207,17,149","17,147,34,62,248",1:240:2|1:289:2|1:386:2
ckpt_3400.pt,1,599,0.4653186500072479,0.08785873651504517,0.37475693225860596,"249,201,234,55,230","210,116,37,62,216",1:86:2|1:212:2|1:435:2
ckpt_3400.pt,1,600,0.4172251224517822,0.09854307770729065,0.34634679555892944,"172,89,30,25,183","136,240,244,52,91",1:302:2|1:772:2|1:12:1
ckpt_3400.pt,1,601,0.44146180152893066,0.07927900552749634,0.3951930105686188,"75,172,97,7,163","219,230,226,66,67",1:248:2|1:315:2|1:539:2
ckpt_3400.pt,1,602,0.532177746295929,0.1044604480266571,0.4345225393772125,"206,62,204,80,158","87,115,211,105,28",1:2:1|1:23:1|1:34:1
ckpt_3400.pt,1,603,0.4563438296318054,0.06581474095582962,0.36469221115112305,"92,114,176,45,183","238,120,135,247,158",1:338:2|1:351:2|1:366:2
ckpt_3400.pt,1,604,0.4857088029384613,0.09277656674385071,0.4266151487827301,"243,44,232,55,246","165,71,15,162,217",1:92:2|1:162:2|1:722:2
ckpt_3400.pt,1,605,0.4559102952480316,0.08947635442018509,0.3850547671318054,"249,82,71,0,209","109,15,7,245,177",1:212:2|1:267:2|1:646:2
ckpt_3400.pt,1,606,0.4168252646923065,0.08967190235853195,0.3673790693283081,"35,255,221,133,54","67,61,143,35,234",1:363:2|1:478:2|1:552:2
ckpt_3400.pt,1,607,0.4579484164714813,0.08692672103643417,0.37716397643089294,"137,230,133,151,2","160,60,55,45,4",1:204:2|1:354:2|1:530:2
ckpt_3400.pt,1,608,0.4265313148498535,0.09690050780773163,0.42501887679100037,"108,42,115,97,217","175,249,178,36,122",1:583:2|1:650:2|1:888:2
ckpt_3400.pt,1,609,0.44763463735580444,0.08098524063825607,0.3554215729236603,"11,45,212,47,95","185,72,73,32,213",1:258:2|1:534:2|1:723:2
ckpt_3400.pt,1,610,0.45301389694213867,0.07521439343690872,0.38525983691215515,"195,75,182,37,59","193,30,179,93,163",1:349:2|1:456:2|1:544:2
ckpt_3400.pt,1,611,0.40224388241767883,0.07708580046892166,0.3861615061759949,"39,140,52,12,235","34,99,81,173,16",1:4:2|1:810:2|1:844:2
ckpt_3400.pt,1,612,0.4283951222896576,0.08664818853139877,0.3802998960018158,"43,221,39,28,78","180,242,231,42,36",1:122:2|1:357:2|1:507:2
ckpt_3400.pt,1,613,0.479362428188324,0.08427896350622177,0.44861239194869995,"210,77,180,61,177","23,7,102,150,201",1:43:2|1:359:2|1:7:1
ckpt_3400.pt,1,614,0.39843928813934326,0.09007763862609863,0.3993692994117737,"35,163,34,62,110","11,34,23,252,233",1:29:2|1:333:2|1:676:2
ckpt_3400.pt,1,615,0.37733885645866394,0.07463701069355011,0.343767911195755,"242,233,142,46,132","251,102,157,19,152",1:228:2|1:283:2|1:369:2
ckpt_3400.pt,1,616,0.493677020072937,0.1100841611623764,0.4296342432498932,"52,38,94,229,111","178,73,77,240,168",1:1021:2|1:4:1|1:5:1
ckpt_3400.pt,1,617,0.4284932017326355,0.06819207966327667,0.38621842861175537,"252,173,18,160,142","28,29,158,7,2",1:273:2|1:9:1|1:16:1
ckpt_3400.pt,1,618,0.4675280451774597,0.08667130768299103,0.41598835587501526,"70,116,32,72,44","175,129,25,102,243",1:275:2|1:308:2|1:353:2
ckpt_3400.pt,1,619,0.43718215823173523,0.08205755800008774,0.36350318789482117,"12,72,38,188,113","44,6,122,117,143",1:21:2|1:701:2|1:27:1
ckpt_3400.pt,1,620,0.4537416994571686,0.08149968832731247,0.37292319536209106,"246,13,35,239,96","122,68,166,77,195",1:120:2|1:957:2|1:9:1
ckpt_3400.pt,1,621,0.48730677366256714,0.0877579003572464,0.39031726121902466,"212,168,252,20,241","192,28,163,111,182",1:131:2|1:191:2|1:320:2
ckpt_3400.pt,1,622,0.4146811068058014,0.08456195890903473,0.37840142846107483,"134,43,156,214,174","87,196,223,195,31",1:110:2|1:140:2|1:510:2
ckpt_3400.pt,1,623,0.4392622411251068,0.07937271147966385,0.366979718208313,"80,128,98,118,155","79,228,238,185,20",1:885:2|1:964:2|1:4:1
ckpt_3400.pt,1,624,0.4510553777217865,0.07983022928237915,0.36742857098579407,"141,187,56,165,45","169,215,79,45,242",1:55:2|1:272:2|1:276:2
ckpt_3400.pt,1,625,0.4713658392429352,0.09365028142929077,0.3873352110385895,"117,127,202,132,91","155,209,249,77,44",1:84:2|1:432:2|1:845:2
ckpt_3400.pt,1,626,0.38810670375823975,0.07220470905303955,0.3604080080986023,"59,137,86,248,232","123,118,24,173,40",1:54:2|1:837:2|1:918:2
ckpt_3400.pt,1,627,0.4322934150695801,0.07321747392416,0.3540743291378021,"112,222,194,221,17","239,60,57,65,54",1:106:2|1:628:2|1:31:1
ckpt_3400.pt,1,628,0.4547904133796692,0.08471754193305969,0.4170018136501312,"17,107,52,37,194","228,141,175,216,0",1:20:2|1:225:2|1:571:2
ckpt_3400.pt,1,629,0.4192442297935486,0.07828652858734131,0.36372143030166626,"189,229,181,20,119","21,228,191,107,179",1:168:2|1:201:2|1:454:2
ckpt_3400.pt,1,630,0.4526061415672302,0.08255631476640701,0.3901517987251282,"44,178,196,63,115","117,50,32,160,246",1:428:2|1:868:2|1:1013:2
ckpt_3400.pt,1,631,0.4906030297279358,0.09501442313194275,0.4148723781108856,"224,115,150,118,165","200,62,112,143,167",1:686:2|1:874:2|1:950:2
ckpt_3400.pt,1,632,0.4473561942577362,0.08133739233016968,0.3901948928833008,"11,44,128,109,108","244,188,195,155,207",1:378:2|1:440:2|1:451:2
ckpt_3400.pt,1,633,0.4713796377182007,0.09597859531641006,0.38947778940200806,"58,239,234,95,111","247,59,249,88,176",1:20:2|1:119:2|1:924:2
ckpt_3400.pt,1,634,0.42295345664024353,0.07136187702417374,0.38353121280670166,"178,189,7,166,122","144,102,50,135,177",1:774:2|1:1:1|1:2:1
ckpt_3400.pt,1,635,0.4076295495033264,0.08161003142595291,0.35170358419418335,"240,15,57,120,203","36,111,98,47,226",1:28:2|1:46:2|1:139:2
ckpt_3400.pt,1,636,0.4380234479904175,0.07713085412979126,0.3892102539539337,"41,104,44,204,147","32,40,186,16,114",1:174:2|1:15:1|1:22:1
ckpt_3400.pt,1,637,0.4682808518409729,0.10018637776374817,0.4219593107700348,"211,90,119,182,46","211,125,212,90,180",1:653:2|1:12:1|1:17:1
ckpt_3400.pt,1,638,0.5480480194091797,0.11567480117082596,0.42801642417907715,"85,53,222,185,165","192,50,36,131,78",1:167:2|1:475:2|1:528:2
ckpt_3400.pt,1,639,0.4027184545993805,0.1028238832950592,0.36197158694267273,"70,190,5,152,209","61,238,141,74,34",1:109:2|1:115:2|1:580:2
ckpt_3400.pt,1,640,0.46810421347618103,0.08465543389320374,0.4020976126194,"49,137,89,148,80","149,248,132,31,66",1:45:2|1:231:2|1:503:2
ckpt_3400.pt,1,641,0.433036208152771,0.08182963728904724,0.3747091293334961,"244,120,195,156,154","9,216,175,194,70",1:201:2|1:442:2|1:590:2
ckpt_3400.pt,1,642,0.39881274104118347,0.06637310981750488,0.35916200280189514,"66,43,107,137,62","113,169,131,135,152",1:128:2|1:290:2|1:530:2
ckpt_3400.pt,1,643,0.491423100233078,0.0883171558380127,0.41092076897621155,"230,231,36,28,169","184,57,17,75,21",1:199:2|1:214:2|1:253:2
ckpt_3400.pt,1,644,0.4814874827861786,0.08497697860002518,0.41196098923683167,"250,162,51,67,31","250,163,196,44,55",1:103:2|1:104:2|1:553:2
ckpt_3400.pt,1,645,0.4916524291038513,0.0937003567814827,0.41607391834259033,"158,209,65,117,109","188,182,163,109,88",1:336:2|1:433:2|1:704:2
ckpt_3400.pt,1,646,0.47268539667129517,0.10159220546483994,0.395845502614975,"209,71,54,163,224","253,57,207,132,243",1:434:3|1:605:2|1:736:2
ckpt_3400.pt,1,647,0.4234074056148529,0.06969970464706421,0.3640918731689453,"98,28,108,200,228","215,238,14,185,167",1:145:2|1:222:2|1:583:2
ckpt_3400.pt,1,648,0.46393144130706787,0.0779389813542366,0.3978724777698517,"167,139,182,236,13","19,57,237,48,17",1:223:2|1:311:2|1:0:1
ckpt_3400.pt,1,649,0.4597351849079132,0.0831110030412674,0.39419350028038025,"163,171,18,198,40","207,218,205,225,150",1:155:2|1:25:1|1:31:1
ckpt_3400.pt,1,650,0.414349228143692,0.07436519861221313,0.3807399272918701,"246,229,217,135,97","87,174,14,101,8",1:58:2|1:608:2|1:651:2
ckpt_3400.pt,1,651,0.4372834265232086,0.08174406737089157,0.3676510453224182,"24,217,116,135,252","1,71,246,232,214",1:650:2|1:13:1|1:16:1
ckpt_3400.pt,1,652,0.4374772012233734,0.07666799426078796,0.36946484446525574,"224,39,178,111,112","162,251,111,97,7",1:2:2|1:97:2|1:799:2
ckpt_3400.pt,1,653,0.4979158341884613,0.09819989651441574,0.4355407953262329,"61,67,13,119,211","17,32,16,48,72",1:62:2|1:255:2|1:305:2
ckpt_3400.pt,1,654,0.4569534659385681,0.08277583122253418,0.4176514446735382,"123,26,233,76,198","217,97,24,81,115",1:228:3|1:517:2|1:691:2
ckpt_3400.pt,1,655,0.4473896622657776,0.0896235927939415,0.40272751450538635,"106,126,61,204,183","195,77,36,80,159",1:198:2|1:251:2|1:679:2
ckpt_3400.pt,1,656,0.45583391189575195,0.11809758841991425,0.3915659785270691,"48,174,33,101,159","246,79,8,186,169",1:400:2|1:1003:2|1:2:1
ckpt_3400.pt,1,657,0.4362829923629761,0.08651070296764374,0.3816211521625519,"199,98,145,249,173","97,8,178,154,203",1:212:2|1:388:2|1:1:1
ckpt_3400.pt,1,658,0.4204176068305969,0.07230068743228912,0.35878655314445496,"208,107,58,12,214","102,205,106,231,237",1:208:2|1:787:2|1:864:2
ckpt_3400.pt,1,659,0.45833098888397217,0.08164118975400925,0.407941073179245,"15,171,66,120,118","165,80,233,93,51",1:342:2|1:635:2|1:752:2
ckpt_3400.pt,1,660,0.4437125027179718,0.07264997810125351,0.35458633303642273,"167,138,217,39,180","206,199,49,10,140",1:43:2|1:507:2|1:515:2
ckpt_3400.pt,1,661,0.4612541198730469,0.08064711093902588,0.4283457100391388,"60,62,221,48,137","133,135,139,115,60",1:90:2|1:642:2|1:711:2
ckpt_3400.pt,1,662,0.444372296333313,0.09166352450847626,0.38190633058547974,"51,172,52,19,116","61,198,126,4,162",1:5:2|1:107:2|1:744:2
ckpt_3400.pt,1,663,0.46873578429222107,0.0878523513674736,0.3842584490776062,"145,160,149,37,140","230,57,63,249,117",1:341:2|1:382:2|1:693:2
ckpt_3400.pt,1,664,0.47280260920524597,0.09325704723596573,0.39482662081718445,"103,211,36,7,154","193,44,147,39,207",1:130:2|1:184:2|1:265:2
ckpt_3400.pt,1,665,0.4763431251049042,0.08912017941474915,0.4232317805290222,"154,203,111,41,91","180,100,44,254,177",1:437:2|1:442:2|1:527:2
ckpt_3400.pt,1,666,0.46104007959365845,0.08545555919408798,0.3938446342945099,"49,213,70,138,207","230,96,22,254,17",1:580:2|1:766:2|1:876:2
ckpt_3400.pt,1,667,0.44301918148994446,0.08178386092185974,0.39370062947273254,"254,59,71,117,133","217,82,31,108,158",1:63:2|1:830:2|1:6:1
ckpt_3400.pt,1,668,0.46594303846359253,0.0959962010383606,0.40131041407585144,"112,144,37,186,228","138,109,114,228,233",1:915:2|1:3:1|1:14:1
ckpt_3400.pt,1,669,0.48750296235084534,0.07894758880138397,0.4395069479942322,"73,60,56,2,51","23,121,131,73,61",1:104:2|1:696:2|1:983:2
ckpt_3400.pt,1,670,0.49514585733413696,0.11943893879652023,0.4086538553237915,"206,207,218,170,141","188,214,236,102,23",1:170:2|1:352:2|1:2:1
ckpt_3400.pt,1,671,0.46897777915000916,0.08406827598810196,0.40198802947998047,"154,32,90,124,3","201,209,37,158,52",1:281:2|1:356:2|1:505:2
ckpt_3400.pt,1,672,0.4932623505592346,0.08132784813642502,0.4181499183177948,"193,46,154,122,120","13,107,216,116,220",1:111:2|1:279:2|1:641:2
ckpt_3400.pt,1,673,0.43936243653297424,0.07812727242708206,0.3598296642303467,"45,144,123,33,150","0,198,159,209,177",1:75:2|1:298:2|1:797:2
ckpt_3400.pt,1,674,0.4836687445640564,0.09152895212173462,0.41391006112098694,"145,146,159,156,67","244,206,63,223,157",1:161:2|1:1:1|1:3:1
ckpt_3400.pt,1,675,0.45799586176872253,0.08243976533412933,0.3995642066001892,"156,163,113,46,179","100,212,13,224,91",1:224:2|1:736:2|1:17:1
ckpt_3400.pt,1,676,0.41147786378860474,0.0748056024312973,0.363366037607193,"34,136,232,62,253","156,225,141,93,192",1:333:3|1:92:2|1:614:2
ckpt_3400.pt,1,677,0.44090598821640015,0.09187643975019455,0.39962655305862427,"136,200,89,170,37","11,146,22,20,96",1:812:2|1:11:1|1:45:1
ckpt_3400.pt,1,678,0.40488722920417786,0.0696229487657547,0.3494352698326111,"238,162,79,32,83","12,22,215,230,84",1:715:2|1:7:1|1:11:1
ckpt_3400.pt,1,679,0.4884169101715088,0.07465152442455292,0.4014332592487335,"253,183,126,225,91","21,47,217,184,46",1:655:2|1:971:2|1:5:1
ckpt_3400.pt,1,680,0.3939127027988434,0.08379516750574112,0.37800073623657227,"79,171,168,3,205","120,47,189,171,255",1:178:2|1:189:2|1:926:2
ckpt_3400.pt,1,681,0.4706507623195648,0.08037927001714706,0.40551555156707764,"97,62,6,102,143","91,228,36,245,1",1:92:2|1:567:2|1:809:2
ckpt_3400.pt,1,682,0.48097971081733704,0.09168316423892975,0.40321794152259827,"189,236,111,125,190","44,157,235,164,84",1:767:3|1:540:2|1:1:1
ckpt_3400.pt,1,683,0.4356505572795868,0.0738137811422348,0.3845246732234955,"176,53,212,233,109","11,148,122,214,177",1:366:2|1:375:2|1:528:2
ckpt_3400.pt,1,684,0.5130802989006042,0.10301646590232849,0.4664006233215332,"48,45,241,25,52","217,39,223,120,21",1:4:2|1:934:2|1:951:2
ckpt_3400.pt,1,685,0.42658868432044983,0.0809299424290657,0.38927119970321655,"64,199,185,79,18","192,191,233,253,59",1:91:2|1:299:2|1:970:2
ckpt_3400.pt,1,686,0.48197510838508606,0.09197908639907837,0.4034867584705353,"115,225,150,15,163","21,106,204,180,191",1:77:2|1:631:2|1:25:1
ckpt_3400.pt,1,687,0.41404953598976135,0.07355691492557526,0.34992262721061707,"44,175,135,40,69","222,242,155,164,40",1:40:1|1:47:1|1:58:1
ckpt_3400.pt,1,688,0.4810551106929779,0.09136562794446945,0.4149671494960785,"169,146,106,218,149","122,175,190,73,14",1:253:2|1:776:2|1:931:2
ckpt_3400.pt,1,689,0.4365662932395935,0.09421408921480179,0.4292382001876831,"96,60,183,117,210","151,93,141,124,99",1:482:2|1:925:2|1:11:1
ckpt_3400.pt,1,690,0.4693581759929657,0.10004764050245285,0.4076646864414215,"167,184,84,241,183","107,124,193,77,20",1:129:2|1:425:2|1:820:2
ckpt_3400.pt,1,691,0.4494972229003906,0.07630813866853714,0.3828536570072174,"26,233,144,249,88","3,80,255,191,242",1:654:2|1:976:2|1:3:1
ckpt_3400.pt,1,692,0.4380708932876587,0.09153753519058228,0.3743162453174591,"221,3,250,155,101","9,216,4,140,101",1:31:2|1:90:2|1:281:2
ckpt_3400.pt,1,693,0.43017828464508057,0.09461255371570587,0.37067392468452454,"198,160,147,51,140","34,72,147,212,253",1:36:2|1:325:2|1:332:2
ckpt_3400.pt,1,694,0.43232211470603943,0.08383680880069733,0.40454983711242676,"70,148,26,136,189","37,169,221,51,110",1:252:2|1:394:2|1:566:2
ckpt_3400.pt,1,695,0.42289984226226807,0.07349466532468796,0.3725195825099945,"93,95,182,206,52","189,54,155,44,12",1:20:2|1:800:2|1:834:2
ckpt_3400.pt,1,696,0.4622691869735718,0.09312006086111069,0.4092424511909485,"252,196,51,247,56","122,105,101,75,202",1:103:2|1:197:2|1:669:2
ckpt_3400.pt,1,697,0.46923813223838806,0.08373221009969711,0.41926828026771545,"119,98,37,35,218","117,199,212,12,180",1:219:2|1:282:2|1:388:2
ckpt_3400.pt,1,698,0.40984851121902466,0.07255908101797104,0.34230026602745056,"103,193,171,151,210","89,209,142,151,98",1:1018:2|1:13:1|1:22:1
ckpt_3400.pt,1,699,0.5060103535652161,0.08818668872117996,0.41068151593208313,"63,234,191,180,245","93,209,179,82,167",1:119:2|1:499:2|1:6:1
ckpt_3400.pt,1,700,0.4157086908817291,0.06619490683078766,0.40696829557418823,"63,161,218,153,43","204,53,225,123,70",1:245:2|1:418:2|1:493:2
ckpt_3400.pt,1,701,0.47781503200531006,0.09302942454814911,0.41564974188804626,"188,162,42,113,19","164,12,16,234,212",1:619:2|1:770:2|1:5:1
ckpt_3400.pt,1,702,0.47135764360427856,0.10155840218067169,0.39486420154571533,"55,158,240,97,224","230,43,201,74,2",1:284:2|1:345:2|1:907:2
ckpt_3400.pt,1,703,0.48568910360336304,0.09189032018184662,0.4110153913497925,"1,146,4,183,199","130,172,233,5,254",1:294:2|1:447:2|1:3:1
ckpt_3400.pt,1,704,0.4587137699127197,0.096416175365448,0.4027044177055359,"30,158,33,209,64","93,110,108,216,180",1:23:2|1:177:2|1:645:2
ckpt_3400.pt,1,705,0.49188172817230225,0.08421017229557037,0.39597707986831665,"12,87,63,173,247","13,211,32,117,66",1:210:2|1:560:2|1:0:1
ckpt_3400.pt,1,706,0.4320339858531952,0.07723669707775116,0.3689849078655243,"190,151,110,35,51","57,85,231,28,250",1:141:2|1:614:2|1:10:1
ckpt_3400.pt,1,707,0.4720163941383362,0.10303900390863419,0.3949001133441925,"110,97,8,80,152","35,237,43,82,128",1:145:2|1:329:2|1:10:1
ckpt_3400.pt,1,708,0.4256918132305145,0.07192713767290115,0.36916595697402954,"84,154,123,214,13","94,194,60,224,111",1:588:2|1:919:2|1:9:1
ckpt_3400.pt,1,709,0.3976981043815613,0.06685437262058258,0.36559784412384033,"11,221,234,10,176","41,83,36,204,154",1:81:2|1:90:2|1:468:2
ckpt_3400.pt,1,710,0.4521166980266571,0.08492854237556458,0.38267946243286133,"42,247,83,189,53","51,169,144,113,217",1:1:1|1:13:1|1:14:1
ckpt_3400.pt,1,711,0.4640815854072571,0.0803573802113533,0.4170054495334625,"35,60,162,12,221","210,233,92,191,107",1:138:2|1:552:2|1:606:2
ckpt_3400.pt,1,712,0.43704184889793396,0.09201028943061829,0.3654315173625946,"100,60,71,72,103","209,199,111,254,219",1:70:2|1:576:2|1:773:2
ckpt_3400.pt,1,713,0.4749738574028015,0.08106943219900131,0.42008790373802185,"79,163,200,128,174","193,214,103,181,27",1:222:2|1:395:2|1:783:2
ckpt_3400.pt,1,714,0.39664575457572937,0.0794585794210434,0.3634098470211029,"61,191,105,55,48","105,218,57,147,82",1:470:2|1:756:2|1:883:2
ckpt_3400.pt,1,715,0.4999374449253082,0.08259490877389908,0.4102064371109009,"79,135,220,73,32","21,239,125,66,34",1:58:2|1:189:2|1:301:2
ckpt_3400.pt,1,716,0.43693894147872925,0.07770723104476929,0.39751532673835754,"90,124,109,224,226","4,115,21,210,240",1:114:2|1:671:2|1:12:1
ckpt_3400.pt,1,717,0.4439595937728882,0.08876493573188782,0.38365817070007324,"106,108,250,235,150","94,112,140,108,221",1:89:2|1:347:2|1:553:2
ckpt_3400.pt,1,718,0.4433133900165558,0.09249067306518555,0.3978028893470764,"45,162,169,213,7","148,85,178,241,247",1:45:2|1:138:2|1:0:1
ckpt_3400.pt,1,719,0.4216933846473694,0.0719778910279274,0.3942630887031555,"164,154,185,0,30","25,184,119,254,226",1:817:2|1:994:2|1:10:1
ckpt_3400.pt,1,720,0.4501732885837555,0.07837561517953873,0.3839111030101776,"242,206,48,83,229","46,220,252,11,221",1:283:2|1:374:2|1:800:2
ckpt_3400.pt,1,721,0.42932844161987305,0.08675754070281982,0.3629135489463806,"109,72,197,128,24","196,55,176,26,7",1:137:2|1:275:2|1:292:2
ckpt_3400.pt,1,722,0.48241928219795227,0.11092803627252579,0.38702866435050964,"55,79,246,139,220","170,114,2,87,57",1:58:2|1:85:2|1:189:2
ckpt_3400.pt,1,723,0.4804087281227112,0.08312713354825974,0.43227922916412354,"189,95,212,213,64","61,167,93,129,94",1:62:2|1:100:2|1:258:2
ckpt_3400.pt,1,724,0.4343677759170532,0.08958609402179718,0.4087045192718506,"19,117,106,104,3","66,126,199,3,168",1:180:2|1:384:2|1:776:2
ckpt_3400.pt,1,725,0.4331771731376648,0.07178682088851929,0.4043853282928467,"202,168,5,169,244","200,213,129,55,249",1:152:2|1:848:2|1:903:2
ckpt_3400.pt,1,726,0.5211921334266663,0.09005043655633926,0.43180230259895325,"192,101,190,133,96","78,155,157,40,188",1:979:2|1:31:1|1:37:1
ckpt_3400.pt,1,727,0.5305914878845215,0.0871623232960701,0.45202624797821045,"102,228,157,15,230","89,171,205,49,67",1:68:2|1:742:2|1:989:2
ckpt_3400.pt,1,728,0.4657844007015228,0.07652619481086731,0.3932647109031677,"223,156,2,112,147","184,188,23,1,94",1:474:3|1:321:2|1:371:2
ckpt_3400.pt,1,729,0.39283955097198486,0.06661806255578995,0.3599395453929901,"237,37,210,109,225","202,60,183,149,5",1:292:2|1:25:1|1:38:1
ckpt_3400.pt,1,730,0.4299870729446411,0.07569154351949692,0.3871535360813141,"133,185,140,107,226","46,11,243,239,20",1:242:2|1:19:1|1:20:1
ckpt_3400.pt,1,731,0.4480271637439728,0.07307258248329163,0.40415117144584656,"125,44,249,6,187","189,176,44,18,6",1:122:2|1:308:2|1:509:2
ckpt_3400.pt,1,732,0.44207170605659485,0.0964217483997345,0.3976637125015259,"251,95,67,220,90","185,72,67,89,149",1:59:2|1:364:2|1:9:1
ckpt_3400.pt,1,733,0.43375879526138306,0.08371552079916,0.37015119194984436,"61,99,167,140,214","241,198,135,230,27",1:147:2|1:382:2|1:929:2
ckpt_3400.pt,1,734,0.45660656690597534,0.09120117872953415,0.3823455274105072,"58,67,9,206,211","95,50,233,121,147",1:653:2|1:963:2|1:2:1
ckpt_3400.pt,1,735,0.46041086316108704,0.08755496889352798,0.38894811272621155,"92,229,245,61,24","223,250,100,218,22",1:30:2|1:544:2|1:756:2
ckpt_3400.pt,1,736,0.44705379009246826,0.10611073672771454,0.4230424165725708,"156,45,71,163,23","65,161,108,37,235",1:25:2|1:442:2|1:646:2
ckpt_3400.pt,1,737,0.4270692765712738,0.08672355115413666,0.38952741026878357,"227,32,93,197,251","148,245,30,210,118",1:196:2|1:280:2|1:811:2
ckpt_3400.pt,1,738,0.45413872599601746,0.09726309776306152,0.384007066488266,"30,13,109,222,105","34,20,208,234,9",1:106:2|1:336:2|1:9:1
ckpt_3400.pt,1,739,0.4303843677043915,0.08819162845611572,0.3782958686351776,"154,165,18,137,38","232,40,184,181,128",1:167:2|1:1:1|1:12:1
ckpt_3400.pt,1,740,0.4524449408054352,0.0866074413061142,0.39136776328086853,"66,4,174,234,216","220,215,224,125,96",1:30:2|1:2:1|1:6:1
ckpt_3400.pt,1,741,0.5032827854156494,0.1069680005311966,0.4042356014251709,"125,85,159,212,77","6,111,63,29,53",1:818:2|1:956:2|1:7:1
ckpt_3400.pt,1,742,0.4080491065979004,0.07803761214017868,0.3795083165168762,"228,93,68,91,102","108,229,34,203,158",1:356:2|1:727:2|1:1005:2
ckpt_3400.pt,1,743,0.4214995205402374,0.10280507802963257,0.35670632123947144,"13,149,200,116,31","47,145,37,96,20",1:168:2|1:380:2|1:443:2
ckpt_3400.pt,1,744,0.413748174905777,0.0712413489818573,0.3884894847869873,"105,51,215,88,19","193,35,51,1,223",1:24:2|1:410:2|1:662:2
ckpt_3400.pt,1,745,0.4425157308578491,0.07700283080339432,0.4033241868019104,"132,101,73,243,247","252,240,255,58,64",1:98:2|1:188:2|1:825:2
ckpt_3400.pt,1,746,0.43984729051589966,0.08015643060207367,0.36267465353012085,"229,107,138,73,158","6,31,218,176,161",1:542:2|1:942:2|1:20:1
ckpt_3400.pt,1,747,0.5028260350227356,0.0948546826839447,0.3852293789386749,"235,66,14,239,215","122,220,158,57,16",1:405:2|1:19:1|1:20:1
ckpt_3400.pt,1,748,0.4417046308517456,0.07983863353729248,0.4028996229171753,"39,100,77,47,248","144,183,172,232,108",1:547:2|1:945:2|1:2:1
ckpt_3400.pt,1,749,0.430958092212677,0.08215013891458511,0.3766229450702667,"146,91,119,205,165","10,65,137,237,204",1:128:2|1:215:2|1:256:2
ckpt_3400.pt,1,750,0.4350484013557434,0.08865498006343842,0.38756856322288513,"82,40,209,206,217","45,150,181,12,182",1:270:2|1:507:2|1:605:2
ckpt_3400.pt,1,751,0.4569132924079895,0.08468888700008392,0.4349064826965332,"190,121,114,214,126","51,24,48,110,67",1:148:2|1:435:2|1:769:2
ckpt_3400.pt,1,752,0.3751915693283081,0.08493969589471817,0.3475535809993744,"15,55,118,137,190","244,255,181,105,161",1:659:2|1:762:2|1:1010:2
ckpt_3400.pt,1,753,0.4159278869628906,0.07406139373779297,0.36122485995292664,"57,19,67,198,62","79,49,103,181,190",1:765:2|1:796:2|1:5:1
ckpt_3400.pt,1,754,0.4535404145717621,0.08776047080755234,0.40925952792167664,"56,195,113,48,104","48,158,26,100,246",1:232:2|1:776:2|1:4:1
ckpt_3400.pt,1,755,0.4311964213848114,0.11880308389663696,0.4063969552516937,"97,109,16,244,164","44,27,245,155,213",1:152:2|1:781:2|1:10:1
ckpt_3400.pt,1,756,0.4490613043308258,0.11230548471212387,0.4166911542415619,"61,55,1,121,229","199,61,247,161,47",1:345:3|1:30:2|1:714:2
ckpt_3400.pt,1,757,0.4474875330924988,0.07983897626399994,0.4004620313644409,"54,171,70,78,114","158,233,46,88,250",1:178:2|1:491:2|1:769:2
ckpt_3400.pt,1,758,0.5130923390388489,0.1087774932384491,0.4237392842769623,"51,228,67,185,132","186,3,108,124,11",1:104:3|1:390:3|1:361:2
ckpt_3400.pt,1,759,0.4322471618652344,0.07575275748968124,0.3913092613220215,"18,78,190,220,140","185,84,24,87,254",1:801:2|1:863:2|1:9:1
ckpt_3400.pt,1,760,0.41046589612960815,0.07112414389848709,0.37867724895477295,"205,251,54,229,179","188,112,167,28,231",1:285:2|1:795:2|1:830:2
ckpt_3400.pt,1,761,0.4767206907272339,0.08703433722257614,0.42843085527420044,"100,174,222,27,146","248,218,103,204,1",1:0:1|1:2:1|1:3:1
ckpt_3400.pt,1,762,0.4357365667819977,0.08390888571739197,0.40810883045196533,"137,118,231,159,213","145,204,37,114,56",1:67:2|1:100:2|1:167:2
ckpt_3400.pt,1,763,0.4567444324493408,0.08326876908540726,0.3993408679962158,"176,102,103,11,3","76,233,55,181,199",1:398:2|1:709:2|1:13:1
ckpt_3400.pt,1,764,0.5221286416053772,0.1015024185180664,0.4238940477371216,"173,184,33,56,196","129,134,197,173,147",1:177:2|1:197:2|1:464:2
ckpt_3400.pt,1,765,0.4376852214336395,0.07904791086912155,0.3976884186267853,"19,108,69,62,63","239,167,46,48,156",1:192:2|1:387:2|1:506:2
ckpt_3400.pt,1,766,0.528684675693512,0.10963081568479538,0.4390651285648346,"70,11,117,213,212","112,161,24,116,211",1:51:2|1:100:2|1:252:2
ckpt_3400.pt,1,767,0.5328693389892578,0.12750717997550964,0.45759209990501404,"236,125,154,224,189","241,198,180,124,168",1:682:3|1:452:2|1:540:2
ckpt_3400.pt,1,768,0.45958077907562256,0.0764521136879921,0.3938618004322052,"153,225,23,53,230","17,193,80,129,87",1:297:2|1:827:2|1:962:2
ckpt_3400.pt,1,769,0.42197391390800476,0.08461029827594757,0.37341517210006714,"242,114,214,54,30","250,18,150,144,240",1:147:2|1:435:2|1:751:2
ckpt_3400.pt,1,770,0.49733251333236694,0.09918074309825897,0.42611047625541687,"56,162,19,144,80","130,128,219,43,31",1:330:2|1:410:2|1:701:2
ckpt_3400.pt,1,771,0.5544120073318481,0.09594029188156128,0.47487032413482666,"7,223,104,47,207","98,115,222,66,194",1:141:2|1:232:2|1:938:2
ckpt_3400.pt,1,772,0.39707574248313904,0.08571699261665344,0.38626861572265625,"235,222,89,197,25","197,121,200,63,114",1:402:2|1:500:2|1:600:2
ckpt_3400.pt,1,773,0.48592570424079895,0.0982641950249672,0.42950111627578735,"80,72,100,109,7","110,216,187,32,210",1:45:2|1:576:2|1:712:2
ckpt_3400.pt,1,774,0.4253186881542206,0.07507120817899704,0.40838098526000977,"178,67,35,84,189","51,186,115,31,130",1:97:2|1:634:2|1:1:1
ckpt_3400.pt,1,775,0.4114128351211548,0.0749892070889473,0.38604646921157837,"27,79,187,122,121","127,234,50,247,69",1:193:3|1:1001:2|1:0:1
ckpt_3400.pt,1,776,0.4356783628463745,0.07835996150970459,0.37431710958480835,"59,104,56,149,106","99,150,197,248,39",1:180:2|1:232:2|1:240:2
ckpt_3400.pt,1,777,0.4167706370353699,0.09880957007408142,0.36797216534614563,"107,253,128,68,139","174,150,185,186,188",1:943:3|1:789:2|1:837:2
ckpt_3400.pt,1,778,0.40799084305763245,0.08360693603754044,0.3719780147075653,"48,199,162,207,26","90,81,164,66,252",1:355:2|1:4:1|1:9:1
ckpt_3400.pt,1,779,0.4383501708507538,0.07899592816829681,0.39346975088119507,"165,135,155,123,20","73,110,217,95,30",1:517:2|1:10:1|1:12:1
ckpt_3400.pt,1,780,0.4625006318092346,0.09444642066955566,0.4023333191871643,"180,62,71,176,110","124,64,243,119,44",1:259:2|1:329:2|1:343:2
ckpt_3400.pt,1,781,0.4825408160686493,0.10422541946172714,0.44480112195014954,"244,44,73,109,191","131,217,184,10,164",1:66:2|1:511:2|1:632:2
ckpt_3400.pt,1,782,0.5033053159713745,0.08854853361845016,0.4049549996852875,"215,165,113,134,82","107,112,5,148,173",1:248:2|1:829:2|1:1002:2
ckpt_3400.pt,1,783,0.4658147096633911,0.08427222073078156,0.3900807499885559,"79,174,247,250,191","66,18,125,249,202",1:156:2|1:577:2|1:713:2
ckpt_3400.pt,1,784,0.4738859236240387,0.10197476297616959,0.4235418438911438,"58,196,209,91,157","72,176,229,236,31",1:109:2|1:278:2|1:381:2
ckpt_3400.pt,1,785,0.4353499412536621,0.08317362517118454,0.42100080847740173,"81,242,153,70,107","178,219,185,101,242",1:249:2|1:529:2|1:882:2
ckpt_3400.pt,1,786,0.4698946475982666,0.07656899839639664,0.3785744905471802,"133,177,128,38,76","50,229,202,127,116",1:5:1|1:8:1|1:21:1
ckpt_3400.pt,1,787,0.4537526071071625,0.10128945857286453,0.4179205894470215,"107,93,12,46,203","248,91,25,114,117",1:85:2|1:208:2|1:658:2
ckpt_3400.pt,1,788,0.45764902234077454,0.08218710124492645,0.379926472902298,"37,85,133,116,247","165,45,24,152,159",1:132:2|1:363:2|1:1023:2
ckpt_3400.pt,1,789,0.44151413440704346,0.08417671173810959,0.3890400826931,"175,22,107,139,111","86,78,241,205,45",1:216:2|1:226:2|1:489:2
ckpt_3400.pt,1,790,0.46652132272720337,0.07856649905443192,0.39775779843330383,"194,72,160,84,135","112,95,99,109,178",1:324:2|1:576:2|1:579:2
ckpt_3400.pt,1,791,0.43288394808769226,0.08375874161720276,0.41042423248291016,"101,87,27,207,39","231,72,78,39,250",1:0:2|1:227:2|1:355:2
ckpt_3400.pt,1,792,0.40790313482284546,0.10400518029928207,0.3840879797935486,"221,171,45,108,215","18,11,119,183,190",1:96:2|1:291:2|1:25:1
ckpt_3400.pt,1,793,0.4111328423023224,0.09145370125770569,0.3213059604167938,"212,231,99,145,111","26,63,219,29,144",1:100:2|1:828:2|1:1:1
ckpt_3400.pt,1,794,0.38744986057281494,0.08120860159397125,0.3567056655883789,"22,196,73,226,25","71,171,189,4,24",1:406:2|1:420:2|1:548:2
ckpt_3400.pt,1,795,0.404094934463501,0.0897759348154068,0.369119793176651,"205,70,44,179,222","228,189,116,230,142",1:162:2|1:416:2|1:570:2
ckpt_3400.pt,1,796,0.5016571879386902,0.08306195586919785,0.42989131808280945,"87,198,69,57,121","100,134,32,139,175",1:492:2|1:753:2|1:801:2
ckpt_3400.pt,1,797,0.4994543790817261,0.09125098586082458,0.3963965177536011,"87,207,150,61,33","220,218,188,160,7",1:227:2|1:673:2|1:791:2
ckpt_3400.pt,1,798,0.45001280307769775,0.08905237168073654,0.41961389780044556,"112,236,92,97,56","22,163,164,223,55",1:314:2|1:932:2|1:1008:2
ckpt_3400.pt,1,799,0.4472421407699585,0.08128710836172104,0.4073748290538788,"109,132,178,112,137","12,51,222,136,216",1:35:2|1:441:2|1:652:2
ckpt_3400.pt,1,800,0.463426411151886,0.09165248274803162,0.3754393458366394,"206,54,36,95,83","213,33,131,164,99",1:695:2|1:720:2|1:832:2
ckpt_3400.pt,1,801,0.5078821182250977,0.0953185111284256,0.43415367603302,"121,140,220,13,87","239,227,31,27,73",1:9:2|1:332:2|1:364:2
ckpt_3400.pt,1,802,0.4142841696739197,0.06964332610368729,0.3472438454627991,"99,5,21,100,176","106,118,93,217,196",1:70:2|1:115:2|1:8:1
ckpt_3400.pt,1,803,0.42471736669540405,0.0721396654844284,0.37780049443244934,"149,253,129,56,152","94,149,96,180,164",1:133:2|1:573:2|1:776:2
ckpt_3400.pt,1,804,0.4116620123386383,0.09107452630996704,0.37984782457351685,"126,53,134,43,207","67,74,132,16,222",1:227:2|1:266:2|1:520:2
ckpt_3400.pt,1,805,0.45679357647895813,0.07748342305421829,0.41820162534713745,"167,130,89,114,81","38,216,209,17,232",1:47:2|1:337:2|1:877:2
ckpt_3400.pt,1,806,0.48569464683532715,0.08100833743810654,0.41085129976272583,"136,21,138,121,204","106,154,188,187,192",1:158:2|1:449:2|1:11:1
ckpt_3400.pt,1,807,0.5051954388618469,0.11566363275051117,0.42462173104286194,"13,157,92,245,141","81,182,79,128,210",1:32:2|1:735:2|1:5:1
ckpt_3400.pt,1,808,0.4376268982887268,0.11143362522125244,0.3904886245727539,"239,107,209,45,10","127,130,55,195,143",1:20:2|1:46:2|1:278:2
ckpt_3400.pt,1,809,0.4769391417503357,0.1116381362080574,0.4191282093524933,"230,62,129,144,97","229,51,98,123,244",1:92:2|1:204:2|1:425:2
ckpt_3400.pt,1,810,0.437021940946579,0.0724165290594101,0.363413542509079,"140,52,13,43,193","238,137,31,119,233",1:611:2|1:801:2|1:995:2
ckpt_3400.pt,1,811,0.47756460309028625,0.08776151388883591,0.4144045412540436,"100,15,93,251,133","206,196,15,60,187",1:350:2|1:413:2|1:737:2
ckpt_3400.pt,1,812,0.5219460725784302,0.11812419444322586,0.41180625557899475,"22,200,32,91,89","38,9,110,8,153",1:173:2|1:308:2|1:356:2
ckpt_3400.pt,1,813,0.45594853162765503,0.09344664961099625,0.39574486017227173,"55,103,234,28,162","216,29,195,227,153",1:119:2|1:599:2|1:860:2
ckpt_3400.pt,1,814,0.41484546661376953,0.09044782817363739,0.3612668514251709,"89,59,226,102,169","1,82,55,32,195",1:262:2|1:548:2|1:907:2
ckpt_3400.pt,1,815,0.3980778455734253,0.0745444968342781,0.3595285415649414,"95,209,188,180,156","204,55,47,129,244",1:140:2|1:209:2|1:419:2
ckpt_3400.pt,1,816,0.37027400732040405,0.07302110642194748,0.36738356947898865,"89,219,171,191,211","7,137,225,230,228",1:499:2|1:866:2|1:26:1
ckpt_3400.pt,1,817,0.4306080937385559,0.07807161659002304,0.3813009262084961,"0,44,59,164,92","148,120,128,144,49",1:162:2|1:267:2|1:416:2
ckpt_3400.pt,1,818,0.430205374956131,0.07829000055789948,0.3811458945274353,"223,159,85,129,78","70,107,112,231,19",1:246:2|1:741:2|1:1009:2
ckpt_3400.pt,1,819,0.48087048530578613,0.08797131478786469,0.3782861828804016,"33,196,139,153,234","90,91,21,66,208",1:197:2|1:764:2|1:6:1
ckpt_3400.pt,1,820,0.39734020829200745,0.06493369489908218,0.3503199517726898,"184,71,168,241,62","37,23,208,215,86",1:129:2|1:343:2|1:425:2
ckpt_3400.pt,1,821,0.47205281257629395,0.09215500205755234,0.39647582173347473,"8,30,205,220,106","25,89,240,77,96",1:60:2|1:83:2|1:198:2
ckpt_3400.pt,1,822,0.45441582798957825,0.08637677133083344,0.3717462420463562,"208,239,186,98,156","234,194,130,133,155",1:161:2|1:13:1|1:20:1
ckpt_3400.pt,1,823,0.44366493821144104,0.07909834384918213,0.3932470381259918,"218,19,36,51,196","173,6,52,174,167",1:390:2|1:662:2|1:696:2
ckpt_3400.pt,1,824,0.41863343119621277,0.09316986054182053,0.3567125201225281,"127,186,255,89,196","136,29,85,248,212",1:231:2|1:278:2|1:866:2
ckpt_3400.pt,1,825,0.4287027418613434,0.080440953373909,0.3499518036842346,"132,188,101,250,206","7,4,110,85,128",1:270:2|1:300:2|1:554:2
ckpt_3400.pt,1,826,0.4263525605201721,0.07161838561296463,0.3829682767391205,"242,172,99,227,93","141,216,105,79,195",1:291:2|1:380:2|1:737:2
ckpt_3400.pt,1,827,0.4498894214630127,0.0856117457151413,0.4208819568157196,"48,23,160,230,183","216,107,93,38,54",1:72:2|1:91:2|1:374:2
ckpt_3400.pt,1,828,0.4793042540550232,0.08573152124881744,0.4354243874549866,"212,80,239,145,250","215,25,144,212,115",1:44:2|1:402:2|1:562:2
ckpt_3400.pt,1,829,0.4186403155326843,0.07452689856290817,0.3842680752277374,"43,113,102,8,134","162,233,96,87,91",1:110:2|1:190:2|1:248:2
ckpt_3400.pt,1,830,0.4660763740539551,0.09949608147144318,0.4342777729034424,"133,54,179,117,15","8,207,38,150,61",1:51:2|1:363:2|1:606:2
ckpt_3400.pt,1,831,0.41803207993507385,0.07254523038864136,0.38164159655570984,"166,170,225,168,81","87,234,121,241,120",1:529:2|1:879:2|1:3:1
ckpt_3400.pt,1,832,0.4449020326137543,0.08054035902023315,0.3984193205833435,"36,54,107,147,160","201,130,176,221,223",1:288:2|1:439:2|1:501:2
ckpt_3400.pt,1,833,0.45958325266838074,0.07884242385625839,0.38519060611724854,"98,211,60,243,64","107,219,22,218,35",1:188:2|1:11:1|1:23:1
ckpt_3400.pt,1,834,0.4286012351512909,0.07573246210813522,0.35893791913986206,"52,120,51,182,244","235,85,61,108,249",1:201:2|1:641:2|1:662:2
ckpt_3400.pt,1,835,0.39729928970336914,0.0859946608543396,0.3712877333164215,"65,197,255,32,112","209,11,24,175,176",1:737:2|1:859:2|1:1:1
ckpt_3400.pt,1,836,0.39831891655921936,0.09928140044212341,0.4026942551136017,"86,200,31,173,32","139,176,237,138,186",1:168:2|1:577:2|1:743:2
ckpt_3400.pt,1,837,0.44216111302375793,0.08983742445707321,0.3863159716129303,"139,107,137,32,232","240,23,208,36,11",1:280:2|1:530:2|1:626:2
ckpt_3400.pt,1,838,0.390266090631485,0.08289185911417007,0.3614594638347626,"113,22,181,101,44","63,57,46,44,248",1:147:2|1:308:2|1:353:2
ckpt_3400.pt,1,839,0.43901360034942627,0.079649917781353,0.3752133846282959,"138,241,166,126,188","238,34,100,85,9",1:158:2|1:421:2|1:879:2
ckpt_3400.pt,1,840,0.5111884474754333,0.09516633301973343,0.39918845891952515,"78,95,149,246,180","181,246,13,75,129",1:160:2|1:214:2|1:815:2
ckpt_3400.pt,1,841,0.4087783992290497,0.06983161717653275,0.38091570138931274,"211,65,114,139,215","16,221,211,149,139",1:79:2|1:489:2|1:1:1
ckpt_3400.pt,1,842,0.4297795593738556,0.10522489994764328,0.3951444625854492,"27,58,99,7,164","44,42,139,98,127",1:57:2|1:578:2|1:851:2
ckpt_3400.pt,1,843,0.43872055411338806,0.07450186461210251,0.39484837651252747,"225,145,198,0,140","44,5,93,31,145",1:36:2|1:382:2|1:663:2
ckpt_3400.pt,1,844,0.47614574432373047,0.0813990905880928,0.4155275821685791,"228,205,29,39,140","255,15,1,216,64",1:273:2|1:376:2|1:382:2
ckpt_3400.pt,1,845,0.4741132855415344,0.08110921084880829,0.3969734013080597,"151,132,146,98,117","119,104,92,141,110",1:432:2|1:472:2|1:625:2
ckpt_3400.pt,1,846,0.42913931608200073,0.08876413851976395,0.37384527921676636,"158,83,19,221,88","20,220,155,194,181",1:23:2|1:272:2|1:744:2
ckpt_3400.pt,1,847,0.4548479914665222,0.08907824009656906,0.39848044514656067,"60,16,50,246,207","113,70,239,50,177",1:990:2|1:11:1|1:34:1
ckpt_3400.pt,1,848,0.479568749666214,0.0985882356762886,0.4259262681007385,"57,202,112,23,244","229,104,245,253,46",1:139:2|1:314:2|1:725:2
ckpt_3400.pt,1,849,0.48742055892944336,0.07831895351409912,0.4218384027481079,"28,106,186,136,51","74,177,38,196,207",1:145:2|1:553:2|1:11:1
ckpt_3400.pt,1,850,0.4429723620414734,0.08101305365562439,0.3959844708442688,"195,162,119,62,228","213,38,133,219,27",1:892:2|1:1005:2|1:22:1
ckpt_3400.pt,1,851,0.48958322405815125,0.09445096552371979,0.36947721242904663,"99,4,58,184,251","45,0,36,201,229",1:149:2|1:285:2|1:842:2
ckpt_3400.pt,1,852,0.4626789391040802,0.07653544098138809,0.41730719804763794,"152,94,240,214,86","181,201,36,51,93",1:109:2|1:21:1|1:28:1
ckpt_3400.pt,1,853,0.4711175560951233,0.08569435775279999,0.39886942505836487,"159,216,227,137,5","47,222,159,87,200",1:194:2|1:229:2|1:762:2
ckpt_3400.pt,1,854,0.4789961874485016,0.10540653020143509,0.4069381654262543,"191,243,99,239,133","139,193,137,124,213",1:562:2|1:8:1|1:20:1
ckpt_3400.pt,1,855,0.44833678007125854,0.09955219179391861,0.4017640948295593,"51,0,108,240,249","22,55,24,233,118",1:509:2|1:583:2|1:605:2
ckpt_3400.pt,1,856,0.4178348481655121,0.0808122307062149,0.3896768391132355,"12,129,37,191,143","11,4,18,138,236",1:49:2|1:1009:2|1:6:1
ckpt_3400.pt,1,857,0.4218752086162567,0.07821452617645264,0.3922596573829651,"99,209,159,83,131","219,163,57,46,223",1:8:1|1:17:1|1:41:1
ckpt_3400.pt,1,858,0.4240359365940094,0.06890974938869476,0.3681478500366211,"246,124,204,229,12","138,95,29,46,235",1:266:2|1:650:2|1:30:1
ckpt_3400.pt,1,859,0.4482656717300415,0.09726880490779877,0.3738938868045807,"254,179,66,197,255","22,99,229,178,10",1:36:2|1:835:2|1:1:1
ckpt_3400.pt,1,860,0.48068442940711975,0.11869899928569794,0.39426615834236145,"74,85,43,55,103","114,191,3,164,244",1:163:2|1:813:2|1:1018:2
ckpt_3400.pt,1,861,0.47045522928237915,0.08984097838401794,0.41745418310165405,"22,19,38,254,148","22,134,94,128,215",1:23:2|1:306:2|1:567:2
ckpt_3400.pt,1,862,0.4616994261741638,0.07801385968923569,0.39715370535850525,"180,232,76,151,47","12,41,84,188,15",1:93:2|1:141:2|1:987:2
ckpt_3400.pt,1,863,0.4481746554374695,0.0808330699801445,0.395877867937088,"236,78,9,220,217","218,66,73,27,50",1:17:2|1:413:2|1:463:2
ckpt_3400.pt,1,864,0.48155269026756287,0.07958522439002991,0.38270264863967896,"11,170,248,12,107","188,23,64,75,131",1:69:2|1:81:2|1:208:2
ckpt_3400.pt,1,865,0.4620310068130493,0.08902867883443832,0.40835508704185486,"33,137,22,173,215","19,195,115,5,220",1:118:2|1:177:2|1:306:2
ckpt_3400.pt,1,866,0.42349913716316223,0.08891887962818146,0.3567556142807007,"196,154,211,89,143","211,154,38,41,135",1:231:2|1:406:2|1:407:2
ckpt_3400.pt,1,867,0.40480273962020874,0.09499944746494293,0.3566109538078308,"114,217,91,110,201","207,73,89,217,236",1:86:2|1:1:1|1:3:1
ckpt_3400.pt,1,868,0.4378824830055237,0.07998665422201157,0.3798157870769501,"103,178,110,63,82","33,52,156,5,230",1:127:2|1:289:2|1:630:2
ckpt_3400.pt,1,869,0.4504251778125763,0.0726526528596878,0.3949061334133148,"150,218,135,255,104","39,32,89,117,40",1:390:2|1:479:2|1:1020:2
ckpt_3400.pt,1,870,0.4407753348350525,0.07421454042196274,0.3462887108325958,"34,180,46,214,5","195,4,143,97,17",1:279:2|1:429:2|1:977:2
ckpt_3400.pt,1,871,0.45991748571395874,0.09284047037363052,0.3855508863925934,"172,237,166,118,133","103,142,42,195,60",1:964:2|1:4:1|1:20:1
ckpt_3400.pt,1,872,0.4995822608470917,0.09982423484325409,0.4163847863674164,"196,1,200,9,123","3,14,34,37,233",1:35:2|1:593:2|1:937:2
ckpt_3400.pt,1,873,0.40214797854423523,0.08740746974945068,0.35413721203804016,"128,9,222,175,165","5,33,142,147,251",1:257:2|1:486:2|1:638:2
ckpt_3400.pt,1,874,0.47273924946784973,0.09000789374113083,0.4008367955684662,"224,32,115,87,249","34,58,175,25,217",1:492:2|1:631:2|1:907:2
ckpt_3400.pt,1,875,0.45291510224342346,0.08740882575511932,0.3713337779045105,"43,92,40,218,223","148,212,80,218,201",1:418:3|1:700:2|1:5:1
ckpt_3400.pt,1,876,0.41392982006073,0.08172360062599182,0.3738464117050171,"213,42,24,70,231","50,94,109,197,198",1:100:2|1:213:2|1:250:2
ckpt_3400.pt,1,877,0.3803427815437317,0.07849639654159546,0.3667147159576416,"113,114,89,245,128","15,216,234,160,111",1:47:2|1:491:2|1:805:2
ckpt_3400.pt,1,878,0.408478319644928,0.06778915226459503,0.37307825684547424,"184,20,158,12,243","39,147,243,169,27",1:211:2|1:993:2|1:23:1
ckpt_3400.pt,1,879,0.49701935052871704,0.09476780146360397,0.40450164675712585,"125,166,221,81,126","226,81,3,213,172",1:57:2|1:122:2|1:831:2
ckpt_3400.pt,1,880,0.4731992483139038,0.08779162168502808,0.37425169348716736,"175,95,193,163,188","160,38,198,138,36",1:815:2|1:20:1|1:25:1
ckpt_3400.pt,1,881,0.47020605206489563,0.07939256727695465,0.40726447105407715,"124,235,138,70,164","182,89,87,173,190",1:159:2|1:421:2|1:532:2
ckpt_3400.pt,1,882,0.43634507060050964,0.07770971208810806,0.37339651584625244,"70,72,107,207,68","236,101,44,163,72",1:105:2|1:249:2|1:595:2
ckpt_3400.pt,1,883,0.4677661061286926,0.10528634488582611,0.3981749713420868,"191,61,17,209,178","8,123,226,48,67",1:251:2|1:305:2|1:714:2
ckpt_3400.pt,1,884,0.4444591701030731,0.09029529243707657,0.3774091899394989,"207,42,226,11,166","160,237,178,77,203",1:352:2|1:520:2|1:14:1
ckpt_3400.pt,1,885,0.3991699814796448,0.07855765521526337,0.3757096230983734,"129,128,121,118,65","206,181,8,157,48",1:193:2|1:623:2|1:4:1
ckpt_3400.pt,1,886,0.5133883357048035,0.1261797696352005,0.4315769076347351,"208,226,52,189,62","21,71,67,64,173",1:13:2|1:241:2|1:460:2
ckpt_3400.pt,1,887,0.4996137022972107,0.09166707843542099,0.4348561465740204,"7,62,150,217,105","77,184,177,97,55",1:88:3|1:128:2|1:192:2
ckpt_3400.pt,1,888,0.4689547121524811,0.10453393310308456,0.4034205973148346,"108,18,115,110,139","56,168,123,21,17",1:254:2|1:608:2|1:916:2
ckpt_3400.pt,1,889,0.5595026612281799,0.10765616595745087,0.4674140512943268,"58,35,252,41,19","39,46,243,42,87",1:80:2|1:282:2|1:350:2
ckpt_3400.pt,1,890,0.42422565817832947,0.09685259312391281,0.3728830814361572,"251,250,246,169,225","116,176,198,181,191",1:162:2|1:0:1|1:4:1
ckpt_3400.pt,1,891,0.4674142599105835,0.07113182544708252,0.4038296043872833,"139,149,132,210,208","179,212,177,185,227",1:369:2|1:13:1|1:24:1
ckpt_3400.pt,1,892,0.45636188983917236,0.08736855536699295,0.39278602600097656,"62,119,5,91,73","2,9,250,59,93",1:128:2|1:749:2|1:850:2
ckpt_3400.pt,1,893,0.4431607723236084,0.07625539600849152,0.38465163111686707,"130,212,61,188,97","251,149,245,116,31",1:300:2|1:929:2|1:1014:2
ckpt_3400.pt,1,894,0.3976476490497589,0.07941465824842453,0.38216283917427063,"88,107,197,113,108","240,98,211,225,87",1:347:3|1:249:2|1:290:2
ckpt_3400.pt,1,895,0.4256025552749634,0.07205328345298767,0.3457888066768646,"253,69,0,86,163","182,195,11,215,123",1:25:1|1:31:1|1:46:1
ckpt_3400.pt,1,896,0.5036219358444214,0.09289795905351639,0.45029565691947937,"252,221,255,87,111","14,126,181,80,211",1:97:2|1:216:2|1:532:2
ckpt_3400.pt,1,897,0.46455177664756775,0.10046990215778351,0.3817234933376312,"117,3,55,105,126","161,129,238,13,201",1:384:2|1:714:2|1:724:2
ckpt_3400.pt,1,898,0.43986937403678894,0.08088688552379608,0.38876768946647644,"179,224,248,223,6","168,55,20,65,182",1:114:2|1:181:2|1:404:2
ckpt_3400.pt,1,899,0.4344360828399658,0.10467442870140076,0.4079064428806305,"203,19,124,73,150","52,135,53,227,170",1:34:2|1:53:2|1:143:2
ckpt_3400.pt,1,900,0.4871886074542999,0.0790843591094017,0.402794748544693,"86,145,157,221,158","153,137,105,22,203",1:71:2|1:108:2|1:388:2
ckpt_3400.pt,1,901,0.45854759216308594,0.09087424725294113,0.39582595229148865,"106,34,6,113,191","101,12,86,69,24",1:582:2|1:7:1|1:21:1
ckpt_3400.pt,1,902,0.43150830268859863,0.07895451784133911,0.3888062834739685,"94,93,21,227,12","156,82,153,16,220",1:737:2|1:787:2|1:826:2
ckpt_3400.pt,1,903,0.47366097569465637,0.12443003058433533,0.40593478083610535,"31,59,5,244,112","50,152,31,234,233",1:314:2|1:725:2|1:848:2
ckpt_3400.pt,1,904,0.46377691626548767,0.08817461133003235,0.4216662049293518,"171,176,56,58,184","149,30,18,32,121",1:464:2|1:764:2|1:851:2
ckpt_3400.pt,1,905,0.4353271424770355,0.10394802689552307,0.3517407178878784,"228,117,118,49,47","58,120,248,236,21",1:51:2|1:237:2|1:384:2
ckpt_3400.pt,1,906,0.477748304605484,0.09372230619192123,0.41771918535232544,"154,72,227,182,23","46,54,181,124,8",1:82:2|1:323:2|1:406:2
ckpt_3400.pt,1,907,0.45541635155677795,0.08517365902662277,0.40660133957862854,"158,32,59,169,224","176,224,36,98,79",1:466:2|1:468:2|1:702:2
ckpt_3400.pt,1,908,0.48970744013786316,0.10209284722805023,0.41188040375709534,"124,181,82,44,72","93,144,225,180,133",1:576:2|1:618:2|1:838:2
ckpt_3400.pt,1,909,0.41275426745414734,0.08166591823101044,0.36071348190307617,"235,19,82,149,124","11,80,96,45,55",1:143:2|1:573:2|1:881:2
ckpt_3400.pt,1,910,0.42771732807159424,0.0791311115026474,0.38882139325141907,"52,254,138,207,78","37,222,26,132,250",1:666:2|1:959:2|1:4:1
ckpt_3400.pt,1,911,0.4534176290035248,0.08828190714120865,0.3706604838371277,"76,226,80,194,12","141,7,254,101,200",1:19:1|1:37:1|1:44:1
ckpt_3400.pt,1,912,0.5058544874191284,0.10383147746324539,0.4035099744796753,"167,51,44,113,31","134,135,162,161,87",1:0:2|1:644:2|1:838:2
ckpt_3400.pt,1,913,0.46921655535697937,0.08496125042438507,0.3927401900291443,"30,86,134,203,200","234,31,196,88,151",1:836:2|1:6:1|1:44:1
ckpt_3400.pt,1,914,0.5046205520629883,0.10028085112571716,0.39693567156791687,"129,208,242,95,32","112,75,219,210,225",1:283:2|1:425:2|1:534:2
ckpt_3400.pt,1,915,0.3691224455833435,0.06776156276464462,0.3909165561199188,"112,141,46,33,144","191,130,6,44,156",1:170:2|1:314:2|1:431:2
ckpt_3400.pt,1,916,0.5024101138114929,0.08392783254384995,0.3708430230617523,"18,93,59,108,181","7,119,135,229,252",1:378:2|1:888:2|1:14:1
ckpt_3400.pt,1,917,0.4050371050834656,0.07503867894411087,0.3525768518447876,"38,205,129,183,70","253,222,140,29,160",1:795:2|1:6:1|1:12:1
ckpt_3400.pt,1,918,0.44835880398750305,0.08834082633256912,0.38480743765830994,"248,191,59,101,168","119,205,148,177,145",1:26:2|1:370:2|1:626:2
ckpt_3400.pt,1,919,0.39846301078796387,0.0762673169374466,0.38265812397003174,"58,84,123,6,210","209,52,62,243,47",1:115:2|1:155:2|1:526:2
ckpt_3400.pt,1,920,0.47324442863464355,0.07943180948495865,0.3765070140361786,"217,106,250,13,79","121,167,218,74,55",1:553:2|1:577:2|1:579:2
ckpt_3400.pt,1,921,0.4888516068458557,0.07896499335765839,0.42529770731925964,"116,142,61,213,80","133,163,246,174,18",1:62:2|1:243:2|1:12:1
ckpt_3400.pt,1,922,0.5205236077308655,0.09049952775239944,0.3821803033351898,"79,86,213,62,98","129,142,59,83,161",1:71:2|1:388:2|1:506:2
ckpt_3400.pt,1,923,0.4540517330169678,0.11235297471284866,0.3694824278354645,"249,124,209,180,52","41,103,159,132,37",1:140:2|1:212:2|1:284:2
ckpt_3400.pt,1,924,0.4821774661540985,0.08880405128002167,0.417949914932251,"20,239,83,87,58","13,231,8,103,216",1:633:2|1:0:1|1:14:1
ckpt_3400.pt,1,925,0.4831990897655487,0.08687732368707657,0.41858574748039246,"183,115,60,234,26","250,143,226,107,98",1:689:2|1:6:1|1:9:1
ckpt_3400.pt,1,926,0.4578922688961029,0.0907588079571724,0.3996637165546417,"112,168,240,123,79","146,131,136,192,18",1:35:2|1:298:2|1:535:2
ckpt_3400.pt,1,927,0.4376424551010132,0.08722535520792007,0.39099785685539246,"93,204,129,122,253","120,30,34,26,59",1:205:2|1:803:2|1:6:1
ckpt_3400.pt,1,928,0.42639803886413574,0.0844922661781311,0.364488810300827,"46,234,168,98,99","54,14,17,21,35",1:260:2|1:341:2|1:519:2
ckpt_3400.pt,1,929,0.4760786294937134,0.08295655250549316,0.36739206314086914,"167,47,108,212,61","40,16,136,26,204",1:51:2|1:396:2|1:609:2
ckpt_3400.pt,1,930,0.47328636050224304,0.09860894083976746,0.38052311539649963,"160,190,178,200,19","154,2,144,96,132",1:263:2|1:410:2|1:988:2
ckpt_3400.pt,1,931,0.4929681420326233,0.10045363008975983,0.39870911836624146,"169,253,11,222,106","197,159,117,227,68",1:69:2|1:688:2|1:0:1
ckpt_3400.pt,1,932,0.4382523000240326,0.08471782505512238,0.3988512456417084,"82,176,97,143,236","131,107,161,82,183",1:366:2|1:681:2|1:798:2
ckpt_3400.pt,1,933,0.43899115920066833,0.08863987773656845,0.39204806089401245,"79,60,22,241,250","202,24,73,58,91",1:306:2|1:391:2|1:395:2
ckpt_3400.pt,1,934,0.52587890625,0.10090935975313187,0.3877200782299042,"185,238,241,25,134","17,104,169,108,145",1:117:2|1:495:2|1:684:2
ckpt_3400.pt,1,935,0.4887238144874573,0.10093807429075241,0.4283107817173004,"227,254,219,22,69","234,9,80,73,90",1:118:2|1:379:2|1:861:2
ckpt_3400.pt,1,936,0.39815613627433777,0.06493309140205383,0.36081230640411377,"4,11,147,233,81","41,222,158,93,214",1:57:2|1:149:2|1:501:2
ckpt_3400.pt,1,937,0.4515670835971832,0.07378384470939636,0.40521931648254395,"158,123,24,96,9","198,247,161,91,183",1:411:2|1:457:2|1:463:2
ckpt_3400.pt,1,938,0.45849186182022095,0.07310009747743607,0.3762955069541931,"89,142,182,104,207","39,63,49,200,123",1:220:2|1:512:2|1:771:2
ckpt_3400.pt,1,939,0.4386756420135498,0.08126471191644669,0.382260262966156,"101,137,122,22,171","181,133,155,25,103",1:118:2|1:353:2|1:533:2
ckpt_3400.pt,1,940,0.41362589597702026,0.07469823211431503,0.37094467878341675,"75,184,128,253,15","116,163,56,81,194",1:46:2|1:171:2|1:777:2
ckpt_3400.pt,1,941,0.44154950976371765,0.09742682427167892,0.3751033842563629,"21,181,58,41,248","158,8,166,86,154",1:181:2|1:261:2|1:286:2
ckpt_3400.pt,1,942,0.457610547542572,0.07957770675420761,0.4023202955722809,"229,251,138,69,105","52,60,24,181,68",1:515:2|1:746:2|1:760:2
ckpt_3400.pt,1,943,0.3940991461277008,0.07114654779434204,0.39758920669555664,"139,128,159,253,180","62,136,153,180,166",1:777:3|1:940:2|1:1007:2
ckpt_3400.pt,1,944,0.4593791663646698,0.11132922768592834,0.39601799845695496,"19,195,128,89,46","87,80,200,134,98",1:5:2|1:143:2|1:234:2
ckpt_3400.pt,1,945,0.4478747546672821,0.1027408316731453,0.40666407346725464,"194,39,255,248,217","45,192,64,218,39",1:507:2|1:660:2|1:748:2
ckpt_3400.pt,1,946,0.4692312180995941,0.07777160406112671,0.4041931629180908,"210,36,59,170,140","118,52,155,255,43",1:335:2|1:482:2|1:1021:2
ckpt_3400.pt,1,947,0.4537803828716278,0.09680835157632828,0.37665680050849915,"34,116,173,156,232","186,164,83,184,77",1:177:2|1:295:2|1:676:2
ckpt_3400.pt,1,948,0.50333571434021,0.09519759565591812,0.41669970750808716,"12,86,2,42,125","234,157,47,115,69",1:309:2|1:14:1|1:37:1
ckpt_3400.pt,1,949,0.4328245520591736,0.0734163150191307,0.37163591384887695,"68,150,123,152,132","18,5,201,208,61",1:35:2|1:673:2|1:10:1
ckpt_3400.pt,1,950,0.4780535399913788,0.08924039453268051,0.4113602042198181,"224,175,160,236,115","4,60,13,254,28",1:631:2|1:767:2|1:874:2
ckpt_3400.pt,1,951,0.48432862758636475,0.0860760509967804,0.43658626079559326,"158,52,122,50,48","112,9,100,19,84",1:4:2|1:284:2|1:466:2
ckpt_3400.pt,1,952,0.4509342908859253,0.07813515514135361,0.39638885855674744,"84,68,79,183,248","46,133,100,136,135",1:362:2|1:690:2|1:14:1
ckpt_3400.pt,1,953,0.42606961727142334,0.08102325350046158,0.3849002420902252,"198,44,96,189,17","192,233,136,195,68",1:179:2|1:346:2|1:401:2
ckpt_3400.pt,1,954,0.4241992235183716,0.08387409150600433,0.3967925012111664,"40,124,77,72,23","230,217,183,143,106",1:403:2|1:906:2|1:908:2
ckpt_3400.pt,1,955,0.4430520832538605,0.07803241163492203,0.38228124380111694,"242,107,51,142,58","47,245,78,130,107",1:615:2|1:658:2|1:785:2
ckpt_3400.pt,1,956,0.43996161222457886,0.07799143344163895,0.3930433988571167,"50,28,77,125,193","133,18,72,169,105",1:207:2|1:741:2|1:7:1
ckpt_3400.pt,1,957,0.43455901741981506,0.08095724135637283,0.3596454858779907,"180,13,239,146,57","125,133,29,201,215",1:620:2|1:3:1|1:9:1
ckpt_3400.pt,1,958,0.4565680921077728,0.08206368237733841,0.38269585371017456,"209,74,119,224,29","44,27,222,78,244",1:434:2|1:565:2|1:646:2
ckpt_3400.pt,1,959,0.4448748230934143,0.09027396887540817,0.36557289958000183,"207,77,52,1,231","22,248,44,227,239",1:220:2|1:403:2|1:910:2
ckpt_3400.pt,1,960,0.4874124825000763,0.07891920208930969,0.3908475935459137,"62,118,81,14,40","39,238,29,213,239",1:290:2|1:4:1|1:20:1
ckpt_3400.pt,1,961,0.4217134714126587,0.06911250203847885,0.39815402030944824,"104,212,33,131,39","139,56,58,251,50",1:488:2|1:2:1|1:4:1
ckpt_3400.pt,1,962,0.4694042205810547,0.1000877097249031,0.4077373147010803,"230,108,53,119,144","149,34,82,221,242",1:358:2|1:386:2|1:523:2
ckpt_3400.pt,1,963,0.44379469752311707,0.08360940217971802,0.37101683020591736,"194,9,3,206,201","167,129,191,160,252",1:734:2|1:2:1|1:3:1
ckpt_3400.pt,1,964,0.4564589858055115,0.08183757215738297,0.4002257287502289,"118,179,80,150,166","175,99,126,133,163",1:310:2|1:319:2|1:352:2
ckpt_3400.pt,1,965,0.39670202136039734,0.07842206209897995,0.3580956757068634,"230,88,139,58,178","11,20,13,195,190",1:394:2|1:977:2|1:2:1
ckpt_3400.pt,1,966,0.41302651166915894,0.0792897567152977,0.3637024164199829,"158,236,120,155,2","232,169,166,122,102",1:153:2|1:17:1|1:23:1
ckpt_3400.pt,1,967,0.4651150703430176,0.10483567416667938,0.4250081479549408,"20,211,168,13,68","147,222,25,122,194",1:106:2|1:191:2|1:242:2
ckpt_3400.pt,1,968,0.4299609065055847,0.07621162384748459,0.3569086194038391,"207,109,106,84,9","130,252,29,76,208",1:220:2|1:25:1|1:78:1
ckpt_3400.pt,1,969,0.4443652629852295,0.09889516234397888,0.36614882946014404,"116,25,34,196,15","82,69,158,174,170",1:406:2|1:462:2|1:495:2
ckpt_3400.pt,1,970,0.45165565609931946,0.08319636434316635,0.42307373881340027,"86,50,79,124,185","99,112,140,249,9",1:577:2|1:685:2|1:922:2
ckpt_3400.pt,1,971,0.41357386112213135,0.11180729418992996,0.37171441316604614,"64,253,54,183,97","176,181,193,87,108",1:91:2|1:679:2|1:991:2
ckpt_3400.pt,1,972,0.41172558069229126,0.08066194504499435,0.3822154402732849,"111,224,203,59,23","169,46,224,51,211",1:437:2|1:442:2|1:652:2
ckpt_3400.pt,1,973,0.47378721833229065,0.0913350060582161,0.3965384364128113,"32,221,190,47,41","167,216,15,124,80",1:534:2|1:555:2|1:7:1
ckpt_3400.pt,1,974,0.47009438276290894,0.10185159742832184,0.4291142225265503,"103,241,144,178,234","79,147,244,111,106",1:2:2|1:3:2|1:127:2
ckpt_3400.pt,1,975,0.48904576897621155,0.09763886034488678,0.40047764778137207,"102,218,2,130,84","56,17,117,112,89",1:26:1|1:27:1|1:68:1
ckpt_3400.pt,1,976,0.49883586168289185,0.09615866839885712,0.4229108989238739,"233,245,144,159,195","255,100,141,174,196",1:67:2|1:181:2|1:186:2
ckpt_3400.pt,1,977,0.381868451833725,0.07792781293392181,0.34735098481178284,"46,139,58,5,203","127,38,172,79,102",1:79:2|1:85:2|1:394:2
ckpt_3400.pt,1,978,0.4608322083950043,0.11901405453681946,0.43413224816322327,"147,134,255,93,115","112,226,118,255,51",1:6:1|1:36:1|1:53:1
ckpt_3400.pt,1,979,0.46229392290115356,0.08652711659669876,0.404055118560791,"101,192,220,23,217","64,71,65,78,19",1:364:2|1:557:2|1:726:2
ckpt_3400.pt,1,980,0.4769779145717621,0.0967213362455368,0.38061994314193726,"191,85,139,160,157","121,92,24,87,178",1:394:2|1:8:1|1:9:1
ckpt_3400.pt,1,981,0.45874977111816406,0.08557914197444916,0.376503586769104,"43,107,160,209,152","57,251,163,192,56",1:109:2|1:427:2|1:639:2
ckpt_3400.pt,1,982,0.39506906270980835,0.07911428064107895,0.3371276557445526,"2,97,185,213,24","90,248,79,54,2",1:152:2|1:580:2|1:876:2
ckpt_3400.pt,1,983,0.45073822140693665,0.07703500986099243,0.3802059292793274,"60,2,74,208,83","85,184,75,141,17",1:102:2|1:283:2|1:527:2
ckpt_3400.pt,1,984,0.41540947556495667,0.08710873872041702,0.3736818730831146,"79,99,0,178,137","237,92,234,226,242",1:503:2|1:799:2|1:997:2
ckpt_3400.pt,1,985,0.4358055889606476,0.07836633175611496,0.40374627709388733,"179,216,38,22,242","62,120,63,241,50",1:147:2|1:564:2|1:586:2
ckpt_3400.pt,1,986,0.44773393869400024,0.09902450442314148,0.3633331060409546,"79,73,212,198,64","70,60,156,26,254",1:125:2|1:188:2|1:685:2
ckpt_3400.pt,1,987,0.45688918232917786,0.07943098992109299,0.3729376494884491,"74,148,232,185,180","225,27,186,188,166",1:43:2|1:344:2|1:862:2
ckpt_3400.pt,1,988,0.4490342438220978,0.09959465265274048,0.40168067812919617,"65,178,194,31,19","218,144,101,99,211",1:930:2|1:0:1|1:2:1
ckpt_3400.pt,1,989,0.49600929021835327,0.1041514202952385,0.42605307698249817,"157,235,151,230,99","90,44,120,125,216",1:32:2|1:204:2|1:607:2
ckpt_3400.pt,1,990,0.4553802013397217,0.08551013469696045,0.3876580595970154,"7,60,119,50,231","117,233,175,112,213",1:67:2|1:157:2|1:478:2
ckpt_3400.pt,1,991,0.43729421496391296,0.07901617884635925,0.36204418540000916,"97,31,176,183,206","2,186,122,139,56",1:351:2|1:389:2|1:603:2
ckpt_3400.pt,1,992,0.4257503151893616,0.07453269511461258,0.40076473355293274,"143,250,21,92,187","27,233,157,16,49",1:49:2|1:218:2|1:360:2
ckpt_3400.pt,1,993,0.46612581610679626,0.07608215510845184,0.4137227535247803,"201,243,170,163,184","93,69,243,100,241",1:155:2|1:878:2|1:1013:2
ckpt_3400.pt,1,994,0.4244944453239441,0.07336315512657166,0.3939540386199951,"134,31,81,164,0","209,20,32,63,142",1:438:2|1:719:2|1:817:2
ckpt_3400.pt,1,995,0.4508218765258789,0.08457057923078537,0.4062941074371338,"138,13,199,60,140","47,205,198,3,105",1:801:2|1:810:2|1:9:1
ckpt_3400.pt,1,996,0.4567091763019562,0.09399726241827011,0.38460052013397217,"227,240,43,104,69","137,37,50,122,147",1:313:2|1:935:2|1:15:1
ckpt_3400.pt,1,997,0.3838658630847931,0.06937124580144882,0.3619210124015808,"123,0,79,94,145","156,9,85,26,182",1:298:2|1:535:2|1:843:2
ckpt_3400.pt,1,998,0.4935012459754944,0.09844580292701721,0.4390634000301361,"101,51,27,185,22","131,79,53,5,163",1:39:2|1:390:2|1:758:2
ckpt_3400.pt,1,999,0.5216285586357117,0.10481228679418564,0.40958675742149353,"234,217,202,232,104","215,253,29,153,173",1:430:2|1:433:2|1:6:1
ckpt_3400.pt,1,1000,0.36996129155158997,0.08194904774427414,0.33715948462486267,"73,82,171,222,0","232,64,50,54,61",1:267:2|1:336:2|1:537:2
ckpt_3400.pt,1,1001,0.4400874078273773,0.076902836561203,0.3740884065628052,"96,79,92,187,61","138,78,216,110,51",1:477:2|1:484:2|1:735:2
ckpt_3400.pt,1,1002,0.4358271658420563,0.1036214828491211,0.4158499836921692,"116,152,165,82,218","56,194,94,222,181",1:490:2|1:782:2|1:12:1
ckpt_3400.pt,1,1003,0.39485713839530945,0.07854984700679779,0.32806578278541565,"188,126,236,33,48","250,3,187,166,6",1:421:2|1:523:2|1:656:2
ckpt_3400.pt,1,1004,0.5123857259750366,0.10060583800077438,0.4208362400531769,"162,51,1,176,222","112,2,64,149,40",1:103:2|1:107:2|1:332:2
ckpt_3400.pt,1,1005,0.4840455949306488,0.09533820301294327,0.42248472571372986,"62,189,68,228,187","235,233,218,183,103",1:454:3|1:742:2|1:850:2
ckpt_3400.pt,1,1006,0.4092421233654022,0.09605339169502258,0.37660089135169983,"255,106,144,87,149","72,75,120,227,175",1:14:2|1:216:2|1:513:2
ckpt_3400.pt,1,1007,0.4337600767612457,0.07683920860290527,0.38729196786880493,"139,87,31,229,180","70,60,15,55,225",1:0:2|1:168:2|1:182:2
ckpt_3400.pt,1,1008,0.4800069034099579,0.08620154112577438,0.4247342348098755,"109,119,246,112,92","75,229,9,225,239",1:133:2|1:162:2|1:215:2
ckpt_3400.pt,1,1009,0.4730621576309204,0.10515528172254562,0.3858083486557007,"207,143,19,129,85","62,167,236,20,230",1:244:2|1:818:2|1:856:2
ckpt_3400.pt,1,1010,0.4605634808540344,0.09526115655899048,0.39701512455940247,"86,190,26,22,15","34,133,180,249,56",1:135:2|1:226:2|1:752:2
ckpt_3400.pt,1,1011,0.3655131757259369,0.06348501890897751,0.3530571460723877,"110,137,202,70,34","16,8,213,33,255",1:29:2|1:614:2|1:1015:2
ckpt_3400.pt,1,1012,0.4235406517982483,0.07527261227369308,0.37873560190200806,"111,36,200,234,227","171,90,203,54,75",1:303:2|1:633:2|1:6:1
ckpt_3400.pt,1,1013,0.4467133581638336,0.07058338820934296,0.36818400025367737,"243,44,163,178,66","119,31,184,178,78",1:604:2|1:630:2|1:993:2
ckpt_3400.pt,1,1014,0.46388697624206543,0.08156543225049973,0.41167956590652466,"97,239,212,149,237","62,2,69,108,155",1:92:2|1:258:2|1:402:2
ckpt_3400.pt,1,1015,0.40692734718322754,0.08447082340717316,0.3571721315383911,"212,178,34,110,176","74,210,123,92,12",1:29:2|1:351:2|1:366:2
ckpt_3400.pt,1,1016,0.46512725949287415,0.0880126953125,0.36878684163093567,"1,170,95,179,167","116,190,0,178,200",1:124:2|1:0:1|1:20:1
ckpt_3400.pt,1,1017,0.3672674596309662,0.06216701492667198,0.35634133219718933,"76,206,24,23,220","101,12,33,255,28",1:250:2|1:270:2|1:557:2
ckpt_3400.pt,1,1018,0.46958985924720764,0.07904640585184097,0.38646993041038513,"214,103,143,171,85","89,225,54,66,90",1:533:2|1:698:2|1:860:2
ckpt_3400.pt,1,1019,0.5058006048202515,0.11847865581512451,0.44021621346473694,"124,53,228,14,139","94,2,245,107,97",1:18:1|1:22:1|1:44:1
ckpt_3400.pt,1,1020,0.43446874618530273,0.08965793251991272,0.3911321759223938,"150,119,80,140,255","23,237,41,13,74",1:36:2|1:561:2|1:869:2
ckpt_3400.pt,1,1021,0.4251546263694763,0.07929464429616928,0.37389153242111206,"210,29,36,52,38","48,32,228,188,133",1:15:2|1:571:2|1:616:2
ckpt_3400.pt,1,1022,0.4600220024585724,0.08753383904695511,0.4240974187850952,"94,248,65,201,102","6,184,29,56,249",1:69:2|1:262:2|1:3:1
ckpt_3400.pt,1,1023,0.476358562707901,0.09532824158668518,0.4255540668964386,"164,77,37,133,208","64,137,230,163,165",1:399:2|1:788:2|1:7:1
ckpt_3400.pt,2,0,0.4433661103248596,0.0871526226401329,0.38538244366645813,"31,239,177,235,91","199,56,81,78,84",2:78:2|2:21:1|2:39:1
ckpt_3400.pt,2,1,0.446767657995224,0.08476369827985764,0.3782801628112793,"49,115,9,198,171","5,231,0,253,118",2:110:2|2:208:2|2:912:2
ckpt_3400.pt,2,2,0.451651394367218,0.07675294578075409,0.39167219400405884,"78,159,73,129,127","34,68,156,195,160",2:142:2|2:5:1|2:8:1
ckpt_3400.pt,2,3,0.5274457931518555,0.10199502855539322,0.45132988691329956,"103,223,82,179,198","54,57,238,130,55",2:76:2|2:153:2|2:154:2
ckpt_3400.pt,2,4,0.505112886428833,0.09744713455438614,0.4290909767150879,"128,156,139,228,106","67,112,57,149,130",2:403:2|2:441:2|2:475:2
ckpt_3400.pt,2,5,0.4941813349723816,0.10044705867767334,0.4033266007900238,"151,129,109,255,53","42,156,237,12,82",2:83:2|2:772:2|2:2:1
ckpt_3400.pt,2,6,0.5085455179214478,0.10600682348012924,0.43426939845085144,"126,131,207,244,169","7,105,251,62,103",2:1004:2|2:7:1|2:16:1
ckpt_3400.pt,2,7,0.4852595329284668,0.09917882829904556,0.39481648802757263,"42,126,71,86,32","204,47,41,91,207",2:599:2|2:857:2|2:6:1
ckpt_3400.pt,2,8,0.5084630250930786,0.08286908268928528,0.4129214584827423,"127,69,112,90,240","141,179,137,215,158",2:42:2|2:126:2|2:270:2
ckpt_3400.pt,2,9,0.41003671288490295,0.07535189390182495,0.3584127128124237,"55,243,189,56,217","204,124,167,63,216",2:812:2|2:939:2|2:964:2
ckpt_3400.pt,2,10,0.4469973146915436,0.07814910262823105,0.400074303150177,"12,53,65,54,123","250,172,63,119,212",2:595:2|2:741:2|2:885:2
ckpt_3400.pt,2,11,0.5200011730194092,0.10120652616024017,0.4419158697128296,"116,42,68,234,151","229,85,214,183,65",2:535:2|2:672:2|2:772:2
ckpt_3400.pt,2,12,0.49828553199768066,0.08997903019189835,0.4234410524368286,"114,168,71,82,75","36,71,198,112,81",2:75:2|2:387:2|2:617:2
ckpt_3400.pt,2,13,0.4319990575313568,0.09006882458925247,0.387407511472702,"100,48,250,13,229","209,124,144,168,201",2:54:2|2:188:2|2:301:2
ckpt_3400.pt,2,14,0.4672955274581909,0.08531294018030167,0.39462804794311523,"223,24,182,160,247","131,227,14,146,190",2:256:2|2:568:2|2:807:2
ckpt_3400.pt,2,15,0.5385257005691528,0.10227122902870178,0.4600672125816345,"172,104,107,122,39","17,184,78,15,128",2:198:2|2:294:2|2:949:2
ckpt_3400.pt,2,16,0.4970242381095886,0.0859495997428894,0.4078805148601532,"39,78,207,241,141","150,83,248,135,242",2:177:2|2:245:2|2:850:2
ckpt_3400.pt,2,17,0.5272234678268433,0.12155862897634506,0.4198114275932312,"191,94,23,196,133","227,160,84,82,65",2:130:2|2:329:2|2:366:2
ckpt_3400.pt,2,18,0.4908848702907562,0.10285769402980804,0.413342148065567,"128,50,158,236,46","1,41,194,146,228",2:696:2|2:4:1|2:19:1
ckpt_3400.pt,2,19,0.49313440918922424,0.08675704896450043,0.40521931648254395,"36,19,50,197,25","9,70,146,0,54",2:925:2|2:18:1|2:26:1
ckpt_3400.pt,2,20,0.4602421522140503,0.07770254462957382,0.3804812431335449,"95,131,29,144,155","24,177,250,99,76",2:6:1|2:33:1|2:36:1
ckpt_3400.pt,2,21,0.3957767188549042,0.07260961085557938,0.3499952256679535,"31,53,243,16,24","182,122,126,22,146",2:137:2|2:146:2|2:428:2
ckpt_3400.pt,2,22,0.4535820484161377,0.07644318789243698,0.387367308139801,"199,121,167,168,74","16,169,207,57,173",2:165:2|2:335:2|2:432:2
ckpt_3400.pt,2,23,0.5042495131492615,0.086481973528862,0.41041290760040283,"32,1,233,58,209","188,132,208,115,151",2:110:2|2:131:2|2:394:2
ckpt_3400.pt,2,24,0.49086880683898926,0.10055548697710037,0.39419323205947876,"255,207,24,46,231","115,51,180,172,138",2:151:2|2:185:2|2:1016:2
ckpt_3400.pt,2,25,0.5171209573745728,0.1000000387430191,0.42943674325942993,"102,82,78,101,226","146,16,71,14,29",2:2:1|2:3:1|2:12:1
ckpt_3400.pt,2,26,0.5231676697731018,0.0954623892903328,0.4087662100791931,"189,194,188,197,87","173,79,210,157,117",2:379:2|2:467:2|2:958:2
ckpt_3400.pt,2,27,0.4273824393749237,0.10421710461378098,0.38907620310783386,"27,167,47,46,116","59,131,234,62,183",2:91:2|2:105:2|2:11:1
ckpt_3400.pt,2,28,0.4475593864917755,0.08547626435756683,0.38496512174606323,"104,209,97,197,73","186,85,214,45,175",2:229:2|2:292:2|2:467:2
ckpt_3400.pt,2,29,0.46603861451148987,0.08620068430900574,0.40916907787323,"226,149,108,142,206","41,247,146,39,220",2:72:2|2:784:2|2:25:1
ckpt_3400.pt,2,30,0.5079546570777893,0.14030160009860992,0.409926176071167,"3,162,19,184,13","52,244,3,147,53",2:182:2|2:272:2|2:319:2
ckpt_3400.pt,2,31,0.5155539512634277,0.10599762201309204,0.4048047661781311,"217,71,149,34,207","31,116,56,104,218",2:292:2|2:418:2|2:1004:2
ckpt_3400.pt,2,32,0.498134970664978,0.1027047336101532,0.40327781438827515,"126,108,243,44,8","254,156,188,222,30",2:196:2|2:639:2|2:6:1
ckpt_3400.pt,2,33,0.6478583216667175,0.12096933275461197,0.5462617874145508,"93,73,196,80,95","98,171,181,141,207",2:424:2|2:541:2|2:913:2
ckpt_3400.pt,2,34,0.5095075368881226,0.0941551923751831,0.40072962641716003,"160,41,152,120,20","251,60,34,248,212",2:14:1|2:56:1|2:69:1
ckpt_3400.pt,2,35,0.45592862367630005,0.0928620845079422,0.40330779552459717,"40,206,208,74,118","243,112,232,45,46",2:56:2|2:349:2|2:670:2
ckpt_3400.pt,2,36,0.5146963596343994,0.086050845682621,0.4377363920211792,"97,130,155,13,168","123,145,135,7,136",2:301:2|2:503:2|2:698:2
ckpt_3400.pt,2,37,0.5080186724662781,0.10368905961513519,0.4302125871181488,"146,231,29,2,175","143,30,225,224,146",2:407:2|2:560:2|2:754:2
ckpt_3400.pt,2,38,0.5000150799751282,0.11663918942213058,0.43654730916023254,"92,111,46,191,88","241,212,24,119,177",2:656:2|2:880:2|2:944:2
ckpt_3400.pt,2,39,0.4895686209201813,0.09009754657745361,0.41120070219039917,"131,31,44,218,179","11,38,7,88,50",2:430:2|2:704:2|2:767:2
ckpt_3400.pt,2,40,0.4820678234100342,0.08111181110143661,0.40245524048805237,"182,0,218,220,21","115,1,75,224,5",2:398:2|2:626:2|2:14:1
ckpt_3400.pt,2,41,0.4600852131843567,0.11119548231363297,0.39706140756607056,"161,109,107,73,147","91,32,11,134,43",2:142:2|2:665:2|2:840:2
ckpt_3400.pt,2,42,0.5016515851020813,0.09732170403003693,0.4250134527683258,"90,179,118,227,69","30,129,141,202,17",2:8:2|2:582:2|2:670:2
ckpt_3400.pt,2,43,0.5051807165145874,0.09055429697036743,0.40885481238365173,"32,222,69,44,238","173,231,126,44,136",2:430:2|2:7:1|2:8:1
ckpt_3400.pt,2,44,0.4603373110294342,0.08458122611045837,0.42506587505340576,"7,163,27,200,192","199,2,212,195,188",2:169:3|2:60:2|2:96:2
ckpt_3400.pt,2,45,0.4389137923717499,0.09280665218830109,0.3739890456199646,"238,117,182,4,35","98,212,33,185,118",2:463:2|2:734:2|2:932:2
ckpt_3400.pt,2,46,0.5552803874015808,0.11578044295310974,0.43632328510284424,"236,143,11,111,19","30,248,22,4,107",2:235:2|2:537:2|2:18:1
ckpt_3400.pt,2,47,0.40876534581184387,0.06714174896478653,0.34696608781814575,"36,1,76,189,212","255,16,111,95,193",2:9:1|2:19:1|2:23:1
ckpt_3400.pt,2,48,0.4306536614894867,0.08863966166973114,0.3885268270969391,"228,109,84,146,131","229,161,133,21,137",2:603:2|2:639:2|2:4:1
ckpt_3400.pt,2,49,0.42999041080474854,0.07490502297878265,0.3595830202102661,"29,34,227,247,17","255,102,146,18,194",2:59:2|2:466:2|2:609:2
ckpt_3400.pt,2,50,0.464356392621994,0.08231722563505173,0.41424599289894104,"1,104,131,101,149","220,83,74,159,9",2:292:2|2:6:1|2:15:1
ckpt_3400.pt,2,51,0.500400960445404,0.08275490254163742,0.4319382309913635,"218,55,246,166,154","149,4,173,129,17",2:175:2|2:423:2|2:645:2
ckpt_3400.pt,2,52,0.5337682962417603,0.10456521809101105,0.3948668837547302,"63,2,216,82,90","228,195,85,251,125",2:106:2|2:210:2|2:835:2
ckpt_3400.pt,2,53,0.4395620822906494,0.07011261582374573,0.3615816831588745,"212,222,64,236,72","36,226,229,62,152",2:607:2|2:785:2|2:842:2
ckpt_3400.pt,2,54,0.48505428433418274,0.09871428459882736,0.3989240527153015,"250,151,175,48,182","80,219,127,175,24",2:13:2|2:103:2|2:240:2
ckpt_3400.pt,2,55,0.4547880291938782,0.08518488705158234,0.37281227111816406,"218,161,201,168,57","100,176,117,202,231",2:579:2|2:776:2|2:884:2
ckpt_3400.pt,2,56,0.4567106068134308,0.10905983299016953,0.3838900029659271,"40,47,41,119,206","20,95,189,236,70",2:35:2|2:363:2|2:632:2
ckpt_3400.pt,2,57,0.48161637783050537,0.08498260378837585,0.36787235736846924,"227,224,234,8,94","132,92,53,201,238",2:74:2|2:188:2|2:670:2
ckpt_3400.pt,2,58,0.47606152296066284,0.1117614209651947,0.4001249074935913,"98,244,99,227,21","151,219,192,7,237",2:466:2|2:543:2|2:6:1
ckpt_3400.pt,2,59,0.4893617033958435,0.09624028950929642,0.41719022393226624,"201,214,17,29,117","24,237,22,87,128",2:49:2|2:465:2|2:511:2
ckpt_3400.pt,2,60,0.4455900192260742,0.09273521602153778,0.40007200837135315,"119,158,27,209,163","235,185,90,200,37",2:44:2|2:122:2|2:203:2
ckpt_3400.pt,2,61,0.5017152428627014,0.09181792289018631,0.4460906982421875,"74,146,223,38,8","230,253,83,166,115",2:492:2|2:604:2|2:639:2
ckpt_3400.pt,2,62,0.4196006953716278,0.08124200254678726,0.3554574251174927,"197,66,90,149,8","66,146,141,201,148",2:105:2|2:279:2|2:693:2
ckpt_3400.pt,2,63,0.5124022960662842,0.10550065338611603,0.4294809401035309,"201,49,244,102,65","222,27,117,17,44",2:288:2|2:390:2|2:1:1
ckpt_3400.pt,2,64,0.5029605627059937,0.081175796687603,0.4144366383552551,"98,62,240,33,249","207,125,245,164,116",2:475:2|2:531:2|2:8:1
ckpt_3400.pt,2,65,0.47636762261390686,0.09776165336370468,0.39016178250312805,"52,91,209,61,246","81,45,217,22,73",2:280:2|2:580:2|2:971:2
ckpt_3400.pt,2,66,0.4281734228134155,0.08709624409675598,0.388250470161438,"70,247,43,230,98","56,228,186,55,92",2:354:2|2:359:2|2:965:2
ckpt_3400.pt,2,67,0.5063300132751465,0.08758753538131714,0.4004954993724823,"188,246,6,182,217","16,116,147,126,114",2:197:2|2:576:2|2:762:2
ckpt_3400.pt,2,68,0.40583980083465576,0.06398338079452515,0.3673018515110016,"248,127,4,141,175","122,178,227,95,108",2:477:2|2:660:2|2:809:2
ckpt_3400.pt,2,69,0.46869412064552307,0.0963718593120575,0.3978670835494995,"170,198,120,55,227","127,52,67,159,80",2:180:2|2:582:2|2:985:2
ckpt_3400.pt,2,70,0.41532468795776367,0.06875806301832199,0.38972732424736023,"29,253,127,218,28","11,93,131,248,7",2:162:2|2:524:2|2:573:2
ckpt_3400.pt,2,71,0.46381112933158875,0.09531909227371216,0.42374929785728455,"152,78,139,116,48","30,89,182,162,48",2:719:2|2:756:2|2:852:2
ckpt_3400.pt,2,72,0.4964635372161865,0.0770132839679718,0.44830262660980225,"172,7,29,206,226","85,139,148,203,167",2:29:2|2:777:2|2:15:1
ckpt_3400.pt,2,73,0.43217405676841736,0.08224636316299438,0.3921463191509247,"3,127,54,147,99","118,229,90,244,205",2:2:1|2:8:1|2:10:1
ckpt_3400.pt,2,74,0.5525248646736145,0.1312079280614853,0.42549794912338257,"8,94,125,87,21","111,124,65,63,213",2:57:2|2:267:2|2:17:1
ckpt_3400.pt,2,75,0.4472733438014984,0.08492691814899445,0.3594980537891388,"71,56,114,205,90","248,205,170,52,146",2:12:2|2:434:2|2:7:1
ckpt_3400.pt,2,76,0.48801276087760925,0.09629251062870026,0.3941928446292877,"103,204,220,223,235","5,218,59,225,244",2:3:2|2:460:2|2:493:2
ckpt_3400.pt,2,77,0.48009243607521057,0.10391511023044586,0.4047496020793915,"149,175,160,163,215","9,65,255,162,206",2:93:2|2:269:2|2:446:2
ckpt_3400.pt,2,78,0.5111584067344666,0.09431193768978119,0.4174847900867462,"148,187,239,235,203","131,230,119,236,217",2:0:2|2:1017:2|2:76:1
ckpt_3400.pt,2,79,0.5459040403366089,0.14363431930541992,0.42714500427246094,"246,241,111,145,103","255,58,25,75,131",2:111:2|2:115:2|2:179:2
ckpt_3400.pt,2,80,0.4783500134944916,0.0979027971625328,0.39499911665916443,"241,147,42,26,139","112,43,16,202,222",2:357:2|2:537:2|2:749:2
ckpt_3400.pt,2,81,0.3919777274131775,0.07464499026536942,0.35686635971069336,"110,68,91,207,252","239,152,156,59,119",2:850:2|2:925:2|2:993:2
ckpt_3400.pt,2,82,0.473659873008728,0.11883310228586197,0.4133460521697998,"239,223,213,99,207","30,224,154,19,89",2:203:2|2:392:2|2:473:2
ckpt_3400.pt,2,83,0.48851367831230164,0.10938860476016998,0.4231608808040619,"253,129,220,109,116","200,0,93,22,20",2:5:2|2:837:2|2:2:1
ckpt_3400.pt,2,84,0.4427473247051239,0.08323132991790771,0.4038231074810028,"179,171,235,98,92","4,187,46,157,27",2:246:2|2:867:2|2:0:1
ckpt_3400.pt,2,85,0.44165658950805664,0.08364781737327576,0.39351561665534973,"120,1,114,200,31","154,211,132,164,191",2:542:2|2:755:2|2:860:2
ckpt_3400.pt,2,86,0.5031282901763916,0.11607900261878967,0.4211233854293823,"245,185,111,222,150","54,163,255,46,205",2:38:1|2:43:1|2:46:1
ckpt_3400.pt,2,87,0.4217979311943054,0.09308294951915741,0.3735302984714508,"57,230,147,124,14","128,252,189,143,214",2:104:2|2:410:2|2:440:2
ckpt_3400.pt,2,88,0.48304271697998047,0.10582976788282394,0.4155173599720001,"116,143,207,20,83","241,54,111,50,9",2:140:2|2:6:1|2:11:1
ckpt_3400.pt,2,89,0.46224257349967957,0.09271373599767685,0.38412341475486755,"106,138,147,112,144","39,221,96,206,158",2:692:2|2:4:1|2:8:1
ckpt_3400.pt,2,90,0.5315268039703369,0.12188231199979782,0.42553943395614624,"241,214,40,220,80","54,146,176,28,215",2:439:2|2:460:2|2:493:2
ckpt_3400.pt,2,91,0.5054430961608887,0.10420085489749908,0.3860638737678528,"116,27,67,203,15","234,43,35,203,204",2:27:2|2:324:2|2:409:2
ckpt_3400.pt,2,92,0.4428694248199463,0.07578711211681366,0.3910357654094696,"170,113,117,97,128","74,244,226,118,89",2:192:2|2:390:2|2:449:2
ckpt_3400.pt,2,93,0.4531058967113495,0.10413862019777298,0.40370506048202515,"243,175,227,160,89","117,196,186,34,107",2:77:2|2:220:2|2:420:2
ckpt_3400.pt,2,94,0.48063158988952637,0.08782588690519333,0.41824769973754883,"99,208,144,43,158","226,252,237,20,23",2:203:2|2:955:2|2:18:1
ckpt_3400.pt,2,95,0.4583069086074829,0.07858910411596298,0.41589486598968506,"115,32,163,72,29","52,44,85,106,2",2:430:2|2:675:2|2:1:1
ckpt_3400.pt,2,96,0.5133971571922302,0.11158405989408493,0.42856985330581665,"130,41,27,204,200","54,102,120,68,29",2:44:2|2:984:2|2:27:1
ckpt_3400.pt,2,97,0.5060409903526306,0.0927356705069542,0.39671608805656433,"167,57,169,178,12","153,118,101,95,99",2:380:2|2:740:2|2:6:1
ckpt_3400.pt,2,98,0.5015351176261902,0.09759480506181717,0.43468642234802246,"169,224,89,250,204","31,237,247,149,144",2:225:2|2:778:2|2:931:2
ckpt_3400.pt,2,99,0.5684258937835693,0.10331764817237854,0.4659053385257721,"74,207,112,9,173","244,194,96,11,182",2:252:2|2:504:2|2:642:2
ckpt_3400.pt,2,100,0.47168752551078796,0.08408210426568985,0.3994990885257721,"65,130,88,197,255","47,205,168,127,95",2:595:2|2:5:1|2:10:1
ckpt_3400.pt,2,101,0.5074542164802551,0.10272206366062164,0.42627477645874023,"151,91,203,140,183","56,0,202,244,230",2:244:2|2:535:2|2:1013:2
ckpt_3400.pt,2,102,0.44563519954681396,0.08279461413621902,0.3728947341442108,"53,41,217,23,28","186,230,187,48,191",2:130:2|2:5:1|2:9:1
ckpt_3400.pt,2,103,0.40541136264801025,0.07983826100826263,0.36877569556236267,"7,151,66,54,48","85,133,229,224,232",2:54:2|2:240:2|2:367:2
ckpt_3400.pt,2,104,0.405902236700058,0.07906047254800797,0.36475080251693726,"99,230,79,14,102","12,188,221,152,210",2:87:2|2:410:2|2:447:2
ckpt_3400.pt,2,105,0.44959527254104614,0.09257012605667114,0.3677724003791809,"97,90,27,8,167","253,90,223,11,228",2:27:2|2:62:2|2:210:2
ckpt_3400.pt,2,106,0.5005646347999573,0.09463585913181305,0.4036257863044739,"121,96,2,82,185","22,27,234,150,232",2:52:2|2:286:2|2:417:2
ckpt_3400.pt,2,107,0.4492962956428528,0.09012684971094131,0.3994289040565491,"255,166,164,170,78","39,57,208,76,149",2:2:1|2:5:1|2:16:1
ckpt_3400.pt,2,108,0.40337392687797546,0.07835528999567032,0.3503062129020691,"202,15,94,29,205","131,196,146,39,18",2:134:2|2:200:2|2:17:1
ckpt_3400.pt,2,109,0.48962342739105225,0.068849116563797,0.43401551246643066,"247,19,79,92,168","153,232,57,154,11",2:128:2|2:161:2|2:272:2
ckpt_3400.pt,2,110,0.516414999961853,0.09959494322538376,0.42622560262680054,"171,233,9,209,24","176,116,248,61,81",2:1:2|2:23:2|2:131:2
ckpt_3400.pt,2,111,0.4673565924167633,0.09089338034391403,0.37604185938835144,"107,246,44,111,76","252,117,221,216,52",2:79:2|2:304:2|2:851:2
ckpt_3400.pt,2,112,0.531429648399353,0.10122847557067871,0.43608590960502625,"95,11,97,138,139","102,90,180,238,3",2:205:2|2:649:2|2:954:2
ckpt_3400.pt,2,113,0.47329390048980713,0.08705421537160873,0.383995920419693,"186,188,139,93,62","230,110,217,99,194",2:270:2|2:424:2|2:671:2
ckpt_3400.pt,2,114,0.5053918957710266,0.08986874669790268,0.39670732617378235,"164,54,112,122,91","87,112,177,224,98",2:241:2|2:263:2|2:897:2
ckpt_3400.pt,2,115,0.4455663859844208,0.09484859555959702,0.3724549412727356,"167,2,48,103,241","68,186,155,21,151",2:79:2|2:210:2|2:342:2
ckpt_3400.pt,2,116,0.5077911615371704,0.10351943969726562,0.4182150363922119,"248,218,245,137,75","2,246,210,12,204",2:386:2|2:679:2|2:683:2
ckpt_3400.pt,2,117,0.4797576069831848,0.08088526129722595,0.4000926613807678,"154,118,152,197,127","217,102,141,238,78",2:988:2|2:2:1|2:8:1
ckpt_3400.pt,2,118,0.44598090648651123,0.07914438843727112,0.3974817395210266,"10,222,122,175,124","112,63,60,175,70",2:560:2|2:578:2|2:15:1
ckpt_3400.pt,2,119,0.5047232508659363,0.10856225341558456,0.45953136682510376,"219,122,119,177,102","32,115,75,247,11",2:358:2|2:815:2|2:0:1
ckpt_3400.pt,2,120,0.5383810997009277,0.09897542744874954,0.42378559708595276,"51,93,46,55,209","13,177,83,6,84",2:151:2|2:9:1|2:18:1
ckpt_3400.pt,2,121,0.4935457408428192,0.10992925614118576,0.39927491545677185,"39,100,4,50,252","161,191,181,198,13",2:281:2|2:13:1|2:15:1
ckpt_3400.pt,2,122,0.4972594976425171,0.10523974150419235,0.421125203371048,"27,185,132,220,163","30,43,0,39,130",2:44:2|2:60:2|2:684:2
ckpt_3400.pt,2,123,0.5332606434822083,0.08397690206766129,0.42908093333244324,"136,186,95,91,250","128,5,161,123,56",2:709:2|2:0:1|2:13:1
ckpt_3400.pt,2,124,0.4903779625892639,0.09946603327989578,0.4255577623844147,"142,114,79,47,164","250,56,42,136,249",2:375:2|2:632:2|2:12:1
ckpt_3400.pt,2,125,0.47509273886680603,0.07964363694190979,0.4150780439376831,"123,254,34,6,114","138,111,78,22,199",2:10:1|2:12:1|2:31:1
ckpt_3400.pt,2,126,0.43810921907424927,0.07610280066728592,0.3860892951488495,"252,120,127,112,37","124,253,91,227,117",2:8:2|2:162:2|2:323:2
ckpt_3400.pt,2,127,0.4521053433418274,0.0745631530880928,0.3804445266723633,"249,219,43,52,210","160,255,69,46,216",2:668:2|2:722:2|2:875:2
ckpt_3400.pt,2,128,0.49810338020324707,0.08513177931308746,0.3989207148551941,"186,92,14,19,193","252,31,249,144,11",2:109:2|2:161:2|2:525:2
ckpt_3400.pt,2,129,0.5136846899986267,0.10178512334823608,0.4156033992767334,"32,94,176,229,129","252,142,193,133,3",2:159:2|2:527:2|2:720:2
ckpt_3400.pt,2,130,0.48866474628448486,0.09937413036823273,0.3917671740055084,"220,133,213,28,23","117,203,90,53,246",2:17:2|2:102:2|2:547:2
ckpt_3400.pt,2,131,0.4292256534099579,0.08838953077793121,0.4073541760444641,"108,82,47,209,233","6,127,107,145,183",2:23:2|2:110:2|2:936:2
ckpt_3400.pt,2,132,0.5255247354507446,0.09421776235103607,0.4579458236694336,"132,64,226,112,12","237,226,53,78,76",2:830:2|2:8:1|2:10:1
ckpt_3400.pt,2,133,0.4336105287075043,0.07961665093898773,0.38116294145584106,"112,236,178,209,113","22,176,225,102,39",2:241:2|2:252:2|2:327:2
ckpt_3400.pt,2,134,0.5057641267776489,0.10542220622301102,0.4371338188648224,"205,196,147,96,29","117,34,251,227,107",2:108:2|2:417:2|2:17:1
ckpt_3400.pt,2,135,0.5139556527137756,0.10395999252796173,0.4080181419849396,"120,51,27,5,222","226,173,15,93,36",2:299:2|2:27:1|2:34:1
ckpt_3400.pt,2,136,0.5065345764160156,0.09467414021492004,0.41662248969078064,"236,181,94,180,101","52,188,165,81,122",2:267:2|2:609:2|2:728:2
ckpt_3400.pt,2,137,0.4889468252658844,0.09705571085214615,0.4219590723514557,"102,16,24,58,246","117,165,91,126,30",2:21:2|2:851:2|2:14:1
ckpt_3400.pt,2,138,0.48252150416374207,0.08672122657299042,0.41723114252090454,"117,145,147,33,133","142,220,48,18,4",2:511:2|2:613:2|2:782:2
ckpt_3400.pt,2,139,0.5040217638015747,0.0979948416352272,0.4128410220146179,"212,100,197,142,113","184,92,199,164,206",2:155:2|2:494:2|2:729:2
ckpt_3400.pt,2,140,0.482746422290802,0.08412156999111176,0.3953494429588318,"207,245,20,113,243","154,225,17,138,107",2:88:2|2:679:2|2:761:2
ckpt_3400.pt,2,141,0.4478764832019806,0.07928620278835297,0.38151997327804565,"222,50,11,106,45","248,252,39,44,179",2:596:2|2:4:1|2:18:1
ckpt_3400.pt,2,142,0.46054524183273315,0.08486909419298172,0.3623507618904114,"121,73,129,163,107","105,230,176,240,26",2:2:2|2:41:2|2:471:2
ckpt_3400.pt,2,143,0.4817206859588623,0.08695539087057114,0.39875057339668274,"65,6,187,200,90","240,67,244,75,153",2:399:2|2:448:2|2:549:2
ckpt_3400.pt,2,144,0.44763433933258057,0.1024104431271553,0.39971816539764404,"22,239,221,146,46","33,91,164,61,112",2:309:2|2:426:2|2:973:2
ckpt_3400.pt,2,145,0.4909021854400635,0.10575740039348602,0.43480685353279114,"48,51,43,29,243","131,202,69,23,176",2:321:2|2:797:2|2:901:2
ckpt_3400.pt,2,146,0.47622302174568176,0.09661061316728592,0.4191575348377228,"144,71,24,53,146","66,43,198,148,37",2:21:2|2:608:2|2:692:2
ckpt_3400.pt,2,147,0.46779492497444153,0.0953252986073494,0.4004964232444763,"14,97,243,93,151","198,80,181,232,201",2:187:2|2:264:2|2:333:2
ckpt_3400.pt,2,148,0.42229413986206055,0.103291817009449,0.35472866892814636,"47,51,237,149,128","51,246,210,179,186",2:159:2|2:399:2|2:474:2
ckpt_3400.pt,2,149,0.514509916305542,0.12022581696510315,0.4109956622123718,"23,113,181,79,120","112,86,125,62,91",2:572:2|2:755:2|2:926:2
ckpt_3400.pt,2,150,0.528416097164154,0.1155087873339653,0.4391762316226959,"47,165,191,212,49","49,132,204,150,35",2:334:2|2:370:2|2:581:2
ckpt_3400.pt,2,151,0.49395886063575745,0.09539179503917694,0.423037588596344,"98,57,24,46,51","80,37,104,5,221",2:24:2|2:120:2|2:481:2
ckpt_3400.pt,2,152,0.5322824716567993,0.0980655699968338,0.4443879723548889,"190,254,93,1,162","23,158,146,11,154",2:380:2|2:783:2|2:23:1
ckpt_3400.pt,2,153,0.47075986862182617,0.07800108194351196,0.3860847055912018,"243,198,231,223,136","201,205,240,249,80",2:3:2|2:528:2|2:562:2
ckpt_3400.pt,2,154,0.47153788805007935,0.088801808655262,0.40804407000541687,"85,222,179,189,223","245,216,132,136,47",2:3:2|2:224:2|2:697:2
ckpt_3400.pt,2,155,0.4366247355937958,0.09262539446353912,0.36229538917541504,"197,101,202,113,233","56,105,246,227,233",2:139:2|2:677:2|2:729:2
ckpt_3400.pt,2,156,0.510787844657898,0.10084937512874603,0.4291324019432068,"66,102,242,71,20","108,175,90,63,53",2:166:2|2:538:2|2:7:1
ckpt_3400.pt,2,157,0.5428666472434998,0.09438850730657578,0.43840280175209045,"32,236,138,66,153","182,0,186,65,12",2:291:2|2:498:2|2:792:2
ckpt_3400.pt,2,158,0.4554104506969452,0.09572488069534302,0.3880324065685272,"69,18,59,42,98","17,193,84,9,237",2:602:3|2:257:2|2:994:2
ckpt_3400.pt,2,159,0.5296790599822998,0.1000354066491127,0.4368269443511963,"32,188,128,94,149","87,23,95,234,126",2:129:2|2:148:2|2:806:2
ckpt_3400.pt,2,160,0.4490108788013458,0.09414325654506683,0.3824811577796936,"227,140,219,240,158","43,63,115,31,59",2:878:2|2:8:1|2:18:1
ckpt_3400.pt,2,161,0.4686841368675232,0.07978208363056183,0.39111948013305664,"19,152,92,196,56","211,139,101,196,157",2:109:2|2:128:2|2:194:2
ckpt_3400.pt,2,162,0.4595227837562561,0.07358333468437195,0.4109862744808197,"29,101,37,127,150","249,89,95,157,52",2:70:2|2:126:2|2:189:2
ckpt_3400.pt,2,163,0.37391161918640137,0.060106515884399414,0.30142858624458313,"174,2,104,203,139","84,140,235,141,207",2:532:2|2:743:2|2:978:2
ckpt_3400.pt,2,164,0.5074892044067383,0.09102319180965424,0.3844105899333954,"137,38,165,206,9","20,6,70,90,251",2:259:2|2:972:2|2:1017:2
ckpt_3400.pt,2,165,0.44326743483543396,0.0742795467376709,0.39957138895988464,"88,121,51,74,229","81,124,143,224,166",2:22:2|2:452:2|2:492:2
ckpt_3400.pt,2,166,0.43365541100502014,0.08124105632305145,0.3784925937652588,"91,102,66,39,60","143,101,179,137,52",2:156:2|2:0:1|2:15:1
ckpt_3400.pt,2,167,0.4848122298717499,0.09473241120576859,0.3836302161216736,"197,169,15,133,143","180,33,168,197,108",2:381:2|2:530:2|2:894:2
ckpt_3400.pt,2,168,0.490530401468277,0.08762730658054352,0.4115726351737976,"8,206,31,110,139","238,180,205,206,168",2:349:2|2:590:2|2:619:2
ckpt_3400.pt,2,169,0.49813616275787354,0.09228546172380447,0.4157648980617523,"163,7,192,1,122","66,57,95,112,67",2:44:3|2:927:2|2:15:1
ckpt_3400.pt,2,170,0.4327680170536041,0.10791584104299545,0.3647255599498749,"255,19,227,63,237","22,215,85,245,30",2:180:2|2:406:2|2:585:2
ckpt_3400.pt,2,171,0.47978079319000244,0.10095665603876114,0.39567774534225464,"94,103,185,131,107","94,142,234,15,214",2:844:2|2:3:1|2:6:1
ckpt_3400.pt,2,172,0.45429232716560364,0.09934315085411072,0.4366232454776764,"153,12,86,223,43","154,185,13,169,249",2:604:2|2:3:1|2:7:1
ckpt_3400.pt,2,173,0.3983778655529022,0.07074712216854095,0.3567339777946472,"136,195,96,52,221","183,122,7,79,10",2:404:2|2:65:1|2:106:1
ckpt_3400.pt,2,174,0.5153778195381165,0.09168582409620285,0.4432983100414276,"122,198,197,62,94","63,19,96,134,226",2:1:1|2:3:1|2:15:1
ckpt_3400.pt,2,175,0.5071346163749695,0.0981583297252655,0.3900162875652313,"124,6,218,97,154","26,73,161,140,220",2:51:2|2:258:2|2:333:2
ckpt_3400.pt,2,176,0.5468325018882751,0.0900835394859314,0.45100122690200806,"125,237,254,12,247","95,91,201,1,101",2:399:2|2:615:2|2:926:2
ckpt_3400.pt,2,177,0.44154366850852966,0.07868917286396027,0.3965096175670624,"67,241,216,78,249","186,220,43,3,154",2:16:2|2:354:2|2:2:1
ckpt_3400.pt,2,178,0.45373210310935974,0.09169995784759521,0.39003998041152954,"99,126,5,195,183","44,121,20,186,77",2:355:2|2:6:1|2:7:1
ckpt_3400.pt,2,179,0.5112951993942261,0.0836578756570816,0.41505134105682373,"140,241,186,246,153","76,251,210,183,193",2:79:2|2:16:1|2:51:1
ckpt_3400.pt,2,180,0.4763088822364807,0.0977499857544899,0.40429753065109253,"48,120,19,227,122","110,13,154,249,153",2:69:2|2:170:2|2:466:2
ckpt_3400.pt,2,181,0.45012903213500977,0.07537868618965149,0.3710342049598694,"52,237,178,146,117","26,76,131,181,34",2:356:2|2:492:2|2:678:2
ckpt_3400.pt,2,182,0.4479128122329712,0.08208148926496506,0.3967878520488739,"19,162,144,223,73","123,91,42,110,93",2:30:2|2:562:2|2:852:2
ckpt_3400.pt,2,183,0.4570111036300659,0.08717333525419235,0.38210007548332214,"252,196,15,239,194","253,9,15,27,56",2:207:2|2:232:2|2:841:2
ckpt_3400.pt,2,184,0.45433932542800903,0.08443573862314224,0.4155862033367157,"237,154,58,235,18","195,154,63,16,252",2:423:2|2:583:2|2:935:2
ckpt_3400.pt,2,185,0.4399491250514984,0.07467500120401382,0.3940739333629608,"46,231,35,228,142","35,30,29,208,70",2:24:2|2:683:2|2:828:2
ckpt_3400.pt,2,186,0.4741271138191223,0.0841510072350502,0.4129006266593933,"143,60,177,54,135","201,196,67,51,16",2:894:2|2:951:2|2:0:1
ckpt_3400.pt,2,187,0.44536733627319336,0.07218058407306671,0.3840920627117157,"151,154,161,200,243","107,185,149,42,245",2:147:2|2:289:2|2:638:2
ckpt_3400.pt,2,188,0.45552706718444824,0.0956360250711441,0.35579705238342285,"100,234,227,24,13","8,167,52,133,200",2:13:2|2:57:2|2:301:2
ckpt_3400.pt,2,189,0.47506704926490784,0.09295319765806198,0.38846442103385925,"37,20,166,222,29","53,202,48,105,156",2:162:2|2:224:2|2:737:2
ckpt_3400.pt,2,190,0.49247947335243225,0.09196515381336212,0.4065372943878174,"100,40,231,84,44","46,166,214,201,26",2:392:2|2:494:2|2:623:2
ckpt_3400.pt,2,191,0.4737577736377716,0.08537770807743073,0.4162861406803131,"60,111,194,173,78","143,71,56,238,96",2:195:2|2:591:2|2:739:2
ckpt_3400.pt,2,192,0.4714259207248688,0.08208388835191727,0.3771854341030121,"217,117,2,128,194","185,105,157,177,12",2:92:2|2:791:2|2:4:1
ckpt_3400.pt,2,193,0.431885302066803,0.08199428021907806,0.36616581678390503,"137,1,57,202,250","64,158,190,201,57",2:207:2|2:380:2|2:13:1
ckpt_3400.pt,2,194,0.4373280107975006,0.081386037170887,0.3748082220554352,"61,92,155,196,60","122,93,228,72,58",2:161:2|2:320:2|2:378:2
ckpt_3400.pt,2,195,0.4807538390159607,0.09548579156398773,0.40039509534835815,"91,78,12,194,105","189,206,81,87,185",2:191:2|2:393:2|2:591:2
ckpt_3400.pt,2,196,0.4099314510822296,0.07929722219705582,0.34978950023651123,"96,126,149,241,44","92,255,131,82,17",2:32:2|2:269:2|2:704:2
ckpt_3400.pt,2,197,0.4959399998188019,0.11203964054584503,0.3921627402305603,"217,214,168,205,6","187,19,154,195,178",2:67:2|2:617:2|2:884:2
ckpt_3400.pt,2,198,0.4600585401058197,0.0919664278626442,0.4046764075756073,"80,75,39,124,107","217,206,83,216,67",2:15:2|2:722:2|2:847:2
ckpt_3400.pt,2,199,0.4598086178302765,0.09295748174190521,0.39900338649749756,"70,15,52,18,207","45,100,38,174,181",2:713:2|2:971:2|2:6:1
ckpt_3400.pt,2,200,0.5360438823699951,0.10785725712776184,0.4324950575828552,"231,205,209,54,202","171,69,59,247,9",2:108:2|2:860:2|2:1016:2
ckpt_3400.pt,2,201,0.4038746654987335,0.07808884978294373,0.34035050868988037,"198,121,154,109,61","247,170,199,202,181",2:305:2|2:545:2|2:691:2
ckpt_3400.pt,2,202,0.4966745376586914,0.09320174902677536,0.4300723373889923,"212,181,162,204,50","84,28,213,31,163",2:205:2|2:285:2|2:587:2
ckpt_3400.pt,2,203,0.4421306550502777,0.08460400253534317,0.3855311870574951,"239,158,99,119,66","63,168,118,218,33",2:60:2|2:82:2|2:94:2
ckpt_3400.pt,2,204,0.43076229095458984,0.08524013310670853,0.35649076104164124,"235,4,144,62,7","15,54,149,219,245",2:234:2|2:403:2|2:603:2
ckpt_3400.pt,2,205,0.5067827701568604,0.09995795786380768,0.436748743057251,"212,97,50,152,95","62,188,148,203,205",2:112:2|2:202:2|2:963:2
ckpt_3400.pt,2,206,0.5015197396278381,0.08568133413791656,0.427931547164917,"72,217,208,155,142","114,208,108,182,98",2:353:2|2:9:1|2:20:1
ckpt_3400.pt,2,207,0.561720073223114,0.12138261646032333,0.4233695864677429,"1,196,250,194,126","118,94,18,185,77",2:183:2|2:193:2|2:232:2
ckpt_3400.pt,2,208,0.5466169714927673,0.1053076758980751,0.44414329528808594,"63,80,16,198,9","116,195,93,88,244",2:1:2|2:931:2|2:3:1
ckpt_3400.pt,2,209,0.47267740964889526,0.09723498672246933,0.3767828941345215,"154,225,168,181,38","7,106,243,83,89",2:359:2|2:608:2|2:691:2
ckpt_3400.pt,2,210,0.42565256357192993,0.07207831740379333,0.35296109318733215,"19,2,167,145,90","244,246,255,92,252",2:52:2|2:105:2|2:115:2
ckpt_3400.pt,2,211,0.5000002384185791,0.0870501846075058,0.42368996143341064,"7,149,180,112,229","35,139,62,226,18",2:468:2|2:520:2|2:750:2
ckpt_3400.pt,2,212,0.4687751531600952,0.09549939632415771,0.4065172076225281,"48,179,166,163,63","86,115,77,69,42",2:717:2|2:746:2|2:827:2
ckpt_3400.pt,2,213,0.5123171210289001,0.10975317656993866,0.42123013734817505,"225,248,221,66,0","68,61,127,149,150",2:413:2|2:516:2|2:904:2
ckpt_3400.pt,2,214,0.5150384902954102,0.11395725607872009,0.4271749258041382,"154,239,248,129,79","128,3,127,73,207",2:468:2|2:548:2|2:563:2
ckpt_3400.pt,2,215,0.4586522579193115,0.09283365309238434,0.39848217368125916,"53,246,106,247,73","125,61,173,103,241",2:262:2|2:644:2|2:654:2
ckpt_3400.pt,2,216,0.4727097749710083,0.091031514108181,0.3850485682487488,"177,223,50,199,92","202,239,89,71,199",2:594:2|2:821:2|2:907:2
ckpt_3400.pt,2,217,0.47098830342292786,0.09686177223920822,0.35644346475601196,"48,206,230,32,76","158,216,186,97,112",2:259:2|2:291:2|2:331:2
ckpt_3400.pt,2,218,0.47982311248779297,0.0903615951538086,0.42479807138442993,"46,250,131,157,71","66,248,23,147,45",2:593:2|2:692:2|2:945:2
ckpt_3400.pt,2,219,0.48649728298187256,0.09215420484542847,0.4045340418815613,"165,99,118,81,7","148,171,4,154,161",2:35:1|2:42:1|2:44:1
ckpt_3400.pt,2,220,0.5336472392082214,0.08994995802640915,0.44229939579963684,"243,71,85,175,26","56,29,187,174,184",2:93:2|2:290:2|2:625:2
ckpt_3400.pt,2,221,0.4908251464366913,0.09284298121929169,0.44207584857940674,"40,5,182,12,76","66,140,116,196,46",2:250:2|2:260:2|2:463:2
ckpt_3400.pt,2,222,0.4145681858062744,0.07531343400478363,0.3683854639530182,"133,13,123,35,244","184,9,60,240,234",2:381:2|2:918:2|2:6:1
ckpt_3400.pt,2,223,0.4996098577976227,0.09909231215715408,0.4066416025161743,"4,132,148,147,88","12,179,121,13,173",2:281:2|2:38:1|2:41:1
ckpt_3400.pt,2,224,0.447599321603775,0.07615044713020325,0.4010654389858246,"84,29,178,223,222","110,78,109,89,80",2:154:2|2:189:2|2:227:2
ckpt_3400.pt,2,225,0.4658982753753662,0.08134178072214127,0.4206196367740631,"216,172,89,138,169","167,127,92,51,193",2:98:2|2:382:2|2:606:2
ckpt_3400.pt,2,226,0.5258104801177979,0.10638858377933502,0.4525640606880188,"42,24,238,187,178","250,81,239,41,249",2:549:2|2:550:2|2:990:2
ckpt_3400.pt,2,227,0.5258849263191223,0.09906592220067978,0.42803260684013367,"244,178,84,177,246","199,63,209,7,206",2:224:2|2:859:2|2:0:1
ckpt_3400.pt,2,228,0.49397194385528564,0.08814911544322968,0.4239582419395447,"125,18,241,232,189","225,8,44,171,54",2:713:2|2:794:2|2:9:1
ckpt_3400.pt,2,229,0.4343336224555969,0.07953010499477386,0.3684866726398468,"20,156,233,73,104","84,199,146,93,59",2:28:2|2:2:1|2:4:1
ckpt_3400.pt,2,230,0.4703500270843506,0.08030875772237778,0.3919675946235657,"159,122,86,150,89","121,123,183,213,12",2:676:2|2:815:2|2:2:1
ckpt_3400.pt,2,231,0.5020904541015625,0.10515035688877106,0.41367387771606445,"255,254,241,100,203","55,140,58,121,15",2:486:2|2:558:2|2:788:2
ckpt_3400.pt,2,232,0.5459192395210266,0.0849643424153328,0.44902846217155457,"187,196,194,241,181","203,42,93,69,158",2:183:2|2:207:2|2:439:2
ckpt_3400.pt,2,233,0.5084422826766968,0.1067827045917511,0.45086726546287537,"67,106,69,34,89","50,190,152,12,53",2:778:2|2:4:1|2:8:1
ckpt_3400.pt,2,234,0.4856984615325928,0.09381873905658722,0.4183904230594635,"70,99,4,112,235","126,199,98,137,65",2:204:2|2:676:2|2:922:2
ckpt_3400.pt,2,235,0.4349064826965332,0.07692506164312363,0.35184013843536377,"22,236,7,194,11","128,71,218,179,103",2:46:2|2:539:2|2:686:2
ckpt_3400.pt,2,236,0.5060586333274841,0.10351460427045822,0.43023040890693665,"152,3,45,171,17","93,197,161,247,168",2:869:2|2:1006:2|2:1:1
ckpt_3400.pt,2,237,0.5113199949264526,0.09400788694620132,0.41640955209732056,"154,40,19,219,99","34,143,173,193,221",2:831:2|2:972:2|2:19:1
ckpt_3400.pt,2,238,0.4468887150287628,0.0917423665523529,0.34841808676719666,"185,153,228,230,179","207,54,187,78,9",2:684:2|2:858:2|2:995:2
ckpt_3400.pt,2,239,0.4597478210926056,0.08043251186609268,0.40777313709259033,"40,189,49,213,70","230,11,132,91,75",2:362:2|2:616:2|2:713:2
ckpt_3400.pt,2,240,0.4149729311466217,0.07829075306653976,0.35150763392448425,"89,193,151,61,48","25,51,189,83,201",2:54:2|2:103:2|2:691:2
ckpt_3400.pt,2,241,0.5598924160003662,0.10842551290988922,0.4410826861858368,"112,200,113,44,164","216,26,18,122,113",2:114:2|2:133:2|2:263:2
ckpt_3400.pt,2,242,0.5304717421531677,0.1113448292016983,0.45442432165145874,"31,122,92,113,87","46,106,135,53,217",2:588:2|2:872:2|2:935:2
ckpt_3400.pt,2,243,0.49891480803489685,0.0842059925198555,0.39755403995513916,"44,45,247,189,66","186,222,151,124,33",2:293:2|2:362:2|2:9:1
ckpt_3400.pt,2,244,0.40865564346313477,0.07751768827438354,0.38278406858444214,"91,106,140,119,169","62,45,213,146,54",2:101:2|2:662:2|2:707:2
ckpt_3400.pt,2,245,0.44195035099983215,0.0939398854970932,0.3711622357368469,"39,97,90,241,245","0,69,60,63,234",2:16:2|2:105:2|2:455:2
ckpt_3400.pt,2,246,0.5188536643981934,0.10240140557289124,0.42843908071517944,"64,92,94,206,171","186,225,43,29,158",2:84:2|2:267:2|2:497:2
ckpt_3400.pt,2,247,0.49198657274246216,0.09261761605739594,0.4032478630542755,"223,227,109,229,194","213,36,41,208,254",2:452:2|2:791:2|2:941:2
ckpt_3400.pt,2,248,0.434047669172287,0.07745402306318283,0.3538183569908142,"49,211,141,84,125","75,180,202,124,32",2:808:2|2:1:1|2:16:1
ckpt_3400.pt,2,249,0.44199204444885254,0.08405745774507523,0.3849603831768036,"159,125,9,139,240","168,91,191,167,111",2:648:2|2:835:2|2:1:1
ckpt_3400.pt,2,250,0.4919913411140442,0.08957623690366745,0.3956489562988281,"205,180,157,76,5","5,254,83,224,143",2:221:2|2:838:2|2:47:1
ckpt_3400.pt,2,251,0.4681355655193329,0.07160194218158722,0.3848011791706085,"173,55,238,133,79","174,243,144,111,25",2:485:2|2:643:2|2:9:1
ckpt_3400.pt,2,252,0.502379834651947,0.1032184436917305,0.43266981840133667,"112,129,74,198,236","145,242,112,123,78",2:99:2|2:133:2|2:295:2
ckpt_3400.pt,2,253,0.46628496050834656,0.0996815636754036,0.3892044425010681,"87,81,27,114,101","146,231,147,79,97",2:653:2|2:12:1|2:25:1
ckpt_3400.pt,2,254,0.49963605403900146,0.09421981126070023,0.4340486526489258,"87,96,255,161,236","85,121,228,125,202",2:724:3|2:609:2|2:810:2
ckpt_3400.pt,2,255,0.41882312297821045,0.09140155464410782,0.3700106739997864,"142,234,71,14,48","107,138,58,239,52",2:387:2|2:587:2|2:593:2
ckpt_3400.pt,2,256,0.49712294340133667,0.11179319024085999,0.4104711711406708,"29,223,24,70,133","46,89,65,113,48",2:14:2|2:224:2|2:381:2
ckpt_3400.pt,2,257,0.4768510162830353,0.08908510953187943,0.4285581409931183,"239,42,69,37,224","157,126,252,105,15",2:158:2|2:550:2|2:602:2
ckpt_3400.pt,2,258,0.5013696551322937,0.09340950846672058,0.37961897253990173,"154,213,107,145,97","188,45,180,239,162",2:175:2|2:560:2|2:753:2
ckpt_3400.pt,2,259,0.4674815833568573,0.0838456079363823,0.3964446187019348,"9,76,3,206,146","229,173,15,255,46",2:164:2|2:217:2|2:363:2
ckpt_3400.pt,2,260,0.45050692558288574,0.07834363728761673,0.4001882076263428,"12,165,179,182,119","176,1,222,210,144",2:221:2|2:664:2|2:707:2
ckpt_3400.pt,2,261,0.5178260207176208,0.10584034770727158,0.43972155451774597,"27,96,34,171,78","87,167,34,174,246",2:592:3|2:372:2|2:418:2
ckpt_3400.pt,2,262,0.4671754837036133,0.08898661285638809,0.374786376953125,"59,53,170,77,106","248,166,109,186,80",2:215:2|2:4:1|2:5:1
ckpt_3400.pt,2,263,0.4546598196029663,0.09595437347888947,0.3652716279029846,"41,112,164,24,25","39,36,254,137,107",2:114:2|2:241:2|2:346:2
ckpt_3400.pt,2,264,0.5182725787162781,0.08921462297439575,0.43679097294807434,"226,205,33,14,243","28,9,45,84,57",2:147:2|2:274:2|2:814:2
ckpt_3400.pt,2,265,0.5400490164756775,0.12953972816467285,0.4609867036342621,"189,221,7,200,69","39,48,146,27,213",2:44:2|2:8:1|2:9:1
ckpt_3400.pt,2,266,0.49360352754592896,0.08180161565542221,0.3669874370098114,"150,142,39,5,165","183,189,46,252,24",2:387:2|2:819:2|2:847:2
ckpt_3400.pt,2,267,0.41098552942276,0.06695074588060379,0.3782845139503479,"181,94,92,125,201","36,196,178,218,165",2:74:2|2:136:2|2:246:2
ckpt_3400.pt,2,268,0.43559107184410095,0.07963911443948746,0.416016548871994,"171,89,52,68,100","107,86,118,59,72",2:415:3|2:558:2|2:1005:2
ckpt_3400.pt,2,269,0.49764111638069153,0.09810537099838257,0.4401721954345703,"163,223,184,149,126","135,198,97,8,136",2:77:2|2:196:2|2:678:2
ckpt_3400.pt,2,270,0.5001899003982544,0.08526826649904251,0.4260391294956207,"90,127,85,93,186","255,146,221,130,231",2:521:3|2:8:2|2:113:2
ckpt_3400.pt,2,271,0.4810326397418976,0.09011538326740265,0.4198104441165924,"187,144,9,34,170","35,219,50,209,149",2:296:2|2:457:2|2:1:1
ckpt_3400.pt,2,272,0.40038183331489563,0.08060145378112793,0.3583107888698578,"19,79,49,75,13","13,41,223,157,254",2:30:2|2:109:2|2:808:2
ckpt_3400.pt,2,273,0.4398822784423828,0.07164846360683441,0.38120028376579285,"160,9,67,59,52","238,10,208,121,232",2:402:2|2:1:1|2:14:1
ckpt_3400.pt,2,274,0.4389074444770813,0.08190884441137314,0.3506021201610565,"226,255,14,113,76","217,226,189,171,188",2:264:2|2:814:2|2:5:1
ckpt_3400.pt,2,275,0.4981005787849426,0.08702979236841202,0.4090123772621155,"175,76,103,108,254","35,250,72,75,25",2:710:2|2:3:1|2:29:1
ckpt_3400.pt,2,276,0.5559729933738708,0.1143483966588974,0.4538506865501404,"250,107,242,187,221","125,142,17,57,150",2:701:2|2:798:2|2:13:1
ckpt_3400.pt,2,277,0.4826291501522064,0.0762765109539032,0.3758411705493927,"138,115,44,119,68","200,235,112,52,124",2:300:2|2:303:2|2:430:2
ckpt_3400.pt,2,278,0.3978656232357025,0.07431435585021973,0.33349815011024475,"117,234,159,65,168","134,110,198,99,247",2:613:3|2:678:2|2:721:2
ckpt_3400.pt,2,279,0.47432491183280945,0.09249883890151978,0.3881721794605255,"144,66,69,149,65","245,49,171,187,77",2:62:2|2:399:2|2:8:1
ckpt_3400.pt,2,280,0.4540885388851166,0.07261170446872711,0.38791361451148987,"88,137,246,52,125","239,137,80,78,47",2:65:2|2:309:2|2:898:2
ckpt_3400.pt,2,281,0.471142441034317,0.09013473987579346,0.3901144564151764,"4,83,43,132,39","68,113,179,122,104",2:121:2|2:223:2|2:896:2
ckpt_3400.pt,2,282,0.5006616711616516,0.10321815311908722,0.4154494106769562,"174,83,186,67,25","108,251,127,96,147",2:525:2|2:881:2|2:19:1
ckpt_3400.pt,2,283,0.36573097109794617,0.06375522911548615,0.3457249402999878,"134,154,215,158,111","101,204,247,126,231",2:454:2|2:897:2|2:899:2
ckpt_3400.pt,2,284,0.4618854224681854,0.08870024234056473,0.3966629207134247,"152,11,102,254,9","56,202,145,244,54",2:720:2|2:1:1|2:25:1
ckpt_3400.pt,2,285,0.4929175078868866,0.09014441072940826,0.425875723361969,"31,74,50,181,54","188,44,181,15,219",2:202:2|2:321:2|2:401:2
ckpt_3400.pt,2,286,0.42705050110816956,0.0905551016330719,0.36165401339530945,"82,134,121,141,192","161,217,78,128,232",2:106:2|2:652:2|2:660:2
ckpt_3400.pt,2,287,0.457992821931839,0.08122582733631134,0.3940688967704773,"219,64,130,224,87","9,34,19,83,32",2:358:2|2:26:1|2:36:1
ckpt_3400.pt,2,288,0.5029082298278809,0.10567507147789001,0.41470038890838623,"215,250,201,103,65","98,118,143,204,150",2:63:2|2:945:2|2:3:1
ckpt_3400.pt,2,289,0.49559295177459717,0.09971141815185547,0.42078298330307007,"254,17,151,161,115","237,50,207,229,107",2:187:2|2:297:2|2:341:2
ckpt_3400.pt,2,290,0.49174565076828003,0.10140683501958847,0.4215901494026184,"215,85,16,26,38","110,59,122,19,25",2:220:2|2:21:1|2:61:1
ckpt_3400.pt,2,291,0.49653947353363037,0.08214551955461502,0.41347381472587585,"230,67,66,32,183","212,168,14,74,42",2:157:2|2:217:2|2:331:2
ckpt_3400.pt,2,292,0.4747782349586487,0.09809637069702148,0.4330015778541565,"34,149,235,104,209","123,202,227,196,99",2:28:2|2:31:2|2:50:2
ckpt_3400.pt,2,293,0.4402644634246826,0.07708150148391724,0.37101295590400696,"209,249,189,66,164","94,221,39,195,56",2:243:2|2:693:2|2:9:1
ckpt_3400.pt,2,294,0.5346483588218689,0.09236752986907959,0.4234168231487274,"107,219,62,172,195","240,88,212,44,29",2:15:2|2:906:2|2:41:1
ckpt_3400.pt,2,295,0.46896982192993164,0.07196902483701706,0.4075784683227539,"236,86,216,129,70","89,208,126,218,161",2:252:2|2:676:2|2:715:2
ckpt_3400.pt,2,296,0.453727126121521,0.09515605866909027,0.4054899215698242,"144,220,9,205,17","18,83,101,152,229",2:271:2|2:712:2|2:979:2
ckpt_3400.pt,2,297,0.4809192419052124,0.11195143312215805,0.3956032395362854,"107,151,115,179,157","121,154,15,242,78",2:289:2|2:430:2|2:651:2
ckpt_3400.pt,2,298,0.46264341473579407,0.08613838255405426,0.3936924338340759,"51,162,219,16,255","62,197,17,246,60",2:789:2|2:5:1|2:21:1
ckpt_3400.pt,2,299,0.42602983117103577,0.08043631911277771,0.3695734441280365,"51,222,215,110,77","141,173,115,196,30",2:135:2|2:335:2|2:551:2
ckpt_3400.pt,2,300,0.44614532589912415,0.08071781694889069,0.38579684495925903,"73,50,115,138,217","119,179,17,50,195",2:277:2|2:476:2|2:598:2
ckpt_3400.pt,2,301,0.45579764246940613,0.07584793865680695,0.4053007960319519,"168,2,7,13,100","117,216,53,163,54",2:1009:3|2:13:2|2:36:2
ckpt_3400.pt,2,302,0.4303542673587799,0.08363629132509232,0.38581424951553345,"87,41,163,221,90","254,153,252,147,0",2:516:2|2:958:2|2:8:1
ckpt_3400.pt,2,303,0.4535483419895172,0.10308334231376648,0.41486242413520813,"44,192,99,119,139","241,252,55,64,18",2:203:2|2:277:2|2:590:2
ckpt_3400.pt,2,304,0.547890305519104,0.11035514622926712,0.4676169455051422,"36,111,152,246,149","129,155,16,76,80",2:79:2|2:111:2|2:318:2
ckpt_3400.pt,2,305,0.4460192620754242,0.08755608648061752,0.38098394870758057,"3,56,121,106,109","119,42,149,37,243",2:201:2|2:412:2|2:821:2
ckpt_3400.pt,2,306,0.5758423209190369,0.11714237928390503,0.4348449110984802,"14,225,26,40,46","55,105,201,33,152",2:635:2|2:18:1|2:24:1
ckpt_3400.pt,2,307,0.5544150471687317,0.1100318506360054,0.4613681137561798,"125,231,134,194,193","19,184,148,188,125",2:648:2|2:969:2|2:24:1
ckpt_3400.pt,2,308,0.46406832337379456,0.08342430740594864,0.3910292685031891,"188,85,200,244,250","186,0,113,244,202",2:317:2|2:396:2|2:6:1
ckpt_3400.pt,2,309,0.4825643002986908,0.10769522935152054,0.4187793433666229,"221,133,137,88,239","49,22,196,239,144",2:144:2|2:280:2|2:429:2
ckpt_3400.pt,2,310,0.45066484808921814,0.09734703600406647,0.37507736682891846,"237,0,73,61,215","177,7,36,12,16",2:438:2|2:727:2|2:848:2
ckpt_3400.pt,2,311,0.4147324860095978,0.08887592703104019,0.3788079023361206,"255,137,169,26,33","77,32,147,61,44",2:635:2|2:724:2|2:994:2
ckpt_3400.pt,2,312,0.43874192237854004,0.0728408619761467,0.3971352279186249,"49,28,173,1,177","98,170,4,19,54",2:689:2|2:0:1|2:1:1
ckpt_3400.pt,2,313,0.45357224345207214,0.08101697266101837,0.40707138180732727,"86,29,84,191,102","108,214,126,191,201",2:224:2|2:436:2|2:7:1
ckpt_3400.pt,2,314,0.4837351143360138,0.08767817914485931,0.4064218997955322,"176,58,89,47,152","89,210,119,115,166",2:816:2|2:23:1|2:27:1
ckpt_3400.pt,2,315,0.4910810887813568,0.08722812682390213,0.41726410388946533,"215,254,192,15,184","118,128,185,169,136",2:454:2|2:841:2|2:30:1
ckpt_3400.pt,2,316,0.43732184171676636,0.09167598187923431,0.37940070033073425,"123,233,56,120,247","209,152,166,103,248",2:9:1|2:10:1|2:14:1
ckpt_3400.pt,2,317,0.4619521498680115,0.08397848159074783,0.4024415910243988,"122,238,141,200,188","127,36,206,161,254",2:308:2|2:396:2|2:485:2
ckpt_3400.pt,2,318,0.44540590047836304,0.08727161586284637,0.3661610782146454,"239,74,36,138,149","48,204,231,153,41",2:304:2|2:332:2|2:806:2
ckpt_3400.pt,2,319,0.5003477931022644,0.09332268685102463,0.4013981223106384,"184,19,130,56,218","56,90,72,33,168",2:30:2|2:161:2|2:984:2
ckpt_3400.pt,2,320,0.5133842825889587,0.09444640576839447,0.4491187334060669,"125,60,108,15,155","107,108,183,93,43",2:194:2|2:20:1|2:29:1
ckpt_3400.pt,2,321,0.4961550235748291,0.07831863313913345,0.4289498031139374,"50,234,43,74,29","123,255,57,125,59",2:145:2|2:285:2|2:901:2
ckpt_3400.pt,2,322,0.40199291706085205,0.07484544068574905,0.3313819169998169,"91,73,28,185,176","204,64,24,120,33",2:775:2|2:0:1|2:2:1
ckpt_3400.pt,2,323,0.4966479241847992,0.07996717095375061,0.4138130247592926,"242,44,120,252,70","206,147,213,77,162",2:126:2|2:450:2|2:32:1
ckpt_3400.pt,2,324,0.5613697171211243,0.11284385621547699,0.42604175209999084,"67,76,196,228,116","129,56,154,39,59",2:91:2|2:4:1|2:11:1
ckpt_3400.pt,2,325,0.5536679029464722,0.11660408973693848,0.43337681889533997,"184,204,120,216,159","209,219,165,203,245",2:716:2|2:835:2|2:984:2
ckpt_3400.pt,2,326,0.4928376376628876,0.10766424983739853,0.4151836931705475,"245,0,101,196,2","255,27,236,47,107",2:17:1|2:25:1|2:33:1
ckpt_3400.pt,2,327,0.4693762958049774,0.09402438253164291,0.4282535910606384,"138,125,75,113,209","18,27,122,41,144",2:133:2|2:566:2|2:953:2
ckpt_3400.pt,2,328,0.4778154492378235,0.09580693393945694,0.3947182595729828,"185,210,41,133,242","149,135,183,150,14",2:17:1|2:34:1|2:56:1
ckpt_3400.pt,2,329,0.46284398436546326,0.10122066736221313,0.38964736461639404,"144,57,94,196,136","240,155,33,165,133",2:17:2|2:366:2|2:453:2
ckpt_3400.pt,2,330,0.5405576229095459,0.11285264045000076,0.42526552081108093,"121,135,181,95,164","13,189,210,202,82",2:410:2|2:448:2|2:523:2
ckpt_3400.pt,2,331,0.44974595308303833,0.0983080267906189,0.3933597505092621,"32,252,183,76,105","183,168,174,107,224",2:217:2|2:291:2|2:745:2
ckpt_3400.pt,2,332,0.5137372016906738,0.10908951610326767,0.3843620717525482,"136,209,18,36,74","182,52,199,126,87",2:318:2|2:566:2|2:891:2
ckpt_3400.pt,2,333,0.45797839760780334,0.09005869925022125,0.39087730646133423,"119,218,16,97,14","55,244,61,49,12",2:147:2|2:175:2|2:963:2
ckpt_3400.pt,2,334,0.44956493377685547,0.10108833014965057,0.413546085357666,"216,165,191,234,110","15,150,252,77,78",2:150:2|2:944:2|2:11:1
ckpt_3400.pt,2,335,0.4494880139827728,0.08791373670101166,0.3842255473136902,"215,168,51,211,167","250,179,160,152,41",2:22:2|2:299:2|2:930:2
ckpt_3400.pt,2,336,0.43695104122161865,0.08293469995260239,0.3624275326728821,"161,68,92,11,242","226,32,173,175,118",2:993:2|2:11:1|2:38:1
ckpt_3400.pt,2,337,0.4416593015193939,0.0995628610253334,0.3971198797225952,"232,132,41,58,61","158,78,238,237,188",2:351:2|2:484:2|2:23:1
ckpt_3400.pt,2,338,0.45035743713378906,0.09838047623634338,0.3665063977241516,"137,187,2,152,157","153,163,244,167,63",2:567:2|2:1017:2|2:34:1
ckpt_3400.pt,2,339,0.49415042996406555,0.08964084088802338,0.42522117495536804,"214,124,254,202,58","180,251,134,116,234",2:841:2|2:964:2|2:1012:2
ckpt_3400.pt,2,340,0.4714232385158539,0.0954284742474556,0.3882066309452057,"196,75,4,18,34","110,70,175,219,44",2:896:3|2:1013:2|2:12:1
ckpt_3400.pt,2,341,0.4791901111602783,0.08855230361223221,0.37839511036872864,"161,71,224,191,115","69,195,22,176,186",2:289:2|2:793:2|2:1:1
ckpt_3400.pt,2,342,0.42206868529319763,0.09227414429187775,0.38657572865486145,"7,2,241,123,3","22,7,117,213,138",2:115:2|2:301:2|2:761:2
ckpt_3400.pt,2,343,0.42411741614341736,0.08615623414516449,0.3694457411766052,"19,254,195,166,150","233,161,164,145,149",2:490:2|2:737:2|2:19:1
ckpt_3400.pt,2,344,0.47840893268585205,0.08761386573314667,0.41282880306243896,"201,111,182,91,234","167,62,147,188,233",2:0:1|2:11:1|2:14:1
ckpt_3400.pt,2,345,0.5059153437614441,0.08549251407384872,0.4277670979499817,"226,240,103,246,32","152,23,178,138,4",2:79:2|2:672:2|2:711:2
ckpt_3400.pt,2,346,0.45671167969703674,0.09707413613796234,0.39630571007728577,"112,13,151,84,24","192,34,170,171,97",2:188:2|2:263:2|2:535:2
ckpt_3400.pt,2,347,0.4971579313278198,0.09086746722459793,0.4340818226337433,"97,99,110,2,211","99,9,147,243,248",2:734:2|2:28:1|2:36:1
ckpt_3400.pt,2,348,0.4720801115036011,0.10217521339654922,0.4086325764656067,"123,245,214,15,139","106,74,169,139,134",2:607:2|2:4:1|2:10:1
ckpt_3400.pt,2,349,0.520840585231781,0.1133817806839943,0.4259764552116394,"85,118,105,206,110","153,200,234,36,249",2:35:2|2:168:2|2:426:2
ckpt_3400.pt,2,350,0.3890206515789032,0.07137368619441986,0.37926971912384033,"158,67,229,131,245","193,183,214,19,56",2:373:3|2:881:2|2:974:2
ckpt_3400.pt,2,351,0.4975242614746094,0.10297925025224686,0.40064647793769836,"132,127,182,33,58","121,231,173,7,40",2:337:2|2:2:1|2:8:1
ckpt_3400.pt,2,352,0.45706290006637573,0.08268096297979355,0.3803917467594147,"29,75,59,180,47","222,225,151,26,7",2:524:2|2:967:2|2:12:1
ckpt_3400.pt,2,353,0.4604071080684662,0.0860564112663269,0.39473578333854675,"79,22,72,145,217","157,225,67,3,51",2:206:2|2:572:2|2:9:1
ckpt_3400.pt,2,354,0.47089532017707825,0.08654392510652542,0.39454156160354614,"67,43,216,98,61","65,223,228,73,8",2:66:2|2:177:2|2:359:2
ckpt_3400.pt,2,355,0.45867210626602173,0.08071702718734741,0.3923270106315613,"255,218,221,5,183","250,247,2,23,144",2:178:2|2:804:2|2:5:1
ckpt_3400.pt,2,356,0.5046088695526123,0.09867590665817261,0.42942652106285095,"93,52,178,138,45","240,131,190,141,117",2:181:2|2:433:2|2:33:1
ckpt_3400.pt,2,357,0.48472195863723755,0.08822284638881683,0.39548054337501526,"42,60,241,222,231","146,26,58,12,35",2:80:2|2:560:2|2:599:2
ckpt_3400.pt,2,358,0.5432408452033997,0.10964163392782211,0.44585832953453064,"219,119,50,133,224","132,246,49,140,218",2:119:2|2:287:2|2:511:2
ckpt_3400.pt,2,359,0.5137585401535034,0.10161907225847244,0.4376431405544281,"154,157,98,168,43","85,82,132,83,200",2:66:2|2:209:2|2:354:2
ckpt_3400.pt,2,360,0.5012716054916382,0.11530792713165283,0.4065571427345276,"206,126,196,148,21","53,4,116,112,93",2:207:2|2:632:2|2:6:1
ckpt_3400.pt,2,361,0.4972973167896271,0.09476584941148758,0.41714152693748474,"178,184,85,103,232","205,203,247,74,214",2:678:2|2:3:1|2:30:1
ckpt_3400.pt,2,362,0.5049446821212769,0.10088149458169937,0.42462286353111267,"189,213,42,247,110","126,246,79,143,49",2:239:2|2:243:2|2:673:2
ckpt_3400.pt,2,363,0.42684119939804077,0.07340238988399506,0.36593565344810486,"13,14,146,206,47","182,27,219,212,45",2:56:2|2:259:2|2:632:2
ckpt_3400.pt,2,364,0.43350210785865784,0.08871179074048996,0.3856968283653259,"252,217,60,29,38","221,218,174,4,11",2:1004:2|2:9:1|2:20:1
ckpt_3400.pt,2,365,0.4831775426864624,0.08089113235473633,0.40857836604118347,"252,87,218,233,144","61,24,156,83,99",2:653:2|2:804:2|2:902:2
ckpt_3400.pt,2,366,0.4957939088344574,0.08365878462791443,0.4236307442188263,"191,196,57,159,17","138,67,180,196,6",2:17:2|2:329:2|2:453:2
ckpt_3400.pt,2,367,0.4885430335998535,0.08766144514083862,0.381473183631897,"48,156,202,31,7","162,87,129,11,116",2:103:2|2:756:2|2:781:2
ckpt_3400.pt,2,368,0.5051923990249634,0.12865601480007172,0.39390167593955994,"165,195,232,60,112","88,28,151,129,191",2:610:2|2:793:2|2:905:2
ckpt_3400.pt,2,369,0.5113369822502136,0.08081501722335815,0.4387379288673401,"72,112,38,218,228","26,178,155,87,129",2:627:2|2:879:2|2:4:1
ckpt_3400.pt,2,370,0.4735947549343109,0.08296549320220947,0.39606213569641113,"191,80,28,47,236","117,99,238,155,157",2:150:2|2:581:2|2:17:1
ckpt_3400.pt,2,371,0.4384951591491699,0.08575379103422165,0.33630332350730896,"39,212,74,159,243","179,41,64,145,162",2:638:2|2:2:1|2:9:1
ckpt_3400.pt,2,372,0.49996477365493774,0.08743049204349518,0.4099012017250061,"132,245,171,234,96","107,127,235,173,35",2:261:2|2:406:2|2:952:2
ckpt_3400.pt,2,373,0.5073260068893433,0.10893817245960236,0.42747101187705994,"67,229,206,245,5","32,195,63,229,178",2:350:3|2:620:2|2:881:2
ckpt_3400.pt,2,374,0.4311046004295349,0.08779262006282806,0.3811585307121277,"23,242,60,237,157","124,221,236,193,237",2:727:2|2:17:1|2:102:1
ckpt_3400.pt,2,375,0.4948297142982483,0.08264875411987305,0.4372561275959015,"145,98,114,164,35","97,42,114,210,75",2:124:2|2:409:2|2:957:2
ckpt_3400.pt,2,376,0.480612576007843,0.082504503428936,0.40689995884895325,"39,191,130,15,145","194,27,181,43,173",2:464:2|2:519:2|2:850:2
ckpt_3400.pt,2,377,0.49214956164360046,0.09252190589904785,0.42977675795555115,"231,55,87,190,12","107,130,170,68,13",2:958:2|2:9:1|2:10:1
ckpt_3400.pt,2,378,0.4673425257205963,0.09718004614114761,0.38972941040992737,"251,59,61,155,235","108,122,98,75,224",2:194:2|2:438:2|2:543:2
ckpt_3400.pt,2,379,0.40374308824539185,0.08427884429693222,0.40160757303237915,"231,197,189,150,208","218,191,31,160,219",2:26:2|2:395:2|2:517:2
ckpt_3400.pt,2,380,0.48791447281837463,0.08561507612466812,0.4181016981601715,"1,224,57,254,167","17,211,39,164,42",2:97:2|2:152:2|2:193:2
ckpt_3400.pt,2,381,0.4409327507019043,0.07522020488977432,0.3920805752277374,"68,35,24,133,169","132,45,248,84,32",2:167:2|2:222:2|2:256:2
ckpt_3400.pt,2,382,0.5075424909591675,0.08638519793748856,0.4293462634086609,"89,138,168,105,242","59,65,214,92,58",2:225:2|2:811:2|2:12:1
ckpt_3400.pt,2,383,0.47837236523628235,0.09216414391994476,0.4297589063644409,"116,98,172,38,54","46,144,114,198,19",2:10:1|2:11:1|2:15:1
ckpt_3400.pt,2,384,0.5039686560630798,0.10754472017288208,0.4052630364894867,"245,172,23,44,191","41,23,18,30,170",2:17:2|2:416:2|2:435:2
ckpt_3400.pt,2,385,0.4854511320590973,0.09525823593139648,0.42941346764564514,"135,176,248,158,186","255,226,12,198,172",2:18:1|2:60:1|2:68:1
ckpt_3400.pt,2,386,0.48151305317878723,0.08387256413698196,0.41259831190109253,"52,23,115,218,75","250,95,223,114,5",2:116:2|2:444:2|2:722:2
ckpt_3400.pt,2,387,0.4768657386302948,0.10886900871992111,0.38595592975616455,"39,18,82,71,142","184,16,162,101,149",2:12:2|2:255:2|2:266:2
ckpt_3400.pt,2,388,0.48229047656059265,0.09774938225746155,0.41321465373039246,"7,154,187,183,224","119,169,2,184,185",2:528:2|2:603:2|2:645:2
ckpt_3400.pt,2,389,0.4684463441371918,0.08720587939023972,0.388482928276062,"112,115,194,244,76","42,53,54,148,97",2:543:2|2:864:2|2:982:2
ckpt_3400.pt,2,390,0.4963284730911255,0.08420982956886292,0.4209771454334259,"113,49,97,210,244","15,144,19,179,20",2:63:2|2:92:2|2:1:1
ckpt_3400.pt,2,391,0.4817383289337158,0.08774710446596146,0.3906593918800354,"74,42,131,85,166","37,142,240,147,30",2:663:2|2:6:1|2:7:1
ckpt_3400.pt,2,392,0.5080012679100037,0.10833299160003662,0.4246891140937805,"239,99,84,115,100","200,249,199,11,147",2:82:2|2:190:2|2:203:2
ckpt_3400.pt,2,393,0.46207869052886963,0.07384300231933594,0.3896479904651642,"78,230,146,31,12","170,17,35,179,2",2:195:2|2:407:2|2:600:2
ckpt_3400.pt,2,394,0.4849717617034912,0.08517244458198547,0.41597938537597656,"233,245,81,1,98","175,87,243,5,18",2:23:2|2:47:1|2:50:1
ckpt_3400.pt,2,395,0.4363994896411896,0.09017349779605865,0.36819082498550415,"52,16,229,208,197","106,216,207,3,31",2:379:2|2:443:2|2:517:2
ckpt_3400.pt,2,396,0.45190855860710144,0.09253435581922531,0.38162556290626526,"2,85,188,66,122","37,136,172,93,155",2:308:2|2:317:2|2:693:2
ckpt_3400.pt,2,397,0.49220868945121765,0.08021385967731476,0.41592735052108765,"137,123,118,150,106","215,148,69,149,216",2:4:1|2:10:1|2:35:1
ckpt_3400.pt,2,398,0.44122716784477234,0.07402953505516052,0.40945106744766235,"58,0,21,128,163","71,243,185,48,50",2:40:2|2:626:2|2:675:2
ckpt_3400.pt,2,399,0.46684321761131287,0.08097688108682632,0.41089919209480286,"237,65,247,200,149","223,224,205,107,58",2:143:2|2:148:2|2:176:2
ckpt_3400.pt,2,400,0.4436916410923004,0.10224106162786484,0.3799530267715454,"34,23,116,32,85","191,233,0,134,125",2:7:1|2:11:1|2:17:1
ckpt_3400.pt,2,401,0.5412808060646057,0.09827608615159988,0.4562220275402069,"116,252,13,31,181","100,157,50,247,184",2:285:2|2:666:2|2:787:2
ckpt_3400.pt,2,402,0.45793941617012024,0.08871585130691528,0.4044828414916992,"113,9,93,24,67","20,84,48,111,176",2:110:2|2:273:2|2:1:1
ckpt_3400.pt,2,403,0.4757269620895386,0.09017861634492874,0.40642958879470825,"156,62,77,4,228","82,155,250,97,18",2:4:2|2:204:2|2:684:2
ckpt_3400.pt,2,404,0.526286780834198,0.10239972919225693,0.4195019006729126,"21,221,151,52,205","24,20,188,121,155",2:173:2|2:516:2|2:5:1
ckpt_3400.pt,2,405,0.4913031756877899,0.09623036533594131,0.4070779085159302,"204,228,63,70,170","246,201,53,67,32",2:931:2|2:981:2|2:4:1
ckpt_3400.pt,2,406,0.5038397312164307,0.11168838292360306,0.43184253573417664,"19,245,65,171,63","142,83,41,146,19",2:170:2|2:372:2|2:506:2
ckpt_3400.pt,2,407,0.44693881273269653,0.0790606439113617,0.39092153310775757,"196,146,31,247,175","223,112,96,118,191",2:37:2|2:393:2|2:749:2
ckpt_3400.pt,2,408,0.4706713855266571,0.07167989015579224,0.41553574800491333,"180,129,204,108,138","162,68,103,181,60",2:468:2|2:641:2|2:792:2
ckpt_3400.pt,2,409,0.520778477191925,0.09512923657894135,0.4362625479698181,"145,67,27,55,98","154,208,22,70,2",2:91:2|2:354:2|2:375:2
ckpt_3400.pt,2,410,0.4690161943435669,0.08381899446249008,0.37166377902030945,"14,95,5,230,181","142,144,171,214,95",2:87:2|2:104:2|2:330:2
ckpt_3400.pt,2,411,0.43395018577575684,0.07816629856824875,0.38149088621139526,"6,248,194,68,53","188,75,48,37,20",2:619:2|2:5:1|2:10:1
ckpt_3400.pt,2,412,0.4439905285835266,0.07021514326334,0.39989766478538513,"106,101,56,172,22","206,230,236,124,62",2:305:2|2:4:1|2:9:1
ckpt_3400.pt,2,413,0.4985494911670685,0.09848706424236298,0.4204677939414978,"85,225,248,9,253","183,146,37,176,62",2:213:2|2:449:2|2:757:2
ckpt_3400.pt,2,414,0.531510591506958,0.09751194715499878,0.39566996693611145,"131,49,221,20,251","212,7,234,162,60",2:593:2|2:868:2|2:1:1
ckpt_3400.pt,2,415,0.4609776735305786,0.08366619050502777,0.38725998997688293,"171,121,100,52,227","239,169,255,83,157",2:268:3|2:188:2|2:471:2
ckpt_3400.pt,2,416,0.45410001277923584,0.09304360300302505,0.3974524140357971,"219,124,29,44,23","249,136,252,85,19",2:384:2|2:544:2|2:754:2
ckpt_3400.pt,2,417,0.4162431061267853,0.08031762391328812,0.38519150018692017,"66,185,96,174,29","123,248,2,40,57",2:106:2|2:134:2|2:693:2
ckpt_3400.pt,2,418,0.4517691731452942,0.10857034474611282,0.38279449939727783,"34,149,167,171,24","62,116,75,78,151",2:31:2|2:110:2|2:261:2
ckpt_3400.pt,2,419,0.49494725465774536,0.08311588317155838,0.43645021319389343,"147,79,244,40,86","37,186,110,184,195",2:6:1|2:7:1|2:35:1
ckpt_3400.pt,2,420,0.4670916497707367,0.09890551120042801,0.39254605770111084,"235,255,118,243,89","63,117,52,146,17",2:93:2|2:810:2|2:0:1
ckpt_3400.pt,2,421,0.4644973874092102,0.09275342524051666,0.4192371666431427,"93,108,223,16,156","240,217,92,248,160",2:470:2|2:565:2|2:577:2
ckpt_3400.pt,2,422,0.4355318546295166,0.07370975613594055,0.3801822364330292,"202,178,109,251,17","144,162,102,48,17",2:611:2|2:681:2|2:771:2
ckpt_3400.pt,2,423,0.5287473201751709,0.10561948269605637,0.44169747829437256,"166,18,154,89,252","34,229,18,40,46",2:51:2|2:184:2|2:518:2
ckpt_3400.pt,2,424,0.45630592107772827,0.09497680515050888,0.39756718277931213,"102,196,93,48,188","142,251,123,148,62",2:33:2|2:113:2|2:717:2
ckpt_3400.pt,2,425,0.4935472905635834,0.10796277970075607,0.42755720019340515,"153,83,225,90,219","215,48,70,155,121",2:544:2|2:875:2|2:8:1
ckpt_3400.pt,2,426,0.5406451225280762,0.120347760617733,0.4189111292362213,"147,22,239,105,118","156,29,117,113,177",2:144:2|2:349:2|2:811:2
ckpt_3400.pt,2,427,0.41583123803138733,0.09601350128650665,0.35338178277015686,"144,185,37,92,200","133,139,37,223,177",2:604:2|2:954:2|2:20:1
ckpt_3400.pt,2,428,0.42956721782684326,0.09473874419927597,0.36975839734077454,"33,96,3,31,24","247,221,62,76,66",2:21:2|2:489:2|2:601:2
ckpt_3400.pt,2,429,0.44129133224487305,0.08418827503919601,0.38115936517715454,"230,137,221,40,92","181,61,14,93,66",2:309:2|2:758:2|2:35:1
ckpt_3400.pt,2,430,0.4490864872932434,0.07788858562707901,0.4005902409553528,"179,115,32,132,44","79,173,102,123,138",2:39:2|2:43:2|2:95:2
ckpt_3400.pt,2,431,0.46278926730155945,0.07816789299249649,0.38814589381217957,"169,40,215,7,67","195,7,12,179,229",2:620:2|2:6:1|2:35:1
ckpt_3400.pt,2,432,0.4947736859321594,0.10346432030200958,0.41747596859931946,"168,22,110,74,185","219,152,138,108,74",2:22:2|2:503:2|2:617:2
ckpt_3400.pt,2,433,0.5179556608200073,0.1109425351023674,0.4222738742828369,"93,52,5,148,41","194,142,5,95,129",2:356:2|2:556:2|2:854:2
ckpt_3400.pt,2,434,0.4090028703212738,0.08420336246490479,0.32336148619651794,"56,201,114,129,20","136,13,30,75,195",2:75:2|2:957:2|2:2:1
ckpt_3400.pt,2,435,0.42818817496299744,0.08250857889652252,0.336302250623703,"186,245,17,76,23","124,69,210,39,7",2:384:2|2:819:2|2:17:1
ckpt_3400.pt,2,436,0.4229991137981415,0.07607962191104889,0.3584866523742676,"75,192,84,133,102","138,241,76,143,243",2:313:2|2:668:2|2:884:2
ckpt_3400.pt,2,437,0.49775734543800354,0.10338161885738373,0.3989199995994568,"144,84,181,189,27","174,144,70,187,25",2:451:2|2:692:2|2:853:2
ckpt_3400.pt,2,438,0.5193147659301758,0.09856320172548294,0.4156228005886078,"73,235,146,61,128","210,78,230,145,233",2:310:2|2:378:2|2:775:2
ckpt_3400.pt,2,439,0.4428781569004059,0.07390391081571579,0.35676702857017517,"196,40,151,62,241","148,20,63,185,158",2:90:2|2:232:2|2:529:2
ckpt_3400.pt,2,440,0.5152044892311096,0.10276270657777786,0.4115767776966095,"176,57,109,230,22","58,108,247,147,213",2:87:2|2:1018:2|2:5:1
ckpt_3400.pt,2,441,0.4922318160533905,0.09829964488744736,0.39328745007514954,"228,128,3,169,102","217,37,224,88,96",2:4:2|2:684:2|2:731:2
ckpt_3400.pt,2,442,0.49376940727233887,0.07757550477981567,0.3842841386795044,"72,180,121,104,182","183,199,146,152,175",2:468:2|2:615:2|2:886:2
ckpt_3400.pt,2,443,0.48933956027030945,0.09365346282720566,0.42577385902404785,"225,16,206,52,233","59,253,35,52,116",2:395:2|2:854:2|2:21:1
ckpt_3400.pt,2,444,0.5068857669830322,0.08425167948007584,0.3975907266139984,"115,114,189,218,199","131,74,9,79,24",2:386:2|2:505:2|2:653:2
ckpt_3400.pt,2,445,0.48397916555404663,0.08570908010005951,0.42487984895706177,"30,214,159,246,227","67,22,167,13,36",2:586:2|2:834:2|2:2:1
ckpt_3400.pt,2,446,0.5525786876678467,0.09102426469326019,0.47369736433029175,"176,137,201,160,175","222,15,24,210,76",2:77:2|2:93:2|2:14:1
ckpt_3400.pt,2,447,0.5202067494392395,0.12321820110082626,0.4419989287853241,"202,51,99,79,236","126,254,110,198,190",2:104:2|2:842:2|2:18:1
ckpt_3400.pt,2,448,0.48365697264671326,0.08474219590425491,0.4133739769458771,"65,121,200,150,95","135,210,244,45,90",2:143:2|2:330:2|2:399:2
ckpt_3400.pt,2,449,0.5670789480209351,0.11677322536706924,0.4522314965724945,"97,253,41,128,225","71,223,181,255,254",2:92:2|2:413:2|2:757:2
ckpt_3400.pt,2,450,0.4349493980407715,0.071124367415905,0.3758716285228729,"252,242,101,247,243","109,175,165,154,203",2:323:2|2:9:1|2:14:1
ckpt_3400.pt,2,451,0.49497759342193604,0.09269621968269348,0.42637529969215393,"84,215,248,187,189","47,159,202,81,164",2:437:2|2:542:2|2:9:1
ckpt_3400.pt,2,452,0.4741116464138031,0.10019245743751526,0.404365599155426,"240,229,194,46,74","221,135,207,219,181",2:165:2|2:247:2|2:492:2
ckpt_3400.pt,2,453,0.4966372549533844,0.09102698415517807,0.4131946563720703,"108,196,38,111,57","37,149,170,101,103",2:329:2|2:366:2|2:650:2
ckpt_3400.pt,2,454,0.4949667155742645,0.09113620966672897,0.3997373580932617,"254,154,215,240,113","147,46,34,194,217",2:283:2|2:315:2|2:795:2
ckpt_3400.pt,2,455,0.4269450008869171,0.07418514043092728,0.38703227043151855,"55,90,73,245,208","11,149,96,229,47",2:245:2|2:612:2|2:2:1
ckpt_3400.pt,2,456,0.48556259274482727,0.09196189045906067,0.4123902916908264,"171,156,39,125,11","67,47,186,223,153",2:491:2|2:615:2|2:1:1
ckpt_3400.pt,2,457,0.40687307715415955,0.07733681797981262,0.41677331924438477,"44,73,12,34,9","185,10,79,178,247",2:271:2|2:774:2|2:992:2
ckpt_3400.pt,2,458,0.4517580568790436,0.08746960759162903,0.40741223096847534,"161,80,254,33,97","7,247,177,76,124",2:289:2|2:841:2|2:915:2
ckpt_3400.pt,2,459,0.48580434918403625,0.08901066333055496,0.3901645243167877,"90,178,165,23,136","42,248,199,232,177",2:496:3|2:795:2|2:983:2
ckpt_3400.pt,2,460,0.4712713062763214,0.1114666536450386,0.38049033284187317,"40,77,220,223,191","50,141,40,2,174",2:76:2|2:90:2|2:629:2
ckpt_3400.pt,2,461,0.5080153346061707,0.09395744651556015,0.3893701136112213,"174,87,47,153,199","194,216,227,229,241",2:22:1|2:26:1|2:27:1
ckpt_3400.pt,2,462,0.4797927439212799,0.0919775739312172,0.42301681637763977,"105,123,180,58,84","40,131,190,4,138",2:661:2|2:10:1|2:23:1
ckpt_3400.pt,2,463,0.43938326835632324,0.12405520677566528,0.3884987533092499,"182,5,161,4,213","96,233,220,109,217",2:45:2|2:221:2|2:708:2
ckpt_3400.pt,2,464,0.5267032980918884,0.08654288947582245,0.40530258417129517,"95,8,140,145,15","226,69,2,116,55",2:376:2|2:20:1|2:32:1
ckpt_3400.pt,2,465,0.4034097194671631,0.09554679691791534,0.3517853915691376,"185,17,56,117,53","37,38,118,86,220",2:59:2|2:812:2|2:5:1
ckpt_3400.pt,2,466,0.46980902552604675,0.0791858658194542,0.43014129996299744,"122,98,151,29,227","201,142,107,214,88",2:49:2|2:58:2|2:180:2
ckpt_3400.pt,2,467,0.43766719102859497,0.07910403609275818,0.3738677203655243,"158,87,117,197,104","223,27,82,71,237",2:26:2|2:28:2|2:507:2
ckpt_3400.pt,2,468,0.5144385099411011,0.11639506369829178,0.4138573408126831,"180,248,112,104,129","20,251,97,156,7",2:211:2|2:214:2|2:252:2
ckpt_3400.pt,2,469,0.5195891857147217,0.08926544338464737,0.4121447503566742,"233,141,243,230,37","216,186,102,196,158",2:940:2|2:9:1|2:16:1
ckpt_3400.pt,2,470,0.4240848422050476,0.08347170799970627,0.3421812057495117,"33,35,93,108,242","116,181,4,190,29",2:421:2|2:876:2|2:957:2
ckpt_3400.pt,2,471,0.5349072813987732,0.0940081849694252,0.4445834755897522,"222,142,171,107,121","194,191,186,246,136",2:142:2|2:415:2|2:551:2
ckpt_3400.pt,2,472,0.5342108607292175,0.09733103960752487,0.4110187292098999,"114,88,124,211,69","212,126,43,127,219",2:694:2|2:8:1|2:12:1
ckpt_3400.pt,2,473,0.48056358098983765,0.08265812695026398,0.40299922227859497,"241,223,105,99,248","20,138,22,193,253",2:82:2|2:493:2|2:745:2
ckpt_3400.pt,2,474,0.4193258583545685,0.07277104258537292,0.38382580876350403,"207,47,11,220,51","44,25,174,20,212",2:979:3|2:148:2|2:483:2
ckpt_3400.pt,2,475,0.5650588274002075,0.1070326566696167,0.44103550910949707,"106,88,98,228,240","65,161,198,157,196",2:4:2|2:64:2|2:531:2
ckpt_3400.pt,2,476,0.4829399585723877,0.13905853033065796,0.41701316833496094,"73,217,141,236,177","210,31,69,161,120",2:300:2|2:660:2|2:0:1
ckpt_3400.pt,2,477,0.5208121538162231,0.1387195736169815,0.47951745986938477,"108,127,128,145,248","53,202,69,193,155",2:68:2|2:530:2|2:809:2
ckpt_3400.pt,2,478,0.4927021861076355,0.10710618644952774,0.4186020493507385,"227,239,191,201,171","63,65,201,196,111",2:415:2|2:582:2|2:956:2
ckpt_3400.pt,2,479,0.5449877381324768,0.11970695108175278,0.4319324195384979,"205,175,51,129,218","28,106,52,237,166",2:710:2|2:834:2|2:2:1
ckpt_3400.pt,2,480,0.40918323397636414,0.0843193382024765,0.36605802178382874,"213,150,74,202,174","205,196,6,94,139",2:801:2|2:22:1|2:35:1
ckpt_3400.pt,2,481,0.4011317491531372,0.08097582310438156,0.33430659770965576,"51,85,182,8,98","198,28,111,191,105",2:151:2|2:576:2|2:14:1
ckpt_3400.pt,2,482,0.490632563829422,0.08820509910583496,0.42002543807029724,"15,3,118,168,183","248,36,158,230,135",2:811:2|2:870:2|2:996:2
ckpt_3400.pt,2,483,0.468405544757843,0.08932562917470932,0.40918877720832825,"51,32,237,92,207","207,24,134,137,114",2:148:2|2:474:2|2:993:2
ckpt_3400.pt,2,484,0.46411651372909546,0.08490531891584396,0.4009541869163513,"61,232,144,213,177","186,237,178,141,93",2:337:2|2:0:1|2:20:1
ckpt_3400.pt,2,485,0.5206261277198792,0.09612491726875305,0.4452996253967285,"122,173,211,73,238","120,64,43,36,52",2:251:2|2:317:2|2:758:2
ckpt_3400.pt,2,486,0.4742021858692169,0.0808071419596672,0.4104926288127899,"203,234,97,202,100","231,246,69,122,211",2:188:2|2:231:2|2:535:2
ckpt_3400.pt,2,487,0.45604896545410156,0.07676160335540771,0.398064523935318,"4,54,93,0,176","159,89,75,162,249",2:10:1|2:33:1|2:40:1
ckpt_3400.pt,2,488,0.4321947395801544,0.08118370920419693,0.39399421215057373,"229,105,179,198,42","220,228,204,118,210",2:3:2|2:556:2|2:880:2
ckpt_3400.pt,2,489,0.447633296251297,0.0844067856669426,0.37564998865127563,"165,190,96,31,203","214,185,169,213,74",2:428:2|2:637:2|2:0:1
ckpt_3400.pt,2,490,0.48161059617996216,0.0832880288362503,0.42111289501190186,"19,139,254,164,101","114,254,41,149,59",2:343:2|2:989:2|2:4:1
ckpt_3400.pt,2,491,0.4624808430671692,0.09762503951787949,0.4101731479167938,"226,225,11,67,125","111,15,205,51,138",2:456:2|2:615:2|2:25:1
ckpt_3400.pt,2,492,0.4931686818599701,0.12328247725963593,0.3939603269100189,"229,146,117,219,74","82,138,122,30,7",2:61:2|2:165:2|2:181:2
ckpt_3400.pt,2,493,0.5209395885467529,0.11652253568172455,0.4132497012615204,"204,223,214,59,241","147,194,128,215,207",2:76:2|2:90:2|2:473:2
ckpt_3400.pt,2,494,0.4864688813686371,0.10990302264690399,0.37434834241867065,"212,193,100,44,128","32,29,251,121,197",2:139:2|2:190:2|2:735:2
ckpt_3400.pt,2,495,0.5635308027267456,0.1029343381524086,0.48324939608573914,"36,161,204,43,157","171,244,40,255,137",2:359:2|2:825:2|2:19:1
ckpt_3400.pt,2,496,0.4626724123954773,0.08628789335489273,0.3799576461315155,"23,90,172,136,26","130,200,15,249,241",2:459:3|2:384:2|2:8:1
ckpt_3400.pt,2,497,0.4391216039657593,0.08036155253648758,0.3824494481086731,"64,134,94,169,209","229,149,197,9,12",2:246:2|2:573:2|2:6:1
ckpt_3400.pt,2,498,0.4472883641719818,0.07309473305940628,0.4212132394313812,"215,1,138,141,32","98,30,15,141,198",2:23:2|2:157:2|2:500:2
ckpt_3400.pt,2,499,0.4649248719215393,0.08235481381416321,0.401881605386734,"131,241,0,164,13","101,92,47,7,129",2:626:2|2:788:2|2:6:1
ckpt_3400.pt,2,500,0.44483378529548645,0.07745624333620071,0.381769061088562,"213,138,176,218,141","166,4,105,28,165",2:498:2|2:618:2|2:649:2
ckpt_3400.pt,2,501,0.44325631856918335,0.0723496749997139,0.38092365860939026,"161,126,2,61,56","11,14,209,147,73",2:776:2|2:6:1|2:7:1
ckpt_3400.pt,2,502,0.523074746131897,0.09133799374103546,0.445882111787796,"233,48,79,172,21","70,120,36,254,71",2:752:2|2:13:1|2:15:1
ckpt_3400.pt,2,503,0.5429933071136475,0.1135668233036995,0.4345453083515167,"168,97,232,185,4","187,37,5,232,168",2:36:2|2:432:2|2:629:2
ckpt_3400.pt,2,504,0.47503364086151123,0.08008058369159698,0.39977699518203735,"75,74,224,112,179","194,139,244,112,2",2:670:3|2:99:2|2:252:2
ckpt_3400.pt,2,505,0.5628085732460022,0.09743202477693558,0.4559631049633026,"96,189,199,207,175","17,189,89,45,126",2:444:2|2:952:2|2:998:2
ckpt_3400.pt,2,506,0.4502611756324768,0.08206871896982193,0.3902199864387512,"19,116,170,231,65","46,232,167,244,214",2:406:2|2:846:2|2:889:2
ckpt_3400.pt,2,507,0.44907346367836,0.08409909904003143,0.3928197920322418,"7,87,158,79,171","225,83,222,100,214",2:467:2|2:1:1|2:18:1
ckpt_3400.pt,2,508,0.4297366440296173,0.10484473407268524,0.3665551245212555,"161,178,51,173,18","110,199,51,137,83",2:840:2|2:41:1|2:55:1
ckpt_3400.pt,2,509,0.41569429636001587,0.09949430078268051,0.3841204047203064,"204,61,80,24,137","150,19,230,202,158",2:628:2|2:634:2|2:942:2
ckpt_3400.pt,2,510,0.5212778449058533,0.12275110930204391,0.43632349371910095,"66,38,244,78,240","147,79,234,4,129",2:640:2|2:2:1|2:6:1
ckpt_3400.pt,2,511,0.4367157816886902,0.08237548172473907,0.38381239771842957,"133,157,214,117,50","86,13,137,78,102",2:59:2|2:138:2|2:358:2
ckpt_3400.pt,2,512,0.5009219646453857,0.08542166650295258,0.4003567695617676,"91,75,162,228,57","201,232,53,129,81",2:741:2|2:1013:2|2:0:1
ckpt_3400.pt,2,513,0.464673787355423,0.08379862457513809,0.40832629799842834,"30,180,95,102,6","96,188,215,184,53",2:865:2|2:902:2|2:921:2
ckpt_3400.pt,2,514,0.48208749294281006,0.09675566107034683,0.42822250723838806,"144,139,86,33,199","195,41,196,248,34",2:852:2|2:914:2|2:4:1
ckpt_3400.pt,2,515,0.4605368375778198,0.0857616737484932,0.37169304490089417,"226,212,153,71,18","4,169,218,88,179",2:387:2|2:636:2|2:7:1
ckpt_3400.pt,2,516,0.4906778633594513,0.07982748746871948,0.42107224464416504,"221,151,0,41,121","68,231,21,76,59",2:213:2|2:302:2|2:404:2
ckpt_3400.pt,2,517,0.4330901801586151,0.07334563881158829,0.37768062949180603,"208,114,23,58,197","178,7,182,128,200",2:379:2|2:395:2|2:12:1
ckpt_3400.pt,2,518,0.4153877794742584,0.07509425282478333,0.3515459895133972,"18,166,11,64,135","248,79,98,217,252",2:423:2|2:46:1|2:51:1
ckpt_3400.pt,2,519,0.4364479184150696,0.07320424169301987,0.3661273121833801,"130,16,39,166,189","190,16,206,33,230",2:376:2|2:722:2|2:850:2
ckpt_3400.pt,2,520,0.5162738561630249,0.09295959770679474,0.41781550645828247,"149,250,195,20,229","103,142,77,127,15",2:13:2|2:211:2|2:557:2
ckpt_3400.pt,2,521,0.5049930214881897,0.1146225780248642,0.4266758859157562,"85,90,93,12,212","59,247,160,115,227",2:270:3|2:913:2|2:8:1
ckpt_3400.pt,2,522,0.43894895911216736,0.0938568040728569,0.36069419980049133,"188,213,26,53,72","12,175,203,43,91",2:5:1|2:10:1|2:21:1
ckpt_3400.pt,2,523,0.47397857904434204,0.0803694799542427,0.3957023620605469,"181,232,117,164,167","200,64,146,214,96",2:330:2|2:853:2|2:22:1
ckpt_3400.pt,2,524,0.47496479749679565,0.07369333505630493,0.44092410802841187,"237,29,253,75,177","83,90,97,226,68",2:70:2|2:352:2|2:1023:2
ckpt_3400.pt,2,525,0.5214102268218994,0.11954127997159958,0.4098713994026184,"186,36,92,174,243","185,102,45,24,246",2:128:2|2:282:2|2:552:2
ckpt_3400.pt,2,526,0.5133957266807556,0.09451104700565338,0.39946287870407104,"191,252,153,69,148","2,217,214,63,216",2:555:2|2:903:2|2:8:1
ckpt_3400.pt,2,527,0.4677768647670746,0.07748689502477646,0.3736153841018677,"89,32,129,186,170","77,219,171,211,175",2:129:2|2:688:2|2:744:2
ckpt_3400.pt,2,528,0.46146225929260254,0.1033780425786972,0.39972785115242004,"223,17,136,224,183","18,86,185,46,157",2:657:3|2:153:2|2:388:2
ckpt_3400.pt,2,529,0.42735350131988525,0.07069295644760132,0.387285053730011,"28,62,40,192,31","225,100,243,205,37",2:439:2|2:590:2|2:0:1
ckpt_3400.pt,2,530,0.50254225730896,0.08971934765577316,0.43308645486831665,"248,133,243,128,143","226,81,242,161,5",2:167:2|2:477:2|2:546:2
ckpt_3400.pt,2,531,0.5077398419380188,0.12195605039596558,0.4142315983772278,"98,240,112,169,121","34,203,39,65,93",2:8:2|2:64:2|2:475:2
ckpt_3400.pt,2,532,0.4344576597213745,0.07441888004541397,0.3733688294887543,"139,255,250,228,2","79,107,51,254,199",2:4:2|2:163:2|2:732:2
ckpt_3400.pt,2,533,0.4815516471862793,0.0977165699005127,0.41468051075935364,"189,202,191,138,67","160,91,73,131,174",2:9:1|2:17:1|2:26:1
ckpt_3400.pt,2,534,0.508682131767273,0.10209566354751587,0.4327649474143982,"96,7,9,182,168","154,182,208,239,219",2:301:2|2:642:2|2:724:2
ckpt_3400.pt,2,535,0.43257376551628113,0.07342174649238586,0.3697955310344696,"252,24,203,234,151","48,184,105,51,23",2:11:2|2:101:2|2:188:2
ckpt_3400.pt,2,536,0.4850839078426361,0.09630836546421051,0.4114636182785034,"73,96,186,179,154","229,38,236,66,147",2:598:2|2:818:2|2:2:1
ckpt_3400.pt,2,537,0.4552554786205292,0.08781997859477997,0.37333691120147705,"143,52,11,42,26","198,114,236,179,243",2:46:2|2:80:2|2:558:2
ckpt_3400.pt,2,538,0.5177527070045471,0.08663472533226013,0.41358140110969543,"242,77,97,102,74","144,180,79,217,124",2:156:2|2:22:1|2:25:1
ckpt_3400.pt,2,539,0.4392612874507904,0.07804622501134872,0.4141041934490204,"150,95,22,197,7","42,99,134,138,127",2:235:2|2:379:2|2:448:2
ckpt_3400.pt,2,540,0.49179428815841675,0.08762012422084808,0.3888692855834961,"120,84,43,188,253","15,208,179,181,43",2:668:2|2:26:1|2:34:1
ckpt_3400.pt,2,541,0.5065160989761353,0.10423317551612854,0.4031292796134949,"196,95,59,7,82","146,235,242,35,138",2:33:2|2:539:2|2:871:2
ckpt_3400.pt,2,542,0.4675588607788086,0.093830905854702,0.3953893482685089,"187,31,198,114,215","49,242,136,69,135",2:85:2|2:451:2|2:706:2
ckpt_3400.pt,2,543,0.5448257327079773,0.11032050102949142,0.41710659861564636,"115,59,155,99,244","92,111,39,194,121",2:58:2|2:378:2|2:389:2
ckpt_3400.pt,2,544,0.43222713470458984,0.10154051333665848,0.3548462688922882,"124,83,131,133,219","217,136,230,184,84",2:358:2|2:416:2|2:425:2
ckpt_3400.pt,2,545,0.4938516616821289,0.09461597353219986,0.41257888078689575,"154,160,66,61,119","9,103,3,195,191",2:201:2|2:203:2|2:691:2
ckpt_3400.pt,2,546,0.5209720730781555,0.1176573857665062,0.4368378818035126,"248,243,86,90,211","80,197,226,90,246",2:530:2|2:904:2|2:940:2
ckpt_3400.pt,2,547,0.507638156414032,0.10254288464784622,0.42661476135253906,"96,28,213,198,157","61,5,229,225,199",2:130:2|2:567:2|2:618:2
ckpt_3400.pt,2,548,0.4662662148475647,0.08485250174999237,0.4151531457901001,"85,29,239,143,129","36,68,196,235,18",2:214:2|2:759:2|2:0:1
ckpt_3400.pt,2,549,0.5250972509384155,0.10495921224355698,0.4351668357849121,"38,20,187,200,24","125,34,196,134,221",2:143:2|2:226:2|2:14:1
ckpt_3400.pt,2,550,0.465051531791687,0.08746053278446198,0.4327864944934845,"73,150,37,42,187","80,125,77,244,202",2:162:2|2:226:2|2:257:2
ckpt_3400.pt,2,551,0.5713576078414917,0.0987611636519432,0.4509548544883728,"107,77,222,128,35","110,221,175,91,255",2:299:2|2:471:2|2:560:2
ckpt_3400.pt,2,552,0.5251495242118835,0.0883743092417717,0.41475093364715576,"122,145,45,174,243","155,222,81,229,234",2:525:2|2:9:1|2:15:1
ckpt_3400.pt,2,553,0.5012040734291077,0.10489720851182938,0.42464008927345276,"123,128,182,219,187","162,91,44,174,17",2:972:2|2:4:1|2:10:1
ckpt_3400.pt,2,554,0.45440661907196045,0.08346696197986603,0.39940738677978516,"255,13,191,184,242","127,104,83,255,11",2:30:2|2:597:2|2:5:1
ckpt_3400.pt,2,555,0.4810018837451935,0.08484841883182526,0.40788009762763977,"252,78,191,190,125","98,221,23,85,99",2:526:2|2:656:2|2:903:2
ckpt_3400.pt,2,556,0.5270327925682068,0.09999506920576096,0.42373380064964294,"5,230,198,41,42","71,69,149,80,25",2:410:2|2:433:2|2:488:2
ckpt_3400.pt,2,557,0.5115002989768982,0.09181490540504456,0.4296793043613434,"13,69,234,195,250","82,75,24,70,146",2:13:2|2:188:2|2:520:2
ckpt_3400.pt,2,558,0.4880441725254059,0.1045605018734932,0.40313005447387695,"57,143,52,241,100","99,250,121,84,175",2:231:2|2:268:2|2:415:2
ckpt_3400.pt,2,559,0.4446159601211548,0.09881584346294403,0.3773133158683777,"2,127,13,18,172","244,196,8,73,182",2:301:2|2:777:2|2:2:1
ckpt_3400.pt,2,560,0.6837132573127747,0.11981766670942307,0.5155510902404785,"175,107,145,231,222","145,16,213,250,45",2:37:2|2:118:2|2:258:2
ckpt_3400.pt,2,561,0.49309730529785156,0.08742004632949829,0.4209097623825073,"76,187,132,149,18","5,3,46,40,248",2:806:2|2:29:1|2:31:1
ckpt_3400.pt,2,562,0.44153788685798645,0.08519808948040009,0.39223963022232056,"97,223,144,136,216","84,109,201,80,106",2:153:2|2:182:2|2:329:2
ckpt_3400.pt,2,563,0.48435184359550476,0.0956919714808464,0.4184940755367279,"10,79,154,95,194","167,112,72,132,29",2:214:2|2:709:2|2:1010:2
ckpt_3400.pt,2,564,0.457093745470047,0.10881231725215912,0.36772677302360535,"197,112,20,78,77","12,230,131,247,188",2:591:2|2:592:2|2:2:1
ckpt_3400.pt,2,565,0.5167543292045593,0.08221372216939926,0.40197861194610596,"156,58,93,118,236","207,87,203,118,215",2:421:2|2:696:2|2:700:2
ckpt_3400.pt,2,566,0.4755067825317383,0.10989800840616226,0.4042116105556488,"190,42,75,209,36","203,24,32,216,145",2:327:2|2:332:2|2:799:2
ckpt_3400.pt,2,567,0.5190713405609131,0.09813828766345978,0.4114943742752075,"213,137,249,215,157","203,232,250,163,123",2:338:2|2:547:2|2:618:2
ckpt_3400.pt,2,568,0.48764103651046753,0.11435223370790482,0.40365514159202576,"243,182,253,236,24","83,110,199,42,56",2:14:2|2:21:2|2:686:2
ckpt_3400.pt,2,569,0.4184281527996063,0.0805443674325943,0.36467137932777405,"132,152,177,191,218","26,90,183,117,239",2:0:1|2:17:1|2:34:1
ckpt_3400.pt,2,570,0.4398500919342041,0.07689354568719864,0.3485374450683594,"124,233,118,155,143","201,237,209,217,138",2:894:2|2:20:1|2:23:1
ckpt_3400.pt,2,571,0.43231838941574097,0.08683710545301437,0.3867703080177307,"232,78,120,209,187","44,97,36,40,227",2:765:2|2:2:1|2:16:1
ckpt_3400.pt,2,572,0.46183815598487854,0.09524263441562653,0.39554768800735474,"181,79,42,226,72","67,38,125,108,189",2:814:3|2:149:2|2:353:2
ckpt_3400.pt,2,573,0.5150750279426575,0.08766219764947891,0.3656010031700134,"218,94,253,169,235","143,1,57,231,97",2:70:2|2:497:2|2:0:1
ckpt_3400.pt,2,574,0.4284457564353943,0.08010542392730713,0.36067551374435425,"39,56,40,160,149","179,183,180,202,201",2:77:2|2:9:1|2:14:1
ckpt_3400.pt,2,575,0.46812909841537476,0.08580884337425232,0.41203850507736206,"226,44,152,173,228","226,175,8,19,73",2:636:2|2:639:2|2:772:2
ckpt_3400.pt,2,576,0.5258946418762207,0.10061236470937729,0.4428142309188843,"248,8,188,144,182","125,87,52,78,230",2:67:2|2:481:2|2:693:2
ckpt_3400.pt,2,577,0.49326637387275696,0.11391936987638474,0.4048059284687042,"223,212,108,6,65","12,145,111,119,169",2:143:2|2:421:2|2:3:1
ckpt_3400.pt,2,578,0.4482324719429016,0.0924006998538971,0.369387686252594,"222,10,156,174,98","89,212,144,63,161",2:118:2|2:4:1|2:43:1
ckpt_3400.pt,2,579,0.46164748072624207,0.09841085225343704,0.3706567585468292,"32,230,168,201,24","182,79,211,35,127",2:55:2|2:217:2|2:291:2
ckpt_3400.pt,2,580,0.4321489632129669,0.08212471753358841,0.3783853054046631,"52,149,27,61,251","17,21,108,134,162",2:65:2|2:378:2|2:691:2
ckpt_3400.pt,2,581,0.4649046063423157,0.09486296027898788,0.40352264046669006,"47,49,236,74,127","53,131,67,62,230",2:150:2|2:252:2|2:370:2
ckpt_3400.pt,2,582,0.4823742210865021,0.07485318928956985,0.4209768772125244,"198,131,227,201,69","136,51,55,140,81",2:42:2|2:69:2|2:478:2
ckpt_3400.pt,2,583,0.48319754004478455,0.07672388106584549,0.38855451345443726,"161,58,245,237,198","218,74,29,223,69",2:184:2|2:1:1|2:3:1
ckpt_3400.pt,2,584,0.5142529010772705,0.09635283052921295,0.4423868954181671,"245,79,8,138,134","5,49,203,117,216",2:808:2|2:874:2|2:959:2
ckpt_3400.pt,2,585,0.40889617800712585,0.08513101190328598,0.37440723180770874,"167,91,255,21,237","63,39,75,239,153",2:170:2|2:866:2|2:886:2
ckpt_3400.pt,2,586,0.4699377715587616,0.10204405337572098,0.4066734313964844,"23,119,30,82,227","112,96,202,136,106",2:445:2|2:1002:2|2:3:1
ckpt_3400.pt,2,587,0.49595120549201965,0.08884924650192261,0.4119415879249573,"14,24,142,181,50","156,250,135,47,17",2:202:2|2:255:2|2:285:2
ckpt_3400.pt,2,588,0.506223201751709,0.10285807400941849,0.42020514607429504,"87,92,107,43,78","197,223,137,15,76",2:242:2|2:594:2|2:901:2
ckpt_3400.pt,2,589,0.5244866609573364,0.08776313811540604,0.4315047562122345,"117,126,112,113,190","178,88,94,92,93",2:92:2|2:133:2|2:241:2
ckpt_3400.pt,2,590,0.4791542887687683,0.09727441519498825,0.395337849855423,"47,139,31,192,225","174,190,78,196,230",2:168:2|2:303:2|2:529:2
ckpt_3400.pt,2,591,0.40149399638175964,0.0673137903213501,0.32763954997062683,"78,224,121,77,194","93,57,138,120,30",2:191:2|2:195:2|2:564:2
ckpt_3400.pt,2,592,0.49043384194374084,0.10086862742900848,0.43657049536705017,"96,75,78,112,27","153,102,176,240,11",2:261:3|2:504:2|2:564:2
ckpt_3400.pt,2,593,0.526303768157959,0.09511498361825943,0.4365084767341614,"71,142,131,196,221","239,255,33,192,254",2:218:2|2:255:2|2:387:2
ckpt_3400.pt,2,594,0.47392693161964417,0.07141288369894028,0.41645267605781555,"178,92,78,236,199","171,111,50,7,89",2:133:2|2:216:2|2:588:2
ckpt_3400.pt,2,595,0.45401710271835327,0.10086414963006973,0.3730115294456482,"130,216,161,65,53","13,68,168,117,119",2:10:2|2:100:2|2:721:2
ckpt_3400.pt,2,596,0.5052007436752319,0.09303021430969238,0.4348064064979553,"35,11,110,154,222","67,230,205,133,66",2:141:2|2:299:2|2:551:2
ckpt_3400.pt,2,597,0.47392258048057556,0.09856610000133514,0.3730940818786621,"140,131,255,181,242","94,37,64,9,219",2:554:2|2:5:1|2:6:1
ckpt_3400.pt,2,598,0.5597403049468994,0.09233526140451431,0.44169819355010986,"73,138,14,21,154","172,226,199,135,53",2:300:2|2:536:2|2:792:2
ckpt_3400.pt,2,599,0.42788752913475037,0.0829446092247963,0.38281163573265076,"231,107,32,199,42","237,30,253,238,247",2:7:2|2:357:2|2:560:2
ckpt_3400.pt,2,600,0.46170222759246826,0.10400056093931198,0.3980473577976227,"99,136,222,146,230","247,31,98,55,170",2:104:2|2:393:2|2:955:2
ckpt_3400.pt,2,601,0.5045897960662842,0.10804543644189835,0.40677201747894287,"196,3,212,190,33","226,19,227,101,150",2:428:2|2:17:1|2:30:1
ckpt_3400.pt,2,602,0.509992241859436,0.08942998945713043,0.4128466248512268,"42,18,41,101,69","117,215,7,4,112",2:158:3|2:257:2|2:556:2
ckpt_3400.pt,2,603,0.48124390840530396,0.0764051303267479,0.3901914358139038,"146,62,7,183,131","227,3,96,181,167",2:48:2|2:204:2|2:388:2
ckpt_3400.pt,2,604,0.47982367873191833,0.08950858563184738,0.39855247735977173,"185,43,223,37,38","7,211,122,152,28",2:61:2|2:172:2|2:427:2
ckpt_3400.pt,2,605,0.47134414315223694,0.09518679976463318,0.4241355359554291,"1,230,240,86,13","55,214,31,119,21",2:698:2|2:860:2|2:895:2
ckpt_3400.pt,2,606,0.4524698257446289,0.08155839890241623,0.39863720536231995,"172,133,198,138,10","55,250,206,17,194",2:782:3|2:225:2|2:649:2
ckpt_3400.pt,2,607,0.49595949053764343,0.10082526504993439,0.41717883944511414,"15,103,212,222,214","6,51,255,84,72",2:53:2|2:348:2|2:785:2
ckpt_3400.pt,2,608,0.5260496735572815,0.09723294526338577,0.41847750544548035,"154,53,62,225,71","161,224,63,27,193",2:146:2|2:209:2|2:691:2
ckpt_3400.pt,2,609,0.421193927526474,0.07798490673303604,0.34197351336479187,"87,29,236,181,227","128,64,229,255,236",2:49:2|2:136:2|2:254:2
ckpt_3400.pt,2,610,0.49065467715263367,0.08554231375455856,0.38278427720069885,"112,120,121,245,165","17,51,202,56,103",2:126:2|2:368:2|2:531:2
ckpt_3400.pt,2,611,0.4109845459461212,0.0672653540968895,0.3605865240097046,"163,173,109,202,246","160,175,56,22,158",2:771:3|2:422:2|2:681:2
ckpt_3400.pt,2,612,0.5377098917961121,0.08478400111198425,0.4244650602340698,"89,73,166,90,15","78,98,53,35,167",2:423:2|2:455:2|2:727:2
ckpt_3400.pt,2,613,0.5086773633956909,0.08881308883428574,0.41383230686187744,"159,117,247,33,65","89,50,40,204,75",2:278:3|2:138:2|2:399:2
ckpt_3400.pt,2,614,0.48472854495048523,0.07886074483394623,0.3932110071182251,"227,181,163,152,22","62,125,162,128,207",2:609:2|2:731:2|2:34:1
ckpt_3400.pt,2,615,0.4454830288887024,0.08271852880716324,0.39380788803100586,"237,182,11,104,125","87,121,161,6,194",2:176:2|2:442:2|2:456:2
ckpt_3400.pt,2,616,0.4109639823436737,0.07437647134065628,0.38099169731140137,"224,213,70,166,200","179,45,240,80,236",2:239:2|2:44:1|2:51:1
ckpt_3400.pt,2,617,0.5111981630325317,0.09562922269105911,0.4458698034286499,"204,6,74,71,168","144,164,99,253,150",2:12:2|2:22:2|2:197:2
ckpt_3400.pt,2,618,0.4635009467601776,0.08075090497732162,0.39104408025741577,"218,111,103,213,157","215,91,87,141,24",2:79:2|2:500:2|2:547:2
ckpt_3400.pt,2,619,0.5454023480415344,0.10186197608709335,0.42428505420684814,"8,6,206,53,156","15,131,172,200,107",2:168:2|2:411:2|2:824:2
ckpt_3400.pt,2,620,0.4653913676738739,0.08027609437704086,0.3906453251838684,"7,67,5,70,8","197,68,160,158,213",2:373:2|2:431:2|2:695:2
ckpt_3400.pt,2,621,0.5078813433647156,0.09269391745328903,0.42219027876853943,"18,117,213,81,230","66,85,51,54,65",2:743:2|2:45:1|2:59:1
ckpt_3400.pt,2,622,0.49506187438964844,0.1009247824549675,0.4398689568042755,"52,193,22,116,6","230,146,43,232,238",2:846:2|2:11:1|2:27:1
ckpt_3400.pt,2,623,0.4633859097957611,0.08022308349609375,0.4010387063026428,"2,153,103,100,84","246,224,236,58,162",2:115:2|2:190:2|2:301:2
ckpt_3400.pt,2,624,0.46922749280929565,0.07846289128065109,0.41559746861457825,"244,63,4,167,87","99,226,107,231,64",2:768:2|2:922:2|2:6:1
ckpt_3400.pt,2,625,0.49623849987983704,0.08765330165624619,0.39788204431533813,"243,71,92,163,169","142,24,171,206,232",2:220:2|2:525:2|2:771:2
ckpt_3400.pt,2,626,0.46511295437812805,0.07473243772983551,0.4014744758605957,"51,0,21,77,241","79,219,223,39,221",2:40:2|2:299:2|2:398:2
ckpt_3400.pt,2,627,0.47901397943496704,0.07754108309745789,0.42207086086273193,"73,38,135,13,218","135,216,188,219,81",2:369:2|2:665:2|2:2:1
ckpt_3400.pt,2,628,0.49646151065826416,0.10321303457021713,0.4074486196041107,"61,204,241,35,206","132,45,218,141,139",2:908:3|2:493:2|2:509:2
ckpt_3400.pt,2,629,0.4731632173061371,0.08053538203239441,0.40974435210227966,"168,4,191,223,114","240,61,252,126,91",2:12:2|2:460:2|2:503:2
ckpt_3400.pt,2,630,0.5022464990615845,0.08904731273651123,0.42244502902030945,"80,11,119,184,207","232,185,169,191,78",2:474:2|2:726:2|2:843:2
ckpt_3400.pt,2,631,0.4948607087135315,0.0961335077881813,0.3897976875305176,"217,66,57,200,5","128,154,91,18,85",2:9:1|2:31:1|2:44:1
ckpt_3400.pt,2,632,0.501502513885498,0.11128205806016922,0.3788627088069916,"164,196,47,206,144","244,93,195,65,118",2:56:2|2:124:2|2:329:2
ckpt_3400.pt,2,633,0.5457901954650879,0.08386927098035812,0.47049659490585327,"98,101,237,97,66","245,119,112,91,107",2:25:1|2:28:1|2:36:1
ckpt_3400.pt,2,634,0.44111713767051697,0.0801287367939949,0.4304253160953522,"28,204,137,93,60","89,216,22,50,235",2:509:2|2:33:1|2:70:1
ckpt_3400.pt,2,635,0.47576236724853516,0.0974036306142807,0.39346104860305786,"40,33,26,224,141","118,57,226,122,110",2:306:2|2:311:2|2:16:1
ckpt_3400.pt,2,636,0.4477625787258148,0.09770730137825012,0.4081443250179291,"71,18,99,44,228","95,80,255,34,215",2:303:2|2:387:2|2:515:2
ckpt_3400.pt,2,637,0.5194233655929565,0.09251593798398972,0.41759851574897766,"74,240,31,115,165","168,93,128,234,45",2:285:2|2:452:2|2:489:2
ckpt_3400.pt,2,638,0.47694724798202515,0.09860341250896454,0.41237708926200867,"201,142,243,200,159","126,147,3,190,56",2:187:2|2:371:2|2:696:2
ckpt_3400.pt,2,639,0.5145322680473328,0.07639014720916748,0.4221920073032379,"146,36,228,8,44","190,112,107,39,29",2:32:2|2:48:2|2:61:2
ckpt_3400.pt,2,640,0.417347252368927,0.07787331193685532,0.36745548248291016,"145,124,66,78,68","115,167,232,182,97",2:510:2|2:805:2|2:2:1
ckpt_3400.pt,2,641,0.43991777300834656,0.0873432606458664,0.3779750168323517,"180,204,25,143,73","194,86,254,126,224",2:408:2|2:2:1|2:19:1
ckpt_3400.pt,2,642,0.4383273720741272,0.07454482465982437,0.3612944483757019,"247,74,9,96,26","167,10,171,205,147",2:99:2|2:534:2|2:877:2
ckpt_3400.pt,2,643,0.504391610622406,0.08754099160432816,0.43788331747055054,"133,232,173,72,179","114,121,247,131,102",2:251:2|2:766:2|2:871:2
ckpt_3400.pt,2,644,0.4850422441959381,0.0824241042137146,0.4257931411266327,"11,15,246,53,181","107,58,29,188,173",2:215:2|2:882:2|2:937:2
ckpt_3400.pt,2,645,0.5743861794471741,0.10066878795623779,0.45095571875572205,"176,246,251,154,187","255,123,183,162,178",2:51:2|2:388:2|2:798:2
ckpt_3400.pt,2,646,0.3973293602466583,0.08408200740814209,0.39718320965766907,"152,105,107,125,14","33,133,56,52,15",2:15:1|2:34:1|2:41:1
ckpt_3400.pt,2,647,0.49809151887893677,0.09178522974252701,0.42756223678588867,"92,1,117,74,72","83,239,91,119,162",2:492:2|2:22:1|2:23:1
ckpt_3400.pt,2,648,0.4623258411884308,0.09292127192020416,0.38995346426963806,"240,194,125,28,238","237,191,201,96,141",2:249:2|2:307:2|2:452:2
ckpt_3400.pt,2,649,0.5175614356994629,0.12133936583995819,0.44928058981895447,"60,138,172,139,176","67,218,2,106,28",2:112:2|2:225:2|2:500:2
ckpt_3400.pt,2,650,0.4973885416984558,0.08316701650619507,0.3763171136379242,"123,111,183,28,57","90,97,165,18,139",2:453:2|2:10:1|2:38:1
ckpt_3400.pt,2,651,0.4450596272945404,0.08345209807157516,0.34047627449035645,"157,80,179,150,56","137,196,248,75,14",2:297:2|2:3:1|2:9:1
ckpt_3400.pt,2,652,0.5056994557380676,0.09494318813085556,0.417506605386734,"82,141,124,110,147","31,34,65,119,69",2:87:2|2:286:2|2:682:2
ckpt_3400.pt,2,653,0.5371047258377075,0.08605080097913742,0.41559940576553345,"87,32,111,114,218","137,65,160,31,169",2:253:2|2:365:2|2:444:2
ckpt_3400.pt,2,654,0.4886794686317444,0.09807802736759186,0.4180769622325897,"247,53,214,198,113","242,93,95,104,254",2:215:2|2:1022:2|2:1:1
ckpt_3400.pt,2,655,0.4254222512245178,0.09249496459960938,0.3820112645626068,"19,229,124,232,64","136,33,11,91,45",2:977:2|2:1020:2|2:13:1
ckpt_3400.pt,2,656,0.46060770750045776,0.1034364327788353,0.3771921694278717,"79,46,198,191,78","163,252,249,110,166",2:38:2|2:555:2|2:880:2
ckpt_3400.pt,2,657,0.48199382424354553,0.10317851603031158,0.4021086096763611,"223,72,226,17,183","166,142,15,48,224",2:528:3|2:572:2|2:814:2
ckpt_3400.pt,2,658,0.5098217725753784,0.1036200001835823,0.42897704243659973,"143,55,226,106,63","35,85,11,15,129",2:812:2|2:4:1|2:9:1
ckpt_3400.pt,2,659,0.4343262016773224,0.06924182176589966,0.3892001211643219,"126,26,115,221,48","141,180,195,44,167",2:702:2|2:949:2|2:1:1
ckpt_3400.pt,2,660,0.4231090247631073,0.09485895931720734,0.35649141669273376,"138,141,121,177,248","128,116,11,154,100",2:68:2|2:286:2|2:476:2
ckpt_3400.pt,2,661,0.5286030769348145,0.12108813971281052,0.4557941257953644,"4,105,51,84,134","53,217,170,74,94",2:462:2|2:808:2|2:952:2
ckpt_3400.pt,2,662,0.4107091426849365,0.07745369523763657,0.3776058256626129,"180,106,4,126,140","116,208,194,27,117",2:244:2|2:4:1|2:6:1
ckpt_3400.pt,2,663,0.43583258986473083,0.07622110098600388,0.3744034469127655,"88,85,166,210,193","215,73,65,6,34",2:391:2|2:38:1|2:51:1
ckpt_3400.pt,2,664,0.5021032094955444,0.11602353304624557,0.42503970861434937,"175,19,12,27,182","37,192,118,136,102",2:54:2|2:221:2|2:260:2
ckpt_3400.pt,2,665,0.5102697610855103,0.0926005095243454,0.42801281809806824,"36,73,234,147,38","118,221,102,153,27",2:41:2|2:627:2|2:2:1
ckpt_3400.pt,2,666,0.41830936074256897,0.09864664822816849,0.3763980269432068,"149,54,13,252,162","46,184,86,204,173",2:30:2|2:401:2|2:741:2
ckpt_3400.pt,2,667,0.5170053839683533,0.1048261746764183,0.4045080840587616,"208,121,36,174,48","158,196,108,96,4",2:525:2|2:746:2|2:781:2
ckpt_3400.pt,2,668,0.5122933983802795,0.109781414270401,0.4101856052875519,"34,84,192,249,43","140,54,162,71,144",2:127:2|2:436:2|2:540:2
ckpt_3400.pt,2,669,0.49150416254997253,0.09382724016904831,0.40246614813804626,"95,110,62,200,226","207,176,199,196,117",2:448:2|2:866:2|2:870:2
ckpt_3400.pt,2,670,0.569332480430603,0.11999636888504028,0.4415215849876404,"74,118,224,227,112","12,6,16,242,196",2:504:3|2:35:2|2:42:2
ckpt_3400.pt,2,671,0.5345392823219299,0.10135186463594437,0.42931699752807617,"162,186,188,201,127","124,180,235,177,126",2:113:2|2:270:2|2:904:2
ckpt_3400.pt,2,672,0.530521035194397,0.0868435725569725,0.4465819001197815,"234,32,6,151,226","162,78,25,27,39",2:11:2|2:345:2|2:535:2
ckpt_3400.pt,2,673,0.437378853559494,0.08121231198310852,0.3797861933708191,"110,247,52,60,240","171,11,28,113,142",2:362:2|2:739:2|2:1000:2
ckpt_3400.pt,2,674,0.4290798604488373,0.08477849513292313,0.36424529552459717,"248,147,150,206,12","233,41,25,175,199",2:10:1|2:29:1|2:35:1
ckpt_3400.pt,2,675,0.4650261402130127,0.07441537827253342,0.404164582490921,"241,72,231,163,58","254,3,142,15,183",2:95:2|2:357:2|2:398:2
ckpt_3400.pt,2,676,0.43938496708869934,0.08343680202960968,0.36194396018981934,"159,112,70,86,155","47,180,141,138,61",2:230:2|2:234:2|2:295:2
ckpt_3400.pt,2,677,0.4686332046985626,0.08604541420936584,0.4085254669189453,"17,200,113,175,101","38,173,111,15,226",2:155:2|2:241:2|2:770:2
ckpt_3400.pt,2,678,0.44697386026382446,0.08332893252372742,0.3935059607028961,"223,178,117,184,234","107,205,253,230,103",2:181:2|2:224:2|2:269:2
ckpt_3400.pt,2,679,0.41464725136756897,0.09632284194231033,0.38264530897140503,"113,137,245,172,78","218,48,9,208,99",2:116:2|2:140:2|2:384:2
ckpt_3400.pt,2,680,0.4857378304004669,0.0874176174402237,0.432769775390625,"72,31,109,102,105","255,207,151,12,83",2:0:1|2:5:1|2:21:1
ckpt_3400.pt,2,681,0.48915350437164307,0.09136877954006195,0.4117875099182129,"202,184,112,40,109","59,191,165,66,11",2:422:2|2:611:2|2:771:2
ckpt_3400.pt,2,682,0.5147102475166321,0.0958041101694107,0.4324859082698822,"184,124,17,209,147","195,235,3,232,154",2:87:2|2:652:2|2:23:1
ckpt_3400.pt,2,683,0.4759078919887543,0.08095519989728928,0.40344375371932983,"184,248,137,231,35","133,212,24,221,203",2:116:2|2:185:2|2:843:2
ckpt_3400.pt,2,684,0.5092192888259888,0.09622357040643692,0.4067988693714142,"185,228,163,156,3","125,71,191,146,27",2:4:2|2:122:2|2:238:2
ckpt_3400.pt,2,685,0.4869611859321594,0.09814363718032837,0.434203177690506,"63,29,109,241,1","9,104,214,39,254",2:783:2|2:927:2|2:931:2
ckpt_3400.pt,2,686,0.4212193191051483,0.08612159639596939,0.3471095860004425,"236,209,57,7,24","174,122,111,251,126",2:110:2|2:133:2|2:151:2
ckpt_3400.pt,2,687,0.5142959952354431,0.11491098999977112,0.41308751702308655,"29,251,88,90,106","68,9,188,79,57",2:475:2|2:759:2|2:762:2
ckpt_3400.pt,2,688,0.47465780377388,0.08941233903169632,0.4024166762828827,"52,24,32,108,186","202,180,217,104,205",2:527:2|2:579:2|2:816:2
ckpt_3400.pt,2,689,0.48695799708366394,0.09147131443023682,0.3910509943962097,"7,46,28,177,220","229,85,244,76,154",2:130:2|2:312:2|2:910:2
ckpt_3400.pt,2,690,0.5214556455612183,0.10244186222553253,0.433502197265625,"64,196,100,242,1","228,234,108,28,127",2:207:2|2:836:2|2:13:1
ckpt_3400.pt,2,691,0.4551633596420288,0.07519909739494324,0.3994707763195038,"149,48,61,225,154","132,55,200,86,81",2:201:2|2:209:2|2:240:2
ckpt_3400.pt,2,692,0.5133603811264038,0.10536917299032211,0.4132574796676636,"181,144,71,157,138","94,132,219,75,233",2:89:2|2:146:2|2:218:2
ckpt_3400.pt,2,693,0.43124550580978394,0.08927423506975174,0.3644697964191437,"8,66,174,188,209","197,243,191,233,32",2:62:2|2:293:2|2:396:2
ckpt_3400.pt,2,694,0.5152975916862488,0.11011625081300735,0.4354611337184906,"88,1,124,96,42","248,148,99,161,255",2:472:2|2:783:2|2:998:2
ckpt_3400.pt,2,695,0.5147937536239624,0.09096316248178482,0.3860006034374237,"137,8,232,46,70","92,90,34,204,210",2:620:2|2:824:2|2:18:1
ckpt_3400.pt,2,696,0.43938249349594116,0.07269801944494247,0.378590852022171,"58,200,142,50,236","3,255,183,249,239",2:18:2|2:565:2|2:587:2
ckpt_3400.pt,2,697,0.5084999203681946,0.09521304816007614,0.3656056523323059,"179,62,67,223,159","2,23,62,89,48",2:3:2|2:154:2|2:789:2
ckpt_3400.pt,2,698,0.52247554063797,0.09178093820810318,0.42362308502197266,"67,240,168,13,142","122,223,53,127,190",2:36:2|2:301:2|2:605:2
ckpt_3400.pt,2,699,0.43982452154159546,0.10208752006292343,0.3721778392791748,"12,160,28,134,146","240,117,92,132,56",2:393:2|2:10:1|2:14:1
ckpt_3400.pt,2,700,0.46187615394592285,0.07841263711452484,0.41249820590019226,"116,33,57,156,236","194,242,219,121,143",2:565:2|2:686:2|2:887:2
ckpt_3400.pt,2,701,0.47739869356155396,0.096152663230896,0.3743079900741577,"117,224,73,242,221","127,197,201,211,133",2:276:2|2:2:1|2:28:1
ckpt_3400.pt,2,702,0.556199312210083,0.08669376373291016,0.47213447093963623,"193,126,48,215,70","205,79,96,158,199",2:240:2|2:659:2|2:752:2
ckpt_3400.pt,2,703,0.44780951738357544,0.07630553096532822,0.41266241669654846,"128,173,80,234,222","53,180,82,68,179",2:551:2|2:772:2|2:4:1
ckpt_3400.pt,2,704,0.47605735063552856,0.08898402005434036,0.40809327363967896,"143,44,241,31,27","23,178,36,161,112",2:39:2|2:196:2|2:558:2
ckpt_3400.pt,2,705,0.407897412776947,0.07624627649784088,0.34990188479423523,"48,9,65,185,180","145,176,27,1,135",2:721:2|2:903:2|2:1:1
ckpt_3400.pt,2,706,0.44870632886886597,0.0799998864531517,0.38926154375076294,"104,114,198,66,235","220,31,59,247,19",2:292:2|2:542:2|2:0:1
ckpt_3400.pt,2,707,0.5078403353691101,0.09828898310661316,0.42276471853256226,"196,173,119,91,12","191,147,248,87,61",2:195:2|2:244:2|2:260:2
ckpt_3400.pt,2,708,0.4450415372848511,0.07789632678031921,0.39857369661331177,"89,182,213,146,55","148,147,241,196,78",2:463:2|2:9:1|2:14:1
ckpt_3400.pt,2,709,0.550478994846344,0.09711040556430817,0.44720855355262756,"194,95,143,136,16","79,154,247,171,196",2:123:2|2:563:2|2:1010:2
ckpt_3400.pt,2,710,0.4523185193538666,0.11018990725278854,0.3829924166202545,"103,175,243,156,218","8,167,177,189,225",2:93:2|2:220:2|2:275:2
ckpt_3400.pt,2,711,0.5180873870849609,0.08987981826066971,0.3879474103450775,"110,231,36,32,103","208,99,86,230,107",2:345:2|2:599:2|2:3:1
ckpt_3400.pt,2,712,0.48697853088378906,0.09394645690917969,0.3901650607585907,"91,220,127,144,180","5,132,180,234,182",2:296:2|2:809:2|2:903:2
ckpt_3400.pt,2,713,0.45411211252212524,0.08791304379701614,0.3857381343841553,"125,175,18,70,40","100,53,224,67,180",2:199:2|2:228:2|2:239:2
ckpt_3400.pt,2,714,0.4788627326488495,0.08701751381158829,0.41904306411743164,"79,242,17,159,103","107,216,135,254,89",2:366:2|2:2:1|2:3:1
ckpt_3400.pt,2,715,0.4789637327194214,0.08959074318408966,0.39235857129096985,"70,0,229,243,216","14,7,239,133,44",2:295:2|2:956:2|2:9:1
ckpt_3400.pt,2,716,0.44788965582847595,0.1035742536187172,0.3942531943321228,"247,159,84,184,143","17,219,28,54,69",2:325:2|2:613:2|2:2:1
ckpt_3400.pt,2,717,0.507248044013977,0.10452215373516083,0.41832947731018066,"196,218,107,163,48","163,214,74,230,195",2:142:2|2:212:2|2:424:2
ckpt_3400.pt,2,718,0.5283166170120239,0.07896678894758224,0.43156886100769043,"255,188,0,224,55","113,174,146,50,141",2:5:1|2:9:1|2:24:1
ckpt_3400.pt,2,719,0.45775192975997925,0.08949295431375504,0.3898172676563263,"93,78,152,251,217","209,181,252,6,186",2:71:2|2:756:2|2:917:2
ckpt_3400.pt,2,720,0.519128143787384,0.12494771182537079,0.4128786027431488,"224,229,152,254,94","113,233,66,155,35",2:57:2|2:129:2|2:284:2
ckpt_3400.pt,2,721,0.45177707076072693,0.0832420140504837,0.38952478766441345,"65,235,185,159,161","87,17,84,215,180",2:278:2|2:595:2|2:613:2
ckpt_3400.pt,2,722,0.4419161379337311,0.07289993017911911,0.3883337080478668,"39,249,75,52,166","221,181,146,212,63",2:127:2|2:198:2|2:386:2
ckpt_3400.pt,2,723,0.4955762028694153,0.09005830436944962,0.41963621973991394,"251,105,69,46,139","67,100,248,19,137",2:945:2|2:4:1|2:8:1
ckpt_3400.pt,2,724,0.4772064983844757,0.1009492501616478,0.392825722694397,"255,182,96,137,161","120,67,202,217,113",2:254:3|2:311:2|2:463:2
ckpt_3400.pt,2,725,0.3942413628101349,0.07422550767660141,0.3704375624656677,"24,79,144,116,81","102,5,44,253,226",2:146:2|2:915:2|2:11:1
ckpt_3400.pt,2,726,0.4755239486694336,0.10774894058704376,0.44972819089889526,"80,119,78,245,195","53,180,221,202,87",2:630:2|2:679:2|2:892:2
ckpt_3400.pt,2,727,0.48580530285835266,0.07851941138505936,0.39397498965263367,"166,151,23,73,237","186,11,55,178,71",2:310:2|2:374:2|2:612:2
ckpt_3400.pt,2,728,0.48711517453193665,0.09107232838869095,0.38628116250038147,"9,54,30,94,101","118,229,241,217,86",2:136:2|2:778:2|2:1:1
ckpt_3400.pt,2,729,0.4843367636203766,0.09975615888834,0.414011687040329,"164,111,146,197,113","185,177,114,89,217",2:139:2|2:155:2|2:241:2
ckpt_3400.pt,2,730,0.521565318107605,0.10517382621765137,0.4555060565471649,"172,133,240,105,20","41,227,69,243,154",2:606:2|2:782:2|2:8:1
ckpt_3400.pt,2,731,0.4384792745113373,0.0847044289112091,0.3722275197505951,"102,52,163,3,227","4,183,16,203,145",2:415:2|2:441:2|2:614:2
ckpt_3400.pt,2,732,0.39008617401123047,0.07391874492168427,0.3498368561267853,"255,228,62,68,227","95,188,50,150,181",2:170:2|2:403:2|2:532:2
ckpt_3400.pt,2,733,0.47432824969291687,0.08439475297927856,0.3905041813850403,"7,50,142,13,249","127,17,116,200,110",2:301:2|2:587:2|2:696:2
ckpt_3400.pt,2,734,0.42532891035079956,0.07094625383615494,0.37249860167503357,"203,117,238,99,110","248,90,210,9,224",2:45:2|2:347:2|2:831:2
ckpt_3400.pt,2,735,0.5145408511161804,0.10707342624664307,0.43092983961105347,"153,172,128,11,44","224,1,246,57,116",2:384:2|2:494:2|2:782:2
ckpt_3400.pt,2,736,0.46732282638549805,0.08748099952936172,0.3960287868976593,"184,132,107,25,251","254,161,121,4,232",2:15:1|2:19:1|2:30:1
ckpt_3400.pt,2,737,0.4515914022922516,0.08607592433691025,0.39052385091781616,"166,107,20,59,19","93,198,118,9,193",2:189:2|2:343:2|2:874:2
ckpt_3400.pt,2,738,0.4215720593929291,0.0709259882569313,0.3531748056411743,"34,79,104,241,212","180,143,103,50,63",2:292:2|2:15:1|2:16:1
ckpt_3400.pt,2,739,0.48138970136642456,0.08351873606443405,0.39184024930000305,"247,60,194,236,104","5,29,188,15,13",2:191:2|2:235:2|2:673:2
ckpt_3400.pt,2,740,0.4423263967037201,0.09566289186477661,0.3752649426460266,"71,167,190,178,155","143,57,14,42,109",2:97:2|2:7:1|2:12:1
ckpt_3400.pt,2,741,0.4241439998149872,0.0862634927034378,0.4177425801753998,"162,54,68,57,65","221,227,215,94,48",2:10:2|2:512:2|2:666:2
ckpt_3400.pt,2,742,0.4907197952270508,0.09008999168872833,0.4324883222579956,"32,228,15,233,9","190,13,31,198,229",2:23:2|2:110:2|2:1:1
ckpt_3400.pt,2,743,0.4508761465549469,0.0784391462802887,0.35135704278945923,"213,162,104,18,203","218,110,149,136,37",2:163:2|2:621:2|2:886:2
ckpt_3400.pt,2,744,0.47372862696647644,0.0943034365773201,0.41529715061187744,"234,195,125,89,186","119,222,146,228,52",2:527:2|2:557:2|2:11:1
ckpt_3400.pt,2,745,0.45418208837509155,0.07449283450841904,0.3985159993171692,"105,241,252,136,115","78,210,71,151,255",2:331:2|2:473:2|2:1:1
ckpt_3400.pt,2,746,0.4830942153930664,0.08254341781139374,0.38750267028808594,"171,97,121,63,48","12,34,91,17,119",2:212:2|2:406:2|2:415:2
ckpt_3400.pt,2,747,0.467734158039093,0.08540281653404236,0.37825584411621094,"53,207,201,55,86","190,249,250,248,189",2:856:2|2:5:1|2:6:1
ckpt_3400.pt,2,748,0.45039281249046326,0.09361639618873596,0.3726993501186371,"239,248,162,119,65","254,24,4,150,47",2:203:2|2:214:2|2:741:2
ckpt_3400.pt,2,749,0.5112307071685791,0.08573367446660995,0.4630509614944458,"42,175,31,167,147","222,60,133,255,77",2:80:2|2:407:2|2:0:1
ckpt_3400.pt,2,750,0.46845507621765137,0.10253679007291794,0.3745158314704895,"134,227,7,180,70","237,138,70,199,246",2:211:2|2:620:2|2:1019:2
ckpt_3400.pt,2,751,0.4811799228191376,0.10876915603876114,0.38376009464263916,"24,112,87,234,121","24,185,132,166,47",2:188:2|2:263:2|2:346:2
ckpt_3400.pt,2,752,0.5595099925994873,0.0949067622423172,0.48265135288238525,"172,199,48,95,193","30,89,216,237,66",2:240:2|2:502:2|2:702:2
ckpt_3400.pt,2,753,0.48700302839279175,0.09729734063148499,0.4098278284072876,"145,154,24,6,132","242,4,69,59,253",2:175:2|2:258:2|2:831:2
ckpt_3400.pt,2,754,0.5357334613800049,0.11716949194669724,0.42591747641563416,"219,133,34,29,2","50,247,246,76,11",2:37:2|2:49:2|2:256:2
ckpt_3400.pt,2,755,0.5001247525215149,0.0977121889591217,0.4006151556968689,"225,4,1,120,79","228,28,58,251,247",2:85:2|2:149:2|2:839:2
ckpt_3400.pt,2,756,0.4467478394508362,0.07374463975429535,0.36691781878471375,"7,78,42,152,156","180,46,190,42,96",2:71:2|2:367:2|2:719:2
ckpt_3400.pt,2,757,0.4890436828136444,0.12459094822406769,0.3984347879886627,"225,189,121,253,61","57,85,198,228,3",2:201:2|2:413:2|2:449:2
ckpt_3400.pt,2,758,0.4967808723449707,0.11342068016529083,0.3827802240848541,"226,221,238,92,211","248,226,214,17,12",2:429:2|2:485:2|2:904:2
ckpt_3400.pt,2,759,0.5369587540626526,0.09881500899791718,0.42989665269851685,"251,239,88,54,129","243,254,128,141,164",2:214:2|2:309:2|2:548:2
ckpt_3400.pt,2,760,0.515587568283081,0.11866012215614319,0.42876923084259033,"126,127,36,65,168","102,114,0,184,254",2:278:2|2:776:2|2:811:2
ckpt_3400.pt,2,761,0.4927563965320587,0.10597769916057587,0.41891831159591675,"2,7,207,243,42","83,211,53,71,193",2:140:2|2:301:2|2:342:2
ckpt_3400.pt,2,762,0.5591689944267273,0.11282023042440414,0.4454662799835205,"188,161,6,90,29","70,58,140,165,21",2:67:2|2:143:2|2:687:2
ckpt_3400.pt,2,763,0.4898116886615753,0.10845240950584412,0.4028989374637604,"33,209,109,100,185","162,96,165,113,80",2:1003:2|2:5:1|2:13:1
ckpt_3400.pt,2,764,0.5084393620491028,0.1326114535331726,0.44420865178108215,"189,244,159,186,252","133,102,4,6,54",2:2:1|2:6:1|2:9:1
ckpt_3400.pt,2,765,0.4017312228679657,0.07841315865516663,0.3451277017593384,"232,120,238,91,205","212,201,166,8,112",2:571:2|2:0:1|2:34:1
ckpt_3400.pt,2,766,0.46189844608306885,0.08763954043388367,0.406423956155777,"179,135,237,47,173","24,50,51,99,20",2:148:2|2:643:2|2:3:1
ckpt_3400.pt,2,767,0.5264045000076294,0.09534569084644318,0.4347919821739197,"15,146,186,44,218","157,96,16,39,121",2:39:2|2:639:2|2:32:1
ckpt_3400.pt,2,768,0.432813435792923,0.07685942947864532,0.3931695222854614,"87,46,53,216,244","1,198,96,42,255",2:595:2|2:624:2|2:5:1
ckpt_3400.pt,2,769,0.4902358949184418,0.0801294818520546,0.4063435196876526,"100,13,162,239,41","147,87,119,58,1",2:13:2|2:30:2|2:188:2
ckpt_3400.pt,2,770,0.48365020751953125,0.08595973253250122,0.3803854286670685,"17,175,193,249,146","209,239,60,52,235",2:37:2|2:407:2|2:677:2
ckpt_3400.pt,2,771,0.5076150894165039,0.10714368522167206,0.43172192573547363,"109,203,71,163,202","103,121,30,47,196",2:611:3|2:422:2|2:486:2
ckpt_3400.pt,2,772,0.413881778717041,0.07374691963195801,0.3540191948413849,"173,53,151,234,44","176,185,59,98,143",2:5:2|2:11:2|2:535:2
ckpt_3400.pt,2,773,0.4627889096736908,0.07850386947393417,0.39792531728744507,"115,151,31,217,89","31,54,47,1,225",2:240:2|2:289:2|2:297:2
ckpt_3400.pt,2,774,0.5188174247741699,0.10508441179990768,0.4101428687572479,"12,188,9,157,41","128,195,177,239,217",2:457:2|2:1:1|2:10:1
ckpt_3400.pt,2,775,0.4341799020767212,0.08633232116699219,0.37097811698913574,"128,43,176,163,73","147,253,73,237,231",2:142:2|2:322:2|2:398:2
ckpt_3400.pt,2,776,0.46593108773231506,0.0860915333032608,0.39661556482315063,"168,119,161,145,126","167,20,35,6,91",2:55:2|2:501:2|2:760:2
ckpt_3400.pt,2,777,0.42079460620880127,0.07191058248281479,0.38022854924201965,"172,206,236,127,247","218,49,48,236,32",2:72:2|2:559:2|2:581:2
ckpt_3400.pt,2,778,0.4891873896121979,0.10112881660461426,0.40147286653518677,"54,94,69,89,250","160,215,135,141,8",2:98:2|2:233:2|2:557:2
ckpt_3400.pt,2,779,0.5562897324562073,0.09122519195079803,0.4410164952278137,"88,134,33,206,61","134,216,167,124,231",2:628:2|2:908:2|2:29:1
ckpt_3400.pt,2,780,0.5356928110122681,0.11044268310070038,0.4587276875972748,"13,253,138,57,145","230,3,248,61,52",2:924:2|2:13:1|2:30:1
ckpt_3400.pt,2,781,0.4482749104499817,0.09504563361406326,0.3785746991634369,"156,48,135,36,252","146,228,53,131,107",2:367:2|2:667:2|2:903:2
ckpt_3400.pt,2,782,0.43856731057167053,0.0724298506975174,0.4137174189090729,"172,11,133,33,198","48,215,15,216,245",2:606:3|2:138:2|2:730:2
ckpt_3400.pt,2,783,0.4396006762981415,0.09355037659406662,0.36509397625923157,"1,42,162,29,132","128,166,133,131,132",2:152:2|2:685:2|2:694:2
ckpt_3400.pt,2,784,0.45214682817459106,0.08848457038402557,0.3860228955745697,"142,27,33,149,8","148,181,52,195,143",2:29:2|2:62:2|2:105:2
ckpt_3400.pt,2,785,0.4467257857322693,0.08917126804590225,0.4076032340526581,"222,31,70,212,219","83,113,227,19,136",2:53:2|2:607:2|2:0:1
ckpt_3400.pt,2,786,0.5283328294754028,0.09263424575328827,0.43476593494415283,"70,190,61,11,163","121,125,60,245,101",2:933:2|2:958:2|2:44:1
ckpt_3400.pt,2,787,0.4234461188316345,0.07643840461969376,0.394817054271698,"112,116,107,31,224","107,161,191,138,199",2:401:2|2:504:2|2:670:2
ckpt_3400.pt,2,788,0.47856712341308594,0.0971701368689537,0.42507442831993103,"62,254,241,51,13","4,116,169,188,243",2:231:2|2:439:2|2:499:2
ckpt_3400.pt,2,789,0.4984479248523712,0.08315523713827133,0.4080769717693329,"162,179,116,255,159","38,4,150,58,246",2:298:2|2:697:2|2:2:1
ckpt_3400.pt,2,790,0.4438188076019287,0.07869524508714676,0.34402433037757874,"128,48,84,42,52","67,247,90,39,197",2:537:2|2:791:2|2:797:2
ckpt_3400.pt,2,791,0.5169594287872314,0.09342137724161148,0.41819852590560913,"249,128,194,223,48","215,4,23,54,230",2:192:2|2:247:2|2:790:2
ckpt_3400.pt,2,792,0.4808010160923004,0.09404543042182922,0.40300971269607544,"138,129,216,32,154","66,145,190,107,153",2:129:2|2:157:2|2:214:2
ckpt_3400.pt,2,793,0.4742809236049652,0.07707298547029495,0.38728538155555725,"112,161,195,71,31","156,199,29,215,40",2:341:2|2:368:2|2:787:2
ckpt_3400.pt,2,794,0.4771553575992584,0.10253871977329254,0.4169867932796478,"162,241,189,88,40","197,135,85,175,54",2:90:2|2:228:2|2:239:2
ckpt_3400.pt,2,795,0.4724433124065399,0.08828242123126984,0.395318865776062,"215,240,29,165,23","32,237,117,34,11",2:416:2|2:454:2|2:459:2
ckpt_3400.pt,2,796,0.5156561732292175,0.08660303056240082,0.43163588643074036,"194,174,97,36,120","79,236,180,31,205",2:525:2|2:667:2|2:19:1
ckpt_3400.pt,2,797,0.48879489302635193,0.11155862361192703,0.42268577218055725,"184,42,48,243,182","197,239,12,244,194",2:54:2|2:145:2|2:568:2
ckpt_3400.pt,2,798,0.43646949529647827,0.07747665792703629,0.3921762704849243,"242,216,147,187,246","215,248,167,200,160",2:276:2|2:645:2|2:41:1
ckpt_3400.pt,2,799,0.4436567425727844,0.0885424092411995,0.37416577339172363,"209,247,179,190,194","10,91,160,243,96",2:566:2|2:739:2|2:3:1
ckpt_3400.pt,2,800,0.4882136285305023,0.09732416272163391,0.3976340591907501,"162,26,145,112,47","205,120,96,180,127",2:8:1|2:27:1|2:30:1
ckpt_3400.pt,2,801,0.47513100504875183,0.09251628816127777,0.3852645754814148,"15,116,174,248,74","169,142,127,33,143",2:91:2|2:480:2|2:11:1
ckpt_3400.pt,2,802,0.5045620799064636,0.10643770545721054,0.4142893850803375,"224,189,129,251,19","141,171,5,165,178",2:759:2|2:989:2|2:2:1
ckpt_3400.pt,2,803,0.4971177875995636,0.11082524061203003,0.4172925055027008,"50,99,9,225,47","122,84,216,231,57",2:413:2|2:590:2|2:842:2
ckpt_3400.pt,2,804,0.5020800828933716,0.09313313663005829,0.40730854868888855,"229,221,91,233,218","11,128,33,24,68",2:355:2|2:365:2|2:902:2
ckpt_3400.pt,2,805,0.44294220209121704,0.08818598836660385,0.36561182141304016,"66,201,80,68,219","244,27,187,76,211",2:640:2|2:11:1|2:33:1
ckpt_3400.pt,2,806,0.45517250895500183,0.09474878758192062,0.41155561804771423,"94,138,132,149,46","104,121,199,71,9",2:159:2|2:318:2|2:561:2
ckpt_3400.pt,2,807,0.4354945421218872,0.08513485640287399,0.3843247592449188,"160,247,89,202,212","134,254,115,48,188",2:14:2|2:93:2|2:34:1
ckpt_3400.pt,2,808,0.5436655879020691,0.11116845160722733,0.40783897042274475,"134,79,118,49,84","208,209,217,76,248",2:248:2|2:272:2|2:584:2
ckpt_3400.pt,2,809,0.4519992172718048,0.10039331763982773,0.36627981066703796,"180,50,173,248,127","214,79,249,51,246",2:68:2|2:468:2|2:477:2
ckpt_3400.pt,2,810,0.4647521376609802,0.07864484935998917,0.3904576301574707,"96,223,60,243,255","27,139,31,45,79",2:153:2|2:254:2|2:420:2
ckpt_3400.pt,2,811,0.43396443128585815,0.07311538606882095,0.38409870862960815,"118,168,75,36,105","204,224,154,72,218",2:12:2|2:349:2|2:382:2
ckpt_3400.pt,2,812,0.4661012291908264,0.08374615013599396,0.3759901821613312,"56,26,55,143,117","77,204,139,27,68",2:9:2|2:465:2|2:537:2
ckpt_3400.pt,2,813,0.5046347975730896,0.09188567847013474,0.44882437586784363,"126,141,228,118,209","94,128,248,175,117",2:859:2|2:943:2|2:970:2
ckpt_3400.pt,2,814,0.4045698940753937,0.08744606375694275,0.3622278869152069,"75,72,226,42,14","124,141,91,122,130",2:572:3|2:264:2|2:274:2
ckpt_3400.pt,2,815,0.5031151175498962,0.09581736475229263,0.4179340600967407,"23,187,122,86,177","20,178,114,85,215",2:119:2|2:230:2|2:821:2
ckpt_3400.pt,2,816,0.47587674856185913,0.09552424401044846,0.41871267557144165,"58,186,32,47,130","53,119,62,99,33",2:23:2|2:314:2|2:527:2
ckpt_3400.pt,2,817,0.4662263095378876,0.09862584620714188,0.4266337454319,"243,130,58,4,194","169,50,53,150,24",2:816:2|2:940:2|2:9:1
ckpt_3400.pt,2,818,0.4756385087966919,0.08294660598039627,0.41350317001342773,"73,154,47,190,92","177,120,224,216,215",2:536:2|2:598:2|2:2:1
ckpt_3400.pt,2,819,0.4900386929512024,0.10908080637454987,0.4222815930843353,"17,142,39,90,186","251,86,162,130,214",2:245:2|2:266:2|2:270:2
ckpt_3400.pt,2,820,0.4189164936542511,0.0811501070857048,0.3441689610481262,"25,178,213,28,21","106,31,11,84,85",2:130:2|2:547:2|2:960:2
ckpt_3400.pt,2,821,0.4272148311138153,0.0776381567120552,0.36173513531684875,"3,106,177,92,187","185,186,184,198,99",2:216:2|2:305:2|2:815:2
ckpt_3400.pt,2,822,0.559191882610321,0.10188896954059601,0.43671342730522156,"26,216,30,174,217","14,189,97,175,240",2:9:1|2:31:1|2:52:1
ckpt_3400.pt,2,823,0.45047372579574585,0.08547628670930862,0.398767352104187,"142,69,8,80,2","57,44,25,226,40",2:784:2|2:1021:2|2:8:1
ckpt_3400.pt,2,824,0.4250395596027374,0.08648756146430969,0.3866792619228363,"127,46,156,210,8","41,230,124,181,237",2:619:2|2:695:2|2:2:1
ckpt_3400.pt,2,825,0.48625245690345764,0.10193423181772232,0.40375980734825134,"96,36,79,75,43","7,62,156,169,34",2:272:2|2:495:2|2:566:2
ckpt_3400.pt,2,826,0.4855106770992279,0.07985679060220718,0.4566992223262787,"54,104,215,242,118","222,84,39,152,171",2:10:1|2:15:1|2:28:1
ckpt_3400.pt,2,827,0.5135891437530518,0.10958295315504074,0.4251413643360138,"245,177,48,63,159","137,36,27,173,72",2:212:2|2:406:2|2:746:2
ckpt_3400.pt,2,828,0.4409574866294861,0.085011787712574,0.39083752036094666,"230,183,142,181,35","80,100,105,216,109",2:185:2|2:291:2|2:410:2
ckpt_3400.pt,2,829,0.42114341259002686,0.10864248871803284,0.35198068618774414,"59,61,229,128,145","188,226,92,38,193",2:378:2|2:438:2|2:477:2
ckpt_3400.pt,2,830,0.4446665346622467,0.09657976776361465,0.3878273665904999,"137,64,132,189,156","13,191,200,173,113",2:132:2|2:4:1|2:9:1
ckpt_3400.pt,2,831,0.44387003779411316,0.07884664088487625,0.40328314900398254,"154,99,109,203,24","201,245,60,133,115",2:201:2|2:237:2|2:535:2
ckpt_3400.pt,2,832,0.4836858808994293,0.07714323699474335,0.4081288278102875,"43,203,189,218,9","84,194,235,206,95",2:444:2|2:1017:2|2:1:1
ckpt_3400.pt,2,833,0.5447420477867126,0.10084832459688187,0.43703827261924744,"154,141,142,244,3","209,195,67,93,231",2:859:2|2:6:1|2:16:1
ckpt_3400.pt,2,834,0.4730890393257141,0.09273571521043777,0.4150140881538391,"51,175,227,159,206","44,204,153,155,111",2:93:2|2:445:2|2:479:2
ckpt_3400.pt,2,835,0.49822521209716797,0.09118708223104477,0.40208834409713745,"216,159,4,125,90","52,173,205,170,1",2:52:2|2:249:2|2:325:2
ckpt_3400.pt,2,836,0.4997486472129822,0.12099991738796234,0.42336171865463257,"179,1,176,123,100","179,125,177,135,216",2:690:2|2:3:1|2:10:1
ckpt_3400.pt,2,837,0.427597314119339,0.08116647601127625,0.38310179114341736,"66,109,220,162,236","58,36,239,164,237",2:83:2|2:157:2|2:5:1
ckpt_3400.pt,2,838,0.44897034764289856,0.07195919007062912,0.4028116464614868,"157,45,205,166,119","171,109,200,196,67",2:250:2|2:51:1|2:56:1
ckpt_3400.pt,2,839,0.4936784505844116,0.0972352921962738,0.39833706617355347,"4,185,206,79,216","43,239,252,60,41",2:503:2|2:755:2|2:835:2
ckpt_3400.pt,2,840,0.5177124738693237,0.10862904042005539,0.39375248551368713,"241,73,173,200,161","86,240,190,119,19",2:41:2|2:187:2|2:485:2
ckpt_3400.pt,2,841,0.4037836194038391,0.0680396556854248,0.36599862575531006,"254,196,15,161,124","171,149,244,242,123",2:183:2|2:289:2|2:315:2
ckpt_3400.pt,2,842,0.44775354862213135,0.07339444756507874,0.4121732711791992,"72,45,99,236,9","163,117,195,140,199",2:53:2|2:447:2|2:803:2
ckpt_3400.pt,2,843,0.473235160112381,0.07927563041448593,0.44586989283561707,"115,184,150,35,11","111,183,230,39,74",2:596:2|2:630:2|2:683:2
ckpt_3400.pt,2,844,0.4584522545337677,0.07914214581251144,0.3537396490573883,"94,103,109,180,152","252,61,43,18,124",2:136:2|2:171:2|2:720:2
ckpt_3400.pt,2,845,0.43981894850730896,0.08351782709360123,0.3530302047729492,"182,83,64,163,88","134,54,84,40,17",2:14:1|2:38:1|2:40:1
ckpt_3400.pt,2,846,0.4544224441051483,0.07392483204603195,0.3807690143585205,"213,116,52,231,4","107,136,150,74,223",2:463:2|2:506:2|2:622:2
ckpt_3400.pt,2,847,0.4213198721408844,0.08407805114984512,0.38150572776794434,"24,39,124,177,150","3,36,72,113,62",2:198:2|2:266:2|2:0:1
ckpt_3400.pt,2,848,0.4225313663482666,0.0774974450469017,0.39891815185546875,"215,55,105,151,237","62,22,47,117,11",2:310:2|2:727:2|2:1015:2
ckpt_3400.pt,2,849,0.46433448791503906,0.12059139460325241,0.405354768037796,"99,255,245,18,157","50,143,29,59,79",2:636:2|2:5:1|2:24:1
ckpt_3400.pt,2,850,0.4731668531894684,0.09967527538537979,0.39360934495925903,"207,130,39,35,110","31,216,33,154,9",2:16:2|2:81:2|2:376:2
ckpt_3400.pt,2,851,0.4460953176021576,0.07992418855428696,0.3714110255241394,"245,44,176,16,246","107,225,51,142,151",2:111:2|2:137:2|2:384:2
ckpt_3400.pt,2,852,0.5027511715888977,0.09476804733276367,0.42003756761550903,"78,139,162,144,132","185,21,158,248,70",2:71:2|2:182:2|2:514:2
ckpt_3400.pt,2,853,0.4854133725166321,0.08892834186553955,0.39261001348495483,"27,181,57,98,117","27,223,113,68,242",2:151:2|2:409:2|2:437:2
ckpt_3400.pt,2,854,0.41407784819602966,0.08896119892597198,0.36017632484436035,"41,52,109,16,175","20,73,146,224,220",2:395:2|2:433:2|2:443:2
ckpt_3400.pt,2,855,0.5060476064682007,0.10837709158658981,0.39975428581237793,"139,56,100,223,78","112,4,144,160,66",2:71:2|2:852:2|2:2:1
ckpt_3400.pt,2,856,0.5357134342193604,0.09751642495393753,0.44589677453041077,"204,207,198,86,205","129,123,1,245,2",2:747:2|2:860:2|2:984:2
ckpt_3400.pt,2,857,0.5004802942276001,0.13539113104343414,0.397487074136734,"84,160,126,42,50","50,127,232,16,2",2:7:2|2:790:2|2:6:1
ckpt_3400.pt,2,858,0.46066975593566895,0.09282948821783066,0.4114551246166229,"228,224,179,20,99","8,116,30,220,146",2:238:2|2:504:2|2:636:2
ckpt_3400.pt,2,859,0.4558785855770111,0.08037625253200531,0.4052564799785614,"244,118,178,149,141","251,150,213,79,249",2:227:2|2:813:2|2:833:2
ckpt_3400.pt,2,860,0.45901668071746826,0.0846749097108841,0.3931736350059509,"1,54,205,31,86","100,36,153,248,243",2:85:2|2:200:2|2:285:2
ckpt_3400.pt,2,861,0.44446802139282227,0.09930482506752014,0.39631208777427673,"177,241,70,255,97","187,140,234,106,29",2:231:2|2:245:2|2:1019:2
ckpt_3400.pt,2,862,0.507514238357544,0.10011868178844452,0.4059389531612396,"147,20,39,35,142","67,30,102,137,101",2:185:2|2:266:2|2:387:2
ckpt_3400.pt,2,863,0.462116003036499,0.11142700910568237,0.40429067611694336,"196,28,125,131,56","104,177,244,136,251",2:161:2|2:593:2|2:648:2
ckpt_3400.pt,2,864,0.4880472719669342,0.07455099374055862,0.3905206620693207,"115,30,112,41,238","8,91,86,238,92",2:263:2|2:389:2|2:982:2
ckpt_3400.pt,2,865,0.56743985414505,0.09641805291175842,0.4788039028644562,"79,180,30,111,165","172,33,220,38,126",2:513:2|2:902:2|2:38:1
ckpt_3400.pt,2,866,0.4909187853336334,0.08101534843444824,0.39314329624176025,"62,167,255,90,95","183,250,32,118,145",2:105:2|2:210:2|2:585:2
ckpt_3400.pt,2,867,0.5332025289535522,0.09871786087751389,0.45044830441474915,"86,179,7,92,3","54,222,0,49,255",2:84:2|2:342:2|2:821:2
ckpt_3400.pt,2,868,0.45213186740875244,0.08670324832201004,0.4081801176071167,"131,49,100,127,7","125,11,173,230,127",2:301:2|2:414:2|2:581:2
ckpt_3400.pt,2,869,0.5162989497184753,0.08636428415775299,0.45001021027565,"221,17,152,57,153","172,4,62,156,216",2:236:2|2:366:2|2:1018:2
ckpt_3400.pt,2,870,0.4880411624908447,0.1016649529337883,0.4067482352256775,"110,183,62,118,75","218,14,200,136,249",2:349:2|2:482:2|2:603:2
ckpt_3400.pt,2,871,0.5048880577087402,0.09326018393039703,0.40678083896636963,"59,133,196,226,72","20,66,116,38,217",2:17:2|2:541:2|2:572:2
ckpt_3400.pt,2,872,0.49866271018981934,0.09537766873836517,0.4201529324054718,"36,64,31,5,92","9,191,247,254,4",2:242:2|2:246:2|2:525:2
ckpt_3400.pt,2,873,0.4838895797729492,0.10577858239412308,0.4214913547039032,"131,72,222,225,133","10,238,255,227,3",2:53:2|2:544:2|2:643:2
ckpt_3400.pt,2,874,0.46091172099113464,0.1002853512763977,0.4024524986743927,"8,59,134,211,19","211,104,249,162,81",2:584:2|2:737:2|2:19:1
ckpt_3400.pt,2,875,0.43891382217407227,0.08973123133182526,0.38659852743148804,"153,219,159,180,210","188,244,118,213,234",2:127:2|2:425:2|2:2:1
ckpt_3400.pt,2,876,0.469068318605423,0.08988671004772186,0.42323848605155945,"146,200,93,33,119","200,63,241,127,168",2:470:2|2:1002:2|2:33:1
ckpt_3400.pt,2,877,0.45263776183128357,0.10092136263847351,0.39435964822769165,"180,96,26,64,243","30,203,61,198,186",2:220:2|2:642:2|2:810:2
ckpt_3400.pt,2,878,0.5066919922828674,0.09702878445386887,0.4071921706199646,"158,219,36,27,2","69,109,83,198,122",2:60:2|2:160:2|2:754:2
ckpt_3400.pt,2,879,0.4957568347454071,0.10877680033445358,0.40209123492240906,"79,182,183,38,112","64,31,40,177,7",2:369:2|2:8:1|2:14:1
ckpt_3400.pt,2,880,0.40551894903182983,0.07454459369182587,0.34537795186042786,"143,46,229,179,191","230,215,163,56,191",2:38:2|2:452:2|2:488:2
ckpt_3400.pt,2,881,0.46549487113952637,0.07905064523220062,0.3945423662662506,"245,67,148,41,83","248,198,174,161,177",2:282:2|2:350:2|2:373:2
ckpt_3400.pt,2,882,0.4412209391593933,0.10421934723854065,0.3751552700996399,"48,181,53,161,205","157,249,247,98,227",2:595:2|2:644:2|2:5:1
ckpt_3400.pt,2,883,0.4581719934940338,0.08229628205299377,0.38375401496887207,"99,214,188,137,240","66,186,162,217,128",2:8:1|2:26:1|2:58:1
ckpt_3400.pt,2,884,0.44292768836021423,0.08012623339891434,0.38638436794281006,"217,168,75,161,133","224,164,249,97,107",2:12:2|2:55:2|2:197:2
ckpt_3400.pt,2,885,0.5391244888305664,0.09170789271593094,0.41600680351257324,"74,65,54,110,226","222,99,225,135,227",2:10:2|2:285:2|2:432:2
ckpt_3400.pt,2,886,0.4521191716194153,0.10160137712955475,0.37949830293655396,"180,167,213,255,104","54,217,4,9,207",2:442:2|2:468:2|2:585:2
ckpt_3400.pt,2,887,0.45735684037208557,0.07608157396316528,0.4123762249946594,"101,142,133,236,33","138,116,131,98,114",2:136:2|2:138:2|2:696:2
ckpt_3400.pt,2,888,0.47117480635643005,0.09294048696756363,0.4099317491054535,"152,28,115,242,179","233,63,119,248,116",2:297:2|2:430:2|2:917:2
ckpt_3400.pt,2,889,0.5138552188873291,0.10031481832265854,0.4210467040538788,"222,176,19,116,96","143,179,16,56,215",2:506:2|2:11:1|2:19:1
ckpt_3400.pt,2,890,0.43742817640304565,0.07396496832370758,0.3623349070549011,"68,31,198,111,35","21,183,202,91,180",2:381:2|2:542:2|2:899:2
ckpt_3400.pt,2,891,0.44037896394729614,0.08312387764453888,0.3886614739894867,"47,18,22,136,208","138,28,126,172,119",2:332:2|2:896:2|2:996:2
ckpt_3400.pt,2,892,0.46087610721588135,0.08923878520727158,0.395954430103302,"204,42,78,195,203","203,245,38,121,114",2:726:2|2:756:2|2:2:1
ckpt_3400.pt,2,893,0.4616037905216217,0.08148454129695892,0.3905338943004608,"231,179,117,183,33","200,63,90,64,78",2:138:2|2:613:2|2:923:2
ckpt_3400.pt,2,894,0.4540226459503174,0.08503461629152298,0.406205415725708,"143,124,5,15,54","44,159,170,115,67",2:167:2|2:186:2|2:570:2
ckpt_3400.pt,2,895,0.47289514541625977,0.07849246263504028,0.39534854888916016,"1,240,150,48,70","81,211,31,218,62",2:605:2|2:702:2|2:8:1
ckpt_3400.pt,2,896,0.46448832750320435,0.09999490529298782,0.40745651721954346,"196,4,208,83,18","189,19,194,20,38",2:340:3|2:281:2|2:891:2
ckpt_3400.pt,2,897,0.5380513072013855,0.09606586396694183,0.430492639541626,"134,164,111,173,112","44,21,63,123,151",2:99:2|2:114:2|2:191:2
ckpt_3400.pt,2,898,0.4693705141544342,0.10011401027441025,0.3796840310096741,"137,246,174,170,79","195,87,51,60,196",2:280:2|2:51:1|2:65:1
ckpt_3400.pt,2,899,0.49049490690231323,0.09205292910337448,0.3948538303375244,"215,31,111,207,100","40,156,137,167,227",2:283:2|2:542:2|2:890:2
ckpt_3400.pt,2,900,0.4914126992225647,0.10677038878202438,0.4037068486213684,"131,48,165,246,40","249,73,208,186,23",2:6:1|2:13:1|2:20:1
ckpt_3400.pt,2,901,0.4896077811717987,0.09000278264284134,0.44262218475341797,"142,92,168,29,43","72,73,180,121,111",2:109:2|2:145:2|2:321:2
ckpt_3400.pt,2,902,0.41665858030319214,0.10788692533969879,0.35159334540367126,"71,218,233,180,30","19,183,194,242,54",2:365:2|2:513:2|2:804:2
ckpt_3400.pt,2,903,0.4856814444065094,0.09526372700929642,0.40951934456825256,"144,180,191,252,48","236,223,197,190,4",2:365:2|2:526:2|2:555:2
ckpt_3400.pt,2,904,0.5200003981590271,0.1077013835310936,0.44043537974357605,"211,188,248,201,221","205,221,3,140,198",2:213:2|2:546:2|2:576:2
ckpt_3400.pt,2,905,0.44796764850616455,0.09237857162952423,0.35469964146614075,"165,186,61,192,60","87,58,166,48,36",2:194:2|2:368:2|2:44:1
ckpt_3400.pt,2,906,0.45507219433784485,0.10640320181846619,0.39263466000556946,"55,31,195,44,107","74,44,164,191,34",2:39:2|2:111:2|2:294:2
ckpt_3400.pt,2,907,0.49809497594833374,0.08725542575120926,0.4260651171207428,"50,223,99,176,181","133,175,42,57,168",2:82:2|2:202:2|2:216:2
ckpt_3400.pt,2,908,0.45637887716293335,0.08510040491819382,0.391963928937912,"241,99,14,61,206","58,182,222,197,11",2:628:3|2:104:2|2:363:2
ckpt_3400.pt,2,909,0.46667811274528503,0.08297870308160782,0.4002057909965515,"126,103,72,75,41","205,162,243,144,188",2:814:2|2:3:1|2:6:1
ckpt_3400.pt,2,910,0.4778030216693878,0.08412870764732361,0.381775826215744,"28,46,141,15,39","66,108,201,149,107",2:16:2|2:376:2|2:689:2
ckpt_3400.pt,2,911,0.4639647901058197,0.10118672251701355,0.38282331824302673,"235,80,25,233,121","103,210,174,73,38",2:1021:2|2:0:1|2:19:1
ckpt_3400.pt,2,912,0.4734835922718048,0.0768280178308487,0.4213383197784424,"49,204,115,206,45","181,101,235,4,152",2:1:2|2:628:2|2:29:1
ckpt_3400.pt,2,913,0.43551018834114075,0.07897689193487167,0.38541609048843384,"239,12,53,80,93","61,38,228,195,28",2:10:2|2:33:2|2:521:2
ckpt_3400.pt,2,914,0.4729071259498596,0.07508590072393417,0.38374724984169006,"158,15,163,86,33","110,188,203,42,79",2:60:2|2:514:2|2:7:1
ckpt_3400.pt,2,915,0.5035779476165771,0.07961007207632065,0.41349878907203674,"254,97,144,79,85","85,201,41,235,180",2:458:2|2:562:2|2:725:2
ckpt_3400.pt,2,916,0.4378153085708618,0.08583416044712067,0.35671672224998474,"23,191,163,112,203","90,166,24,39,6",2:17:2|2:384:2|2:771:2
ckpt_3400.pt,2,917,0.44858554005622864,0.08219601213932037,0.38836589455604553,"28,251,230,152,210","63,67,127,40,222",2:719:2|2:888:2|2:1018:2
ckpt_3400.pt,2,918,0.5388448238372803,0.12199718505144119,0.47374531626701355,"35,253,244,196,91","233,231,99,102,21",2:222:2|2:707:2|2:1013:2
ckpt_3400.pt,2,919,0.553266704082489,0.11578794568777084,0.46551433205604553,"188,168,184,239,165","178,217,240,255,131",2:0:1|2:12:1|2:22:1
ckpt_3400.pt,2,920,0.47390851378440857,0.09114029258489609,0.36217331886291504,"89,108,132,91,97","156,204,239,73,123",2:0:1|2:28:1|2:29:1
ckpt_3400.pt,2,921,0.4475562572479248,0.08763131499290466,0.36358946561813354,"27,6,102,142,227","99,136,59,65,18",2:513:2|2:731:2|2:784:2
ckpt_3400.pt,2,922,0.4922006130218506,0.08578947186470032,0.380277156829834,"167,90,4,231,70","69,173,24,123,37",2:105:2|2:210:2|2:234:2
ckpt_3400.pt,2,923,0.41895338892936707,0.07283748686313629,0.37791529297828674,"153,113,38,33,231","79,160,68,145,168",2:893:2|2:990:2|2:1003:2
ckpt_3400.pt,2,924,0.4815703332424164,0.09263857454061508,0.4233652353286743,"54,13,138,229,222","163,125,104,29,95",2:13:2|2:666:2|2:780:2
ckpt_3400.pt,2,925,0.48890191316604614,0.08755132555961609,0.39261749386787415,"68,203,19,36,252","23,19,47,0,246",2:19:2|2:81:2|2:535:2
ckpt_3400.pt,2,926,0.45192772150039673,0.07689747959375381,0.38400977849960327,"12,120,254,82,79","177,130,171,180,182",2:149:2|2:176:2|2:755:2
ckpt_3400.pt,2,927,0.48710697889328003,0.097519151866436,0.3926980793476105,"63,1,82,163,91","78,252,81,134,251",2:52:2|2:169:2|2:212:2
ckpt_3400.pt,2,928,0.5244295597076416,0.08910997211933136,0.41230472922325134,"19,17,98,149,175","197,51,199,13,44",2:77:2|2:664:2|2:677:2
ckpt_3400.pt,2,929,0.5363923907279968,0.08656636625528336,0.43560343980789185,"33,148,7,57,65","4,9,179,109,165",2:613:2|2:686:2|2:700:2
ckpt_3400.pt,2,930,0.4662972390651703,0.09918516129255295,0.3693069517612457,"167,211,242,195,240","214,55,238,59,231",2:335:2|2:8:1|2:22:1
ckpt_3400.pt,2,931,0.45691218972206116,0.09485497325658798,0.39496302604675293,"9,89,1,63,204","143,172,128,62,162",2:98:2|2:208:2|2:405:2
ckpt_3400.pt,2,932,0.49718838930130005,0.07955953478813171,0.4221552014350891,"117,216,123,42,4","187,239,191,56,67",2:45:2|2:835:2|2:839:2
ckpt_3400.pt,2,933,0.488803505897522,0.09601988643407822,0.43382006883621216,"231,61,70,64,143","124,49,131,214,223",2:786:2|2:922:2|2:24:1
ckpt_3400.pt,2,934,0.479856938123703,0.09885210543870926,0.4155612885951996,"180,26,124,252,108","144,223,202,39,159",2:408:2|2:877:2|2:903:2
ckpt_3400.pt,2,935,0.5075395703315735,0.08971884101629257,0.4097660481929779,"122,18,154,87,217","7,121,85,189,79",2:184:2|2:242:2|2:423:2
ckpt_3400.pt,2,936,0.5254108309745789,0.09966542571783066,0.41606342792510986,"216,133,233,47,223","129,23,79,46,117",2:131:2|2:256:2|2:562:2
ckpt_3400.pt,2,937,0.5130642056465149,0.09802967309951782,0.4289749264717102,"181,112,129,15,142","243,75,208,128,168",2:252:2|2:468:2|2:587:2
ckpt_3400.pt,2,938,0.4680229127407074,0.08674322068691254,0.3904208838939667,"182,239,24,133,230","220,105,141,254,226",2:14:2|2:256:2|2:309:2
ckpt_3400.pt,2,939,0.46838903427124023,0.07758155465126038,0.4247388243675232,"213,108,220,56,189","91,145,200,135,133",2:9:2|2:130:2|2:239:2
ckpt_3400.pt,2,940,0.5231096744537354,0.09953813254833221,0.4108847677707672,"4,86,187,233,243","130,203,140,24,92",2:469:2|2:546:2|2:815:2
ckpt_3400.pt,2,941,0.4526340067386627,0.08264897018671036,0.3932330906391144,"229,182,126,248,223","213,139,92,55,239",2:14:2|2:247:2|2:269:2
ckpt_3400.pt,2,942,0.4329039752483368,0.0798792690038681,0.37173253297805786,"167,24,61,128,68","214,126,22,28,180",2:381:2|2:418:2|2:438:2
ckpt_3400.pt,2,943,0.49806684255599976,0.08718442916870117,0.41995570063591003,"197,33,228,142,126","155,212,151,106,139",2:139:2|2:185:2|2:784:2
ckpt_3400.pt,2,944,0.4603624939918518,0.07886598259210587,0.39891359210014343,"216,111,191,232,40","49,68,30,112,81",2:38:2|2:334:2|2:460:2
ckpt_3400.pt,2,945,0.45870035886764526,0.09081976115703583,0.39719951152801514,"139,250,67,65,46","142,120,225,253,144",2:218:2|2:288:2|2:532:2
ckpt_3400.pt,2,946,0.47559842467308044,0.10689099133014679,0.39584463834762573,"93,17,180,233,168","245,182,99,80,18",2:902:2|2:978:2|2:12:1
ckpt_3400.pt,2,947,0.46699076890945435,0.09288829565048218,0.3792683482170105,"73,14,102,216,175","97,149,134,109,164",2:104:2|2:598:2|2:992:2
ckpt_3400.pt,2,948,0.5590171813964844,0.10834941267967224,0.42158401012420654,"74,244,223,175,9","90,56,205,167,244",2:61:2|2:99:2|2:642:2
ckpt_3400.pt,2,949,0.46447494626045227,0.11224724352359772,0.3721989095211029,"48,39,115,107,255","59,22,128,82,20",2:15:2|2:198:2|2:297:2
ckpt_3400.pt,2,950,0.5389440059661865,0.09562019258737564,0.43479230999946594,"110,3,27,55,242","52,205,86,113,36",2:409:2|2:9:1|2:27:1
ckpt_3400.pt,2,951,0.42340773344039917,0.06500967592000961,0.40829920768737793,"143,81,223,163,135","182,254,51,230,139",2:186:2|2:269:2|2:3:1
ckpt_3400.pt,2,952,0.47224971652030945,0.08644156157970428,0.39386627078056335,"51,96,199,171,4","96,250,48,49,80",2:261:2|2:372:2|2:505:2
ckpt_3400.pt,2,953,0.4212954342365265,0.07345356792211533,0.3918927311897278,"108,113,79,209,161","4,71,234,255,43",2:131:2|2:133:2|2:149:2
ckpt_3400.pt,2,954,0.5638862252235413,0.11416572332382202,0.447099506855011,"200,138,37,139,143","213,56,191,180,41",2:112:2|2:427:2|2:649:2
ckpt_3400.pt,2,955,0.5499135851860046,0.11336838454008102,0.4508916735649109,"222,144,57,99,8","150,0,234,117,193",2:94:2|2:329:2|2:576:2
ckpt_3400.pt,2,956,0.46487411856651306,0.08903905004262924,0.39013439416885376,"239,227,104,0,229","173,88,250,225,119",2:247:2|2:478:2|2:715:2
ckpt_3400.pt,2,957,0.43221428990364075,0.06710422039031982,0.3675349950790405,"201,35,33,223,114","110,15,52,174,73",2:375:2|2:434:2|2:470:2
ckpt_3400.pt,2,958,0.4491216242313385,0.07374696433544159,0.360175758600235,"190,188,87,163,176","138,34,224,67,124",2:26:2|2:302:2|2:377:2
ckpt_3400.pt,2,959,0.4269394874572754,0.06962960213422775,0.37241804599761963,"79,134,240,80,67","43,80,247,189,174",2:584:2|2:698:2|2:808:2
ckpt_3400.pt,2,960,0.45156022906303406,0.07777699828147888,0.3804711401462555,"214,28,44,180,178","202,170,179,37,68",2:820:2|2:32:1|2:39:1
ckpt_3400.pt,2,961,0.4576820731163025,0.09284650534391403,0.3776896595954895,"182,133,107,9,45","50,35,80,47,109",2:534:2|2:842:2|2:938:2
ckpt_3400.pt,2,962,0.5199506282806396,0.11798911541700363,0.45886561274528503,"40,125,10,115,184","87,128,135,101,46",2:681:2|2:713:2|2:843:2
ckpt_3400.pt,2,963,0.40540972352027893,0.07049158960580826,0.3639569878578186,"212,97,22,16,231","184,87,230,159,250",2:205:2|2:333:2|2:21:1
ckpt_3400.pt,2,964,0.4387519955635071,0.08552426099777222,0.36002010107040405,"124,243,41,56,202","137,196,154,181,135",2:9:2|2:339:2|2:1012:2
ckpt_3400.pt,2,965,0.38628095388412476,0.06951525807380676,0.36404263973236084,"37,43,142,100,70","137,239,86,89,214",2:66:2|2:139:2|2:604:2
ckpt_3400.pt,2,966,0.5719668865203857,0.09815704822540283,0.46147242188453674,"160,36,191,163,199","47,238,113,211,71",2:77:2|2:916:2|2:14:1
ckpt_3400.pt,2,967,0.45502185821533203,0.08716291934251785,0.3997681140899658,"75,59,130,55,31","108,84,16,20,0",2:352:2|2:906:2|2:0:1
ckpt_3400.pt,2,968,0.4038715362548828,0.06798335909843445,0.348926842212677,"99,34,138,216,171","144,66,225,171,244",2:225:2|2:261:2|2:418:2
ckpt_3400.pt,2,969,0.4710223376750946,0.07667985558509827,0.4190715253353119,"69,243,27,193,125","93,111,163,157,70",2:307:2|2:8:1|2:9:1
ckpt_3400.pt,2,970,0.43344733119010925,0.07014675438404083,0.3891218304634094,"46,118,192,12,141","220,95,161,118,30",2:286:2|2:813:2|2:859:2
ckpt_3400.pt,2,971,0.4463537037372589,0.07326968759298325,0.3670724928379059,"209,70,80,41,52","193,71,245,16,80",2:65:2|2:199:2|2:433:2
ckpt_3400.pt,2,972,0.5403398275375366,0.09229344129562378,0.4437566101551056,"206,182,219,9,19","79,27,179,147,232",2:164:2|2:237:2|2:259:2
ckpt_3400.pt,2,973,0.3961726427078247,0.08354055136442184,0.3410230576992035,"61,170,219,46,22","152,44,229,220,138",2:144:2|2:18:1|2:24:1
ckpt_3400.pt,2,974,0.4622759521007538,0.08416575938463211,0.38765349984169006,"158,67,197,199,243","148,32,57,215,185",2:350:2|2:467:2|2:9:1
ckpt_3400.pt,2,975,0.4602331817150116,0.097773976624012,0.4164581596851349,"13,30,196,45,28","47,196,191,207,250",2:863:2|2:13:1|2:17:1
ckpt_3400.pt,2,976,0.45381736755371094,0.0862068235874176,0.3999680280685425,"133,102,80,139,204","66,162,122,151,149",2:436:2|2:509:2|2:4:1
ckpt_3400.pt,2,977,0.4854986071586609,0.11340780556201935,0.37532129883766174,"217,20,165,124,64","216,27,117,119,9",2:655:2|2:9:1|2:31:1
ckpt_3400.pt,2,978,0.46961620450019836,0.080533966422081,0.42148783802986145,"216,139,93,2,180","230,171,17,119,50",2:52:2|2:113:2|2:163:2
ckpt_3400.pt,2,979,0.5679857730865479,0.10591169446706772,0.45941847562789917,"105,220,51,17,11","246,102,19,176,77",2:474:3|2:296:2|2:661:2
ckpt_3400.pt,2,980,0.49232473969459534,0.09796658158302307,0.42002183198928833,"105,173,154,181,153","126,47,71,72,160",2:209:2|2:51:1|2:99:1
ckpt_3400.pt,2,981,0.4737553894519806,0.0965602919459343,0.39842286705970764,"247,170,241,228,103","54,98,73,86,156",2:79:2|2:115:2|2:405:2
ckpt_3400.pt,2,982,0.4500959813594818,0.1085982471704483,0.3442096710205078,"46,253,123,112,115","135,172,1,74,139",2:389:2|2:864:2|2:1:1
ckpt_3400.pt,2,983,0.5303602814674377,0.09611860662698746,0.4168436527252197,"207,230,90,194,178","66,252,130,69,179",2:459:2|2:1010:2|2:6:1
ckpt_3400.pt,2,984,0.4304138720035553,0.0866394191980362,0.3938850462436676,"184,204,23,207,130","204,186,210,220,231",2:96:2|2:319:2|2:325:2
ckpt_3400.pt,2,985,0.5286391377449036,0.09012975543737411,0.43209755420684814,"220,215,120,170,150","150,173,128,86,238",2:69:2|2:34:1|2:40:1
ckpt_3400.pt,2,986,0.44354599714279175,0.09372387826442719,0.3623022139072418,"126,252,208,150,230","96,112,231,251,84",2:379:2|2:6:1|2:7:1
ckpt_3400.pt,2,987,0.4894213080406189,0.08817049860954285,0.4101095497608185,"127,188,52,185,243","9,175,137,146,110",2:671:2|2:2:1|2:8:1
ckpt_3400.pt,2,988,0.5310431122779846,0.11923079937696457,0.42814958095550537,"197,154,46,56,102","217,129,174,202,172",2:117:2|2:9:1|2:18:1
ckpt_3400.pt,2,989,0.4680563509464264,0.09424454718828201,0.35035035014152527,"164,129,19,244,83","39,180,236,89,138",2:490:2|2:802:2|2:2:1
ckpt_3400.pt,2,990,0.4479699730873108,0.08927454799413681,0.39123716950416565,"129,231,33,178,42","91,214,61,101,144",2:226:2|2:357:2|2:599:2
ckpt_3400.pt,2,991,0.4682905673980713,0.0808437392115593,0.39773568511009216,"77,204,173,83,30","198,16,227,242,122",2:76:1|2:88:1|2:96:1
ckpt_3400.pt,2,992,0.5337291955947876,0.09347843378782272,0.39390259981155396,"97,14,44,73,167","247,239,226,250,194",2:28:2|2:105:2|2:147:2
ckpt_3400.pt,2,993,0.5718202590942383,0.10320761799812317,0.4745558798313141,"11,92,207,54,252","153,186,245,180,178",2:81:2|2:336:2|2:474:2
ckpt_3400.pt,2,994,0.519474983215332,0.08994965255260468,0.43084022402763367,"59,187,169,42,255","144,102,219,162,65",2:158:2|2:226:2|2:311:2
ckpt_3400.pt,2,995,0.44244325160980225,0.08299554139375687,0.39061853289604187,"239,197,141,153,179","55,23,99,214,226",2:238:2|2:0:1|2:3:1
ckpt_3400.pt,2,996,0.3927225172519684,0.07591509073972702,0.35661640763282776,"136,47,118,183,83","174,38,252,114,248",2:482:2|2:528:2|2:870:2
ckpt_3400.pt,2,997,0.47547447681427,0.09117408841848373,0.4097800850868225,"7,61,5,24,225","121,113,46,110,22",2:509:2|2:620:2|2:686:2
ckpt_3400.pt,2,998,0.5349085927009583,0.10170533508062363,0.4062091112136841,"42,189,96,102,3","16,24,165,54,82",2:362:2|2:428:2|2:441:2
ckpt_3400.pt,2,999,0.5006717443466187,0.09197226911783218,0.4132688641548157,"97,141,115,129,96","97,38,169,224,185",2:1:1|2:2:1|2:5:1
ckpt_3400.pt,2,1000,0.45447924733161926,0.08971502631902695,0.4179757833480835,"247,111,52,5,253","33,61,100,18,168",2:433:2|2:673:2|2:14:1
ckpt_3400.pt,2,1001,0.5165541768074036,0.11177081614732742,0.39229831099510193,"43,172,42,162,88","97,116,166,160,207",2:694:2|2:783:2|2:794:2
ckpt_3400.pt,2,1002,0.45809686183929443,0.07632163912057877,0.37503355741500854,"119,146,23,21,147","219,246,40,34,160",2:586:2|2:876:2|2:17:1
ckpt_3400.pt,2,1003,0.4466145634651184,0.11625722795724869,0.3590274155139923,"22,38,209,33,226","255,199,187,48,210",2:264:2|2:763:2|2:923:2
ckpt_3400.pt,2,1004,0.4680091142654419,0.08548559248447418,0.37915271520614624,"195,217,60,131,207","18,11,1,204,193",2:6:2|2:31:2|2:364:2
ckpt_3400.pt,2,1005,0.38416483998298645,0.06967226415872574,0.33713364601135254,"102,100,190,171,249","0,58,34,31,22",2:268:2|2:415:2|2:1:1
ckpt_3400.pt,2,1006,0.564342737197876,0.12190444767475128,0.47615012526512146,"3,167,96,45,255","142,122,221,49,236",2:236:2|2:254:2|2:428:2
ckpt_3400.pt,2,1007,0.4384733736515045,0.11318331956863403,0.38341566920280457,"207,206,181,68,127","69,201,107,178,237",2:81:2|2:777:2|2:2:1
ckpt_3400.pt,2,1008,0.5159898400306702,0.09941788017749786,0.4218504726886749,"57,23,86,35,142","33,60,5,196,128",2:185:2|2:815:2|2:828:2
ckpt_3400.pt,2,1009,0.4908473789691925,0.11078202724456787,0.3910101652145386,"32,100,7,229,168","244,241,172,176,228",2:301:3|2:13:2|2:129:2
ckpt_3400.pt,2,1010,0.45377790927886963,0.100009985268116,0.3800030052661896,"95,48,178,194,46","225,131,198,79,158",2:452:2|2:563:2|2:709:2
ckpt_3400.pt,2,1011,0.4091046154499054,0.07968391478061676,0.36964520812034607,"227,144,209,50,80","75,34,166,82,184",2:971:2|2:18:1|2:19:1
ckpt_3400.pt,2,1012,0.4660704433917999,0.07889780402183533,0.3735453188419342,"202,214,194,41,43","20,230,3,134,165",2:339:2|2:964:2|2:26:1
ckpt_3400.pt,2,1013,0.4755685031414032,0.08741411566734314,0.3929004669189453,"196,140,75,129,91","88,79,46,15,97",2:101:2|2:244:2|2:340:2
ckpt_3400.pt,2,1014,0.47469717264175415,0.0918864756822586,0.39140886068344116,"166,137,172,81,124","68,162,89,166,67",2:679:2|2:15:1|2:51:1
ckpt_3400.pt,2,1015,0.4093046188354492,0.0653313472867012,0.36534395813941956,"29,151,105,132,36","108,113,180,77,166",2:466:2|2:783:2|2:811:2
ckpt_3400.pt,2,1016,0.44806021451950073,0.08283720910549164,0.3962900936603546,"46,59,231,221,54","148,110,190,231,76",2:24:2|2:144:2|2:185:2
ckpt_3400.pt,2,1017,0.44097939133644104,0.06721392273902893,0.3712359666824341,"187,137,43,203,206","144,49,94,123,216",2:78:2|2:164:2|2:338:2
ckpt_3400.pt,2,1018,0.4351446032524109,0.10244213789701462,0.37919941544532776,"57,54,35,230,152","6,192,144,98,154",2:87:2|2:440:2|2:741:2
ckpt_3400.pt,2,1019,0.5071530342102051,0.09572016447782516,0.4180366098880768,"134,62,255,6,70","33,74,164,212,162",2:732:2|2:750:2|2:861:2
ckpt_3400.pt,2,1020,0.4792823791503906,0.11888831853866577,0.4145142734050751,"113,168,240,232,229","17,73,75,127,37",2:452:2|2:454:2|2:503:2
ckpt_3400.pt,2,1021,0.5266684889793396,0.08397103101015091,0.4239596724510193,"121,2,213,142,25","41,245,30,166,45",2:106:2|2:471:2|2:820:2
ckpt_3400.pt,2,1022,0.48173394799232483,0.10397063195705414,0.4102775752544403,"152,186,53,214,116","193,141,152,171,129",2:71:2|2:654:2|2:5:1
ckpt_3400.pt,2,1023,0.45823192596435547,0.08220115303993225,0.3892967998981476,"204,230,237,96,253","241,143,170,168,94",2:524:2|2:66:1|2:70:1
ckpt_3400.pt,3,0,0.4227749705314636,0.07351499050855637,0.3773832321166992,"208,145,212,103,76","55,143,73,57,91",3:967:2|3:8:1|3:9:1
ckpt_3400.pt,3,1,0.5307413935661316,0.11597096174955368,0.4379536807537079,"235,204,248,65,86","236,223,56,107,9",3:16:2|3:146:2|3:572:2
ckpt_3400.pt,3,2,0.48425090312957764,0.09544921666383743,0.3898316025733948,"181,142,152,81,117","129,225,8,10,45",3:307:2|3:470:2|3:9:1
ckpt_3400.pt,3,3,0.5193586349487305,0.09484940022230148,0.43550044298171997,"120,210,135,98,247","194,191,201,160,82",3:490:2|3:853:2|3:9:1
ckpt_3400.pt,3,4,0.5384287238121033,0.0922943726181984,0.4437626600265503,"216,79,205,22,197","167,130,244,98,96",3:597:2|3:830:2|3:878:2
ckpt_3400.pt,3,5,0.5255430936813354,0.11426195502281189,0.4371040165424347,"101,248,24,241,217","124,199,105,32,52",3:41:2|3:376:2|3:466:2
ckpt_3400.pt,3,6,0.5269892811775208,0.0905512273311615,0.46634402871131897,"75,80,233,240,67","52,197,75,235,30",3:342:2|3:646:2|3:961:2
ckpt_3400.pt,3,7,0.5039483904838562,0.09594811499118805,0.4401959180831909,"106,129,95,132,94","89,102,150,52,106",3:341:3|3:72:2|3:449:2
ckpt_3400.pt,3,8,0.49649298191070557,0.09248197823762894,0.4205862283706665,"76,227,63,93,14","80,221,203,27,67",3:96:2|3:657:2|3:795:2
ckpt_3400.pt,3,9,0.48698097467422485,0.09289457648992538,0.3944425582885742,"142,210,208,150,185","105,222,131,24,122",3:562:2|3:787:2|3:0:1
ckpt_3400.pt,3,10,0.4929967522621155,0.10176137834787369,0.4355632960796356,"88,14,37,183,253","90,0,36,101,200",3:8:1|3:17:1|3:27:1
ckpt_3400.pt,3,11,0.5419734120368958,0.11514933407306671,0.46540868282318115,"147,113,16,118,119","237,49,118,56,194",3:141:2|3:251:2|3:754:2
ckpt_3400.pt,3,12,0.42780134081840515,0.0685843899846077,0.3695652186870575,"132,243,234,103,254","4,159,91,202,89",3:461:2|3:673:2|3:674:2
ckpt_3400.pt,3,13,0.4802662134170532,0.07408925890922546,0.3972832262516022,"176,122,29,44,115","79,93,236,144,6",3:130:2|3:469:2|3:696:2
ckpt_3400.pt,3,14,0.530227780342102,0.10729187726974487,0.44376471638679504,"40,215,11,197,128","215,219,6,168,217",3:451:2|3:584:2|3:598:2
ckpt_3400.pt,3,15,0.5482710599899292,0.1389399915933609,0.41835007071495056,"47,32,53,95,164","118,189,116,162,31",3:172:2|3:316:2|3:502:2
ckpt_3400.pt,3,16,0.40126609802246094,0.07874036580324173,0.3722826838493347,"65,18,235,107,108","207,121,205,178,160",3:1:2|3:168:2|3:188:2
ckpt_3400.pt,3,17,0.4967581033706665,0.09009263664484024,0.41223371028900146,"182,253,93,89,32","83,211,108,231,73",3:379:2|3:511:2|3:832:2
ckpt_3400.pt,3,18,0.46892309188842773,0.07040721923112869,0.4094292223453522,"151,38,107,50,29","15,74,96,57,139",3:855:2|3:13:1|3:16:1
ckpt_3400.pt,3,19,0.4529837369918823,0.09388671070337296,0.37932607531547546,"250,212,38,180,122","180,245,44,234,187",3:737:2|3:0:1|3:13:1
ckpt_3400.pt,3,20,0.4423650801181793,0.08273865282535553,0.38647544384002686,"239,46,250,141,3","118,141,226,171,142",3:324:2|3:693:2|3:812:2
ckpt_3400.pt,3,21,0.5231107473373413,0.09458807110786438,0.4482885003089905,"148,143,89,113,77","232,12,172,234,17",3:347:2|3:908:2|3:11:1
ckpt_3400.pt,3,22,0.5053322911262512,0.09033873677253723,0.45005515217781067,"25,152,125,92,226","6,106,50,83,84",3:321:2|3:2:1|3:38:1
ckpt_3400.pt,3,23,0.4801928699016571,0.11436142027378082,0.3782460689544678,"170,3,203,149,41","244,213,111,255,236",3:499:2|3:20:1|3:38:1
ckpt_3400.pt,3,24,0.4437755346298218,0.10085093230009079,0.3867866098880768,"248,230,34,162,76","245,220,161,252,210",3:276:2|3:1007:2|3:0:1
ckpt_3400.pt,3,25,0.4928717613220215,0.08830526471138,0.4406014382839203,"175,4,112,249,141","60,135,153,101,98",3:156:2|3:525:2|3:632:2
ckpt_3400.pt,3,26,0.4931482970714569,0.10050518065690994,0.4111436903476715,"190,220,227,144,197","190,216,30,62,235",3:203:2|3:206:2|3:479:2
ckpt_3400.pt,3,27,0.4358580708503723,0.0701749324798584,0.3655758798122406,"163,27,195,14,129","135,92,254,167,172",3:40:2|3:288:2|3:906:2
ckpt_3400.pt,3,28,0.4691874086856842,0.08755794167518616,0.4196009933948517,"24,228,232,196,208","27,54,23,125,49",3:459:2|3:587:2|3:0:1
ckpt_3400.pt,3,29,0.4166359007358551,0.07811471819877625,0.41046908497810364,"147,137,89,200,160","116,31,201,19,22",3:582:2|3:637:2|3:854:2
ckpt_3400.pt,3,30,0.5167056322097778,0.11044898629188538,0.4395018219947815,"10,38,36,220,215","5,185,38,235,204",3:94:2|3:598:2|3:14:1
ckpt_3400.pt,3,31,0.4863109588623047,0.09673973172903061,0.39366528391838074,"121,174,100,150,53","35,96,115,10,188",3:180:2|3:447:2|3:757:2
ckpt_3400.pt,3,32,0.5523484349250793,0.11854294687509537,0.43792566657066345,"15,137,146,103,96","84,162,17,97,9",3:307:2|3:713:2|3:911:2
ckpt_3400.pt,3,33,0.4696919322013855,0.09028855711221695,0.4001692831516266,"33,101,103,97,143","247,25,100,144,70",3:726:2|3:0:1|3:5:1
ckpt_3400.pt,3,34,0.4297020435333252,0.07853563129901886,0.35943272709846497,"161,172,244,205,49","255,80,226,230,140",3:182:2|3:193:2|3:376:2
ckpt_3400.pt,3,35,0.5151181817054749,0.09370965510606766,0.4511317312717438,"185,169,79,202,146","79,83,69,11,129",3:250:2|3:399:2|3:535:2
ckpt_3400.pt,3,36,0.5130840539932251,0.1128334254026413,0.42830154299736023,"209,251,146,33,18","185,99,246,60,22",3:175:2|3:342:2|3:837:2
ckpt_3400.pt,3,37,0.5154284834861755,0.12626677751541138,0.4563657343387604,"93,83,211,16,140","228,0,38,126,190",3:149:2|3:591:2|3:915:2
ckpt_3400.pt,3,38,0.5669415593147278,0.1181245744228363,0.5081145167350769,"95,110,203,25,204","203,240,34,124,139",3:337:2|3:1:1|3:7:1
ckpt_3400.pt,3,39,0.5029321312904358,0.08482107520103455,0.4152924716472626,"47,80,22,227,127","219,190,58,25,110",3:315:2|3:410:2|3:613:2
ckpt_3400.pt,3,40,0.5062795877456665,0.1015976071357727,0.4145812690258026,"203,161,11,129,195","56,131,99,61,113",3:27:2|3:47:2|3:89:2
ckpt_3400.pt,3,41,0.4242394268512726,0.07109890878200531,0.3820596933364868,"6,101,155,217,67","90,67,46,157,135",3:5:2|3:6:1|3:33:1
ckpt_3400.pt,3,42,0.530394434928894,0.11139955371618271,0.4790627062320709,"36,51,106,75,90","120,56,146,185,53",3:58:2|3:128:2|3:344:2
ckpt_3400.pt,3,43,0.4435640573501587,0.07522609829902649,0.3633383810520172,"247,6,31,156,20","225,211,28,168,135",3:100:2|3:493:2|3:890:2
ckpt_3400.pt,3,44,0.48890426754951477,0.09749685227870941,0.38893550634384155,"183,254,129,86,96","49,36,229,232,210",3:55:2|3:288:2|3:994:2
ckpt_3400.pt,3,45,0.5058687329292297,0.08932606130838394,0.42603135108947754,"232,58,143,75,141","141,84,97,106,96",3:68:2|3:630:2|3:843:2
ckpt_3400.pt,3,46,0.5193681716918945,0.1041892021894455,0.4216913878917694,"232,74,195,239,102","242,160,10,74,88",3:529:2|3:587:2|3:20:1
ckpt_3400.pt,3,47,0.5459190011024475,0.12115924060344696,0.4572511911392212,"156,48,195,161,113","246,134,109,75,47",3:40:2|3:11:1|3:21:1
ckpt_3400.pt,3,48,0.5118508338928223,0.11151011288166046,0.4068799316883087,"6,91,210,223,0","190,204,149,97,32",3:3:1|3:9:1|3:41:1
ckpt_3400.pt,3,49,0.49401867389678955,0.09306187927722931,0.44208118319511414,"85,70,159,100,143","3,233,35,29,16",3:21:1|3:31:1|3:33:1
ckpt_3400.pt,3,50,0.5381103157997131,0.12363558262586594,0.4579688310623169,"160,206,233,19,79","174,86,181,125,170",3:187:2|3:476:2|3:535:2
ckpt_3400.pt,3,51,0.4295979142189026,0.07820051163434982,0.4075479805469513,"189,196,151,37,31","222,128,30,16,141",3:78:2|3:289:2|3:470:2
ckpt_3400.pt,3,52,0.5682864785194397,0.09866026788949966,0.4740492105484009,"75,230,86,189,56","230,145,18,110,195",3:138:2|3:378:2|3:386:2
ckpt_3400.pt,3,53,0.5856395959854126,0.09941748529672623,0.4727648198604584,"112,28,248,116,181","172,62,210,224,179",3:648:2|3:965:2|3:1019:2
ckpt_3400.pt,3,54,0.44206172227859497,0.0959002897143364,0.39560937881469727,"100,64,233,88,16","234,100,81,7,157",3:724:2|3:823:2|3:6:1
ckpt_3400.pt,3,55,0.5107325315475464,0.0853298008441925,0.4486381709575653,"254,193,183,46,184","121,14,58,170,110",3:44:2|3:103:2|3:207:2
ckpt_3400.pt,3,56,0.4887476861476898,0.10074017196893692,0.42009443044662476,"48,221,216,19,213","209,137,57,49,36",3:184:2|3:436:2|3:478:2
ckpt_3400.pt,3,57,0.39888083934783936,0.07119692862033844,0.38862040638923645,"1,44,188,43,213","27,193,85,130,144",3:226:2|3:382:2|3:416:2
ckpt_3400.pt,3,58,0.43956342339515686,0.08074572682380676,0.3634735643863678,"75,100,106,63,66","51,5,116,58,82",3:42:2|3:524:2|3:724:2
ckpt_3400.pt,3,59,0.5162668228149414,0.0788770318031311,0.44407933950424194,"233,38,25,168,217","117,125,242,60,96",3:745:2|3:786:2|3:5:1
ckpt_3400.pt,3,60,0.4615040719509125,0.09122178703546524,0.4052632749080658,"57,153,161,255,225","216,94,39,61,144",3:220:2|3:564:2|3:651:2
ckpt_3400.pt,3,61,0.522346019744873,0.09123197197914124,0.4651537835597992,"25,40,208,190,105","84,80,65,92,75",3:364:2|3:790:2|3:0:1
ckpt_3400.pt,3,62,0.47835227847099304,0.08769722282886505,0.40633389353752136,"2,73,20,64,126","224,72,13,114,140",3:405:2|3:868:2|3:43:1
ckpt_3400.pt,3,63,0.4589771032333374,0.08256810903549194,0.41011250019073486,"211,105,112,85,65","201,184,251,216,44",3:979:2|3:1:1|3:16:1
ckpt_3400.pt,3,64,0.5206940174102783,0.10323330760002136,0.45587965846061707,"182,8,165,99,242","189,24,247,25,155",3:509:2|3:17:1|3:82:1
ckpt_3400.pt,3,65,0.6346901059150696,0.10549862682819366,0.5082398653030396,"224,146,206,65,89","254,255,233,230,172",3:231:2|3:294:2|3:722:2
ckpt_3400.pt,3,66,0.4580029547214508,0.09164657443761826,0.38706329464912415,"136,129,181,251,216","249,242,196,246,138",3:555:2|3:842:2|3:933:2
ckpt_3400.pt,3,67,0.5268945097923279,0.09119716286659241,0.4315427839756012,"223,84,9,229,106","233,112,79,22,54",3:849:2|3:7:1|3:42:1
ckpt_3400.pt,3,68,0.4865110218524933,0.10090333223342896,0.41164591908454895,"58,162,143,94,88","179,111,101,58,176",3:45:2|3:429:2|3:544:2
ckpt_3400.pt,3,69,0.47662121057510376,0.09206930547952652,0.3834003210067749,"114,167,18,248,105","75,254,216,65,153",3:515:2|3:950:2|3:1:1
ckpt_3400.pt,3,70,0.4625103771686554,0.0900200679898262,0.40456265211105347,"184,37,110,209,117","127,205,97,73,213",3:162:2|3:485:2|3:993:2
ckpt_3400.pt,3,71,0.4548085331916809,0.08154907822608948,0.37383371591567993,"32,170,116,161,96","114,197,65,195,32",3:834:3|3:254:2|3:769:2
ckpt_3400.pt,3,72,0.50578773021698,0.09225902706384659,0.4196254312992096,"129,189,132,145,53","4,252,26,179,233",3:7:2|3:192:2|3:302:2
ckpt_3400.pt,3,73,0.48479053378105164,0.0796467587351799,0.4006265103816986,"57,163,125,156,166","158,241,251,122,134",3:144:2|3:493:2|3:22:1
ckpt_3400.pt,3,74,0.4429430663585663,0.08673357218503952,0.39230668544769287,"252,217,175,11,120","53,37,157,128,117",3:222:2|3:413:2|3:814:2
ckpt_3400.pt,3,75,0.4969559609889984,0.10986345261335373,0.4183924198150635,"114,176,250,216,189","11,209,200,129,244",3:4:1|3:13:1|3:19:1
ckpt_3400.pt,3,76,0.5188559889793396,0.09997579455375671,0.4308212399482727,"132,194,74,147,28","137,55,29,120,109",3:141:2|3:368:2|3:396:2
ckpt_3400.pt,3,77,0.530152440071106,0.09413366764783859,0.44440460205078125,"31,79,27,128,117","44,107,69,92,229",3:237:2|3:300:2|3:467:2
ckpt_3400.pt,3,78,0.4839470088481903,0.08291532844305038,0.40248116850852966,"31,244,189,226,142","216,205,248,157,225",3:51:2|3:163:2|3:299:2
ckpt_3400.pt,3,79,0.476340115070343,0.08571206033229828,0.41482168436050415,"75,24,128,220,48","241,204,135,227,151",3:222:2|3:503:2|3:575:2
ckpt_3400.pt,3,80,0.4651471972465515,0.07416214048862457,0.4084987938404083,"21,77,227,56,134","235,254,226,134,142",3:167:2|3:479:2|3:8:1
ckpt_3400.pt,3,81,0.5444133877754211,0.1074974536895752,0.45410463213920593,"66,57,202,70,213","218,213,232,200,54",3:220:2|3:695:2|3:872:2
ckpt_3400.pt,3,82,0.5155408382415771,0.10583297908306122,0.40639421343803406,"93,38,84,216,242","239,220,212,222,16",3:105:2|3:181:2|3:658:2
ckpt_3400.pt,3,83,0.5354966521263123,0.10420025885105133,0.4222705066204071,"189,130,166,137,124","128,202,188,250,161",3:29:1|3:32:1|3:51:1
ckpt_3400.pt,3,84,0.5210270285606384,0.08133424073457718,0.4663037955760956,"145,215,235,149,58","210,230,223,125,52",3:603:2|3:0:1|3:1:1
ckpt_3400.pt,3,85,0.46215251088142395,0.10092932730913162,0.40706467628479004,"107,33,131,142,213","84,181,101,200,108",3:226:2|3:398:2|3:2:1
ckpt_3400.pt,3,86,0.5046707391738892,0.10170372575521469,0.4397640824317932,"6,47,69,219,21","215,29,80,39,232",3:431:2|3:508:2|3:730:2
ckpt_3400.pt,3,87,0.5135482549667358,0.09716465324163437,0.4352979362010956,"63,108,161,148,192","68,146,201,158,44",3:134:2|3:8:1|3:16:1
ckpt_3400.pt,3,88,0.472764790058136,0.08302873373031616,0.3982662260532379,"98,225,230,254,156","215,233,169,20,126",3:150:2|3:207:2|3:276:2
ckpt_3400.pt,3,89,0.4833160638809204,0.10334398597478867,0.4019532799720764,"49,137,203,129,77","115,138,172,1,159",3:40:2|3:218:2|3:253:2
ckpt_3400.pt,3,90,0.5490643978118896,0.11375752091407776,0.4271232783794403,"217,7,167,224,234","71,105,145,198,174",3:390:2|3:5:1|3:12:1
ckpt_3400.pt,3,91,0.5319963693618774,0.10187020897865295,0.4208025336265564,"205,56,139,10,11","170,197,36,21,233",3:567:2|3:878:2|3:4:1
ckpt_3400.pt,3,92,0.5441336035728455,0.10123267769813538,0.47715115547180176,"191,12,61,169,62","157,216,106,197,174",3:35:1|3:112:1|3:126:1
ckpt_3400.pt,3,93,0.535536527633667,0.10883155465126038,0.4455172121524811,"154,32,3,217,113","105,147,32,65,221",3:378:2|3:710:2|3:914:2
ckpt_3400.pt,3,94,0.4913352429866791,0.09087793529033661,0.41106116771698,"97,116,220,38,155","9,8,117,79,57",3:30:2|3:794:2|3:18:1
ckpt_3400.pt,3,95,0.4343954920768738,0.07953948527574539,0.35249146819114685,"123,64,7,83,58","131,241,16,15,164",3:693:2|3:37:1|3:45:1
ckpt_3400.pt,3,96,0.4976695477962494,0.08700360357761383,0.39964160323143005,"76,47,223,63,141","53,195,3,120,94",3:8:2|3:327:2|3:502:2
ckpt_3400.pt,3,97,0.49489808082580566,0.09447193145751953,0.4367620348930359,"223,59,42,96,36","124,240,73,196,112",3:159:2|3:625:2|3:30:1
ckpt_3400.pt,3,98,0.4647091031074524,0.08862930536270142,0.3901008069515228,"216,70,149,45,110","117,25,220,123,217",3:205:2|3:265:2|3:427:2
ckpt_3400.pt,3,99,0.491519957780838,0.08407869189977646,0.40857595205307007,"204,17,63,160,146","131,133,31,140,53",3:240:2|3:256:2|3:640:2
ckpt_3400.pt,3,100,0.5271966457366943,0.1249074712395668,0.43684035539627075,"75,154,247,31,252","155,64,235,15,97",3:43:2|3:128:2|3:222:2
ckpt_3400.pt,3,101,0.4554089903831482,0.08481088280677795,0.4609089195728302,"206,157,116,234,53","162,246,229,86,183",3:270:2|3:12:1|3:15:1
ckpt_3400.pt,3,102,0.5527371764183044,0.09624983370304108,0.44581088423728943,"85,123,94,102,81","112,136,216,23,48",3:440:2|3:569:2|3:739:2
ckpt_3400.pt,3,103,0.6003303527832031,0.12131809443235397,0.4657263457775116,"36,45,254,46,232","202,34,254,19,17",3:55:2|3:194:2|3:570:2
ckpt_3400.pt,3,104,0.5669392943382263,0.1128707155585289,0.4727179706096649,"95,152,186,254,49","118,49,0,207,252",3:374:2|3:923:2|3:929:2
ckpt_3400.pt,3,105,0.47700995206832886,0.08667637407779694,0.43082675337791443,"242,203,229,178,93","205,254,113,24,240",3:82:2|3:614:2|3:8:1
ckpt_3400.pt,3,106,0.5441287159919739,0.11046890169382095,0.4653559923171997,"100,89,96,244,38","206,185,80,133,172",3:501:2|3:745:2|3:994:2
ckpt_3400.pt,3,107,0.46347707509994507,0.09974490851163864,0.3798390030860901,"32,80,196,180,226","210,116,17,207,8",3:163:2|3:492:2|3:622:2
ckpt_3400.pt,3,108,0.5467283129692078,0.10622485727071762,0.45193201303482056,"89,132,79,155,156","46,251,90,240,212",3:776:2|3:1018:2|3:4:1
ckpt_3400.pt,3,109,0.5014514327049255,0.12889251112937927,0.4278016686439514,"82,126,230,106,17","159,130,163,196,120",3:256:2|3:317:2|3:325:2
ckpt_3400.pt,3,110,0.473389208316803,0.07882208377122879,0.38633427023887634,"21,34,105,173,31","204,220,81,131,69",3:165:2|3:828:2|3:24:1
ckpt_3400.pt,3,111,0.5025525093078613,0.1195816770195961,0.3994934856891632,"188,96,235,128,93","243,178,166,235,107",3:329:2|3:360:2|3:1:1
ckpt_3400.pt,3,112,0.4701008200645447,0.09521900862455368,0.3957076072692871,"209,62,51,163,63","212,48,207,113,157",3:711:2|3:910:2|3:8:1
ckpt_3400.pt,3,113,0.5212557911872864,0.13047964870929718,0.4673449695110321,"219,4,17,65,125","46,6,41,53,234",3:971:2|3:1:1|3:16:1
ckpt_3400.pt,3,114,0.5099755525588989,0.10783146321773529,0.4019932150840759,"81,217,53,159,146","112,62,117,190,84",3:569:2|3:713:2|3:726:2
ckpt_3400.pt,3,115,0.48531532287597656,0.07809700816869736,0.41972649097442627,"201,161,213,120,13","233,230,205,4,102",3:217:2|3:297:2|3:414:2
ckpt_3400.pt,3,116,0.5257171988487244,0.09264850616455078,0.41361522674560547,"184,180,22,102,13","143,91,172,150,126",3:162:2|3:286:2|3:613:2
ckpt_3400.pt,3,117,0.5114462971687317,0.13287310302257538,0.4175383150577545,"248,234,174,152,63","175,82,155,217,228",3:670:2|3:1:1|3:2:1
ckpt_3400.pt,3,118,0.48909133672714233,0.085746631026268,0.4100443124771118,"50,155,59,13,108","144,24,128,251,146",3:16:1|3:18:1|3:41:1
ckpt_3400.pt,3,119,0.5289160013198853,0.12102512270212173,0.4277297556400299,"164,144,86,3,33","117,101,227,145,124",3:206:2|3:378:2|3:397:2
ckpt_3400.pt,3,120,0.479962557554245,0.08987147361040115,0.41292503476142883,"219,226,15,75,183","26,207,85,59,145",3:6:1|3:10:1|3:22:1
ckpt_3400.pt,3,121,0.48023244738578796,0.07823516428470612,0.4060394763946533,"38,128,54,20,58","3,153,38,21,66",3:272:2|3:598:2|3:873:2
ckpt_3400.pt,3,122,0.5057951211929321,0.11566076427698135,0.4192938208580017,"209,40,246,89,87","85,12,67,227,176",3:394:2|3:616:2|3:722:2
ckpt_3400.pt,3,123,0.508539617061615,0.11163034290075302,0.44294658303260803,"224,216,101,244,108","74,205,140,65,71",3:428:2|3:600:2|3:755:2
ckpt_3400.pt,3,124,0.5441332459449768,0.10997380316257477,0.4553069472312927,"134,146,247,180,142","17,119,20,238,217",3:490:2|3:2:1|3:3:1
ckpt_3400.pt,3,125,0.4996602237224579,0.09543750435113907,0.38940685987472534,"166,216,123,145,252","15,217,46,74,172",3:241:2|3:876:2|3:0:1
ckpt_3400.pt,3,126,0.48706960678100586,0.10109426081180573,0.4190693795681,"129,71,61,57,120","195,215,161,34,226",3:349:2|3:3:1|3:7:1
ckpt_3400.pt,3,127,0.5283197164535522,0.11576958745718002,0.4517747163772583,"80,84,203,53,98","17,107,207,220,22",3:177:2|3:337:2|3:580:2
ckpt_3400.pt,3,128,0.5232422947883606,0.09510477632284164,0.39601579308509827,"90,158,112,252,75","234,137,93,191,201",3:42:2|3:100:2|3:222:2
ckpt_3400.pt,3,129,0.5021184086799622,0.09613725543022156,0.43206101655960083,"24,172,5,249,64","155,98,228,200,163",3:299:2|3:795:2|3:5:1
ckpt_3400.pt,3,130,0.5866665840148926,0.14048127830028534,0.485713392496109,"176,122,135,31,243","179,77,19,155,177",3:13:2|3:828:2|3:831:2
ckpt_3400.pt,3,131,0.5208457708358765,0.09338707476854324,0.4216934144496918,"177,114,11,81,54","178,67,145,195,52",3:451:2|3:538:2|3:2:1
ckpt_3400.pt,3,132,0.5374352335929871,0.10583364218473434,0.4560181200504303,"71,121,165,221,154","112,132,166,40,218",3:135:2|3:139:2|3:237:2
ckpt_3400.pt,3,133,0.4872950315475464,0.08091633766889572,0.3933205306529999,"188,120,12,32,9","72,138,161,146,210",3:343:2|3:354:2|3:744:2
ckpt_3400.pt,3,134,0.5617548227310181,0.1163502186536789,0.4420923888683319,"63,108,189,54,154","242,143,110,187,183",3:87:2|3:636:2|3:691:2
ckpt_3400.pt,3,135,0.4862440824508667,0.1009930893778801,0.4361840486526489,"203,26,154,165,147","239,101,206,56,252",3:132:2|3:174:2|3:197:2
ckpt_3400.pt,3,136,0.4567093551158905,0.08280689269304276,0.38250693678855896,"27,80,26,86,68","109,160,126,45,140",3:452:2|3:968:2|3:1:1
ckpt_3400.pt,3,137,0.4426233768463135,0.09874112159013748,0.341473788022995,"50,22,250,171,195","133,202,126,254,128",3:529:2|3:842:2|3:4:1
ckpt_3400.pt,3,138,0.5445742011070251,0.09539221227169037,0.47740328311920166,"59,75,129,196,56","110,76,70,46,161",3:52:2|3:329:2|3:386:2
ckpt_3400.pt,3,139,0.5043714642524719,0.0961495041847229,0.43514660000801086,"188,71,4,6,221","92,155,26,235,150",3:132:2|3:147:2|3:152:2
ckpt_3400.pt,3,140,0.4960952699184418,0.09399884939193726,0.42958471179008484,"72,161,30,1,87","217,231,185,251,34",3:675:2|3:34:1|3:40:1
ckpt_3400.pt,3,141,0.5008125901222229,0.08712895959615707,0.4093441963195801,"147,113,138,28,144","178,163,64,66,199",3:11:2|3:76:2|3:718:2
ckpt_3400.pt,3,142,0.5157021284103394,0.08495578914880753,0.43099790811538696,"233,133,93,161,214","121,104,52,201,152",3:282:2|3:339:2|3:361:2
ckpt_3400.pt,3,143,0.6060056686401367,0.12655077874660492,0.4985370934009552,"145,30,40,182,169","123,134,34,91,18",3:601:2|3:0:1|3:14:1
ckpt_3400.pt,3,144,0.4897471070289612,0.09093388170003891,0.4146299958229065,"241,156,160,125,100","213,105,150,36,29",3:73:2|3:552:2|3:953:2
ckpt_3400.pt,3,145,0.51911860704422,0.0935366153717041,0.41410747170448303,"100,219,207,1,242","242,177,159,186,182",3:323:2|3:675:2|3:31:1
ckpt_3400.pt,3,146,0.5401108264923096,0.08929161727428436,0.45390209555625916,"30,204,35,253,86","11,210,246,212,219",3:1:2|3:423:2|3:1009:2
ckpt_3400.pt,3,147,0.5113140344619751,0.10860849171876907,0.420408695936203,"193,4,156,95,71","159,102,210,139,201",3:139:2|3:175:2|3:261:2
ckpt_3400.pt,3,148,0.5059666633605957,0.13496270775794983,0.4106821119785309,"160,57,244,179,11","80,243,193,41,156",3:409:2|3:667:2|3:14:1
ckpt_3400.pt,3,149,0.4838036596775055,0.07842394709587097,0.40174493193626404,"16,149,38,65,83","17,34,174,163,157",3:37:2|3:745:2|3:1:1
ckpt_3400.pt,3,150,0.47823435068130493,0.09635957330465317,0.4145849049091339,"230,156,231,206,208","147,157,42,216,76",3:88:2|3:231:2|3:633:2
ckpt_3400.pt,3,151,0.4927230477333069,0.1307162046432495,0.41102904081344604,"180,66,173,190,162","55,58,35,136,27",3:210:2|3:699:2|3:715:2
ckpt_3400.pt,3,152,0.4806917607784271,0.10087215155363083,0.416238397359848,"107,51,71,6,134","116,143,15,39,2",3:139:2|3:192:2|3:348:2
ckpt_3400.pt,3,153,0.5841734409332275,0.11823872476816177,0.44990217685699463,"171,153,196,160,143","217,109,15,69,224",3:370:2|3:529:2|3:725:2
ckpt_3400.pt,3,154,0.49670517444610596,0.08876630663871765,0.40779978036880493,"142,214,82,242,127","120,144,76,255,56",3:2:1|3:9:1|3:39:1
ckpt_3400.pt,3,155,0.524692952632904,0.10384427011013031,0.39855533838272095,"199,83,111,18,89","119,13,194,87,189",3:385:3|3:639:2|3:655:2
ckpt_3400.pt,3,156,0.47932493686676025,0.08301255851984024,0.44124504923820496,"42,32,112,234,141","179,245,169,32,73",3:25:2|3:311:2|3:439:2
ckpt_3400.pt,3,157,0.4952157437801361,0.08756373077630997,0.40929678082466125,"225,46,138,194,251","178,169,252,157,221",3:324:2|3:543:2|3:837:2
ckpt_3400.pt,3,158,0.48716264963150024,0.10116074979305267,0.4159819185733795,"232,207,150,188,136","201,35,4,177,197",3:257:2|3:562:2|3:587:2
ckpt_3400.pt,3,159,0.45886892080307007,0.08853297680616379,0.3645806312561035,"205,152,42,96,210","46,67,74,191,248",3:97:2|3:803:2|3:2:1
ckpt_3400.pt,3,160,0.4729507565498352,0.10437038540840149,0.40599727630615234,"56,45,244,174,217","69,131,130,46,135",3:729:2|3:792:2|3:818:2
ckpt_3400.pt,3,161,0.5068356990814209,0.08645275235176086,0.4302804172039032,"141,206,198,169,131","80,182,147,105,24",3:272:2|3:736:2|3:813:2
ckpt_3400.pt,3,162,0.47225016355514526,0.0760689526796341,0.4048232436180115,"22,98,110,198,184","152,18,40,140,85",3:70:2|3:116:2|3:286:2
ckpt_3400.pt,3,163,0.444520503282547,0.07385493814945221,0.3837655484676361,"210,180,244,85,226","210,1,64,193,167",3:78:2|3:107:2|3:618:2
ckpt_3400.pt,3,164,0.5127442479133606,0.08770550042390823,0.44963768124580383,"175,133,189,105,147","190,214,138,148,196",3:289:2|3:396:2|3:983:2
ckpt_3400.pt,3,165,0.4770985543727875,0.08591166883707047,0.41176751255989075,"164,39,173,157,34","156,135,60,53,130",3:110:2|3:287:2|3:459:2
ckpt_3400.pt,3,166,0.45809224247932434,0.09657090157270432,0.41570916771888733,"101,170,131,249,168","41,252,157,108,197",3:245:2|3:699:2|3:755:2
ckpt_3400.pt,3,167,0.4782172739505768,0.08520258963108063,0.3995691239833832,"139,235,77,254,227","229,105,119,70,54",3:80:2|3:917:2|3:929:2
ckpt_3400.pt,3,168,0.48466402292251587,0.097293920814991,0.42596787214279175,"69,245,167,65,107","189,181,96,248,74",3:16:2|3:173:2|3:348:2
ckpt_3400.pt,3,169,0.4463948905467987,0.07365171611309052,0.38012024760246277,"75,188,153,68,175","116,217,61,12,236",3:396:2|3:575:2|3:6:1
ckpt_3400.pt,3,170,0.4252677261829376,0.07948346436023712,0.3770877718925476,"157,31,1,127,83","87,50,47,104,86",3:406:2|3:636:2|3:828:2
ckpt_3400.pt,3,171,0.5169447660446167,0.09581407904624939,0.4039005935192108,"76,174,128,107,255","93,185,157,42,23",3:348:2|3:1023:2|3:0:1
ckpt_3400.pt,3,172,0.48327046632766724,0.08023247867822647,0.410003125667572,"32,95,251,23,224","89,159,240,44,139",3:15:2|3:418:2|3:876:2
ckpt_3400.pt,3,173,0.5674365758895874,0.10305618494749069,0.47012463212013245,"19,245,69,217,222","114,160,249,188,181",3:168:2|3:211:2|3:332:2
ckpt_3400.pt,3,174,0.5972434878349304,0.10027137398719788,0.47295981645584106,"26,212,166,154,9","148,20,133,13,7",3:135:2|3:977:2|3:0:1
ckpt_3400.pt,3,175,0.5887430310249329,0.10375335067510605,0.46169108152389526,"4,251,88,146,156","17,206,223,200,216",3:36:2|3:147:2|3:231:2
ckpt_3400.pt,3,176,0.5357478857040405,0.09627114981412888,0.4483621120452881,"157,109,227,97,130","58,16,222,106,187",3:377:2|3:455:2|3:581:2
ckpt_3400.pt,3,177,0.4785681962966919,0.0873386412858963,0.3978234529495239,"84,98,190,111,7","211,33,50,63,241",3:127:2|3:362:2|3:424:2
ckpt_3400.pt,3,178,0.5123634338378906,0.10139644145965576,0.44637972116470337,"199,238,49,57,167","179,23,81,200,103",3:537:2|3:595:2|3:607:2
ckpt_3400.pt,3,179,0.507131814956665,0.09992752969264984,0.44852137565612793,"1,226,84,171,6","204,161,106,19,85",3:548:2|3:964:2|3:22:1
ckpt_3400.pt,3,180,0.5566220879554749,0.11417883634567261,0.4294224679470062,"190,121,70,150,123","106,156,223,59,174",3:31:2|3:9:1|3:26:1
ckpt_3400.pt,3,181,0.550237774848938,0.10922732204198837,0.4331447184085846,"93,187,50,216,199","141,69,92,104,156",3:82:2|3:4:1|3:8:1
ckpt_3400.pt,3,182,0.46045252680778503,0.09322702884674072,0.3919397294521332,"244,205,29,117,182","94,30,172,201,31",3:34:2|3:315:2|3:509:2
ckpt_3400.pt,3,183,0.4672752022743225,0.09995764493942261,0.4520365297794342,"173,145,194,232,41","8,251,252,118,216",3:304:2|3:502:2|3:539:2
ckpt_3400.pt,3,184,0.5173013210296631,0.10459886491298676,0.41731342673301697,"28,213,252,19,200","220,176,160,249,24",3:56:2|3:413:2|3:527:2
ckpt_3400.pt,3,185,0.48017480969429016,0.08572112023830414,0.4183011054992676,"196,243,149,17,95","142,139,117,206,244",3:193:2|3:223:2|3:398:2
ckpt_3400.pt,3,186,0.49141886830329895,0.13132865726947784,0.39655056595802307,"80,54,223,241,82","216,71,64,200,169",3:337:2|3:402:2|3:768:2
ckpt_3400.pt,3,187,0.4815610349178314,0.08658874779939651,0.4294208884239197,"185,224,233,160,201","120,35,104,21,39",3:50:2|3:522:2|3:934:2
ckpt_3400.pt,3,188,0.5286211967468262,0.09140465408563614,0.40763798356056213,"235,101,153,70,18","255,86,26,225,246",3:16:2|3:880:2|3:1:1
ckpt_3400.pt,3,189,0.4346046447753906,0.07422934472560883,0.3664913773536682,"43,206,92,227,250","89,173,229,65,43",3:534:2|3:599:2|3:797:2
ckpt_3400.pt,3,190,0.5021748542785645,0.10220330208539963,0.42971453070640564,"48,146,83,85,194","99,185,215,29,246",3:199:2|3:419:2|3:472:2
ckpt_3400.pt,3,191,0.4395001232624054,0.08465650677680969,0.3652748167514801,"134,81,136,230,229","81,114,34,152,223",3:2:1|3:24:1|3:52:1
ckpt_3400.pt,3,192,0.47809264063835144,0.09527742117643356,0.3893292546272278,"51,53,129,6,175","98,49,253,65,61",3:72:2|3:152:2|3:264:2
ckpt_3400.pt,3,193,0.45969268679618835,0.08185379952192307,0.3711951673030853,"149,243,49,187,172","88,147,182,166,181",3:34:2|3:185:2|3:221:2
ckpt_3400.pt,3,194,0.5472140908241272,0.08716315031051636,0.4293058216571808,"128,45,214,177,232","211,80,43,30,193",3:103:2|3:328:2|3:777:2
ckpt_3400.pt,3,195,0.4832782447338104,0.08674986660480499,0.38034868240356445,"163,130,181,99,59","156,132,77,232,163",3:390:2|3:2:1|3:27:1
ckpt_3400.pt,3,196,0.5545005202293396,0.11868589371442795,0.4375882148742676,"2,88,17,96,71","186,160,99,219,205",3:715:2|3:10:1|3:32:1
ckpt_3400.pt,3,197,0.445552259683609,0.08693786710500717,0.39932289719581604,"126,59,147,141,26","187,239,158,46,157",3:135:2|3:405:2|3:805:2
ckpt_3400.pt,3,198,0.5660402178764343,0.1083364486694336,0.43305131793022156,"76,215,232,252,92","58,42,71,199,248",3:527:2|3:885:2|3:0:1
ckpt_3400.pt,3,199,0.5000398755073547,0.08796878904104233,0.41966867446899414,"162,194,146,157,200","212,127,240,252,31",3:190:2|3:285:2|3:600:2
ckpt_3400.pt,3,200,0.46010878682136536,0.0826483890414238,0.37826108932495117,"149,9,34,24,113","48,26,115,213,216",3:382:2|3:500:2|3:622:2
ckpt_3400.pt,3,201,0.4842621982097626,0.08263643085956573,0.4350375533103943,"35,113,62,152,39","238,118,91,243,179",3:821:2|3:910:2|3:2:1
ckpt_3400.pt,3,202,0.5343207120895386,0.10040059685707092,0.48636361956596375,"248,196,223,123,194","57,228,207,77,96",3:246:2|3:418:2|3:592:2
ckpt_3400.pt,3,203,0.4548405110836029,0.0920165479183197,0.38625338673591614,"190,222,227,45,62","82,244,62,119,50",3:26:2|3:345:2|3:1001:2
ckpt_3400.pt,3,204,0.4972896873950958,0.0909857377409935,0.4299263060092926,"250,120,202,48,89","113,138,87,16,80",3:357:2|3:501:2|3:642:2
ckpt_3400.pt,3,205,0.45601803064346313,0.1024438887834549,0.3750632703304291,"226,71,149,110,101","54,123,129,127,237",3:98:2|3:622:2|3:723:2
ckpt_3400.pt,3,206,0.48777440190315247,0.07790638506412506,0.38343533873558044,"33,77,144,220,166","28,163,192,5,70",3:26:2|3:119:2|3:412:2
ckpt_3400.pt,3,207,0.5149344205856323,0.08416622877120972,0.40118423104286194,"193,98,47,254,30","22,91,141,26,235",3:55:2|3:88:2|3:3:1
ckpt_3400.pt,3,208,0.476406067609787,0.11011400073766708,0.3876076638698578,"109,165,136,47,24","114,147,94,154,32",3:863:2|3:893:2|3:905:2
ckpt_3400.pt,3,209,0.44728901982307434,0.08935683965682983,0.40621116757392883,"71,142,161,174,15","42,201,239,66,181",3:254:2|3:324:2|3:2:1
ckpt_3400.pt,3,210,0.5556573867797852,0.11557512730360031,0.42386531829833984,"182,184,190,173,18","166,109,80,201,209",3:151:2|3:287:2|3:16:1
ckpt_3400.pt,3,211,0.47340643405914307,0.07978907972574234,0.38709601759910583,"111,106,2,222,69","231,238,19,42,61",3:173:2|3:313:2|3:356:2
ckpt_3400.pt,3,212,0.5091685652732849,0.11957045644521713,0.41749560832977295,"1,223,73,7,168","26,144,69,47,207",3:344:2|3:666:2|3:819:2
ckpt_3400.pt,3,213,0.4888424873352051,0.09555483609437943,0.4073372483253479,"125,207,78,14,109","39,35,4,51,79",3:465:2|3:602:2|3:643:2
ckpt_3400.pt,3,214,0.4995017647743225,0.10522735118865967,0.42626383900642395,"32,110,61,237,144","47,128,140,38,109",3:492:2|3:538:2|3:689:2
ckpt_3400.pt,3,215,0.5252535939216614,0.08743550628423691,0.4367709755897522,"146,178,51,176,22","250,23,15,160,142",3:294:2|3:340:2|3:4:1
ckpt_3400.pt,3,216,0.5076309442520142,0.08982976526021957,0.4430031180381775,"133,107,108,15,236","224,193,207,146,166",3:16:2|3:260:2|3:359:2
ckpt_3400.pt,3,217,0.48562219738960266,0.08176413923501968,0.40981268882751465,"120,213,163,174,82","182,13,35,85,210",3:115:2|3:275:2|3:669:2
ckpt_3400.pt,3,218,0.4467341899871826,0.08018141984939575,0.38403579592704773,"69,50,113,203,137","48,245,55,144,249",3:89:2|3:749:2|3:11:1
ckpt_3400.pt,3,219,0.4468686580657959,0.08870689570903778,0.38477516174316406,"233,99,11,170,65","220,80,179,23,167",3:549:2|3:1011:2|3:1:1
ckpt_3400.pt,3,220,0.48208802938461304,0.07874418795108795,0.4092150032520294,"197,66,57,84,255","48,17,180,97,129",3:60:2|3:81:2|3:392:2
ckpt_3400.pt,3,221,0.4536309838294983,0.08650237321853638,0.3690468966960907,"26,49,218,109,243","49,223,188,43,14",3:193:2|3:258:2|3:923:2
ckpt_3400.pt,3,222,0.5061201453208923,0.09490504115819931,0.4038993716239929,"24,252,110,11,75","39,14,30,93,212",3:74:2|3:79:2|3:100:2
ckpt_3400.pt,3,223,0.5532186031341553,0.09472378343343735,0.4601135849952698,"196,81,156,137,243","158,111,76,161,250",3:185:2|3:470:2|3:582:2
ckpt_3400.pt,3,224,0.47226420044898987,0.0872255489230156,0.39989370107650757,"104,26,143,172,187","220,1,183,31,219",3:193:2|3:999:2|3:21:1
ckpt_3400.pt,3,225,0.6081539392471313,0.09034084528684616,0.47002914547920227,"204,21,15,84,172","62,43,147,193,197",3:911:2|3:1:1|3:32:1
ckpt_3400.pt,3,226,0.5305256247520447,0.09818943589925766,0.4430711567401886,"188,99,33,43,142","112,167,198,231,238",3:57:2|3:85:2|3:238:2
ckpt_3400.pt,3,227,0.4532243311405182,0.07448653876781464,0.3850947916507721,"35,196,200,106,246","242,250,107,7,69",3:933:2|3:7:1|3:28:1
ckpt_3400.pt,3,228,0.513391375541687,0.1095256581902504,0.4039739668369293,"108,227,242,2,240","225,163,226,85,154",3:577:2|3:659:2|3:812:2
ckpt_3400.pt,3,229,0.431403785943985,0.07157120853662491,0.39600154757499695,"18,254,255,38,35","128,85,65,49,35",3:457:2|3:621:2|3:807:2
ckpt_3400.pt,3,230,0.5024518370628357,0.08329194039106369,0.4123402535915375,"78,31,236,146,139","131,163,197,89,66",3:653:2|3:32:1|3:35:1
ckpt_3400.pt,3,231,0.5348095893859863,0.1069827526807785,0.4724074602127075,"206,107,248,156,146","229,147,1,102,90",3:65:2|3:150:2|3:175:2
ckpt_3400.pt,3,232,0.4890126883983612,0.08490528911352158,0.4155825972557068,"186,1,212,215,20","245,248,139,109,219",3:520:2|3:860:2|3:873:2
ckpt_3400.pt,3,233,0.5260722637176514,0.0950315073132515,0.44880175590515137,"41,50,92,117,1","197,143,208,46,82",3:249:2|3:499:2|3:632:2
ckpt_3400.pt,3,234,0.5067001581192017,0.08297956734895706,0.4395235478878021,"173,231,32,250,74","32,137,201,55,113",3:336:2|3:357:2|3:453:2
ckpt_3400.pt,3,235,0.41380274295806885,0.08287043124437332,0.3390345573425293,"243,129,79,227,29","171,168,52,174,248",3:495:2|3:568:2|3:581:2
ckpt_3400.pt,3,236,0.5157124996185303,0.11890656501054764,0.4403826594352722,"25,183,11,134,66","207,173,80,52,102",3:321:2|3:384:2|3:10:1
ckpt_3400.pt,3,237,0.47245481610298157,0.08630751073360443,0.3957740366458893,"121,138,117,128,221","44,107,233,15,127",3:77:2|3:132:2|3:300:2
ckpt_3400.pt,3,238,0.46761354804039,0.08788496255874634,0.36755502223968506,"83,26,118,43,142","197,182,35,27,244",3:226:2|3:623:2|3:816:2
ckpt_3400.pt,3,239,0.49717646837234497,0.09264975786209106,0.45273444056510925,"189,198,134,207,2","109,159,219,25,218",3:932:2|3:939:2|3:974:2
ckpt_3400.pt,3,240,0.580108642578125,0.1092090830206871,0.4573795199394226,"252,146,167,126,204","220,76,205,125,182",3:99:2|3:515:2|3:550:2
ckpt_3400.pt,3,241,0.4352986216545105,0.08107344806194305,0.38044676184654236,"95,166,230,123,246","131,60,247,36,217",3:125:2|3:450:2|3:913:2
ckpt_3400.pt,3,242,0.5474534630775452,0.10983709245920181,0.4462249279022217,"196,130,230,19,119","6,41,214,94,50",3:334:2|3:410:2|3:466:2
ckpt_3400.pt,3,243,0.5789412260055542,0.09626034647226334,0.45728832483291626,"160,174,159,117,243","231,182,234,179,126",3:251:2|3:2:1|3:12:1
ckpt_3400.pt,3,244,0.5189496874809265,0.08348926901817322,0.42161643505096436,"118,28,133,164,163","216,199,233,161,156",3:268:2|3:331:2|3:359:2
ckpt_3400.pt,3,245,0.5284013152122498,0.0984790027141571,0.4410454332828522,"249,115,168,247,105","108,129,19,153,126",3:166:2|3:3:1|3:13:1
ckpt_3400.pt,3,246,0.4669811725616455,0.08369375765323639,0.4065970480442047,"123,176,223,34,147","251,206,157,1,76",3:202:2|3:620:2|3:769:2
ckpt_3400.pt,3,247,0.4948851764202118,0.09962908178567886,0.41356247663497925,"123,187,212,193,140","203,76,211,116,10",3:836:2|3:915:2|3:1006:2
ckpt_3400.pt,3,248,0.4721381962299347,0.07454749196767807,0.3884114921092987,"157,12,71,179,36","202,221,182,248,69",3:255:2|3:697:2|3:30:1
ckpt_3400.pt,3,249,0.5149779915809631,0.09846069663763046,0.4448239207267761,"23,88,41,60,92","60,93,13,85,144",3:233:2|3:306:2|3:721:2
ckpt_3400.pt,3,250,0.4614332914352417,0.08483599126338959,0.4077763557434082,"29,96,202,214,185","226,183,63,223,30",3:35:2|3:399:2|3:719:2
ckpt_3400.pt,3,251,0.5215030312538147,0.09953982383012772,0.43153712153434753,"147,159,165,118,243","22,113,131,220,216",3:11:2|3:135:2|3:243:2
ckpt_3400.pt,3,252,0.4973943531513214,0.12397336959838867,0.43852362036705017,"107,42,95,46,103","34,102,250,181,202",3:326:2|3:464:2|3:0:1
ckpt_3400.pt,3,253,0.46829596161842346,0.0911165103316307,0.43006908893585205,"126,238,77,137,165","67,173,99,126,248",3:89:2|3:21:1|3:29:1
ckpt_3400.pt,3,254,0.4851424992084503,0.0907343253493309,0.4124815762042999,"119,174,116,210,161","247,140,62,216,152",3:71:2|3:209:2|3:552:2
ckpt_3400.pt,3,255,0.45848676562309265,0.08306635916233063,0.3874538242816925,"157,71,214,25,123","231,87,223,190,37",3:248:2|3:373:2|3:384:2
ckpt_3400.pt,3,256,0.5412464737892151,0.12448226660490036,0.4531612992286682,"191,195,230,160,17","93,114,168,192,11",3:99:2|3:109:2|3:513:2
ckpt_3400.pt,3,257,0.4348638653755188,0.07508577406406403,0.38621774315834045,"250,223,154,150,232","202,51,238,180,85",3:158:2|3:361:2|3:491:2
ckpt_3400.pt,3,258,0.463789165019989,0.12123681604862213,0.42907005548477173,"223,26,179,109,8","3,2,179,223,152",3:221:2|3:361:2|3:609:2
ckpt_3400.pt,3,259,0.5242552757263184,0.09048117697238922,0.44362881779670715,"186,223,25,89,189","69,70,161,19,229",3:974:2|3:17:1|3:21:1
ckpt_3400.pt,3,260,0.4694378077983856,0.07742106914520264,0.41131722927093506,"38,17,52,133,108","159,191,254,76,22",3:216:2|3:16:1|3:18:1
ckpt_3400.pt,3,261,0.5281450748443604,0.11569587886333466,0.4771236777305603,"152,16,177,4,71","243,176,245,152,20",3:139:2|3:147:2|3:648:2
ckpt_3400.pt,3,262,0.5129483938217163,0.09817826002836227,0.44202733039855957,"170,33,17,1,239","63,43,82,94,48",3:711:2|3:726:2|3:1012:2
ckpt_3400.pt,3,263,0.5263558626174927,0.10125476866960526,0.4098048508167267,"126,240,123,57,65","142,230,88,27,90",3:1:1|3:6:1|3:16:1
ckpt_3400.pt,3,264,0.4243021607398987,0.07283990830183029,0.39683055877685547,"6,104,60,110,175","50,163,240,77,176",3:192:2|3:396:2|3:413:2
ckpt_3400.pt,3,265,0.4472599923610687,0.0753433033823967,0.40480199456214905,"107,212,45,70,0","107,231,224,199,101",3:98:2|3:604:2|3:0:1
ckpt_3400.pt,3,266,0.4629254937171936,0.07745737582445145,0.3744126260280609,"229,78,143,119,222","153,53,109,163,131",3:802:2|3:11:1|3:21:1
ckpt_3400.pt,3,267,0.4254743456840515,0.07788614183664322,0.3780194818973541,"61,10,43,121,242","224,160,16,40,72",3:773:2|3:797:2|3:30:1
ckpt_3400.pt,3,268,0.5473106503486633,0.09617658704519272,0.4274955093860626,"43,55,28,163,109","173,98,105,7,250",3:244:2|3:290:2|3:425:2
ckpt_3400.pt,3,269,0.42366981506347656,0.07432082295417786,0.3707183003425598,"254,114,26,56,158","21,67,119,224,25",3:374:2|3:515:2|3:661:2
ckpt_3400.pt,3,270,0.5188818573951721,0.10512562841176987,0.42942366003990173,"200,73,68,234,206","84,39,224,29,213",3:101:2|3:765:2|3:12:1
ckpt_3400.pt,3,271,0.5500297546386719,0.10492649674415588,0.4299316108226776,"2,29,210,171,136","78,194,208,80,217",3:581:2|3:609:2|3:3:1
ckpt_3400.pt,3,272,0.5167378187179565,0.08422721922397614,0.4165453612804413,"206,194,128,20,198","239,212,15,181,162",3:121:2|3:161:2|3:334:2
ckpt_3400.pt,3,273,0.5424720644950867,0.10996439307928085,0.44527578353881836,"209,79,249,96,97","158,50,75,65,141",3:712:3|3:425:2|3:4:1
ckpt_3400.pt,3,274,0.5581518411636353,0.12584288418293,0.4271164536476135,"25,215,87,111,243","113,133,243,189,202",3:613:2|3:929:2|3:930:2
ckpt_3400.pt,3,275,0.5546028017997742,0.10508539527654648,0.46665579080581665,"180,114,163,157,120","40,67,157,163,3",3:217:2|3:426:2|3:507:2
ckpt_3400.pt,3,276,0.4471168518066406,0.09601666033267975,0.38404831290245056,"230,162,175,128,98","45,215,109,90,57",3:24:2|3:88:2|3:756:2
ckpt_3400.pt,3,277,0.5148404240608215,0.0921318456530571,0.4364820718765259,"117,219,217,51,20","67,226,188,153,215",3:2:1|3:5:1|3:41:1
ckpt_3400.pt,3,278,0.4775024652481079,0.08676153421401978,0.4291483461856842,"51,208,100,32,77","253,241,110,37,56",3:0:1|3:9:1|3:15:1
ckpt_3400.pt,3,279,0.46343132853507996,0.08219422399997711,0.39424291253089905,"15,115,111,55,166","175,150,197,252,174",3:13:1|3:32:1|3:73:1
ckpt_3400.pt,3,280,0.5240265727043152,0.10491811484098434,0.4346124231815338,"2,115,87,129,133","7,194,245,202,212",3:536:2|3:593:2|3:731:2
ckpt_3400.pt,3,281,0.5394337773323059,0.10228396207094193,0.4265933632850647,"82,130,219,74,216","127,15,25,123,125",3:935:3|3:431:2|3:884:2
ckpt_3400.pt,3,282,0.5467868447303772,0.0971546620130539,0.43622320890426636,"207,233,47,115,214","112,86,242,134,143",3:142:2|3:339:2|3:875:2
ckpt_3400.pt,3,283,0.49319225549697876,0.12108400464057922,0.4281645119190216,"149,180,225,5,135","75,229,117,33,31",3:490:2|3:574:2|3:622:2
ckpt_3400.pt,3,284,0.5587295889854431,0.10359486192464828,0.47312796115875244,"46,97,233,156,120","194,160,228,146,182",3:326:2|3:441:2|3:475:2
ckpt_3400.pt,3,285,0.5374602675437927,0.13698427379131317,0.42132070660591125,"153,47,146,162,42","155,181,121,92,93",3:852:3|3:199:2|3:918:2
ckpt_3400.pt,3,286,0.5002493262290955,0.10163058340549469,0.43711036443710327,"91,22,211,122,184","62,212,80,120,217",3:116:2|3:162:2|3:380:2
ckpt_3400.pt,3,287,0.5604029893875122,0.10103683173656464,0.4567508101463318,"157,204,173,81,182","50,214,72,66,190",3:165:2|3:210:2|3:451:2
ckpt_3400.pt,3,288,0.5535954236984253,0.09438106417655945,0.47029125690460205,"32,163,254,129,72","175,55,168,29,118",3:27:2|3:44:2|3:311:2
ckpt_3400.pt,3,289,0.47257494926452637,0.09969846904277802,0.398542582988739,"189,17,37,43,147","40,248,61,226,17",3:51:2|3:164:2|3:599:2
ckpt_3400.pt,3,290,0.5503237247467041,0.09021951258182526,0.45415574312210083,"32,140,43,28,127","188,248,230,90,26",3:268:2|3:432:2|3:15:1
ckpt_3400.pt,3,291,0.452907532453537,0.07500214129686356,0.39946237206459045,"169,142,38,177,46","174,137,203,161,50",3:2:1|3:9:1|3:18:1
ckpt_3400.pt,3,292,0.5337534546852112,0.10741572082042694,0.42892852425575256,"46,11,93,208,98","83,231,169,63,121",3:464:2|3:0:1|3:3:1
ckpt_3400.pt,3,293,0.44052740931510925,0.0859200656414032,0.38486653566360474,"23,77,103,232,65","54,68,155,178,215",3:325:2|3:557:2|3:772:2
ckpt_3400.pt,3,294,0.5164563059806824,0.09193654358386993,0.4536799192428589,"89,115,22,146,140","140,148,82,194,253",3:65:2|3:215:2|3:307:2
ckpt_3400.pt,3,295,0.48065778613090515,0.08939439803361893,0.4339601397514343,"178,81,8,225,232","14,126,35,90,195",3:2:1|3:28:1|3:45:1
ckpt_3400.pt,3,296,0.4739864468574524,0.08481772243976593,0.3791513442993164,"39,38,207,64,191","147,58,25,219,83",3:457:2|3:709:2|3:940:2
ckpt_3400.pt,3,297,0.5074888467788696,0.07719263434410095,0.41905495524406433,"180,245,213,140,161","15,137,254,169,46",3:115:2|3:332:2|3:414:2
ckpt_3400.pt,3,298,0.4580790400505066,0.1007673442363739,0.37883034348487854,"182,236,144,53,135","189,233,179,236,255",3:485:2|3:608:2|3:757:2
ckpt_3400.pt,3,299,0.48753976821899414,0.07677717506885529,0.4435983896255493,"24,119,142,226,172","181,5,144,179,229",3:78:2|3:129:2|3:2:1
ckpt_3400.pt,3,300,0.48826903104782104,0.12224670499563217,0.41041216254234314,"150,167,117,128,26","165,147,146,230,49",3:77:2|3:237:2|3:617:2
ckpt_3400.pt,3,301,0.5290088057518005,0.11170484125614166,0.4490743577480316,"229,224,120,79,235","126,4,199,177,217",3:664:2|3:866:2|3:1:1
ckpt_3400.pt,3,302,0.5575044751167297,0.11735451221466064,0.4220908582210541,"180,145,246,248,53","118,129,135,99,25",3:72:2|3:757:2|3:0:1
ckpt_3400.pt,3,303,0.4747859239578247,0.08383049815893173,0.41902345418930054,"49,236,56,34,84","134,252,144,157,194",3:503:2|3:24:1|3:34:1
ckpt_3400.pt,3,304,0.555233359336853,0.089617520570755,0.4605708122253418,"173,236,67,194,160","221,25,114,181,133",3:183:2|3:406:2|3:605:2
ckpt_3400.pt,3,305,0.5167050361633301,0.09510421007871628,0.4410504996776581,"31,184,26,249,230","233,155,132,40,84",3:831:2|3:24:1|3:25:1
ckpt_3400.pt,3,306,0.45323801040649414,0.08969295769929886,0.39687058329582214,"60,220,249,88,194","186,220,219,37,253",3:249:2|3:413:2|3:479:2
ckpt_3400.pt,3,307,0.45683082938194275,0.09902559965848923,0.37397605180740356,"181,115,117,146,137","27,169,41,45,186",3:2:2|3:32:2|3:294:2
ckpt_3400.pt,3,308,0.47385990619659424,0.0697130486369133,0.3713521957397461,"239,226,136,72,11","207,28,46,144,216",3:434:2|3:779:2|3:14:1
ckpt_3400.pt,3,309,0.4824311137199402,0.099358931183815,0.3890596926212311,"41,59,246,221,114","96,46,223,21,174",3:471:2|3:685:2|3:716:2
ckpt_3400.pt,3,310,0.5473076105117798,0.08706621825695038,0.43796980381011963,"185,204,27,228,48","53,142,158,12,108",3:330:2|3:522:2|3:755:2
ckpt_3400.pt,3,311,0.4886171221733093,0.09637916088104248,0.4020214080810547,"32,112,129,214,244","73,218,119,164,147",3:156:2|3:288:2|3:391:2
ckpt_3400.pt,3,312,0.5968984365463257,0.11004547774791718,0.46941831707954407,"236,38,114,72,74","28,59,219,117,253",3:434:2|3:471:2|3:18:1
ckpt_3400.pt,3,313,0.41544559597969055,0.06832344084978104,0.36367863416671753,"143,69,80,128,111","129,13,206,29,1",3:211:2|3:885:2|3:6:1
ckpt_3400.pt,3,314,0.4648605287075043,0.08120163530111313,0.38313359022140503,"202,49,121,102,229","36,122,21,224,119",3:31:1|3:34:1|3:35:1
ckpt_3400.pt,3,315,0.5114024877548218,0.09093957394361496,0.44317927956581116,"47,227,58,117,244","129,75,102,210,10",3:39:2|3:182:2|3:431:2
ckpt_3400.pt,3,316,0.5200716853141785,0.08908046036958694,0.4299836754798889,"164,240,199,153,53","4,130,224,9,146",3:15:2|3:433:2|3:442:2
ckpt_3400.pt,3,317,0.5392345786094666,0.11698301136493683,0.4411025047302246,"54,84,126,17,155","43,33,126,158,75",3:109:2|3:1018:2|3:41:1
ckpt_3400.pt,3,318,0.553236722946167,0.10803607851266861,0.47516512870788574,"232,251,159,199,1","133,115,45,212,94",3:330:2|3:28:1|3:36:1
ckpt_3400.pt,3,319,0.45531395077705383,0.08829669654369354,0.39601802825927734,"42,254,140,240,31","235,190,193,217,97",3:808:2|3:6:1|3:12:1
ckpt_3400.pt,3,320,0.557102382183075,0.08325457572937012,0.4370706081390381,"217,59,132,83,240","122,52,145,129,251",3:341:2|3:805:2|3:5:1
ckpt_3400.pt,3,321,0.5667109489440918,0.09711416810750961,0.4822845757007599,"25,152,182,85,66","214,226,114,5,195",3:22:2|3:236:2|3:832:2
ckpt_3400.pt,3,322,0.5704295039176941,0.11002804338932037,0.47738319635391235,"107,156,11,209,124","54,22,255,44,209",3:231:2|3:383:2|3:394:2
ckpt_3400.pt,3,323,0.4716479182243347,0.09592968225479126,0.43590521812438965,"14,1,115,254,242","16,218,7,233,72",3:145:2|3:675:2|3:1013:2
ckpt_3400.pt,3,324,0.515727162361145,0.09945202618837357,0.4481285512447357,"46,194,174,71,141","39,51,199,53,191",3:20:2|3:157:2|3:209:2
ckpt_3400.pt,3,325,0.522124707698822,0.11268334835767746,0.42920488119125366,"103,106,248,126,232","186,8,53,187,223",3:109:2|3:293:2|3:541:2
ckpt_3400.pt,3,326,0.4975200593471527,0.09976430982351303,0.4308413565158844,"203,215,46,120,42","179,35,173,194,232",3:252:2|3:284:2|3:488:2
ckpt_3400.pt,3,327,0.5496843457221985,0.11606307327747345,0.48131710290908813,"180,76,223,253,175","44,230,234,105,95",3:96:2|3:559:2|3:568:2
ckpt_3400.pt,3,328,0.5033646821975708,0.08639589697122574,0.40966084599494934,"122,195,254,214,128","153,179,163,7,142",3:194:2|3:12:1|3:13:1
ckpt_3400.pt,3,329,0.5460254549980164,0.1023864671587944,0.4074499011039734,"196,74,235,56,128","12,203,109,158,119",3:529:3|3:111:2|3:138:2
ckpt_3400.pt,3,330,0.4256417453289032,0.09051181375980377,0.3941957652568817,"232,48,4,204,1","226,156,83,21,136",3:310:2|3:318:2|3:452:2
ckpt_3400.pt,3,331,0.5092740058898926,0.09674697369337082,0.43047860264778137,"164,242,78,163,15","133,52,54,244,117",3:244:2|3:669:2|3:15:1
ckpt_3400.pt,3,332,0.5547931790351868,0.13064736127853394,0.4700416326522827,"180,194,245,217,37","75,241,65,167,252",3:173:2|3:297:2|3:567:2
ckpt_3400.pt,3,333,0.5420225262641907,0.08929915726184845,0.46036550402641296,"213,87,241,187,164","227,210,56,43,93",3:836:2|3:999:2|3:5:1
ckpt_3400.pt,3,334,0.506457507610321,0.10451417416334152,0.41403892636299133,"198,19,128,130,185","46,98,151,252,165",3:242:2|3:272:2|3:535:2
ckpt_3400.pt,3,335,0.5198602676391602,0.10927791893482208,0.39920201897621155,"28,87,174,168,216","25,55,17,50,114",3:431:2|3:597:2|3:896:2
ckpt_3400.pt,3,336,0.4893127381801605,0.09835347533226013,0.42403146624565125,"250,32,73,59,146","101,77,209,33,247",3:234:2|3:653:2|3:15:1
ckpt_3400.pt,3,337,0.47803348302841187,0.09517351537942886,0.4009896516799927,"95,203,80,223,85","105,194,207,19,32",3:38:2|3:127:2|3:186:2
ckpt_3400.pt,3,338,0.4793583154678345,0.09250777959823608,0.4204760193824768,"25,162,246,167,48","217,166,174,225,127",3:478:2|3:544:2|3:22:1
ckpt_3400.pt,3,339,0.5122339129447937,0.09291448444128036,0.41411423683166504,"233,179,214,189,40","181,37,249,114,78",3:142:2|3:282:2|3:6:1
ckpt_3400.pt,3,340,0.48504364490509033,0.09434477984905243,0.3868334889411926,"28,155,22,125,146","197,206,120,196,50",3:215:2|3:294:2|3:4:1
ckpt_3400.pt,3,341,0.5209736227989197,0.1071409061551094,0.4278738498687744,"94,132,217,164,129","147,252,35,193,53",3:7:3|3:72:2|3:320:2
ckpt_3400.pt,3,342,0.49081841111183167,0.09682899713516235,0.42899176478385925,"233,146,18,119,80","208,204,207,72,12",3:6:2|3:36:2|3:11:1
ckpt_3400.pt,3,343,0.49122393131256104,0.09184466302394867,0.40065646171569824,"242,16,51,9,188","191,204,42,205,66",3:133:2|3:11:1|3:37:1
ckpt_3400.pt,3,344,0.5520544052124023,0.10778901726007462,0.4724827706813812,"1,90,7,36,235","124,107,213,30,41",3:42:2|3:212:2|3:708:2
ckpt_3400.pt,3,345,0.48611992597579956,0.08443909883499146,0.4229741394519806,"62,159,99,190,221","7,19,219,68,35",3:203:2|3:496:2|3:555:2
ckpt_3400.pt,3,346,0.5354394912719727,0.08994608372449875,0.4405660331249237,"168,199,108,98,158","223,149,151,209,143",3:468:2|3:3:1|3:16:1
ckpt_3400.pt,3,347,0.47954073548316956,0.10698676109313965,0.41927361488342285,"237,201,190,143,77","175,80,254,33,19",3:21:2|3:26:1|3:33:1
ckpt_3400.pt,3,348,0.4827457368373871,0.11320193856954575,0.4191058576107025,"245,6,107,76,87","216,208,62,245,249",3:152:2|3:168:2|3:171:2
ckpt_3400.pt,3,349,0.4705418050289154,0.08703210204839706,0.40424588322639465,"15,72,70,120,129","109,175,69,194,182",3:126:2|3:288:2|3:3:1
ckpt_3400.pt,3,350,0.522727906703949,0.1019785925745964,0.42803236842155457,"171,25,109,86,251","220,237,166,252,131",3:397:2|3:407:2|3:421:2
ckpt_3400.pt,3,351,0.40349510312080383,0.08810224384069443,0.378863662481308,"216,175,226,78,20","3,196,175,149,51",3:996:3|3:799:2|3:4:1
ckpt_3400.pt,3,352,0.513310968875885,0.10204319655895233,0.43001505732536316,"98,0,154,249,73","81,76,152,6,194",3:362:2|3:977:2|3:3:1
ckpt_3400.pt,3,353,0.4949719309806824,0.10298462212085724,0.4024628698825836,"174,4,20,239,18","255,57,183,199,176",3:424:2|3:725:2|3:818:2
ckpt_3400.pt,3,354,0.5527399182319641,0.11750590801239014,0.4714609980583191,"252,12,48,32,130","238,15,17,89,199",3:133:2|3:372:2|3:935:2
ckpt_3400.pt,3,355,0.45958465337753296,0.07842768728733063,0.3920947313308716,"231,132,146,0,203","183,252,64,189,119",3:472:2|3:653:2|3:705:2
ckpt_3400.pt,3,356,0.46688345074653625,0.07539533078670502,0.39558932185173035,"172,69,75,117,222","26,237,22,87,164",3:173:2|3:211:2|3:553:2
ckpt_3400.pt,3,357,0.4514406621456146,0.08530505001544952,0.4122193455696106,"89,54,225,74,250","108,152,79,20,72",3:204:2|3:234:2|3:453:2
ckpt_3400.pt,3,358,0.5076742768287659,0.0983106791973114,0.4449625313282013,"86,167,22,73,181","198,132,26,201,124",3:390:2|3:904:2|3:1:1
ckpt_3400.pt,3,359,0.5188256502151489,0.1007089763879776,0.4319005012512207,"28,133,15,57,36","57,143,66,247,25",3:216:2|3:244:2|3:30:1
ckpt_3400.pt,3,360,0.5544748902320862,0.11616924405097961,0.4554830491542816,"196,188,187,245,128","18,203,75,137,36",3:111:2|3:329:2|3:363:2
ckpt_3400.pt,3,361,0.5122239589691162,0.10633566230535507,0.43842411041259766,"150,161,93,223,8","113,93,17,254,139",3:142:2|3:257:2|3:258:2
ckpt_3400.pt,3,362,0.4131622016429901,0.07108961045742035,0.3825840651988983,"98,151,7,2,249","30,5,43,89,220",3:177:2|3:352:2|3:424:2
ckpt_3400.pt,3,363,0.4755297899246216,0.0921144038438797,0.3796129524707794,"212,181,239,128,196","190,57,11,62,96",3:329:2|3:360:2|3:595:2
ckpt_3400.pt,3,364,0.47880271077156067,0.08317480236291885,0.38966286182403564,"105,40,81,70,224","129,106,75,99,2",3:61:2|3:409:2|3:427:2
ckpt_3400.pt,3,365,0.5872374176979065,0.10869801789522171,0.4598484933376312,"71,191,30,74,188","133,222,115,21,87",3:551:3|3:139:2|3:388:2
ckpt_3400.pt,3,366,0.5455080270767212,0.10118458420038223,0.4576115608215332,"205,58,84,177,124","65,102,210,5,91",3:486:2|3:807:2|3:936:2
ckpt_3400.pt,3,367,0.5286484956741333,0.09904880076646805,0.4440469741821289,"14,25,216,35,100","152,104,253,60,105",3:537:2|3:912:2|3:4:1
ckpt_3400.pt,3,368,0.45668068528175354,0.1157270148396492,0.404203861951828,"131,132,110,147,109","224,205,207,149,27",3:76:2|3:396:2|3:510:2
ckpt_3400.pt,3,369,0.5357059836387634,0.0891658365726471,0.4117181897163391,"91,209,15,154,94","158,137,164,112,85",3:395:2|3:864:2|3:995:2
ckpt_3400.pt,3,370,0.48658111691474915,0.100906141102314,0.4052397310733795,"144,171,160,134,5","177,125,208,212,115",3:153:2|3:725:2|3:26:1
ckpt_3400.pt,3,371,0.5149097442626953,0.08327355235815048,0.43724074959754944,"226,248,199,203,148","34,27,48,249,8",3:411:2|3:579:2|3:639:2
ckpt_3400.pt,3,372,0.46594980359077454,0.09451308101415634,0.40935784578323364,"48,82,252,124,155","68,187,200,141,131",3:354:2|3:393:2|3:397:2
ckpt_3400.pt,3,373,0.5240746736526489,0.09181484580039978,0.4381580054759979,"235,71,35,214,63","76,86,32,143,81",3:255:2|3:848:2|3:989:2
ckpt_3400.pt,3,374,0.44755125045776367,0.08093012869358063,0.39208441972732544,"254,158,49,28,65","12,239,146,53,77",3:104:2|3:269:2|3:425:2
ckpt_3400.pt,3,375,0.4489322304725647,0.09184017032384872,0.39865368604660034,"29,67,253,241,58","199,243,154,144,4",3:5:1|3:6:1|3:10:1
ckpt_3400.pt,3,376,0.4742245078086853,0.10044757276773453,0.40218687057495117,"217,215,248,172,49","44,129,46,17,169",3:5:2|3:34:2|3:193:2
ckpt_3400.pt,3,377,0.5147775411605835,0.1043374165892601,0.42675623297691345,"139,0,130,157,29","122,87,177,189,21",3:176:2|3:446:2|3:888:2
ckpt_3400.pt,3,378,0.5625770688056946,0.11327330768108368,0.4347928464412689,"114,3,113,230,86","41,115,131,3,170",3:52:2|3:93:2|3:119:2
ckpt_3400.pt,3,379,0.5509862303733826,0.12718676030635834,0.4613705277442932,"100,4,108,182,253","167,44,144,71,131",3:17:2|3:889:2|3:994:2
ckpt_3400.pt,3,380,0.39068859815597534,0.0668465867638588,0.3596062660217285,"7,164,124,91,22","150,167,132,81,149",3:286:2|3:944:2|3:4:1
ckpt_3400.pt,3,381,0.5573241114616394,0.08692966401576996,0.4680977761745453,"200,215,45,165,81","219,229,91,21,185",3:582:2|3:806:2|3:2:1
ckpt_3400.pt,3,382,0.4988388121128082,0.10913200676441193,0.41400715708732605,"69,34,43,1,149","129,43,225,99,255",3:57:2|3:200:2|3:432:2
ckpt_3400.pt,3,383,0.5039179921150208,0.0912567675113678,0.43165767192840576,"107,114,156,96,207","101,223,81,123,1",3:231:2|3:322:2|3:475:2
ckpt_3400.pt,3,384,0.5375320315361023,0.10952600836753845,0.43253979086875916,"237,130,25,134,214","184,98,112,219,236",3:236:2|3:255:2|3:505:2
ckpt_3400.pt,3,385,0.43534737825393677,0.08098432421684265,0.3794483542442322,"199,52,83,163,111","31,186,50,144,34",3:155:3|3:481:2|3:592:2
ckpt_3400.pt,3,386,0.5053859949111938,0.09146712720394135,0.3929259479045868,"176,75,196,148,86","105,13,151,115,204",3:52:2|3:138:2|3:526:2
ckpt_3400.pt,3,387,0.5225314497947693,0.10531513392925262,0.4471150040626526,"42,56,221,151,195","199,243,104,18,170",3:494:2|3:606:2|3:18:1
ckpt_3400.pt,3,388,0.5153810381889343,0.09820132702589035,0.43817102909088135,"189,188,30,100,185","12,200,188,22,59",3:365:2|3:408:2|3:744:2
ckpt_3400.pt,3,389,0.50140380859375,0.08158085495233536,0.4196293354034424,"52,86,43,193,19","241,67,203,198,251",3:573:2|3:1:1|3:44:1
ckpt_3400.pt,3,390,0.5175008773803711,0.10230875015258789,0.42759886384010315,"181,224,130,167,254","26,87,13,56,242",3:90:2|3:195:2|3:358:2
ckpt_3400.pt,3,391,0.5296739339828491,0.09892354905605316,0.4512891173362732,"67,214,112,79,124","18,79,60,97,30",3:311:2|3:664:2|3:782:2
ckpt_3400.pt,3,392,0.5192399024963379,0.12187442183494568,0.40806758403778076,"91,184,238,66,255","231,112,4,65,101",3:220:2|3:286:2|3:603:2
ckpt_3400.pt,3,393,0.5318493843078613,0.08916151523590088,0.4209819734096527,"77,124,196,219,252","154,208,104,56,150",3:372:2|3:814:2|3:924:2
ckpt_3400.pt,3,394,0.47572797536849976,0.08433214575052261,0.4167023003101349,"124,246,47,201,209","130,85,50,209,68",3:122:2|3:322:2|3:450:2
ckpt_3400.pt,3,395,0.4538557529449463,0.09212665259838104,0.3870182931423187,"116,59,37,91,154","34,103,149,86,220",3:369:2|3:10:1|3:48:1
ckpt_3400.pt,3,396,0.5282221436500549,0.10745213180780411,0.4240444004535675,"153,194,175,110,147","230,254,228,203,6",3:76:2|3:164:2|3:169:2
ckpt_3400.pt,3,397,0.5031023621559143,0.08434676378965378,0.39897972345352173,"155,252,171,3,86","117,124,252,239,77",3:119:2|3:350:2|3:372:2
ckpt_3400.pt,3,398,0.46367764472961426,0.0822460800409317,0.4130086302757263,"142,107,149,17,194","141,43,6,122,228",3:85:2|3:185:2|3:644:2
ckpt_3400.pt,3,399,0.5030236840248108,0.08163376152515411,0.46375906467437744,"99,202,200,109,185","52,237,207,3,155",3:35:2|3:250:2|3:611:2
ckpt_3400.pt,3,400,0.5290201306343079,0.0993824154138565,0.4306889474391937,"122,89,221,197,238","2,49,206,174,60",3:892:2|3:1003:2|3:4:1
ckpt_3400.pt,3,401,0.5310682654380798,0.12060581147670746,0.4521510601043701,"107,66,35,60,198","198,69,183,221,143",3:510:2|3:16:1|3:18:1
ckpt_3400.pt,3,402,0.5196593403816223,0.1055247113108635,0.4117468595504761,"0,54,40,198,82","128,248,125,212,81",3:186:2|3:920:2|3:942:2
ckpt_3400.pt,3,403,0.5239771008491516,0.11452794075012207,0.4468207061290741,"47,94,252,230,35","249,202,221,151,37",3:633:3|3:486:2|3:519:2
ckpt_3400.pt,3,404,0.4691200256347656,0.08270154148340225,0.43246859312057495,"186,71,21,251,99","205,186,52,99,207",3:708:2|3:841:2|3:36:1
ckpt_3400.pt,3,405,0.5488020181655884,0.11198321729898453,0.42839041352272034,"111,2,59,126,21","3,115,39,149,68",3:868:3|3:62:2|3:197:2
ckpt_3400.pt,3,406,0.5567600727081299,0.1142164096236229,0.44134801626205444,"31,127,235,67,194","216,9,75,38,223",3:170:2|3:304:2|3:494:2
ckpt_3400.pt,3,407,0.49744531512260437,0.10720857232809067,0.4683839976787567,"25,244,7,109,177","102,2,128,146,33",3:350:2|3:969:2|3:22:1
ckpt_3400.pt,3,408,0.5373804569244385,0.10168611258268356,0.4590991735458374,"119,76,188,181,189","36,194,117,227,201",3:388:2|3:483:2|3:0:1
ckpt_3400.pt,3,409,0.538876473903656,0.09967534989118576,0.45015251636505127,"179,105,11,224,102","248,9,81,60,196",3:148:2|3:364:2|3:775:2
ckpt_3400.pt,3,410,0.49543362855911255,0.09997857362031937,0.3916981518268585,"47,22,19,119,182","162,42,194,97,119",3:39:2|3:242:2|3:463:2
ckpt_3400.pt,3,411,0.5077260732650757,0.08447883278131485,0.43455809354782104,"199,81,252,148,65","96,20,89,118,247",3:371:2|3:751:2|3:762:2
ckpt_3400.pt,3,412,0.5251144766807556,0.10664147883653641,0.42460066080093384,"40,220,217,130,33","116,85,50,137,245",3:206:2|3:616:2|3:726:2
ckpt_3400.pt,3,413,0.5142427682876587,0.09415478259325027,0.43084365129470825,"28,252,194,60,175","221,94,59,85,83",3:74:2|3:76:2|3:184:2
ckpt_3400.pt,3,414,0.523949384689331,0.08957187086343765,0.4313083589076996,"183,35,51,161,213","39,120,87,40,114",3:115:2|3:297:2|3:10:1
ckpt_3400.pt,3,415,0.4713452160358429,0.09695635735988617,0.38705989718437195,"92,139,245,137,26","126,159,17,98,174",3:22:1|3:29:1|3:32:1
ckpt_3400.pt,3,416,0.4542465806007385,0.08173005282878876,0.37483879923820496,"218,1,81,188,0","255,112,128,222,38",3:57:2|3:2:1|3:48:1
ckpt_3400.pt,3,417,0.4444558024406433,0.06965962052345276,0.41303807497024536,"154,2,160,112,90","225,42,9,58,4",3:128:2|3:543:2|3:609:2
ckpt_3400.pt,3,418,0.4620420038700104,0.09358611702919006,0.41123929619789124,"196,248,224,39,251","202,65,66,171,27",3:172:2|3:202:2|3:876:2
ckpt_3400.pt,3,419,0.5265359282493591,0.0969315618276596,0.442824125289917,"48,95,194,121,212","133,203,140,165,178",3:190:2|3:944:2|3:0:1
ckpt_3400.pt,3,420,0.5391219258308411,0.0804670974612236,0.4309867024421692,"130,207,205,202,222","228,198,11,97,35",3:646:2|3:900:2|3:958:2
ckpt_3400.pt,3,421,0.4505377411842346,0.09765931218862534,0.3975564241409302,"233,247,140,171,109","36,154,82,223,132",3:350:2|3:626:2|3:821:2
ckpt_3400.pt,3,422,0.46619635820388794,0.10337058454751968,0.4240996837615967,"44,81,155,80,197","123,244,237,239,87",3:628:2|3:2:1|3:4:1
ckpt_3400.pt,3,423,0.5692090392112732,0.11724133044481277,0.44112762808799744,"41,196,30,253,9","146,3,105,85,79",3:146:2|3:492:2|3:676:2
ckpt_3400.pt,3,424,0.4747750759124756,0.08055898547172546,0.40053439140319824,"7,18,78,98,239","143,205,44,233,224",3:177:2|3:353:2|3:362:2
ckpt_3400.pt,3,425,0.5175263285636902,0.11475662142038345,0.46209171414375305,"97,163,28,249,254","106,194,126,195,84",3:244:2|3:268:2|3:273:2
ckpt_3400.pt,3,426,0.4975629150867462,0.09292686730623245,0.4112228751182556,"220,87,157,180,100","230,187,174,203,247",3:275:2|3:649:2|3:723:2
ckpt_3400.pt,3,427,0.543991208076477,0.09420271217823029,0.4728538393974304,"70,216,81,39,118","163,217,233,44,182",3:98:2|3:364:2|3:451:2
ckpt_3400.pt,3,428,0.5394084453582764,0.09049699455499649,0.4499202370643616,"221,224,156,108,220","43,27,52,103,113",3:123:2|3:922:2|3:1010:2
ckpt_3400.pt,3,429,0.5766070485115051,0.11217062920331955,0.4686397910118103,"143,191,30,24,88","188,161,11,87,179",3:68:2|3:365:2|3:748:2
ckpt_3400.pt,3,430,0.5007398128509521,0.09114908427000046,0.3822040259838104,"16,84,254,109,241","169,168,167,29,126",3:643:2|3:798:2|3:923:2
ckpt_3400.pt,3,431,0.45228201150894165,0.10194244235754013,0.3648529350757599,"168,219,58,47,216","143,231,17,34,179",3:508:3|3:86:2|3:281:2
ckpt_3400.pt,3,432,0.5581150054931641,0.10067497938871384,0.4583814740180969,"28,114,141,34,43","4,50,26,174,23",3:268:2|3:290:2|3:382:2
ckpt_3400.pt,3,433,0.5702950358390808,0.14368243515491486,0.4390668272972107,"77,164,153,184,150","172,70,188,186,98",3:316:2|3:909:2|3:9:1
ckpt_3400.pt,3,434,0.46321526169776917,0.08153295516967773,0.37660568952560425,"29,11,133,72,236","220,44,254,144,195",3:216:2|3:308:2|3:312:2
ckpt_3400.pt,3,435,0.5036283731460571,0.10901693254709244,0.4251815974712372,"244,24,35,0,84","66,73,116,71,201",3:501:2|3:5:1|3:28:1
ckpt_3400.pt,3,436,0.46719908714294434,0.08401034772396088,0.4071217477321625,"213,218,221,12,166","89,230,150,237,123",3:56:2|3:588:2|3:687:2
ckpt_3400.pt,3,437,0.5115654468536377,0.09792410582304001,0.45925143361091614,"93,132,179,121,221","130,198,150,184,201",3:132:2|3:237:2|3:532:2
ckpt_3400.pt,3,438,0.440366268157959,0.06487105786800385,0.36504262685775757,"215,199,14,112,34","0,61,41,97,55",3:446:2|3:861:2|3:8:1
ckpt_3400.pt,3,439,0.4943920075893402,0.07869289815425873,0.45405274629592896,"32,8,15,41,42","251,181,225,215,63",3:156:2|3:471:2|3:492:2
ckpt_3400.pt,3,440,0.5149053931236267,0.09388189017772675,0.42635804414749146,"94,23,190,85,126","72,190,109,83,192",3:102:2|3:521:2|3:7:1
ckpt_3400.pt,3,441,0.45360276103019714,0.0861973986029625,0.39768391847610474,"178,156,151,87,120","27,80,186,159,113",3:922:3|3:284:2|3:717:2
ckpt_3400.pt,3,442,0.4894503951072693,0.08968552201986313,0.40255048871040344,"240,228,199,58,156","116,82,97,166,93",3:316:2|3:6:1|3:28:1
ckpt_3400.pt,3,443,0.48478904366493225,0.12963669002056122,0.42990654706954956,"39,225,217,100,21","51,128,194,238,201",3:660:2|3:823:2|3:1017:2
ckpt_3400.pt,3,444,0.4851333498954773,0.09678225964307785,0.41332873702049255,"99,245,112,149,208","104,197,64,196,70",3:881:2|3:0:1|3:9:1
ckpt_3400.pt,3,445,0.4540054202079773,0.08376381546258926,0.4096457362174988,"186,57,176,113,180","180,204,225,123,106",3:618:2|3:622:2|3:649:2
ckpt_3400.pt,3,446,0.5021615028381348,0.09407730400562286,0.41411569714546204,"157,0,215,79,199","115,218,16,103,29",3:377:2|3:438:2|3:477:2
ckpt_3400.pt,3,447,0.5203560590744019,0.1095346063375473,0.45960089564323425,"179,161,150,6,100","40,160,54,250,175",3:31:2|3:361:2|3:9:1
ckpt_3400.pt,3,448,0.5209226012229919,0.09442463517189026,0.40914928913116455,"21,239,26,228,45","13,165,164,158,154",3:946:2|3:953:2|3:20:1
ckpt_3400.pt,3,449,0.4161587953567505,0.08112556487321854,0.3735106289386749,"161,95,58,129,117","109,150,86,127,201",3:7:2|3:40:2|3:315:2
ckpt_3400.pt,3,450,0.535804033279419,0.09496251493692398,0.4601290822029114,"166,237,1,246,47","162,48,247,178,128",3:241:2|3:394:2|3:458:2
ckpt_3400.pt,3,451,0.5893479585647583,0.11020606011152267,0.48711922764778137,"81,204,39,40,11","248,82,166,164,199",3:14:2|3:131:2|3:287:2
ckpt_3400.pt,3,452,0.48605793714523315,0.1024281457066536,0.41739529371261597,"237,26,232,68,48","227,254,21,56,52",3:136:2|3:330:2|3:512:2
ckpt_3400.pt,3,453,0.5617266893386841,0.090352863073349,0.4301762580871582,"135,88,74,165,250","28,169,159,226,163",3:234:2|3:357:2|3:715:2
ckpt_3400.pt,3,454,0.512575089931488,0.09669476747512817,0.4041053056716919,"41,233,212,61,14","135,244,233,191,234",3:465:2|3:476:2|3:616:2
ckpt_3400.pt,3,455,0.4999724328517914,0.08905278146266937,0.434516578912735,"130,197,152,171,97","53,86,65,193,211",3:176:2|3:581:2|3:839:2
ckpt_3400.pt,3,456,0.5686762928962708,0.11192803829908371,0.461957186460495,"98,26,121,12,215","76,179,194,157,196",3:520:2|3:784:2|3:885:2
ckpt_3400.pt,3,457,0.5666866302490234,0.1129598394036293,0.41234123706817627,"64,255,38,82,175","19,209,55,42,207",3:229:2|3:296:2|3:564:2
ckpt_3400.pt,3,458,0.5569618344306946,0.11934517323970795,0.45234736800193787,"184,43,1,47,134","58,115,100,91,186",3:57:2|3:382:2|3:450:2
ckpt_3400.pt,3,459,0.5427421927452087,0.10879556089639664,0.40039706230163574,"72,228,157,208,173","47,165,18,134,238",3:28:2|3:165:2|3:287:2
ckpt_3400.pt,3,460,0.505787193775177,0.08549661189317703,0.43046465516090393,"163,29,76,116,89","29,246,236,200,120",3:509:2|3:511:2|3:722:2
ckpt_3400.pt,3,461,0.4925720989704132,0.09892799705266953,0.39780083298683167,"154,179,243,182,254","4,90,63,118,18",3:12:2|3:512:2|3:674:2
ckpt_3400.pt,3,462,0.5023558735847473,0.0930052399635315,0.43793535232543945,"231,182,250,170,143","93,185,162,254,211",3:234:2|3:748:2|3:17:1
ckpt_3400.pt,3,463,0.4885636568069458,0.0843769758939743,0.4092365503311157,"19,108,40,36,47","97,169,40,138,173",3:410:2|3:566:2|3:584:2
ckpt_3400.pt,3,464,0.5029233694076538,0.09619913250207901,0.4251144826412201,"98,46,103,174,167","186,248,129,75,163",3:252:2|3:292:2|3:324:2
ckpt_3400.pt,3,465,0.5281762480735779,0.09517678618431091,0.43312159180641174,"212,137,14,78,247","239,155,7,247,163",3:213:2|3:454:2|3:750:2
ckpt_3400.pt,3,466,0.45372137427330017,0.07731632143259048,0.39184993505477905,"230,36,101,241,119","99,71,11,154,13",3:5:2|3:242:2|3:869:2
ckpt_3400.pt,3,467,0.5157358646392822,0.10807550698518753,0.4304647147655487,"219,79,53,128,213","57,197,72,130,251",3:77:2|3:856:2|3:935:2
ckpt_3400.pt,3,468,0.5684261322021484,0.10372352600097656,0.4526282846927643,"162,156,168,158,116","144,26,226,30,129",3:346:2|3:552:2|3:24:1
ckpt_3400.pt,3,469,0.47174072265625,0.09590044617652893,0.38938117027282715,"125,114,44,203,29","88,217,189,255,80",3:13:2|3:528:2|3:580:2
ckpt_3400.pt,3,470,0.4706905484199524,0.09967751801013947,0.4223896563053131,"196,81,189,19,117","20,63,3,188,1",3:2:2|3:51:2|3:223:2
ckpt_3400.pt,3,471,0.49126437306404114,0.10093500465154648,0.4442068040370941,"15,41,38,114,6","242,252,13,73,179",3:716:3|3:309:2|3:312:2
ckpt_3400.pt,3,472,0.5169505476951599,0.10079839080572128,0.4603588879108429,"231,221,227,83,146","113,207,44,37,83",3:190:2|3:355:2|3:591:2
ckpt_3400.pt,3,473,0.5329748392105103,0.09277167171239853,0.43263480067253113,"213,58,157,190,43","187,204,6,173,66",3:57:2|3:697:2|3:888:2
ckpt_3400.pt,3,474,0.47447389364242554,0.08302699774503708,0.4033876657485962,"76,158,251,204,75","130,29,116,174,108",3:128:2|3:0:1|3:1:1
ckpt_3400.pt,3,475,0.5052364468574524,0.09979759156703949,0.44585055112838745,"96,156,46,40,13","56,193,65,136,125",3:284:2|3:383:2|3:984:2
ckpt_3400.pt,3,476,0.4852959215641022,0.1004122942686081,0.44794511795043945,"29,159,206,212,233","60,11,2,245,53",3:50:2|3:454:2|3:1006:2
ckpt_3400.pt,3,477,0.5043681263923645,0.08855298906564713,0.4090394675731659,"81,79,208,157,104","1,124,167,242,224",3:287:2|3:446:2|3:459:2
ckpt_3400.pt,3,478,0.4811927080154419,0.10228455066680908,0.4233638346195221,"216,15,48,2,162","66,244,111,179,146",3:56:2|3:338:2|3:874:2
ckpt_3400.pt,3,479,0.5284625291824341,0.11784747987985611,0.45553767681121826,"88,15,220,227,56","217,143,29,219,56",3:26:2|3:80:2|3:306:2
ckpt_3400.pt,3,480,0.535306453704834,0.1167236939072609,0.43051180243492126,"197,226,38,61,194","228,251,119,37,109",3:731:2|3:794:2|3:830:2
ckpt_3400.pt,3,481,0.5379047989845276,0.11468777060508728,0.400180846452713,"2,183,163,52,80","63,28,233,238,168",3:385:2|3:788:2|3:805:2
ckpt_3400.pt,3,482,0.5235913991928101,0.0961330458521843,0.46736612915992737,"218,3,251,202,122","200,205,142,39,165",3:829:2|3:13:1|3:19:1
ckpt_3400.pt,3,483,0.47557154297828674,0.10299628227949142,0.4019301235675812,"61,100,83,119,181","126,3,73,54,8",3:408:2|3:655:2|3:994:2
ckpt_3400.pt,3,484,0.5425289273262024,0.08693753927946091,0.4397425651550293,"144,75,199,47,243","187,182,207,215,21",3:6:1|3:12:1|3:15:1
ckpt_3400.pt,3,485,0.4917720854282379,0.08344516158103943,0.4010852575302124,"184,135,209,53,106","108,7,237,61,8",3:70:2|3:298:2|3:757:2
ckpt_3400.pt,3,486,0.5268884897232056,0.11960632354021072,0.48061689734458923,"205,124,94,220,35","203,94,56,67,40",3:366:2|3:403:2|3:633:2
ckpt_3400.pt,3,487,0.4838434159755707,0.1159357875585556,0.37927135825157166,"20,24,13,190,241","7,191,43,245,189",3:5:2|3:545:2|3:26:1
ckpt_3400.pt,3,488,0.5423281788825989,0.09115374833345413,0.4286278188228607,"116,215,42,142,241","41,231,34,229,1",3:326:2|3:584:2|3:2:1
ckpt_3400.pt,3,489,0.4752409756183624,0.09014161676168442,0.39646148681640625,"9,164,64,148,198","234,82,144,166,193",3:870:2|3:977:2|3:15:1
ckpt_3400.pt,3,490,0.5258643627166748,0.10180328786373138,0.4497668445110321,"180,255,247,135,221","99,22,214,219,103",3:3:2|3:124:2|3:283:2
ckpt_3400.pt,3,491,0.5100347995758057,0.07850533723831177,0.4287303388118744,"66,232,172,154,219","181,157,102,127,130",3:257:2|3:924:2|3:977:2
ckpt_3400.pt,3,492,0.48398157954216003,0.09442075341939926,0.41749051213264465,"196,136,32,41,237","134,244,225,144,10",3:676:3|3:107:2|3:214:2
ckpt_3400.pt,3,493,0.414073646068573,0.08160555362701416,0.3855073153972626,"163,185,6,156,103","137,16,27,73,120",3:43:2|3:73:2|3:594:2
ckpt_3400.pt,3,494,0.5291542410850525,0.1170509085059166,0.4511795938014984,"194,235,195,179,151","230,168,194,82,83",3:387:2|3:406:2|3:524:2
ckpt_3400.pt,3,495,0.5280992388725281,0.0836779847741127,0.443528413772583,"227,59,129,34,12","155,174,10,235,202",3:138:2|3:235:2|3:590:2
ckpt_3400.pt,3,496,0.48613235354423523,0.10840453952550888,0.45759129524230957,"189,190,14,99,29","67,17,8,158,198",3:345:2|3:602:2|3:8:1
ckpt_3400.pt,3,497,0.5284277200698853,0.0841463953256607,0.4289185702800751,"215,244,2,214,43","115,195,183,94,66",3:311:2|3:540:2|3:680:2
ckpt_3400.pt,3,498,0.5550174713134766,0.1179458275437355,0.4268004298210144,"182,31,121,185,178","205,135,155,85,221",3:9:1|3:17:1|3:31:1
ckpt_3400.pt,3,499,0.47294676303863525,0.0868271067738533,0.386223167181015,"117,198,3,41,171","234,93,254,225,73",3:23:2|3:233:2|3:397:2
ckpt_3400.pt,3,500,0.5272159576416016,0.09892196953296661,0.4324522316455841,"102,34,255,93,149","214,153,117,84,138",3:200:2|3:382:2|3:745:2
ckpt_3400.pt,3,501,0.5550102591514587,0.0906057134270668,0.4718419909477234,"244,89,120,173,84","156,158,160,206,10",3:106:2|3:204:2|3:435:2
ckpt_3400.pt,3,502,0.5173203945159912,0.09749232977628708,0.4143065810203552,"32,47,41,141,173","174,151,62,139,36",3:15:2|3:96:2|3:156:2
ckpt_3400.pt,3,503,0.4907047152519226,0.0974184051156044,0.41176268458366394,"75,49,162,56,24","196,44,137,21,150",3:52:2|3:79:2|3:138:2
ckpt_3400.pt,3,504,0.6330974698066711,0.10404340922832489,0.49500566720962524,"169,173,91,19,211","191,22,11,121,207",3:286:2|3:35:1|3:37:1
ckpt_3400.pt,3,505,0.5397428274154663,0.08939415216445923,0.49249330163002014,"78,25,237,158,245","77,75,13,30,239",3:384:2|3:700:2|3:735:2
ckpt_3400.pt,3,506,0.543549656867981,0.12006233632564545,0.4395870268344879,"224,46,51,157,228","32,50,1,153,90",3:459:2|3:20:1|3:28:1
ckpt_3400.pt,3,507,0.4794536828994751,0.09055311977863312,0.39138734340667725,"80,114,152,120,179","27,244,12,183,71",3:275:2|3:2:1|3:3:1
ckpt_3400.pt,3,508,0.4611036777496338,0.09438731521368027,0.3843485116958618,"219,168,33,111,47","230,190,12,4,65",3:431:3|3:86:2|3:15:1
ckpt_3400.pt,3,509,0.4646202623844147,0.08840545266866684,0.377458393573761,"242,217,76,182,29","23,64,74,222,130",3:64:2|3:182:2|3:460:2
ckpt_3400.pt,3,510,0.4524673521518707,0.07632394134998322,0.38910701870918274,"35,109,248,132,107","9,26,113,148,103",3:231:2|3:368:2|3:401:2
ckpt_3400.pt,3,511,0.47245457768440247,0.08894515782594681,0.4369371235370636,"13,163,89,151,182","175,81,142,245,152",3:17:2|3:460:2|3:18:1
ckpt_3400.pt,3,512,0.5124824643135071,0.08685368299484253,0.4535767436027527,"254,68,179,48,108","74,163,232,226,46",3:452:2|3:461:2|3:584:2
ckpt_3400.pt,3,513,0.5368196964263916,0.09800892323255539,0.4736540615558624,"17,203,191,172,22","41,252,5,37,19",3:256:2|3:572:2|3:4:1
ckpt_3400.pt,3,514,0.4605400562286377,0.09102893620729446,0.39932379126548767,"135,201,109,65,18","207,51,28,158,227",3:16:2|3:678:2|3:821:2
ckpt_3400.pt,3,515,0.5469620227813721,0.12495265156030655,0.48298197984695435,"167,114,70,146,254","140,216,1,23,215",3:69:2|3:240:2|3:269:2
ckpt_3400.pt,3,516,0.47987669706344604,0.09998757392168045,0.41174665093421936,"72,230,149,151,174","85,174,34,154,134",3:818:2|3:881:2|3:18:1
ckpt_3400.pt,3,517,0.39610177278518677,0.06367505341768265,0.3713906407356262,"54,168,186,43,173","174,34,89,144,69",3:623:2|3:625:2|3:860:2
ckpt_3400.pt,3,518,0.49443408846855164,0.0848766565322876,0.41704297065734863,"248,73,247,11,238","130,94,122,67,144",3:765:2|3:1:1|3:3:1
ckpt_3400.pt,3,519,0.4803731441497803,0.10669858753681183,0.389068067073822,"85,230,252,2,57","66,1,5,24,62",3:403:2|3:24:1|3:49:1
ckpt_3400.pt,3,520,0.48104262351989746,0.10474741458892822,0.3977847099304199,"20,103,12,160,215","85,210,235,78,80",3:232:2|3:456:2|3:0:1
ckpt_3400.pt,3,521,0.5792573094367981,0.10695046186447144,0.4863797724246979,"180,29,216,126,23","205,229,89,17,3",3:440:2|3:541:2|3:568:2
ckpt_3400.pt,3,522,0.5698136687278748,0.12710021436214447,0.46221277117729187,"87,27,185,231,233","93,239,101,175,41",3:972:3|3:187:2|3:310:2
ckpt_3400.pt,3,523,0.5358143448829651,0.09120331704616547,0.43080803751945496,"124,85,110,56,161","19,13,166,142,83",3:564:2|3:591:2|3:34:1
ckpt_3400.pt,3,524,0.45614227652549744,0.07675103843212128,0.37931719422340393,"100,195,80,66,194","116,176,77,42,211",3:58:2|3:494:2|3:628:2
ckpt_3400.pt,3,525,0.4971999526023865,0.10173780471086502,0.4112086594104767,"173,112,175,200,103","203,150,175,19,189",3:25:2|3:0:1|3:12:1
ckpt_3400.pt,3,526,0.48311275243759155,0.10249962657690048,0.3857363164424896,"75,88,110,86,206","49,109,183,21,93",3:52:2|3:222:2|3:386:2
ckpt_3400.pt,3,527,0.5240741968154907,0.10387159883975983,0.42448416352272034,"76,252,213,7,149","173,26,255,221,194",3:184:2|3:198:2|3:788:2
ckpt_3400.pt,3,528,0.5473515391349792,0.09229923784732819,0.41621133685112,"125,6,181,53,114","13,87,97,69,55",3:192:2|3:469:2|3:471:2
ckpt_3400.pt,3,529,0.47180578112602234,0.10029298067092896,0.4101748764514923,"171,196,195,74,235","153,175,35,15,188",3:329:3|3:46:2|3:137:2
ckpt_3400.pt,3,530,0.41665536165237427,0.07732147723436356,0.40685591101646423,"163,141,152,106,245","119,110,126,29,10",3:630:2|3:740:2|3:815:2
ckpt_3400.pt,3,531,0.5486961007118225,0.098328597843647,0.43122583627700806,"22,67,96,20,196","225,117,67,83,155",3:4:1|3:6:1|3:28:1
ckpt_3400.pt,3,532,0.49514415860176086,0.0866599828004837,0.4335760772228241,"179,147,107,221,1","93,174,147,214,96",3:437:2|3:542:2|3:565:2
ckpt_3400.pt,3,533,0.5518073439598083,0.1098325103521347,0.4134286344051361,"235,98,191,212,132","37,146,191,26,130",3:603:2|3:838:2|3:0:1
ckpt_3400.pt,3,534,0.534203052520752,0.1215994581580162,0.4447956383228302,"187,144,66,227,43","113,133,69,72,203",3:917:3|3:26:2|3:189:2
ckpt_3400.pt,3,535,0.5100799798965454,0.08393985033035278,0.4239174425601959,"185,79,46,19,253","71,129,42,191,199",3:35:2|3:50:2|3:334:2
ckpt_3400.pt,3,536,0.5186834335327148,0.1046920195221901,0.42282241582870483,"133,23,81,87,160","221,136,105,180,135",3:280:2|3:687:2|3:2:1
ckpt_3400.pt,3,537,0.5235694050788879,0.11081240326166153,0.4479575455188751,"35,14,249,49,57","152,150,26,202,83",3:178:2|3:367:2|3:595:2
ckpt_3400.pt,3,538,0.5117415189743042,0.12570182979106903,0.4195934534072876,"144,54,153,61,81","175,174,71,38,95",3:131:2|3:214:2|3:2:1
ckpt_3400.pt,3,539,0.5571229457855225,0.1082349345088005,0.44973427057266235,"145,205,110,173,240","143,175,68,196,238",3:183:2|3:646:2|3:808:2
ckpt_3400.pt,3,540,0.5187633633613586,0.10191258043050766,0.4108057916164398,"22,43,182,123,2","37,217,26,247,151",3:410:2|3:497:2|3:796:2
ckpt_3400.pt,3,541,0.4795568883419037,0.08099352568387985,0.362894743680954,"126,180,110,201,106","85,19,75,55,233",3:109:2|3:325:2|3:521:2
ckpt_3400.pt,3,542,0.4996446371078491,0.07650548219680786,0.4582499563694,"1,221,121,196,145","239,220,41,219,140",3:132:2|3:237:2|3:437:2
ckpt_3400.pt,3,543,0.5524689555168152,0.10549542307853699,0.448881059885025,"251,46,2,154,47","243,84,200,52,58",3:157:2|3:417:2|3:724:2
ckpt_3400.pt,3,544,0.4619223177433014,0.07711620628833771,0.38783761858940125,"96,162,167,94,30","90,112,96,38,109",3:68:2|3:338:2|3:839:2
ckpt_3400.pt,3,545,0.4975511133670807,0.09578876197338104,0.4262917637825012,"174,139,50,24,241","87,236,62,168,179",3:5:2|3:487:2|3:18:1
ckpt_3400.pt,3,546,0.507617175579071,0.0728682279586792,0.40183913707733154,"182,55,77,138,214","18,146,75,83,8",3:17:1|3:21:1|3:64:1
ckpt_3400.pt,3,547,0.432595819234848,0.08115165680646896,0.3591330349445343,"126,47,121,45,234","164,215,85,86,125",3:846:2|3:986:2|3:12:1
ckpt_3400.pt,3,548,0.522895872592926,0.10782959312200546,0.4191182553768158,"226,187,84,150,162","84,9,141,142,21",3:179:2|3:767:2|3:774:2
ckpt_3400.pt,3,549,0.4590970575809479,0.07731010764837265,0.394741952419281,"147,65,167,139,170","155,24,50,121,247",3:168:2|3:219:2|3:811:2
ckpt_3400.pt,3,550,0.5930860042572021,0.12413610517978668,0.4686509966850281,"122,126,204,79,100","76,92,197,147,15",3:240:2|3:696:2|3:856:2
ckpt_3400.pt,3,551,0.43746405839920044,0.08320602774620056,0.390532523393631,"74,71,248,213,191","255,201,197,84,206",3:365:3|3:572:2|3:635:2
ckpt_3400.pt,3,552,0.5251908898353577,0.09570762515068054,0.4444434940814972,"165,156,116,100,210","182,70,55,207,28",3:144:2|3:254:2|3:468:2
ckpt_3400.pt,3,553,0.5192936658859253,0.11491189152002335,0.4600656032562256,"75,254,117,239,43","21,7,43,44,141",3:356:2|3:917:2|3:1013:2
ckpt_3400.pt,3,554,0.47176188230514526,0.07752154767513275,0.3752062916755676,"198,67,25,205,132","197,107,225,54,32",3:803:2|3:934:2|3:4:1
ckpt_3400.pt,3,555,0.46280205249786377,0.11575765907764435,0.40166136622428894,"99,129,216,83,62","71,166,110,237,12",3:66:2|3:345:2|3:891:2
ckpt_3400.pt,3,556,0.4931076765060425,0.11108338087797165,0.3955422043800354,"114,170,144,130,190","174,146,184,74,233",3:26:2|3:563:2|3:578:2
ckpt_3400.pt,3,557,0.49426978826522827,0.10859427601099014,0.40855351090431213,"27,9,77,102,23","33,223,197,46,87",3:293:2|3:650:2|3:21:1
ckpt_3400.pt,3,558,0.5369460582733154,0.1030876412987709,0.419405460357666,"132,207,186,70,74","180,9,20,191,36",3:76:2|3:565:2|3:654:2
ckpt_3400.pt,3,559,0.4453219473361969,0.06717770546674728,0.3929513990879059,"223,207,235,175,178","188,102,145,226,166",3:327:2|3:643:2|3:716:2
ckpt_3400.pt,3,560,0.5161246657371521,0.1159706860780716,0.45800167322158813,"82,181,66,110,227","219,43,253,192,128",3:1019:3|3:534:2|3:611:2
ckpt_3400.pt,3,561,0.5134657621383667,0.09639789164066315,0.3763834834098816,"17,121,159,173,114","14,231,89,115,41",3:971:2|3:31:1|3:49:1
ckpt_3400.pt,3,562,0.5326588749885559,0.10140795260667801,0.47495037317276,"109,188,150,208,215","75,76,214,15,43",3:9:2|3:158:2|3:734:2
ckpt_3400.pt,3,563,0.4958034157752991,0.07642675936222076,0.4193248152732849,"25,130,144,142,13","32,7,39,153,221",3:384:2|3:556:2|3:631:2
ckpt_3400.pt,3,564,0.46876418590545654,0.08808550238609314,0.3982694745063782,"224,82,255,56,161","18,71,21,87,93",3:60:2|3:457:2|3:523:2
ckpt_3400.pt,3,565,0.5191069841384888,0.09041957557201385,0.4555913507938385,"1,74,70,205,179","221,48,172,3,239",3:532:2|3:558:2|3:4:1
ckpt_3400.pt,3,566,0.4859507381916046,0.08807433396577835,0.38905248045921326,"36,19,21,103,139","51,27,62,50,216",3:463:2|3:673:2|3:708:2
ckpt_3400.pt,3,567,0.4562883973121643,0.08659762144088745,0.42274221777915955,"194,242,37,205,56","38,146,7,143,254",3:91:2|3:332:2|3:661:2
ckpt_3400.pt,3,568,0.45158851146698,0.07242266833782196,0.34397831559181213,"175,180,29,79,15","71,142,163,156,196",3:235:2|3:327:2|3:521:2
ckpt_3400.pt,3,569,0.5214217305183411,0.0928732305765152,0.394741952419281,"255,81,53,122,123","53,252,212,229,16",3:102:2|3:114:2|3:739:2
ckpt_3400.pt,3,570,0.5434846878051758,0.11135491728782654,0.46626025438308716,"119,206,45,66,46","212,54,143,173,46",3:103:2|3:736:2|3:904:2
ckpt_3400.pt,3,571,0.4947408139705658,0.08447721600532532,0.4044760763645172,"202,138,12,209,5","244,146,11,233,23",3:35:1|3:36:1|3:70:1
ckpt_3400.pt,3,572,0.5421196818351746,0.09624612331390381,0.42927610874176025,"248,65,22,222,191","139,169,198,133,125",3:1:2|3:513:2|3:551:2
ckpt_3400.pt,3,573,0.4831673204898834,0.08266877382993698,0.37544092535972595,"205,45,43,34,52","32,238,241,49,42",3:382:2|3:389:2|3:432:2
ckpt_3400.pt,3,574,0.5238443613052368,0.10132216662168503,0.43957626819610596,"149,103,225,14,74","71,245,186,95,76",3:283:2|3:357:2|3:727:2
ckpt_3400.pt,3,575,0.5495838522911072,0.10104695707559586,0.45033201575279236,"137,24,75,222,153","150,149,18,244,154",3:79:2|3:169:2|3:222:2
ckpt_3400.pt,3,576,0.5081431269645691,0.09573099762201309,0.42284661531448364,"225,91,33,42,34","99,136,13,12,138",3:992:2|3:24:1|3:33:1
ckpt_3400.pt,3,577,0.4283177852630615,0.06775560975074768,0.38825637102127075,"54,2,180,240,41","219,177,174,85,216",3:228:2|3:6:1|3:19:1
ckpt_3400.pt,3,578,0.4898124039173126,0.08833201229572296,0.40351802110671997,"114,19,127,235,130","55,196,204,202,232",3:242:2|3:334:2|3:406:2
ckpt_3400.pt,3,579,0.47593212127685547,0.11905945092439651,0.42744529247283936,"70,203,13,187,248","27,53,212,233,75",3:371:2|3:648:2|3:1:1
ckpt_3400.pt,3,580,0.4978349804878235,0.09524453431367874,0.4130696952342987,"156,203,114,98,91","194,172,237,62,9",3:88:2|3:127:2|3:383:2
ckpt_3400.pt,3,581,0.4574580192565918,0.09240573644638062,0.39993175864219666,"29,227,97,172,171","191,43,102,151,192",3:176:2|3:235:2|3:271:2
ckpt_3400.pt,3,582,0.5566569566726685,0.08579444885253906,0.4232616722583771,"231,137,200,81,254","231,196,57,106,63",3:29:2|3:223:2|3:381:2
ckpt_3400.pt,3,583,0.4616250693798065,0.09627719968557358,0.3953520357608795,"71,246,199,170,20","173,204,160,75,17",3:945:2|3:23:1|3:43:1
ckpt_3400.pt,3,584,0.5799395442008972,0.12396673858165741,0.4735678732395172,"215,254,108,40,142","0,130,187,180,114",3:14:2|3:463:2|3:488:2
ckpt_3400.pt,3,585,0.5612460374832153,0.12926247715950012,0.45232486724853516,"114,53,92,111,65","11,220,71,79,203",3:528:2|3:1:1|3:15:1
ckpt_3400.pt,3,586,0.5312082171440125,0.092509426176548,0.4321085512638092,"148,49,125,247,131","49,194,201,219,42",3:620:2|3:659:2|3:3:1
ckpt_3400.pt,3,587,0.4752321243286133,0.09097228199243546,0.4140251874923706,"232,188,74,87,196","1,186,211,30,105",3:28:2|3:46:2|3:158:2
ckpt_3400.pt,3,588,0.5113511085510254,0.12195274978876114,0.4124124050140381,"12,146,76,197,218","48,85,62,12,156",3:436:2|3:640:2|3:0:1
ckpt_3400.pt,3,589,0.5554677844047546,0.10335838049650192,0.4774625897407532,"78,42,93,113,184","216,126,214,125,255",3:8:1|3:11:1|3:17:1
ckpt_3400.pt,3,590,0.497002512216568,0.08703093230724335,0.4191362261772156,"1,129,12,247,203","53,189,128,229,14",3:40:2|3:89:2|3:495:2
ckpt_3400.pt,3,591,0.4923991858959198,0.0816657766699791,0.3976147770881653,"161,83,231,211,110","253,64,150,98,20",3:37:2|3:472:2|3:523:2
ckpt_3400.pt,3,592,0.4891832172870636,0.09982217103242874,0.3977034389972687,"4,223,196,199,52","220,47,13,41,180",3:202:2|3:385:2|3:615:2
ckpt_3400.pt,3,593,0.4795437157154083,0.08860790729522705,0.40342649817466736,"133,193,77,129,236","47,39,43,171,206",3:89:2|3:216:2|3:280:2
ckpt_3400.pt,3,594,0.5229858160018921,0.09933341294527054,0.47861623764038086,"189,199,6,218,163","18,92,150,114,199",3:385:2|3:493:2|3:27:1
ckpt_3400.pt,3,595,0.4993010461330414,0.08596151322126389,0.45545628666877747,"234,49,128,57,212","21,88,128,154,100",3:178:2|3:363:2|3:537:2
ckpt_3400.pt,3,596,0.48518067598342896,0.09235332906246185,0.4170543849468231,"56,82,39,57,106","130,211,127,140,226",3:883:3|3:109:2|3:564:2
ckpt_3400.pt,3,597,0.5001268982887268,0.11128543317317963,0.41789481043815613,"73,66,174,216,197","99,13,173,204,60",3:4:2|3:220:2|3:335:2
ckpt_3400.pt,3,598,0.5129198431968689,0.0939292162656784,0.41847267746925354,"128,171,215,38,163","193,225,13,121,213",3:14:2|3:30:2|3:121:2
ckpt_3400.pt,3,599,0.5411789417266846,0.09364377707242966,0.44456425309181213,"103,92,47,43,189","225,43,190,142,62",3:189:2|3:289:2|3:458:2
ckpt_3400.pt,3,600,0.42603355646133423,0.07441713660955429,0.39535507559776306,"146,108,101,200,77","159,115,48,248,205",3:123:2|3:199:2|3:755:2
ckpt_3400.pt,3,601,0.5086057186126709,0.08349131047725677,0.41670480370521545,"30,59,79,40,93","205,166,134,44,51",3:143:2|3:753:2|3:4:1
ckpt_3400.pt,3,602,0.5173458456993103,0.08861338347196579,0.4242176413536072,"190,14,68,53,109","220,125,139,249,244",3:213:2|3:496:2|3:8:1
ckpt_3400.pt,3,603,0.5055496692657471,0.09074487537145615,0.4344542622566223,"238,215,235,191,255","155,65,52,43,174",3:84:2|3:392:2|3:533:2
ckpt_3400.pt,3,604,0.5183846354484558,0.08716276288032532,0.4028873145580292,"204,165,107,98,70","13,245,187,230,138",3:265:2|3:1:1|3:3:1
ckpt_3400.pt,3,605,0.5490397810935974,0.10779332369565964,0.40878060460090637,"236,230,27,4,173","255,224,251,82,103",3:304:2|3:791:2|3:24:1
ckpt_3400.pt,3,606,0.43535614013671875,0.10921689122915268,0.38942062854766846,"78,221,152,161,151","230,159,224,3,161",3:387:2|3:2:1|3:18:1
ckpt_3400.pt,3,607,0.5356647968292236,0.08678283542394638,0.46101146936416626,"49,199,0,253,234","110,177,217,149,29",3:178:2|3:446:2|3:595:2
ckpt_3400.pt,3,608,0.5064493417739868,0.10828668624162674,0.43853524327278137,"131,39,175,236,144","92,205,249,105,233",3:298:2|3:718:2|3:927:2
ckpt_3400.pt,3,609,0.44038328528404236,0.08608121424913406,0.3725219964981079,"8,2,29,223,160","160,202,137,30,183",3:258:2|3:271:2|3:361:2
ckpt_3400.pt,3,610,0.4242751896381378,0.08582433313131332,0.37829622626304626,"85,18,137,28,52","99,75,164,29,54",3:950:2|3:1000:2|3:16:1
ckpt_3400.pt,3,611,0.5030892491340637,0.09335393458604813,0.406074196100235,"66,200,185,110,139","28,233,59,82,101",3:399:2|3:560:2|3:954:2
ckpt_3400.pt,3,612,0.4842434823513031,0.08439404517412186,0.3935374617576599,"28,237,128,35,1","17,93,77,47,252",3:450:2|3:644:2|3:684:2
ckpt_3400.pt,3,613,0.4756482243537903,0.09097855538129807,0.4290655255317688,"22,227,215,25,184","222,199,121,4,91",3:39:2|3:116:2|3:162:2
ckpt_3400.pt,3,614,0.5716360211372375,0.10148780792951584,0.46998462080955505,"229,239,93,85,103","55,41,246,216,109",3:105:2|3:779:2|3:0:1
ckpt_3400.pt,3,615,0.44228696823120117,0.09547004103660583,0.3948509395122528,"169,52,255,166,196","215,94,32,203,56",3:592:2|3:952:2|3:28:1
ckpt_3400.pt,3,616,0.5710054636001587,0.09912296384572983,0.4496004581451416,"89,41,40,14,220","242,54,248,27,190",3:122:2|3:412:2|3:454:2
ckpt_3400.pt,3,617,0.4802793860435486,0.10848592966794968,0.407652884721756,"167,125,128,31,9","147,56,50,59,140",3:77:2|3:300:2|3:808:2
ckpt_3400.pt,3,618,0.4752487540245056,0.07789736986160278,0.39948269724845886,"180,109,210,176,59","196,63,18,200,115",3:163:2|3:445:2|3:679:2
ckpt_3400.pt,3,619,0.5334843993186951,0.10146330296993256,0.4213050901889801,"30,84,71,252,206","104,188,195,137,32",3:365:2|3:955:2|3:50:1
ckpt_3400.pt,3,620,0.5610036849975586,0.10568763315677643,0.459343284368515,"123,176,125,247,245","50,39,124,69,93",3:246:2|3:586:2|3:3:1
ckpt_3400.pt,3,621,0.5930420756340027,0.1104317158460617,0.4701007902622223,"79,18,255,232,55","26,149,224,161,50",3:229:2|3:753:2|3:807:2
ckpt_3400.pt,3,622,0.492507666349411,0.11025973409414291,0.41081684827804565,"51,180,113,226,149","88,239,245,90,147",3:107:2|3:163:2|3:200:2
ckpt_3400.pt,3,623,0.44102177023887634,0.08773903548717499,0.3742321729660034,"83,107,173,43,55","62,229,223,187,126",3:238:2|3:268:2|3:517:2
ckpt_3400.pt,3,624,0.5166935920715332,0.09330884367227554,0.4332718253135681,"178,171,69,251,106","131,123,27,214,19",3:211:2|3:350:2|3:7:1
ckpt_3400.pt,3,625,0.4996925890445709,0.08779818564653397,0.4394983649253845,"96,36,78,186,168","108,171,32,148,145",3:97:2|3:517:2|3:802:2
ckpt_3400.pt,3,626,0.4969872534275055,0.09442665427923203,0.4018642008304596,"233,245,249,171,173","124,60,113,117,246",3:421:2|3:6:1|3:25:1
ckpt_3400.pt,3,627,0.43982577323913574,0.0854649618268013,0.361201673746109,"16,62,223,232,249","64,194,70,72,116",3:257:2|3:666:2|3:865:2
ckpt_3400.pt,3,628,0.46879780292510986,0.07850746065378189,0.3762764632701874,"105,80,81,100,7","99,18,108,15,199",3:364:2|3:422:2|3:524:2
ckpt_3400.pt,3,629,0.5085427761077881,0.10245063155889511,0.4309336841106415,"174,113,207,228,250","113,221,39,252,148",3:907:2|3:908:2|3:11:1
ckpt_3400.pt,3,630,0.5255492925643921,0.08319415897130966,0.456743061542511,"58,17,233,152,141","17,195,159,157,151",3:45:2|3:530:2|3:2:1
ckpt_3400.pt,3,631,0.538944661617279,0.1289031207561493,0.44330233335494995,"142,144,190,125,244","70,36,49,122,91",3:26:2|3:78:2|3:556:2
ckpt_3400.pt,3,632,0.5482401251792908,0.10041967779397964,0.44913434982299805,"1,92,141,217,249","43,159,151,21,142",3:25:2|3:233:2|3:726:2
ckpt_3400.pt,3,633,0.5150020718574524,0.08314802497625351,0.4124125838279724,"217,94,230,208,35","184,148,244,77,15",3:403:3|3:150:2|3:341:2
ckpt_3400.pt,3,634,0.4760051965713501,0.09048692137002945,0.388733834028244,"200,90,25,37,220","224,189,143,225,233",3:10:1|3:22:1|3:26:1
ckpt_3400.pt,3,635,0.5087975263595581,0.09723789244890213,0.4495137631893158,"247,211,118,213,71","56,123,182,206,15",3:551:2|3:848:2|3:3:1
ckpt_3400.pt,3,636,0.5147746801376343,0.08978473395109177,0.4674305319786072,"227,154,31,54,127","82,234,69,221,239",3:39:2|3:100:2|3:134:2
ckpt_3400.pt,3,637,0.5424333810806274,0.09588034451007843,0.45002734661102295,"226,137,90,160,206","217,167,106,182,127",3:29:2|3:50:2|3:417:2
ckpt_3400.pt,3,638,0.43387848138809204,0.0731445699930191,0.3725177049636841,"192,118,8,93,86","128,1,99,227,89",3:361:2|3:1:1|3:8:1
ckpt_3400.pt,3,639,0.5600635409355164,0.1452668458223343,0.4882071912288666,"18,212,199,226,8","236,180,93,137,207",3:155:2|3:371:2|3:767:2
ckpt_3400.pt,3,640,0.4127742052078247,0.08339189738035202,0.370317280292511,"17,23,76,146,8","112,160,178,17,179",3:99:2|3:588:2|3:1004:2
ckpt_3400.pt,3,641,0.4987899959087372,0.12711979448795319,0.43599140644073486,"147,53,60,58,162","68,233,81,221,195",3:68:2|3:652:2|3:767:2
ckpt_3400.pt,3,642,0.4304260015487671,0.08232816308736801,0.4121221601963043,"203,99,118,48,89","166,210,155,66,43",3:204:2|3:1015:2|3:11:1
ckpt_3400.pt,3,643,0.48155635595321655,0.09023664891719818,0.43751320242881775,"207,156,84,109,175","143,104,241,188,20",3:213:2|3:383:2|3:430:2
ckpt_3400.pt,3,644,0.4867301881313324,0.08817063271999359,0.43101736903190613,"17,244,28,128,194","194,246,163,119,241",3:76:2|3:272:2|3:398:2
ckpt_3400.pt,3,645,0.5221744179725647,0.08603792637586594,0.4398655593395233,"171,99,138,61,184","10,202,205,194,242",3:694:2|3:55:1|3:64:1
ckpt_3400.pt,3,646,0.4991253912448883,0.09642137587070465,0.4283513128757477,"169,80,205,240,202","46,232,186,176,86",3:6:2|3:35:2|3:420:2
ckpt_3400.pt,3,647,0.49230724573135376,0.10135512053966522,0.4067975878715515,"205,104,69,214,98","81,101,108,208,9",3:719:2|3:782:2|3:3:1
ckpt_3400.pt,3,648,0.5068804621696472,0.1017741858959198,0.3995845913887024,"248,71,181,13,16","59,2,211,205,139",3:53:2|3:261:2|3:551:2
ckpt_3400.pt,3,649,0.5242698192596436,0.0911104753613472,0.4510633051395416,"186,220,94,169,180","18,23,13,16,74",3:426:2|3:445:2|3:486:2
ckpt_3400.pt,3,650,0.4543003737926483,0.08021911233663559,0.37649714946746826,"27,45,13,23,105","77,211,13,206,177",3:557:2|3:27:1|3:61:1
ckpt_3400.pt,3,651,0.5104982852935791,0.09296044707298279,0.41571223735809326,"197,254,24,57,153","82,237,4,37,236",3:60:2|3:220:2|3:575:2
ckpt_3400.pt,3,652,0.4776597023010254,0.08531522005796432,0.40898171067237854,"57,228,62,60,53","154,126,12,48,16",3:641:2|3:15:1|3:28:1
ckpt_3400.pt,3,653,0.5335729718208313,0.11348595470190048,0.44595086574554443,"236,32,0,146,238","15,11,166,134,146",3:230:2|3:336:2|3:355:2
ckpt_3400.pt,3,654,0.5194362998008728,0.1117330864071846,0.4395886957645416,"36,74,159,204,132","216,29,221,195,198",3:76:2|3:558:2|3:707:2
ckpt_3400.pt,3,655,0.48341161012649536,0.11064857244491577,0.40751323103904724,"181,83,113,111,30","60,62,69,30,63",3:155:2|3:385:2|3:483:2
ckpt_3400.pt,3,656,0.4737076163291931,0.11892832815647125,0.43322911858558655,"108,233,180,90,120","239,143,78,92,108",3:275:2|3:284:2|3:664:2
ckpt_3400.pt,3,657,0.5270457863807678,0.10830147564411163,0.4342764616012573,"177,93,14,64,57","38,2,212,78,28",3:8:2|3:537:2|3:727:2
ckpt_3400.pt,3,658,0.501068651676178,0.09306246787309647,0.3932982087135315,"7,66,84,242,247","136,161,31,126,167",3:82:2|3:177:2|3:220:2
ckpt_3400.pt,3,659,0.5025792717933655,0.10260870307683945,0.41550400853157043,"113,247,108,49,240","168,134,85,109,210",3:228:2|3:586:2|3:3:1
ckpt_3400.pt,3,660,0.48852044343948364,0.0876283124089241,0.42250585556030273,"52,117,218,225,100","135,50,143,229,89",3:443:2|3:823:2|3:2:1
ckpt_3400.pt,3,661,0.48704031109809875,0.09428363293409348,0.38852062821388245,"164,247,56,37,114","50,26,225,81,133",3:269:2|3:567:2|3:792:2
ckpt_3400.pt,3,662,0.5579188466072083,0.12375212460756302,0.4740601181983948,"2,122,220,175,99","138,173,106,185,76",3:13:1|3:19:1|3:25:1
ckpt_3400.pt,3,663,0.5376479625701904,0.12462958693504333,0.43547192215919495,"70,63,169,126,43","85,40,210,70,235",3:872:2|3:8:1|3:35:1
ckpt_3400.pt,3,664,0.4929705858230591,0.09040430933237076,0.40949198603630066,"67,79,120,108,78","206,203,6,95,223",3:301:2|3:391:2|3:656:2
ckpt_3400.pt,3,665,0.4851634204387665,0.08213040977716446,0.4061734676361084,"255,1,154,165,134","211,15,84,175,119",3:132:2|3:135:2|3:458:2
ckpt_3400.pt,3,666,0.45619291067123413,0.08548857271671295,0.3900231420993805,"62,7,247,153,223","132,249,76,136,219",3:212:2|3:627:2|3:658:2
ckpt_3400.pt,3,667,0.5458249449729919,0.09832986444234848,0.41916149854660034,"142,160,179,218,231","124,195,68,185,7",3:148:2|3:668:2|3:854:2
ckpt_3400.pt,3,668,0.5177717208862305,0.08554863929748535,0.4163738191127777,"201,209,254,231,218","118,147,98,46,44",3:394:2|3:582:2|3:667:2
ckpt_3400.pt,3,669,0.4705885350704193,0.09653764963150024,0.392156720161438,"205,194,163,15,213","120,222,35,146,210",3:217:2|3:331:2|3:567:2
ckpt_3400.pt,3,670,0.5210383534431458,0.09218563139438629,0.42397505044937134,"253,174,190,248,211","56,34,57,241,1",3:117:2|3:1007:2|3:1:1
ckpt_3400.pt,3,671,0.4868924021720886,0.10481242090463638,0.4265236258506775,"87,170,37,9,254","186,200,28,80,40",3:929:2|3:1013:2|3:10:1
ckpt_3400.pt,3,672,0.5231084823608398,0.08910159021615982,0.43602901697158813,"210,196,11,189,55","6,147,57,247,36",3:51:2|3:470:2|3:793:2
ckpt_3400.pt,3,673,0.5060186982154846,0.08874595910310745,0.3885570466518402,"7,24,254,19,103","102,77,25,99,194",3:12:2|3:566:2|3:651:2
ckpt_3400.pt,3,674,0.5671418905258179,0.11940725147724152,0.45849135518074036,"243,254,56,173,69","130,206,15,188,239",3:12:2|3:269:2|3:461:2
ckpt_3400.pt,3,675,0.4764801263809204,0.09526931494474411,0.3977178931236267,"242,161,160,1,238","22,252,160,229,126",3:140:2|3:145:2|3:323:2
ckpt_3400.pt,3,676,0.5510275363922119,0.10085679590702057,0.47334012389183044,"196,41,237,71,215","219,156,200,24,61",3:492:3|3:423:2|3:680:2
ckpt_3400.pt,3,677,0.5275273323059082,0.09696091711521149,0.4484661817550659,"139,168,104,207,9","96,118,195,50,132",3:59:1|3:67:1|3:91:1
ckpt_3400.pt,3,678,0.5022862553596497,0.09508764743804932,0.4207991063594818,"223,195,13,135,201","239,157,89,174,81",3:115:2|3:514:2|3:757:2
ckpt_3400.pt,3,679,0.5104799866676331,0.11011228710412979,0.41614753007888794,"198,109,144,210,13","199,17,45,56,20",3:563:2|3:618:2|3:847:2
ckpt_3400.pt,3,680,0.4126427173614502,0.08692257851362228,0.34527847170829773,"75,196,2,174,215","120,186,66,142,159",3:138:2|3:386:2|3:497:2
ckpt_3400.pt,3,681,0.4715881645679474,0.10472426563501358,0.42347726225852966,"221,80,201,187,133","207,117,243,59,151",3:6:1|3:39:1|3:56:1
ckpt_3400.pt,3,682,0.4894435405731201,0.08553949743509293,0.42061203718185425,"179,202,191,51,101","129,5,69,205,128",3:5:1|3:33:1|3:35:1
ckpt_3400.pt,3,683,0.4422037899494171,0.06795292347669601,0.39863529801368713,"100,245,58,234,230","97,6,223,199,57",3:889:2|3:12:1|3:24:1
ckpt_3400.pt,3,684,0.5048956871032715,0.10227196663618088,0.40697190165519714,"28,121,224,177,237","127,190,155,120,167",3:612:2|3:31:1|3:53:1
ckpt_3400.pt,3,685,0.5809824466705322,0.1295158416032791,0.4755423665046692,"215,124,221,41,90","123,91,101,106,8",3:309:2|3:676:2|3:14:1
ckpt_3400.pt,3,686,0.4983156621456146,0.09829717874526978,0.42512020468711853,"184,201,44,4,83","81,163,194,227,77",3:1022:2|3:13:1|3:25:1
ckpt_3400.pt,3,687,0.5111421346664429,0.1216258630156517,0.4158136248588562,"213,221,160,209,23","112,106,19,31,121",3:56:2|3:436:2|3:536:2
ckpt_3400.pt,3,688,0.4970484972000122,0.1033058613538742,0.394896924495697,"106,105,42,228,218","7,113,223,44,115",3:849:2|3:7:1|3:28:1
ckpt_3400.pt,3,689,0.49637889862060547,0.09337487816810608,0.4419078528881073,"61,16,162,237,29","60,236,244,48,222",3:214:2|3:865:2|3:11:1
ckpt_3400.pt,3,690,0.48557886481285095,0.11805898696184158,0.40002691745758057,"113,104,216,185,12","187,163,67,40,160",3:772:2|3:780:2|3:826:2
ckpt_3400.pt,3,691,0.4551571309566498,0.09313518553972244,0.4024532437324524,"167,222,63,154,58","125,225,229,111,195",3:134:2|3:924:2|3:8:1
ckpt_3400.pt,3,692,0.5988155603408813,0.11962110549211502,0.46133238077163696,"195,189,184,59,123","217,33,92,39,80",3:27:1|3:40:1|3:46:1
ckpt_3400.pt,3,693,0.5171543955802917,0.08488459885120392,0.42612698674201965,"7,46,64,239,253","26,34,21,151,129",3:20:2|3:95:2|3:424:2
ckpt_3400.pt,3,694,0.5174774527549744,0.0976267158985138,0.41639018058776855,"225,159,184,171,15","7,188,189,113,200",3:645:2|3:32:1|3:49:1
ckpt_3400.pt,3,695,0.46578508615493774,0.07684655487537384,0.39989665150642395,"114,96,66,70,211","174,48,136,202,197",3:81:2|3:383:2|3:515:2
ckpt_3400.pt,3,696,0.5340039134025574,0.09666750580072403,0.4265422821044922,"122,91,29,140,79","181,148,208,213,190",3:13:2|3:235:2|3:286:2
ckpt_3400.pt,3,697,0.46980807185173035,0.08800453692674637,0.41263890266418457,"157,113,179,43,226","90,161,66,123,64",3:248:2|3:473:2|3:622:2
ckpt_3400.pt,3,698,0.5516881942749023,0.09413520991802216,0.453360915184021,"106,216,232,60,26","5,64,74,21,22",3:325:2|3:452:2|3:4:1
ckpt_3400.pt,3,699,0.49614444375038147,0.09258431941270828,0.3990461230278015,"131,3,66,249,190","191,212,16,176,196",3:151:2|3:166:2|3:804:2
ckpt_3400.pt,3,700,0.47416067123413086,0.07455700635910034,0.3895379900932312,"59,255,213,237,25","200,121,116,220,46",3:384:2|3:505:2|3:888:2
ckpt_3400.pt,3,701,0.5057092905044556,0.10249015688896179,0.4313848912715912,"66,30,8,39,123","168,185,21,211,150",3:58:1|3:64:1|3:81:1
ckpt_3400.pt,3,702,0.4676150679588318,0.09082478284835815,0.4096381366252899,"101,112,238,203,30","75,234,102,89,154",3:982:2|3:1003:2|3:5:1
ckpt_3400.pt,3,703,0.469330757856369,0.10252055525779724,0.37918809056282043,"189,85,15,44,253","139,80,134,40,199",3:721:2|3:10:1|3:13:1
ckpt_3400.pt,3,704,0.5320019125938416,0.1109318658709526,0.4160974323749542,"23,83,5,197,67","166,84,63,45,220",3:914:2|3:1008:2|3:4:1
ckpt_3400.pt,3,705,0.5329985618591309,0.0994064062833786,0.42725247144699097,"132,17,0,174,252","139,239,129,41,9",3:355:2|3:7:1|3:12:1
ckpt_3400.pt,3,706,0.5582301616668701,0.10418456047773361,0.4844712018966675,"219,137,41,76,142","52,18,217,194,10",3:0:1|3:2:1|3:8:1
ckpt_3400.pt,3,707,0.6334710121154785,0.14114804565906525,0.5022591352462769,"204,31,73,74,19","118,143,53,200,232",3:654:2|3:1:1|3:38:1
ckpt_3400.pt,3,708,0.45972076058387756,0.08888649195432663,0.3958418071269989,"97,36,90,251,21","244,66,118,12,218",3:42:2|3:344:2|3:404:2
ckpt_3400.pt,3,709,0.5233378410339355,0.08649811893701553,0.44714316725730896,"225,207,162,191,141","166,171,225,254,8",3:296:2|3:20:1|3:24:1
ckpt_3400.pt,3,710,0.4900861978530884,0.09124426543712616,0.39458364248275757,"87,217,149,229,32","207,124,249,196,146",3:93:2|3:745:2|3:818:2
ckpt_3400.pt,3,711,0.45222923159599304,0.08163657039403915,0.3952227532863617,"36,170,209,62,1","176,245,43,174,22",3:112:2|3:262:2|3:344:2
ckpt_3400.pt,3,712,0.55405193567276,0.09701322019100189,0.4405093193054199,"97,96,209,65,50","100,7,215,150,52",3:273:3|3:911:2|3:1:1
ckpt_3400.pt,3,713,0.5345003604888916,0.10286995768547058,0.43690934777259827,"137,2,38,146,53","252,31,216,154,179",3:32:2|3:114:2|3:307:2
ckpt_3400.pt,3,714,0.5131214261054993,0.08402097970247269,0.4502430260181427,"26,149,177,55,66","180,3,206,7,101",3:727:2|3:23:1|3:58:1
ckpt_3400.pt,3,715,0.5465237498283386,0.09098542481660843,0.46700984239578247,"17,135,162,180,88","50,169,44,111,216",3:68:2|3:151:2|3:196:2
ckpt_3400.pt,3,716,0.4790557622909546,0.0963967889547348,0.3940971791744232,"41,15,175,114,207","29,206,176,179,230",3:471:3|3:309:2|3:383:2
ckpt_3400.pt,3,717,0.5304469466209412,0.0900891125202179,0.4593178927898407,"237,218,247,151,87","18,96,163,184,120",3:441:2|3:3:1|3:18:1
ckpt_3400.pt,3,718,0.46159258484840393,0.11227560043334961,0.39558038115501404,"233,175,28,144,218","179,70,155,139,206",3:141:2|3:413:2|3:608:2
ckpt_3400.pt,3,719,0.4718381464481354,0.09541001170873642,0.4111717939376831,"53,214,98,223,185","232,176,69,39,212",3:127:2|3:250:2|3:647:2
ckpt_3400.pt,3,720,0.5008466243743896,0.1069008857011795,0.4362967610359192,"55,114,186,9,62","155,104,17,157,142",3:67:1|3:69:1|3:75:1
ckpt_3400.pt,3,721,0.4392184615135193,0.09432753920555115,0.4124419093132019,"60,85,41,189,164","25,153,119,194,183",3:249:2|3:703:2|3:740:2
ckpt_3400.pt,3,722,0.522295355796814,0.09146314859390259,0.4147551953792572,"89,40,224,116,5","2,97,137,145,227",3:65:2|3:122:2|3:364:2
ckpt_3400.pt,3,723,0.45145732164382935,0.08442950248718262,0.4075404107570648,"226,59,220,87,101","183,233,62,7,53",3:205:2|3:426:2|3:754:2
ckpt_3400.pt,3,724,0.49859359860420227,0.10296429693698883,0.4110516607761383,"106,88,154,47,100","157,142,220,74,109",3:54:2|3:58:2|3:543:2
ckpt_3400.pt,3,725,0.5114049911499023,0.08447230607271194,0.4142557680606842,"171,216,18,160,4","194,231,238,243,34",3:153:2|3:353:2|3:370:2
ckpt_3400.pt,3,726,0.5106311440467834,0.09348666667938232,0.40836700797080994,"103,33,1,53,217","115,140,204,144,188",3:33:2|3:114:2|3:262:2
ckpt_3400.pt,3,727,0.5160737037658691,0.10128845274448395,0.40505746006965637,"234,14,177,149,191","139,93,63,104,101",3:574:2|3:657:2|3:714:2
ckpt_3400.pt,3,728,0.5090205073356628,0.09790410101413727,0.44517454504966736,"211,48,33,233,144","217,15,103,84,2",3:119:2|3:206:2|3:718:2
ckpt_3400.pt,3,729,0.47176018357276917,0.0890493392944336,0.37233737111091614,"195,244,217,58,180","207,209,97,157,33",3:160:2|3:163:2|3:315:2
ckpt_3400.pt,3,730,0.535531759262085,0.10304956883192062,0.4642813801765442,"47,179,4,7,21","144,212,118,0,4",3:86:2|3:15:1|3:25:1
ckpt_3400.pt,3,731,0.5453170537948608,0.12036256492137909,0.47036102414131165,"204,87,197,2,38","160,109,30,43,245",3:280:2|3:480:2|3:713:2
ckpt_3400.pt,3,732,0.593914270401001,0.1033795177936554,0.4756567180156708,"182,175,137,63,86","254,189,77,128,200",3:877:2|3:1:1|3:8:1
ckpt_3400.pt,3,733,0.4815370738506317,0.09404805302619934,0.3791748583316803,"175,155,209,243,119","194,5,205,216,71",3:970:2|3:11:1|3:12:1
ckpt_3400.pt,3,734,0.5725511908531189,0.11588817834854126,0.4699176251888275,"160,227,237,208,188","191,63,81,37,35",3:562:2|3:0:1|3:8:1
ckpt_3400.pt,3,735,0.5460286140441895,0.10278334468603134,0.4507361650466919,"158,237,4,124,200","220,135,215,191,228",3:505:2|3:25:1|3:29:1
ckpt_3400.pt,3,736,0.5324518084526062,0.11157124489545822,0.41664737462997437,"138,206,180,119,141","121,66,171,27,136",3:161:2|3:570:2|3:11:1
ckpt_3400.pt,3,737,0.5179717540740967,0.08794447779655457,0.4521177411079407,"61,212,2,250,135","86,216,195,202,163",3:19:2|3:453:2|3:454:2
ckpt_3400.pt,3,738,0.474289208650589,0.10845991224050522,0.4159685969352722,"152,135,4,138,246","122,181,126,61,231",3:261:2|3:2:1|3:3:1
ckpt_3400.pt,3,739,0.5622743368148804,0.11382532119750977,0.44693723320961,"123,81,234,180,205","160,176,45,223,216",3:102:2|3:569:2|3:2:1
ckpt_3400.pt,3,740,0.4593645930290222,0.07996676117181778,0.4040375053882599,"213,60,41,163,141","48,12,18,85,68",3:217:2|3:249:2|3:502:2
ckpt_3400.pt,3,741,0.48405659198760986,0.09901341050863266,0.43039199709892273,"185,172,123,186,225","22,250,150,224,139",3:9:1|3:34:1|3:35:1
ckpt_3400.pt,3,742,0.48829588294029236,0.09131629019975662,0.4280376136302948,"180,48,102,174,75","116,65,81,92,244",3:79:2|3:116:2|3:680:2
ckpt_3400.pt,3,743,0.46922367811203003,0.0959169790148735,0.3698402941226959,"133,118,216,156,137","35,52,193,194,195",3:223:2|3:244:2|3:427:2
ckpt_3400.pt,3,744,0.5359053611755371,0.09312704205513,0.426864355802536,"188,120,212,100,36","95,230,239,111,100",3:133:2|3:388:2|3:766:2
ckpt_3400.pt,3,745,0.5039828419685364,0.13132229447364807,0.4225985109806061,"217,89,38,149,102","45,121,211,167,112",3:59:2|3:106:2|3:149:2
ckpt_3400.pt,3,746,0.5175292491912842,0.11397116631269455,0.40253061056137085,"109,59,55,44,86","86,161,42,44,163",3:268:2|3:350:2|3:618:2
ckpt_3400.pt,3,747,0.5129210948944092,0.09752781689167023,0.442562073469162,"130,232,104,107,191","84,215,177,231,129",3:782:2|3:16:1|3:18:1
ckpt_3400.pt,3,748,0.5861238241195679,0.1060379147529602,0.4691612422466278,"88,143,250,84,220","182,127,73,57,245",3:68:2|3:306:2|3:429:2
ckpt_3400.pt,3,749,0.4475060999393463,0.08495120704174042,0.37624669075012207,"152,203,155,1,137","85,80,127,233,77",3:89:2|3:218:2|3:590:2
ckpt_3400.pt,3,750,0.5108431577682495,0.09486336261034012,0.40532979369163513,"56,66,103,14,78","182,21,42,155,76",3:213:2|3:465:2|3:574:2
ckpt_3400.pt,3,751,0.4200676381587982,0.0723370835185051,0.39948976039886475,"243,207,171,252,148","56,127,60,180,120",3:397:2|3:411:2|3:12:1
ckpt_3400.pt,3,752,0.5414769649505615,0.09891509264707565,0.4254087805747986,"248,90,217,4,126","147,202,206,61,68",3:5:2|3:325:2|3:376:2
ckpt_3400.pt,3,753,0.5198264122009277,0.08743960410356522,0.46587786078453064,"91,79,255,117,40","84,168,213,128,13",3:77:2|3:392:2|3:601:2
ckpt_3400.pt,3,754,0.4695260226726532,0.0863393247127533,0.4081853926181793,"147,22,226,118,87","41,86,235,77,106",3:11:2|3:251:2|3:723:2
ckpt_3400.pt,3,755,0.42730411887168884,0.07763467729091644,0.3898037374019623,"228,101,249,185,108","247,18,151,19,198",3:123:2|3:166:2|3:310:2
ckpt_3400.pt,3,756,0.44917404651641846,0.08776745200157166,0.3795410692691803,"175,115,87,98,84","152,211,33,197,10",3:127:2|3:177:2|3:276:2
ckpt_3400.pt,3,757,0.4626876413822174,0.07768944650888443,0.4124862551689148,"135,53,150,180,223","146,19,124,201,248",3:31:2|3:257:2|3:283:2
ckpt_3400.pt,3,758,0.4322945177555084,0.08454446494579315,0.40036603808403015,"74,180,103,171,40","8,74,137,155,163",3:529:2|3:574:2|3:0:1
ckpt_3400.pt,3,759,0.5437778234481812,0.11490122973918915,0.43109995126724243,"233,135,187,57,136","157,72,75,89,225",3:3:1|3:6:1|3:50:1
ckpt_3400.pt,3,760,0.49699705839157104,0.10022930055856705,0.45674267411231995,"7,143,216,161,0","181,90,135,146,85",3:4:1|3:21:1|3:33:1
ckpt_3400.pt,3,761,0.5707151293754578,0.09804829955101013,0.4840964674949646,"160,60,37,1,36","9,19,118,106,112",3:344:2|3:675:2|3:711:2
ckpt_3400.pt,3,762,0.5872277021408081,0.11238584667444229,0.4557684361934662,"148,229,65,181,153","56,152,146,230,122",3:411:2|3:770:2|3:806:2
ckpt_3400.pt,3,763,0.5115911364555359,0.08836198598146439,0.44501107931137085,"102,167,208,84,131","59,29,17,16,112",3:0:1|3:9:1|3:28:1
ckpt_3400.pt,3,764,0.44734787940979004,0.07987789809703827,0.3889950215816498,"60,165,91,199,219","87,165,86,130,83",3:48:1|3:64:1|3:86:1
ckpt_3400.pt,3,765,0.5095914602279663,0.1203751415014267,0.4569447636604309,"247,8,234,132,73","34,88,125,14,141",3:12:2|3:270:2|3:518:2
ckpt_3400.pt,3,766,0.5127071738243103,0.0995786115527153,0.37668493390083313,"107,100,188,91,248","193,233,131,32,10",3:231:2|3:388:2|3:510:2
ckpt_3400.pt,3,767,0.48934057354927063,0.0833297073841095,0.4514074921607971,"226,213,8,162,147","101,61,233,95,241",3:548:2|3:639:2|3:641:2
ckpt_3400.pt,3,768,0.4368559718132019,0.07953667640686035,0.39168307185173035,"223,98,80,124,194","102,82,108,67,49",3:127:2|3:186:2|3:202:2
ckpt_3400.pt,3,769,0.4707983434200287,0.08834926784038544,0.41251298785209656,"32,116,223,147,21","15,9,97,24,235",3:71:2|3:246:2|3:834:2
ckpt_3400.pt,3,770,0.5043656229972839,0.10115043818950653,0.453681081533432,"255,65,212,89,229","217,215,248,221,59",3:65:2|3:762:2|3:866:2
ckpt_3400.pt,3,771,0.522187352180481,0.11840255558490753,0.446895033121109,"75,62,150,24,120","95,208,226,46,75",3:79:2|3:222:2|3:503:2
ckpt_3400.pt,3,772,0.4314943253993988,0.08547422289848328,0.3773888349533081,"23,232,12,185,231","215,157,219,216,55",3:293:2|3:522:2|3:690:2
ckpt_3400.pt,3,773,0.5246009826660156,0.0985322967171669,0.428652286529541,"238,43,110,10,199","239,221,63,216,113",3:178:2|3:267:2|3:797:2
ckpt_3400.pt,3,774,0.5547385811805725,0.1139640063047409,0.46279123425483704,"150,60,167,187,83","148,116,227,145,111",3:300:2|3:548:2|3:1022:2
ckpt_3400.pt,3,775,0.4990628957748413,0.07160607725381851,0.43177998065948486,"102,87,179,249,89","95,132,63,11,40",3:122:2|3:409:2|3:745:2
ckpt_3400.pt,3,776,0.5498326420783997,0.11011525243520737,0.4635061025619507,"156,83,79,11,138","111,192,32,205,19",3:108:2|3:322:2|3:814:2
ckpt_3400.pt,3,777,0.5108723640441895,0.1221432015299797,0.4411565661430359,"40,128,205,232,35","92,8,144,81,178",3:14:2|3:194:2|3:486:2
ckpt_3400.pt,3,778,0.5376737117767334,0.09130393713712692,0.44274818897247314,"124,88,47,10,186","33,55,27,76,50",3:394:2|3:724:2|3:10:1
ckpt_3400.pt,3,779,0.5434674620628357,0.12599803507328033,0.456105500459671,"239,103,81,72,78","60,162,212,46,255",3:308:2|3:424:2|3:614:2
ckpt_3400.pt,3,780,0.48872971534729004,0.08170492202043533,0.4043407738208771,"34,216,6,196,104","181,226,127,70,12",3:264:2|3:690:2|3:793:2
ckpt_3400.pt,3,781,0.46861544251441956,0.08734703063964844,0.408579021692276,"211,31,103,48,13","85,115,67,20,13",3:728:2|3:0:1|3:12:1
ckpt_3400.pt,3,782,0.5556828379631042,0.11638534069061279,0.44291821122169495,"67,232,152,214,104","245,210,119,6,254",3:194:2|3:391:2|3:647:2
ckpt_3400.pt,3,783,0.4249667227268219,0.08196400851011276,0.3835075795650482,"162,50,74,244,20","68,222,60,1,0",3:18:1|3:24:1|3:34:1
ckpt_3400.pt,3,784,0.5109823346138,0.1221393272280693,0.43836382031440735,"98,121,111,252,14","78,240,131,204,146",3:930:3|3:177:2|3:456:2
ckpt_3400.pt,3,785,0.4724775552749634,0.08055901527404785,0.41766366362571716,"70,41,52,110,50","158,196,24,40,243",3:98:2|3:233:2|3:18:1
ckpt_3400.pt,3,786,0.4686618149280548,0.08966273069381714,0.36686018109321594,"233,84,132,112,168","131,73,154,118,127",3:59:2|3:919:2|3:982:2
ckpt_3400.pt,3,787,0.3903876543045044,0.06540309637784958,0.3404249846935272,"200,159,142,208,28","238,196,106,60,243",3:9:2|3:184:2|3:0:1
ckpt_3400.pt,3,788,0.4691706597805023,0.09193363785743713,0.40464746952056885,"13,252,183,149,80","127,114,242,199,39",3:481:2|3:527:2|3:805:2
ckpt_3400.pt,3,789,0.5204251408576965,0.10311318933963776,0.4524700343608856,"237,236,183,126,210","253,86,68,19,219",3:3:1|3:9:1|3:10:1
ckpt_3400.pt,3,790,0.5689523220062256,0.11650541424751282,0.47141528129577637,"40,196,254,153,25","126,215,212,6,80",3:61:2|3:153:2|3:584:2
ckpt_3400.pt,3,791,0.4896736741065979,0.10377216339111328,0.40501952171325684,"180,4,156,27,178","108,147,27,66,244",3:147:2|3:175:2|3:441:2
ckpt_3400.pt,3,792,0.4622131586074829,0.07701173424720764,0.3872995972633362,"247,122,56,244,163","103,140,55,122,6",3:160:2|3:661:2|3:828:2
ckpt_3400.pt,3,793,0.49103349447250366,0.08283795416355133,0.3969445526599884,"6,11,196,149,236","248,46,255,116,36",3:185:2|3:434:2|3:672:2
ckpt_3400.pt,3,794,0.5279607772827148,0.08286290615797043,0.3983573317527771,"167,155,38,140,226","71,254,217,96,111",3:94:2|3:480:2|3:18:1
ckpt_3400.pt,3,795,0.496378093957901,0.09629608690738678,0.42402711510658264,"14,24,5,63,78","133,48,2,105,218",3:8:2|3:129:2|3:213:2
ckpt_3400.pt,3,796,0.5087597370147705,0.10555713623762131,0.42348846793174744,"217,43,212,22,147","185,126,52,209,77",3:289:2|3:540:2|3:754:2
ckpt_3400.pt,3,797,0.49684426188468933,0.11269910633563995,0.4216536283493042,"204,167,43,10,227","68,232,206,237,69",3:189:2|3:240:2|3:267:2
ckpt_3400.pt,3,798,0.5617062449455261,0.11349575221538544,0.45523539185523987,"254,16,17,46,28","104,11,10,118,61",3:55:2|3:103:2|3:374:2
ckpt_3400.pt,3,799,0.5116072297096252,0.07886619865894318,0.42550787329673767,"216,78,65,220,81","57,226,19,224,141",3:351:2|3:411:2|3:427:2
ckpt_3400.pt,3,800,0.4958004951477051,0.09712124615907669,0.4108245372772217,"46,202,8,124,87","63,116,46,147,78",3:819:2|3:20:1|3:35:1
ckpt_3400.pt,3,801,0.4806005358695984,0.08023925870656967,0.3815475404262543,"29,45,7,199,5","71,126,86,63,136",3:861:2|3:1002:2|3:13:1
ckpt_3400.pt,3,802,0.5055454969406128,0.10057517141103745,0.3945032060146332,"78,98,119,186,196","233,228,208,181,162",3:242:2|3:266:2|3:424:2
ckpt_3400.pt,3,803,0.47186145186424255,0.0977783128619194,0.3892463445663452,"205,247,132,42,94","170,67,206,221,80",3:7:2|3:159:2|3:341:2
ckpt_3400.pt,3,804,0.4921439588069916,0.09223121404647827,0.4430573284626007,"117,204,131,3,26","100,252,143,4,88",3:300:2|3:499:2|3:699:2
ckpt_3400.pt,3,805,0.5014418959617615,0.08658652752637863,0.4387083947658539,"147,80,183,83,59","145,83,52,102,252",3:197:2|3:320:2|3:481:2
ckpt_3400.pt,3,806,0.48735055327415466,0.08698102086782455,0.4300556480884552,"215,181,200,148,172","35,190,178,75,130",3:376:2|3:381:2|3:762:2
ckpt_3400.pt,3,807,0.4717705249786377,0.08334984630346298,0.38437965512275696,"38,124,18,232,84","191,131,152,232,157",3:82:2|3:229:2|3:366:2
ckpt_3400.pt,3,808,0.4856471121311188,0.10672701895236969,0.4217589497566223,"31,167,110,240,61","180,241,213,251,100",3:214:2|3:319:2|3:539:2
ckpt_3400.pt,3,809,0.4380376636981964,0.0980440303683281,0.37761029601097107,"183,244,2,59,22","64,108,197,7,135",3:405:2|3:481:2|3:497:2
ckpt_3400.pt,3,810,0.4926181733608246,0.0848209485411644,0.43288835883140564,"231,93,226,241,73","171,66,132,59,224",3:851:2|3:972:2|3:5:1
ckpt_3400.pt,3,811,0.45646506547927856,0.08599743247032166,0.39320316910743713,"147,169,100,129,139","230,126,168,196,176",3:549:2|3:7:1|3:11:1
ckpt_3400.pt,3,812,0.46533018350601196,0.08744709193706512,0.4160543978214264,"141,2,3,39,227","207,50,10,53,201",3:20:2|3:228:2|3:868:2
ckpt_3400.pt,3,813,0.5019508600234985,0.08451255410909653,0.43045100569725037,"131,166,147,122,141","140,25,14,171,219",3:161:2|3:197:2|3:368:2
ckpt_3400.pt,3,814,0.5284981727600098,0.09804598987102509,0.4253791272640228,"124,138,252,15,11","235,210,5,204,9",3:74:2|3:222:2|3:322:2
ckpt_3400.pt,3,815,0.4634060859680176,0.13273635506629944,0.3826468586921692,"163,144,253,111,245","199,206,202,137,250",3:385:2|3:530:2|3:10:1
ckpt_3400.pt,3,816,0.43083077669143677,0.08485589921474457,0.372457891702652,"118,65,70,37,26","86,229,76,201,121",3:238:2|3:427:2|3:1:1
ckpt_3400.pt,3,817,0.5711812376976013,0.10169870406389236,0.533205509185791,"205,78,48,111,34","255,153,36,165,86",3:573:2|3:4:1|3:24:1
ckpt_3400.pt,3,818,0.5316769480705261,0.10913681983947754,0.4204646944999695,"217,174,18,247,149","9,3,97,220,127",3:160:2|3:353:2|3:516:2
ckpt_3400.pt,3,819,0.4225500524044037,0.08674270659685135,0.36970770359039307,"1,202,223,8,28","195,166,75,210,117",3:212:2|3:258:2|3:361:2
ckpt_3400.pt,3,820,0.5023812651634216,0.08807793259620667,0.45360416173934937,"20,173,192,255,151","24,26,227,175,219",3:18:1|3:43:1|3:51:1
ckpt_3400.pt,3,821,0.4719061553478241,0.1023578941822052,0.4308183789253235,"39,62,171,135,109","150,40,151,62,69",3:201:2|3:350:2|3:421:2
ckpt_3400.pt,3,822,0.560086190700531,0.11793360114097595,0.4701089560985565,"27,194,179,182,123","16,73,119,227,157",3:202:2|3:461:2|3:494:2
ckpt_3400.pt,3,823,0.46317294239997864,0.08595038950443268,0.40948453545570374,"13,100,99,16,225","59,21,101,230,63",3:54:2|3:443:2|3:648:2
ckpt_3400.pt,3,824,0.5231946110725403,0.09609349071979523,0.4387599229812622,"37,4,186,160,239","182,190,117,86,62",3:353:2|3:725:2|3:761:2
ckpt_3400.pt,3,825,0.48646432161331177,0.09571022540330887,0.42753759026527405,"160,98,234,37,84","227,99,180,154,1",3:127:2|3:177:2|3:756:2
ckpt_3400.pt,3,826,0.4718846380710602,0.10577288269996643,0.4152636229991913,"91,194,126,12,104","136,190,127,42,255",3:690:2|3:48:1|3:62:1
ckpt_3400.pt,3,827,0.4555497169494629,0.09028621762990952,0.3941802382469177,"218,239,204,77,169","109,42,61,253,204",3:1:1|3:20:1|3:21:1
ckpt_3400.pt,3,828,0.46889519691467285,0.11108270287513733,0.40343761444091797,"56,122,173,31,1","73,234,18,85,5",3:110:2|3:130:2|3:170:2
ckpt_3400.pt,3,829,0.5238493084907532,0.10575714707374573,0.4443438947200775,"3,14,152,43,251","203,214,172,12,63",3:482:2|3:2:1|3:8:1
ckpt_3400.pt,3,830,0.502719521522522,0.10322941094636917,0.393411785364151,"161,79,194,86,197","171,222,39,50,194",3:4:2|3:480:2|3:1:1
ckpt_3400.pt,3,831,0.6348103284835815,0.13641420006752014,0.48589253425598145,"31,176,228,230,191","153,63,160,193,16",3:130:2|3:256:2|3:305:2
ckpt_3400.pt,3,832,0.42605483531951904,0.08242981880903244,0.3601950705051422,"66,104,182,159,93","163,169,176,102,166",3:17:2|3:321:2|3:8:1
ckpt_3400.pt,3,833,0.4591656029224396,0.08002229779958725,0.3873341381549835,"154,11,41,220,107","239,200,90,15,67",3:322:2|3:616:2|3:1023:2
ckpt_3400.pt,3,834,0.5065273642539978,0.098762147128582,0.4174221158027649,"116,32,160,58,161","50,29,196,57,104",3:71:3|3:254:2|3:449:2
ckpt_3400.pt,3,835,0.493996798992157,0.08349763602018356,0.3980753421783447,"123,156,128,231,167","117,201,196,87,144",3:150:2|3:300:2|3:617:2
ckpt_3400.pt,3,836,0.49004969000816345,0.10034355521202087,0.3818819224834442,"39,164,140,212,87","197,217,120,178,111",3:165:2|3:247:2|3:333:2
ckpt_3400.pt,3,837,0.5116610527038574,0.0938013419508934,0.46200793981552124,"251,140,142,225,18","77,42,90,246,132",3:36:2|3:157:2|3:2:1
ckpt_3400.pt,3,838,0.5524731278419495,0.11866021901369095,0.4411512613296509,"235,173,132,106,75","229,119,73,26,203",3:7:2|3:42:2|3:58:2
ckpt_3400.pt,3,839,0.4874022305011749,0.08913104981184006,0.4056764543056488,"130,96,162,52,171","193,197,49,84,148",3:455:2|3:544:2|3:24:1
ckpt_3400.pt,3,840,0.4995880424976349,0.10049150884151459,0.4334796369075775,"240,103,188,245,47","16,167,58,165,152",3:360:2|3:599:2|3:0:1
ckpt_3400.pt,3,841,0.490181565284729,0.08972875028848648,0.4071013927459717,"135,24,251,21,160","215,75,151,254,123",3:404:2|3:708:2|3:953:2
ckpt_3400.pt,3,842,0.49430009722709656,0.10458038747310638,0.4277956187725067,"171,19,250,181,129","221,169,230,176,129",3:66:2|3:137:2|3:2:1
ckpt_3400.pt,3,843,0.5199458003044128,0.1054181158542633,0.40531617403030396,"255,232,141,176,175","66,16,26,8,178",3:25:2|3:45:2|3:457:2
ckpt_3400.pt,3,844,0.46136119961738586,0.08439851552248001,0.3958698809146881,"236,83,179,25,130","117,71,96,138,150",3:384:2|3:563:2|3:22:1
ckpt_3400.pt,3,845,0.5346800088882446,0.09159119427204132,0.46579208970069885,"105,66,238,250,118","33,19,148,119,57",3:392:2|3:11:1|3:19:1
ckpt_3400.pt,3,846,0.5298022627830505,0.10001911967992783,0.44343844056129456,"234,222,86,249,126","80,63,45,78,191",3:547:2|3:1:1|3:12:1
ckpt_3400.pt,3,847,0.4898059070110321,0.11289598047733307,0.39864009618759155,"31,109,36,225,198","18,101,236,157,42",3:679:2|3:870:2|3:30:1
ckpt_3400.pt,3,848,0.45158064365386963,0.08824243396520615,0.37344011664390564,"144,247,35,71,122","59,203,235,109,116",3:373:2|3:635:2|3:792:2
ckpt_3400.pt,3,849,0.587003767490387,0.09502587467432022,0.4911549985408783,"152,229,240,105,106","202,191,129,62,207",3:67:2|3:530:2|3:688:2
ckpt_3400.pt,3,850,0.5372743606567383,0.11316455155611038,0.4242500960826874,"33,180,144,196,229","245,165,115,168,20",3:107:2|3:119:2|3:206:2
ckpt_3400.pt,3,851,0.5162455439567566,0.15755753219127655,0.42178645730018616,"89,233,241,46,231","41,119,176,26,146",3:284:2|3:522:2|3:810:2
ckpt_3400.pt,3,852,0.5305389761924744,0.09939692169427872,0.4211422801017761,"153,133,146,42,179","94,84,59,246,175",3:285:3|3:918:2|3:32:1
ckpt_3400.pt,3,853,0.4983801543712616,0.07632246613502502,0.44924962520599365,"220,29,197,247,135","200,112,220,178,62",3:3:2|3:26:2|3:490:2
ckpt_3400.pt,3,854,0.45505964756011963,0.08249510079622269,0.37846556305885315,"160,147,17,69,218","34,172,212,226,180",3:29:2|3:99:2|3:256:2
ckpt_3400.pt,3,855,0.5029378533363342,0.10273484140634537,0.42451950907707214,"129,38,143,151,131","168,31,192,174,171",3:18:2|3:7:1|3:19:1
ckpt_3400.pt,3,856,0.45407167077064514,0.07914771884679794,0.3811020255088806,"8,79,53,100,199","185,119,19,34,133",3:31:2|3:316:2|3:446:2
ckpt_3400.pt,3,857,0.4882734715938568,0.09374646097421646,0.4183166027069092,"20,53,183,171,17","168,231,163,244,9",3:10:1|3:15:1|3:31:1
ckpt_3400.pt,3,858,0.5341251492500305,0.08969293534755707,0.43876519799232483,"201,35,48,10,169","185,170,62,160,231",3:938:2|3:1015:2|3:30:1
ckpt_3400.pt,3,859,0.4761051535606384,0.08606233447790146,0.406650185585022,"94,195,98,241,169","221,252,216,224,158",3:649:2|3:930:2|3:3:1
ckpt_3400.pt,3,860,0.5220585465431213,0.11705955117940903,0.44481536746025085,"117,66,54,186,1","22,67,119,21,230",3:232:2|3:233:2|3:517:2
ckpt_3400.pt,3,861,0.43712514638900757,0.08676474541425705,0.3858991861343384,"112,92,5,199,182","115,9,17,135,31",3:438:2|3:801:2|3:17:1
ckpt_3400.pt,3,862,0.5711057186126709,0.12127688527107239,0.46156033873558044,"82,221,226,158,95","24,170,253,32,142",3:920:2|3:7:1|3:15:1
ckpt_3400.pt,3,863,0.5238898396492004,0.10482152551412582,0.43356865644454956,"245,216,19,109,24","15,136,14,174,157",3:56:2|3:173:2|3:208:2
ckpt_3400.pt,3,864,0.4619188606739044,0.09425254166126251,0.4304804801940918,"93,43,209,154,170","3,11,48,142,53",3:369:2|3:711:2|3:925:2
ckpt_3400.pt,3,865,0.48881375789642334,0.09665005654096603,0.3946812152862549,"162,16,249,160,161","197,164,89,173,38",3:627:2|3:675:2|3:689:2
ckpt_3400.pt,3,866,0.5504428744316101,0.11117634177207947,0.4376981258392334,"235,232,229,89,207","106,198,227,109,230",3:158:2|3:301:2|3:559:2
ckpt_3400.pt,3,867,0.5316771268844604,0.10686799138784409,0.4504971206188202,"88,87,240,214,34","53,26,43,111,189",3:6:1|3:10:1|3:24:1
ckpt_3400.pt,3,868,0.5643237233161926,0.12083115428686142,0.4966874420642853,"126,111,2,107,141","216,179,80,88,119",3:405:3|3:62:2|3:197:2
ckpt_3400.pt,3,869,0.4882715046405792,0.10413163900375366,0.4138021171092987,"116,119,101,122,148","245,14,176,97,143",3:254:2|3:466:2|3:5:1
ckpt_3400.pt,3,870,0.5116220116615295,0.08163116127252579,0.42856889963150024,"29,198,148,225,166","60,220,154,33,205",3:489:2|3:847:2|3:963:2
ckpt_3400.pt,3,871,0.5010038018226624,0.09541966766119003,0.4076116681098938,"115,181,4,210,56","215,84,43,226,170",3:307:2|3:933:2|3:994:2
ckpt_3400.pt,3,872,0.46178674697875977,0.10462411493062973,0.42099347710609436,"70,29,63,202,176","130,45,149,63,93",3:13:2|3:81:2|3:250:2
ckpt_3400.pt,3,873,0.5102465152740479,0.10916420817375183,0.43623071908950806,"82,128,20,252,212","51,35,136,193,244",3:121:2|3:232:2|3:272:2
ckpt_3400.pt,3,874,0.4815310835838318,0.0862593874335289,0.4225715398788452,"216,56,229,2,108","156,47,183,83,128",3:123:2|3:228:2|3:478:2
ckpt_3400.pt,3,875,0.5065300464630127,0.12033639848232269,0.4301217794418335,"205,115,47,163,147","40,231,191,116,252",3:282:2|3:669:2|3:4:1
ckpt_3400.pt,3,876,0.5147185325622559,0.10139426589012146,0.4247044026851654,"252,224,145,109,251","225,252,240,203,118",3:125:2|3:172:2|3:350:2
ckpt_3400.pt,3,877,0.5341295599937439,0.10654066503047943,0.4465595781803131,"137,239,182,235,78","219,6,218,138,163",3:424:2|3:465:2|3:732:2
ckpt_3400.pt,3,878,0.4443097710609436,0.07998120039701462,0.3888951539993286,"139,194,205,89,216","161,165,76,124,243",3:4:2|3:91:2|3:567:2
ckpt_3400.pt,3,879,0.4242774248123169,0.07039011269807816,0.3848741948604584,"53,6,164,18,224","250,78,157,58,139",3:15:2|3:192:2|3:316:2
ckpt_3400.pt,3,880,0.48356685042381287,0.0896143913269043,0.3791990280151367,"245,101,15,9,153","107,190,51,133,99",3:188:2|3:5:1|3:32:1
ckpt_3400.pt,3,881,0.559168815612793,0.1010017842054367,0.4806208610534668,"149,174,99,148,42","68,157,118,138,33",3:444:2|3:516:2|3:818:2
ckpt_3400.pt,3,882,0.513259768486023,0.09805675595998764,0.4022423326969147,"184,50,111,40,7","117,78,36,16,167",3:177:2|3:14:1|3:18:1
ckpt_3400.pt,3,883,0.45298901200294495,0.09643840789794922,0.3808264434337616,"32,39,82,57,22","137,255,147,7,182",3:596:3|3:920:2|3:927:2
ckpt_3400.pt,3,884,0.545657753944397,0.11776784807443619,0.4467521905899048,"216,212,200,6,74","175,50,198,67,86",3:281:2|3:780:2|3:948:2
ckpt_3400.pt,3,885,0.5082639455795288,0.08838852494955063,0.4366949498653412,"215,121,232,69,128","14,122,53,72,31",3:14:2|3:194:2|3:198:2
ckpt_3400.pt,3,886,0.48113539814949036,0.09359853714704514,0.4004347324371338,"18,129,91,242,218","61,232,64,26,13",3:7:1|3:16:1|3:27:1
ckpt_3400.pt,3,887,0.5489610433578491,0.1087677925825119,0.4605041742324829,"66,130,135,10,213","172,32,56,112,97",3:81:2|3:3:1|3:30:1
ckpt_3400.pt,3,888,0.5613251328468323,0.09331221878528595,0.45528265833854675,"96,0,157,213,255","163,82,179,166,193",3:377:2|3:446:2|3:473:2
ckpt_3400.pt,3,889,0.5547727346420288,0.11506155133247375,0.43135935068130493,"58,20,206,4,100","12,178,52,213,22",3:121:2|3:272:2|3:353:2
ckpt_3400.pt,3,890,0.49081507325172424,0.09838548302650452,0.42228028178215027,"128,6,127,156,50","46,194,219,167,132",3:43:2|3:493:2|3:835:2
ckpt_3400.pt,3,891,0.47826582193374634,0.09264247864484787,0.3754277229309082,"41,129,99,92,132","240,111,216,170,152",3:7:2|3:72:2|3:233:2
ckpt_3400.pt,3,892,0.4831233322620392,0.11187642067670822,0.398659348487854,"238,221,74,217,29","63,65,139,123,161",3:400:2|3:509:2|3:1003:2
ckpt_3400.pt,3,893,0.5152085423469543,0.11958381533622742,0.4325852692127228,"24,109,246,143,195","221,17,28,245,171",3:208:2|3:429:2|3:863:2
ckpt_3400.pt,3,894,0.5105587840080261,0.0845104455947876,0.4370833933353424,"167,244,227,135,216","197,228,3,214,164",3:123:2|3:315:2|3:797:2
ckpt_3400.pt,3,895,0.4799763560295105,0.08719846606254578,0.41064774990081787,"155,205,65,143,194","124,212,231,68,88",3:567:2|3:669:2|3:878:2
ckpt_3400.pt,3,896,0.5665907263755798,0.11088985949754715,0.4519093334674835,"169,87,28,144,225","107,26,76,146,228",3:141:2|3:335:2|3:718:2
ckpt_3400.pt,3,897,0.47634798288345337,0.08489255607128143,0.3955177068710327,"110,7,34,54,227","106,232,52,61,137",3:495:2|3:560:2|3:636:2
ckpt_3400.pt,3,898,0.48297375440597534,0.1034468412399292,0.37889569997787476,"182,59,48,22,6","216,38,174,238,131",3:410:2|3:540:2|3:809:2
ckpt_3400.pt,3,899,0.4024958908557892,0.07938861846923828,0.35675516724586487,"29,69,196,165,245","167,51,160,0,44",3:168:2|3:173:2|3:360:2
ckpt_3400.pt,3,900,0.5784856677055359,0.10055363923311234,0.4432445764541626,"130,178,255,119,202","255,26,144,93,38",3:242:2|3:420:2|3:11:1
ckpt_3400.pt,3,901,0.5307140946388245,0.09988436102867126,0.45187458395957947,"80,13,238,25,102","164,122,0,134,125",3:116:2|3:563:2|3:788:2
ckpt_3400.pt,3,902,0.45982038974761963,0.08771094679832458,0.378079891204834,"214,203,173,165,10","155,3,6,136,134",3:135:2|3:23:1|3:30:1
ckpt_3400.pt,3,903,0.555770754814148,0.1005232110619545,0.4643891751766205,"112,90,46,60,172","234,211,52,15,149",3:128:2|3:417:2|3:20:1
ckpt_3400.pt,3,904,0.5661954879760742,0.09963634610176086,0.4410589337348938,"167,15,119,45,86","61,122,238,203,220",3:358:2|3:570:2|3:946:2
ckpt_3400.pt,3,905,0.48099130392074585,0.09348922967910767,0.39728522300720215,"156,165,109,69,211","48,85,109,188,120",3:208:2|3:552:2|3:643:2
ckpt_3400.pt,3,906,0.5192090272903442,0.10230857878923416,0.4266454577445984,"195,27,101,39,149","224,84,78,177,193",3:27:2|3:205:2|3:5:1
ckpt_3400.pt,3,907,0.5043690800666809,0.10453038662672043,0.4262109696865082,"113,228,142,230,130","160,203,18,45,253",3:242:2|3:378:2|3:563:2
ckpt_3400.pt,3,908,0.500933825969696,0.08318280428647995,0.4166613221168518,"223,113,87,77,207","41,201,7,120,249",3:21:2|3:559:2|3:629:2
ckpt_3400.pt,3,909,0.4652475118637085,0.09964219480752945,0.4355005919933319,"48,77,217,153,199","248,250,50,5,221",3:316:2|3:433:2|3:5:1
ckpt_3400.pt,3,910,0.4387671649456024,0.092805877327919,0.4127419888973236,"62,113,28,163,17","133,51,23,96,183",3:112:2|3:141:2|3:201:2
ckpt_3400.pt,3,911,0.47193512320518494,0.08326397091150284,0.38238057494163513,"15,158,96,50,21","48,207,217,188,204",3:32:2|3:225:2|3:712:2
ckpt_3400.pt,3,912,0.47541847825050354,0.102403424680233,0.4032163918018341,"100,14,120,202,136","216,13,122,201,68",3:204:2|3:367:2|3:744:2
ckpt_3400.pt,3,913,0.5602010488510132,0.09889040887355804,0.4633972644805908,"95,161,230,138,224","137,92,97,199,18",3:172:2|3:241:2|3:449:2
ckpt_3400.pt,3,914,0.5272235870361328,0.11077702045440674,0.4625857174396515,"91,197,217,32,5","168,230,27,134,192",3:93:2|3:704:2|3:710:2
ckpt_3400.pt,3,915,0.5130290389060974,0.11381874978542328,0.45584118366241455,"93,212,140,15,139","199,66,164,110,93",3:37:2|3:247:2|3:836:2
ckpt_3400.pt,3,916,0.4664261043071747,0.08772705495357513,0.3947199583053589,"29,13,64,128,160","149,163,165,124,132",3:609:2|3:13:1|3:14:1
ckpt_3400.pt,3,917,0.5006967782974243,0.10045383870601654,0.43129047751426697,"66,43,254,155,227","65,12,43,245,30",3:534:3|3:167:2|3:189:2
ckpt_3400.pt,3,918,0.5130629539489746,0.09098585695028305,0.43376424908638,"153,42,16,147,89","195,116,214,243,48",3:11:2|3:29:2|3:285:2
ckpt_3400.pt,3,919,0.5116592645645142,0.09789099544286728,0.42596688866615295,"68,132,4,233,144","82,33,40,104,244",3:718:2|3:728:2|3:786:2
ckpt_3400.pt,3,920,0.4913124442100525,0.08396464586257935,0.39727798104286194,"82,24,39,158,40","65,184,66,98,211",3:402:2|3:451:2|3:596:2
ckpt_3400.pt,3,921,0.49213284254074097,0.0913938581943512,0.44158706068992615,"147,60,87,231,75","191,247,42,88,24",3:522:2|3:641:2|3:754:2
ckpt_3400.pt,3,922,0.46722960472106934,0.09258129447698593,0.40906718373298645,"174,108,87,156,120","159,65,6,158,177",3:441:3|3:217:2|3:284:2
ckpt_3400.pt,3,923,0.5232335925102234,0.09846688061952591,0.4336262047290802,"74,254,145,49,109","66,232,60,114,199",3:104:2|3:221:2|3:374:2
ckpt_3400.pt,3,924,0.4908131957054138,0.0772000178694725,0.4141261577606201,"39,63,154,219,77","28,10,153,254,109",3:134:2|3:393:2|3:491:2
ckpt_3400.pt,3,925,0.505729615688324,0.09082761406898499,0.4076681435108185,"170,38,43,45,213","72,23,175,189,194",3:57:2|3:473:2|3:573:2
ckpt_3400.pt,3,926,0.5194784998893738,0.10128495842218399,0.4412754774093628,"26,136,221,39,241","213,38,116,226,170",3:5:1|3:56:1|3:66:1
ckpt_3400.pt,3,927,0.5324885845184326,0.08736901730298996,0.4430418312549591,"29,164,131,82,39","93,60,112,197,108",3:165:2|3:596:2|3:608:2
ckpt_3400.pt,3,928,0.6151779890060425,0.10887180268764496,0.4985693693161011,"196,43,141,81,192","240,175,140,84,213",3:223:2|3:432:2|3:470:2
ckpt_3400.pt,3,929,0.5159323811531067,0.09390055388212204,0.4272528886795044,"139,87,95,215,254","224,126,135,98,107",3:104:2|3:167:2|3:274:2
ckpt_3400.pt,3,930,0.4605076014995575,0.08473177999258041,0.4289197623729706,"98,243,111,169,121","83,18,117,53,227",3:784:3|3:177:2|3:274:2
ckpt_3400.pt,3,931,0.5389471054077148,0.12422092258930206,0.4391721487045288,"162,253,228,234,212","176,130,120,230,190",3:595:2|3:607:2|3:1007:2
ckpt_3400.pt,3,932,0.5515522956848145,0.10781507194042206,0.41950592398643494,"207,189,247,241,112","210,221,32,155,223",3:239:2|3:3:1|3:5:1
ckpt_3400.pt,3,933,0.678640604019165,0.12316484749317169,0.5460731983184814,"56,136,181,200,246","105,156,77,117,111",3:66:2|3:227:2|3:806:2
ckpt_3400.pt,3,934,0.5296115875244141,0.08268319070339203,0.42305660247802734,"67,185,224,184,205","7,214,53,19,118",3:187:2|3:554:2|3:4:1
ckpt_3400.pt,3,935,0.5330178737640381,0.09702131897211075,0.4360571801662445,"130,219,48,128,216","116,181,163,121,209",3:281:3|3:56:2|3:79:2
ckpt_3400.pt,3,936,0.520042359828949,0.08821643143892288,0.42669063806533813,"49,124,101,58,255","25,178,224,53,5",3:366:2|3:949:2|3:5:1
ckpt_3400.pt,3,937,0.6157463788986206,0.13470284640789032,0.4949970841407776,"168,188,69,127,169","226,13,36,101,116",3:35:1|3:39:1|3:57:1
ckpt_3400.pt,3,938,0.5305808186531067,0.11363745480775833,0.42832744121551514,"59,169,202,22,10","117,22,238,96,82",3:35:2|3:646:2|3:809:2
ckpt_3400.pt,3,939,0.5139999985694885,0.10868696123361588,0.42850425839424133,"72,2,78,189,169","185,107,208,181,42",3:239:2|3:779:2|3:974:2
ckpt_3400.pt,3,940,0.5828230381011963,0.09714708477258682,0.45375385880470276,"246,111,91,39,207","13,76,124,136,19",3:296:2|3:48:1|3:122:1
ckpt_3400.pt,3,941,0.48285534977912903,0.09991705417633057,0.40009334683418274,"69,244,166,51,254","116,248,205,157,31",3:674:2|3:12:1|3:34:1
ckpt_3400.pt,3,942,0.4780346751213074,0.07949051260948181,0.4152938723564148,"54,0,87,147,29","58,253,182,130,251",3:377:2|3:402:2|3:754:2
ckpt_3400.pt,3,943,0.52714604139328,0.08640071749687195,0.4479367733001709,"143,197,39,117,127","83,84,77,194,198",3:993:2|3:2:1|3:4:1
ckpt_3400.pt,3,944,0.5378808379173279,0.09804918617010117,0.434484601020813,"7,121,33,164,95","151,134,85,112,36",3:15:2|3:119:2|3:380:2
ckpt_3400.pt,3,945,0.521455705165863,0.12510062754154205,0.43912529945373535,"246,199,41,37,177","117,1,226,195,18",3:309:2|3:583:2|3:998:2
ckpt_3400.pt,3,946,0.5120259523391724,0.08244562149047852,0.4529416263103485,"244,26,167,182,45","103,194,185,117,53",3:160:2|3:182:2|3:300:2
ckpt_3400.pt,3,947,0.45609554648399353,0.08223555982112885,0.3532090485095978,"137,187,180,36,33","118,173,150,141,254",3:850:2|3:19:1|3:29:1
ckpt_3400.pt,3,948,0.4946172833442688,0.08782532811164856,0.40067407488822937,"74,6,69,116,90","203,56,3,109,96",3:86:2|3:884:2|3:41:1
ckpt_3400.pt,3,949,0.4841277003288269,0.09684939682483673,0.41866448521614075,"254,255,124,210,162","216,252,82,148,109",3:229:2|3:936:2|3:3:1
ckpt_3400.pt,3,950,0.5575674772262573,0.11119159311056137,0.4385499954223633,"18,87,28,105,104","83,206,150,15,180",3:69:2|3:335:2|3:610:2
ckpt_3400.pt,3,951,0.5284702777862549,0.09741775691509247,0.4056689739227295,"3,113,16,45,248","180,12,0,249,132",3:11:2|3:93:2|3:378:2
ckpt_3400.pt,3,952,0.504679799079895,0.08237501978874207,0.4182907044887543,"209,255,99,196,120","52,217,215,131,13",3:615:2|3:969:2|3:3:1
ckpt_3400.pt,3,953,0.5087732672691345,0.10288973152637482,0.42320501804351807,"21,239,160,35,241","27,173,130,68,121",3:144:2|3:448:2|3:824:2
ckpt_3400.pt,3,954,0.5197586417198181,0.11478665471076965,0.40794384479522705,"229,185,209,200,199","120,121,30,126,12",3:399:2|3:611:2|3:9:1
ckpt_3400.pt,3,955,0.5952030420303345,0.10842064023017883,0.48268231749534607,"249,156,252,206,250","232,233,161,139,27",3:150:2|3:189:2|3:231:2
ckpt_3400.pt,3,956,0.4913354814052582,0.10602062195539474,0.40231984853744507,"169,110,150,157,27","163,8,113,68,204",3:1016:2|3:9:1|3:27:1
ckpt_3400.pt,3,957,0.43803244829177856,0.10801350325345993,0.38015517592430115,"127,5,30,49,0","11,69,92,147,244",3:607:2|3:34:1|3:39:1
ckpt_3400.pt,3,958,0.5048413276672363,0.09926870465278625,0.3940081298351288,"142,129,202,47,207","145,249,224,118,215",3:282:2|3:420:2|3:2:1
ckpt_3400.pt,3,959,0.48218172788619995,0.08963290601968765,0.3999122679233551,"140,47,154,237,122","89,82,51,160,254",3:450:2|3:543:2|3:696:2
ckpt_3400.pt,3,960,0.50958651304245,0.08050496876239777,0.41848552227020264,"64,50,84,188,144","54,28,3,196,30",3:18:1|3:26:1|3:54:1
ckpt_3400.pt,3,961,0.4529576599597931,0.10664251446723938,0.39957287907600403,"233,24,240,127,218","77,200,183,107,232",3:6:2|3:718:2|3:5:1
ckpt_3400.pt,3,962,0.5269100666046143,0.09866402298212051,0.4632408022880554,"214,65,52,151,102","214,149,7,235,152",3:1011:2|3:1:1|3:16:1
ckpt_3400.pt,3,963,0.5262261629104614,0.09673997759819031,0.4289807975292206,"198,29,34,168,52","127,242,155,190,19",3:573:2|3:870:2|3:982:2
ckpt_3400.pt,3,964,0.5102828145027161,0.09040187299251556,0.4050702750682831,"121,6,162,1,134","145,136,249,62,76",3:152:2|3:179:2|3:458:2
ckpt_3400.pt,3,965,0.47311124205589294,0.08273673057556152,0.39294758439064026,"235,221,60,248,28","7,132,101,133,229",3:1:2|3:53:2|3:413:2
ckpt_3400.pt,3,966,0.5945419073104858,0.10966617614030838,0.48733991384506226,"226,238,181,131,57","185,32,206,99,92",3:178:2|3:2:1|3:22:1
ckpt_3400.pt,3,967,0.5223096609115601,0.1247425377368927,0.42191076278686523,"231,76,40,212,84","214,227,195,36,138",3:0:2|3:8:1|3:14:1
ckpt_3400.pt,3,968,0.487653523683548,0.09044947475194931,0.4124314785003662,"132,251,86,53,26","52,49,62,209,158",3:72:2|3:136:2|3:350:2
ckpt_3400.pt,3,969,0.4774665832519531,0.077224500477314,0.4062052071094513,"177,196,215,209,7","73,60,191,85,122",3:407:2|3:676:2|3:680:2
ckpt_3400.pt,3,970,0.5220193266868591,0.08149338513612747,0.4279201626777649,"245,155,194,209,72","172,105,156,69,122",3:332:2|3:733:2|3:895:2
ckpt_3400.pt,3,971,0.41643545031547546,0.06792879849672318,0.3972511887550354,"97,121,219,17,36","114,110,201,42,162",3:113:2|3:561:2|3:708:2
ckpt_3400.pt,3,972,0.5053897500038147,0.09515013545751572,0.4398549497127533,"153,226,27,233,231","53,32,146,1,142",3:522:3|3:810:2|3:851:2
ckpt_3400.pt,3,973,0.4870159327983856,0.09258116781711578,0.3942583203315735,"34,63,103,223,1","60,9,27,46,54",3:96:2|3:212:2|3:246:2
ckpt_3400.pt,3,974,0.537201464176178,0.12237583845853806,0.45389968156814575,"131,117,189,2,25","137,17,119,12,205",3:239:2|3:259:2|3:470:2
ckpt_3400.pt,3,975,0.4469430446624756,0.11721671372652054,0.4180707335472107,"10,225,146,65,222","237,11,13,166,137",3:65:2|3:572:2|3:1:1
ckpt_3400.pt,3,976,0.4376496374607086,0.087038055062294,0.35245341062545776,"99,62,36,111,116","163,59,137,212,225",3:345:2|3:555:2|3:711:2
ckpt_3400.pt,3,977,0.516381561756134,0.10619883239269257,0.4376896619796753,"154,66,249,164,9","60,78,125,114,65",3:174:2|3:352:2|3:489:2
ckpt_3400.pt,3,978,0.4754579961299896,0.08489680290222168,0.387196809053421,"73,72,255,60,118","132,238,251,10,39",3:11:1|3:60:1|3:62:1
ckpt_3400.pt,3,979,0.43994343280792236,0.08467820286750793,0.36795586347579956,"35,59,187,65,105","171,248,199,12,161",3:63:2|3:1:1|3:16:1
ckpt_3400.pt,3,980,0.49956515431404114,0.10054821521043777,0.3880388140678406,"109,188,252,196,241","219,74,59,197,184",3:360:2|3:393:2|3:430:2
ckpt_3400.pt,3,981,0.49266430735588074,0.09294092655181885,0.39719444513320923,"220,71,143,176,217","187,111,176,178,125",3:412:2|3:748:2|3:5:1
ckpt_3400.pt,3,982,0.49674585461616516,0.09688141942024231,0.40307721495628357,"75,112,168,30,198","19,109,215,30,38",3:128:2|3:702:2|3:786:2
ckpt_3400.pt,3,983,0.4940505027770996,0.08813909441232681,0.4549294710159302,"101,147,34,175,19","230,167,111,145,180",3:164:2|3:246:2|3:396:2
ckpt_3400.pt,3,984,0.5076124668121338,0.10619934648275375,0.40468698740005493,"110,146,35,96,156","191,98,176,161,249",3:32:2|3:175:2|3:231:2
ckpt_3400.pt,3,985,0.4643540680408478,0.08245547860860825,0.40890809893608093,"12,220,246,214,183","32,46,163,157,98",3:10:1|3:26:1|3:30:1
ckpt_3400.pt,3,986,0.5524768233299255,0.12112154066562653,0.4434049725532532,"47,66,14,171,126","21,249,16,237,36",3:547:2|3:750:2|3:8:1
ckpt_3400.pt,3,987,0.5030115246772766,0.09527390450239182,0.4335591495037079,"53,104,197,45,38","178,192,175,89,162",3:480:2|3:713:2|3:731:2
ckpt_3400.pt,3,988,0.5230004191398621,0.12939174473285675,0.4489673972129822,"162,51,71,67,68","94,202,129,198,255",3:152:2|3:6:1|3:24:1
ckpt_3400.pt,3,989,0.5091556906700134,0.08836746215820312,0.42631834745407104,"219,243,235,13,214","147,74,31,177,169",3:373:2|3:1:1|3:12:1
ckpt_3400.pt,3,990,0.5076220631599426,0.09570976346731186,0.40611732006073,"228,255,97,205,149","113,210,8,158,19",3:500:2|3:4:1|3:23:1
ckpt_3400.pt,3,991,0.3972511291503906,0.0779511034488678,0.37964943051338196,"46,24,122,59,7","249,58,144,232,78",3:673:2|3:693:2|3:5:1
ckpt_3400.pt,3,992,0.4434061646461487,0.0968722403049469,0.39131712913513184,"20,34,225,174,136","119,192,15,171,22",3:353:2|3:576:2|3:24:1
ckpt_3400.pt,3,993,0.43670737743377686,0.09358630329370499,0.3904341161251068,"37,197,39,110,4","203,176,139,102,19",3:70:2|3:824:2|3:943:2
ckpt_3400.pt,3,994,0.5472614169120789,0.09154267609119415,0.42717644572257996,"100,254,96,181,4","19,51,188,236,164",3:44:2|3:106:2|3:379:2
ckpt_3400.pt,3,995,0.39933738112449646,0.06717781722545624,0.3754274845123291,"209,24,109,224,154","186,46,98,80,176",3:208:2|3:369:2|3:863:2
ckpt_3400.pt,3,996,0.4921388626098633,0.10285884141921997,0.4041861295700073,"78,33,20,19,216","214,47,183,100,225",3:351:3|3:56:2|3:799:2
ckpt_3400.pt,3,997,0.5705378651618958,0.12854452431201935,0.4749559760093689,"254,18,186,212,116","12,55,8,125,144",3:104:2|3:229:2|3:232:2
ckpt_3400.pt,3,998,0.4281236231327057,0.07928793132305145,0.3793340027332306,"190,217,65,177,246","63,114,87,109,203",3:945:2|3:1:1|3:5:1
ckpt_3400.pt,3,999,0.5164602398872375,0.12612693011760712,0.43524542450904846,"219,26,187,64,87","145,249,128,89,49",3:224:2|3:333:2|3:54:1
ckpt_3400.pt,3,1000,0.47352108359336853,0.09553742408752441,0.40175092220306396,"62,52,243,254,137","93,17,22,181,104",3:12:2|3:223:2|3:461:2
ckpt_3400.pt,3,1001,0.5290637016296387,0.11494965851306915,0.4200843572616577,"190,249,45,153,100","100,120,240,197,235",3:203:2|3:699:2|3:25:1
ckpt_3400.pt,3,1002,0.5879287719726562,0.10406453907489777,0.48934221267700195,"105,254,86,199,7","74,240,202,219,191",3:44:2|3:628:2|3:673:2
ckpt_3400.pt,3,1003,0.4654267728328705,0.08063049614429474,0.4136814773082733,"238,134,112,7,221","56,46,194,121,173",3:400:2|3:702:2|3:892:2
ckpt_3400.pt,3,1004,0.5112964510917664,0.12731553614139557,0.42503753304481506,"27,17,124,11,76","63,144,66,132,65",3:322:2|3:640:2|3:814:2
ckpt_3400.pt,3,1005,0.5291728377342224,0.09179891645908356,0.4112805128097534,"4,103,223,56,149","70,155,199,128,220",3:574:2|3:592:2|3:750:2
ckpt_3400.pt,3,1006,0.5072850584983826,0.08276460319757462,0.402351051568985,"220,74,29,212,187","206,2,179,15,27",3:247:2|3:476:2|3:853:2
ckpt_3400.pt,3,1007,0.5734055638313293,0.11724074184894562,0.4899335503578186,"108,162,253,8,248","181,97,236,254,213",3:24:2|3:379:2|3:670:2
ckpt_3400.pt,3,1008,0.4397420883178711,0.08271008729934692,0.41561296582221985,"133,83,197,225,128","219,200,135,89,94",3:14:2|3:704:2|3:4:1
ckpt_3400.pt,3,1009,0.5213773846626282,0.11210165917873383,0.38883036375045776,"204,145,4,67,35","215,243,3,255,229",3:146:2|3:330:2|3:0:1
ckpt_3400.pt,3,1010,0.5037304759025574,0.0873311311006546,0.43398863077163696,"191,221,120,45,220","251,93,22,42,241",3:428:2|3:3:1|3:26:1
ckpt_3400.pt,3,1011,0.509131908416748,0.10357393324375153,0.4219384789466858,"151,74,233,93,65","211,243,65,52,166",3:142:2|3:219:2|3:962:2
ckpt_3400.pt,3,1012,0.47949883341789246,0.08549659699201584,0.4082750380039215,"214,170,1,245,39","174,97,177,58,195",3:262:2|3:711:2|3:1017:2
ckpt_3400.pt,3,1013,0.48828211426734924,0.09414765238761902,0.41328346729278564,"43,225,254,9,1","232,203,174,209,175",3:57:2|3:88:2|3:323:2
ckpt_3400.pt,3,1014,0.49457767605781555,0.09502540528774261,0.3962399959564209,"205,6,247,51,227","215,31,9,53,141",3:43:2|3:152:2|3:192:2
ckpt_3400.pt,3,1015,0.534049391746521,0.13512690365314484,0.4442518353462219,"177,10,131,118,48","59,250,50,95,54",3:642:2|3:858:2|3:11:1
ckpt_3400.pt,3,1016,0.5385804772377014,0.11211308091878891,0.45407435297966003,"125,112,169,117,27","16,159,106,166,230",3:77:2|3:956:2|3:2:1
ckpt_3400.pt,3,1017,0.48764342069625854,0.08748821914196014,0.3974457085132599,"214,148,37,39,21","70,72,133,26,12",3:443:2|3:993:2|3:1012:2
ckpt_3400.pt,3,1018,0.5585614442825317,0.08811821043491364,0.4457024931907654,"155,52,84,89,93","161,228,187,183,184",3:17:2|3:82:2|3:108:2
ckpt_3400.pt,3,1019,0.4547668993473053,0.09699271619319916,0.39067402482032776,"82,181,227,116,136","150,224,167,243,101",3:560:3|3:53:2|3:66:2
ckpt_3400.pt,3,1020,0.48478958010673523,0.11009437590837479,0.3883938491344452,"172,6,114,83,107","97,233,216,105,227",3:152:2|3:348:2|3:383:2
ckpt_3400.pt,3,1021,0.4716183841228485,0.0828666239976883,0.3921017646789551,"61,163,215,83,53","245,87,15,132,176",3:385:2|3:483:2|3:598:2
ckpt_3400.pt,3,1022,0.5125483274459839,0.08288680016994476,0.4302002489566803,"83,167,107,97,184","169,34,206,17,154",3:168:2|3:623:2|3:686:2
ckpt_3400.pt,3,1023,0.4813012480735779,0.1148366704583168,0.40950843691825867,"76,154,107,233,237","100,70,110,173,184",3:171:2|3:348:2|3:833:2
ckpt_3400.pt,4,0,0.509137749671936,0.10148506611585617,0.4524717628955841,"20,97,248,65,31","76,205,240,95,13",4:940:2|4:1:1|4:4:1
ckpt_3400.pt,4,1,0.508390486240387,0.0988517627120018,0.4412299692630768,"187,20,161,165,7","143,140,35,172,218",4:163:2|4:314:2|4:695:2
ckpt_3400.pt,4,2,0.5134739279747009,0.10281714051961899,0.4540981948375702,"217,195,190,104,194","126,214,11,2,219",4:820:3|4:398:2|4:654:2
ckpt_3400.pt,4,3,0.5195991396903992,0.10796785354614258,0.4436115324497223,"126,115,74,234,36","54,5,228,124,133",4:111:2|4:388:2|4:428:2
ckpt_3400.pt,4,4,0.48964571952819824,0.11068527400493622,0.4378420412540436,"20,198,110,152,84","75,79,189,80,11",4:67:2|4:660:2|4:695:2
ckpt_3400.pt,4,5,0.525119960308075,0.08389973640441895,0.4538555145263672,"211,37,101,29,92","219,110,224,117,89",4:369:2|4:563:2|4:646:2
ckpt_3400.pt,4,6,0.5221462845802307,0.10336033254861832,0.43064790964126587,"146,0,160,48,96","181,6,163,215,190",4:195:2|4:8:1|4:11:1
ckpt_3400.pt,4,7,0.5096811652183533,0.08833324909210205,0.4455101490020752,"14,184,225,7,58","209,250,249,79,46",4:263:2|4:499:2|4:605:2
ckpt_3400.pt,4,8,0.5144511461257935,0.09349770843982697,0.42938122153282166,"48,40,49,25,226","88,152,216,195,92",4:190:2|4:644:2|4:6:1
ckpt_3400.pt,4,9,0.5665035247802734,0.12982915341854095,0.4734414517879486,"171,58,110,194,248","139,175,39,248,187",4:688:2|4:892:2|4:0:1
ckpt_3400.pt,4,10,0.5157569050788879,0.09419780224561691,0.4234536588191986,"98,25,150,129,41","142,183,171,175,137",4:794:2|4:8:1|4:14:1
ckpt_3400.pt,4,11,0.49007055163383484,0.08665384352207184,0.39618799090385437,"22,139,121,245,0","33,13,69,36,47",4:92:2|4:6:1|4:47:1
ckpt_3400.pt,4,12,0.4299938380718231,0.07816383987665176,0.4003322124481201,"36,106,107,88,236","253,8,82,240,43",4:172:2|4:495:2|4:741:2
ckpt_3400.pt,4,13,0.507396936416626,0.08916070312261581,0.4379291534423828,"9,133,144,218,160","219,66,96,213,154",4:850:2|4:972:2|4:1022:2
ckpt_3400.pt,4,14,0.5479965806007385,0.11640029400587082,0.46391525864601135,"150,184,254,255,210","244,6,163,117,40",4:360:2|4:775:2|4:7:1
ckpt_3400.pt,4,15,0.5239992737770081,0.12220840156078339,0.451001912355423,"57,47,129,102,160","98,168,27,245,105",4:152:2|4:442:2|4:476:2
ckpt_3400.pt,4,16,0.6360774636268616,0.13540205359458923,0.4902428090572357,"135,210,166,127,78","172,140,7,111,92",4:135:2|4:999:2|4:14:1
ckpt_3400.pt,4,17,0.5203970074653625,0.09723751246929169,0.4191630482673645,"234,84,13,200,117","245,179,255,124,55",4:24:2|4:612:2|4:763:2
ckpt_3400.pt,4,18,0.5620839595794678,0.11701560020446777,0.44636255502700806,"156,179,233,72,95","206,205,126,108,191",4:20:1|4:24:1|4:53:1
ckpt_3400.pt,4,19,0.46635928750038147,0.09369855374097824,0.4106340706348419,"185,169,124,29,253","204,200,4,59,108",4:498:2|4:627:2|4:981:2
ckpt_3400.pt,4,20,0.4693101942539215,0.10608763992786407,0.40417784452438354,"167,73,72,40,45","71,188,82,70,79",4:60:2|4:675:2|4:839:2
ckpt_3400.pt,4,21,0.5464905500411987,0.11711780726909637,0.4679569602012634,"229,20,27,163,46","12,40,113,152,50",4:67:2|4:227:2|4:862:2
ckpt_3400.pt,4,22,0.5596580505371094,0.09697816520929337,0.48948025703430176,"36,199,37,205,48","215,83,6,116,204",4:750:2|4:771:2|4:3:1
ckpt_3400.pt,4,23,0.5843430757522583,0.13266094028949738,0.4895532727241516,"105,221,92,61,244","220,200,106,40,15",4:345:2|4:656:2|4:5:1
ckpt_3400.pt,4,24,0.5224320888519287,0.08999409526586533,0.4156695306301117,"233,234,200,113,143","18,245,80,99,213",4:17:2|4:554:2|4:612:2
ckpt_3400.pt,4,25,0.5636378526687622,0.101693294942379,0.44947385787963867,"111,169,109,148,145","204,19,233,247,240",4:19:1|4:40:1|4:42:1
ckpt_3400.pt,4,26,0.5061052441596985,0.1007629781961441,0.443278968334198,"167,33,239,104,112","136,87,5,44,192",4:495:3|4:248:2|4:343:2
ckpt_3400.pt,4,27,0.5769317746162415,0.14636312425136566,0.4460061192512512,"147,200,207,246,182","95,30,115,110,10",4:535:2|4:589:2|4:17:1
ckpt_3400.pt,4,28,0.4658389687538147,0.09522667527198792,0.42953598499298096,"38,69,114,247,117","190,23,13,107,55",4:197:2|4:766:2|4:889:2
ckpt_3400.pt,4,29,0.5742069482803345,0.11917369812726974,0.4682174026966095,"207,220,167,146,247","13,168,69,15,51",4:868:2|4:6:1|4:20:1
ckpt_3400.pt,4,30,0.48578527569770813,0.08317755907773972,0.378319650888443,"203,252,46,49,193","172,43,127,55,47",4:452:2|4:949:2|4:8:1
ckpt_3400.pt,4,31,0.5228605270385742,0.09334731101989746,0.4262792766094208,"66,7,57,88,147","223,19,187,94,234",4:80:2|4:198:2|4:370:2
ckpt_3400.pt,4,32,0.5012746453285217,0.1289418339729309,0.42391684651374817,"206,130,127,182,181","201,144,176,206,170",4:341:2|4:547:2|4:699:2
ckpt_3400.pt,4,33,0.585769772529602,0.11626438796520233,0.47013384103775024,"112,226,231,254,207","228,177,122,226,87",4:475:3|4:39:2|4:175:2
ckpt_3400.pt,4,34,0.5063818097114563,0.08600518107414246,0.4245300889015198,"6,239,243,84,55","190,242,180,98,227",4:189:2|4:248:2|4:584:2
ckpt_3400.pt,4,35,0.5236414670944214,0.08855116367340088,0.4481675922870636,"20,44,21,132,205","164,98,157,57,253",4:945:2|4:0:1|4:1:1
ckpt_3400.pt,4,36,0.5430663824081421,0.0949573963880539,0.49221646785736084,"165,100,99,103,206","146,7,139,99,121",4:702:2|4:775:2|4:946:2
ckpt_3400.pt,4,37,0.4928889572620392,0.10779418796300888,0.43881434202194214,"128,37,15,129,198","208,74,245,159,176",4:41:2|4:208:2|4:4:1
ckpt_3400.pt,4,38,0.5250640511512756,0.11148249357938766,0.43337130546569824,"11,207,7,52,73","152,32,214,208,137",4:277:2|4:781:2|4:1:1
ckpt_3400.pt,4,39,0.6765056252479553,0.12410539388656616,0.5258215069770813,"226,137,231,86,180","213,240,127,137,191",4:33:2|4:475:2|4:575:2
ckpt_3400.pt,4,40,0.49577000737190247,0.1034010648727417,0.41781145334243774,"244,114,148,137,88","126,146,66,125,110",4:126:2|4:12:1|4:23:1
ckpt_3400.pt,4,41,0.5062740445137024,0.0936504602432251,0.42627978324890137,"15,127,172,128,213","22,131,124,199,43",4:37:2|4:653:2|4:879:2
ckpt_3400.pt,4,42,0.4984535872936249,0.09060116112232208,0.47242870926856995,"99,11,190,109,242","160,239,3,124,117",4:89:2|4:738:2|4:2:1
ckpt_3400.pt,4,43,0.5322015285491943,0.12595057487487793,0.4508223831653595,"114,250,188,225,59","185,123,150,80,114",4:626:2|4:982:2|4:7:1
ckpt_3400.pt,4,44,0.5023868083953857,0.12829436361789703,0.39759066700935364,"31,229,109,40,88","201,134,16,189,64",4:780:2|4:910:2|4:0:1
ckpt_3400.pt,4,45,0.5479364395141602,0.12902307510375977,0.44168344140052795,"228,186,74,41,132","44,67,226,146,39",4:480:2|4:3:1|4:10:1
ckpt_3400.pt,4,46,0.5338783264160156,0.09290095418691635,0.48289528489112854,"5,50,167,31,228","92,56,36,29,242",4:783:2|4:910:2|4:940:2
ckpt_3400.pt,4,47,0.5322884321212769,0.11522816866636276,0.45266544818878174,"127,0,81,140,106","198,54,183,78,187",4:320:2|4:329:2|4:547:2
ckpt_3400.pt,4,48,0.5180612206459045,0.12367269396781921,0.47404032945632935,"6,164,52,198,32","167,215,143,63,88",4:82:2|4:658:2|4:854:2
ckpt_3400.pt,4,49,0.5854266285896301,0.1186051294207573,0.4493285119533539,"226,190,31,131,150","74,142,214,196,106",4:493:2|4:751:2|4:0:1
ckpt_3400.pt,4,50,0.5270208716392517,0.11132718622684479,0.4252451956272125,"1,169,4,163,207","107,84,97,43,182",4:150:2|4:437:2|4:804:2
ckpt_3400.pt,4,51,0.509172797203064,0.09138607978820801,0.4053210914134979,"126,20,127,138,82","9,99,53,133,149",4:536:2|4:0:1|4:1:1
ckpt_3400.pt,4,52,0.5357242822647095,0.12328004091978073,0.4397406578063965,"14,26,190,180,168","251,136,148,174,76",4:829:2|4:941:2|4:2:1
ckpt_3400.pt,4,53,0.46920499205589294,0.0840800404548645,0.3753410875797272,"95,69,86,37,31","223,235,246,72,175",4:397:2|4:711:2|4:915:2
ckpt_3400.pt,4,54,0.4657416045665741,0.09162677824497223,0.3935287594795227,"112,154,47,22,94","187,72,103,101,21",4:961:3|4:98:2|4:503:2
ckpt_3400.pt,4,55,0.5145096182823181,0.0908786728978157,0.39985191822052,"168,150,123,213,132","32,58,76,150,117",4:128:2|4:617:2|4:751:2
ckpt_3400.pt,4,56,0.5885926485061646,0.14290931820869446,0.48063477873802185,"212,83,75,102,184","139,205,237,57,143",4:87:2|4:446:2|4:763:2
ckpt_3400.pt,4,57,0.5466899275779724,0.11325128376483917,0.46402207016944885,"121,142,73,138,228","165,65,168,200,88",4:624:2|4:675:2|4:770:2
ckpt_3400.pt,4,58,0.5112167000770569,0.10329598188400269,0.4233718514442444,"81,188,222,6,47","146,54,17,163,25",4:176:2|4:186:2|4:584:2
ckpt_3400.pt,4,59,0.5228714346885681,0.11725956946611404,0.40686798095703125,"61,58,231,173,127","155,70,82,99,79",4:132:2|4:402:2|4:870:2
ckpt_3400.pt,4,60,0.4856252074241638,0.09113620966672897,0.4104970693588257,"73,221,250,40,90","36,168,249,189,39",4:20:2|4:237:2|4:292:2
ckpt_3400.pt,4,61,0.501757025718689,0.11654280871152878,0.4122224748134613,"89,87,163,201,80","23,106,227,179,196",4:340:2|4:449:2|4:707:2
ckpt_3400.pt,4,62,0.469687283039093,0.09368269145488739,0.4238908290863037,"239,10,201,48,124","68,211,219,245,26",4:404:2|4:554:2|4:588:2
ckpt_3400.pt,4,63,0.5588604211807251,0.11668770015239716,0.4734170734882355,"215,214,112,79,74","222,73,145,121,63",4:187:2|4:3:1|4:26:1
ckpt_3400.pt,4,64,0.5004275441169739,0.09514541178941727,0.4553307890892029,"176,116,41,1,10","161,63,11,150,72",4:396:2|4:791:2|4:888:2
ckpt_3400.pt,4,65,0.5270757079124451,0.10069306939840317,0.44024503231048584,"126,21,159,5,188","60,229,15,53,160",4:587:2|4:596:2|4:3:1
ckpt_3400.pt,4,66,0.43380454182624817,0.07421237975358963,0.3785659670829773,"119,4,188,112,168","168,9,74,198,36",4:169:2|4:419:2|4:596:2
ckpt_3400.pt,4,67,0.5655919909477234,0.10681511461734772,0.425489604473114,"198,5,20,27,176","227,63,77,254,238",4:4:2|4:21:2|4:237:2
ckpt_3400.pt,4,68,0.5263606905937195,0.12159315496683121,0.4328157603740692,"205,107,82,247,231","183,165,55,77,35",4:1006:2|4:12:1|4:22:1
ckpt_3400.pt,4,69,0.4703930616378784,0.10792142152786255,0.396432489156723,"167,191,107,158,34","77,50,118,115,136",4:194:2|4:495:2|4:12:1
ckpt_3400.pt,4,70,0.5041308403015137,0.11469172686338425,0.44699549674987793,"116,224,134,25,228","28,124,177,76,88",4:8:1|4:10:1|4:45:1
ckpt_3400.pt,4,71,0.5469810366630554,0.09898107498884201,0.4519617557525635,"132,45,63,4,125","131,181,233,73,18",4:603:2|4:20:1|4:35:1
ckpt_3400.pt,4,72,0.48089081048965454,0.08436702936887741,0.4154139459133148,"157,131,72,153,207","26,98,19,38,221",4:271:2|4:648:2|4:651:2
ckpt_3400.pt,4,73,0.5062149167060852,0.08749965578317642,0.42022159695625305,"190,100,219,246,30","174,211,45,41,229",4:245:2|4:2:1|4:27:1
ckpt_3400.pt,4,74,0.4407769441604614,0.08825680613517761,0.37870267033576965,"109,159,91,226,143","110,234,29,111,71",4:253:2|4:422:2|4:500:2
ckpt_3400.pt,4,75,0.5902690887451172,0.10061232000589371,0.45829522609710693,"212,153,36,249,14","250,98,146,141,245",4:517:2|4:3:1|4:7:1
ckpt_3400.pt,4,76,0.4934758245944977,0.12044084072113037,0.4313354194164276,"73,101,110,231,242","25,234,136,171,168",4:839:2|4:841:2|4:857:2
ckpt_3400.pt,4,77,0.5413348078727722,0.09341754019260406,0.4462983310222626,"132,207,28,121,15","7,214,167,13,78",4:976:3|4:387:2|4:497:2
ckpt_3400.pt,4,78,0.46725282073020935,0.10069109499454498,0.44200193881988525,"144,97,220,174,129","45,212,236,62,4",4:863:2|4:0:1|4:10:1
ckpt_3400.pt,4,79,0.5023348927497864,0.10518675297498703,0.45371416211128235,"107,90,101,4,100","33,255,85,52,241",4:734:2|4:809:2|4:5:1
ckpt_3400.pt,4,80,0.47885414958000183,0.08752142637968063,0.3903440535068512,"211,191,88,189,66","142,162,139,59,188",4:886:3|4:31:2|4:198:2
ckpt_3400.pt,4,81,0.45471426844596863,0.0804210975766182,0.40343236923217773,"85,45,83,198,1","219,211,97,93,196",4:295:2|4:693:2|4:713:2
ckpt_3400.pt,4,82,0.545606791973114,0.11112120002508163,0.41756680607795715,"220,173,191,6,32","65,31,61,173,107",4:48:2|4:462:2|4:29:1
ckpt_3400.pt,4,83,0.5141043663024902,0.09554543346166611,0.4605560302734375,"1,141,9,58,131","242,202,157,66,207",4:143:2|4:204:2|4:482:2
ckpt_3400.pt,4,84,0.5349183678627014,0.10290274024009705,0.4342280626296997,"210,141,29,226,61","158,198,214,133,37",4:131:2|4:231:2|4:511:2
ckpt_3400.pt,4,85,0.4915691018104553,0.09167767316102982,0.46958720684051514,"82,33,30,210,84","9,4,38,112,224",4:240:2|4:313:2|4:411:2
ckpt_3400.pt,4,86,0.5666077136993408,0.10874795913696289,0.46409517526626587,"206,98,147,46,74","119,49,121,219,117",4:724:2|4:746:2|4:3:1
ckpt_3400.pt,4,87,0.41591617465019226,0.08926883339881897,0.3858949840068817,"75,83,245,142,188","241,141,193,94,194",4:56:2|4:446:2|4:768:2
ckpt_3400.pt,4,88,0.5277045369148254,0.1044873595237732,0.4478284418582916,"204,58,104,129,145","41,133,4,54,142",4:208:2|4:2:1|4:7:1
ckpt_3400.pt,4,89,0.49358952045440674,0.07999426126480103,0.41642770171165466,"11,167,109,74,154","101,92,229,235,35",4:42:2|4:502:2|4:638:2
ckpt_3400.pt,4,90,0.5372902750968933,0.09333665668964386,0.4349863827228546,"176,51,253,119,84","174,151,210,161,26",4:254:2|4:305:2|4:361:2
ckpt_3400.pt,4,91,0.5356929898262024,0.09202861040830612,0.44190484285354614,"157,209,98,237,229","45,86,52,58,6",4:234:2|4:469:2|4:777:2
ckpt_3400.pt,4,92,0.44176754355430603,0.07455288618803024,0.3840830624103546,"158,159,22,71,245","216,151,107,101,235",4:11:2|4:239:2|4:500:2
ckpt_3400.pt,4,93,0.4917474389076233,0.09172136336565018,0.4178807735443115,"99,70,177,12,211","243,57,122,111,74",4:487:2|4:5:1|4:36:1
ckpt_3400.pt,4,94,0.4790409207344055,0.08253231644630432,0.4147600829601288,"114,151,254,9,93","246,171,68,226,187",4:250:2|4:372:2|4:444:2
ckpt_3400.pt,4,95,0.48076462745666504,0.08418505638837814,0.4121304452419281,"250,180,2,247,103","159,137,99,154,143",4:200:2|4:739:2|4:903:2
ckpt_3400.pt,4,96,0.5313395261764526,0.11782071739435196,0.451636403799057,"13,64,123,243,214","134,163,155,42,97",4:356:2|4:17:1|4:34:1
ckpt_3400.pt,4,97,0.4859936535358429,0.08934276551008224,0.41593801975250244,"161,17,186,57,216","208,52,23,31,167",4:224:2|4:542:2|4:548:2
ckpt_3400.pt,4,98,0.6049668788909912,0.1253463625907898,0.48549744486808777,"112,253,156,213,47","34,39,132,254,107",4:54:2|4:103:2|4:147:2
ckpt_3400.pt,4,99,0.5531984567642212,0.11051392555236816,0.48626089096069336,"98,239,144,210,179","251,86,165,3,150",4:678:2|4:10:1|4:13:1
ckpt_3400.pt,4,100,0.5077222585678101,0.08511845767498016,0.42635378241539,"32,163,221,41,111","109,251,137,70,147",4:227:2|4:255:2|4:906:2
ckpt_3400.pt,4,101,0.49404701590538025,0.09353423118591309,0.43907323479652405,"160,99,252,216,110","115,141,156,189,20",4:833:2|4:4:1|4:6:1
ckpt_3400.pt,4,102,0.5348317623138428,0.09493013471364975,0.42924225330352783,"225,31,104,196,49","35,176,13,147,109",4:648:2|4:849:2|4:914:2
ckpt_3400.pt,4,103,0.6041669249534607,0.11326704919338226,0.4700937271118164,"213,156,180,224,56","81,44,171,250,11",4:98:2|4:311:2|4:751:2
ckpt_3400.pt,4,104,0.5337346196174622,0.09313765913248062,0.49414271116256714,"106,182,190,189,193","193,146,208,66,120",4:224:2|4:265:2|4:329:2
ckpt_3400.pt,4,105,0.4658685624599457,0.08379120379686356,0.3982093632221222,"16,235,254,123,115","47,102,61,25,217",4:126:2|4:263:2|4:362:2
ckpt_3400.pt,4,106,0.5051618814468384,0.08518973737955093,0.4275544285774231,"233,255,230,68,253","166,151,13,38,121",4:455:2|4:674:2|4:900:2
ckpt_3400.pt,4,107,0.5583564043045044,0.15129368007183075,0.4537053406238556,"26,23,225,47,186","193,3,15,141,104",4:256:2|4:885:2|4:955:2
ckpt_3400.pt,4,108,0.5484005808830261,0.08331647515296936,0.4512535333633423,"152,131,108,216,177","242,177,243,171,47",4:4:1|4:49:1|4:72:1
ckpt_3400.pt,4,109,0.49046605825424194,0.08109287172555923,0.40412279963493347,"64,192,25,141,184","40,58,219,190,243",4:7:1|4:8:1|4:10:1
ckpt_3400.pt,4,110,0.47196662425994873,0.07891813665628433,0.4374743103981018,"18,196,56,85,197","90,109,173,250,114",4:274:2|4:401:2|4:458:2
ckpt_3400.pt,4,111,0.5680171251296997,0.10842946171760559,0.45064789056777954,"115,36,41,69,57","89,194,13,53,144",4:3:2|4:10:1|4:12:1
ckpt_3400.pt,4,112,0.5390776991844177,0.09960448741912842,0.45531123876571655,"45,164,55,97,53","138,12,39,151,9",4:726:2|4:0:1|4:20:1
ckpt_3400.pt,4,113,0.5308883190155029,0.11212041974067688,0.45054399967193604,"105,65,162,51,232","127,14,154,101,1",4:156:2|4:203:2|4:521:2
ckpt_3400.pt,4,114,0.503238320350647,0.09763102978467941,0.42663511633872986,"191,91,184,169,181","158,31,201,218,153",4:120:2|4:804:2|4:7:1
ckpt_3400.pt,4,115,0.4926714301109314,0.08942780643701553,0.4077179431915283,"42,168,146,2,212","133,126,88,41,129",4:213:2|4:739:2|4:755:2
ckpt_3400.pt,4,116,0.5685166716575623,0.10005185753107071,0.4625331163406372,"24,18,23,52,111","87,62,142,188,132",4:121:2|4:334:2|4:393:2
ckpt_3400.pt,4,117,0.5014795660972595,0.10183470696210861,0.4218674898147583,"195,38,50,67,208","191,132,158,136,213",4:453:2|4:718:2|4:897:2
ckpt_3400.pt,4,118,0.4981399476528168,0.07960404455661774,0.43261292576789856,"166,3,139,24,89","249,223,21,123,206",4:803:2|4:11:1|4:16:1
ckpt_3400.pt,4,119,0.5158913135528564,0.08873438090085983,0.4286027252674103,"191,126,109,225,106","89,165,152,82,98",4:358:2|4:623:2|4:745:2
ckpt_3400.pt,4,120,0.4539419114589691,0.07642348110675812,0.38415268063545227,"210,169,181,203,153","254,231,89,217,181",4:114:2|4:250:2|4:472:2
ckpt_3400.pt,4,121,0.5433801412582397,0.11007343232631683,0.44766056537628174,"23,193,18,7,223","72,87,217,47,62",4:116:2|4:315:2|4:789:2
ckpt_3400.pt,4,122,0.6062735915184021,0.12282805889844894,0.4692716598510742,"46,218,230,105,249","63,174,187,85,17",4:303:2|4:345:2|4:13:1
ckpt_3400.pt,4,123,0.5084865689277649,0.0987403616309166,0.4303222596645355,"166,35,187,169,157","79,39,45,229,102",4:479:2|4:1:1|4:16:1
ckpt_3400.pt,4,124,0.5150808095932007,0.09518155455589294,0.4504135549068451,"82,201,229,13,249","78,197,74,192,8",4:279:2|4:17:1|4:21:1
ckpt_3400.pt,4,125,0.4967135787010193,0.07662930339574814,0.45102134346961975,"142,255,242,117,221","235,100,240,76,148",4:842:2|4:14:1|4:17:1
ckpt_3400.pt,4,126,0.5560927987098694,0.09703493118286133,0.4509294331073761,"148,65,123,88,235","85,113,167,78,190",4:40:2|4:105:2|4:203:2
ckpt_3400.pt,4,127,0.5574363470077515,0.10880238562822342,0.4197024703025818,"26,210,21,145,50","178,188,254,22,50",4:900:2|4:962:2|4:14:1
ckpt_3400.pt,4,128,0.618791937828064,0.10765915364027023,0.4865483045578003,"150,163,23,187,132","157,231,143,189,187",4:55:2|4:256:2|4:1:1
ckpt_3400.pt,4,129,0.47329190373420715,0.09654801338911057,0.4157954752445221,"175,252,84,153,223","207,9,15,178,224",4:161:2|4:557:2|4:643:2
ckpt_3400.pt,4,130,0.5141656398773193,0.08611283451318741,0.4318845272064209,"211,127,132,13,223","0,57,202,191,208",4:409:2|4:642:2|4:728:2
ckpt_3400.pt,4,131,0.5693063735961914,0.10155574977397919,0.469352662563324,"61,184,189,226,154","235,7,1,147,137",4:84:2|4:188:2|4:229:2
ckpt_3400.pt,4,132,0.5032785534858704,0.09181850403547287,0.44925814867019653,"227,24,231,58,201","14,190,144,221,143",4:59:2|4:133:2|4:205:2
ckpt_3400.pt,4,133,0.567072868347168,0.10553156584501266,0.4625060558319092,"72,36,165,58,201","99,178,42,7,102",4:132:2|4:205:2|4:462:2
ckpt_3400.pt,4,134,0.5818735361099243,0.1342930942773819,0.46582961082458496,"113,215,69,255,206","48,210,242,4,207",4:513:2|4:525:2|4:775:2
ckpt_3400.pt,4,135,0.5220608115196228,0.09327556192874908,0.4592936635017395,"78,98,141,217,166","149,255,214,254,200",4:16:2|4:140:2|4:2:1
ckpt_3400.pt,4,136,0.4933894872665405,0.10191810131072998,0.43442362546920776,"34,123,95,161,249","144,104,74,59,250",4:194:2|4:210:2|4:440:2
ckpt_3400.pt,4,137,0.5609090328216553,0.11354829370975494,0.4622959792613983,"248,2,223,48,136","9,54,117,197,115",4:175:2|4:200:2|4:568:2
ckpt_3400.pt,4,138,0.5485869646072388,0.09495562314987183,0.4502791166305542,"188,35,183,113,63","49,156,137,51,213",4:621:2|4:715:2|4:747:2
ckpt_3400.pt,4,139,0.5525116324424744,0.09953075647354126,0.43778547644615173,"31,182,178,56,36","28,223,122,69,217",4:610:2|4:869:2|4:1000:2
ckpt_3400.pt,4,140,0.5879101157188416,0.11649703234434128,0.48966068029403687,"141,220,203,78,248","55,197,57,18,125",4:135:2|4:145:2|4:868:2
ckpt_3400.pt,4,141,0.512503445148468,0.08041132241487503,0.43852511048316956,"147,184,153,77,95","201,183,90,215,222",4:7:1|4:14:1|4:18:1
ckpt_3400.pt,4,142,0.5279858708381653,0.10827962309122086,0.423265278339386,"155,99,188,148,212","218,101,146,181,82",4:349:2|4:562:2|4:805:2
ckpt_3400.pt,4,143,0.5580211281776428,0.12214256823062897,0.43187376856803894,"223,1,44,26,131","60,207,59,167,231",4:83:2|4:494:2|4:791:2
ckpt_3400.pt,4,144,0.5919131636619568,0.12056557834148407,0.4902987480163574,"135,248,15,3,157","235,119,76,145,141",4:151:2|4:553:2|4:667:2
ckpt_3400.pt,4,145,0.4381643533706665,0.08971917629241943,0.37272900342941284,"141,40,4,248,243","66,167,53,38,36",4:140:2|4:835:2|4:0:1
ckpt_3400.pt,4,146,0.47900599241256714,0.10883234441280365,0.3958880305290222,"78,113,219,99,194","183,37,179,38,63",4:595:2|4:704:2|4:918:2
ckpt_3400.pt,4,147,0.5261322855949402,0.10051295906305313,0.45861801505088806,"4,195,145,213,47","120,39,218,143,214",4:98:2|4:186:2|4:391:2
ckpt_3400.pt,4,148,0.45296379923820496,0.08235675096511841,0.3877016305923462,"121,232,242,3,213","89,101,247,227,107",4:11:1|4:41:1|4:42:1
ckpt_3400.pt,4,149,0.5063132643699646,0.09547466039657593,0.452157586812973,"43,239,113,74,61","247,18,189,49,162",4:343:2|4:937:2|4:3:1
ckpt_3400.pt,4,150,0.5550298094749451,0.09150686860084534,0.491521954536438,"112,163,72,1,3","175,126,206,168,240",4:353:3|4:50:2|4:187:2
ckpt_3400.pt,4,151,0.49941104650497437,0.07822335511445999,0.4388803243637085,"221,3,62,135,9","225,28,193,128,215",4:144:2|4:355:2|4:13:1
ckpt_3400.pt,4,152,0.5192986726760864,0.08851409703493118,0.4620403051376343,"220,84,57,221,160","211,0,75,19,5",4:15:2|4:254:2|4:273:2
ckpt_3400.pt,4,153,0.5701355338096619,0.10328590124845505,0.4842187166213989,"74,254,237,21,172","18,89,203,223,219",4:201:2|4:975:2|4:3:1
ckpt_3400.pt,4,154,0.499468058347702,0.11734186857938766,0.44648316502571106,"6,38,180,75,215","53,208,174,128,9",4:827:2|4:28:1|4:34:1
ckpt_3400.pt,4,155,0.5266517400741577,0.11156201362609863,0.4830666780471802,"108,220,154,58,59","128,252,161,181,182",4:692:2|4:735:2|4:884:2
ckpt_3400.pt,4,156,0.4836215674877167,0.09547876566648483,0.4464556872844696,"232,165,137,105,222","167,163,138,137,90",4:113:2|4:338:2|4:345:2
ckpt_3400.pt,4,157,0.5174554586410522,0.09135933965444565,0.4638006091117859,"22,5,106,17,130","212,229,133,194,56",4:344:2|4:593:2|4:601:2
ckpt_3400.pt,4,158,0.4901936650276184,0.09809577465057373,0.4334316849708557,"14,54,244,223,29","39,158,54,177,142",4:421:2|4:517:2|4:643:2
ckpt_3400.pt,4,159,0.507718026638031,0.10437092185020447,0.41384920477867126,"135,214,225,11,161","3,83,19,236,114",4:403:2|4:854:2|4:1:1
ckpt_3400.pt,4,160,0.5414661765098572,0.09956970065832138,0.4645948112010956,"173,142,86,199,99","26,18,58,206,77",4:243:3|4:305:2|4:598:2
ckpt_3400.pt,4,161,0.5332105755805969,0.1006854698061943,0.4618082344532013,"236,153,132,1,252","153,83,213,169,244",4:129:2|4:218:2|4:241:2
ckpt_3400.pt,4,162,0.4955669641494751,0.11252978444099426,0.4128873944282532,"165,98,56,14,106","38,155,137,190,60",4:273:2|4:338:2|4:597:2
ckpt_3400.pt,4,163,0.5063929557800293,0.08415181189775467,0.42700761556625366,"7,168,227,161,97","82,250,93,241,36",4:1:2|4:281:2|4:797:2
ckpt_3400.pt,4,164,0.43510475754737854,0.09973526746034622,0.3725072145462036,"196,217,137,211,119","23,103,148,159,53",4:411:2|4:487:2|4:728:2
ckpt_3400.pt,4,165,0.4832533001899719,0.09026523679494858,0.3841301202774048,"77,70,206,48,193","196,234,129,176,118",4:180:2|4:404:2|4:550:2
ckpt_3400.pt,4,166,0.457146555185318,0.0842505693435669,0.42253509163856506,"86,232,116,236,174","81,110,202,217,31",4:238:2|4:280:2|4:740:2
ckpt_3400.pt,4,167,0.6639968752861023,0.17126308381557465,0.5394929647445679,"180,58,94,163,136","221,1,158,201,66",4:7:1|4:9:1|4:21:1
ckpt_3400.pt,4,168,0.6068106293678284,0.10945893079042435,0.5085268616676331,"213,134,236,12,205","4,148,25,40,159",4:213:2|4:376:2|4:794:2
ckpt_3400.pt,4,169,0.4779123365879059,0.07455947995185852,0.4702366292476654,"220,36,112,119,195","146,13,7,211,190",4:66:2|4:462:2|4:692:2
ckpt_3400.pt,4,170,0.5438002347946167,0.08724553883075714,0.4414013624191284,"248,10,70,198,212","6,64,55,202,162",4:336:2|4:404:2|4:534:2
ckpt_3400.pt,4,171,0.5584179759025574,0.1043812558054924,0.4333944320678711,"162,115,3,104,101","4,100,235,241,88",4:296:2|4:390:2|4:765:2
ckpt_3400.pt,4,172,0.5526230931282043,0.11155501753091812,0.42902451753616333,"107,18,155,200,236","60,33,217,16,126",4:12:2|4:880:2|4:17:1
ckpt_3400.pt,4,173,0.466023713350296,0.09858737140893936,0.42993780970573425,"207,133,168,234,135","204,42,138,159,127",4:387:2|4:3:1|4:13:1
ckpt_3400.pt,4,174,0.47651082277297974,0.08762775361537933,0.39644855260849,"96,182,232,197,255","90,139,120,32,13",4:280:2|4:367:2|4:585:2
ckpt_3400.pt,4,175,0.5272859334945679,0.09319662302732468,0.4334716498851776,"254,55,48,231,248","160,73,195,179,76",4:33:2|4:137:2|4:258:2
ckpt_3400.pt,4,176,0.5629593729972839,0.09957301616668701,0.4414067566394806,"28,188,6,102,107","122,104,71,36,188",4:58:2|4:183:2|4:556:2
ckpt_3400.pt,4,177,0.5758687257766724,0.09320945292711258,0.4610225260257721,"119,216,201,225,242","7,85,27,108,59",4:340:2|4:560:2|4:821:2
ckpt_3400.pt,4,178,0.497210830450058,0.0813981294631958,0.4120350778102875,"67,107,206,164,11","44,25,183,158,232",4:183:2|4:537:2|4:666:2
ckpt_3400.pt,4,179,0.5067111253738403,0.1025950163602829,0.45077118277549744,"166,206,209,153,68","186,86,166,38,50",4:180:2|4:261:2|4:679:2
ckpt_3400.pt,4,180,0.5596379041671753,0.10604766011238098,0.4860779345035553,"94,253,206,153,70","237,200,176,87,120",4:165:2|4:179:2|4:890:2
ckpt_3400.pt,4,181,0.4579814374446869,0.0975770577788353,0.4143703281879425,"56,216,220,253,11","214,106,237,9,17",4:291:2|4:631:2|4:705:2
ckpt_3400.pt,4,182,0.43880322575569153,0.08690700680017471,0.4023616313934326,"238,243,49,131,125","161,93,72,32,255",4:399:2|4:648:2|4:815:2
ckpt_3400.pt,4,183,0.5487151145935059,0.10486586391925812,0.45455241203308105,"49,107,164,39,102","98,143,64,113,114",4:176:2|4:178:2|4:526:2
ckpt_3400.pt,4,184,0.49462661147117615,0.09731130301952362,0.3883717358112335,"239,18,136,222,216","33,3,114,162,17",4:272:2|4:744:2|4:26:1
ckpt_3400.pt,4,185,0.4857152998447418,0.10135896503925323,0.42817023396492004,"154,132,39,162,141","6,4,152,125,164",4:570:2|4:752:2|4:875:2
ckpt_3400.pt,4,186,0.5677300691604614,0.10199961811304092,0.4321579337120056,"253,188,145,221,47","107,113,8,157,219",4:58:2|4:98:2|4:147:2
ckpt_3400.pt,4,187,0.5603113174438477,0.12019360065460205,0.44823506474494934,"214,163,175,152,112","10,136,28,194,235",4:63:2|4:150:2|4:350:2
ckpt_3400.pt,4,188,0.5350522398948669,0.10070470720529556,0.4806712567806244,"184,61,5,208,245","150,237,90,187,102",4:131:2|4:229:2|4:723:2
ckpt_3400.pt,4,189,0.4692314565181732,0.07995906472206116,0.4264635741710663,"115,6,146,21,239","130,179,233,6,11",4:34:2|4:297:2|4:587:2
ckpt_3400.pt,4,190,0.5013792514801025,0.09171368181705475,0.4658072590827942,"100,226,48,33,110","24,128,188,207,31",4:8:2|4:463:2|4:644:2
ckpt_3400.pt,4,191,0.5281770825386047,0.10971337556838989,0.4266347885131836,"1,79,12,175,52","41,91,214,36,131",4:204:2|4:487:2|4:936:2
ckpt_3400.pt,4,192,0.5532713532447815,0.11516287922859192,0.4492989480495453,"57,247,68,144,177","29,254,189,97,206",4:299:2|4:808:2|4:939:2
ckpt_3400.pt,4,193,0.556546151638031,0.09399169683456421,0.4575462341308594,"97,173,169,254,78","3,104,217,194,23",4:443:2|4:507:2|4:540:2
ckpt_3400.pt,4,194,0.475068598985672,0.10254345834255219,0.4193321466445923,"114,158,21,161,34","61,18,130,89,64",4:69:2|4:136:2|4:797:2
ckpt_3400.pt,4,195,0.5227769017219543,0.10065682977437973,0.43027740716934204,"27,48,63,189,160","254,212,141,152,49",4:6:2|4:638:2|4:8:1
ckpt_3400.pt,4,196,0.5592460036277771,0.1427476853132248,0.46305051445961,"100,95,105,177,36","241,253,83,209,32",4:906:2|4:3:1|4:12:1
ckpt_3400.pt,4,197,0.5471733808517456,0.10152540355920792,0.44208693504333496,"69,178,117,176,52","38,246,116,208,79",4:28:2|4:219:2|4:373:2
ckpt_3400.pt,4,198,0.5448020100593567,0.10266739875078201,0.4351503551006317,"241,66,174,79,88","217,206,68,61,125",4:31:2|4:80:2|4:12:1
ckpt_3400.pt,4,199,0.5382097363471985,0.1104092076420784,0.4268917739391327,"147,49,113,53,65","241,207,238,133,255",4:307:2|4:590:2|4:648:2
ckpt_3400.pt,4,200,0.55161052942276,0.10681943595409393,0.4678051471710205,"180,50,2,46,248","174,88,1,218,99",4:95:2|4:137:2|4:207:2
ckpt_3400.pt,4,201,0.5522685050964355,0.1073545441031456,0.4829716384410858,"27,172,237,32,103","248,45,0,22,130",4:153:2|4:783:2|4:879:2
ckpt_3400.pt,4,202,0.525609016418457,0.08466477692127228,0.437683641910553,"34,41,106,44,183","132,221,187,195,218",4:440:2|4:569:2|4:601:2
ckpt_3400.pt,4,203,0.5091652274131775,0.10295607149600983,0.3997736871242523,"123,65,162,178,206","27,130,255,248,142",4:113:2|4:126:2|4:521:2
ckpt_3400.pt,4,204,0.44772717356681824,0.07543911039829254,0.38719865679740906,"141,1,199,52,156","243,235,52,69,247",4:83:2|4:191:2|4:482:2
ckpt_3400.pt,4,205,0.5199608206748962,0.10174864530563354,0.42281320691108704,"158,58,201,120,146","117,123,217,243,13",4:132:2|4:133:2|4:286:2
ckpt_3400.pt,4,206,0.6640600562095642,0.11592084914445877,0.5465149879455566,"17,34,64,132,176","234,129,202,254,131",4:471:2|4:689:2|4:769:2
ckpt_3400.pt,4,207,0.4612587094306946,0.07169625908136368,0.39716434478759766,"79,248,193,50,16","254,227,150,187,204",4:200:2|4:633:2|4:718:2
ckpt_3400.pt,4,208,0.617598831653595,0.14313361048698425,0.5402365326881409,"58,198,129,208,255","243,95,87,19,83",4:37:2|4:88:2|4:1003:2
ckpt_3400.pt,4,209,0.5255181193351746,0.1277153044939041,0.4279702305793762,"17,109,83,174,28","102,191,55,198,44",4:247:2|4:274:2|4:558:2
ckpt_3400.pt,4,210,0.529819667339325,0.1322961300611496,0.47239041328430176,"95,75,101,133,161","121,4,176,177,192",4:136:2|4:326:2|4:662:2
ckpt_3400.pt,4,211,0.491597443819046,0.07909920811653137,0.4340883195400238,"58,152,105,217,86","223,165,217,54,36",4:598:2|4:1008:2|4:1010:2
ckpt_3400.pt,4,212,0.5714815855026245,0.12103260308504105,0.5215240120887756,"221,116,60,109,231","86,19,75,43,15",4:266:2|4:429:2|4:652:2
ckpt_3400.pt,4,213,0.5226399302482605,0.09234001487493515,0.4517718255519867,"2,205,187,213,42","226,124,84,150,117",4:115:2|4:168:2|4:796:2
ckpt_3400.pt,4,214,0.5457881093025208,0.09878598898649216,0.42629265785217285,"87,57,122,85,229","187,137,121,15,28",4:223:2|4:260:2|4:764:2
ckpt_3400.pt,4,215,0.5364367365837097,0.09708356857299805,0.4368720054626465,"59,140,168,54,202","188,12,222,254,135",4:281:2|4:43:1|4:47:1
ckpt_3400.pt,4,216,0.45177045464515686,0.125921368598938,0.36820468306541443,"242,15,176,214,133","196,215,115,104,136",4:769:2|4:888:2|4:13:1
ckpt_3400.pt,4,217,0.5919553637504578,0.11837134510278702,0.4948195815086365,"181,103,246,83,47","78,34,140,11,212",4:242:2|4:786:2|4:15:1
ckpt_3400.pt,4,218,0.5292826890945435,0.10513166338205338,0.4403613805770874,"22,1,179,153,54","131,171,37,142,63",4:161:2|4:241:2|4:261:2
ckpt_3400.pt,4,219,0.45449432730674744,0.07577075064182281,0.39429715275764465,"0,222,163,117,52","223,103,70,144,100",4:197:2|4:325:2|4:405:2
ckpt_3400.pt,4,220,0.4826861023902893,0.10578782111406326,0.43322673439979553,"246,115,52,91,225","128,86,212,164,151",4:263:2|4:428:2|4:664:2
ckpt_3400.pt,4,221,0.5682010054588318,0.13479198515415192,0.46387171745300293,"100,171,88,63,136","231,168,131,31,61",4:330:2|4:665:2|4:923:2
ckpt_3400.pt,4,222,0.474081814289093,0.0936506912112236,0.3916207551956177,"200,121,191,163,39","158,200,98,251,82",4:240:2|4:11:1|4:17:1
ckpt_3400.pt,4,223,0.5920411944389343,0.11755740642547607,0.4753777086734772,"233,225,222,87,57","171,39,252,184,247",4:214:2|4:7:1|4:15:1
ckpt_3400.pt,4,224,0.45798686146736145,0.07352219521999359,0.3685767650604248,"182,57,189,236,161","103,23,176,229,200",4:97:2|4:104:2|4:329:2
ckpt_3400.pt,4,225,0.5255934000015259,0.09012170881032944,0.432138592004776,"203,177,244,204,38","136,89,107,225,67",4:423:2|4:991:2|4:23:1
ckpt_3400.pt,4,226,0.496554434299469,0.09602536261081696,0.41417407989501953,"247,148,251,141,35","26,170,218,254,115",4:25:1|4:28:1|4:29:1
ckpt_3400.pt,4,227,0.4834190905094147,0.09296589344739914,0.4253670275211334,"27,10,111,163,208","4,144,177,155,208",4:21:2|4:100:2|4:25:1
ckpt_3400.pt,4,228,0.5028418302536011,0.10587902367115021,0.4188441336154938,"140,30,107,72,245","122,174,53,187,197",4:564:2|4:11:1|4:12:1
ckpt_3400.pt,4,229,0.5743776559829712,0.12327802926301956,0.45859265327453613,"79,184,89,61,124","223,156,215,204,146",4:131:2|4:188:2|4:604:2
ckpt_3400.pt,4,230,0.46249428391456604,0.08344551175832748,0.40169161558151245,"110,189,199,128,169","177,204,115,151,193",4:463:2|4:804:2|4:4:1
ckpt_3400.pt,4,231,0.525408923625946,0.0881703794002533,0.42034009099006653,"69,141,241,29,85","243,73,179,172,66",4:84:2|4:717:2|4:876:2
ckpt_3400.pt,4,232,0.4001636505126953,0.08614448457956314,0.37274202704429626,"168,252,85,44,48","121,25,15,106,94",4:755:2|4:6:1|4:8:1
ckpt_3400.pt,4,233,0.5603323578834534,0.0894574224948883,0.45368877053260803,"135,179,36,255,252","253,76,59,198,25",4:381:2|4:601:2|4:927:2
ckpt_3400.pt,4,234,0.5089592933654785,0.09182828664779663,0.43610554933547974,"157,212,209,176,221","21,252,165,3,237",4:91:2|4:254:2|4:23:1
ckpt_3400.pt,4,235,0.5427922010421753,0.10040324926376343,0.4421151280403137,"62,152,245,235,118","107,22,224,140,53",4:306:2|4:355:2|4:564:2
ckpt_3400.pt,4,236,0.5188688635826111,0.10290005803108215,0.4162648022174835,"191,81,131,132,215","220,252,242,218,250",4:244:2|4:358:2|4:491:2
ckpt_3400.pt,4,237,0.5262838006019592,0.08015735447406769,0.46025964617729187,"73,27,198,250,183","208,7,163,136,18",4:60:2|4:67:2|4:486:2
ckpt_3400.pt,4,238,0.5483729243278503,0.11248798668384552,0.4569084644317627,"232,5,80,116,24","157,21,144,62,22",4:166:2|4:583:2|4:959:2
ckpt_3400.pt,4,239,0.5139315128326416,0.09177016466856003,0.47148892283439636,"245,71,149,239,154","137,136,169,239,231",4:92:2|4:451:2|4:502:2
ckpt_3400.pt,4,240,0.49723780155181885,0.0777263417840004,0.40299955010414124,"163,210,39,84,194","218,125,116,21,245",4:411:3|4:85:2|4:222:2
ckpt_3400.pt,4,241,0.4849027991294861,0.10750503093004227,0.43248599767684937,"39,47,0,153,1","163,253,214,47,43",4:161:2|4:218:2|4:810:2
ckpt_3400.pt,4,242,0.6025018095970154,0.10636750608682632,0.47680094838142395,"218,103,71,246,161","232,227,206,146,193",4:217:2|4:668:2|4:747:2
ckpt_3400.pt,4,243,0.5412111282348633,0.1081102043390274,0.4213653802871704,"130,142,124,86,99","140,124,37,57,236",4:160:3|4:598:2|4:19:1
ckpt_3400.pt,4,244,0.5371754169464111,0.12114425003528595,0.4294796288013458,"81,67,131,227,130","20,229,26,253,61",4:236:2|4:32:1|4:47:1
ckpt_3400.pt,4,245,0.5439227223396301,0.13066405057907104,0.4279508888721466,"179,117,100,66,30","249,106,244,23,94",4:73:2|4:276:2|4:756:2
ckpt_3400.pt,4,246,0.4774499237537384,0.10443755239248276,0.41782400012016296,"20,168,120,22,228","3,113,167,135,99",4:555:2|4:916:2|4:0:1
ckpt_3400.pt,4,247,0.5626428723335266,0.10519800335168839,0.4418743848800659,"127,89,28,176,174","252,90,211,217,87",4:209:2|4:16:1|4:32:1
ckpt_3400.pt,4,248,0.49933066964149475,0.10752884298563004,0.4475004971027374,"84,137,134,104,239","159,215,142,44,61",4:26:2|4:34:2|4:411:2
ckpt_3400.pt,4,249,0.4805479347705841,0.10540777444839478,0.3985964357852936,"117,99,71,141,182","245,106,149,120,246",4:349:2|4:598:2|4:877:2
ckpt_3400.pt,4,250,0.42901691794395447,0.08810296654701233,0.3918723464012146,"114,176,210,181,9","170,190,188,54,12",4:94:2|4:120:2|4:372:2
ckpt_3400.pt,4,251,0.4897167384624481,0.09212943911552429,0.4187493324279785,"167,250,213,113,166","238,153,141,1,3",4:488:2|4:689:2|4:16:1
ckpt_3400.pt,4,252,0.501328706741333,0.0886545181274414,0.4293197691440582,"241,62,116,113,81","115,33,60,117,238",4:414:2|4:24:1|4:47:1
ckpt_3400.pt,4,253,0.5262183547019958,0.09233610332012177,0.45316794514656067,"248,222,91,214,226","40,228,254,112,28",4:74:2|4:0:1|4:8:1
ckpt_3400.pt,4,254,0.534941554069519,0.09285850822925568,0.4581805467605591,"221,84,176,86,0","115,1,36,6,33",4:90:2|4:152:2|4:234:2
ckpt_3400.pt,4,255,0.5296845436096191,0.09198996424674988,0.4630890488624573,"218,163,233,221,48","90,134,84,6,115",4:100:2|4:342:2|4:653:2
ckpt_3400.pt,4,256,0.5398030281066895,0.1094341054558754,0.43963122367858887,"23,82,163,176,26","101,131,225,175,150",4:107:2|4:128:2|4:822:2
ckpt_3400.pt,4,257,0.521918535232544,0.11261811852455139,0.43727338314056396,"20,200,103,134,193","28,160,48,98,168",4:635:2|4:0:1|4:1:1
ckpt_3400.pt,4,258,0.5208818316459656,0.08626816421747208,0.4333770275115967,"48,138,112,165,231","33,73,177,235,188",4:33:2|4:175:2|4:628:2
ckpt_3400.pt,4,259,0.45155853033065796,0.0892338901758194,0.3883489668369293,"85,75,186,183,247","89,18,179,194,3",4:446:2|4:713:2|4:28:1
ckpt_3400.pt,4,260,0.5225332379341125,0.12261541932821274,0.4192088544368744,"122,104,71,166,87","213,51,86,34,49",4:214:2|4:2:1|4:16:1
ckpt_3400.pt,4,261,0.5604443550109863,0.09940583258867264,0.4497929811477661,"179,209,178,153,200","191,26,176,24,94",4:179:2|4:218:2|4:302:2
ckpt_3400.pt,4,262,0.5039610862731934,0.08262645453214645,0.44781577587127686,"21,166,207,170,186","209,57,153,126,20",4:797:2|4:16:1|4:27:1
ckpt_3400.pt,4,263,0.4985240399837494,0.09347093850374222,0.4365971088409424,"225,81,115,184,16","12,251,162,216,115",4:7:2|4:105:2|4:220:2
ckpt_3400.pt,4,264,0.5765299797058105,0.12210242450237274,0.4357273578643799,"224,250,85,251,112","90,162,129,151,242",4:855:2|4:26:1|4:33:1
ckpt_3400.pt,4,265,0.5127401947975159,0.1062362939119339,0.41568270325660706,"93,182,38,190,129","101,127,97,71,63",4:104:2|4:459:2|4:820:2
ckpt_3400.pt,4,266,0.5152425765991211,0.0968955010175705,0.42417067289352417,"109,27,216,231,232","13,210,88,102,123",4:212:2|4:705:2|4:752:2
ckpt_3400.pt,4,267,0.590438723564148,0.09878835082054138,0.4653630256652832,"175,184,63,167,204","54,146,172,210,164",4:702:2|4:851:2|4:868:2
ckpt_3400.pt,4,268,0.5211989283561707,0.08701399713754654,0.4263576865196228,"7,222,70,62,141","57,4,55,69,140",4:492:2|4:1:1|4:7:1
ckpt_3400.pt,4,269,0.4492122530937195,0.08638187497854233,0.4056571424007416,"41,55,214,28,247","6,165,103,191,12",4:317:2|4:387:2|4:521:2
ckpt_3400.pt,4,270,0.509597659111023,0.09877153486013412,0.42671456933021545,"223,21,117,130,61","223,251,190,120,61",4:373:2|4:642:2|4:806:2
ckpt_3400.pt,4,271,0.5103064179420471,0.09633085876703262,0.41210949420928955,"226,72,52,153,15","51,135,218,141,228",4:72:2|4:393:2|4:8:1
ckpt_3400.pt,4,272,0.5375566482543945,0.105239637196064,0.4621148407459259,"221,216,69,224,239","200,14,30,140,138",4:184:2|4:303:2|4:541:2
ckpt_3400.pt,4,273,0.5452684760093689,0.09508827328681946,0.4549625515937805,"84,160,14,56,70","116,217,77,26,127",4:152:2|4:162:2|4:660:2
ckpt_3400.pt,4,274,0.47626060247421265,0.08197370171546936,0.43468356132507324,"56,18,17,109,92","135,98,231,108,54",4:110:2|4:209:2|4:401:2
ckpt_3400.pt,4,275,0.5716058015823364,0.11055062711238861,0.4781782925128937,"152,47,201,244,31","248,184,216,255,91",4:460:2|4:956:2|4:0:1
ckpt_3400.pt,4,276,0.5555016398429871,0.1193743571639061,0.4888699948787689,"10,33,179,75,117","76,36,123,115,254",4:245:2|4:339:2|4:432:2
ckpt_3400.pt,4,277,0.5019894242286682,0.09747598320245743,0.4247557818889618,"52,213,28,194,7","9,73,28,153,107",4:38:2|4:525:2|4:658:2
ckpt_3400.pt,4,278,0.4582687020301819,0.09087229520082474,0.41039687395095825,"143,237,252,52,107","56,185,216,210,98",4:435:2|4:561:2|4:666:2
ckpt_3400.pt,4,279,0.5245767831802368,0.09148608148097992,0.432333767414093,"42,144,249,43,201","212,202,109,252,105",4:124:2|4:286:2|4:343:2
ckpt_3400.pt,4,280,0.5068330764770508,0.08695174008607864,0.4555248022079468,"236,232,201,102,96","171,59,170,187,75",4:166:2|4:174:2|4:943:2
ckpt_3400.pt,4,281,0.5345512628555298,0.11933567374944687,0.4500250518321991,"59,229,168,99,97","215,71,253,160,39",4:163:2|4:215:2|4:483:2
ckpt_3400.pt,4,282,0.4877863824367523,0.08913464099168777,0.4140400290489197,"244,154,232,76,13","150,51,186,235,9",4:961:2|4:17:1|4:23:1
ckpt_3400.pt,4,283,0.5366434454917908,0.0978957936167717,0.4349476099014282,"68,9,5,13,189","74,168,77,22,112",4:413:2|4:963:2|4:995:2
ckpt_3400.pt,4,284,0.5653131008148193,0.135056272149086,0.47068628668785095,"41,90,161,117,51","30,134,234,55,10",4:478:2|4:542:2|4:708:2
ckpt_3400.pt,4,285,0.48567497730255127,0.0877063199877739,0.39743220806121826,"99,15,82,180,9","0,60,136,10,225",4:435:2|4:792:2|4:13:1
ckpt_3400.pt,4,286,0.5911457538604736,0.11555542051792145,0.4641790986061096,"120,201,45,138,144","230,165,199,153,209",4:205:2|4:279:2|4:625:2
ckpt_3400.pt,4,287,0.5701753497123718,0.11227864027023315,0.4550949037075043,"82,223,64,239,72","52,74,101,57,89",4:298:2|4:744:2|4:18:1
ckpt_3400.pt,4,288,0.5113393068313599,0.08750519901514053,0.4335782527923584,"45,87,137,249,187","200,19,149,217,235",4:1:1|4:20:1|4:39:1
ckpt_3400.pt,4,289,0.524679958820343,0.10748530924320221,0.4259317219257355,"80,4,19,60,0","29,32,179,56,51",4:382:2|4:603:2|4:901:2
ckpt_3400.pt,4,290,0.5114453434944153,0.10980091243982315,0.4606603980064392,"7,181,67,3,255","10,223,150,212,24",4:527:2|4:789:2|4:897:2
ckpt_3400.pt,4,291,0.5158464908599854,0.10764465481042862,0.43303853273391724,"180,204,216,170,220","233,189,168,173,70",4:181:2|4:705:2|4:29:1
ckpt_3400.pt,4,292,0.5015333890914917,0.08495097607374191,0.4435650110244751,"40,93,42,30,90","130,23,9,26,12",4:60:2|4:602:2|4:8:1
ckpt_3400.pt,4,293,0.4843893349170685,0.09245312213897705,0.4152142405509949,"208,119,202,120,115","74,1,211,94,206",4:723:2|4:3:1|4:66:1
ckpt_3400.pt,4,294,0.48016613721847534,0.07472629100084305,0.39953553676605225,"81,93,231,118,50","105,30,129,63,21",4:628:2|4:683:2|4:33:1
ckpt_3400.pt,4,295,0.542727530002594,0.10567142069339752,0.4705316424369812,"67,98,33,45,83","190,198,118,234,151",4:81:2|4:603:2|4:10:1
ckpt_3400.pt,4,296,0.5018594861030579,0.13447633385658264,0.4227686822414398,"55,115,26,3,33","3,37,28,84,59",4:171:2|4:630:2|4:925:2
ckpt_3400.pt,4,297,0.5409635305404663,0.10037554800510406,0.43498992919921875,"65,21,191,45,239","227,149,83,168,91",4:898:3|4:189:2|4:298:2
ckpt_3400.pt,4,298,0.4953273832798004,0.11169975250959396,0.43420663475990295,"191,70,129,82,239","212,83,226,221,34",4:287:2|4:297:2|4:10:1
ckpt_3400.pt,4,299,0.5235651135444641,0.09188584238290787,0.45029687881469727,"149,51,30,57,177","163,178,51,109,45",4:192:2|4:351:2|4:782:2
ckpt_3400.pt,4,300,0.5287157297134399,0.09820673614740372,0.4245034456253052,"173,67,163,204,194","141,27,214,51,204",4:240:2|4:346:2|4:493:2
ckpt_3400.pt,4,301,0.5389639735221863,0.11503839492797852,0.4700486958026886,"237,152,239,213,140","243,130,219,240,197",4:604:2|4:883:2|4:4:1
ckpt_3400.pt,4,302,0.5248633027076721,0.10250704735517502,0.4634755253791809,"41,245,179,209,147","32,13,179,149,215",4:457:3|4:261:2|4:483:2
ckpt_3400.pt,4,303,0.49862921237945557,0.085688516497612,0.41347604990005493,"120,230,105,216,224","206,136,148,233,113",4:122:2|4:272:2|4:420:2
ckpt_3400.pt,4,304,0.5524876713752747,0.11173345893621445,0.46412718296051025,"82,54,134,4,143","3,234,124,10,41",4:966:2|4:24:1|4:50:1
ckpt_3400.pt,4,305,0.5148299932479858,0.09481330960988998,0.41349276900291443,"222,99,253,84,173","65,237,45,235,100",4:90:2|4:160:2|4:349:2
ckpt_3400.pt,4,306,0.585293710231781,0.10601463168859482,0.4610231816768646,"62,228,245,178,234","147,32,30,250,29",4:235:2|4:3:1|4:11:1
ckpt_3400.pt,4,307,0.5385844111442566,0.14511282742023468,0.47032779455184937,"194,133,143,53,65","241,71,127,6,132",4:199:2|4:504:2|4:814:2
ckpt_3400.pt,4,308,0.4538646340370178,0.08009877055883408,0.42966753244400024,"3,105,163,131,22","120,203,178,23,125",4:150:2|4:467:2|4:512:2
ckpt_3400.pt,4,309,0.5459396243095398,0.10085754841566086,0.43286827206611633,"194,30,224,44,160","231,113,35,83,224",4:636:2|4:820:2|4:2:1
ckpt_3400.pt,4,310,0.49443790316581726,0.08649290353059769,0.41174963116645813,"51,219,121,8,7","13,252,183,3,147",4:359:2|4:595:2|4:1018:2
ckpt_3400.pt,4,311,0.5340569615364075,0.11706952005624771,0.42928406596183777,"130,56,62,156,154","69,24,215,144,163",4:103:2|4:414:2|4:699:2
ckpt_3400.pt,4,312,0.5521214604377747,0.11122288554906845,0.4534050226211548,"233,139,207,164,2","233,93,39,191,124",4:989:2|4:11:1|4:18:1
ckpt_3400.pt,4,313,0.6002677083015442,0.12336307018995285,0.4743078947067261,"210,231,199,94,33","178,172,113,250,183",4:85:2|4:463:2|4:14:1
ckpt_3400.pt,4,314,0.5046557784080505,0.08462641388177872,0.4281023442745209,"20,155,50,161,226","172,91,145,153,108",4:1:2|4:981:2|4:0:1
ckpt_3400.pt,4,315,0.5948074460029602,0.11410190910100937,0.48396095633506775,"7,224,249,155,23","54,56,130,190,109",4:121:2|4:867:2|4:1:1
ckpt_3400.pt,4,316,0.5575491189956665,0.1130206286907196,0.44674602150917053,"79,199,211,100,11","51,62,168,171,21",4:487:2|4:5:1|4:22:1
ckpt_3400.pt,4,317,0.5488409399986267,0.1072966456413269,0.4511576294898987,"141,41,170,55,143","32,249,34,71,114",4:269:2|4:10:1|4:24:1
ckpt_3400.pt,4,318,0.5745092034339905,0.12122419476509094,0.4765212833881378,"227,179,154,87,46","23,95,12,194,110",4:468:2|4:502:2|4:862:2
ckpt_3400.pt,4,319,0.5245712399482727,0.0924958661198616,0.4540949761867523,"212,134,31,217,216","141,234,12,246,242",4:556:2|4:0:1|4:2:1
ckpt_3400.pt,4,320,0.5124980807304382,0.10152247548103333,0.42840299010276794,"65,81,140,101,66","86,198,0,181,226",4:47:2|4:410:2|4:0:1
ckpt_3400.pt,4,321,0.5629021525382996,0.10783051699399948,0.46755746006965637,"28,215,33,160,124","170,137,57,54,220",4:363:2|4:850:2|4:1019:2
ckpt_3400.pt,4,322,0.476671040058136,0.09764297306537628,0.4074038863182068,"55,151,121,56,50","216,117,232,79,165",4:610:2|4:11:1|4:34:1
ckpt_3400.pt,4,323,0.5111641883850098,0.0981983169913292,0.41432270407676697,"158,98,112,254,23","253,107,64,241,9",4:33:2|4:597:2|4:678:2
ckpt_3400.pt,4,324,0.5295007824897766,0.08471042662858963,0.4613974392414093,"157,59,82,179,236","135,47,151,23,46",4:876:2|4:12:1|4:18:1
ckpt_3400.pt,4,325,0.5755124092102051,0.10857585072517395,0.4598007798194885,"117,210,160,163,116","101,34,163,36,205",4:219:2|4:240:2|4:442:2
ckpt_3400.pt,4,326,0.5483322739601135,0.10943981260061264,0.4758570194244385,"133,161,80,18,210","228,106,121,232,1",4:210:2|4:662:2|4:761:2
ckpt_3400.pt,4,327,0.45370998978614807,0.09140048176050186,0.3842463195323944,"41,212,110,123,253","193,188,3,217,37",4:365:2|4:426:2|4:4:1
ckpt_3400.pt,4,328,0.49367907643318176,0.08627410978078842,0.4221159517765045,"43,237,81,235,30","87,230,78,33,236",4:344:2|4:47:1|4:58:1
ckpt_3400.pt,4,329,0.5458357334136963,0.12308390438556671,0.4231967031955719,"140,106,243,182,161","211,240,38,180,193",4:547:3|4:47:2|4:104:2
ckpt_3400.pt,4,330,0.5453566908836365,0.10182435810565948,0.4724508225917816,"171,37,27,241,136","255,33,241,18,147",4:221:2|4:665:2|4:812:2
ckpt_3400.pt,4,331,0.435651957988739,0.08399199694395065,0.41438648104667664,"11,42,235,86,22","158,252,2,27,149",4:344:2|4:351:2|4:711:2
ckpt_3400.pt,4,332,0.5457330942153931,0.1051873117685318,0.42564427852630615,"43,27,149,185,68","22,0,45,79,127",4:367:2|4:506:2|4:656:2
ckpt_3400.pt,4,333,0.4810926914215088,0.09780584275722504,0.4166131913661957,"214,185,71,101,167","143,71,43,166,120",4:490:2|4:838:2|4:965:2
ckpt_3400.pt,4,334,0.48274385929107666,0.10294660180807114,0.4147738218307495,"46,13,18,165,52","101,170,229,22,164",4:116:2|4:476:2|4:1:1
ckpt_3400.pt,4,335,0.44510868191719055,0.07859696447849274,0.39705002307891846,"248,153,196,102,90","6,174,154,107,108",4:466:2|4:542:2|4:544:2
ckpt_3400.pt,4,336,0.4788215458393097,0.08649997413158417,0.41789862513542175,"248,114,70,66,122","225,219,190,39,131",4:170:2|4:764:2|4:944:2
ckpt_3400.pt,4,337,0.5587376356124878,0.0939563438296318,0.4683316648006439,"58,190,117,249,48","214,207,20,215,162",4:806:2|4:884:2|4:968:2
ckpt_3400.pt,4,338,0.5347745418548584,0.10305379331111908,0.48623859882354736,"137,56,98,124,232","25,83,115,42,41",4:156:2|4:162:2|4:828:2
ckpt_3400.pt,4,339,0.45142117142677307,0.11426901072263718,0.3772055506706238,"75,74,187,220,117","149,202,229,25,179",4:276:2|4:1:1|4:3:1
ckpt_3400.pt,4,340,0.5880661010742188,0.12589095532894135,0.4617920219898224,"1,201,24,87,242","216,53,66,197,212",4:61:2|4:132:2|4:177:2
ckpt_3400.pt,4,341,0.509033739566803,0.09258236736059189,0.42330190539360046,"73,130,239,182,80","23,125,78,181,67",4:32:2|4:398:2|4:20:1
ckpt_3400.pt,4,342,0.5298845171928406,0.1025867834687233,0.4124230146408081,"221,65,233,28,73","25,205,122,136,55",4:60:2|4:255:2|4:381:2
ckpt_3400.pt,4,343,0.5371753573417664,0.14166943728923798,0.4448428153991699,"239,166,249,43,33","60,20,164,38,206",4:26:2|4:149:2|4:279:2
ckpt_3400.pt,4,344,0.5274032354354858,0.11039672791957855,0.4536111056804657,"235,10,17,22,43","203,66,68,138,133",4:157:2|4:328:2|4:331:2
ckpt_3400.pt,4,345,0.5135588645935059,0.09446057677268982,0.4526064991950989,"165,244,218,105,194","82,212,126,239,51",4:23:2|4:122:2|4:156:2
ckpt_3400.pt,4,346,0.5010300278663635,0.10572223365306854,0.42002201080322266,"21,194,39,67,89","235,199,13,194,108",4:240:2|4:300:2|4:449:2
ckpt_3400.pt,4,347,0.4828507602214813,0.09048094600439072,0.4050441086292267,"47,115,32,193,92","29,167,175,51,205",4:3:1|4:5:1|4:15:1
ckpt_3400.pt,4,348,0.5182749629020691,0.09812553972005844,0.42519238591194153,"245,185,230,198,131","14,120,35,54,208",4:486:2|4:980:2|4:4:1
ckpt_3400.pt,4,349,0.49543240666389465,0.11568867415189743,0.42332831025123596,"65,182,99,84,155","189,243,61,208,250",4:142:2|4:249:2|4:305:2
ckpt_3400.pt,4,350,0.5162508487701416,0.10519061237573624,0.453347772359848,"163,49,106,18,152","203,57,144,59,126",4:920:3|4:187:2|4:515:2
ckpt_3400.pt,4,351,0.5270422101020813,0.08842787891626358,0.4392527639865875,"86,149,11,64,177","66,138,34,117,162",4:299:2|4:331:2|4:711:2
ckpt_3400.pt,4,352,0.41597360372543335,0.07904847711324692,0.3664424419403076,"19,247,244,112,81","181,2,17,241,11",4:23:1|4:26:1|4:28:1
ckpt_3400.pt,4,353,0.589347779750824,0.12999701499938965,0.4639703631401062,"72,147,25,1,3","17,194,79,52,108",4:150:3|4:590:2|4:724:2
ckpt_3400.pt,4,354,0.4922439157962799,0.0984591618180275,0.40978389978408813,"79,195,207,223,63","54,241,10,77,149",4:737:2|4:781:2|4:1020:2
ckpt_3400.pt,4,355,0.5608299970626831,0.12294628471136093,0.445411741733551,"225,103,9,235,62","75,142,140,54,97",4:151:2|4:235:2|4:499:2
ckpt_3400.pt,4,356,0.5058543682098389,0.09244102984666824,0.41597363352775574,"63,214,227,174,123","229,178,3,26,76",4:96:2|4:425:2|4:710:2
ckpt_3400.pt,4,357,0.5025769472122192,0.10823378711938858,0.42896127700805664,"92,81,126,226,95","132,73,172,76,70",4:406:2|4:3:1|4:5:1
ckpt_3400.pt,4,358,0.4685731828212738,0.08312951028347015,0.41186782717704773,"191,81,212,194,225","104,159,195,217,82",4:119:2|4:236:2|4:263:2
ckpt_3400.pt,4,359,0.5324774980545044,0.14536483585834503,0.4345283508300781,"7,51,251,80,36","19,80,153,75,120",4:310:2|4:943:2|4:1018:2
ckpt_3400.pt,4,360,0.48366236686706543,0.10309704393148422,0.42254024744033813,"100,254,143,116,255","76,92,126,40,137",4:611:3|4:14:2|4:399:2
ckpt_3400.pt,4,361,0.4834182858467102,0.10134048014879227,0.4266900420188904,"84,96,247,253,218","223,125,90,94,167",4:90:2|4:305:2|4:695:2
ckpt_3400.pt,4,362,0.5280690789222717,0.10760445147752762,0.45146867632865906,"252,16,133,235,127","121,46,29,126,99",4:105:2|4:663:2|4:878:2
ckpt_3400.pt,4,363,0.611240565776825,0.1143600195646286,0.47609618306159973,"172,215,28,241,26","151,60,71,25,221",4:321:2|4:576:2|4:661:2
ckpt_3400.pt,4,364,0.46674028038978577,0.12507715821266174,0.41746681928634644,"49,76,64,173,210","103,205,52,60,145",4:8:1|4:14:1|4:16:1
ckpt_3400.pt,4,365,0.5563478469848633,0.12068790197372437,0.4576413035392761,"108,123,40,253,62","163,193,86,142,95",4:327:2|4:420:2|4:884:2
ckpt_3400.pt,4,366,0.5080494284629822,0.08001264184713364,0.44009968638420105,"77,13,10,235,173","204,206,182,70,62",4:344:2|4:17:1|4:59:1
ckpt_3400.pt,4,367,0.5224671959877014,0.10873162746429443,0.4539109170436859,"255,163,197,185,43","148,6,150,1,128",4:174:2|4:332:2|4:506:2
ckpt_3400.pt,4,368,0.4923006296157837,0.1041383370757103,0.4100834131240845,"5,145,233,196,231","183,198,225,122,41",4:413:2|4:904:2|4:18:1
ckpt_3400.pt,4,369,0.5474570393562317,0.08334033191204071,0.4370776414871216,"2,29,1,37,90","179,142,227,222,248",4:5:2|4:19:1|4:22:1
ckpt_3400.pt,4,370,0.5212081074714661,0.08906328678131104,0.42343011498451233,"66,15,147,156,173","189,75,107,93,203",4:31:2|4:507:2|4:514:2
ckpt_3400.pt,4,371,0.5209591388702393,0.09340865910053253,0.46609920263290405,"72,176,236,108,235","89,219,228,81,73",4:12:1|4:18:1|4:20:1
ckpt_3400.pt,4,372,0.5639683604240417,0.09645917266607285,0.47511744499206543,"114,9,28,71,105","140,187,139,163,158",4:94:2|4:250:2|4:444:2
ckpt_3400.pt,4,373,0.4552540183067322,0.07772157341241837,0.4248555600643158,"117,21,178,60,55","194,160,108,211,163",4:197:2|4:270:2|4:405:2
ckpt_3400.pt,4,374,0.4795933663845062,0.10066907852888107,0.37681546807289124,"176,101,24,202,51","252,234,21,15,118",4:90:2|4:524:2|4:765:2
ckpt_3400.pt,4,375,0.5472896099090576,0.12513697147369385,0.4400813579559326,"165,246,85,154,203","54,99,184,71,27",4:739:2|4:1:1|4:27:1
ckpt_3400.pt,4,376,0.509324848651886,0.08615407347679138,0.44023242592811584,"134,147,10,253,205","183,205,244,36,219",4:168:2|4:408:2|4:426:2
ckpt_3400.pt,4,377,0.5295389890670776,0.10088372975587845,0.48817315697669983,"199,154,217,122,136","81,150,122,52,42",4:565:2|4:568:2|4:998:2
ckpt_3400.pt,4,378,0.46388527750968933,0.0894223153591156,0.39976766705513,"156,229,217,30,55","254,163,250,245,71",4:405:2|4:2:1|4:18:1
ckpt_3400.pt,4,379,0.4364660382270813,0.0725257396697998,0.38791394233703613,"207,115,20,34,197","78,103,148,184,136",4:437:2|4:497:2|4:774:2
ckpt_3400.pt,4,380,0.4649950861930847,0.07748826593160629,0.40496504306793213,"14,17,218,63,121","142,29,63,175,99",4:667:2|4:7:1|4:11:1
ckpt_3400.pt,4,381,0.5284935235977173,0.08854678273200989,0.47335320711135864,"179,221,93,36,73","21,56,212,196,211",4:60:2|4:233:2|4:342:2
ckpt_3400.pt,4,382,0.5277160406112671,0.1015264093875885,0.46935778856277466,"50,99,106,60,80","191,107,176,64,127",4:289:2|4:501:2|4:834:2
ckpt_3400.pt,4,383,0.5753710865974426,0.12435786426067352,0.4486862123012543,"255,49,212,59,159","137,32,105,82,195",4:399:2|4:515:2|4:562:2
ckpt_3400.pt,4,384,0.4772412180900574,0.08091745525598526,0.37692368030548096,"62,237,64,151,129","179,70,3,84,218",4:795:2|4:10:1|4:15:1
ckpt_3400.pt,4,385,0.5384883284568787,0.10468567907810211,0.48071590065956116,"253,104,140,138,133","180,136,120,52,187",4:2:1|4:13:1|4:19:1
ckpt_3400.pt,4,386,0.5250192880630493,0.09937336295843124,0.41400498151779175,"181,244,245,124,120","242,182,63,111,203",4:500:2|4:523:2|4:723:2
ckpt_3400.pt,4,387,0.521371603012085,0.09344140440225601,0.4290924370288849,"207,28,133,178,41","155,213,99,117,9",4:77:2|4:173:2|4:269:2
ckpt_3400.pt,4,388,0.5519624948501587,0.09357933700084686,0.44567519426345825,"24,126,140,223,36","171,69,203,148,172",4:3:2|4:392:2|4:757:2
ckpt_3400.pt,4,389,0.43972378969192505,0.0781613290309906,0.432175874710083,"34,222,159,186,69","207,52,116,62,249",4:519:2|4:28:1|4:45:1
ckpt_3400.pt,4,390,0.5365839600563049,0.1064569503068924,0.4380393326282501,"86,134,101,3,68","252,66,90,1,115",4:171:2|4:5:1|4:39:1
ckpt_3400.pt,4,391,0.5070499777793884,0.11836538463830948,0.4364931285381317,"191,47,213,25,93","110,22,120,139,36",4:98:2|4:147:2|4:455:2
ckpt_3400.pt,4,392,0.49847444891929626,0.09936371445655823,0.4318413734436035,"128,223,102,36,166","139,11,223,138,36",4:388:2|4:3:1|4:12:1
ckpt_3400.pt,4,393,0.5049987435340881,0.08797895163297653,0.43794092535972595,"195,23,185,52,15","99,6,134,213,158",4:116:2|4:271:2|4:453:2
ckpt_3400.pt,4,394,0.5630983114242554,0.0906955674290657,0.49491453170776367,"31,210,9,250,41","10,201,229,95,52",4:250:2|4:569:2|4:716:2
ckpt_3400.pt,4,395,0.4765068590641022,0.08097255229949951,0.4163767695426941,"78,107,61,87,7","247,179,37,176,216",4:832:2|4:1:1|4:7:1
ckpt_3400.pt,4,396,0.5437543988227844,0.09493260085582733,0.45350542664527893,"106,10,133,26,116","214,13,181,252,85",4:64:2|4:712:2|4:885:2
ckpt_3400.pt,4,397,0.5318403244018555,0.09051328897476196,0.4484882056713104,"31,86,160,15,53","238,236,22,198,82",4:53:2|4:0:1|4:6:1
ckpt_3400.pt,4,398,0.5281192660331726,0.08798106014728546,0.41991278529167175,"218,182,104,80,194","76,180,113,121,106",4:2:2|4:341:2|4:345:2
ckpt_3400.pt,4,399,0.4638490676879883,0.09846121072769165,0.3792417049407959,"57,49,255,243,100","124,255,54,17,28",4:182:2|4:360:2|4:383:2
ckpt_3400.pt,4,400,0.5491121411323547,0.0958440825343132,0.43164199590682983,"158,59,139,93,178","202,9,170,147,112",4:11:1|4:43:1|4:69:1
ckpt_3400.pt,4,401,0.520113468170166,0.09341473132371902,0.43038514256477356,"30,8,96,56,18","77,146,198,8,201",4:110:2|4:274:2|4:816:2
ckpt_3400.pt,4,402,0.47232168912887573,0.07697572559118271,0.3911818265914917,"61,91,2,102,173","102,22,28,218,128",4:59:2|4:15:1|4:23:1
ckpt_3400.pt,4,403,0.47363418340682983,0.0842796191573143,0.4207378029823303,"11,161,185,46,143","96,216,143,43,108",4:159:2|4:440:2|4:447:2
ckpt_3400.pt,4,404,0.5016614198684692,0.09407947957515717,0.43319010734558105,"39,70,48,109,10","207,196,43,221,69",4:62:2|4:165:2|4:170:2
ckpt_3400.pt,4,405,0.5549402236938477,0.09443206340074539,0.474565327167511,"0,229,55,202,117","227,244,125,246,35",4:219:2|4:373:2|4:378:2
ckpt_3400.pt,4,406,0.5499598979949951,0.09569340199232101,0.45668452978134155,"196,243,226,92,234","219,55,149,68,16",4:422:3|4:357:2|4:584:2
ckpt_3400.pt,4,407,0.5615394115447998,0.10524359345436096,0.4756728708744049,"195,8,57,249,84","234,201,99,165,255",4:152:2|4:546:2|4:692:2
ckpt_3400.pt,4,408,0.4912198483943939,0.09596771001815796,0.4174877107143402,"56,44,10,134,140","247,15,0,120,88",4:376:2|4:599:2|4:35:1
ckpt_3400.pt,4,409,0.5157133340835571,0.10996057838201523,0.45203375816345215,"131,5,127,109,211","83,15,157,84,67",4:130:2|4:467:2|4:635:2
ckpt_3400.pt,4,410,0.5554496645927429,0.14243587851524353,0.4753972887992859,"20,11,179,140,101","60,212,75,101,155",4:320:2|4:484:2|4:770:2
ckpt_3400.pt,4,411,0.534152090549469,0.09059445559978485,0.4625474512577057,"137,119,84,194,210","239,95,134,226,55",4:240:3|4:85:2|4:90:2
ckpt_3400.pt,4,412,0.5680028200149536,0.10612186044454575,0.48423755168914795,"158,30,62,95,162","104,15,34,190,130",4:549:2|4:18:1|4:53:1
ckpt_3400.pt,4,413,0.5092607140541077,0.08375097811222076,0.46191972494125366,"196,198,5,89,13","15,56,202,19,244",4:67:2|4:283:2|4:368:2
ckpt_3400.pt,4,414,0.4304296374320984,0.08916524797677994,0.37919753789901733,"56,154,81,123,241","98,212,6,112,38",4:252:2|4:311:2|4:429:2
ckpt_3400.pt,4,415,0.5396130084991455,0.09935307502746582,0.4220181405544281,"46,12,132,118,9","150,155,171,179,167",4:975:2|4:13:1|4:21:1
ckpt_3400.pt,4,416,0.6078392863273621,0.12682053446769714,0.5033567547798157,"138,67,156,0,25","64,92,84,143,59",4:696:3|4:627:2|4:846:2
ckpt_3400.pt,4,417,0.5072784423828125,0.09853492677211761,0.4368835687637329,"255,116,20,73,178","37,142,51,137,34",4:360:2|4:779:2|4:0:1
ckpt_3400.pt,4,418,0.5964050889015198,0.11791909486055374,0.4415700435638428,"185,186,130,6,229","131,98,210,126,143",4:555:2|4:964:2|4:19:1
ckpt_3400.pt,4,419,0.5411016941070557,0.12330915033817291,0.4291146695613861,"69,142,92,168,112","199,33,191,93,233",4:66:2|4:424:2|4:513:2
ckpt_3400.pt,4,420,0.5642484426498413,0.12837760150432587,0.47622841596603394,"59,216,123,120,40","230,16,223,176,120",4:303:2|4:365:2|4:861:2
ckpt_3400.pt,4,421,0.5186228156089783,0.09467803686857224,0.41013363003730774,"29,242,54,180,196","219,33,118,240,197",4:158:2|4:477:2|4:849:2
ckpt_3400.pt,4,422,0.566673219203949,0.10276404023170471,0.42632290720939636,"243,120,196,159,226","134,236,219,112,195",4:406:3|4:74:2|4:584:2
ckpt_3400.pt,4,423,0.5508289337158203,0.11099421977996826,0.4562087953090668,"177,143,203,167,174","22,210,81,151,74",4:225:2|4:860:2|4:868:2
ckpt_3400.pt,4,424,0.4861133396625519,0.12662765383720398,0.4071698486804962,"92,180,98,27,142","58,44,24,142,191",4:419:2|4:5:1|4:10:1
ckpt_3400.pt,4,425,0.5254201292991638,0.09827502816915512,0.41321903467178345,"192,58,197,63,123","201,143,159,11,118",4:356:2|4:579:2|4:697:2
ckpt_3400.pt,4,426,0.44273167848587036,0.08510056138038635,0.40366992354393005,"4,110,253,71,147","59,87,76,62,51",4:327:2|4:376:2|4:691:2
ckpt_3400.pt,4,427,0.5132651925086975,0.10453592985868454,0.4422244429588318,"255,133,32,45,76","217,7,129,96,152",4:13:1|4:14:1|4:20:1
ckpt_3400.pt,4,428,0.5807366967201233,0.12131845951080322,0.4798653721809387,"216,52,115,234,112","170,127,36,223,78",4:3:2|4:220:2|4:17:1
ckpt_3400.pt,4,429,0.42533427476882935,0.10444383323192596,0.37571626901626587,"221,241,109,56,153","120,179,205,116,200",4:212:2|4:274:2|4:414:2
ckpt_3400.pt,4,430,0.5413358211517334,0.10018596798181534,0.46197813749313354,"214,230,219,197,36","23,130,137,41,156",4:714:2|4:785:2|4:3:1
ckpt_3400.pt,4,431,0.46774357557296753,0.091823048889637,0.39700406789779663,"39,177,116,16,31","196,105,233,66,137",4:450:2|4:652:2|4:0:1
ckpt_3400.pt,4,432,0.47687244415283203,0.09458489716053009,0.43389707803726196,"33,10,130,113,0","141,57,18,85,103",4:276:2|4:554:2|4:956:2
ckpt_3400.pt,4,433,0.5174583792686462,0.12900501489639282,0.41430139541625977,"141,163,239,36,118","168,104,72,80,36",4:3:1|4:12:1|4:21:1
ckpt_3400.pt,4,434,0.5282734036445618,0.09171611815690994,0.43295949697494507,"30,46,83,186,114","123,97,99,67,188",4:21:1|4:28:1|4:30:1
ckpt_3400.pt,4,435,0.5030909180641174,0.09780295938253403,0.4316047132015228,"99,237,9,52,2","191,185,86,20,240",4:278:2|4:285:2|4:505:2
ckpt_3400.pt,4,436,0.4514476954936981,0.07957359403371811,0.390006422996521,"95,254,53,50,136","77,128,21,162,212",4:503:2|4:549:2|4:629:2
ckpt_3400.pt,4,437,0.590429961681366,0.11408992111682892,0.48927953839302063,"207,1,113,189,197","190,31,81,41,233",4:50:2|4:379:2|4:737:2
ckpt_3400.pt,4,438,0.4432874023914337,0.1017267256975174,0.4001447260379791,"73,104,220,64,251","248,158,120,140,43",4:805:2|4:839:2|4:2:1
ckpt_3400.pt,4,439,0.5266224145889282,0.09734665602445602,0.4254365861415863,"144,168,208,244,151","129,112,154,233,171",4:533:2|4:618:2|4:808:2
ckpt_3400.pt,4,440,0.47661781311035156,0.0901106521487236,0.4064057171344757,"185,11,34,123,106","205,51,4,50,91",4:136:2|4:202:2|4:403:2
ckpt_3400.pt,4,441,0.46366214752197266,0.08832754194736481,0.39991265535354614,"7,228,85,238,126","43,19,155,39,92",4:1:1|4:3:1|4:7:1
ckpt_3400.pt,4,442,0.45360589027404785,0.08856002241373062,0.39748623967170715,"160,102,4,18,117","170,230,0,120,223",4:15:2|4:325:2|4:6:1
ckpt_3400.pt,4,443,0.5346179604530334,0.10688325762748718,0.461913526058197,"63,196,97,202,173","10,60,92,133,121",4:193:2|4:507:2|4:0:1
ckpt_3400.pt,4,444,0.5010886788368225,0.11519016325473785,0.41921547055244446,"162,49,9,216,114","27,52,252,157,49",4:94:2|4:250:2|4:372:2
ckpt_3400.pt,4,445,0.49880149960517883,0.09001436829566956,0.4143158495426178,"95,58,25,90,119","122,228,183,50,58",4:819:2|4:1017:2|4:7:1
ckpt_3400.pt,4,446,0.5522249341011047,0.11130189150571823,0.4687369167804718,"183,75,210,182,83","238,218,26,141,196",4:56:2|4:87:2|4:259:2
ckpt_3400.pt,4,447,0.5772731900215149,0.1284470111131668,0.48903027176856995,"130,244,143,115,11","7,121,70,114,15",4:403:2|4:619:2|4:3:1
ckpt_3400.pt,4,448,0.5350014567375183,0.112338125705719,0.458431214094162,"149,82,139,147,92","76,147,16,208,232",4:636:2|4:5:1|4:11:1
ckpt_3400.pt,4,449,0.533248245716095,0.09202993661165237,0.42682403326034546,"158,88,67,87,89","49,204,0,241,82",4:61:2|4:346:2|4:12:1
ckpt_3400.pt,4,450,0.5049663186073303,0.11540448665618896,0.4226212203502655,"103,31,155,214,177","163,64,55,234,37",4:431:2|4:783:2|4:0:1
ckpt_3400.pt,4,451,0.46917250752449036,0.08285944163799286,0.41683027148246765,"200,149,137,145,245","34,69,156,71,237",4:239:2|4:606:2|4:11:1
ckpt_3400.pt,4,452,0.6453232169151306,0.1270420402288437,0.5022305250167847,"49,91,193,215,95","73,101,35,21,154",4:30:2|4:787:2|4:920:2
ckpt_3400.pt,4,453,0.5072034597396851,0.094312883913517,0.44772613048553467,"195,52,67,102,197","71,97,87,89,22",4:117:2|4:393:2|4:531:2
ckpt_3400.pt,4,454,0.47078174352645874,0.08885347843170166,0.4105560779571533,"92,96,140,118,225","208,53,169,27,75",4:507:2|4:683:2|4:5:1
ckpt_3400.pt,4,455,0.5355139374732971,0.12007629126310349,0.46040791273117065,"100,233,213,255,191","147,25,255,100,30",4:106:2|4:360:2|4:391:2
ckpt_3400.pt,4,456,0.5770133137702942,0.10558890551328659,0.42518141865730286,"84,40,106,147,244","163,154,37,40,171",4:643:2|4:695:2|4:819:2
ckpt_3400.pt,4,457,0.5217270255088806,0.09170177578926086,0.43553465604782104,"41,0,179,209,244","224,69,159,183,202",4:302:3|4:261:2|4:533:2
ckpt_3400.pt,4,458,0.5276070833206177,0.09314984828233719,0.43445298075675964,"27,215,85,67,56","65,45,4,172,216",4:110:2|4:543:2|4:610:2
ckpt_3400.pt,4,459,0.6012856364250183,0.1252540796995163,0.4695238471031189,"129,190,10,192,36","151,78,129,69,223",4:265:2|4:534:2|4:738:2
ckpt_3400.pt,4,460,0.5748499631881714,0.11299785226583481,0.4374271631240845,"140,47,244,93,240","166,197,242,92,255",4:275:2|4:391:2|4:810:2
ckpt_3400.pt,4,461,0.5214192271232605,0.08747082203626633,0.4306033253669739,"167,118,19,145,61","171,195,148,255,12",4:502:2|4:865:2|4:20:1
ckpt_3400.pt,4,462,0.5275059938430786,0.11645086109638214,0.4507617652416229,"19,191,220,201,36","99,226,225,127,11",4:82:2|4:133:2|4:169:2
ckpt_3400.pt,4,463,0.549277663230896,0.1106770932674408,0.4666116535663605,"33,108,76,110,199","243,9,88,179,32",4:190:2|4:230:2|4:313:2
ckpt_3400.pt,4,464,0.4995006322860718,0.08861374855041504,0.4356887638568878,"106,167,76,33,181","18,25,160,208,190",4:26:2|4:463:2|4:495:2
ckpt_3400.pt,4,465,0.5252562761306763,0.09643641114234924,0.4620448052883148,"91,117,105,170,129","253,240,120,204,30",4:598:2|4:798:2|4:10:1
ckpt_3400.pt,4,466,0.49498435854911804,0.09460136294364929,0.4295859634876251,"196,41,73,153,114","199,74,149,61,233",4:335:2|4:10:1|4:20:1
ckpt_3400.pt,4,467,0.5394846200942993,0.10989298671483994,0.4655569791793823,"211,156,22,4,131","220,194,43,59,153",4:308:2|4:409:2|4:635:2
ckpt_3400.pt,4,468,0.5156789422035217,0.09589069336652756,0.4638158082962036,"87,149,227,52,204","227,223,243,248,215",4:318:2|4:585:2|4:851:2
ckpt_3400.pt,4,469,0.5297993421554565,0.09676691889762878,0.45908069610595703,"237,190,137,216,229","253,23,79,13,182",4:91:2|4:2:1|4:21:1
ckpt_3400.pt,4,470,0.5658372044563293,0.0953640565276146,0.47885367274284363,"237,12,222,231,35","177,6,71,196,136",4:33:1|4:39:1|4:58:1
ckpt_3400.pt,4,471,0.5599656105041504,0.0937926322221756,0.4450673460960388,"144,191,226,64,176","174,53,168,5,167",4:206:2|4:567:2|4:8:1
ckpt_3400.pt,4,472,0.5606332421302795,0.10600131005048752,0.4442417621612549,"189,150,181,149,203","69,143,244,61,25",4:120:2|4:840:2|4:10:1
ckpt_3400.pt,4,473,0.5486792922019958,0.0871347188949585,0.46963706612586975,"133,200,204,110,237","167,204,187,11,151",4:1022:2|4:4:1|4:9:1
ckpt_3400.pt,4,474,0.5076304078102112,0.10148745775222778,0.4274289011955261,"96,158,189,61,211","244,218,247,40,124",4:80:2|4:131:2|4:5:1
ckpt_3400.pt,4,475,0.52125483751297,0.09542646259069443,0.4531460702419281,"226,254,174,231,186","33,197,67,100,110",4:33:3|4:39:2|4:175:2
ckpt_3400.pt,4,476,0.5310266017913818,0.09902867674827576,0.4444678723812103,"160,165,57,127,46","165,143,111,168,28",4:15:2|4:152:2|4:334:2
ckpt_3400.pt,4,477,0.5133989453315735,0.11199260503053665,0.444175124168396,"144,82,196,29,162","87,13,48,153,133",4:421:2|4:511:2|4:616:2
ckpt_3400.pt,4,478,0.47403278946876526,0.09190411120653152,0.3872411847114563,"90,22,161,35,152","59,25,225,82,169",4:284:2|4:542:2|4:1:1
ckpt_3400.pt,4,479,0.4918760657310486,0.10626547783613205,0.4276629686355591,"35,168,210,157,28","149,41,216,239,168",4:123:2|4:830:2|4:859:2
ckpt_3400.pt,4,480,0.5478665828704834,0.11588454991579056,0.45800718665122986,"180,186,100,41,13","123,63,252,76,170",4:45:2|4:10:1|4:17:1
ckpt_3400.pt,4,481,0.44387683272361755,0.07394383102655411,0.38024482131004333,"205,189,39,8,99","205,165,8,89,151",4:704:2|4:706:2|4:22:1
ckpt_3400.pt,4,482,0.4431191384792328,0.07892373204231262,0.40838897228240967,"141,236,231,151,1","92,68,210,133,135",4:83:2|4:161:2|4:204:2
ckpt_3400.pt,4,483,0.4823313057422638,0.09530927985906601,0.43369174003601074,"99,147,97,22,209","38,190,75,116,132",4:281:2|4:302:2|4:946:2
ckpt_3400.pt,4,484,0.47805318236351013,0.08686310052871704,0.4096987247467041,"70,251,23,140,11","255,204,69,0,178",4:410:2|4:748:2|4:770:2
ckpt_3400.pt,4,485,0.5046879053115845,0.07885380834341049,0.41005194187164307,"22,157,242,2,175","218,12,53,54,59",4:688:2|4:936:2|4:11:1
ckpt_3400.pt,4,486,0.5608823299407959,0.10132339596748352,0.46220633387565613,"131,198,99,30,27","14,69,13,125,149",4:67:2|4:237:2|4:348:2
ckpt_3400.pt,4,487,0.5470119714736938,0.11154311895370483,0.472477525472641,"12,211,147,79,217","25,28,251,171,131",4:93:2|4:164:2|4:191:2
ckpt_3400.pt,4,488,0.5337399244308472,0.11155949532985687,0.44580283761024475,"167,224,3,84,113","185,141,154,18,215",4:251:2|4:940:2|4:4:1
ckpt_3400.pt,4,489,0.496344655752182,0.07550867646932602,0.4206623435020447,"26,209,197,135,17","158,21,198,80,79",4:531:2|4:563:2|4:16:1
ckpt_3400.pt,4,490,0.575183093547821,0.09805537760257721,0.4545519948005676,"167,90,121,136,214","55,118,52,37,221",4:333:2|4:11:1|4:20:1
ckpt_3400.pt,4,491,0.5836018323898315,0.1413283348083496,0.4815950393676758,"231,179,132,191,77","194,202,60,14,181",4:236:2|4:801:2|4:18:1
ckpt_3400.pt,4,492,0.5117732286453247,0.09861000627279282,0.4782632887363434,"133,220,222,109,70","251,206,116,15,61",4:268:2|4:404:2|4:705:2
ckpt_3400.pt,4,493,0.5274247527122498,0.10032640397548676,0.47663918137550354,"67,252,226,204,150","220,139,187,225,169",4:49:2|4:300:2|4:1015:2
ckpt_3400.pt,4,494,0.5760493278503418,0.11963725090026855,0.48988789319992065,"191,1,128,131,236","107,131,166,240,207",4:83:2|4:143:2|4:161:2
ckpt_3400.pt,4,495,0.5668182969093323,0.11844553798437119,0.49272945523262024,"107,33,88,112,167","149,143,137,138,77",4:26:3|4:12:2|4:69:2
ckpt_3400.pt,4,496,0.4609718322753906,0.08559120446443558,0.40016695857048035,"135,5,20,137,202","134,105,219,213,114",4:67:2|4:645:2|4:0:1
ckpt_3400.pt,4,497,0.569819986820221,0.13880838453769684,0.4833580553531647,"28,20,207,173,244","28,87,142,44,9",4:77:2|4:379:2|4:387:2
ckpt_3400.pt,4,498,0.48002809286117554,0.12276457995176315,0.4151054620742798,"57,29,105,20,169","154,119,2,132,61",4:19:2|4:717:2|4:916:2
ckpt_3400.pt,4,499,0.5540036559104919,0.11182357370853424,0.46763014793395996,"225,172,156,184,235","233,194,18,108,175",4:7:2|4:263:2|4:355:2
ckpt_3400.pt,4,500,0.5082248449325562,0.09655927866697311,0.4363037943840027,"199,143,124,245,159","35,180,237,171,2",4:74:2|4:92:2|4:386:2
ckpt_3400.pt,4,501,0.5040908455848694,0.13164597749710083,0.42417383193969727,"179,89,50,60,218","242,96,82,154,54",4:382:2|4:910:2|4:13:1
ckpt_3400.pt,4,502,0.4268515110015869,0.09288159757852554,0.3532317578792572,"179,19,245,167,154","45,82,104,212,56",4:89:2|4:239:2|4:302:2
ckpt_3400.pt,4,503,0.5425357222557068,0.08917833864688873,0.45177212357521057,"47,112,50,120,136","167,32,232,137,116",4:54:2|4:98:2|4:436:2
ckpt_3400.pt,4,504,0.4804878532886505,0.08286909759044647,0.4147360920906067,"103,143,253,53,146","249,135,152,171,69",4:307:2|4:557:2|4:739:2
ckpt_3400.pt,4,505,0.5057761073112488,0.10733754932880402,0.41590920090675354,"14,2,66,195,237","43,206,9,251,226",4:435:2|4:1002:2|4:1020:2
ckpt_3400.pt,4,506,0.5092500448226929,0.1006002202630043,0.4399896562099457,"17,185,89,43,188","165,7,3,219,127",4:332:2|4:344:2|4:367:2
ckpt_3400.pt,4,507,0.4941613972187042,0.09016094356775284,0.40413278341293335,"97,173,140,15,92","219,48,141,115,206",4:193:2|4:370:2|4:443:2
ckpt_3400.pt,4,508,0.5127704739570618,0.10252454876899719,0.4344690442085266,"187,167,245,67,15","236,45,128,224,12",4:502:2|4:1:1|4:11:1
ckpt_3400.pt,4,509,0.5671247839927673,0.10508677363395691,0.456902414560318,"40,174,134,85,33","121,143,248,56,235",4:905:2|4:8:1|4:20:1
ckpt_3400.pt,4,510,0.5279380083084106,0.096574567258358,0.45007312297821045,"8,165,142,185,133","255,146,59,206,25",4:662:2|4:972:2|4:1:1
ckpt_3400.pt,4,511,0.5368282794952393,0.1013333797454834,0.4487852454185486,"107,210,134,162,29","29,63,119,12,170",4:84:2|4:477:2|4:631:2
ckpt_3400.pt,4,512,0.5653699040412903,0.11165407299995422,0.5160443186759949,"159,109,22,75,3","1,248,203,75,135",4:74:2|4:92:2|4:308:2
ckpt_3400.pt,4,513,0.4931928813457489,0.07831089198589325,0.42399904131889343,"163,113,168,69,134","236,134,105,0,98",4:134:2|4:419:2|4:21:1
ckpt_3400.pt,4,514,0.558861255645752,0.10775244981050491,0.49265238642692566,"66,93,115,15,233","134,174,201,96,61",4:370:2|4:522:2|4:623:2
ckpt_3400.pt,4,515,0.5161639451980591,0.10567823052406311,0.44986090064048767,"255,106,141,121,49","201,47,156,124,29",4:350:2|4:383:2|4:399:2
ckpt_3400.pt,4,516,0.5394909381866455,0.08327865600585938,0.43948885798454285,"216,116,105,2,79","247,107,17,59,35",4:303:2|4:811:2|4:912:2
ckpt_3400.pt,4,517,0.5384401082992554,0.09562140703201294,0.4270399808883667,"185,249,40,14,223","180,168,247,160,234",4:75:2|4:158:2|4:643:2
ckpt_3400.pt,4,518,0.5348091125488281,0.09111849963665009,0.4346628487110138,"20,191,61,219,69","71,38,78,178,12",4:0:1|4:1:1|4:4:1
ckpt_3400.pt,4,519,0.4299033582210541,0.08025278151035309,0.3803219795227051,"175,25,69,59,222","123,157,171,65,53",4:389:2|4:586:2|4:846:2
ckpt_3400.pt,4,520,0.5108485221862793,0.08721145987510681,0.462729275226593,"114,100,27,182,227","82,222,144,58,97",4:585:2|4:611:2|4:967:2
ckpt_3400.pt,4,521,0.5041033625602722,0.08790906518697739,0.4525476098060608,"156,28,41,162,65","169,79,230,188,153",4:113:2|4:203:2|4:269:2
ckpt_3400.pt,4,522,0.4859333038330078,0.08337995409965515,0.4044265151023865,"233,177,15,197,243","97,143,185,86,234",4:514:2|4:991:2|4:18:1
ckpt_3400.pt,4,523,0.4632592797279358,0.08852885663509369,0.3874324560165405,"47,161,120,245,199","85,165,232,42,169",4:948:3|4:386:2|4:500:2
ckpt_3400.pt,4,524,0.5000844597816467,0.10703206062316895,0.4238247573375702,"19,51,24,234,210","176,226,69,51,191",4:374:2|4:559:2|4:634:2
ckpt_3400.pt,4,525,0.5824471116065979,0.12667681276798248,0.4740663766860962,"215,52,69,194,167","93,101,222,179,171",4:134:2|4:197:2|4:277:2
ckpt_3400.pt,4,526,0.5457383394241333,0.09352890402078629,0.42750284075737,"151,140,49,120,164","25,215,113,80,76",4:183:2|4:581:2|4:8:1
ckpt_3400.pt,4,527,0.49301695823669434,0.08905482292175293,0.41799604892730713,"46,255,70,101,67","155,162,24,183,184",4:290:2|4:724:2|4:734:2
ckpt_3400.pt,4,528,0.534228503704071,0.10116782784461975,0.42969921231269836,"200,156,17,214,159","148,167,184,105,17",4:992:2|4:17:1|4:18:1
ckpt_3400.pt,4,529,0.5232809782028198,0.11908648908138275,0.43245023488998413,"162,174,7,147,135","204,13,238,205,117",4:31:2|4:570:2|4:573:2
ckpt_3400.pt,4,530,0.4927179217338562,0.09621899574995041,0.4302319884300232,"227,32,126,91,18","177,170,152,91,55",4:620:2|4:3:1|4:48:1
ckpt_3400.pt,4,531,0.5333365201950073,0.09920068830251694,0.4761696755886078,"102,250,47,197,17","123,26,167,179,210",4:15:2|4:453:2|4:489:2
ckpt_3400.pt,4,532,0.6223676204681396,0.11801686137914658,0.49540024995803833,"40,191,210,177,22","244,182,197,54,13",4:8:1|4:11:1|4:14:1
ckpt_3400.pt,4,533,0.474584698677063,0.0886046290397644,0.4545418322086334,"78,168,244,191,0","40,98,130,163,56",4:439:2|4:457:2|4:618:2
ckpt_3400.pt,4,534,0.6038142442703247,0.10982047766447067,0.4673008918762207,"179,190,10,212,171","141,217,5,45,27",4:170:2|4:276:2|4:459:2
ckpt_3400.pt,4,535,0.5062510967254639,0.12042848765850067,0.4271222949028015,"254,62,182,147,105","231,230,38,105,128",4:27:2|4:574:2|4:1011:2
ckpt_3400.pt,4,536,0.5261059403419495,0.09074829518795013,0.450927734375,"16,20,89,126,143","182,1,25,47,214",4:51:2|4:707:2|4:771:2
ckpt_3400.pt,4,537,0.5429151654243469,0.12429376691579819,0.43259766697883606,"206,251,66,164,163","80,211,142,139,17",4:178:2|4:944:2|4:21:1
ckpt_3400.pt,4,538,0.573991060256958,0.09842920303344727,0.4886903464794159,"248,221,187,46,54","210,209,172,41,7",4:200:2|4:545:2|4:659:2
ckpt_3400.pt,4,539,0.5761157274246216,0.09484847635030746,0.4574209451675415,"12,113,126,129,195","192,205,254,7,30",4:856:2|4:2:1|4:3:1
ckpt_3400.pt,4,540,0.5207898020744324,0.10232634842395782,0.43353840708732605,"97,225,180,154,78","207,149,28,72,226",4:193:2|4:827:2|4:847:2
ckpt_3400.pt,4,541,0.5064734816551208,0.1042330265045166,0.43703606724739075,"221,69,234,39,53","49,69,200,17,8",4:272:2|4:733:2|4:955:2
ckpt_3400.pt,4,542,0.5756136178970337,0.12417060136795044,0.4542052447795868,"102,115,90,161,186","93,124,64,167,22",4:97:2|4:284:2|4:335:2
ckpt_3400.pt,4,543,0.511381983757019,0.10174496471881866,0.4385063052177429,"71,231,123,215,56","157,97,27,178,46",4:414:2|4:458:2|4:33:1
ckpt_3400.pt,4,544,0.4657455384731293,0.09678027778863907,0.4005090594291687,"248,49,90,105,236","194,132,46,70,52",4:335:2|4:850:2|4:0:1
ckpt_3400.pt,4,545,0.569546639919281,0.1023038700222969,0.4641561210155487,"224,168,187,46,235","188,169,247,232,190",4:538:2|4:724:2|4:734:2
ckpt_3400.pt,4,546,0.4900955557823181,0.09028178453445435,0.41836923360824585,"219,109,102,249,57","216,248,15,110,203",4:15:2|4:407:2|4:25:1
ckpt_3400.pt,4,547,0.5196128487586975,0.09261217713356018,0.42354580760002136,"140,230,206,182,106","69,195,199,36,201",4:329:3|4:32:2|4:47:2
ckpt_3400.pt,4,548,0.5934290289878845,0.09672846645116806,0.47560039162635803,"57,216,156,165,151","172,222,131,215,147",4:97:2|4:476:2|4:597:2
ckpt_3400.pt,4,549,0.6036534309387207,0.1334487646818161,0.5161855220794678,"164,62,95,50,148","230,94,87,232,253",4:412:2|4:436:2|4:910:2
ckpt_3400.pt,4,550,0.4928308129310608,0.10888127237558365,0.4185127317905426,"77,24,48,83,240","142,234,194,190,235",4:165:2|4:950:2|4:6:1
ckpt_3400.pt,4,551,0.5107858777046204,0.106076180934906,0.4830753803253174,"90,216,48,45,106","31,158,242,85,43",4:644:2|4:6:1|4:8:1
ckpt_3400.pt,4,552,0.5567625164985657,0.08778300881385803,0.48226287961006165,"107,120,128,16,53","188,190,105,39,97",4:788:2|4:12:1|4:37:1
ckpt_3400.pt,4,553,0.5349958539009094,0.08535440266132355,0.47534114122390747,"157,18,248,112,14","252,26,118,218,217",4:144:2|4:907:2|4:0:1
ckpt_3400.pt,4,554,0.5319954752922058,0.0880679115653038,0.4608583450317383,"248,10,113,124,143","57,137,58,178,169",4:24:2|4:62:2|4:170:2
ckpt_3400.pt,4,555,0.5869629383087158,0.11991459876298904,0.4698295593261719,"153,120,6,186,168","196,164,61,32,255",4:246:2|4:418:2|4:784:2
ckpt_3400.pt,4,556,0.50086510181427,0.09713825583457947,0.4286766052246094,"138,134,102,28,31","42,115,114,147,128",4:176:2|4:319:2|4:830:2
ckpt_3400.pt,4,557,0.5952257513999939,0.11595933884382248,0.47222405672073364,"143,106,223,175,103","225,34,71,171,130",4:129:2|4:504:2|4:12:1
ckpt_3400.pt,4,558,0.5967573523521423,0.09754332154989243,0.4882411062717438,"22,28,55,205,83","203,200,75,79,67",4:209:2|4:269:2|4:11:1
ckpt_3400.pt,4,559,0.5584035515785217,0.09823635965585709,0.45228227972984314,"210,229,195,151,234","5,189,191,86,71",4:524:2|4:634:2|4:762:2
ckpt_3400.pt,4,560,0.5780529379844666,0.11337396502494812,0.45519065856933594,"242,163,225,182,195","134,135,162,49,4",4:177:2|4:856:2|4:1008:2
ckpt_3400.pt,4,561,0.48759496212005615,0.08006713539361954,0.4426574110984802,"252,245,237,243,212","50,61,94,255,201",4:278:2|4:11:1|4:30:1
ckpt_3400.pt,4,562,0.5773806571960449,0.10872968286275864,0.45345205068588257,"159,99,212,236,24","67,251,218,254,110",4:142:2|4:383:2|4:12:1
ckpt_3400.pt,4,563,0.45704904198646545,0.08430059254169464,0.4106999337673187,"101,135,18,17,211","179,253,205,29,75",4:5:2|4:274:2|4:489:2
ckpt_3400.pt,4,564,0.5481559038162231,0.10546388477087021,0.4562772214412689,"227,72,245,118,220","19,99,235,5,18",4:228:2|4:235:2|4:923:2
ckpt_3400.pt,4,565,0.4786708354949951,0.10933608561754227,0.39617398381233215,"16,155,154,199,44","183,144,15,145,221",4:377:2|4:998:2|4:22:1
ckpt_3400.pt,4,566,0.5142163038253784,0.10051923245191574,0.44986459612846375,"198,81,71,154,42","112,137,107,13,76",4:239:2|4:414:2|4:919:2
ckpt_3400.pt,4,567,0.5087620615959167,0.08890640735626221,0.42439764738082886,"144,191,243,66,145","169,231,85,146,73",4:80:2|4:471:2|4:886:2
ckpt_3400.pt,4,568,0.5661362409591675,0.11315073817968369,0.48597922921180725,"62,48,209,136,122","28,5,240,220,142",4:137:2|4:377:2|4:6:1
ckpt_3400.pt,4,569,0.5366693139076233,0.09871046990156174,0.4503125548362732,"159,76,41,31,183","226,181,7,134,86",4:202:2|4:394:2|4:742:2
ckpt_3400.pt,4,570,0.5118993520736694,0.08477549999952316,0.4388217031955719,"154,123,7,39,147","128,38,226,210,161",4:31:2|4:185:2|4:414:2
ckpt_3400.pt,4,571,0.520612895488739,0.09353689104318619,0.4655980169773102,"9,174,87,207,243","203,65,157,221,208",4:995:2|4:13:1|4:27:1
ckpt_3400.pt,4,572,0.5484897494316101,0.10611192882061005,0.4286312758922577,"59,208,230,134,196","62,147,91,41,171",4:43:1|4:70:1|4:102:1
ckpt_3400.pt,4,573,0.5258985757827759,0.09376562386751175,0.47738757729530334,"238,142,135,162,198","123,140,28,117,229",4:529:2|4:4:1|4:16:1
ckpt_3400.pt,4,574,0.48931488394737244,0.09163884073495865,0.4104013442993164,"175,254,180,230,182","73,44,79,48,30",4:535:2|4:547:2|4:661:2
ckpt_3400.pt,4,575,0.5362762808799744,0.104469433426857,0.4195825159549713,"104,86,231,52,89","244,238,140,180,136",4:39:2|4:664:2|4:703:2
ckpt_3400.pt,4,576,0.5005913376808167,0.09397336095571518,0.39790332317352295,"241,205,165,26,38","11,60,64,255,85",4:363:2|4:630:2|4:1:1
ckpt_3400.pt,4,577,0.5369755029678345,0.09991493076086044,0.43527159094810486,"109,42,103,162,147","255,224,123,155,61",4:529:2|4:25:1|4:27:1
ckpt_3400.pt,4,578,0.5235339999198914,0.0963825061917305,0.44693484902381897,"36,253,90,234,116","21,201,28,88,191",4:3:2|4:962:2|4:12:1
ckpt_3400.pt,4,579,0.5242615938186646,0.0851801261305809,0.4391045868396759,"197,129,59,63,23","76,95,160,204,136",4:425:2|4:632:2|4:818:2
ckpt_3400.pt,4,580,0.5409592390060425,0.10222484916448593,0.45374464988708496,"133,29,79,5,46","1,139,167,225,127",4:761:3|4:719:2|4:876:2
ckpt_3400.pt,4,581,0.5619388222694397,0.10609854757785797,0.4773964285850525,"116,99,120,49,207","52,152,231,24,127",4:526:2|4:957:2|4:8:1
ckpt_3400.pt,4,582,0.5189780592918396,0.089131198823452,0.43952932953834534,"137,112,15,123,173","30,124,80,72,31",4:370:2|4:507:2|4:684:2
ckpt_3400.pt,4,583,0.5365734696388245,0.09504784643650055,0.46980616450309753,"171,185,30,24,116","239,171,218,80,64",4:238:2|4:9:1|4:19:1
ckpt_3400.pt,4,584,0.6086559891700745,0.13071726262569427,0.4873778522014618,"196,243,47,20,6","221,86,0,186,138",4:34:2|4:58:2|4:406:2
ckpt_3400.pt,4,585,0.5621856451034546,0.10781034082174301,0.47938939929008484,"52,182,232,134,227","113,220,149,161,72",4:174:2|4:468:2|4:520:2
ckpt_3400.pt,4,586,0.47401002049446106,0.10264161229133606,0.405451238155365,"111,213,222,206,25","57,196,46,212,40",4:391:2|4:519:2|4:8:1
ckpt_3400.pt,4,587,0.4944904148578644,0.10089848935604095,0.4221278727054596,"159,160,21,174,115","110,89,220,40,30",4:65:2|4:189:2|4:3:1
ckpt_3400.pt,4,588,0.4819529056549072,0.08799150586128235,0.3998032808303833,"10,43,127,254,48","235,16,68,164,23",4:62:2|4:175:2|4:344:2
ckpt_3400.pt,4,589,0.5322456359863281,0.08599355816841125,0.4296356439590454,"32,182,158,207,219","80,227,185,66,170",4:27:2|4:821:2|4:29:1
ckpt_3400.pt,4,590,0.5735187530517578,0.10751941055059433,0.46366217732429504,"65,147,60,25,122","201,104,196,23,131",4:199:2|4:353:2|4:779:2
ckpt_3400.pt,4,591,0.5058038234710693,0.1083979532122612,0.4469214677810669,"163,210,119,12,228","149,164,103,228,102",4:240:2|4:325:2|4:411:2
ckpt_3400.pt,4,592,0.4989506006240845,0.09607947617769241,0.43288761377334595,"227,89,230,51,73","234,66,79,224,38",4:703:2|4:708:2|4:1018:2
ckpt_3400.pt,4,593,0.4599125385284424,0.07652094960212708,0.38056880235671997,"5,234,106,97,123","95,133,215,193,158",4:157:2|4:440:2|4:601:2
ckpt_3400.pt,4,594,0.5101684927940369,0.0867072343826294,0.3980045020580292,"160,76,243,37,219","23,5,31,226,86",4:609:3|4:714:2|4:5:1
ckpt_3400.pt,4,595,0.5379312634468079,0.0953444316983223,0.4417959451675415,"47,99,51,222,219","118,51,147,4,211",4:58:2|4:146:2|4:305:2
ckpt_3400.pt,4,596,0.4902288019657135,0.07907512038946152,0.393948495388031,"188,57,168,126,62","61,48,231,150,138",4:65:2|4:66:2|4:805:2
ckpt_3400.pt,4,597,0.5495076179504395,0.09712988138198853,0.4605568051338196,"98,165,151,40,158","155,89,11,77,219",4:162:2|4:323:2|4:548:2
ckpt_3400.pt,4,598,0.5315964818000793,0.09095852822065353,0.4685254395008087,"105,86,117,126,99","148,56,44,123,242",4:160:2|4:211:2|4:243:2
ckpt_3400.pt,4,599,0.4934486746788025,0.09645626693964005,0.40954622626304626,"56,202,93,134,65","56,44,102,20,99",4:408:2|4:940:2|4:0:1
ckpt_3400.pt,4,600,0.6014747619628906,0.1536925882101059,0.4745349884033203,"40,127,66,187,63","54,121,63,240,220",4:897:2|4:1:1|4:8:1
ckpt_3400.pt,4,601,0.5061408877372742,0.108246810734272,0.4403360188007355,"106,179,5,41,252","104,11,71,33,5",4:157:2|4:202:2|4:233:2
ckpt_3400.pt,4,602,0.5045649409294128,0.0880035012960434,0.4499301612377167,"7,30,93,37,159","206,138,61,42,204",4:292:2|4:605:2|4:742:2
ckpt_3400.pt,4,603,0.5003959536552429,0.09840741008520126,0.42010435461997986,"45,33,4,227,80","220,222,84,83,14",4:71:2|4:289:2|4:295:2
ckpt_3400.pt,4,604,0.4895102083683014,0.12163729220628738,0.4059310853481293,"89,237,248,124,152","24,20,87,68,221",4:229:2|4:301:2|4:554:2
ckpt_3400.pt,4,605,0.5211828351020813,0.08217758685350418,0.461748868227005,"248,225,7,30,153","45,193,232,25,75",4:7:2|4:335:2|4:602:2
ckpt_3400.pt,4,606,0.564668595790863,0.1100352555513382,0.47940126061439514,"219,245,200,101,21","194,49,210,199,55",4:451:2|4:768:2|4:869:2
ckpt_3400.pt,4,607,0.5807482004165649,0.09828819334506989,0.4951857030391693,"110,206,83,38,124","141,56,43,27,53",4:4:1|4:9:1|4:19:1
ckpt_3400.pt,4,608,0.5208066701889038,0.09672586619853973,0.46026816964149475,"191,90,3,206,190","127,114,184,253,51",4:2:1|4:32:1|4:36:1
ckpt_3400.pt,4,609,0.53993821144104,0.09263187646865845,0.4630236029624939,"243,160,219,186,148","6,150,206,187,179",4:594:3|4:714:2|4:6:1
ckpt_3400.pt,4,610,0.4651428461074829,0.09875233471393585,0.40137138962745667,"85,182,142,151,56","243,73,111,223,204",4:110:2|4:139:2|4:322:2
ckpt_3400.pt,4,611,0.45485350489616394,0.11482850462198257,0.38856473565101624,"248,100,143,255,27","32,214,16,182,114",4:360:3|4:399:2|4:455:2
ckpt_3400.pt,4,612,0.5804727673530579,0.10625813901424408,0.4885587692260742,"199,152,13,113,200","215,13,176,28,158",4:17:2|4:24:2|4:4:1
ckpt_3400.pt,4,613,0.46361762285232544,0.0778815820813179,0.41010814905166626,"253,101,232,10,186","6,254,175,27,56",4:376:2|4:674:2|4:857:2
ckpt_3400.pt,4,614,0.42046865820884705,0.07268095761537552,0.38595858216285706,"6,106,228,208,128","234,34,161,10,104",4:624:2|4:12:1|4:34:1
ckpt_3400.pt,4,615,0.45444366335868835,0.08938854932785034,0.39347657561302185,"120,196,26,117,60","182,105,152,33,202",4:373:2|4:422:2|4:776:2
ckpt_3400.pt,4,616,0.4523794949054718,0.09734746813774109,0.390550822019577,"52,196,162,169,76","175,124,25,240,31",4:477:2|4:19:1|4:25:1
ckpt_3400.pt,4,617,0.5398211479187012,0.10395701974630356,0.4608859419822693,"132,102,172,123,86","54,144,83,181,187",4:55:2|4:15:1|4:35:1
ckpt_3400.pt,4,618,0.585506796836853,0.11541836708784103,0.47991347312927246,"168,244,226,179,199","202,21,84,253,46",4:439:2|4:457:2|4:533:2
ckpt_3400.pt,4,619,0.4645078182220459,0.07731132209300995,0.4205838441848755,"18,143,5,190,115","97,96,121,216,180",4:447:2|4:995:2|4:1023:2
ckpt_3400.pt,4,620,0.5028020739555359,0.08974527567625046,0.4432339072227478,"46,223,32,17,91","115,194,71,111,75",4:530:2|4:21:1|4:30:1
ckpt_3400.pt,4,621,0.4425176680088043,0.1245519295334816,0.37275049090385437,"188,183,147,119,73","199,210,246,147,75",4:66:2|4:138:2|4:237:2
ckpt_3400.pt,4,622,0.48996928334236145,0.09655656665563583,0.4354828894138336,"229,220,120,241,184","22,167,178,90,255",4:764:2|4:7:1|4:14:1
ckpt_3400.pt,4,623,0.4367367625236511,0.08530326187610626,0.3781322240829468,"109,77,115,233,126","142,123,99,20,255",4:3:2|4:119:2|4:514:2
ckpt_3400.pt,4,624,0.5633796453475952,0.12363861501216888,0.43808409571647644,"6,228,192,121,216","186,254,79,26,31",4:57:2|4:614:2|4:935:2
ckpt_3400.pt,4,625,0.5639272928237915,0.13601775467395782,0.4509804844856262,"120,138,227,235,146","42,10,232,17,49",4:205:2|4:286:2|4:990:2
ckpt_3400.pt,4,626,0.4052864611148834,0.07114274054765701,0.3719789981842041,"15,6,250,114,205","232,107,94,9,79",4:43:2|4:22:1|4:28:1
ckpt_3400.pt,4,627,0.5735942125320435,0.11633149534463882,0.4682168662548065,"156,185,67,161,29","229,129,52,12,167",4:19:2|4:403:2|4:416:2
ckpt_3400.pt,4,628,0.552751362323761,0.09606260806322098,0.4468277096748352,"6,118,112,231,83","117,57,19,207,39",4:33:2|4:258:2|4:294:2
ckpt_3400.pt,4,629,0.5140402913093567,0.09172995388507843,0.4243617355823517,"166,53,50,63,29","48,148,198,99,155",4:436:2|4:710:2|4:1012:2
ckpt_3400.pt,4,630,0.4926382005214691,0.09717986732721329,0.41492578387260437,"26,115,224,205,138","49,214,56,191,146",4:296:2|4:576:2|4:1009:2
ckpt_3400.pt,4,631,0.5321519374847412,0.09658792614936829,0.4376335144042969,"216,29,107,56,60","232,230,7,252,53",4:181:2|4:511:2|4:1012:2
ckpt_3400.pt,4,632,0.5339499115943909,0.11469060927629471,0.4521487057209015,"147,32,36,23,63","160,195,75,71,154",4:579:2|4:748:2|4:818:2
ckpt_3400.pt,4,633,0.4387252926826477,0.07964973151683807,0.41081443428993225,"16,86,223,248,109","123,96,4,105,64",4:137:2|4:207:2|4:652:2
ckpt_3400.pt,4,634,0.4756210148334503,0.10483403503894806,0.42635655403137207,"165,210,151,115,24","252,17,203,51,200",4:524:2|4:548:2|4:559:2
ckpt_3400.pt,4,635,0.5034394264221191,0.08385662734508514,0.38960903882980347,"200,54,131,211,20","227,202,229,36,214",4:257:2|4:409:2|4:467:2
ckpt_3400.pt,4,636,0.49474161863327026,0.08466589450836182,0.43021562695503235,"198,147,194,160,139","31,90,22,47,226",4:309:2|4:448:2|4:820:2
ckpt_3400.pt,4,637,0.5301693677902222,0.09399760514497757,0.4250022768974304,"160,125,168,61,247","231,107,11,23,241",4:766:2|4:824:2|4:6:1
ckpt_3400.pt,4,638,0.5428103804588318,0.08668889105319977,0.47597748041152954,"154,160,212,189,109","177,120,63,19,3",4:89:2|4:131:2|4:195:2
ckpt_3400.pt,4,639,0.48345115780830383,0.09660356491804123,0.4296588897705078,"10,246,25,31,245","189,132,166,171,61",4:0:1|4:8:1|4:10:1
ckpt_3400.pt,4,640,0.5783669948577881,0.10142833739519119,0.47623133659362793,"55,61,34,23,138","182,148,11,231,23",4:840:2|4:23:1|4:34:1
ckpt_3400.pt,4,641,0.5032461881637573,0.09037435054779053,0.4343467950820923,"131,254,45,141,144","222,54,57,144,21",4:83:2|4:286:2|4:713:2
ckpt_3400.pt,4,642,0.47373855113983154,0.09764460474252701,0.4019031226634979,"123,223,117,9,211","222,29,130,115,136",4:130:2|4:270:2|4:647:2
ckpt_3400.pt,4,643,0.5655611157417297,0.1159445121884346,0.4593682587146759,"84,40,223,80,54","169,232,98,172,83",4:129:2|4:158:2|4:456:2
ckpt_3400.pt,4,644,0.4948761761188507,0.10572679340839386,0.4215344488620758,"90,21,48,255,226","184,152,85,39,78",4:8:2|4:190:2|4:551:2
ckpt_3400.pt,4,645,0.4827752411365509,0.10623697191476822,0.40405037999153137,"105,150,5,135,235","35,105,127,172,112",4:496:2|4:960:2|4:10:1
ckpt_3400.pt,4,646,0.4361671805381775,0.08530422300100327,0.40676653385162354,"167,198,92,188,29","198,231,96,7,111",4:5:2|4:4:1|4:19:1
ckpt_3400.pt,4,647,0.5088661909103394,0.11235220730304718,0.4339614808559418,"37,106,169,9,117","91,47,54,169,250",4:642:2|4:749:2|4:5:1
ckpt_3400.pt,4,648,0.5090409517288208,0.09815750271081924,0.4180684983730316,"72,131,196,49,53","4,110,184,231,132",4:72:2|4:102:2|4:182:2
ckpt_3400.pt,4,649,0.48064351081848145,0.08070037513971329,0.3995542526245117,"4,13,191,237,208","10,143,207,159,212",4:804:2|4:896:2|4:942:2
ckpt_3400.pt,4,650,0.4959281384944916,0.09564253687858582,0.4085005223751068,"235,66,109,178,246","35,147,159,168,240",4:25:1|4:27:1|4:31:1
ckpt_3400.pt,4,651,0.575080931186676,0.1458951234817505,0.4692850410938263,"207,78,110,131,179","5,65,66,236,90",4:72:2|4:4:1|4:9:1
ckpt_3400.pt,4,652,0.6089931130409241,0.10455811768770218,0.4967557489871979,"213,16,116,109,95","171,89,29,82,31",4:212:2|4:431:2|4:633:2
ckpt_3400.pt,4,653,0.47371017932891846,0.09519392997026443,0.41629672050476074,"174,218,213,15,48","55,246,75,108,243",4:41:2|4:255:2|4:6:1
ckpt_3400.pt,4,654,0.592676043510437,0.11012843251228333,0.513485312461853,"195,152,104,248,25","192,104,21,182,90",4:2:2|4:604:2|4:0:1
ckpt_3400.pt,4,655,0.4971555769443512,0.11169622093439102,0.4409559667110443,"19,204,171,230,231","175,198,74,49,80",4:688:2|4:719:2|4:9:1
ckpt_3400.pt,4,656,0.5808109641075134,0.11564178019762039,0.4695044457912445,"50,105,43,221,149","194,135,167,220,199",4:23:2|4:332:2|4:937:2
ckpt_3400.pt,4,657,0.4810270667076111,0.10170461237430573,0.4018312990665436,"214,171,10,49,139","130,179,12,237,45",4:534:2|4:979:2|4:8:1
ckpt_3400.pt,4,658,0.577041745185852,0.10679630190134048,0.4882189929485321,"52,194,236,164,8","57,60,100,217,179",4:48:2|4:277:2|4:525:2
ckpt_3400.pt,4,659,0.5197883248329163,0.10323221236467361,0.4478432834148407,"248,240,100,54,125","104,209,45,115,29",4:538:2|4:611:2|4:966:2
ckpt_3400.pt,4,660,0.43747368454933167,0.08237629383802414,0.389615535736084,"48,53,56,152,84","52,114,93,209,196",4:4:2|4:273:2|4:733:2
ckpt_3400.pt,4,661,0.5480642318725586,0.12163224816322327,0.4334466755390167,"26,215,230,114,254","201,58,234,204,150",4:94:2|4:363:2|4:574:2
ckpt_3400.pt,4,662,0.48662683367729187,0.07630480825901031,0.4244999885559082,"174,161,133,185,2","146,121,230,143,209",4:210:2|4:326:2|4:403:2
ckpt_3400.pt,4,663,0.4807291626930237,0.08099168539047241,0.4068787693977356,"142,47,252,127,95","96,186,252,157,219",4:362:2|4:878:2|4:15:1
ckpt_3400.pt,4,664,0.5204291939735413,0.0987054854631424,0.4389626681804657,"52,229,89,63,225","85,215,61,111,84",4:220:2|4:575:2|4:762:2
ckpt_3400.pt,4,665,0.59381103515625,0.08815474808216095,0.4706602096557617,"171,118,136,246,17","68,87,169,233,242",4:221:2|4:330:2|4:923:2
ckpt_3400.pt,4,666,0.5477514266967773,0.10892348736524582,0.4697469472885132,"227,107,11,223,252","192,130,48,166,5",4:129:2|4:178:2|4:278:2
ckpt_3400.pt,4,667,0.558205783367157,0.1083775982260704,0.4591197669506073,"248,63,17,3,111","244,250,89,219,41",4:144:2|4:380:2|4:1019:2
ckpt_3400.pt,4,668,0.49155503511428833,0.0713546946644783,0.44967958331108093,"238,169,103,183,161","253,7,119,244,29",4:242:2|4:1:1|4:19:1
ckpt_3400.pt,4,669,0.5125506520271301,0.0957285687327385,0.4311142563819885,"171,199,234,163,114","30,136,128,219,105",4:725:2|4:750:2|4:764:2
ckpt_3400.pt,4,670,0.546110212802887,0.12156397104263306,0.44960615038871765,"231,131,2,7,147","201,53,170,189,85",4:31:2|4:529:2|4:570:2
ckpt_3400.pt,4,671,0.6433500647544861,0.10865498334169388,0.4708787202835083,"91,142,111,202,68","207,222,206,142,18",4:25:1|4:57:1|4:74:1
ckpt_3400.pt,4,672,0.44925981760025024,0.08477255702018738,0.38349148631095886,"18,175,251,65,74","192,71,180,194,116",4:880:2|4:0:1|4:3:1
ckpt_3400.pt,4,673,0.5190175771713257,0.1169351190328598,0.4571111500263214,"163,52,170,248,47","73,243,97,25,212",4:219:2|4:851:2|4:982:2
ckpt_3400.pt,4,674,0.5204693675041199,0.09661851078271866,0.43510034680366516,"249,15,186,253,255","163,249,11,155,42",4:106:2|4:613:2|4:713:2
ckpt_3400.pt,4,675,0.5874134302139282,0.11560766398906708,0.5140126943588257,"73,45,236,247,142","204,161,104,52,167",4:20:2|4:57:2|4:843:2
ckpt_3400.pt,4,676,0.559235692024231,0.11462638527154922,0.49202510714530945,"110,173,201,209,39","1,107,165,179,162",4:4:1|4:9:1|4:59:1
ckpt_3400.pt,4,677,0.5465753674507141,0.09937179088592529,0.44941237568855286,"226,80,241,103,10","139,218,27,227,104",4:732:2|4:877:2|4:8:1
ckpt_3400.pt,4,678,0.5314496159553528,0.10887709259986877,0.42060932517051697,"14,239,98,220,158","90,192,229,86,111",4:99:2|4:162:2|4:323:2
ckpt_3400.pt,4,679,0.5151501297950745,0.1212504655122757,0.43141046166419983,"166,82,95,209,181","230,39,141,188,134",4:179:2|4:16:1|4:18:1
ckpt_3400.pt,4,680,0.5044848918914795,0.10680516809225082,0.4345734119415283,"147,240,231,193,126","219,3,254,17,61",4:670:2|4:3:1|4:27:1
ckpt_3400.pt,4,681,0.5016993284225464,0.09763922542333603,0.40037664771080017,"221,215,144,115,122","84,171,118,77,46",4:3:1|4:13:1|4:23:1
ckpt_3400.pt,4,682,0.45813918113708496,0.08571750670671463,0.40379467606544495,"83,180,39,158,157","91,194,139,73,82",4:39:1|4:52:1|4:56:1
ckpt_3400.pt,4,683,0.5175914764404297,0.09959309548139572,0.47158870100975037,"231,118,219,74,92","154,157,6,239,45",4:294:2|4:454:2|4:628:2
ckpt_3400.pt,4,684,0.4627842903137207,0.09072165936231613,0.400932252407074,"89,226,112,137,238","77,221,8,217,58",4:33:2|4:39:2|4:582:2
ckpt_3400.pt,4,685,0.46182283759117126,0.07352565228939056,0.4266190528869629,"24,211,213,34,210","117,188,229,78,102",4:524:2|4:634:2|4:5:1
ckpt_3400.pt,4,686,0.4535338580608368,0.0860314816236496,0.4069407284259796,"102,243,11,85,17","190,45,71,135,162",4:531:2|4:15:1|4:34:1
ckpt_3400.pt,4,687,0.44232767820358276,0.08303853869438171,0.3957674503326416,"38,89,119,255,96","80,167,221,114,144",4:174:2|4:841:2|4:1017:2
ckpt_3400.pt,4,688,0.5345473289489746,0.0842498242855072,0.45061546564102173,"171,19,194,157,242","161,48,190,249,63",4:9:2|4:485:2|4:655:2
ckpt_3400.pt,4,689,0.612438976764679,0.10020501911640167,0.5040504932403564,"17,166,213,64,145","60,225,112,111,25",4:147:2|4:206:2|4:251:2
ckpt_3400.pt,4,690,0.5187909603118896,0.11412935703992844,0.418719619512558,"12,73,27,23,60","94,165,194,206,40",4:779:3|4:237:2|4:881:2
ckpt_3400.pt,4,691,0.49430665373802185,0.08975058048963547,0.4106186628341675,"44,71,253,245,144","148,174,121,172,236",4:92:2|4:239:2|4:426:2
ckpt_3400.pt,4,692,0.5548785328865051,0.10449859499931335,0.4337518811225891,"84,108,220,128,195","228,118,90,139,17",4:152:2|4:155:2|4:169:2
ckpt_3400.pt,4,693,0.4829506278038025,0.07783767580986023,0.40301215648651123,"162,83,145,85,222","192,68,104,0,130",4:81:2|4:25:1|4:56:1
ckpt_3400.pt,4,694,0.561129629611969,0.11598066985607147,0.4809262454509735,"51,195,249,61,47","143,127,118,59,113",4:147:2|4:407:2|4:595:2
ckpt_3400.pt,4,695,0.5161741971969604,0.0961473360657692,0.459993451833725,"84,218,20,244,7","121,203,81,67,43",4:1:2|4:4:2|4:345:2
ckpt_3400.pt,4,696,0.5570547580718994,0.10062181204557419,0.4812649190425873,"156,21,25,67,99","231,159,14,107,83",4:416:3|4:346:2|4:627:2
ckpt_3400.pt,4,697,0.439811110496521,0.08573632687330246,0.41956451535224915,"123,197,234,157,51","78,165,22,188,229",4:425:2|4:524:2|4:593:2
ckpt_3400.pt,4,698,0.511710524559021,0.10664485394954681,0.42457103729248047,"53,158,228,179,122","104,129,206,102,0",4:18:1|4:45:1|4:46:1
ckpt_3400.pt,4,699,0.5925647020339966,0.09936429560184479,0.45829033851623535,"62,130,35,145,127","12,52,29,136,61",4:32:2|4:311:2|4:889:2
ckpt_3400.pt,4,700,0.47168654203414917,0.08417109400033951,0.4296402633190155,"130,43,112,69,5","101,50,60,242,218",4:157:2|4:419:2|4:26:1
ckpt_3400.pt,4,701,0.5144649744033813,0.1027153879404068,0.4262036085128784,"184,219,151,125,10","249,53,56,48,80",4:7:1|4:14:1|4:56:1
ckpt_3400.pt,4,702,0.5360701084136963,0.12478527426719666,0.4293038249015808,"184,247,175,206,99","78,130,244,248,163",4:36:2|4:267:2|4:775:2
ckpt_3400.pt,4,703,0.5217732191085815,0.10603615641593933,0.4561845064163208,"115,86,230,27,89","143,75,20,56,45",4:575:2|4:592:2|4:924:2
ckpt_3400.pt,4,704,0.5060415863990784,0.0995144248008728,0.4161931872367859,"198,78,99,17,39","114,159,194,97,153",4:146:2|4:481:2|4:486:2
ckpt_3400.pt,4,705,0.49900949001312256,0.10292163491249084,0.4235336482524872,"109,216,39,220,175","249,145,20,3,234",4:181:2|4:266:2|4:291:2
ckpt_3400.pt,4,706,0.44290250539779663,0.08800949156284332,0.3929571807384491,"205,108,8,223,90","183,1,91,0,11",4:481:2|4:22:1|4:35:1
ckpt_3400.pt,4,707,0.5146524906158447,0.09587068110704422,0.4490695893764496,"89,126,163,6,33","33,252,40,161,230",4:61:2|4:536:2|4:3:1
ckpt_3400.pt,4,708,0.5559889078140259,0.10269220173358917,0.462190181016922,"88,230,51,47,41","32,81,39,90,21",4:284:2|4:592:2|4:595:2
ckpt_3400.pt,4,709,0.5085092782974243,0.09036463499069214,0.43999555706977844,"152,125,117,29,183","58,197,143,228,154",4:756:2|4:4:1|4:5:1
ckpt_3400.pt,4,710,0.49856042861938477,0.09601088613271713,0.41611143946647644,"63,227,140,29,217","131,22,174,150,110",4:356:2|4:629:2|4:1010:2
ckpt_3400.pt,4,711,0.4755154848098755,0.09453298151493073,0.40919384360313416,"86,9,69,11,231","245,239,143,95,36",4:39:2|4:53:2|4:331:2
ckpt_3400.pt,4,712,0.5829797387123108,0.1013425961136818,0.46679016947746277,"44,221,198,106,116","202,141,211,188,104",4:202:2|4:212:2|4:396:2
ckpt_3400.pt,4,713,0.5235058069229126,0.11611349880695343,0.40852099657058716,"45,186,144,85,15","183,117,158,114,89",4:81:2|4:259:2|4:286:2
ckpt_3400.pt,4,714,0.5747953653335571,0.1454666703939438,0.49670809507369995,"160,219,214,140,105","235,241,130,46,53",4:430:2|4:594:2|4:609:2
ckpt_3400.pt,4,715,0.5142192244529724,0.10592377930879593,0.42063695192337036,"188,47,113,237,185","141,150,156,71,244",4:58:2|4:138:2|4:186:2
ckpt_3400.pt,4,716,0.4619905352592468,0.07948564738035202,0.44186583161354065,"16,243,250,41,137","122,42,214,105,221",4:394:2|4:718:2|4:984:2
ckpt_3400.pt,4,717,0.4372481405735016,0.10052409023046494,0.3690758943557739,"29,20,245,210,85","136,123,119,140,195",4:84:2|4:231:2|4:498:2
ckpt_3400.pt,4,718,0.42288172245025635,0.08318481594324112,0.3767654597759247,"50,249,16,195,41","91,115,19,29,200",4:117:2|4:207:2|4:407:2
ckpt_3400.pt,4,719,0.41916394233703613,0.07337340712547302,0.380338191986084,"29,133,171,230,39","56,61,107,12,204",4:580:2|4:655:2|4:761:2
ckpt_3400.pt,4,720,0.42983585596084595,0.08772024512290955,0.3790780007839203,"179,102,217,186,241","141,113,232,17,29",4:542:2|4:784:2|4:873:2
ckpt_3400.pt,4,721,0.5541218519210815,0.09796985983848572,0.4572255611419678,"128,211,214,81,18","49,195,132,148,248",4:563:2|4:788:2|4:5:1
ckpt_3400.pt,4,722,0.46040424704551697,0.10400056838989258,0.38622668385505676,"228,71,16,211,105","99,119,136,138,252",4:372:2|4:1011:2|4:5:1
ckpt_3400.pt,4,723,0.4495779573917389,0.09182237833738327,0.40967857837677,"18,120,245,130,208","141,112,44,226,248",4:188:2|4:293:2|4:386:2
ckpt_3400.pt,4,724,0.6260100603103638,0.15498098731040955,0.47395697236061096,"1,224,101,147,46","147,182,18,214,141",4:734:3|4:86:2|4:353:2
ckpt_3400.pt,4,725,0.5533835887908936,0.11477939784526825,0.5061802864074707,"185,163,37,234,148","118,23,153,193,240",4:367:2|4:669:2|4:974:2
ckpt_3400.pt,4,726,0.5563229918479919,0.09697861969470978,0.4703957736492157,"164,8,180,47,55","173,47,111,228,46",4:112:2|4:658:2|4:760:2
ckpt_3400.pt,4,727,0.48242729902267456,0.07440284639596939,0.4077244997024536,"66,147,196,154,168","68,48,31,223,161",4:31:2|4:370:2|4:570:2
ckpt_3400.pt,4,728,0.5120355486869812,0.11963576823472977,0.4413863718509674,"86,196,211,223,38","76,238,159,136,235",4:130:2|4:164:2|4:633:2
ckpt_3400.pt,4,729,0.5709033012390137,0.09448447823524475,0.43110179901123047,"191,86,150,94,100","227,87,104,200,198",4:894:3|4:455:2|4:10:1
ckpt_3400.pt,4,730,0.5279093384742737,0.10629443824291229,0.45891284942626953,"65,24,234,28,10","228,119,104,168,129",4:342:2|4:521:2|4:524:2
ckpt_3400.pt,4,731,0.4676132798194885,0.07923311740159988,0.3969058096408844,"231,163,128,188,203","252,149,234,212,231",4:1016:2|4:21:1|4:30:1
ckpt_3400.pt,4,732,0.5754635334014893,0.12484394013881683,0.4582267105579376,"195,89,241,226,121","127,47,78,2,245",4:677:2|4:684:2|4:2:1
ckpt_3400.pt,4,733,0.6019141674041748,0.10480264574289322,0.5171985626220703,"207,39,53,100,56","190,206,148,212,129",4:541:2|4:660:2|4:27:1
ckpt_3400.pt,4,734,0.48095768690109253,0.09438297897577286,0.42573973536491394,"46,187,100,1,101","150,164,98,16,111",4:724:3|4:79:2|4:527:2
ckpt_3400.pt,4,735,0.48413729667663574,0.08792965859174728,0.4156290888786316,"171,215,220,59,42","180,116,117,108,114",4:155:2|4:790:2|4:846:2
ckpt_3400.pt,4,736,0.5134267807006836,0.10512790828943253,0.433176189661026,"169,119,138,41,88","55,245,19,216,51",4:708:2|4:990:2|4:10:1
ckpt_3400.pt,4,737,0.5052151083946228,0.08888915181159973,0.44229087233543396,"223,113,98,207,14","45,185,65,229,160",4:158:2|4:162:2|4:354:2
ckpt_3400.pt,4,738,0.5092870593070984,0.10134357213973999,0.46893030405044556,"224,242,190,148,36","98,233,55,174,176",4:42:2|4:459:2|4:842:2
ckpt_3400.pt,4,739,0.5495791435241699,0.10121847689151764,0.4801040589809418,"85,154,146,2,103","235,242,211,125,80",4:95:2|4:115:2|4:375:2
ckpt_3400.pt,4,740,0.49468034505844116,0.09531636536121368,0.4265356957912445,"188,166,116,222,174","60,53,219,165,117",4:58:2|4:166:2|4:16:1
ckpt_3400.pt,4,741,0.6324827075004578,0.11754816025495529,0.45608314871788025,"156,39,106,49,88","226,171,155,231,169",4:12:2|4:183:2|4:350:2
ckpt_3400.pt,4,742,0.4983508884906769,0.08550694584846497,0.4333687126636505,"232,37,183,159,52","189,65,181,229,194",4:569:2|4:585:2|4:602:2
ckpt_3400.pt,4,743,0.5684712529182434,0.12429040670394897,0.5025925636291504,"152,6,18,176,60","77,253,22,154,86",4:350:2|4:1023:2|4:4:1
ckpt_3400.pt,4,744,0.4738175868988037,0.09717731177806854,0.42675545811653137,"239,72,84,173,216","120,35,195,84,68",4:34:2|4:184:2|4:248:2
ckpt_3400.pt,4,745,0.5760972499847412,0.11650995910167694,0.4748666286468506,"106,76,191,229,78","93,153,132,84,149",4:119:2|4:464:2|4:533:2
ckpt_3400.pt,4,746,0.5808645486831665,0.10147202014923096,0.4533817172050476,"156,2,170,147,98","8,103,116,52,108",4:86:2|4:370:2|4:670:2
ckpt_3400.pt,4,747,0.5713250637054443,0.09874909371137619,0.5160927772521973,"183,218,149,71,35","147,160,22,126,141",4:138:2|4:239:2|4:242:2
ckpt_3400.pt,4,748,0.46921002864837646,0.10917601734399796,0.4089243710041046,"23,109,233,70,32","250,173,59,17,90",4:404:2|4:484:2|4:492:2
ckpt_3400.pt,4,749,0.5592902302742004,0.10980935394763947,0.441672682762146,"117,12,169,197,24","229,190,52,71,192",4:647:2|4:17:1|4:19:1
ckpt_3400.pt,4,750,0.46303197741508484,0.08749798685312271,0.37905657291412354,"199,48,145,114,20","206,191,8,205,44",4:22:2|4:669:2|4:0:1
ckpt_3400.pt,4,751,0.6054977774620056,0.11133366078138351,0.47281649708747864,"213,228,56,150,131","234,32,228,55,54",4:49:2|4:55:2|4:103:2
ckpt_3400.pt,4,752,0.4984510838985443,0.09503345191478729,0.4118324816226959,"162,39,156,216,27","89,76,71,211,0",4:185:2|4:266:2|4:444:2
ckpt_3400.pt,4,753,0.4741804897785187,0.10374155640602112,0.40192174911499023,"175,24,32,40,100","38,26,99,134,68",4:8:1|4:20:1|4:36:1
ckpt_3400.pt,4,754,0.5003418326377869,0.10449230670928955,0.45078176259994507,"181,101,44,248,28","233,85,94,0,126",4:907:2|4:914:2|4:982:2
ckpt_3400.pt,4,755,0.42799460887908936,0.07692084461450577,0.38717567920684814,"2,85,89,168,248","59,119,49,111,85",4:115:2|4:137:2|4:200:2
ckpt_3400.pt,4,756,0.5151926279067993,0.12061744928359985,0.4410237967967987,"66,183,117,6,226","157,142,171,193,79",4:245:2|4:709:2|4:763:2
ckpt_3400.pt,4,757,0.4733675718307495,0.08008158206939697,0.41321879625320435,"126,254,117,122,140","189,131,51,188,221",4:388:2|4:598:2|4:934:2
ckpt_3400.pt,4,758,0.44947898387908936,0.07419149577617645,0.3980357348918915,"238,1,109,189,227","118,230,154,209,98",4:437:2|4:638:2|4:908:2
ckpt_3400.pt,4,759,0.5808839797973633,0.10502562671899796,0.4916941523551941,"165,162,123,77,234","228,10,190,24,58",4:203:2|4:593:2|4:697:2
ckpt_3400.pt,4,760,0.6324533224105835,0.13715344667434692,0.47196105122566223,"14,126,27,164,8","54,127,254,146,197",4:658:2|4:726:2|4:3:1
ckpt_3400.pt,4,761,0.570004940032959,0.10009251534938812,0.4470961093902588,"46,29,210,133,251","118,93,107,78,13",4:580:3|4:84:2|4:326:2
ckpt_3400.pt,4,762,0.5433249473571777,0.15057335793972015,0.4680847227573395,"97,4,229,89,234","236,193,90,26,245",4:281:2|4:559:2|4:593:2
ckpt_3400.pt,4,763,0.49630850553512573,0.08669281005859375,0.3926621079444885,"83,184,200,117,6","85,125,167,146,197",4:17:2|4:56:2|4:628:2
ckpt_3400.pt,4,764,0.5249911546707153,0.09569322317838669,0.4134314954280853,"122,234,114,229,184","186,4,199,132,130",4:214:2|4:336:2|4:559:2
ckpt_3400.pt,4,765,0.540034830570221,0.10744675993919373,0.46538448333740234,"102,126,115,176,101","150,100,119,140,182",4:3:2|4:171:2|4:374:2
ckpt_3400.pt,4,766,0.6948632597923279,0.11970683187246323,0.5789688229560852,"155,247,117,168,0","91,158,58,60,155",4:28:2|4:219:2|4:405:2
ckpt_3400.pt,4,767,0.5821090340614319,0.11731570214033127,0.5023312568664551,"212,30,75,112,239","113,20,97,238,235",4:26:2|4:56:2|4:33:1
ckpt_3400.pt,4,768,0.5590411424636841,0.10004355758428574,0.43128329515457153,"225,56,21,142,245","184,247,54,253,3",4:87:2|4:606:2|4:610:2
ckpt_3400.pt,4,769,0.5522729158401489,0.10725878179073334,0.4758281409740448,"176,34,133,48,105","236,130,45,50,247",4:206:2|4:216:2|4:6:1
ckpt_3400.pt,4,770,0.4326244592666626,0.07772258669137955,0.36204734444618225,"142,140,11,121,80","102,193,176,190,54",4:57:2|4:410:2|4:484:2
ckpt_3400.pt,4,771,0.566364049911499,0.09858306497335434,0.442972868680954,"126,199,45,36,143","21,90,132,16,51",4:998:3|4:3:2|4:22:2
ckpt_3400.pt,4,772,0.5453053116798401,0.12237577885389328,0.45579686760902405,"127,17,181,84,42","96,169,20,74,151",4:32:2|4:907:2|4:4:1
ckpt_3400.pt,4,773,0.5471614003181458,0.11895490437746048,0.45319440960884094,"154,233,254,96,110","86,234,197,157,147",4:4:1|4:6:1|4:9:1
ckpt_3400.pt,4,774,0.571710467338562,0.11682849377393723,0.48243117332458496,"106,102,115,34,135","53,186,216,79,32",4:202:2|4:379:2|4:440:2
ckpt_3400.pt,4,775,0.5947548151016235,0.14595982432365417,0.46715399622917175,"184,103,255,206,88","133,135,88,71,79",4:14:2|4:36:2|4:134:2
ckpt_3400.pt,4,776,0.5293601751327515,0.10133235156536102,0.4463881552219391,"185,180,60,117,81","11,169,117,212,111",4:373:2|4:615:2|4:17:1
ckpt_3400.pt,4,777,0.4988478124141693,0.08952073007822037,0.40340274572372437,"235,231,98,229,131","167,146,180,95,211",4:91:2|4:670:2|4:862:2
ckpt_3400.pt,4,778,0.6200003623962402,0.10331994295120239,0.49447500705718994,"67,190,211,69,215","204,205,57,60,182",4:134:2|4:458:2|4:525:2
ckpt_3400.pt,4,779,0.5176844000816345,0.11246469616889954,0.4476008415222168,"73,12,60,147,178","161,156,97,104,87",4:690:3|4:373:2|4:417:2
ckpt_3400.pt,4,780,0.5248231887817383,0.10665323585271835,0.45692726969718933,"34,88,40,77,116","10,226,200,56,87",4:44:2|4:8:1|4:12:1
ckpt_3400.pt,4,781,0.5064905881881714,0.09570156782865524,0.43629199266433716,"107,207,92,223,73","70,203,8,123,110",4:38:2|4:354:2|4:666:2
ckpt_3400.pt,4,782,0.49275079369544983,0.08409368991851807,0.4342779219150543,"149,115,246,177,19","176,101,38,218,158",4:220:2|4:299:2|4:351:2
ckpt_3400.pt,4,783,0.6923326849937439,0.14298903942108154,0.5907859802246094,"32,103,61,31,5","255,61,213,51,138",4:46:2|4:188:2|4:201:2
ckpt_3400.pt,4,784,0.5648534893989563,0.1334332525730133,0.47799569368362427,"178,61,241,186,153","119,147,115,108,79",4:261:2|4:429:2|4:555:2
ckpt_3400.pt,4,785,0.5277621150016785,0.10090916603803635,0.47114551067352295,"131,73,219,201,36","158,69,3,187,16",4:133:2|4:381:2|4:430:2
ckpt_3400.pt,4,786,0.499266117811203,0.1079208254814148,0.44800370931625366,"175,70,83,246,111","245,202,51,57,205",4:217:2|4:25:1|4:27:1
ckpt_3400.pt,4,787,0.510094404220581,0.09902507066726685,0.45827075839042664,"174,44,215,91,219","245,199,73,13,212",4:452:2|4:35:1|4:63:1
ckpt_3400.pt,4,788,0.46546313166618347,0.07697812467813492,0.38290101289749146,"114,18,128,53,171","213,241,148,39,82",4:552:2|4:669:2|4:721:2
ckpt_3400.pt,4,789,0.5220751762390137,0.09393278509378433,0.4265163540840149,"7,200,223,255,16","233,232,212,59,65",4:121:2|4:290:2|4:633:2
ckpt_3400.pt,4,790,0.5740638971328735,0.11945123225450516,0.4381865859031677,"235,31,80,42,220","91,194,198,216,68",4:331:2|4:735:2|4:802:2
ckpt_3400.pt,4,791,0.554997444152832,0.0984196811914444,0.4441024363040924,"1,94,223,66,41","146,6,223,41,168",4:64:2|4:143:2|4:1007:2
ckpt_3400.pt,4,792,0.4581044018268585,0.09262865036725998,0.38968443870544434,"99,15,29,204,191","24,62,15,97,211",4:285:2|4:804:2|4:5:1
ckpt_3400.pt,4,793,0.4794904887676239,0.08910965174436569,0.3863564729690552,"53,162,217,188,125","28,226,245,121,189",4:824:2|4:853:2|4:858:2
ckpt_3400.pt,4,794,0.5415341258049011,0.12390784919261932,0.48442670702934265,"236,134,175,150,129","215,51,158,30,78",4:10:2|4:168:2|4:12:1
ckpt_3400.pt,4,795,0.46408891677856445,0.10990412533283234,0.4195038676261902,"129,65,224,237,247","39,91,12,151,58",4:384:2|4:940:2|4:0:1
ckpt_3400.pt,4,796,0.5824424028396606,0.10595016181468964,0.4667247235774994,"229,187,188,224,42","196,52,160,254,107",4:213:2|4:545:2|4:1:1
ckpt_3400.pt,4,797,0.5568139553070068,0.09094905108213425,0.46497660875320435,"92,186,161,97,21","43,135,73,217,79",4:97:2|4:163:2|4:194:2
ckpt_3400.pt,4,798,0.4776707887649536,0.09094719588756561,0.40000930428504944,"242,80,129,170,155","67,174,201,154,141",4:465:2|4:10:1|4:15:1
ckpt_3400.pt,4,799,0.44867104291915894,0.08436160534620285,0.39380383491516113,"107,50,177,232,175","81,217,34,177,189",4:939:2|4:12:1|4:46:1
ckpt_3400.pt,4,800,0.5542715191841125,0.13589629530906677,0.43449628353118896,"123,16,90,162,5","64,219,58,130,35",4:105:2|4:203:2|4:593:2
ckpt_3400.pt,4,801,0.5460166335105896,0.12545570731163025,0.4141148626804352,"132,216,25,188,191","117,27,70,255,141",4:236:2|4:391:2|4:491:2
ckpt_3400.pt,4,802,0.5583585500717163,0.09680884331464767,0.43887510895729065,"156,97,29,42,235","85,45,100,135,211",4:331:2|4:499:2|4:627:2
ckpt_3400.pt,4,803,0.4452010989189148,0.08006686717271805,0.4028911292552948,"3,46,65,124,24","245,132,56,156,109",4:118:2|4:730:2|4:1014:2
ckpt_3400.pt,4,804,0.5239799618721008,0.11062514781951904,0.44855108857154846,"191,169,99,4,128","110,210,206,49,0",4:50:2|4:114:2|4:230:2
ckpt_3400.pt,4,805,0.4659174978733063,0.08741893619298935,0.417043536901474,"57,188,73,104,148","37,244,45,175,26",4:142:2|4:438:2|4:596:2
ckpt_3400.pt,4,806,0.6294614672660828,0.1264762282371521,0.47540873289108276,"211,190,121,117,130","183,173,50,20,209",4:874:3|4:270:2|4:337:2
ckpt_3400.pt,4,807,0.49421095848083496,0.09264229983091354,0.39977437257766724,"123,209,240,33,235","228,45,66,236,43",4:105:2|4:126:2|4:816:2
ckpt_3400.pt,4,808,0.5351857542991638,0.09819600731134415,0.4690934419631958,"245,1,68,168,144","122,27,127,210,48",4:192:2|4:439:2|4:691:2
ckpt_3400.pt,4,809,0.5068907737731934,0.11149649322032928,0.4205996096134186,"100,107,163,197,156","51,7,226,243,105",4:79:2|4:367:2|4:12:1
ckpt_3400.pt,4,810,0.5637586116790771,0.09428123384714127,0.4484679102897644,"47,140,241,235,0","134,232,28,209,76",4:47:2|4:241:2|4:460:2
ckpt_3400.pt,4,811,0.5428265929222107,0.09983983635902405,0.46843254566192627,"121,2,155,105,143","217,197,179,228,241",4:516:2|4:11:1|4:23:1
ckpt_3400.pt,4,812,0.5081466436386108,0.0852249413728714,0.45028766989707947,"135,27,251,155,241","49,216,144,208,129",4:330:2|4:16:1|4:21:1
ckpt_3400.pt,4,813,0.5454912185668945,0.0989326536655426,0.44280511140823364,"138,40,35,75,241","55,164,50,29,46",4:830:2|4:1009:2|4:8:1
ckpt_3400.pt,4,814,0.49518975615501404,0.08324465155601501,0.4089910686016083,"184,34,221,143,65","253,13,56,148,178",4:307:2|4:342:2|4:870:2
ckpt_3400.pt,4,815,0.5020877718925476,0.09388049691915512,0.43219661712646484,"243,101,220,131,43","92,219,10,43,131",4:182:2|4:5:1|4:29:1
ckpt_3400.pt,4,816,0.47267675399780273,0.08147742599248886,0.4074859023094177,"123,30,33,8,141","75,55,33,73,83",4:85:2|4:401:2|4:807:2
ckpt_3400.pt,4,817,0.43440255522727966,0.06508173048496246,0.3823629319667816,"80,233,29,208,247","133,63,44,54,129",4:5:1|4:18:1|4:19:1
ckpt_3400.pt,4,818,0.5441470146179199,0.11332107335329056,0.4458770155906677,"63,201,23,219,89","73,179,62,63,157",4:61:2|4:579:2|4:632:2
ckpt_3400.pt,4,819,0.5434967279434204,0.09234778583049774,0.4740741550922394,"147,84,107,119,58","203,29,126,230,244",4:90:2|4:411:2|4:445:2
ckpt_3400.pt,4,820,0.4593561887741089,0.08716268092393875,0.4149983525276184,"194,104,93,160,190","124,239,222,171,88",4:2:3|4:265:2|4:309:2
ckpt_3400.pt,4,821,0.5492957234382629,0.11145801842212677,0.4541730284690857,"32,242,150,119,219","226,67,60,238,229",4:177:2|4:589:2|4:888:2
ckpt_3400.pt,4,822,0.5045886039733887,0.08970599621534348,0.4134244918823242,"176,26,201,179,171","121,234,161,194,238",4:256:2|4:534:2|4:888:2
ckpt_3400.pt,4,823,0.5488945245742798,0.10094232857227325,0.4660964012145996,"194,36,132,65,142","179,206,124,171,82",4:307:2|4:0:1|4:2:1
ckpt_3400.pt,4,824,0.46271196007728577,0.07850860804319382,0.41511446237564087,"168,173,217,125,195","188,12,124,129,137",4:2:2|4:637:2|4:793:2
ckpt_3400.pt,4,825,0.506114661693573,0.09698973596096039,0.4148344099521637,"199,176,49,82,159","170,168,129,227,248",4:256:2|4:383:2|4:500:2
ckpt_3400.pt,4,826,0.4893917739391327,0.10575457662343979,0.42745915055274963,"27,49,96,44,170","121,144,98,74,208",4:6:1|4:8:1|4:21:1
ckpt_3400.pt,4,827,0.5023394823074341,0.0836445540189743,0.4470517635345459,"154,67,180,188,215","4,95,160,169,125",4:154:2|4:458:2|4:540:2
ckpt_3400.pt,4,828,0.5241128206253052,0.0972532257437706,0.456897109746933,"213,137,142,43,56","97,133,122,148,185",4:103:2|4:338:2|4:610:2
ckpt_3400.pt,4,829,0.5214475989341736,0.11941075325012207,0.454843670129776,"177,190,59,14,200","221,181,205,50,124",4:52:2|4:2:1|4:7:1
ckpt_3400.pt,4,830,0.44058454036712646,0.07741430401802063,0.35362163186073303,"35,28,38,228,138","155,6,231,165,184",4:57:2|4:479:2|4:556:2
ckpt_3400.pt,4,831,0.5410141348838806,0.10017555207014084,0.44611671566963196,"99,64,26,208,162","65,96,105,250,186",4:36:1|4:42:1|4:52:1
ckpt_3400.pt,4,832,0.5182235240936279,0.10120971500873566,0.43650752305984497,"78,24,87,199,168","236,243,36,173,92",4:340:2|4:395:2|4:533:2
ckpt_3400.pt,4,833,0.4699755012989044,0.0833406150341034,0.3976035714149475,"234,99,160,195,59","222,232,101,50,89",4:101:2|4:281:2|4:559:2
ckpt_3400.pt,4,834,0.5098344087600708,0.08231667429208755,0.42947331070899963,"99,60,193,35,221","170,113,188,25,31",4:212:2|4:382:2|4:935:2
ckpt_3400.pt,4,835,0.6420559287071228,0.14623874425888062,0.4941643178462982,"243,40,28,154,255","123,246,250,70,159",4:145:2|4:399:2|4:911:2
ckpt_3400.pt,4,836,0.5391134023666382,0.14194805920124054,0.43049731850624084,"182,11,183,134,137","17,99,68,246,199",4:248:2|4:446:2|4:585:2
ckpt_3400.pt,4,837,0.45377641916275024,0.08849815279245377,0.41680118441581726,"254,177,35,93,19","116,11,222,239,30",4:94:2|4:782:2|4:932:2
ckpt_3400.pt,4,838,0.47253748774528503,0.09282784163951874,0.39561906456947327,"167,78,101,76,91","59,7,150,82,227",4:333:2|4:464:2|4:745:2
ckpt_3400.pt,4,839,0.510262668132782,0.08694598078727722,0.4224373996257782,"167,242,104,254,73","13,135,115,157,47",4:20:2|4:26:2|4:76:2
ckpt_3400.pt,4,840,0.5524645447731018,0.11694066226482391,0.46076104044914246,"36,150,149,55,34","154,113,207,96,156",4:472:2|4:640:2|4:3:1
ckpt_3400.pt,4,841,0.5238869190216064,0.11711794137954712,0.47282859683036804,"101,119,255,12,110","33,248,156,105,123",4:76:2|4:527:2|4:591:2
ckpt_3400.pt,4,842,0.552602231502533,0.11406590044498444,0.4557911157608032,"224,242,255,220,46","76,223,230,160,156",4:125:2|4:527:2|4:545:2
ckpt_3400.pt,4,843,0.5658515095710754,0.10274896770715714,0.43482956290245056,"226,247,197,109,142","234,100,183,23,96",4:74:2|4:675:2|4:972:2
ckpt_3400.pt,4,844,0.453874409198761,0.0744229331612587,0.3753855526447296,"5,182,252,107,217","255,24,83,39,185",4:278:2|4:601:2|4:666:2
ckpt_3400.pt,4,845,0.5573615431785583,0.1192316859960556,0.4485718607902527,"86,236,56,52,213","99,46,221,177,202",4:103:2|4:166:2|4:168:2
ckpt_3400.pt,4,846,0.5466521382331848,0.11452080309391022,0.43188202381134033,"42,25,251,0,59","181,182,197,127,143",4:416:2|4:519:2|4:735:2
ckpt_3400.pt,4,847,0.5196930170059204,0.10828369110822678,0.4145771861076355,"78,97,83,253,184","81,196,58,242,201",4:56:2|4:193:2|4:540:2
ckpt_3400.pt,4,848,0.4980696439743042,0.09966263920068741,0.43575215339660645,"255,211,124,85,51","211,91,11,179,88",4:1014:2|4:5:1|4:14:1
ckpt_3400.pt,4,849,0.6087333559989929,0.1350473165512085,0.4684993326663971,"156,196,31,78,242","228,85,187,50,73",4:102:2|4:421:2|4:0:1
ckpt_3400.pt,4,850,0.5146510601043701,0.08578243106603622,0.4209880828857422,"33,9,160,236,248","153,19,249,76,95",4:13:2|4:321:2|4:544:2
ckpt_3400.pt,4,851,0.5096577405929565,0.09116355329751968,0.43647101521492004,"163,52,204,63,90","244,237,109,87,188",4:219:2|4:267:2|4:300:2
ckpt_3400.pt,4,852,0.46849820017814636,0.09051194787025452,0.41461971402168274,"91,177,119,11,29","35,23,174,168,70",4:351:2|4:5:1|4:19:1
ckpt_3400.pt,4,853,0.5833860039710999,0.1082015335559845,0.48381102085113525,"70,195,217,162,36","216,25,215,135,218",4:2:2|4:169:2|4:793:2
ckpt_3400.pt,4,854,0.48468753695487976,0.08539444208145142,0.44144755601882935,"164,135,117,225,6","197,35,12,109,130",4:48:2|4:159:2|4:756:2
ckpt_3400.pt,4,855,0.6503660082817078,0.11483526974916458,0.4967705011367798,"250,224,185,22,226","129,146,156,40,170",4:264:2|4:969:2|4:8:1
ckpt_3400.pt,4,856,0.5720193386077881,0.1034674197435379,0.4635494649410248,"217,195,242,74,126","24,76,51,245,7",4:2:2|4:3:2|4:539:2
ckpt_3400.pt,4,857,0.5189217329025269,0.09487146139144897,0.43459516763687134,"73,99,10,101,119","204,184,17,38,48",4:76:2|4:613:2|4:621:2
ckpt_3400.pt,4,858,0.452139675617218,0.0772581472992897,0.39276719093322754,"214,238,125,217,46","241,217,3,33,118",4:182:2|4:793:2|4:824:2
ckpt_3400.pt,4,859,0.5513526797294617,0.11864415556192398,0.4923752546310425,"175,28,35,182,57","21,39,73,200,247",4:224:2|4:479:2|4:574:2
ckpt_3400.pt,4,860,0.4928103983402252,0.08769060671329498,0.42011719942092896,"97,143,249,177,77","75,199,183,106,237",4:423:2|4:0:1|4:24:1
ckpt_3400.pt,4,861,0.47470682859420776,0.07809039950370789,0.3978568911552429,"47,123,166,59,143","238,190,213,253,160",4:420:2|4:946:2|4:15:1
ckpt_3400.pt,4,862,0.5178409814834595,0.10364457964897156,0.41793128848075867,"131,46,87,231,20","12,57,165,32,66",4:21:2|4:318:2|4:635:2
ckpt_3400.pt,4,863,0.5472817420959473,0.09158117324113846,0.4503805339336395,"174,240,51,144,157","247,50,34,157,241",4:78:2|4:697:2|4:13:1
ckpt_3400.pt,4,864,0.44552546739578247,0.09078393131494522,0.3954158127307892,"5,41,136,142,33","190,30,151,237,204",4:601:2|4:925:2|4:10:1
ckpt_3400.pt,4,865,0.48129403591156006,0.09485115110874176,0.4203566610813141,"216,49,61,19,83","208,124,12,59,183",4:444:2|4:461:2|4:8:1
ckpt_3400.pt,4,866,0.5453927516937256,0.08893892168998718,0.45299819111824036,"220,209,231,139,206","254,41,147,90,153",4:179:2|4:1016:2|4:11:1
ckpt_3400.pt,4,867,0.5110430717468262,0.08571526408195496,0.4372343420982361,"155,23,216,227,223","98,197,17,71,101",4:121:2|4:315:2|4:666:2
ckpt_3400.pt,4,868,0.5904061794281006,0.1095164492726326,0.4294058382511139,"167,175,53,203,220","185,238,253,49,32",4:29:2|4:140:2|4:267:2
ckpt_3400.pt,4,869,0.6219809055328369,0.12466666102409363,0.5062094330787659,"168,36,21,56,200","76,121,55,17,78",4:139:2|4:606:2|4:768:2
ckpt_3400.pt,4,870,0.4535530209541321,0.0776849165558815,0.41777220368385315,"184,221,231,173,137","185,207,37,155,7",4:39:2|4:59:2|4:212:2
ckpt_3400.pt,4,871,0.5035611391067505,0.08383344858884811,0.4738691449165344,"28,84,139,228,136","136,71,2,33,159",4:830:2|4:4:1|4:11:1
ckpt_3400.pt,4,872,0.537672758102417,0.09563091397285461,0.48465266823768616,"225,52,194,27,119","54,18,113,29,154",4:177:2|4:220:2|4:277:2
ckpt_3400.pt,4,873,0.5044145584106445,0.08104962110519409,0.4404536783695221,"220,93,217,179,197","75,64,139,110,243",4:381:2|4:720:2|4:2:1
ckpt_3400.pt,4,874,0.6087652444839478,0.11097818613052368,0.4503580629825592,"190,212,121,9,130","57,65,151,68,169",4:806:3|4:534:2|4:2:1
ckpt_3400.pt,4,875,0.4773974120616913,0.0864560604095459,0.4253460764884949,"162,39,45,214,203","125,207,2,81,200",4:185:2|4:752:2|4:965:2
ckpt_3400.pt,4,876,0.6301562190055847,0.10682404786348343,0.49933457374572754,"29,82,179,133,85","65,154,121,165,66",4:231:2|4:324:2|4:477:2
ckpt_3400.pt,4,877,0.4557443857192993,0.062442343682050705,0.37724876403808594,"103,71,241,21,182","84,44,120,211,38",4:242:2|4:249:2|4:677:2
ckpt_3400.pt,4,878,0.47057515382766724,0.10035243630409241,0.41659924387931824,"200,98,252,70,127","187,58,33,101,84",4:362:2|4:663:2|4:10:1
ckpt_3400.pt,4,879,0.5249062180519104,0.1078432947397232,0.4905110001564026,"32,108,172,185,15","232,227,21,150,12",4:41:2|4:201:2|4:393:2
ckpt_3400.pt,4,880,0.5520641207695007,0.09000370651483536,0.46349501609802246,"206,65,95,155,18","41,105,57,169,188",4:172:2|4:203:2|4:349:2
ckpt_3400.pt,4,881,0.6056144833564758,0.12515749037265778,0.46983879804611206,"27,74,7,60,173","199,138,125,42,161",4:690:2|4:1:1|4:3:1
ckpt_3400.pt,4,882,0.4666900932788849,0.07794146984815598,0.38404884934425354,"254,1,131,222,129","107,51,59,82,114",4:83:2|4:143:2|4:494:2
ckpt_3400.pt,4,883,0.554058849811554,0.1071041002869606,0.4260648190975189,"244,140,150,237,162","11,42,1,170,40",4:301:2|4:460:2|4:10:1
ckpt_3400.pt,4,884,0.6124707460403442,0.11544632911682129,0.5126620531082153,"108,123,58,61,190","12,8,161,49,6",4:59:2|4:155:2|4:337:2
ckpt_3400.pt,4,885,0.5172019004821777,0.10498589277267456,0.43279528617858887,"26,155,47,133,67","75,189,47,42,70",4:107:2|4:396:2|4:891:2
ckpt_3400.pt,4,886,0.5938330888748169,0.11220052093267441,0.4912198483943939,"191,211,84,66,76","112,72,36,23,162",4:80:3|4:567:2|4:745:2
ckpt_3400.pt,4,887,0.4944831430912018,0.09117694944143295,0.41402342915534973,"129,188,233,120,133","113,248,28,209,180",4:10:1|4:13:1|4:15:1
ckpt_3400.pt,4,888,0.5231431722640991,0.10448004305362701,0.40066343545913696,"242,41,219,179,176","195,80,74,11,47",4:64:2|4:216:2|4:302:2
ckpt_3400.pt,4,889,0.5060147047042847,0.08396855741739273,0.4435288608074188,"114,69,142,62,35","18,198,172,160,213",4:28:2|4:419:2|4:699:2
ckpt_3400.pt,4,890,0.5708519220352173,0.1147831603884697,0.4681563675403595,"181,139,253,70,97","169,190,110,235,67",4:180:2|4:847:2|4:0:1
ckpt_3400.pt,4,891,0.5392455458641052,0.10583522170782089,0.45064911246299744,"131,133,47,195,41","35,5,187,251,54",4:147:2|4:387:2|4:694:2
ckpt_3400.pt,4,892,0.5509452223777771,0.11638962477445602,0.471678227186203,"85,248,81,110,223","185,206,203,250,112",4:9:2|4:137:2|4:633:2
ckpt_3400.pt,4,893,0.5786144137382507,0.11056195944547653,0.5406212210655212,"224,199,124,108,239","118,42,222,221,166",4:62:2|4:272:2|4:463:2
ckpt_3400.pt,4,894,0.5854588150978088,0.11907489597797394,0.4572586715221405,"94,100,84,45,86","199,7,37,166,110",4:729:3|4:254:2|4:965:2
ckpt_3400.pt,4,895,0.44695723056793213,0.08858993649482727,0.3782253563404083,"201,57,197,43,191","213,186,26,40,10",4:279:2|4:367:2|4:462:2
ckpt_3400.pt,4,896,0.533428966999054,0.1017029657959938,0.43300899863243103,"171,13,208,181,54","155,106,9,29,195",4:649:2|4:9:1|4:17:1
ckpt_3400.pt,4,897,0.5081052184104919,0.08622187376022339,0.4351297914981842,"38,66,40,181,67","202,227,210,143,68",4:117:2|4:290:2|4:600:2
ckpt_3400.pt,4,898,0.5304147601127625,0.09519532322883606,0.4201056957244873,"21,246,65,222,45","200,83,26,9,204",4:297:3|4:0:1|4:20:1
ckpt_3400.pt,4,899,0.5519148707389832,0.10876337438821793,0.46872541308403015,"79,156,65,171,172","224,172,184,157,7",4:499:2|4:521:2|4:0:1
ckpt_3400.pt,4,900,0.5197661519050598,0.08369593322277069,0.4230504035949707,"230,68,26,210,178","212,235,210,6,33",4:106:2|4:127:2|4:661:2
ckpt_3400.pt,4,901,0.5255647897720337,0.0959920808672905,0.4600255787372589,"21,80,216,225,4","11,34,48,78,8",4:177:2|4:289:2|4:603:2
ckpt_3400.pt,4,902,0.4586039185523987,0.09666004776954651,0.4016822278499603,"98,38,152,101,158","121,182,219,173,54",4:323:2|4:597:2|4:678:2
ckpt_3400.pt,4,903,0.5302582383155823,0.11193680018186569,0.457069993019104,"34,45,247,2,31","128,124,194,129,142",4:95:2|4:675:2|4:0:1
ckpt_3400.pt,4,904,0.49150246381759644,0.08344781398773193,0.404508113861084,"36,231,213,186,145","181,91,120,188,44",4:147:2|4:368:2|4:475:2
ckpt_3400.pt,4,905,0.5476624965667725,0.09047196805477142,0.4628342092037201,"187,33,178,207,85","128,176,199,66,212",4:387:2|4:509:2|4:1:1
ckpt_3400.pt,4,906,0.5925918221473694,0.10657560080289841,0.4675157964229584,"73,221,95,177,163","227,96,166,189,113",4:60:2|4:100:2|4:196:2
ckpt_3400.pt,4,907,0.5307921171188354,0.11086554825305939,0.4706478714942932,"241,42,248,181,112","201,7,225,232,18",4:553:2|4:754:2|4:772:2
ckpt_3400.pt,4,908,0.44079989194869995,0.07162820547819138,0.3513937294483185,"109,227,76,209,90","150,138,186,95,250",4:758:2|4:25:1|4:42:1
ckpt_3400.pt,4,909,0.5675036311149597,0.10676579177379608,0.4716605544090271,"52,180,241,3,51","167,222,120,250,205",4:38:1|4:39:1|4:48:1
ckpt_3400.pt,4,910,0.5589392781257629,0.11515402048826218,0.44848525524139404,"31,164,50,179,88","138,200,120,150,136",4:44:2|4:46:2|4:501:2
ckpt_3400.pt,4,911,0.5061248540878296,0.09637463837862015,0.444676011800766,"255,212,229,228,154","206,204,112,168,50",4:383:2|4:638:2|4:835:2
ckpt_3400.pt,4,912,0.5529825091362,0.108570396900177,0.4316531717777252,"238,102,79,33,216","47,142,223,21,156",4:516:2|4:15:1|4:26:1
ckpt_3400.pt,4,913,0.5244591236114502,0.10091229528188705,0.4313129186630249,"82,44,78,167,226","78,103,155,108,120",4:838:2|4:8:1|4:16:1
ckpt_3400.pt,4,914,0.4706372320652008,0.08514655381441116,0.451359361410141,"181,225,239,196,248","34,97,179,105,194",4:102:2|4:335:2|4:605:2
ckpt_3400.pt,4,915,0.5043199062347412,0.10458377003669739,0.4198191165924072,"95,94,141,149,69","40,119,226,181,229",4:53:2|4:231:2|4:18:1
ckpt_3400.pt,4,916,0.5051635503768921,0.09922300279140472,0.4379216134548187,"18,20,120,23,105","120,74,33,179,239",4:116:2|4:121:2|4:246:2
ckpt_3400.pt,4,917,0.4926772117614746,0.07622984051704407,0.444060355424881,"15,89,55,32,95","84,11,242,5,111",4:879:2|4:18:1|4:34:1
ckpt_3400.pt,4,918,0.5622830986976624,0.1022508516907692,0.47355327010154724,"227,219,106,194,49","196,248,64,227,139",4:146:2|4:350:2|4:515:2
ckpt_3400.pt,4,919,0.5279834866523743,0.09077832102775574,0.439128577709198,"154,100,198,89,102","173,27,153,194,242",4:413:2|4:566:2|4:4:1
ckpt_3400.pt,4,920,0.5915247201919556,0.0953846350312233,0.4862178564071655,"163,49,215,106,184","84,106,113,74,223",4:350:3|4:452:2|4:515:2
ckpt_3400.pt,4,921,0.5157731175422668,0.0919518694281578,0.42629382014274597,"110,162,53,108,226","52,119,57,116,89",4:190:2|4:463:2|4:793:2
ckpt_3400.pt,4,922,0.5452190637588501,0.09626878052949905,0.45786407589912415,"111,190,67,65,19","87,96,26,24,204",4:778:2|4:0:1|4:2:1
ckpt_3400.pt,4,923,0.4800574481487274,0.07361964881420135,0.40631699562072754,"63,72,133,118,171","86,91,217,133,123",4:221:2|4:564:2|4:665:2
ckpt_3400.pt,4,924,0.5317113399505615,0.10426562279462814,0.4378434121608734,"86,103,37,24,115","177,236,226,238,5",4:53:2|4:634:2|4:703:2
ckpt_3400.pt,4,925,0.6152989864349365,0.10862235724925995,0.48497503995895386,"166,136,33,26,109","25,30,210,99,173",4:296:2|4:343:2|4:864:2
ckpt_3400.pt,4,926,0.4828401505947113,0.10460562258958817,0.42706307768821716,"176,13,47,74,155","212,241,154,74,65",4:885:2|4:961:2|4:3:1
ckpt_3400.pt,4,927,0.5592684745788574,0.11113695055246353,0.47735029458999634,"252,167,196,36,25","249,143,200,16,74",4:233:2|4:994:2|4:3:1
ckpt_3400.pt,4,928,0.5152308940887451,0.0880930945277214,0.4091039299964905,"184,237,185,209,155","96,87,131,164,120",4:91:2|4:715:2|4:7:1
ckpt_3400.pt,4,929,0.4691973626613617,0.09717421978712082,0.4087908864021301,"22,158,143,131,234","91,106,111,246,200",4:24:2|4:92:2|4:308:2
ckpt_3400.pt,4,930,0.4933488070964813,0.11158633232116699,0.4381316006183624,"155,127,114,183,222","67,56,29,204,208",4:1003:2|4:16:1|4:28:1
ckpt_3400.pt,4,931,0.47664639353752136,0.0742688700556755,0.43934598565101624,"182,133,194,83,117","233,10,225,91,1",4:249:2|4:307:2|4:398:2
ckpt_3400.pt,4,932,0.5494379997253418,0.09798194468021393,0.4613769054412842,"154,196,106,35,177","238,113,102,148,25",4:727:2|4:837:2|4:945:2
ckpt_3400.pt,4,933,0.5434019565582275,0.0988573208451271,0.4611051678657532,"154,51,147,86,56","160,139,89,252,146",4:311:2|4:414:2|4:570:2
ckpt_3400.pt,4,934,0.5045348405838013,0.0878138542175293,0.4091028869152069,"126,122,241,17,171","253,208,151,122,194",4:330:2|4:665:2|4:757:2
ckpt_3400.pt,4,935,0.5441296100616455,0.10974549502134323,0.43857669830322266,"99,228,221,184,121","124,6,178,98,241",4:57:2|4:624:2|4:702:2
ckpt_3400.pt,4,936,0.5140501260757446,0.08970364183187485,0.4211401045322418,"44,130,175,242,52","60,122,157,247,156",4:191:2|4:485:2|4:32:1
ckpt_3400.pt,4,937,0.5212897658348083,0.09089122712612152,0.4513081908226013,"219,223,74,105,43","177,193,208,134,169",4:149:2|4:656:2|4:683:2
ckpt_3400.pt,4,938,0.5947858691215515,0.12198595702648163,0.4833280146121979,"46,54,151,205,127","139,109,240,226,52",4:476:2|4:538:2|4:986:2
ckpt_3400.pt,4,939,0.4770123362541199,0.10601823031902313,0.39456707239151,"232,163,144,175,68","187,155,145,227,87",4:187:2|4:192:2|4:799:2
ckpt_3400.pt,4,940,0.48888251185417175,0.09545062482357025,0.3966916501522064,"224,202,65,167,31","221,55,222,150,175",4:0:2|4:46:2|4:488:2
ckpt_3400.pt,4,941,0.5515469908714294,0.11363796144723892,0.42745015025138855,"190,101,82,204,26","70,221,76,120,218",4:52:2|4:256:2|4:974:2
ckpt_3400.pt,4,942,0.46809738874435425,0.11048939824104309,0.4093748927116394,"144,84,237,13,142","222,57,22,86,143",4:17:2|4:649:2|4:4:1
ckpt_3400.pt,4,943,0.512450098991394,0.10243618488311768,0.45904889702796936,"237,251,236,36,232","194,131,187,78,184",4:12:2|4:166:2|4:280:2
ckpt_3400.pt,4,944,0.5188396573066711,0.1162489578127861,0.44093748927116394,"66,68,164,131,70","195,158,66,33,50",4:336:2|4:537:2|4:31:1
ckpt_3400.pt,4,945,0.4392895996570587,0.0788663774728775,0.40773022174835205,"205,179,196,20,35","134,172,184,227,48",4:35:2|4:410:2|4:584:2
ckpt_3400.pt,4,946,0.48903894424438477,0.10614558309316635,0.4433281421661377,"147,165,99,59,143","26,168,29,220,6",4:36:2|4:281:2|4:483:2
ckpt_3400.pt,4,947,0.4196779727935791,0.07515272498130798,0.3796739876270294,"196,106,151,82,213","125,140,192,117,120",4:477:2|4:932:2|4:12:1
ckpt_3400.pt,4,948,0.5801376700401306,0.13714900612831116,0.46378904581069946,"43,102,245,161,199","96,194,180,46,151",4:523:3|4:500:2|4:542:2
ckpt_3400.pt,4,949,0.49265483021736145,0.08448810875415802,0.4149910807609558,"252,193,94,161,16","188,92,171,21,45",4:30:2|4:207:2|4:362:2
ckpt_3400.pt,4,950,0.5155919790267944,0.09305255860090256,0.4653949439525604,"24,94,186,22,77","160,174,222,33,91",4:54:2|4:550:2|4:11:1
ckpt_3400.pt,4,951,0.5618957281112671,0.08991516381502151,0.5000311136245728,"17,114,49,107,185","21,237,14,17,9",4:183:2|4:444:2|4:506:2
ckpt_3400.pt,4,952,0.528907835483551,0.10790248960256577,0.41460710763931274,"30,20,139,196,189","34,175,142,48,163",4:584:2|4:945:2|4:0:1
ckpt_3400.pt,4,953,0.45661473274230957,0.0963623970746994,0.3854706883430481,"66,161,92,104,110","214,5,230,35,22",4:797:2|4:1:1|4:2:1
ckpt_3400.pt,4,954,0.5770657658576965,0.10724485665559769,0.47877371311187744,"60,140,142,119,209","172,247,113,143,89",4:770:2|4:990:2|4:1017:2
ckpt_3400.pt,4,955,0.4904315173625946,0.09124891459941864,0.4074788987636566,"109,23,221,47,234","138,77,174,153,45",4:107:2|4:186:2|4:212:2
ckpt_3400.pt,4,956,0.3982245922088623,0.07801345735788345,0.389551043510437,"10,244,47,12,0","87,146,145,3,14",4:241:2|4:275:2|4:432:2
ckpt_3400.pt,4,957,0.540321409702301,0.09969046711921692,0.4426038861274719,"222,207,107,49,104","55,71,159,224,174",4:102:2|4:183:2|4:581:2
ckpt_3400.pt,4,958,0.47223007678985596,0.09046550840139389,0.40347200632095337,"190,38,198,25,113","177,60,143,185,105",4:265:2|4:2:1|4:4:1
ckpt_3400.pt,4,959,0.49838533997535706,0.08275093883275986,0.43790870904922485,"75,24,80,204,109","70,111,233,209,32",4:238:2|4:512:2|4:25:1
ckpt_3400.pt,4,960,0.556584358215332,0.11096666008234024,0.45420145988464355,"165,182,87,135,235","127,125,187,66,197",4:645:2|4:967:2|4:1:1
ckpt_3400.pt,4,961,0.49998199939727783,0.1066630408167839,0.4137313663959503,"13,47,112,154,227","94,25,210,80,100",4:54:3|4:98:2|4:282:2
ckpt_3400.pt,4,962,0.5271452069282532,0.0974312573671341,0.4291747808456421,"36,21,236,26,116","244,4,109,245,127",4:12:2|4:127:2|4:166:2
ckpt_3400.pt,4,963,0.5081197619438171,0.09485314786434174,0.4236466884613037,"29,5,250,195,13","21,228,13,204,22",4:283:2|4:413:2|4:580:2
ckpt_3400.pt,4,964,0.5540482997894287,0.10852061957120895,0.4907393753528595,"27,116,6,229,195","54,44,27,94,10",4:21:2|4:418:2|4:559:2
ckpt_3400.pt,4,965,0.5009087324142456,0.0836939588189125,0.429492712020874,"101,214,45,84,163","151,9,8,42,152",4:187:2|4:240:2|4:333:2
ckpt_3400.pt,4,966,0.5142579078674316,0.10093891620635986,0.44750475883483887,"82,233,54,212,100","39,37,108,75,149",4:304:2|4:455:2|4:659:2
ckpt_3400.pt,4,967,0.48815301060676575,0.11730102449655533,0.41812729835510254,"136,87,182,27,70","26,254,93,74,100",4:330:2|4:520:2|4:960:2
ckpt_3400.pt,4,968,0.4647912085056305,0.10673503577709198,0.40115252137184143,"220,38,249,58,91","107,135,137,91,126",4:155:2|4:337:2|4:7:1
ckpt_3400.pt,4,969,0.5671286582946777,0.10000118613243103,0.48724564909935,"113,185,226,156,240","217,14,248,74,210",4:627:2|4:715:2|4:855:2
ckpt_3400.pt,4,970,0.5134169459342957,0.09755406528711319,0.4644578993320465,"96,177,5,80,250","233,134,32,160,146",4:238:2|4:963:2|4:6:1
ckpt_3400.pt,4,971,0.5631488561630249,0.10567096620798111,0.4625219404697418,"71,191,114,43,52","119,106,77,238,226",4:372:2|4:895:2|4:28:1
ckpt_3400.pt,4,972,0.4945536255836487,0.08913848549127579,0.4212626814842224,"142,197,9,133,210","96,110,121,39,79",4:13:2|4:250:2|4:326:2
ckpt_3400.pt,4,973,0.5152897238731384,0.09801144897937775,0.4311254620552063,"105,51,76,112,229","126,181,156,67,229",4:113:2|4:745:2|4:21:1
ckpt_3400.pt,4,974,0.5447099208831787,0.14146648347377777,0.444195419549942,"185,204,190,148,167","20,25,219,122,131",4:267:2|4:333:2|4:725:2
ckpt_3400.pt,4,975,0.4517046809196472,0.08284113556146622,0.38250723481178284,"254,12,172,140,9","50,245,59,80,186",4:94:2|4:153:2|4:415:2
ckpt_3400.pt,4,976,0.5172862410545349,0.09821807593107224,0.4440481662750244,"28,183,121,27,15","21,15,189,33,20",4:77:3|4:237:2|4:11:1
ckpt_3400.pt,4,977,0.487501859664917,0.0836021900177002,0.3939734101295471,"219,6,140,115,12","62,109,139,34,174",4:189:2|4:714:2|4:975:2
ckpt_3400.pt,4,978,0.4885448217391968,0.0955146849155426,0.43736109137535095,"93,149,164,146,103","39,233,90,51,175",4:504:2|4:739:2|4:6:1
ckpt_3400.pt,4,979,0.6313958764076233,0.13145805895328522,0.5139549374580383,"85,4,10,150,214","249,143,115,180,203",4:657:2|4:10:1|4:14:1
ckpt_3400.pt,4,980,0.4860822558403015,0.08068368583917618,0.41616517305374146,"75,245,71,103,230","62,32,58,247,165",4:87:2|4:92:2|4:239:2
ckpt_3400.pt,4,981,0.6008790135383606,0.11729149520397186,0.48002487421035767,"20,50,143,169,185","96,103,42,163,147",4:19:2|4:314:2|4:403:2
ckpt_3400.pt,4,982,0.5451874732971191,0.11230605840682983,0.46272405982017517,"248,52,59,101,188","12,229,238,249,11",4:43:2|4:673:2|4:754:2
ckpt_3400.pt,4,983,0.6053327918052673,0.11438143998384476,0.47670507431030273,"49,57,2,167,239","21,24,152,52,17",4:26:2|4:399:2|4:8:1
ckpt_3400.pt,4,984,0.5165605545043945,0.09338930994272232,0.4208205044269562,"137,67,183,86,41","77,188,254,197,156",4:39:2|4:202:2|4:569:2
ckpt_3400.pt,4,985,0.570238471031189,0.09213315695524216,0.4446364641189575,"176,30,65,252,39","79,141,32,132,253",4:0:1|4:30:1|4:64:1
ckpt_3400.pt,4,986,0.48516491055488586,0.10124709457159042,0.4363616406917572,"46,38,130,145,54","173,157,52,156,45",4:538:2|4:699:2|4:938:2
ckpt_3400.pt,4,987,0.5468568801879883,0.10292322188615799,0.44035160541534424,"230,55,194,93,114","158,7,186,182,225",4:94:2|4:661:2|4:820:2
ckpt_3400.pt,4,988,0.47195398807525635,0.07983271777629852,0.3976183235645294,"9,47,67,134,77","194,193,159,86,88",4:885:2|4:13:1|4:15:1
ckpt_3400.pt,4,989,0.45435693860054016,0.0865408331155777,0.40199828147888184,"2,213,125,139,216","43,105,65,206,192",4:213:2|4:312:2|4:516:2
ckpt_3400.pt,4,990,0.5383682250976562,0.08653606474399567,0.41851910948753357,"146,119,209,239,138","206,69,188,190,237",4:189:2|4:625:2|4:736:2
ckpt_3400.pt,4,991,0.5075798630714417,0.10466133058071136,0.42848750948905945,"177,204,57,243,205","245,114,95,58,76",4:192:2|4:225:2|4:299:2
ckpt_3400.pt,4,992,0.512281060218811,0.09926077723503113,0.4611389636993408,"114,156,51,122,17","13,180,153,115,66",4:336:2|4:528:2|4:764:2
ckpt_3400.pt,4,993,0.5464838147163391,0.10760357975959778,0.42482179403305054,"7,4,187,182,119","29,12,22,26,106",4:1:2|4:66:2|4:7:1
ckpt_3400.pt,4,994,0.6203939914703369,0.12548527121543884,0.5221961736679077,"84,252,25,234,130","243,102,89,205,165",4:17:2|4:129:2|4:927:2
ckpt_3400.pt,4,995,0.5291383266448975,0.10566794127225876,0.4688999354839325,"9,5,255,18,174","10,141,121,55,252",4:283:2|4:571:2|4:619:2
ckpt_3400.pt,4,996,0.5545754432678223,0.13496017456054688,0.4925518333911896,"147,192,140,52,249","192,99,111,235,184",4:27:1|4:31:1|4:38:1
ckpt_3400.pt,4,997,0.5827071666717529,0.10515198856592178,0.4637395143508911,"11,30,4,155,71","147,217,3,155,221",4:426:2|4:38:1|4:42:1
ckpt_3400.pt,4,998,0.5393940806388855,0.10226625204086304,0.446396142244339,"126,140,199,154,45","195,17,64,244,208",4:771:3|4:377:2|4:388:2
ckpt_3400.pt,4,999,0.5060523748397827,0.08854168653488159,0.43477973341941833,"127,146,166,41,72","124,27,209,141,162",4:16:2|4:6:1|4:10:1
ckpt_3400.pt,4,1000,0.4867421090602875,0.08516199886798859,0.4229532778263092,"95,247,182,178,122","88,236,151,64,16",4:139:2|4:18:1|4:27:1
ckpt_3400.pt,4,1001,0.47803252935409546,0.08581888675689697,0.4297650158405304,"186,156,182,168,0","60,28,214,189,17",4:416:2|4:533:2|4:555:2
ckpt_3400.pt,4,1002,0.5527721047401428,0.10636325925588608,0.44637447595596313,"189,202,246,14,195","28,15,36,216,126",4:505:2|4:2:1|4:7:1
ckpt_3400.pt,4,1003,0.4766489863395691,0.10352814197540283,0.39327773451805115,"24,155,198,58,127","112,139,170,238,20",4:59:2|4:132:2|4:208:2
ckpt_3400.pt,4,1004,0.5202420949935913,0.09203076362609863,0.4739912450313568,"188,103,208,85,8","134,104,38,207,73",4:739:2|4:36:1|4:43:1
ckpt_3400.pt,4,1005,0.4466363489627838,0.08374164998531342,0.3990626633167267,"227,206,103,62,102","95,67,255,244,105",4:36:2|4:355:2|4:775:2
ckpt_3400.pt,4,1006,0.47930893301963806,0.11019762605428696,0.44635817408561707,"181,231,119,205,156","85,13,118,186,99",4:68:2|4:18:1|4:22:1
ckpt_3400.pt,4,1007,0.5369411706924438,0.11583002656698227,0.4663562476634979,"124,223,243,80,94","210,92,160,102,52",4:643:2|4:791:2|4:1023:2
ckpt_3400.pt,4,1008,0.46013960242271423,0.10788417607545853,0.3901169002056122,"163,152,129,182,86","141,21,243,62,45",4:187:2|4:211:2|4:265:2
ckpt_3400.pt,4,1009,0.4955495297908783,0.10720717161893845,0.480211079120636,"205,101,138,35,212","140,232,248,50,147",4:630:2|4:813:2|4:830:2
ckpt_3400.pt,4,1010,0.529025137424469,0.12011371552944183,0.4330401122570038,"58,217,34,63,174","114,198,159,69,206",4:211:2|4:356:2|4:425:2
ckpt_3400.pt,4,1011,0.5988659262657166,0.09619265794754028,0.47486668825149536,"71,70,194,147,105","198,135,242,202,172",4:345:2|4:372:2|4:426:2
ckpt_3400.pt,4,1012,0.586534857749939,0.12377630174160004,0.4683839678764343,"29,216,50,98,171","238,98,245,139,200",4:629:2|4:631:2|4:719:2
ckpt_3400.pt,4,1013,0.4775485098361969,0.0759601965546608,0.3963167071342468,"29,26,54,187,170","68,200,91,143,80",4:158:2|4:421:2|4:538:2
ckpt_3400.pt,4,1014,0.4569348096847534,0.08006343990564346,0.3942462205886841,"124,248,198,211,46","144,198,44,47,195",4:170:2|4:200:2|4:538:2
ckpt_3400.pt,4,1015,0.4840465486049652,0.08370894938707352,0.3867425322532654,"252,41,204,63,232","160,139,98,118,202",4:267:2|4:493:2|4:601:2
ckpt_3400.pt,4,1016,0.5593599677085876,0.09796412289142609,0.48235851526260376,"163,231,139,79,45","111,1,57,250,149",4:731:2|4:866:2|4:965:2
ckpt_3400.pt,4,1017,0.5531301498413086,0.1221695989370346,0.49644798040390015,"217,96,60,58,119","189,24,112,37,174",4:164:2|4:211:2|4:445:2
ckpt_3400.pt,4,1018,0.5628291964530945,0.1075207069516182,0.49463802576065063,"167,89,51,69,7","53,30,89,147,100",4:310:2|4:359:2|4:525:2
ckpt_3400.pt,4,1019,0.521569550037384,0.0999787375330925,0.44485753774642944,"3,215,17,210,124","99,122,219,191,171",4:321:2|4:667:2|4:803:2
ckpt_3400.pt,4,1020,0.495643675327301,0.08728861808776855,0.4287334978580475,"156,165,223,66,195","58,35,211,105,232",4:354:2|4:370:2|4:505:2
ckpt_3400.pt,4,1021,0.4911433160305023,0.08273066580295563,0.42479777336120605,"237,1,39,206,170","120,23,68,105,118",4:241:2|4:32:1|4:36:1
ckpt_3400.pt,4,1022,0.5176191926002502,0.08576103299856186,0.4401184320449829,"137,133,218,110,219","73,135,6,51,3",4:13:2|4:473:2|4:4:1
ckpt_3400.pt,4,1023,0.5417315363883972,0.11169333755970001,0.47011977434158325,"152,190,94,243,18","45,158,74,92,233",4:350:2|4:619:2|4:743:2
ckpt_3400.pt,5,0,0.5475349426269531,0.09238768368959427,0.4591465890407562,"87,108,215,160,92","153,80,42,63,188",5:304:2|5:832:2|5:886:2
ckpt_3400.pt,5,1,0.5690415501594543,0.09526360780000687,0.44289159774780273,"17,142,217,183,151","166,49,119,12,151",5:24:2|5:266:2|5:348:2
ckpt_3400.pt,5,2,0.6058343648910522,0.1061054989695549,0.513210654258728,"179,167,12,76,144","105,11,182,112,34",5:439:3|5:134:2|5:480:2
ckpt_3400.pt,5,3,0.5693103075027466,0.10675821453332901,0.48954758048057556,"191,87,114,182,140","250,203,213,244,144",5:71:2|5:304:2|5:309:2
ckpt_3400.pt,5,4,0.568072497844696,0.09713873267173767,0.44123557209968567,"99,209,217,108,98","151,153,135,99,35",5:262:2|5:446:2|5:951:2
ckpt_3400.pt,5,5,0.5792897343635559,0.10452742129564285,0.5190800428390503,"3,246,219,40,96","199,81,58,115,63",5:494:2|5:628:2|5:6:1
ckpt_3400.pt,5,6,0.5095140337944031,0.13034212589263916,0.4344010353088379,"117,119,14,125,96","6,227,228,93,115",5:721:2|5:5:1|5:14:1
ckpt_3400.pt,5,7,0.4603689908981323,0.0687512755393982,0.4125239849090576,"115,168,37,75,202","136,243,84,183,69",5:48:2|5:207:2|5:376:2
ckpt_3400.pt,5,8,0.5476590394973755,0.09203733503818512,0.48361656069755554,"162,224,70,194,85","154,14,165,76,16",5:89:2|5:403:2|5:689:2
ckpt_3400.pt,5,9,0.4450952410697937,0.08501267433166504,0.41254425048828125,"112,84,218,15,212","232,29,192,164,148",5:344:2|5:560:2|5:714:2
ckpt_3400.pt,5,10,0.5703750252723694,0.1037934273481369,0.4584614038467407,"103,113,6,123,66","226,112,149,93,88",5:119:2|5:565:2|5:642:2
ckpt_3400.pt,5,11,0.5849502086639404,0.10951882600784302,0.4837254285812378,"254,134,235,46,252","57,189,21,96,234",5:97:2|5:458:2|5:16:1
ckpt_3400.pt,5,12,0.5131915211677551,0.10576234012842178,0.48051825165748596,"248,169,79,127,208","128,131,232,141,120",5:377:2|5:605:2|5:741:2
ckpt_3400.pt,5,13,0.538641095161438,0.09257885068655014,0.45478397607803345,"15,109,31,164,25","127,44,93,173,189",5:114:2|5:322:2|5:572:2
ckpt_3400.pt,5,14,0.5728685259819031,0.10311365127563477,0.46131882071495056,"207,247,89,14,80","34,247,80,202,2",5:737:2|5:830:2|5:832:2
ckpt_3400.pt,5,15,0.48015156388282776,0.09244152158498764,0.4283144474029541,"166,98,173,18,137","86,116,144,53,98",5:166:2|5:550:2|5:4:1
ckpt_3400.pt,5,16,0.4393654763698578,0.08388242870569229,0.41490110754966736,"79,134,135,207,112","119,249,191,234,163",5:40:2|5:200:2|5:9:1
ckpt_3400.pt,5,17,0.5734785199165344,0.10092268139123917,0.5193650722503662,"219,5,104,143,127","217,104,224,197,152",5:37:2|5:451:2|5:546:2
ckpt_3400.pt,5,18,0.5856474041938782,0.12213511765003204,0.4674896001815796,"182,217,34,56,170","41,189,97,223,106",5:234:2|5:299:2|5:349:2
ckpt_3400.pt,5,19,0.5439576506614685,0.13306808471679688,0.465737909078598,"235,131,203,58,223","118,31,224,30,78",5:63:2|5:123:2|5:197:2
ckpt_3400.pt,5,20,0.5331117510795593,0.08827036619186401,0.46242809295654297,"35,117,52,198,115","28,32,45,223,250",5:224:2|5:598:2|5:633:2
ckpt_3400.pt,5,21,0.5174286961555481,0.10412668436765671,0.47015976905822754,"49,29,231,251,69","199,197,63,183,201",5:836:2|5:1015:2|5:27:1
ckpt_3400.pt,5,22,0.5866022706031799,0.10198988020420074,0.4987011253833771,"86,200,87,99,172","98,67,16,202,153",5:126:2|5:429:2|5:640:2
ckpt_3400.pt,5,23,0.5539385080337524,0.10522271692752838,0.456224262714386,"141,244,183,2,43","214,151,176,186,141",5:30:2|5:540:2|5:770:2
ckpt_3400.pt,5,24,0.6575098633766174,0.1763070821762085,0.5206748247146606,"60,217,142,67,33","36,255,44,6,56",5:1:2|5:89:2|5:168:2
ckpt_3400.pt,5,25,0.6135592460632324,0.10966502130031586,0.5205891132354736,"37,226,146,79,57","227,91,109,59,204",5:207:2|5:353:2|5:855:2
ckpt_3400.pt,5,26,0.4523940682411194,0.07145535200834274,0.40892234444618225,"42,230,109,87,137","210,17,231,173,224",5:226:2|5:413:2|5:672:2
ckpt_3400.pt,5,27,0.47608301043510437,0.09289177507162094,0.4392220079898834,"63,17,24,251,101","111,233,61,97,176",5:378:2|5:389:2|5:784:2
ckpt_3400.pt,5,28,0.5928882360458374,0.10221122205257416,0.48390311002731323,"46,95,85,173,115","86,95,55,116,191",5:29:2|5:689:2|5:7:1
ckpt_3400.pt,5,29,0.5326735973358154,0.1089724749326706,0.4566071331501007,"85,129,147,46,167","99,29,73,208,86",5:28:2|5:115:2|5:396:2
ckpt_3400.pt,5,30,0.5366392731666565,0.0980432853102684,0.43445584177970886,"98,204,43,106,141","208,202,151,16,176",5:23:2|5:907:2|5:943:2
ckpt_3400.pt,5,31,0.5516015291213989,0.10040075331926346,0.45188528299331665,"107,74,35,98,40","15,115,80,52,37",5:213:2|5:541:2|5:842:2
ckpt_3400.pt,5,32,0.5375151634216309,0.09169623255729675,0.4847395122051239,"66,51,154,139,179","155,127,207,172,67",5:134:2|5:501:2|5:736:2
ckpt_3400.pt,5,33,0.4765308201313019,0.10253182798624039,0.40488868951797485,"190,184,239,163,60","209,52,110,241,4",5:62:2|5:82:2|5:255:2
ckpt_3400.pt,5,34,0.5688045620918274,0.09552701562643051,0.4800945222377777,"253,150,233,154,54","175,30,181,207,0",5:185:2|5:498:2|5:806:2
ckpt_3400.pt,5,35,0.48950907588005066,0.11553751677274704,0.4658498764038086,"82,226,27,119,255","49,138,11,52,227",5:107:2|5:507:2|5:523:2
ckpt_3400.pt,5,36,0.5661383867263794,0.1084560677409172,0.4841110408306122,"15,180,158,71,216","102,213,52,214,212",5:342:2|5:595:2|5:974:2
ckpt_3400.pt,5,37,0.45816561579704285,0.09760715067386627,0.4115782082080841,"143,186,175,99,104","89,167,248,1,3",5:17:2|5:115:2|5:4:1
ckpt_3400.pt,5,38,0.5143683552742004,0.10475850850343704,0.44398918747901917,"253,129,227,188,132","17,224,63,123,150",5:231:2|5:554:2|5:1006:2
ckpt_3400.pt,5,39,0.5969162583351135,0.14104071259498596,0.5390490889549255,"252,148,229,60,213","38,159,48,252,39",5:55:2|5:131:2|5:990:2
ckpt_3400.pt,5,40,0.5716270804405212,0.09941019862890244,0.47882890701293945,"96,157,135,79,49","80,89,187,67,78",5:16:2|5:56:2|5:200:2
ckpt_3400.pt,5,41,0.5627310872077942,0.10811472684144974,0.5136891007423401,"174,72,96,178,50","92,230,176,17,181",5:74:2|5:341:2|5:419:2
ckpt_3400.pt,5,42,0.5278016924858093,0.09499841183423996,0.4820933938026428,"9,242,18,59,235","248,238,136,74,197",5:43:2|5:195:2|5:839:2
ckpt_3400.pt,5,43,0.45433714985847473,0.08509186655282974,0.44791191816329956,"195,194,18,203,59","141,93,37,215,129",5:42:2|5:88:2|5:432:2
ckpt_3400.pt,5,44,0.6776425242424011,0.1166207492351532,0.5195403099060059,"222,248,181,136,164","94,92,164,122,37",5:76:2|5:289:2|5:502:2
ckpt_3400.pt,5,45,0.6197723746299744,0.12667906284332275,0.4921027719974518,"253,22,138,7,161","233,73,138,114,1",5:326:2|5:613:2|5:34:1
ckpt_3400.pt,5,46,0.5157434940338135,0.07815530151128769,0.4431746304035187,"172,245,56,117,24","178,125,105,206,72",5:563:2|5:621:2|5:959:2
ckpt_3400.pt,5,47,0.5186142325401306,0.10621049255132675,0.4538276791572571,"29,17,105,162,195","117,34,200,17,81",5:575:2|5:597:2|5:689:2
ckpt_3400.pt,5,48,0.5773700475692749,0.10412706434726715,0.4447649121284485,"115,171,249,70,75","218,20,101,26,223",5:7:2|5:257:2|5:370:2
ckpt_3400.pt,5,49,0.5153045654296875,0.08534830808639526,0.4455822706222534,"54,153,168,42,209","150,179,161,25,5",5:625:2|5:718:2|5:4:1
ckpt_3400.pt,5,50,0.5774493217468262,0.10420233011245728,0.46029165387153625,"103,25,193,40,110","206,225,119,140,183",5:443:2|5:5:1|5:10:1
ckpt_3400.pt,5,51,0.5211203098297119,0.07777569442987442,0.4648776948451996,"45,14,134,65,222","170,39,167,105,214",5:252:2|5:547:2|5:558:2
ckpt_3400.pt,5,52,0.5440261960029602,0.11506544053554535,0.5079765319824219,"142,190,71,133,226","233,197,221,15,131",5:312:2|5:465:2|5:742:2
ckpt_3400.pt,5,53,0.6141054630279541,0.133968785405159,0.5175260901451111,"221,153,252,228,200","25,48,140,205,227",5:11:1|5:22:1|5:39:1
ckpt_3400.pt,5,54,0.5479617714881897,0.09538287669420242,0.5124185085296631,"17,208,16,131,11","204,220,209,254,182",5:233:2|5:569:2|5:582:2
ckpt_3400.pt,5,55,0.5143327713012695,0.08693355321884155,0.42249932885169983,"213,60,228,97,37","219,35,231,214,105",5:39:2|5:285:2|5:307:2
ckpt_3400.pt,5,56,0.5129868984222412,0.08975381404161453,0.4643256664276123,"243,216,192,96,157","23,30,29,195,255",5:40:2|5:235:2|5:626:2
ckpt_3400.pt,5,57,0.428329735994339,0.07502604275941849,0.3955827057361603,"68,233,161,117,165","86,116,208,135,222",5:494:2|5:6:1|5:20:1
ckpt_3400.pt,5,58,0.5313113927841187,0.09719762206077576,0.4908958673477173,"26,231,6,164,24","148,103,163,6,159",5:577:2|5:10:1|5:13:1
ckpt_3400.pt,5,59,0.580955445766449,0.11401980370283127,0.5073160529136658,"196,21,24,121,34","104,252,134,194,120",5:183:2|5:406:2|5:642:2
ckpt_3400.pt,5,60,0.4851616322994232,0.09682205319404602,0.4338169991970062,"120,5,54,224,55","186,65,150,38,109",5:180:2|5:445:2|5:8:1
ckpt_3400.pt,5,61,0.5032575726509094,0.09326329082250595,0.4596584141254425,"217,166,119,49,200","219,32,70,116,218",5:1:1|5:4:1|5:6:1
ckpt_3400.pt,5,62,0.628097414970398,0.11386560648679733,0.5236517190933228,"60,190,120,220,3","11,227,21,69,62",5:33:2|5:103:2|5:695:2
ckpt_3400.pt,5,63,0.5750895142555237,0.10962650179862976,0.4744187295436859,"223,113,58,193,157","188,8,205,203,168",5:19:2|5:278:2|5:329:2
ckpt_3400.pt,5,64,0.5833773016929626,0.10731056332588196,0.46747028827667236,"195,53,163,199,222","58,203,217,157,34",5:136:2|5:163:2|5:386:2
ckpt_3400.pt,5,65,0.46564844250679016,0.08486919850111008,0.38510724902153015,"194,80,82,45,98","251,141,88,167,11",5:268:2|5:446:2|5:662:2
ckpt_3400.pt,5,66,0.5101889371871948,0.09475849568843842,0.488528847694397,"107,6,62,224,187","243,25,4,149,133",5:79:2|5:155:2|5:455:2
ckpt_3400.pt,5,67,0.5689049363136292,0.1046566516160965,0.47578418254852295,"72,1,249,52,58","104,193,77,56,72",5:492:2|5:821:2|5:19:1
ckpt_3400.pt,5,68,0.5815672874450684,0.09826629608869553,0.49807560443878174,"5,82,60,243,25","249,248,229,205,24",5:307:2|5:903:2|5:13:1
ckpt_3400.pt,5,69,0.5866219997406006,0.12207890301942825,0.4644356966018677,"185,75,102,11,190","24,252,104,169,171",5:253:2|5:612:2|5:7:1
ckpt_3400.pt,5,70,0.6268539428710938,0.12258085608482361,0.49783605337142944,"253,19,3,201,30","245,142,132,230,145",5:91:2|5:222:2|5:739:2
ckpt_3400.pt,5,71,0.4726411700248718,0.08854088187217712,0.44338953495025635,"28,195,140,182,5","22,102,189,5,243",5:3:2|5:158:2|5:317:2
ckpt_3400.pt,5,72,0.4777841567993164,0.07052672654390335,0.43201178312301636,"197,103,240,55,251","224,159,63,106,115",5:926:2|5:10:1|5:21:1
ckpt_3400.pt,5,73,0.5325381755828857,0.09419503062963486,0.4653722941875458,"114,2,97,184,197","146,26,184,106,65",5:331:2|5:724:2|5:3:1
ckpt_3400.pt,5,74,0.48742902278900146,0.07765691727399826,0.44681277871131897,"175,84,178,240,72","25,35,216,151,153",5:41:2|5:596:2|5:621:2
ckpt_3400.pt,5,75,0.5467092394828796,0.08860624581575394,0.46292176842689514,"98,92,228,178,101","70,226,8,116,225",5:469:2|5:579:2|5:584:2
ckpt_3400.pt,5,76,0.4840291738510132,0.11615746468305588,0.4493507146835327,"248,222,177,115,227","136,48,38,116,141",5:44:2|5:289:2|5:514:2
ckpt_3400.pt,5,77,0.5202964544296265,0.10222989320755005,0.43077319860458374,"165,188,83,226,69","246,27,84,30,112",5:511:2|5:726:2|5:21:1
ckpt_3400.pt,5,78,0.47090986371040344,0.0855959877371788,0.40663614869117737,"161,87,173,88,107","27,149,98,166,105",5:694:2|5:0:1|5:3:1
ckpt_3400.pt,5,79,0.5481914281845093,0.1326255202293396,0.4596869647502899,"97,6,187,132,220","170,19,105,26,52",5:66:2|5:204:2|5:10:1
ckpt_3400.pt,5,80,0.49094900488853455,0.09287117421627045,0.41522252559661865,"28,42,20,114,82","32,33,141,207,26",5:534:2|5:657:2|5:662:2
ckpt_3400.pt,5,81,0.5608201622962952,0.09566578269004822,0.4870152473449707,"27,149,235,16,147","3,37,35,85,222",5:178:2|5:485:2|5:610:2
ckpt_3400.pt,5,82,0.4854126274585724,0.0904022827744484,0.4013931453227997,"190,163,51,168,63","234,52,18,174,60",5:33:2|5:319:2|5:501:2
ckpt_3400.pt,5,83,0.5231043696403503,0.10656485706567764,0.462356835603714,"225,122,120,43,197","56,27,92,137,169",5:499:3|5:403:2|5:23:1
ckpt_3400.pt,5,84,0.5252745151519775,0.09210975468158722,0.44630059599876404,"52,30,59,162,234","87,96,103,194,215",5:88:2|5:658:2|5:958:2
ckpt_3400.pt,5,85,0.5602678060531616,0.13391949236392975,0.501665472984314,"81,185,88,155,17","99,141,228,217,88",5:561:2|5:713:2|5:917:2
ckpt_3400.pt,5,86,0.5427090525627136,0.10062189400196075,0.4960576593875885,"83,169,59,108,153","31,37,92,75,70",5:125:2|5:255:2|5:446:2
ckpt_3400.pt,5,87,0.5860146284103394,0.12280602008104324,0.47444260120391846,"167,14,178,226,161","86,250,77,214,101",5:694:2|5:819:2|5:989:2
ckpt_3400.pt,5,88,0.6249133348464966,0.12950538098812103,0.5295941829681396,"59,194,77,52,14","39,170,137,36,140",5:43:2|5:84:2|5:737:2
ckpt_3400.pt,5,89,0.5892046689987183,0.09873511642217636,0.4858759641647339,"171,142,194,162,60","211,251,125,220,37",5:8:2|5:24:2|5:323:2
ckpt_3400.pt,5,90,0.4655331075191498,0.0936579555273056,0.43585243821144104,"17,197,37,39,253","243,7,198,98,255",5:875:2|5:1006:2|5:1:1
ckpt_3400.pt,5,91,0.4729507267475128,0.08648030459880829,0.4158506393432617,"30,184,253,73,99","3,225,107,53,171",5:70:2|5:380:2|5:552:2
ckpt_3400.pt,5,92,0.5426255464553833,0.13135015964508057,0.4912489950656891,"160,109,41,154,20","125,232,113,93,70",5:137:2|5:426:2|5:758:2
ckpt_3400.pt,5,93,0.5112518668174744,0.097493015229702,0.42993447184562683,"110,44,121,89,19","186,29,197,236,211",5:599:2|5:14:1|5:50:1
ckpt_3400.pt,5,94,0.6035664081573486,0.11034951359033585,0.4823598265647888,"169,232,167,126,185","191,119,71,208,217",5:141:2|5:411:2|5:554:2
ckpt_3400.pt,5,95,0.39955225586891174,0.06383097171783447,0.37290289998054504,"167,71,192,227,103","8,98,131,177,148",5:687:2|5:2:1|5:10:1
ckpt_3400.pt,5,96,0.5560885071754456,0.10784286260604858,0.45997354388237,"143,75,122,159,55","121,201,45,60,167",5:980:2|5:7:1|5:17:1
ckpt_3400.pt,5,97,0.5230377912521362,0.11467987298965454,0.41579750180244446,"235,37,35,126,46","67,63,31,164,228",5:11:2|5:167:2|5:776:2
ckpt_3400.pt,5,98,0.5258946418762207,0.08989694714546204,0.43196436762809753,"48,154,110,208,97","127,107,197,168,31",5:233:2|5:256:2|5:801:2
ckpt_3400.pt,5,99,0.5149797797203064,0.11746388673782349,0.4759010076522827,"116,101,158,110,104","150,24,95,106,112",5:104:2|5:202:2|5:682:2
ckpt_3400.pt,5,100,0.48319125175476074,0.09948842227458954,0.43251168727874756,"224,156,196,235,4","59,64,36,76,4",5:288:2|5:485:2|5:8:1
ckpt_3400.pt,5,101,0.6146281361579895,0.1229526549577713,0.4847048819065094,"24,158,80,203,220","37,83,174,201,235",5:175:2|5:238:2|5:559:2
ckpt_3400.pt,5,102,0.5616729259490967,0.09524929523468018,0.47000953555107117,"35,156,73,11,78","199,48,153,28,107",5:416:2|5:750:2|5:765:2
ckpt_3400.pt,5,103,0.5110674500465393,0.09628988057374954,0.44612762331962585,"40,220,160,60,65","200,214,143,177,11",5:62:2|5:307:2|5:696:2
ckpt_3400.pt,5,104,0.545134961605072,0.10534808039665222,0.5108658075332642,"183,155,223,101,158","60,247,246,230,141",5:99:2|5:1:1|5:19:1
ckpt_3400.pt,5,105,0.5474113821983337,0.11827058345079422,0.462185263633728,"222,15,26,237,252","170,146,187,135,42",5:501:2|5:774:2|5:895:2
ckpt_3400.pt,5,106,0.5238474011421204,0.11012466251850128,0.4769316017627716,"189,201,237,249,106","221,86,214,220,117",5:1003:2|5:30:1|5:48:1
ckpt_3400.pt,5,107,0.557500422000885,0.09988251328468323,0.49339473247528076,"226,229,82,170,3","50,55,226,161,148",5:35:2|5:366:2|5:560:2
ckpt_3400.pt,5,108,0.5203399062156677,0.11452171951532364,0.43771013617515564,"142,197,11,22,163","101,143,42,54,227",5:617:3|5:145:2|5:208:2
ckpt_3400.pt,5,109,0.43143966794013977,0.09125471115112305,0.37000539898872375,"215,185,43,29,132","43,161,40,131,60",5:510:2|5:564:2|5:0:1
ckpt_3400.pt,5,110,0.6365634202957153,0.13151241838932037,0.5041422843933105,"129,198,136,58,94","131,58,254,129,34",5:224:2|5:796:2|5:19:1
ckpt_3400.pt,5,111,0.43247830867767334,0.07936184853315353,0.4104064702987671,"247,3,202,86,132","89,167,63,200,209",5:315:2|5:5:1|5:7:1
ckpt_3400.pt,5,112,0.5504848957061768,0.10270620882511139,0.4596900939941406,"64,46,148,10,55","76,34,159,180,95",5:667:2|5:935:2|5:11:1
ckpt_3400.pt,5,113,0.5386638641357422,0.1031811535358429,0.4515939950942993,"205,209,131,68,226","123,234,214,175,225",5:4:1|5:19:1|5:25:1
ckpt_3400.pt,5,114,0.49754244089126587,0.087330162525177,0.4562198221683502,"15,164,11,23,202","68,170,3,39,127",5:13:2|5:535:2|5:1011:2
ckpt_3400.pt,5,115,0.48680579662323,0.09026642888784409,0.4418272376060486,"167,129,104,240,99","122,195,3,14,68",5:29:2|5:37:2|5:533:2
ckpt_3400.pt,5,116,0.46542978286743164,0.10127241164445877,0.4256361722946167,"99,32,117,29,188","1,37,145,98,213",5:597:2|5:685:2|5:708:2
ckpt_3400.pt,5,117,0.47273287177085876,0.08918557316064835,0.43230634927749634,"19,249,191,66,109","83,78,255,159,104",5:212:2|5:222:2|5:322:2
ckpt_3400.pt,5,118,0.5843440890312195,0.11303003877401352,0.48407095670700073,"84,14,211,85,234","117,155,33,67,183",5:825:2|5:6:1|5:8:1
ckpt_3400.pt,5,119,0.46740278601646423,0.09555526077747345,0.44015100598335266,"43,194,103,236,6","93,225,33,188,97",5:10:2|5:674:2|5:926:2
ckpt_3400.pt,5,120,0.5950778126716614,0.11893904954195023,0.49602264165878296,"0,219,46,236,179","139,4,2,174,27",5:414:2|5:467:2|5:2:1
ckpt_3400.pt,5,121,0.5878772735595703,0.09755706042051315,0.4988064765930176,"149,234,243,80,4","44,45,224,40,238",5:962:3|5:14:1|5:56:1
ckpt_3400.pt,5,122,0.5315670967102051,0.10014471411705017,0.472886860370636,"52,18,178,64,208","69,129,48,13,59",5:529:2|5:986:2|5:12:1
ckpt_3400.pt,5,123,0.5902153253555298,0.0999426394701004,0.47376787662506104,"171,58,13,131,207","173,239,143,115,19",5:19:2|5:335:2|5:791:2
ckpt_3400.pt,5,124,0.45294225215911865,0.10309171676635742,0.432650625705719,"78,48,119,107,12","76,251,162,49,25",5:273:2|5:391:2|5:628:2
ckpt_3400.pt,5,125,0.46469491720199585,0.08478623628616333,0.3992152810096741,"169,112,137,6,108","149,241,53,90,10",5:86:2|5:771:2|5:817:2
ckpt_3400.pt,5,126,0.48156917095184326,0.11318253725767136,0.46969762444496155,"87,101,200,13,214","153,219,143,2,126",5:22:2|5:313:2|5:640:2
ckpt_3400.pt,5,127,0.5973296165466309,0.11120399087667465,0.5082764029502869,"112,163,205,19,122","154,198,124,132,131",5:298:2|5:9:1|5:16:1
ckpt_3400.pt,5,128,0.46698620915412903,0.0815463587641716,0.40102100372314453,"37,159,92,171,125","1,190,60,204,125",5:884:2|5:0:1|5:6:1
ckpt_3400.pt,5,129,0.5195900201797485,0.09582271426916122,0.4546769857406616,"61,95,206,187,217","71,172,4,223,39",5:1:1|5:4:1|5:18:1
ckpt_3400.pt,5,130,0.5455382466316223,0.10444134473800659,0.46381065249443054,"143,225,252,164,101","172,223,193,16,2",5:578:2|5:11:1|5:13:1
ckpt_3400.pt,5,131,0.6507560610771179,0.1366746872663498,0.5187440514564514,"200,148,23,229,35","74,96,127,255,81",5:39:2|5:138:2|5:372:2
ckpt_3400.pt,5,132,0.5399723649024963,0.1001233384013176,0.4420548379421234,"154,10,82,100,200","74,43,7,178,54",5:625:2|5:736:2|5:22:1
ckpt_3400.pt,5,133,0.5789578557014465,0.09983951598405838,0.4823093116283417,"117,95,131,112,91","151,187,146,223,209",5:384:2|5:771:2|5:6:1
ckpt_3400.pt,5,134,0.5012898445129395,0.08824998140335083,0.47065672278404236,"220,55,144,179,139","133,240,43,227,205",5:2:2|5:32:2|5:227:2
ckpt_3400.pt,5,135,0.49673783779144287,0.08480056375265121,0.4593646824359894,"94,65,47,194,15","167,100,216,156,76",5:340:2|5:811:2|5:8:1
ckpt_3400.pt,5,136,0.5374130606651306,0.10642850399017334,0.47855815291404724,"163,156,0,53,202","75,143,197,137,102",5:64:2|5:7:1|5:33:1
ckpt_3400.pt,5,137,0.5026338696479797,0.08300435543060303,0.429934024810791,"41,109,148,106,36","50,112,247,171,151",5:92:2|5:866:2|5:965:2
ckpt_3400.pt,5,138,0.5225387811660767,0.10502567887306213,0.41703760623931885,"105,23,161,200,104","212,20,34,253,27",5:131:2|5:604:2|5:631:2
ckpt_3400.pt,5,139,0.5074742436408997,0.11758239567279816,0.43860453367233276,"8,143,62,191,33","92,222,154,99,111",5:168:2|5:928:2|5:3:1
ckpt_3400.pt,5,140,0.4832407832145691,0.09546204656362534,0.4049072563648224,"121,0,95,208,174","26,251,52,3,109",5:233:2|5:260:2|5:12:1
ckpt_3400.pt,5,141,0.49884551763534546,0.11251481622457504,0.41851121187210083,"38,71,126,185,39","55,203,143,112,145",5:94:2|5:687:2|5:838:2
ckpt_3400.pt,5,142,0.5193729400634766,0.094886913895607,0.45073458552360535,"55,48,109,111,9","229,217,149,68,52",5:381:2|5:530:2|5:726:2
ckpt_3400.pt,5,143,0.5356070399284363,0.09307980537414551,0.5036614537239075,"175,158,204,230,44","41,187,15,221,86",5:769:2|5:26:1|5:30:1
ckpt_3400.pt,5,144,0.5077008008956909,0.14556702971458435,0.4444933533668518,"214,86,88,212,35","61,100,186,71,81",5:483:2|5:700:2|5:9:1
ckpt_3400.pt,5,145,0.4517067074775696,0.07473865896463394,0.39891019463539124,"227,163,24,89,197","133,43,7,74,18",5:108:2|5:295:2|5:621:2
ckpt_3400.pt,5,146,0.6231933236122131,0.11368770152330399,0.4932086765766144,"38,192,238,62,37","68,42,133,119,231",5:285:2|5:332:2|5:394:2
ckpt_3400.pt,5,147,0.49936044216156006,0.09446779638528824,0.4341246783733368,"47,153,14,87,37","55,17,68,107,7",5:678:2|5:0:1|5:3:1
ckpt_3400.pt,5,148,0.49948251247406006,0.08988340198993683,0.4632781744003296,"102,147,228,151,22","149,41,166,240,231",5:204:2|5:348:2|5:396:2
ckpt_3400.pt,5,149,0.4991520643234253,0.12060927599668503,0.4469723701477051,"148,234,156,215,206","217,51,232,167,197",5:732:2|5:0:1|5:39:1
ckpt_3400.pt,5,150,0.5059815049171448,0.09397852420806885,0.4446185231208801,"100,101,51,85,0","6,189,49,251,203",5:206:2|5:447:2|5:823:2
ckpt_3400.pt,5,151,0.4590443968772888,0.07628528028726578,0.39990752935409546,"234,51,226,116,77","32,4,92,50,170",5:206:2|5:684:2|5:25:1
ckpt_3400.pt,5,152,0.5629412531852722,0.12151065468788147,0.484873503446579,"124,255,230,81,245","149,124,112,11,184",5:727:2|5:26:1|5:35:1
ckpt_3400.pt,5,153,0.5235072374343872,0.08999712020158768,0.4571778178215027,"12,94,132,141,158","65,41,203,56,105",5:238:2|5:667:2|5:2:1
ckpt_3400.pt,5,154,0.4806309938430786,0.08410240709781647,0.4534778296947479,"40,56,62,135,44","60,190,21,65,42",5:332:2|5:387:2|5:721:2
ckpt_3400.pt,5,155,0.49985116720199585,0.09180324524641037,0.442585825920105,"114,95,107,6,79","116,110,147,226,112",5:66:2|5:248:2|5:771:2
ckpt_3400.pt,5,156,0.5343780517578125,0.11095908284187317,0.4826379418373108,"25,182,242,65,53","18,123,217,196,191",5:307:2|5:3:1|5:13:1
ckpt_3400.pt,5,157,0.5830774903297424,0.08697580546140671,0.4970669746398926,"202,176,5,51,150","60,183,21,144,170",5:290:2|5:338:2|5:549:2
ckpt_3400.pt,5,158,0.5096186399459839,0.09036790579557419,0.4714520573616028,"182,63,30,209,28","26,61,241,229,100",5:71:2|5:225:2|5:349:2
ckpt_3400.pt,5,159,0.606482744216919,0.11023502796888351,0.4982410669326782,"227,180,101,218,96","182,146,228,62,206",5:341:2|5:415:2|5:823:2
ckpt_3400.pt,5,160,0.5082729458808899,0.09061657637357712,0.46001797914505005,"90,69,220,212,146","150,164,109,148,86",5:483:2|5:695:2|5:783:2
ckpt_3400.pt,5,161,0.5045158267021179,0.0885440781712532,0.42867085337638855,"69,17,223,12,210","150,144,160,65,83",5:266:2|5:820:2|5:1:1
ckpt_3400.pt,5,162,0.5565904378890991,0.12646886706352234,0.4759562611579895,"224,147,29,242,19","108,170,150,48,100",5:438:2|5:716:2|5:8:1
ckpt_3400.pt,5,163,0.4575566053390503,0.08110422641038895,0.42800164222717285,"120,199,195,138,178","182,144,60,149,205",5:64:2|5:654:2|5:907:2
ckpt_3400.pt,5,164,0.47119468450546265,0.08275438100099564,0.42161253094673157,"64,210,13,186,129","155,19,22,187,121",5:432:2|5:29:1|5:37:1
ckpt_3400.pt,5,165,0.5168302059173584,0.10843836516141891,0.47975823283195496,"3,196,254,216,75","250,244,73,7,196",5:336:2|5:407:2|5:628:2
ckpt_3400.pt,5,166,0.5362144708633423,0.09842703491449356,0.48051485419273376,"36,166,18,116,2","253,36,9,29,91",5:15:2|5:331:2|5:400:2
ckpt_3400.pt,5,167,0.4031383991241455,0.07648025453090668,0.3935166001319885,"76,126,201,46,174","88,199,254,7,188",5:97:2|5:706:2|5:973:2
ckpt_3400.pt,5,168,0.7047691941261292,0.1427973359823227,0.5316787958145142,"143,156,60,217,191","238,101,53,73,220",5:24:2|5:139:2|5:214:2
ckpt_3400.pt,5,169,0.49896347522735596,0.10854985564947128,0.4785946011543274,"173,197,155,202,138","224,2,190,169,91",5:583:2|5:597:2|5:7:1
ckpt_3400.pt,5,170,0.5132399201393127,0.09770739078521729,0.4664650559425354,"198,65,173,36,113","232,236,21,173,153",5:182:2|5:402:2|5:418:2
ckpt_3400.pt,5,171,0.5463532209396362,0.11710189282894135,0.48573750257492065,"63,66,114,122,244","95,55,222,71,227",5:573:2|5:770:2|5:3:1
ckpt_3400.pt,5,172,0.5317870378494263,0.0823177769780159,0.45803502202033997,"218,122,27,160,124","69,203,142,206,115",5:304:2|5:620:2|5:0:1
ckpt_3400.pt,5,173,0.4339865446090698,0.09647513180971146,0.3973860740661621,"139,132,241,105,99","44,23,186,108,170",5:363:2|5:575:2|5:4:1
ckpt_3400.pt,5,174,0.5274245738983154,0.08789369463920593,0.44934964179992676,"187,9,73,230,226","7,150,93,31,42",5:393:2|5:725:2|5:839:2
ckpt_3400.pt,5,175,0.6233701109886169,0.11077854037284851,0.482297420501709,"246,126,24,80,221","97,119,206,69,107",5:101:2|5:378:2|5:847:2
ckpt_3400.pt,5,176,0.4489789307117462,0.09402003884315491,0.4244186580181122,"6,174,91,59,57","96,113,95,151,89",5:565:2|5:670:2|5:834:2
ckpt_3400.pt,5,177,0.5550857186317444,0.10961952060461044,0.4939022660255432,"114,22,94,180,133","179,136,86,171,103",5:397:2|5:608:2|5:613:2
ckpt_3400.pt,5,178,0.5853572487831116,0.11999066919088364,0.5019534230232239,"27,71,94,173,149","217,231,158,55,187",5:81:2|5:15:1|5:28:1
ckpt_3400.pt,5,179,0.5632817149162292,0.0928935781121254,0.46822237968444824,"22,77,222,230,212","184,58,218,88,165",5:222:2|5:522:2|5:9:1
ckpt_3400.pt,5,180,0.64895099401474,0.11340309679508209,0.4998456537723541,"67,120,213,84,55","218,101,139,69,245",5:60:2|5:499:2|5:833:2
ckpt_3400.pt,5,181,0.5319135189056396,0.10210978984832764,0.4499455988407135,"52,116,43,8,252","184,71,87,135,74",5:399:2|5:420:2|5:480:2
ckpt_3400.pt,5,182,0.5497421026229858,0.10138079524040222,0.45833560824394226,"198,247,23,154,65","84,131,209,230,118",5:170:2|5:302:2|5:339:2
ckpt_3400.pt,5,183,0.4908495843410492,0.07837048918008804,0.44607555866241455,"196,94,168,179,24","169,236,27,24,211",5:59:2|5:466:2|5:2:1
ckpt_3400.pt,5,184,0.4762226641178131,0.10939908772706985,0.43287551403045654,"186,161,37,207,191","198,130,227,112,61",5:212:2|5:218:2|5:351:2
ckpt_3400.pt,5,185,0.579096794128418,0.11236690729856491,0.48002392053604126,"86,54,201,154,205","184,185,35,27,94",5:34:2|5:321:2|5:337:2
ckpt_3400.pt,5,186,0.47734951972961426,0.08183740824460983,0.4328429698944092,"235,81,192,141,95","66,174,233,136,252",5:250:2|5:524:2|5:11:1
ckpt_3400.pt,5,187,0.5383110046386719,0.10923494398593903,0.4620516002178192,"184,220,66,233,82","234,36,125,174,13",5:351:2|5:696:2|5:736:2
ckpt_3400.pt,5,188,0.488929808139801,0.08366609364748001,0.4501245319843292,"220,133,18,1,14","78,45,191,47,169",5:332:2|5:421:2|5:550:2
ckpt_3400.pt,5,189,0.5134857892990112,0.08983322978019714,0.41992583870887756,"54,81,181,171,49","218,108,97,202,4",5:346:2|5:436:2|5:449:2
ckpt_3400.pt,5,190,0.5949325561523438,0.08993296325206757,0.46917301416397095,"218,146,9,30,61","176,202,223,34,143",5:626:2|5:1001:2|5:9:1
ckpt_3400.pt,5,191,0.5184484720230103,0.10626622289419174,0.46733856201171875,"165,182,208,212,232","154,207,168,137,27",5:271:2|5:317:2|5:401:2
ckpt_3400.pt,5,192,0.4761919379234314,0.0879516750574112,0.4167436957359314,"47,17,30,22,178","254,25,134,191,64",5:364:2|5:606:2|5:608:2
ckpt_3400.pt,5,193,0.4885190427303314,0.09144416451454163,0.41780978441238403,"156,222,145,49,82","251,104,132,81,124",5:228:2|5:21:1|5:35:1
ckpt_3400.pt,5,194,0.5233405828475952,0.08810270577669144,0.44099804759025574,"9,206,103,244,179","0,92,23,117,6",5:539:2|5:639:2|5:924:2
ckpt_3400.pt,5,195,0.5478068590164185,0.09817302227020264,0.45406532287597656,"123,9,59,200,126","250,196,120,123,74",5:42:2|5:514:2|5:658:2
ckpt_3400.pt,5,196,0.5869052410125732,0.10895831882953644,0.4926202595233917,"173,66,151,10,252","18,105,123,55,189",5:583:2|5:611:2|5:1:1
ckpt_3400.pt,5,197,0.547463595867157,0.09715166687965393,0.4808080494403839,"150,131,213,214,223","212,27,150,63,186",5:19:2|5:199:2|5:285:2
ckpt_3400.pt,5,198,0.48188623785972595,0.09659716486930847,0.4007042944431305,"226,76,109,241,211","159,56,240,248,81",5:461:2|5:586:2|5:680:2
ckpt_3400.pt,5,199,0.4768742620944977,0.10645165294408798,0.4286230504512787,"213,214,30,147,119","19,38,201,191,119",5:197:2|5:292:2|5:340:2
ckpt_3400.pt,5,200,0.4214455485343933,0.11277739703655243,0.35570594668388367,"198,79,63,135,202","160,126,16,140,3",5:16:2|5:40:2|5:778:2
ckpt_3400.pt,5,201,0.47083580493927,0.1013166531920433,0.4265550971031189,"237,7,156,208,129","243,2,27,234,139",5:247:2|5:822:2|5:12:1
ckpt_3400.pt,5,202,0.593604326248169,0.12389209121465683,0.48140010237693787,"9,116,101,27,217","141,229,191,38,112",5:99:2|5:327:2|5:343:2
ckpt_3400.pt,5,203,0.5385573506355286,0.10377566516399384,0.49141445755958557,"105,37,58,55,190","4,98,118,209,247",5:207:2|5:704:2|5:858:2
ckpt_3400.pt,5,204,0.5788189768791199,0.08864663541316986,0.49959033727645874,"220,132,101,147,151","206,76,143,39,130",5:79:2|5:148:2|5:348:2
ckpt_3400.pt,5,205,0.5425292253494263,0.10035575926303864,0.47423380613327026,"25,11,218,52,49","53,39,36,159,59",5:9:1|5:13:1|5:20:1
ckpt_3400.pt,5,206,0.5420895218849182,0.10493575036525726,0.4843900799751282,"51,118,214,77,0","56,248,175,63,144",5:150:2|5:151:2|5:445:2
ckpt_3400.pt,5,207,0.5619463324546814,0.11282174289226532,0.4939877986907959,"37,105,75,57,219","63,251,45,71,53",5:405:3|5:7:2|5:25:2
ckpt_3400.pt,5,208,0.5687502026557922,0.10223805159330368,0.5030469298362732,"11,113,243,247,197","153,215,39,207,62",5:108:2|5:637:2|5:10:1
ckpt_3400.pt,5,209,0.5464770793914795,0.11533009260892868,0.4732458293437958,"154,129,224,219,131","126,61,96,89,145",5:233:2|5:424:2|5:582:2
ckpt_3400.pt,5,210,0.5678813457489014,0.10700513422489166,0.49199217557907104,"152,151,29,92,50","88,172,98,85,54",5:0:1|5:1:1|5:21:1
ckpt_3400.pt,5,211,0.48761168122291565,0.08011803776025772,0.4537254273891449,"6,156,249,122,101","111,247,178,149,2",5:10:1|5:27:1|5:48:1
ckpt_3400.pt,5,212,0.5488308668136597,0.1126481145620346,0.4978023171424866,"100,191,186,67,19","94,150,82,5,228",5:117:2|5:184:2|5:219:2
ckpt_3400.pt,5,213,0.48776835203170776,0.08175152540206909,0.4578903019428253,"102,35,107,36,47","197,78,93,138,104",5:31:2|5:630:2|5:819:2
ckpt_3400.pt,5,214,0.5332843065261841,0.0933985486626625,0.46599939465522766,"156,174,170,60,204","217,10,135,154,26",5:168:2|5:954:2|5:18:1
ckpt_3400.pt,5,215,0.5198785662651062,0.10320021212100983,0.4585527777671814,"33,100,23,155,211","112,85,89,154,17",5:609:2|5:922:2|5:24:1
ckpt_3400.pt,5,216,0.573494017124176,0.1064557433128357,0.4753768742084503,"54,108,195,24,72","243,235,63,203,80",5:419:2|5:594:2|5:960:2
ckpt_3400.pt,5,217,0.49924448132514954,0.10589447617530823,0.4196803867816925,"85,157,109,184,98","63,17,183,20,245",5:846:2|5:4:1|5:8:1
ckpt_3400.pt,5,218,0.5060404539108276,0.09882775694131851,0.4625057876110077,"254,37,86,186,165","91,45,70,233,121",5:184:2|5:264:2|5:519:2
ckpt_3400.pt,5,219,0.5043179392814636,0.10234978795051575,0.46554306149482727,"100,166,191,129,243","17,253,14,229,197",5:212:2|5:914:2|5:996:2
ckpt_3400.pt,5,220,0.5430721640586853,0.12854832410812378,0.47559410333633423,"28,222,1,55,223","204,188,148,137,23",5:19:1|5:44:1|5:51:1
ckpt_3400.pt,5,221,0.5409342646598816,0.10412803292274475,0.4776843786239624,"45,12,219,215,36","2,127,166,108,24",5:500:2|5:540:2|5:922:2
ckpt_3400.pt,5,222,0.4731730818748474,0.09140638262033463,0.4162284731864929,"201,19,212,191,222","116,89,216,147,1",5:70:2|5:117:2|5:179:2
ckpt_3400.pt,5,223,0.5611376762390137,0.09840960800647736,0.46365970373153687,"20,153,84,100,241","249,119,124,242,234",5:9:1|5:49:1|5:53:1
ckpt_3400.pt,5,224,0.5723150372505188,0.1377379149198532,0.451485276222229,"7,35,198,94,171","158,97,191,69,245",5:20:2|5:110:2|5:910:2
ckpt_3400.pt,5,225,0.5736676454544067,0.10374865680932999,0.4724208414554596,"63,209,231,185,50","252,159,192,225,1",5:158:2|5:541:2|5:584:2
ckpt_3400.pt,5,226,0.5014107823371887,0.09119725972414017,0.46064144372940063,"134,164,42,230,32","138,79,28,27,117",5:26:2|5:462:2|5:592:2
ckpt_3400.pt,5,227,0.6005620956420898,0.13055619597434998,0.45641839504241943,"130,144,142,250,220","130,99,34,196,12",5:134:2|5:324:2|5:714:2
ckpt_3400.pt,5,228,0.5120561122894287,0.08974272012710571,0.4427812695503235,"126,191,145,49,250","130,178,46,212,9",5:193:2|5:275:2|5:972:2
ckpt_3400.pt,5,229,0.5487222671508789,0.09458969533443451,0.5065103769302368,"0,105,124,166,9","190,100,174,90,200",5:232:2|5:793:2|5:851:2
ckpt_3400.pt,5,230,0.4530489444732666,0.09019934386014938,0.3975497782230377,"190,114,110,26,81","225,148,201,216,39",5:430:2|5:704:2|5:3:1
ckpt_3400.pt,5,231,0.5140804648399353,0.091713085770607,0.4583302438259125,"0,206,2,132,253","105,233,210,122,223",5:38:2|5:919:2|5:23:1
ckpt_3400.pt,5,232,0.527459442615509,0.10118347406387329,0.44667714834213257,"182,44,199,166,124","181,229,208,232,243",5:229:2|5:240:2|5:876:2
ckpt_3400.pt,5,233,0.5384177565574646,0.10170416533946991,0.4815931022167206,"154,185,131,121,208","52,48,5,16,114",5:54:2|5:98:2|5:140:2
ckpt_3400.pt,5,234,0.5792515873908997,0.13387419283390045,0.4888056516647339,"58,80,182,49,56","0,17,36,167,202",5:18:2|5:299:2|5:528:2
ckpt_3400.pt,5,235,0.5435449481010437,0.10701516270637512,0.4502241015434265,"123,157,162,216,217","227,57,206,211,202",5:56:2|5:400:2|5:407:2
ckpt_3400.pt,5,236,0.40195202827453613,0.08640659600496292,0.37562665343284607,"93,115,101,28,139","195,148,100,98,32",5:363:2|5:578:2|5:7:1
ckpt_3400.pt,5,237,0.5754173994064331,0.11839595437049866,0.4864780008792877,"75,154,255,181,39","97,64,104,99,13",5:277:2|5:424:2|5:752:2
ckpt_3400.pt,5,238,0.5592607259750366,0.10729718208312988,0.49562811851501465,"11,154,158,220,141","64,106,136,54,77",5:101:2|5:153:2|5:423:2
ckpt_3400.pt,5,239,0.533618152141571,0.09812803566455841,0.4823988080024719,"226,220,150,124,89","203,229,67,102,122",5:513:2|5:14:1|5:25:1
ckpt_3400.pt,5,240,0.5888816714286804,0.13106724619865417,0.5429818630218506,"177,250,124,82,44","16,199,237,211,224",5:232:2|5:276:2|5:289:2
ckpt_3400.pt,5,241,0.5224738717079163,0.11641095578670502,0.46678754687309265,"253,204,34,74,228","117,18,221,222,140",5:640:2|5:18:1|5:30:1
ckpt_3400.pt,5,242,0.5106019973754883,0.09806211292743683,0.4392388164997101,"80,97,28,237,44","40,64,244,46,34",5:662:2|5:761:2|5:14:1
ckpt_3400.pt,5,243,0.4445784091949463,0.07536861300468445,0.43734031915664673,"51,135,13,121,137","174,2,220,226,50",5:635:2|5:15:1|5:16:1
ckpt_3400.pt,5,244,0.5699300765991211,0.12596385180950165,0.4930817782878876,"12,71,33,74,77","86,85,139,131,183",5:272:2|5:2:1|5:24:1
ckpt_3400.pt,5,245,0.5047118067741394,0.11386343836784363,0.4496574103832245,"122,242,185,33,173","140,41,70,135,141",5:825:2|5:15:1|5:24:1
ckpt_3400.pt,5,246,0.48258402943611145,0.08673326671123505,0.4355089068412781,"243,3,16,185,128","226,195,64,230,222",5:884:2|5:5:1|5:54:1
ckpt_3400.pt,5,247,0.5498940348625183,0.12047089636325836,0.4658004641532898,"151,225,7,156,14","158,98,227,219,39",5:201:2|5:765:2|5:1:1
ckpt_3400.pt,5,248,0.5319366455078125,0.10019411146640778,0.46871012449264526,"196,22,79,107,97","177,250,16,100,98",5:155:2|5:391:2|5:777:2
ckpt_3400.pt,5,249,0.5365970730781555,0.11498762667179108,0.47105568647384644,"41,238,80,11,176","116,114,215,56,28",5:314:2|5:698:2|5:14:1
ckpt_3400.pt,5,250,0.5261463522911072,0.10861043632030487,0.456981360912323,"34,73,141,142,192","113,51,190,213,210",5:186:2|5:460:2|5:1:1
ckpt_3400.pt,5,251,0.46062132716178894,0.07274588197469711,0.40095460414886475,"170,88,57,75,38","74,172,30,199,180",5:207:2|5:281:2|5:405:2
ckpt_3400.pt,5,252,0.4958801567554474,0.10012167692184448,0.44845715165138245,"134,30,222,216,154","71,118,82,154,73",5:810:3|5:51:2|5:774:2
ckpt_3400.pt,5,253,0.5066474676132202,0.11093921214342117,0.48170268535614014,"102,205,190,139,187","217,22,190,133,116",5:69:2|5:454:2|5:521:2
ckpt_3400.pt,5,254,0.5537423491477966,0.1276886910200119,0.4996861219406128,"15,90,139,61,48","196,75,132,65,242",5:273:2|5:293:2|5:9:1
ckpt_3400.pt,5,255,0.5584887266159058,0.13301444053649902,0.4464109241962433,"163,153,141,169,60","170,100,224,104,26",5:33:2|5:86:2|5:548:2
ckpt_3400.pt,5,256,0.3804773688316345,0.08140262961387634,0.3600965738296509,"48,188,110,200,239","157,236,184,57,248",5:98:2|5:372:2|5:801:2
ckpt_3400.pt,5,257,0.49889564514160156,0.09277290105819702,0.4141485393047333,"75,171,46,82,2","59,18,94,56,140",5:48:2|5:523:2|5:694:2
ckpt_3400.pt,5,258,0.5585025548934937,0.10800241678953171,0.5042484402656555,"201,254,144,96,225","167,88,169,252,202",5:333:2|5:650:2|5:739:2
ckpt_3400.pt,5,259,0.5444820523262024,0.11903306841850281,0.5023641586303711,"36,57,31,211,115","131,175,193,245,47",5:922:2|5:7:1|5:13:1
ckpt_3400.pt,5,260,0.6134518980979919,0.10450025647878647,0.487752228975296,"34,135,95,145,174","103,213,182,25,102",5:140:2|5:16:1|5:18:1
ckpt_3400.pt,5,261,0.5168231129646301,0.08588756620883942,0.4242570102214813,"169,75,13,237,229","172,40,165,140,70",5:296:2|5:857:2|5:7:1
ckpt_3400.pt,5,262,0.5937487483024597,0.12254588305950165,0.4814048409461975,"174,98,198,99,123","129,131,9,28,18",5:4:2|5:553:2|5:595:2
ckpt_3400.pt,5,263,0.4667156934738159,0.09913266450166702,0.44578948616981506,"155,169,55,179,15","130,251,2,223,81",5:882:3|5:134:2|5:639:2
ckpt_3400.pt,5,264,0.5265203714370728,0.09610600024461746,0.5041394829750061,"81,162,250,37,86","111,252,159,132,131",5:920:3|5:218:2|5:884:2
ckpt_3400.pt,5,265,0.543240487575531,0.09174913167953491,0.4432028830051422,"28,50,61,198,204","12,139,22,130,48",5:769:2|5:778:2|5:20:1
ckpt_3400.pt,5,266,0.4823695421218872,0.0892166718840599,0.4545651078224182,"4,61,17,223,151","50,57,209,96,8",5:1:2|5:161:2|5:316:2
ckpt_3400.pt,5,267,0.43211889266967773,0.08501725643873215,0.4129607081413269,"104,117,174,249,173","89,56,225,24,206",5:300:2|5:380:2|5:717:2
ckpt_3400.pt,5,268,0.5122889876365662,0.0960865169763565,0.4520057737827301,"32,30,98,168,45","55,162,234,222,12",5:65:2|5:993:2|5:4:1
ckpt_3400.pt,5,269,0.5488869547843933,0.09662751108407974,0.4607836604118347,"57,112,154,197,194","54,97,90,208,109",5:768:2|5:950:2|5:8:1
ckpt_3400.pt,5,270,0.5187824964523315,0.10010659694671631,0.4550808370113373,"119,161,123,241,177","80,82,161,243,103",5:514:2|5:846:2|5:6:1
ckpt_3400.pt,5,271,0.607649564743042,0.13016816973686218,0.46175089478492737,"182,232,198,255,143","96,131,153,5,128",5:191:2|5:390:2|5:720:2
ckpt_3400.pt,5,272,0.496689110994339,0.1049540564417839,0.4620955288410187,"77,83,58,74,82","213,184,224,147,73",5:244:2|5:19:1|5:31:1
ckpt_3400.pt,5,273,0.565322756767273,0.09358759969472885,0.4862642288208008,"158,139,90,119,107","167,120,88,215,76",5:124:2|5:254:2|5:391:2
ckpt_3400.pt,5,274,0.5673671364784241,0.13185304403305054,0.47471269965171814,"37,18,113,82,104","186,226,53,248,94",5:657:2|5:7:1|5:10:1
ckpt_3400.pt,5,275,0.4320485591888428,0.08076395094394684,0.3953225612640381,"250,14,217,228,191","45,99,122,82,214",5:168:2|5:228:2|5:469:2
ckpt_3400.pt,5,276,0.4787389934062958,0.10337556153535843,0.3976852297782898,"124,168,143,82,57","235,194,73,104,6",5:240:2|5:625:2|5:856:2
ckpt_3400.pt,5,277,0.5818185806274414,0.11631425470113754,0.5068106651306152,"255,149,23,166,75","82,231,96,3,66",5:237:2|5:799:2|5:927:2
ckpt_3400.pt,5,278,0.5720973610877991,0.12206896394491196,0.47077494859695435,"157,64,113,225,242","11,132,57,5,51",5:63:2|5:10:1|5:40:1
ckpt_3400.pt,5,279,0.5310267210006714,0.09838534146547318,0.48513391613960266,"245,75,183,7,63","28,142,154,64,163",5:1:1|5:7:1|5:23:1
ckpt_3400.pt,5,280,0.5550703406333923,0.09658391028642654,0.47036367654800415,"69,26,214,240,140","17,208,92,228,186",5:506:2|5:574:2|5:927:2
ckpt_3400.pt,5,281,0.5683630108833313,0.1334637552499771,0.48684000968933105,"30,246,248,88,57","254,66,172,189,51",5:251:2|5:491:2|5:5:1
ckpt_3400.pt,5,282,0.5458922982215881,0.10334353893995285,0.4645165205001831,"24,64,226,176,81","123,219,146,65,77",5:577:2|5:773:2|5:784:2
ckpt_3400.pt,5,283,0.5338088274002075,0.1336335390806198,0.47097259759902954,"209,88,9,52,236","151,71,4,225,174",5:760:2|5:917:2|5:4:1
ckpt_3400.pt,5,284,0.5018671751022339,0.10555089265108109,0.4589170217514038,"191,84,244,195,25","62,149,192,109,248",5:322:2|5:383:2|5:448:2
ckpt_3400.pt,5,285,0.5684337019920349,0.104448601603508,0.5078751444816589,"37,2,213,223,62","206,18,55,230,47",5:55:2|5:146:2|5:197:2
ckpt_3400.pt,5,286,0.4844498336315155,0.08807364851236343,0.407133013010025,"81,138,27,3,240","62,36,121,131,170",5:343:2|5:871:2|5:884:2
ckpt_3400.pt,5,287,0.43119677901268005,0.0805356577038765,0.39769813418388367,"184,5,115,165,147","110,243,84,249,208",5:552:2|5:633:2|5:7:1
ckpt_3400.pt,5,288,0.6266248822212219,0.11299403011798859,0.5225908756256104,"97,210,192,4,224","99,64,134,200,11",5:918:3|5:100:2|5:8:1
ckpt_3400.pt,5,289,0.5050681829452515,0.08218397200107574,0.46270450949668884,"177,222,164,250,253","200,152,145,251,16",5:44:2|5:76:2|5:240:2
ckpt_3400.pt,5,290,0.5111068487167358,0.08943141251802444,0.43351614475250244,"202,190,39,6,5","145,81,40,89,67",5:157:2|5:583:2|5:663:2
ckpt_3400.pt,5,291,0.5922554135322571,0.09741608798503876,0.48052334785461426,"155,194,208,140,230","36,113,75,168,29",5:482:2|5:622:2|5:648:2
ckpt_3400.pt,5,292,0.5307990312576294,0.10126768052577972,0.44669702649116516,"254,30,249,119,76","135,25,173,101,139",5:199:2|5:774:2|5:2:1
ckpt_3400.pt,5,293,0.5638734698295593,0.11203011870384216,0.47122907638549805,"45,61,197,90,42","138,82,208,49,13",5:254:2|5:26:1|5:49:1
ckpt_3400.pt,5,294,0.5225803256034851,0.11532009392976761,0.48591938614845276,"37,234,138,208,49","96,116,158,246,190",5:365:2|5:602:2|5:636:2
ckpt_3400.pt,5,295,0.5303876399993896,0.08794579654932022,0.48222893476486206,"131,227,197,123,65","104,83,101,43,32",5:145:2|5:616:2|5:10:1
ckpt_3400.pt,5,296,0.4731469750404358,0.1024438887834549,0.41088008880615234,"12,169,229,30,159","73,39,171,68,34",5:261:2|5:817:2|5:1015:2
ckpt_3400.pt,5,297,0.5886164307594299,0.12316067516803741,0.4982260465621948,"190,207,178,73,66","18,85,0,166,154",5:770:2|5:10:1|5:14:1
ckpt_3400.pt,5,298,0.5516820549964905,0.10429517924785614,0.4658864736557007,"122,183,175,205,12","228,154,151,177,143",5:127:2|5:1:1|5:2:1
ckpt_3400.pt,5,299,0.47660917043685913,0.09344155341386795,0.421667218208313,"201,56,158,18,182","214,40,62,230,56",5:18:2|5:234:2|5:401:2
ckpt_3400.pt,5,300,0.5005035996437073,0.09034958481788635,0.4701676368713379,"61,93,158,173,249","42,206,61,220,255",5:267:2|5:707:2|5:15:1
ckpt_3400.pt,5,301,0.5273013114929199,0.09339501708745956,0.46231070160865784,"164,84,223,37,199","239,133,154,209,187",5:285:2|5:920:2|5:929:2
ckpt_3400.pt,5,302,0.47288596630096436,0.07937914878129959,0.42281731963157654,"3,43,23,65,108","62,205,119,97,200",5:182:2|5:576:2|5:581:2
ckpt_3400.pt,5,303,0.5310043096542358,0.101236991584301,0.44171521067619324,"54,251,1,139,183","162,48,18,36,131",5:806:2|5:811:2|5:828:2
ckpt_3400.pt,5,304,0.5483238101005554,0.09211772680282593,0.48851558566093445,"160,50,140,218,87","146,201,53,19,130",5:0:2|5:3:2|5:172:2
ckpt_3400.pt,5,305,0.5301263332366943,0.10272950679063797,0.4642096757888794,"52,29,36,186,133","113,197,147,114,85",5:422:2|5:438:2|5:474:2
ckpt_3400.pt,5,306,0.5990283489227295,0.09473659843206406,0.49512937664985657,"195,209,206,64,87","201,22,75,4,169",5:432:2|5:715:2|5:0:1
ckpt_3400.pt,5,307,0.5225214958190918,0.1146191880106926,0.43081629276275635,"60,216,228,25,65","43,253,162,210,178",5:55:2|5:68:2|5:103:2
ckpt_3400.pt,5,308,0.6028728485107422,0.09630326181650162,0.5298312902450562,"33,215,152,57,182","188,25,174,101,201",5:491:2|5:978:2|5:0:1
ckpt_3400.pt,5,309,0.4843701422214508,0.08493698388338089,0.422215074300766,"255,140,158,251,191","190,113,19,23,21",5:3:2|5:644:2|5:799:2
ckpt_3400.pt,5,310,0.6023855209350586,0.15801361203193665,0.4702948331832886,"138,17,215,84,93","250,197,22,245,239",5:912:3|5:540:2|5:0:1
ckpt_3400.pt,5,311,0.5295061469078064,0.1107020452618599,0.4490135610103607,"223,104,79,120,132","171,21,43,56,39",5:966:2|5:12:1|5:16:1
ckpt_3400.pt,5,312,0.578083872795105,0.09365658462047577,0.48614737391471863,"56,69,203,71,133","177,160,225,204,67",5:52:2|5:511:2|5:18:1
ckpt_3400.pt,5,313,0.5711082816123962,0.09873015433549881,0.4937293231487274,"85,13,62,54,214","209,65,13,64,102",5:126:2|5:318:2|5:683:2
ckpt_3400.pt,5,314,0.47951504588127136,0.0912959948182106,0.39866799116134644,"176,80,225,209,47","135,159,25,254,182",5:249:2|5:4:1|5:14:1
ckpt_3400.pt,5,315,0.5197464823722839,0.11218223720788956,0.4839395582675934,"132,86,219,51,108","199,132,63,146,13",5:111:2|5:350:2|5:447:2
ckpt_3400.pt,5,316,0.552489161491394,0.1139373704791069,0.48486459255218506,"250,125,229,17,4","6,29,69,253,216",5:266:2|5:972:2|5:1:1
ckpt_3400.pt,5,317,0.5932471752166748,0.13688278198242188,0.4845852851867676,"182,99,195,130,208","96,217,158,232,55",5:71:2|5:191:2|5:401:2
ckpt_3400.pt,5,318,0.5178434252738953,0.11719720810651779,0.462824285030365,"214,85,41,202,43","21,31,69,143,7",5:797:3|5:313:2|5:355:2
ckpt_3400.pt,5,319,0.4802725911140442,0.09411482512950897,0.4001277983188629,"198,51,163,127,246","182,193,171,166,109",5:82:2|5:655:2|5:684:2
ckpt_3400.pt,5,320,0.5524522066116333,0.08819817006587982,0.47492578625679016,"6,168,207,78,195","82,212,236,14,246",5:495:2|5:872:2|5:960:2
ckpt_3400.pt,5,321,0.5010217428207397,0.0833069458603859,0.45402345061302185,"201,2,205,16,222","69,248,120,203,85",5:185:2|5:222:2|5:610:2
ckpt_3400.pt,5,322,0.5566589832305908,0.10268421471118927,0.4918946921825409,"109,68,118,25,191","92,112,173,188,22",5:13:2|5:117:2|5:284:2
ckpt_3400.pt,5,323,0.5867011547088623,0.12277626991271973,0.5080651640892029,"171,135,22,60,203","218,20,98,201,21",5:89:2|5:396:2|5:613:2
ckpt_3400.pt,5,324,0.502144992351532,0.08963730931282043,0.4391501247882843,"19,144,236,248,250","165,141,100,122,54",5:227:2|5:995:2|5:2:1
ckpt_3400.pt,5,325,0.450447142124176,0.08933993428945541,0.4054933190345764,"240,146,15,238,107","9,57,51,56,252",5:560:2|5:574:2|5:767:2
ckpt_3400.pt,5,326,0.5806417465209961,0.10835050791501999,0.4656018316745758,"229,97,61,7,161","178,68,212,130,93",5:45:2|5:581:2|5:604:2
ckpt_3400.pt,5,327,0.509036660194397,0.08852341771125793,0.42971351742744446,"27,9,62,7,228","78,163,245,246,77",5:202:2|5:329:2|5:343:2
ckpt_3400.pt,5,328,0.45293566584587097,0.08430179208517075,0.4245251417160034,"127,20,17,199,191","247,88,156,41,21",5:911:2|5:1:1|5:3:1
ckpt_3400.pt,5,329,0.5016563534736633,0.10573526471853256,0.4411599338054657,"223,62,9,193,23","238,252,101,162,120",5:63:2|5:285:2|5:327:2
ckpt_3400.pt,5,330,0.544893741607666,0.11623472720384598,0.4754461348056793,"195,134,140,116,94","26,93,115,5,174",5:71:2|5:334:2|5:527:2
ckpt_3400.pt,5,331,0.5023290514945984,0.1138492003083229,0.4323897361755371,"36,197,149,2,216","189,17,234,194,90",5:73:2|5:166:2|5:23:1
ckpt_3400.pt,5,332,0.45944735407829285,0.08076032251119614,0.44526442885398865,"14,62,38,44,1","88,176,150,208,151",5:146:2|5:154:2|5:188:2
ckpt_3400.pt,5,333,0.4670749306678772,0.1015874370932579,0.4155595004558563,"99,202,144,141,96","198,163,109,105,248",5:258:2|5:488:2|5:549:2
ckpt_3400.pt,5,334,0.5197906494140625,0.08518790453672409,0.4569510817527771,"52,195,136,183,140","139,60,134,230,222",5:71:2|5:330:2|5:527:2
ckpt_3400.pt,5,335,0.47869691252708435,0.09216224402189255,0.4382045269012451,"13,184,167,160,58","79,177,87,201,128",5:123:2|5:395:2|5:486:2
ckpt_3400.pt,5,336,0.42795491218566895,0.08224949240684509,0.3890397846698761,"57,106,216,32,196","116,39,239,156,66",5:165:2|5:25:1|5:30:1
ckpt_3400.pt,5,337,0.55477374792099,0.12066803872585297,0.4624607264995575,"201,139,133,86,91","59,242,212,150,152",5:185:2|5:22:1|5:32:1
ckpt_3400.pt,5,338,0.5535842180252075,0.11005046963691711,0.47097715735435486,"86,5,131,229,150","29,121,0,88,45",5:157:2|5:197:2|5:791:2
ckpt_3400.pt,5,339,0.5934213995933533,0.12219595164060593,0.47061049938201904,"239,154,23,59,122","99,244,87,58,104",5:182:2|5:459:2|5:733:2
ckpt_3400.pt,5,340,0.5144453048706055,0.10532298684120178,0.45069319009780884,"15,30,188,213,65","237,26,106,44,162",5:135:2|5:199:2|5:364:2
ckpt_3400.pt,5,341,0.4953048527240753,0.1016792505979538,0.4561794698238373,"58,174,120,96,101","71,176,80,254,132",5:41:2|5:159:2|5:5:1
ckpt_3400.pt,5,342,0.539881706237793,0.1041918471455574,0.4769182503223419,"4,180,140,25,71","136,147,238,179,7",5:36:2|5:397:2|5:756:2
ckpt_3400.pt,5,343,0.49401190876960754,0.08937723189592361,0.4385843575000763,"251,229,9,27,138","154,2,187,94,219",5:202:2|5:286:2|5:327:2
ckpt_3400.pt,5,344,0.4642084538936615,0.10455478727817535,0.43329918384552,"84,108,218,8,91","85,81,201,185,125",5:9:2|5:0:1|5:4:1
ckpt_3400.pt,5,345,0.6261301040649414,0.0959012359380722,0.5162206888198853,"1,191,208,12,96","86,213,118,81,204",5:435:2|5:649:2|5:2:1
ckpt_3400.pt,5,346,0.5391097664833069,0.10060252249240875,0.46028345823287964,"54,212,162,192,49","137,122,228,7,55",5:189:2|5:828:2|5:8:1
ckpt_3400.pt,5,347,0.5878779888153076,0.11665590107440948,0.4678933322429657,"137,187,117,234,229","225,48,165,34,119",5:6:1|5:15:1|5:20:1
ckpt_3400.pt,5,348,0.5198212265968323,0.10026226937770844,0.45081833004951477,"233,147,183,151,113","224,204,73,134,236",5:1:2|5:148:2|5:204:2
ckpt_3400.pt,5,349,0.42371657490730286,0.091587595641613,0.4169258177280426,"182,63,40,217,116","36,102,160,218,54",5:18:2|5:158:2|5:202:2
ckpt_3400.pt,5,350,0.4385025203227997,0.08639346063137054,0.41217100620269775,"230,170,132,219,152","5,48,85,135,246",5:315:2|5:5:1|5:17:1
ckpt_3400.pt,5,351,0.5149005651473999,0.10610300302505493,0.4413566291332245,"184,37,50,207,220","177,195,151,230,144",5:184:2|5:187:2|5:538:2
ckpt_3400.pt,5,352,0.5268820524215698,0.10050265491008759,0.44174277782440186,"229,109,228,29,227","8,181,42,45,116",5:955:2|5:13:1|5:21:1
ckpt_3400.pt,5,353,0.5919762253761292,0.11997635662555695,0.5413018465042114,"67,111,57,225,226","239,28,35,118,183",5:25:2|5:456:2|5:802:2
ckpt_3400.pt,5,354,0.4931762218475342,0.09793700277805328,0.4518418610095978,"161,93,159,24,239","240,45,58,184,215",5:551:2|5:719:2|5:753:2
ckpt_3400.pt,5,355,0.5209587216377258,0.0909629762172699,0.468997597694397,"75,41,85,112,253","140,245,233,211,243",5:965:3|5:318:2|5:797:2
ckpt_3400.pt,5,356,0.4678252339363098,0.08415087312459946,0.411894291639328,"105,172,12,163,100","71,94,119,3,233",5:641:2|5:930:2|5:2:1
ckpt_3400.pt,5,357,0.5537604689598083,0.09681783616542816,0.4793790280818939,"66,251,65,9,7","145,236,244,246,136",5:327:2|5:343:2|5:10:1
ckpt_3400.pt,5,358,0.49391019344329834,0.10410774499177933,0.4206703305244446,"166,174,125,179,53","17,2,73,30,236",5:979:2|5:2:1|5:6:1
ckpt_3400.pt,5,359,0.41327062249183655,0.08177409321069717,0.36797747015953064,"172,116,244,22,42","253,127,111,191,77",5:22:1|5:23:1|5:26:1
ckpt_3400.pt,5,360,0.46642300486564636,0.08925236761569977,0.4037126302719116,"173,92,114,15,147","23,10,90,179,14",5:832:2|5:0:1|5:3:1
ckpt_3400.pt,5,361,0.5715575218200684,0.10016055405139923,0.4957176148891449,"41,54,88,58,216","51,219,3,179,38",5:596:2|5:686:2|5:719:2
ckpt_3400.pt,5,362,0.49628105759620667,0.09097611159086227,0.42109960317611694,"33,141,166,156,176","11,127,209,204,216",5:509:2|5:549:2|5:15:1
ckpt_3400.pt,5,363,0.4556077718734741,0.07733218371868134,0.41802385449409485,"99,219,243,139,115","123,146,14,90,25",5:173:2|5:236:2|5:4:1
ckpt_3400.pt,5,364,0.5479143261909485,0.1038733720779419,0.4758169651031494,"213,47,30,198,219","94,115,47,49,58",5:192:2|5:199:2|5:340:2
ckpt_3400.pt,5,365,0.5322527885437012,0.11347085982561111,0.47491464018821716,"65,216,208,49,35","70,91,63,226,56",5:294:2|5:307:2|5:374:2
ckpt_3400.pt,5,366,0.5124773979187012,0.1204681396484375,0.4486834704875946,"90,3,232,166,226","191,45,169,89,227",5:107:2|5:961:2|5:5:1
ckpt_3400.pt,5,367,0.506173849105835,0.11102021485567093,0.4582984447479248,"5,124,171,69,149","25,233,226,134,185",5:791:2|5:860:2|5:17:1
ckpt_3400.pt,5,368,0.5051915049552917,0.08142201602458954,0.4234990179538727,"231,1,199,89,86","160,43,193,69,118",5:421:2|5:435:2|5:590:2
ckpt_3400.pt,5,369,0.5400697588920593,0.10013613849878311,0.4529515504837036,"26,58,87,132,150","124,228,18,153,134",5:858:2|5:887:2|5:0:1
ckpt_3400.pt,5,370,0.372693806886673,0.07706587761640549,0.35230061411857605,"127,171,115,47,100","252,250,55,15,167",5:48:2|5:937:2|5:7:1
ckpt_3400.pt,5,371,0.5786579251289368,0.12380817532539368,0.4632192552089691,"189,230,144,181,234","146,227,219,58,24",5:459:2|5:474:2|5:479:2
ckpt_3400.pt,5,372,0.5640024542808533,0.11112768203020096,0.4836600720882416,"188,229,200,74,21","157,73,148,238,179",5:131:2|5:256:2|5:955:2
ckpt_3400.pt,5,373,0.5033693313598633,0.11492014676332474,0.44017818570137024,"222,182,234,240,114","53,252,57,223,105",5:3:2|5:658:2|5:926:2
ckpt_3400.pt,5,374,0.5157221555709839,0.09531520307064056,0.45210888981819153,"137,5,216,70,65","224,179,181,177,96",5:307:2|5:365:2|5:402:2
ckpt_3400.pt,5,375,0.5144429802894592,0.11760348826646805,0.45087024569511414,"23,232,71,218,236","131,51,125,213,103",5:992:2|5:9:1|5:36:1
ckpt_3400.pt,5,376,0.4808277487754822,0.10539368540048599,0.4420355260372162,"189,168,115,160,140","76,11,14,171,131",5:7:2|5:304:2|5:766:2
ckpt_3400.pt,5,377,0.5375420451164246,0.10148560255765915,0.4417777955532074,"56,127,189,45,248","156,112,16,2,116",5:12:2|5:17:1|5:18:1
ckpt_3400.pt,5,378,0.4727999269962311,0.08112481981515884,0.4325825572013855,"221,83,24,63,5","41,247,152,50,185",5:27:2|5:175:2|5:537:2
ckpt_3400.pt,5,379,0.620041012763977,0.11037787795066833,0.5279406905174255,"70,152,38,163,146","222,112,144,204,59",5:434:2|5:772:2|5:8:1
ckpt_3400.pt,5,380,0.5535112023353577,0.09416045248508453,0.470201313495636,"73,249,174,75,184","18,239,69,165,175",5:48:2|5:91:2|5:267:2
ckpt_3400.pt,5,381,0.5730858445167542,0.1083473190665245,0.4671693444252014,"111,97,52,170,109","64,32,127,124,188",5:958:3|5:142:2|5:726:2
ckpt_3400.pt,5,382,0.6615930795669556,0.10261689871549606,0.5129127502441406,"117,83,142,139,18","84,240,242,254,18",5:1:1|5:6:1|5:15:1
ckpt_3400.pt,5,383,0.5422782301902771,0.09281185269355774,0.49512988328933716,"117,191,5,84,194","89,80,232,100,195",5:284:2|5:549:2|5:717:2
ckpt_3400.pt,5,384,0.6979479789733887,0.1456390768289566,0.5165510177612305,"95,91,223,243,118","148,104,167,54,242",5:133:2|5:19:1|5:28:1
ckpt_3400.pt,5,385,0.5124119520187378,0.1346932202577591,0.4449909031391144,"198,131,20,22,39","34,48,241,78,159",5:392:2|5:748:2|5:758:2
ckpt_3400.pt,5,386,0.5631248950958252,0.08929026871919632,0.48859861493110657,"207,93,163,222,75","202,79,32,44,95",5:64:2|5:522:2|5:676:2
ckpt_3400.pt,5,387,0.5227718353271484,0.10434475541114807,0.46034160256385803,"56,131,40,37,173","141,40,192,17,131",5:154:2|5:5:1|5:7:1
ckpt_3400.pt,5,388,0.4266320466995239,0.08247705549001694,0.3846486806869507,"82,121,54,189,118","59,211,51,6,16",5:748:2|5:826:2|5:34:1
ckpt_3400.pt,5,389,0.5347973108291626,0.09813611954450607,0.4424188733100891,"17,241,48,193,24","49,103,28,113,126",5:27:2|5:881:2|5:1:1
ckpt_3400.pt,5,390,0.4675690531730652,0.09935267269611359,0.40693867206573486,"40,86,182,255,113","217,33,98,135,80",5:271:2|5:349:2|5:3:1
ckpt_3400.pt,5,391,0.5237642526626587,0.09683483093976974,0.4740387201309204,"196,107,126,119,154","70,57,217,7,248",5:124:2|5:248:2|5:273:2
ckpt_3400.pt,5,392,0.5384503602981567,0.07961732894182205,0.48962536454200745,"198,32,131,239,108","226,37,34,42,23",5:385:2|5:592:2|5:0:1
ckpt_3400.pt,5,393,0.5165233612060547,0.09917285293340683,0.4235229194164276,"226,60,180,73,46","248,52,13,173,226",5:174:2|5:593:2|5:11:1
ckpt_3400.pt,5,394,0.3982662856578827,0.06328348815441132,0.35593530535697937,"238,254,23,38,99","192,245,158,189,132",5:146:2|5:609:2|5:650:2
ckpt_3400.pt,5,395,0.5729097127914429,0.12352641671895981,0.5131509900093079,"99,170,13,160,222","206,223,5,179,109",5:335:2|5:486:2|5:609:2
ckpt_3400.pt,5,396,0.5601927638053894,0.09480307251214981,0.4609431028366089,"85,231,147,22,60","37,144,11,203,25",5:29:2|5:148:2|5:323:2
ckpt_3400.pt,5,397,0.5029138326644897,0.08980029821395874,0.42152857780456543,"113,140,180,34,22","113,27,77,243,225",5:177:2|5:342:2|5:613:2
ckpt_3400.pt,5,398,0.5853495597839355,0.10961954295635223,0.5141142010688782,"21,126,206,210,92","102,214,208,223,97",5:826:2|5:0:1|5:59:1
ckpt_3400.pt,5,399,0.4911178946495056,0.09406767785549164,0.4346151649951935,"151,52,43,46,224","198,165,175,205,28",5:181:2|5:438:2|5:973:2
ckpt_3400.pt,5,400,0.4854220747947693,0.09154931455850601,0.4098826050758362,"217,86,116,2,157","208,13,68,152,151",5:166:2|5:202:2|5:235:2
ckpt_3400.pt,5,401,0.5064605474472046,0.08517727255821228,0.466927707195282,"149,182,179,208,201","191,11,78,26,155",5:191:2|5:299:2|5:317:2
ckpt_3400.pt,5,402,0.48479583859443665,0.08840836584568024,0.4456407129764557,"65,104,36,8,137","188,129,171,73,104",5:170:2|5:374:2|5:433:2
ckpt_3400.pt,5,403,0.48493117094039917,0.112512968480587,0.424809992313385,"194,169,225,120,85","112,233,58,171,106",5:8:2|5:83:2|5:12:1
ckpt_3400.pt,5,404,0.4510183334350586,0.09337513148784637,0.4435284733772278,"173,229,152,214,6","156,75,182,12,215",5:10:1|5:15:1|5:28:1
ckpt_3400.pt,5,405,0.4552302956581116,0.0880306214094162,0.4054405093193054,"57,175,219,239,75","75,21,228,209,120",5:207:3|5:251:2|5:407:2
ckpt_3400.pt,5,406,0.5096403360366821,0.09746509045362473,0.4842780828475952,"34,69,183,24,242","181,51,131,94,163",5:59:2|5:442:2|5:1:1
ckpt_3400.pt,5,407,0.46373817324638367,0.07673640549182892,0.4317632019519806,"217,133,219,216,75","233,226,58,229,223",5:165:2|5:207:2|5:235:2
ckpt_3400.pt,5,408,0.5521243810653687,0.10315872728824615,0.4791850745677948,"154,130,89,7,38","4,222,149,180,121",5:493:2|5:14:1|5:32:1
ckpt_3400.pt,5,409,0.5096818804740906,0.09858158975839615,0.438038170337677,"9,26,36,16,247","181,226,139,17,145",5:14:1|5:42:1|5:54:1
ckpt_3400.pt,5,410,0.5312147736549377,0.09702866524457932,0.4412124752998352,"135,0,194,36,243","226,81,85,121,59",5:737:2|5:975:2|5:8:1
ckpt_3400.pt,5,411,0.6224738359451294,0.11273182928562164,0.47289684414863586,"167,185,239,176,62","183,219,210,5,193",5:94:2|5:730:2|5:744:2
ckpt_3400.pt,5,412,0.5302236080169678,0.10785768926143646,0.44641852378845215,"242,156,44,209,58","223,22,184,97,23",5:950:2|5:4:1|5:19:1
ckpt_3400.pt,5,413,0.5822381973266602,0.10620678216218948,0.5029030442237854,"115,247,179,87,137","32,52,76,152,94",5:26:2|5:598:2|5:0:1
ckpt_3400.pt,5,414,0.49289971590042114,0.10727040469646454,0.4499128758907318,"236,110,140,55,219","236,114,182,170,35",5:120:2|5:801:2|5:3:1
ckpt_3400.pt,5,415,0.48942798376083374,0.0995454266667366,0.41498324275016785,"227,101,193,199,210","210,113,125,30,146",5:159:2|5:616:2|5:27:1
ckpt_3400.pt,5,416,0.5411453247070312,0.095675989985466,0.4494107663631439,"20,21,35,73,45","70,99,246,69,98",5:102:2|5:20:1|5:31:1
ckpt_3400.pt,5,417,0.5774306058883667,0.12744255363941193,0.46526196599006653,"170,76,209,135,16","172,131,166,114,69",5:890:2|5:2:1|5:4:1
ckpt_3400.pt,5,418,0.5914944410324097,0.10316349565982819,0.4931785762310028,"221,198,65,138,4","135,60,146,57,170",5:170:2|5:182:2|5:729:2
ckpt_3400.pt,5,419,0.4295373260974884,0.08644290268421173,0.4112820625305176,"27,195,50,217,72","66,207,65,136,5",5:41:2|5:202:2|5:216:2
ckpt_3400.pt,5,420,0.45706284046173096,0.07775832712650299,0.4348866641521454,"43,189,68,116,146","45,12,131,223,165",5:181:2|5:588:2|5:23:1
ckpt_3400.pt,5,421,0.542846143245697,0.0841900110244751,0.4855179786682129,"231,133,1,195,97","98,86,208,159,199",5:188:2|5:368:2|5:495:2
ckpt_3400.pt,5,422,0.5005815029144287,0.08756759762763977,0.42802315950393677,"193,133,7,51,36","182,32,55,113,39",5:305:2|5:534:2|5:32:1
ckpt_3400.pt,5,423,0.5745596885681152,0.12161426246166229,0.45172035694122314,"112,220,123,71,141","109,3,227,62,204",5:238:2|5:441:2|5:714:2
ckpt_3400.pt,5,424,0.5307537317276001,0.09349343925714493,0.49512869119644165,"224,24,154,86,75","137,117,14,164,29",5:185:2|5:209:2|5:237:2
ckpt_3400.pt,5,425,0.526600182056427,0.10194317251443863,0.4512001872062683,"28,138,171,201,132","28,238,217,127,174",5:1001:2|5:1007:2|5:38:1
ckpt_3400.pt,5,426,0.5241115689277649,0.107587069272995,0.46950095891952515,"55,20,154,158,68","255,38,214,67,39",5:92:2|5:238:2|5:780:2
ckpt_3400.pt,5,427,0.4800695776939392,0.08663547039031982,0.4434970021247864,"84,78,246,231,71","152,174,89,142,169",5:690:2|5:699:2|5:753:2
ckpt_3400.pt,5,428,0.4801911413669586,0.11298374086618423,0.456656277179718,"54,143,125,6,243","33,6,217,185,126",5:718:3|5:594:2|5:6:1
ckpt_3400.pt,5,429,0.5465439558029175,0.10571839660406113,0.4299321174621582,"82,172,9,86,130","234,70,233,211,217",5:22:2|5:656:2|5:35:1
ckpt_3400.pt,5,430,0.516379177570343,0.07963705062866211,0.442494660615921,"26,49,114,43,226","235,194,117,32,173",5:230:2|5:586:2|5:3:1
ckpt_3400.pt,5,431,0.6001511812210083,0.13783632218837738,0.48612067103385925,"92,32,100,61,62","146,220,227,212,101",5:0:1|5:66:1|5:75:1
ckpt_3400.pt,5,432,0.5534008145332336,0.11116548627614975,0.4543170928955078,"64,59,13,79,195","142,211,20,175,151",5:43:2|5:164:2|5:306:2
ckpt_3400.pt,5,433,0.46397092938423157,0.09130129218101501,0.4332670569419861,"50,107,215,65,104","72,170,34,146,103",5:402:2|5:478:2|5:589:2
ckpt_3400.pt,5,434,0.5383797287940979,0.09603410959243774,0.51350998878479,"154,146,46,27,70","194,59,46,180,198",5:379:2|5:854:2|5:8:1
ckpt_3400.pt,5,435,0.6666537523269653,0.11246557533740997,0.5494006872177124,"12,147,1,161,86","11,55,118,56,35",5:345:2|5:368:2|5:2:1
ckpt_3400.pt,5,436,0.5218642354011536,0.09704698622226715,0.44297555088996887,"9,147,181,171,38","237,218,57,62,170",5:189:2|5:555:2|5:29:1
ckpt_3400.pt,5,437,0.43390128016471863,0.07884769141674042,0.41199859976768494,"140,153,159,226,8","24,76,12,41,121",5:3:1|5:25:1|5:35:1
ckpt_3400.pt,5,438,0.4772508144378662,0.08544131368398666,0.39521342515945435,"29,172,224,212,52","104,145,65,227,97",5:162:2|5:305:2|5:399:2
ckpt_3400.pt,5,439,0.4928959012031555,0.10304275155067444,0.4561236798763275,"70,144,76,12,199","107,20,73,67,123",5:2:3|5:480:2|5:998:2
ckpt_3400.pt,5,440,0.6211106777191162,0.13157573342323303,0.4983264207839966,"77,143,64,98,61","206,187,52,56,209",5:4:1|5:15:1|5:17:1
ckpt_3400.pt,5,441,0.4632120132446289,0.09182783961296082,0.412256121635437,"141,105,209,123,22","49,156,174,24,43",5:423:2|5:4:1|5:10:1
ckpt_3400.pt,5,442,0.5545129179954529,0.10446227341890335,0.4299103915691376,"56,30,242,31,34","90,69,24,185,22",5:18:2|5:406:2|5:13:1
ckpt_3400.pt,5,443,0.5028012990951538,0.08923128247261047,0.41617435216903687,"52,27,40,80,110","116,254,221,44,61",5:50:2|5:559:2|5:5:1
ckpt_3400.pt,5,444,0.5353952646255493,0.09826268255710602,0.4554612934589386,"142,163,59,85,44","91,82,170,111,185",5:108:2|5:617:2|5:1:1
ckpt_3400.pt,5,445,0.5394622683525085,0.10515276342630386,0.43758174777030945,"108,5,224,118,214","85,204,13,91,226",5:60:2|5:206:2|5:0:1
ckpt_3400.pt,5,446,0.509311854839325,0.09493180364370346,0.47258901596069336,"194,98,153,108,119","240,74,151,137,72",5:4:2|5:65:2|5:86:2
ckpt_3400.pt,5,447,0.5130108594894409,0.09666195511817932,0.46367698907852173,"144,85,51,111,86","188,6,31,135,250",5:150:2|5:315:2|5:614:2
ckpt_3400.pt,5,448,0.5985634326934814,0.1054667979478836,0.493987500667572,"25,70,118,229,84","136,243,37,10,123",5:284:2|5:322:2|5:618:2
ckpt_3400.pt,5,449,0.5543329119682312,0.10767309367656708,0.4808661639690399,"61,115,54,181,71","217,179,26,219,106",5:189:2|5:7:1|5:20:1
ckpt_3400.pt,5,450,0.4302060306072235,0.08936508744955063,0.4188846945762634,"10,45,220,57,199","10,28,195,3,50",5:571:2|5:809:2|5:895:2
ckpt_3400.pt,5,451,0.4819418787956238,0.08702317625284195,0.44415631890296936,"5,233,188,78,143","216,171,123,125,197",5:17:2|5:546:2|5:34:1
ckpt_3400.pt,5,452,0.5850435495376587,0.10989063233137131,0.44186297059059143,"74,13,93,166,78","108,58,139,168,132",5:15:1|5:31:1|5:61:1
ckpt_3400.pt,5,453,0.48568886518478394,0.08871528506278992,0.46289512515068054,"244,204,134,105,33","33,54,89,158,51",5:11:1|5:16:1|5:23:1
ckpt_3400.pt,5,454,0.5566975474357605,0.10613878071308136,0.4638983905315399,"208,204,205,187,173","255,210,117,69,121",5:253:2|5:778:2|5:901:2
ckpt_3400.pt,5,455,0.5645310878753662,0.10246757417917252,0.495486319065094,"62,152,195,164,107","235,186,181,111,71",5:66:2|5:634:2|5:13:1
ckpt_3400.pt,5,456,0.5195862054824829,0.09594857692718506,0.4330933094024658,"67,178,88,153,111","224,239,36,128,230",5:353:2|5:24:1|5:41:1
ckpt_3400.pt,5,457,0.41784024238586426,0.06779876351356506,0.3814195990562439,"92,201,229,72,241","132,86,13,48,253",5:855:2|5:973:2|5:0:1
ckpt_3400.pt,5,458,0.5435177087783813,0.12345479428768158,0.47646382451057434,"252,212,254,158,135","93,251,118,197,30",5:11:2|5:644:2|5:9:1
ckpt_3400.pt,5,459,0.530587911605835,0.09641466289758682,0.44418346881866455,"154,191,23,234,189","186,153,43,203,4",5:182:2|5:339:2|5:371:2
ckpt_3400.pt,5,460,0.5533283948898315,0.10014358162879944,0.4675073027610779,"233,73,36,192,10","28,14,39,211,157",5:250:2|5:543:2|5:975:2
ckpt_3400.pt,5,461,0.516521155834198,0.09536449611186981,0.4650775194168091,"199,226,103,241,106","75,249,50,141,180",5:198:2|5:759:2|5:885:2
ckpt_3400.pt,5,462,0.544217050075531,0.10173334181308746,0.460432231426239,"50,81,164,134,173","216,150,110,48,41",5:226:2|5:558:2|5:11:1
ckpt_3400.pt,5,463,0.5559746026992798,0.10430509597063065,0.48418453335762024,"72,103,253,102,14","73,57,153,193,145",5:496:2|5:880:2|5:6:1
ckpt_3400.pt,5,464,0.517596423625946,0.11528683453798294,0.4339320957660675,"71,160,57,144,228","204,21,114,113,96",5:465:2|5:0:1|5:2:1
ckpt_3400.pt,5,465,0.6260653138160706,0.1314864605665207,0.5068250298500061,"190,71,172,228,136","34,188,239,133,22",5:52:2|5:464:2|5:742:2
ckpt_3400.pt,5,466,0.45341038703918457,0.087653748691082,0.4467563331127167,"106,24,209,94,177","46,179,61,28,27",5:183:2|5:863:2|5:987:2
ckpt_3400.pt,5,467,0.5553387999534607,0.09871417284011841,0.4786297678947449,"0,137,93,214,219","69,94,99,194,70",5:120:2|5:206:2|5:550:2
ckpt_3400.pt,5,468,0.603438138961792,0.10001962631940842,0.48248326778411865,"75,228,184,201,137","242,27,116,77,130",5:380:2|5:7:1|5:15:1
ckpt_3400.pt,5,469,0.5497949123382568,0.1535244733095169,0.47255170345306396,"92,185,228,112,250","209,86,21,96,164",5:75:2|5:275:2|5:714:2
ckpt_3400.pt,5,470,0.5749955177307129,0.10657180100679398,0.49466925859451294,"220,86,46,175,58","77,223,129,239,225",5:796:2|5:967:2|5:973:2
ckpt_3400.pt,5,471,0.4913797974586487,0.08567172288894653,0.4335797131061554,"91,130,28,98,113","189,148,228,130,70",5:892:2|5:4:1|5:10:1
ckpt_3400.pt,5,472,0.57551109790802,0.0898660272359848,0.45469605922698975,"245,228,173,244,77","186,159,187,177,157",5:536:2|5:611:2|5:959:2
ckpt_3400.pt,5,473,0.5801470279693604,0.09877220541238785,0.43893635272979736,"224,20,71,49,159","188,207,150,192,15",5:646:2|5:8:1|5:21:1
ckpt_3400.pt,5,474,0.4754842519760132,0.0909845232963562,0.4226442277431488,"66,230,181,36,52","171,230,216,201,249",5:305:2|5:371:2|5:725:2
ckpt_3400.pt,5,475,0.46167898178100586,0.11854129284620285,0.41151103377342224,"41,250,42,7,143","117,253,192,216,135",5:718:2|5:720:2|5:812:2
ckpt_3400.pt,5,476,0.5369256138801575,0.0933038741350174,0.4629579782485962,"32,7,205,23,39","46,157,137,131,0",5:894:2|5:992:2|5:45:1
ckpt_3400.pt,5,477,0.5896748304367065,0.11505981534719467,0.4587145149707794,"61,56,238,235,138","161,197,81,145,23",5:11:1|5:18:1|5:19:1
ckpt_3400.pt,5,478,0.5664812326431274,0.10252919048070908,0.5151618123054504,"201,65,214,64,215","73,121,239,1,76",5:433:2|5:589:2|5:749:2
ckpt_3400.pt,5,479,0.5163272023200989,0.09776163846254349,0.4596855938434601,"185,189,78,234,94","18,206,89,214,126",5:371:2|5:459:2|5:566:2
ckpt_3400.pt,5,480,0.6298874616622925,0.12455636262893677,0.5000712871551514,"43,8,76,188,12","154,233,180,92,104",5:2:2|5:181:2|5:439:2
ckpt_3400.pt,5,481,0.5088363885879517,0.08386288583278656,0.47318705916404724,"251,18,85,5,198","39,115,179,120,198",5:804:2|5:997:2|5:8:1
ckpt_3400.pt,5,482,0.45830050110816956,0.07761212438344955,0.4356473386287689,"57,218,155,172,230","90,101,129,74,9",5:291:2|5:571:2|5:648:2
ckpt_3400.pt,5,483,0.5587287545204163,0.11035841703414917,0.48012903332710266,"90,212,198,122,86","3,153,173,59,211",5:144:2|5:160:2|5:786:2
ckpt_3400.pt,5,484,0.5586949586868286,0.11161872744560242,0.44818243384361267,"86,0,125,177,138","68,133,204,200,42",5:6:1|5:22:1|5:45:1
ckpt_3400.pt,5,485,0.5566582083702087,0.09066595137119293,0.4807254374027252,"196,27,235,47,0","137,153,168,252,16",5:81:2|5:100:2|5:624:2
ckpt_3400.pt,5,486,0.446014940738678,0.0755494087934494,0.3773632049560547,"13,105,160,114,14","165,81,57,239,160",5:335:2|5:395:2|5:631:2
ckpt_3400.pt,5,487,0.47217538952827454,0.11020640283823013,0.4452741742134094,"25,32,160,74,3","190,60,183,212,84",5:504:2|5:773:2|5:901:2
ckpt_3400.pt,5,488,0.5276362895965576,0.0983225405216217,0.43788424134254456,"75,206,99,202,77","5,168,82,13,1",5:7:2|5:333:2|5:684:2
ckpt_3400.pt,5,489,0.5581938028335571,0.12624038755893707,0.49749213457107544,"215,34,27,7,100","187,138,35,152,64",5:327:2|5:0:1|5:18:1
ckpt_3400.pt,5,490,0.5296828150749207,0.08922086656093597,0.47948533296585083,"212,143,203,53,39","23,27,158,169,147",5:607:2|5:9:1|5:17:1
ckpt_3400.pt,5,491,0.49453648924827576,0.09040737897157669,0.4196201264858246,"88,210,182,57,96","45,6,116,153,70",5:251:2|5:281:2|5:308:2
ckpt_3400.pt,5,492,0.5528034567832947,0.11871073395013809,0.469688355922699,"58,249,217,60,137","240,149,229,241,247",5:24:2|5:67:2|5:168:2
ckpt_3400.pt,5,493,0.5448645353317261,0.09333068877458572,0.4527466297149658,"136,217,130,154,230","172,60,248,175,190",5:408:2|5:668:2|5:701:2
ckpt_3400.pt,5,494,0.538968563079834,0.09981101006269455,0.489321768283844,"68,153,219,233,3","65,37,69,20,100",5:5:2|5:57:2|5:977:2
ckpt_3400.pt,5,495,0.4823087155818939,0.11149534583091736,0.46404850482940674,"195,207,84,1,159","81,42,232,106,17",5:284:2|5:320:2|5:421:2
ckpt_3400.pt,5,496,0.5156286954879761,0.10592653602361679,0.4421873092651367,"102,195,189,99,14","251,118,28,25,176",5:317:2|5:463:2|5:602:2
ckpt_3400.pt,5,497,0.5138302445411682,0.0928293839097023,0.4420923590660095,"169,128,215,189,61","99,46,32,230,201",5:835:2|5:889:2|5:949:2
ckpt_3400.pt,5,498,0.580085039138794,0.10804241895675659,0.5059879422187805,"154,248,148,233,168","215,153,82,121,238",5:34:2|5:501:2|5:625:2
ckpt_3400.pt,5,499,0.6321747899055481,0.14129817485809326,0.4566245973110199,"191,122,67,120,43","34,157,229,82,51",5:83:3|5:180:2|5:212:2
ckpt_3400.pt,5,500,0.5326368808746338,0.11673977226018906,0.4651682376861572,"215,113,45,85,186","222,201,200,240,3",5:221:2|5:510:2|5:540:2
ckpt_3400.pt,5,501,0.5018954277038574,0.10502767562866211,0.42316821217536926,"51,168,15,237,154","44,172,99,201,50",5:32:2|5:82:2|5:105:2
ckpt_3400.pt,5,502,0.5214489698410034,0.11523770540952682,0.43187543749809265,"136,166,251,164,8","14,233,51,65,159",5:44:2|5:572:2|5:739:2
ckpt_3400.pt,5,503,0.4988805651664734,0.08503925055265427,0.4318920373916626,"214,79,254,60,255","230,236,71,252,87",5:11:1|5:12:1|5:16:1
ckpt_3400.pt,5,504,0.5938244462013245,0.10576732456684113,0.5208384394645691,"74,234,150,25,96","174,225,77,123,15",5:487:2|5:700:2|5:5:1
ckpt_3400.pt,5,505,0.541182816028595,0.10234636068344116,0.4537634253501892,"139,16,221,122,168","27,93,168,222,105",5:585:2|5:782:2|5:7:1
ckpt_3400.pt,5,506,0.4516034424304962,0.07574254274368286,0.38122081756591797,"131,30,144,140,214","112,238,255,114,208",5:197:2|5:199:2|5:280:2
ckpt_3400.pt,5,507,0.5190269947052002,0.09474649280309677,0.47398072481155396,"27,89,88,82,123","254,172,177,139,231",5:35:2|5:587:2|5:903:2
ckpt_3400.pt,5,508,0.5166027545928955,0.101882204413414,0.46378272771835327,"88,158,160,199,133","201,49,121,243,60",5:561:2|5:700:2|5:870:2
ckpt_3400.pt,5,509,0.5810807943344116,0.08844885975122452,0.5171453952789307,"176,166,224,45,237","21,215,50,155,18",5:362:2|5:547:2|5:571:2
ckpt_3400.pt,5,510,0.48309850692749023,0.08187815546989441,0.43987131118774414,"113,215,200,51,43","37,230,20,75,246",5:109:2|5:500:2|5:0:1
ckpt_3400.pt,5,511,0.5874379277229309,0.10556437820196152,0.4688446521759033,"69,162,28,83,71","49,195,115,68,216",5:77:2|5:312:2|5:8:1
ckpt_3400.pt,5,512,0.5167130827903748,0.09421513974666595,0.46131187677383423,"116,127,40,206,251","72,226,92,218,32",5:349:2|5:5:1|5:12:1
ckpt_3400.pt,5,513,0.5291702747344971,0.10950702428817749,0.47475117444992065,"128,52,124,108,150","193,240,34,249,235",5:239:2|5:0:1|5:4:1
ckpt_3400.pt,5,514,0.49053671956062317,0.10997254401445389,0.41167956590652466,"177,248,207,123,200","7,1,237,51,103",5:76:2|5:195:2|5:270:2
ckpt_3400.pt,5,515,0.5406616926193237,0.10440314561128616,0.46738532185554504,"169,84,170,198,29","102,142,13,12,97",5:542:2|5:748:2|5:1015:2
ckpt_3400.pt,5,516,0.6031677722930908,0.1309402734041214,0.5013763308525085,"46,29,116,207,243","237,11,25,150,31",5:737:2|5:830:2|5:960:2
ckpt_3400.pt,5,517,0.4784129559993744,0.09392212331295013,0.4290202558040619,"190,177,254,182,27","112,101,169,104,23",5:903:2|5:909:2|5:929:2
ckpt_3400.pt,5,518,0.5061292052268982,0.09282837808132172,0.4620361030101776,"145,55,235,175,52","168,54,97,57,109",5:530:2|5:608:2|5:867:2
ckpt_3400.pt,5,519,0.49206385016441345,0.08617833256721497,0.44729819893836975,"154,140,218,86,165","195,92,88,232,163",5:185:2|5:218:2|5:304:2
ckpt_3400.pt,5,520,0.4606637954711914,0.0894622653722763,0.38681501150131226,"32,73,49,171,246","229,7,143,121,45",5:189:2|5:601:2|5:751:2
ckpt_3400.pt,5,521,0.4561389088630676,0.08204205334186554,0.4322274923324585,"190,50,187,175,242","151,215,242,101,79",5:253:2|5:695:2|5:33:1
ckpt_3400.pt,5,522,0.533383309841156,0.10883826017379761,0.4658523201942444,"222,217,64,93,22","189,143,99,249,22",5:179:2|5:386:2|5:1:1
ckpt_3400.pt,5,523,0.5423469543457031,0.10025724023580551,0.4812864661216736,"112,171,27,226,2","208,37,159,33,4",5:694:3|5:35:2|5:257:2
ckpt_3400.pt,5,524,0.45490550994873047,0.09159994125366211,0.4080680310726166,"212,191,141,95,13","153,115,51,26,73",5:186:2|5:222:2|5:549:2
ckpt_3400.pt,5,525,0.5855336785316467,0.11747812479734421,0.46942222118377686,"62,253,83,194,106","110,31,211,188,122",5:634:2|5:703:2|5:8:1
ckpt_3400.pt,5,526,0.5955713391304016,0.11474236845970154,0.5213039517402649,"66,22,50,68,56","121,21,206,44,204",5:777:2|5:10:1|5:18:1
ckpt_3400.pt,5,527,0.4966241717338562,0.11733933538198471,0.4774154722690582,"133,195,140,129,89","119,167,43,120,13",5:71:2|5:330:2|5:334:2
ckpt_3400.pt,5,528,0.550918459892273,0.10625558346509933,0.4469470977783203,"18,77,49,227,80","8,103,217,190,14",5:234:2|5:616:2|5:14:1
ckpt_3400.pt,5,529,0.5059019327163696,0.08447989076375961,0.47941872477531433,"178,183,182,208,105","56,224,62,163,53",5:122:2|5:191:2|5:317:2
ckpt_3400.pt,5,530,0.5282766222953796,0.08199611306190491,0.4600691795349121,"235,162,48,55,108","105,168,150,59,29",5:142:2|5:518:2|5:896:2
ckpt_3400.pt,5,531,0.47826963663101196,0.08039679378271103,0.4207873046398163,"35,165,172,167,144","12,209,207,107,85",5:2:2|5:709:2|5:20:1
ckpt_3400.pt,5,532,0.5225879549980164,0.09146209806203842,0.48161792755126953,"186,152,56,93,169","43,74,144,35,220",5:12:1|5:18:1|5:37:1
ckpt_3400.pt,5,533,0.545934796333313,0.12351556867361069,0.4760138988494873,"129,240,141,49,225","232,29,137,67,151",5:115:2|5:828:2|5:21:1
ckpt_3400.pt,5,534,0.49891605973243713,0.090151846408844,0.45581674575805664,"28,117,7,193,114","124,101,231,5,209",5:80:2|5:422:2|5:692:2
ckpt_3400.pt,5,535,0.492083340883255,0.10409965366125107,0.44446107745170593,"63,106,11,145,164","14,69,170,147,190",5:114:2|5:865:2|5:13:1
ckpt_3400.pt,5,536,0.5121896862983704,0.08176356554031372,0.4648497402667999,"140,213,149,245,244","61,231,84,215,191",5:959:3|5:472:2|5:591:2
ckpt_3400.pt,5,537,0.48315393924713135,0.10353270918130875,0.44312477111816406,"10,137,120,83,24","200,167,27,126,79",5:378:2|5:566:2|5:960:2
ckpt_3400.pt,5,538,0.606019139289856,0.1261889636516571,0.4934091866016388,"220,50,5,93,36","3,93,173,73,23",5:351:2|5:17:1|5:41:1
ckpt_3400.pt,5,539,0.6515757441520691,0.12024316191673279,0.5044776797294617,"244,9,241,214,190","244,30,22,155,5",5:194:2|5:705:2|5:770:2
ckpt_3400.pt,5,540,0.483060747385025,0.09608568251132965,0.41079097986221313,"215,84,45,183,141","152,182,178,252,237",5:23:2|5:221:2|5:310:2
ckpt_3400.pt,5,541,0.5318443775177002,0.10901584476232529,0.4557967483997345,"255,98,231,63,74","82,60,153,201,3",5:31:2|5:225:2|5:4:1
ckpt_3400.pt,5,542,0.4482428729534149,0.09456957131624222,0.4199014902114868,"29,205,234,169,157","175,19,159,111,31",5:515:2|5:894:2|5:1015:2
ckpt_3400.pt,5,543,0.5006661415100098,0.07969575375318527,0.4697389602661133,"36,68,10,166,76","42,187,140,52,85",5:166:2|5:460:2|5:2:1
ckpt_3400.pt,5,544,0.5153103470802307,0.09548646211624146,0.469069242477417,"254,22,152,44,61","248,139,230,187,159",5:761:2|5:835:2|5:11:1
ckpt_3400.pt,5,545,0.5348834991455078,0.10170793533325195,0.5028440952301025,"109,22,112,49,248","252,141,17,90,16",5:859:2|5:1012:2|5:9:1
ckpt_3400.pt,5,546,0.5329098105430603,0.10083204507827759,0.4664214849472046,"73,213,143,130,5","5,84,10,142,155",5:17:2|5:451:2|5:578:2
ckpt_3400.pt,5,547,0.40905046463012695,0.0659298300743103,0.39034873247146606,"176,60,45,14,181","78,188,213,13,91",5:51:2|5:509:2|5:681:2
ckpt_3400.pt,5,548,0.5670097470283508,0.1129167377948761,0.48685598373413086,"163,211,153,243,231","160,255,99,227,132",5:255:2|5:21:1|5:33:1
ckpt_3400.pt,5,549,0.5873504877090454,0.09980808198451996,0.4675194025039673,"99,176,191,141,5","209,241,98,236,246",5:157:2|5:333:2|5:362:2
ckpt_3400.pt,5,550,0.469238817691803,0.09866198897361755,0.4162459373474121,"137,0,173,133,1","168,163,165,221,85",5:15:2|5:188:2|5:421:2
ckpt_3400.pt,5,551,0.4672475755214691,0.09284685552120209,0.4068659245967865,"98,93,57,4,159","57,126,28,90,144",5:354:2|5:809:2|5:918:2
ckpt_3400.pt,5,552,0.5617482662200928,0.10715992003679276,0.4754345417022705,"207,99,184,165,138","84,168,156,83,60",5:91:2|5:287:2|5:351:2
ckpt_3400.pt,5,553,0.55107182264328,0.10410413891077042,0.48156553506851196,"99,151,245,123,253","224,211,182,123,84",5:91:2|5:262:2|5:611:2
ckpt_3400.pt,5,554,0.5338118672370911,0.10369106382131577,0.48457369208335876,"129,169,227,232,59","43,154,115,16,182",5:38:2|5:86:2|5:94:2
ckpt_3400.pt,5,555,0.5099655389785767,0.09021585434675217,0.4650798738002777,"38,191,9,239,136","106,101,41,27,56",5:436:2|5:3:1|5:33:1
ckpt_3400.pt,5,556,0.5661293864250183,0.09378013014793396,0.477384477853775,"80,142,20,255,29","76,125,157,239,253",5:632:2|5:731:2|5:1:1
ckpt_3400.pt,5,557,0.5021913647651672,0.10731511563062668,0.41477641463279724,"239,221,115,42,53","84,187,160,92,200",5:836:2|5:908:2|5:937:2
ckpt_3400.pt,5,558,0.45799657702445984,0.07828592509031296,0.3953501880168915,"71,134,187,45,81","55,206,37,22,32",5:51:2|5:462:2|5:813:2
ckpt_3400.pt,5,559,0.6287488341331482,0.13130280375480652,0.5360369682312012,"40,215,203,111,80","166,195,238,73,254",5:101:2|5:443:2|5:893:2
ckpt_3400.pt,5,560,0.47955188155174255,0.08280221372842789,0.43931859731674194,"170,3,238,212,15","115,169,95,94,167",5:9:2|5:107:2|5:325:2
ckpt_3400.pt,5,561,0.5501348972320557,0.09543678164482117,0.4528634250164032,"34,155,199,80,88","168,205,78,130,224",5:85:2|5:508:2|5:14:1
ckpt_3400.pt,5,562,0.4784095585346222,0.1062300056219101,0.4164074659347534,"29,133,28,232,30","245,170,197,208,207",5:158:2|5:305:2|5:731:2
ckpt_3400.pt,5,563,0.5313381552696228,0.09063244611024857,0.46047499775886536,"117,20,93,6,245","84,198,132,227,140",5:46:2|5:594:2|5:771:2
ckpt_3400.pt,5,564,0.5235947370529175,0.09767189621925354,0.45993611216545105,"250,43,110,15,132","63,1,202,142,9",5:109:2|5:9:1|5:13:1
ckpt_3400.pt,5,565,0.5302271842956543,0.08422305434942245,0.4670010507106781,"91,228,32,6,66","36,126,253,105,223",5:10:2|5:176:2|5:32:1
ckpt_3400.pt,5,566,0.5068297982215881,0.08535615354776382,0.449741005897522,"151,234,83,78,120","210,149,61,19,46",5:479:2|5:537:2|5:1:1
ckpt_3400.pt,5,567,0.49641773104667664,0.10325450450181961,0.43749794363975525,"99,9,79,224,47","164,62,60,99,104",5:741:2|5:4:1|5:8:1
ckpt_3400.pt,5,568,0.5112386345863342,0.08882104605436325,0.4446972608566284,"102,183,193,90,87","54,222,172,137,30",5:0:1|5:1:1|5:3:1
ckpt_3400.pt,5,569,0.5429441928863525,0.1092669740319252,0.461357980966568,"88,229,11,171,16","137,34,220,92,215",5:54:2|5:844:2|5:39:1
ckpt_3400.pt,5,570,0.5611140131950378,0.1059541404247284,0.45903947949409485,"14,223,48,202,88","171,70,182,129,123",5:684:2|5:6:1|5:7:1
ckpt_3400.pt,5,571,0.4774971008300781,0.08555059134960175,0.442353755235672,"176,57,230,237,199","29,42,105,207,224",5:450:2|5:482:2|5:509:2
ckpt_3400.pt,5,572,0.4927896559238434,0.08937402814626694,0.41883978247642517,"109,73,164,189,166","212,125,127,73,91",5:13:2|5:502:2|5:866:2
ckpt_3400.pt,5,573,0.476699560880661,0.0796237364411354,0.4250788688659668,"63,119,44,208,244","166,181,160,62,40",5:171:2|5:602:2|5:649:2
ckpt_3400.pt,5,574,0.555216908454895,0.11258561164140701,0.43267232179641724,"5,140,161,238,240","222,2,233,128,47",5:71:2|5:280:2|5:325:2
ckpt_3400.pt,5,575,0.5522868037223816,0.11974210292100906,0.4658203423023224,"127,139,71,105,195","61,64,26,117,126",5:47:2|5:173:2|5:12:1
ckpt_3400.pt,5,576,0.41284433007240295,0.12267947942018509,0.4033161699771881,"65,98,23,41,240","43,153,125,51,246",5:182:2|5:302:2|5:842:2
ckpt_3400.pt,5,577,0.5819299817085266,0.1053750216960907,0.4818153381347656,"35,24,82,176,164","165,61,91,184,3",5:58:2|5:282:2|5:13:1
ckpt_3400.pt,5,578,0.4260503947734833,0.070054791867733,0.37592843174934387,"93,190,101,130,143","154,192,225,117,134",5:130:2|5:236:2|5:546:2
ckpt_3400.pt,5,579,0.4543584883213043,0.089548759162426,0.40599533915519714,"117,162,98,116,92","208,65,180,249,193",5:75:2|5:0:1|5:4:1
ckpt_3400.pt,5,580,0.5492178201675415,0.09900563210248947,0.47448229789733887,"200,234,155,164,65","51,169,252,193,103",5:723:2|5:13:1|5:22:1
ckpt_3400.pt,5,581,0.4669129252433777,0.08276402950286865,0.41565778851509094,"229,3,23,61,31","107,202,199,34,187",5:107:2|5:131:2|5:302:2
ckpt_3400.pt,5,582,0.5128652453422546,0.08974426984786987,0.46420803666114807,"18,129,131,11,61","2,112,197,162,250",5:54:2|5:209:2|5:709:2
ckpt_3400.pt,5,583,0.5263724327087402,0.09159457683563232,0.4475039839744568,"39,202,230,252,173","203,77,173,149,244",5:169:2|5:196:2|5:290:2
ckpt_3400.pt,5,584,0.5144275426864624,0.10576332360506058,0.45983728766441345,"213,178,50,228,231","82,93,64,154,7",5:41:2|5:55:2|5:75:2
ckpt_3400.pt,5,585,0.5530461668968201,0.10644327104091644,0.46791204810142517,"9,122,248,113,221","175,131,206,216,190",5:505:2|5:741:2|5:10:1
ckpt_3400.pt,5,586,0.5512220859527588,0.09010094404220581,0.4767955541610718,"43,115,255,226,76","45,44,154,114,76",5:35:2|5:198:2|5:430:2
ckpt_3400.pt,5,587,0.4752691090106964,0.0932152271270752,0.46027693152427673,"134,89,82,205,188","134,155,159,214,35",5:507:2|5:11:1|5:14:1
ckpt_3400.pt,5,588,0.5438148975372314,0.0974806696176529,0.4565334916114807,"253,171,43,105,146","143,117,77,133,148",5:420:2|5:640:2|5:23:1
ckpt_3400.pt,5,589,0.45696690678596497,0.11625252664089203,0.4183172285556793,"147,65,106,215,192","87,43,88,138,39",5:433:2|5:478:2|5:932:2
ckpt_3400.pt,5,590,0.4686998426914215,0.07042064517736435,0.41292595863342285,"199,1,46,40,159","143,121,59,239,248",5:368:2|5:495:2|5:809:2
ckpt_3400.pt,5,591,0.5982930064201355,0.12210822105407715,0.49054527282714844,"140,124,83,225,244","238,136,124,154,133",5:766:3|5:536:2|5:648:2
ckpt_3400.pt,5,592,0.5749863386154175,0.09983392804861069,0.48213493824005127,"32,108,164,190,179","15,2,26,192,132",5:226:2|5:392:2|5:0:1
ckpt_3400.pt,5,593,0.5073572993278503,0.09715864807367325,0.4434877336025238,"180,46,79,24,185","13,56,130,55,131",5:393:2|5:11:1|5:12:1
ckpt_3400.pt,5,594,0.507308304309845,0.08441532403230667,0.45937803387641907,"6,54,204,245,72","112,255,248,253,133",5:216:2|5:428:2|5:563:2
ckpt_3400.pt,5,595,0.5591455698013306,0.12299525737762451,0.4968985915184021,"180,174,216,203,99","140,77,63,0,93",5:36:2|5:262:2|5:834:2
ckpt_3400.pt,5,596,0.5447565913200378,0.11230256408452988,0.46770215034484863,"41,216,227,178,84","141,35,133,113,60",5:74:2|5:361:2|5:719:2
ckpt_3400.pt,5,597,0.6303814053535461,0.11430560052394867,0.5202697515487671,"29,105,188,197,138","200,219,212,57,246",5:47:2|5:116:2|5:169:2
ckpt_3400.pt,5,598,0.4745906889438629,0.08249899744987488,0.42925289273262024,"247,43,115,35,60","96,97,205,21,163",5:20:2|5:413:2|5:586:2
ckpt_3400.pt,5,599,0.505630373954773,0.09075022488832474,0.44956761598587036,"44,236,45,16,89","147,40,130,132,176",5:93:2|5:844:2|5:14:1
ckpt_3400.pt,5,600,0.5477831959724426,0.12945392727851868,0.4860495328903198,"45,136,100,83,185","201,121,9,133,224",5:693:2|5:777:2|5:996:2
ckpt_3400.pt,5,601,0.5866119265556335,0.10905210673809052,0.5016889572143555,"32,79,138,182,246","160,55,86,188,83",5:520:2|5:789:2|5:851:2
ckpt_3400.pt,5,602,0.4918873906135559,0.0794980451464653,0.43471017479896545,"99,14,49,208,44","54,61,220,217,0",5:294:2|5:317:2|5:332:2
ckpt_3400.pt,5,603,0.5473738312721252,0.0962252989411354,0.4804215729236603,"187,90,150,159,13","116,149,87,133,192",5:887:2|5:34:1|5:66:1
ckpt_3400.pt,5,604,0.4335620403289795,0.0743304118514061,0.3961007297039032,"161,23,47,229,193","101,160,167,48,28",5:131:2|5:138:2|5:326:2
ckpt_3400.pt,5,605,0.539823055267334,0.107584148645401,0.4785457253456116,"87,208,232,248,176","51,167,12,215,189",5:12:2|5:191:2|5:615:2
ckpt_3400.pt,5,606,0.5256412029266357,0.0863533541560173,0.4320410192012787,"164,178,235,191,22","89,90,172,17,213",5:192:2|5:914:2|5:3:1
ckpt_3400.pt,5,607,0.539872407913208,0.09829027950763702,0.48792564868927,"182,127,203,187,39","12,62,210,151,246",5:490:2|5:3:1|5:12:1
ckpt_3400.pt,5,608,0.6088210344314575,0.1156187579035759,0.517884373664856,"94,17,175,22,145","162,145,177,87,172",5:177:2|5:192:2|5:518:2
ckpt_3400.pt,5,609,0.5970781445503235,0.1231956034898758,0.47934502363204956,"100,193,170,99,23","11,182,42,197,107",5:215:2|5:329:2|5:394:2
ckpt_3400.pt,5,610,0.5063589215278625,0.09022445231676102,0.4282322824001312,"225,222,16,198,149","216,199,234,226,189",5:81:2|5:321:2|5:665:2
ckpt_3400.pt,5,611,0.4991748034954071,0.08480729907751083,0.4497075080871582,"245,173,82,146,151","192,45,226,91,122",5:196:2|5:472:2|5:553:2
ckpt_3400.pt,5,612,0.5694948434829712,0.10143604129552841,0.49734440445899963,"147,121,75,146,185","29,73,138,233,201",5:69:2|5:233:2|5:808:2
ckpt_3400.pt,5,613,0.49848127365112305,0.10304020345211029,0.4484131336212158,"253,22,117,180,135","137,225,171,20,52",5:45:2|5:177:2|5:323:2
ckpt_3400.pt,5,614,0.5808736681938171,0.1326199173927307,0.4914785325527191,"242,102,86,166,51","21,106,136,45,145",5:315:2|5:447:2|5:627:2
ckpt_3400.pt,5,615,0.5303776264190674,0.09880176931619644,0.4688386917114258,"134,53,176,191,87","29,193,14,211,82",5:3:2|5:549:2|5:605:2
ckpt_3400.pt,5,616,0.5267371535301208,0.09963373094797134,0.46335160732269287,"18,123,247,227,193","236,3,134,168,246",5:295:2|5:415:2|5:528:2
ckpt_3400.pt,5,617,0.5196771621704102,0.1251557618379593,0.4805203974246979,"163,11,40,142,180","88,67,220,12,51",5:108:3|5:444:2|5:1:1
ckpt_3400.pt,5,618,0.5661625266075134,0.10985153168439865,0.4690310060977936,"126,19,118,168,70","57,200,43,11,163",5:448:2|5:7:1|5:8:1
ckpt_3400.pt,5,619,0.5000526905059814,0.10114636272192001,0.4503641426563263,"18,144,126,138,170","20,211,21,159,111",5:709:2|5:2:1|5:15:1
ckpt_3400.pt,5,620,0.443741112947464,0.0760071724653244,0.4119698107242584,"36,160,245,122,118","170,164,161,144,246",5:172:2|5:886:2|5:963:2
ckpt_3400.pt,5,621,0.6123229265213013,0.10995952039957047,0.48456627130508423,"56,84,240,163,24","221,145,165,196,167",5:46:2|5:74:2|5:145:2
ckpt_3400.pt,5,622,0.5487625598907471,0.10775841772556305,0.47575417160987854,"200,20,106,140,230","206,195,90,110,81",5:291:2|5:648:2|5:701:2
ckpt_3400.pt,5,623,0.6258562207221985,0.12970797717571259,0.45472073554992676,"8,58,195,219,123","179,183,5,135,225",5:754:2|5:905:2|5:5:1
ckpt_3400.pt,5,624,0.5382207036018372,0.10721788555383682,0.462997168302536,"167,26,244,0,235","219,194,213,18,150",5:485:2|5:2:1|5:11:1
ckpt_3400.pt,5,625,0.4398849904537201,0.09185924381017685,0.39619892835617065,"124,154,100,42,168","150,235,189,81,69",5:49:2|5:132:2|5:276:2
ckpt_3400.pt,5,626,0.6197954416275024,0.11877946555614471,0.5232213735580444,"9,243,196,30,96","80,109,170,68,224",5:56:2|5:190:2|5:5:1
ckpt_3400.pt,5,627,0.5153264999389648,0.09240467846393585,0.4373408555984497,"108,159,166,102,26","217,190,61,254,66",5:614:2|5:673:2|5:0:1
ckpt_3400.pt,5,628,0.6300301551818848,0.12305856496095657,0.5249531865119934,"3,216,48,40,12","137,190,76,223,41",5:5:2|5:124:2|5:165:2
ckpt_3400.pt,5,629,0.5653337836265564,0.10905976593494415,0.4963154196739197,"201,186,2,52,243","56,121,247,27,152",5:305:2|5:321:2|5:973:2
ckpt_3400.pt,5,630,0.5013386607170105,0.1134394183754921,0.4660274088382721,"239,174,35,54,47","81,61,187,116,189",5:213:2|5:811:2|5:937:2
ckpt_3400.pt,5,631,0.5476920008659363,0.08236011862754822,0.44860997796058655,"160,179,104,105,210","122,57,194,35,254",5:138:2|5:486:2|5:738:2
ckpt_3400.pt,5,632,0.4959816634654999,0.09512272477149963,0.44730880856513977,"255,163,157,80,26","67,139,214,137,202",5:556:2|5:804:2|5:927:2
ckpt_3400.pt,5,633,0.4933411478996277,0.09976265579462051,0.44238778948783875,"184,198,121,115,178","206,125,114,129,121",5:20:2|5:287:2|5:635:2
ckpt_3400.pt,5,634,0.5100699663162231,0.09405837953090668,0.4353419840335846,"57,253,62,107,242","183,56,87,72,161",5:66:2|5:455:2|5:525:2
ckpt_3400.pt,5,635,0.5812377333641052,0.11616446822881699,0.4757485091686249,"121,132,51,178,156","170,120,112,49,22",5:243:2|5:315:2|5:633:2
ckpt_3400.pt,5,636,0.5497508645057678,0.11521163582801819,0.482543021440506,"49,234,132,21,255","93,225,62,157,216",5:294:2|5:653:2|5:21:1
ckpt_3400.pt,5,637,0.44947922229766846,0.07372043281793594,0.39473381638526917,"68,197,58,243,93","15,17,231,46,232",5:208:2|5:19:1|5:56:1
ckpt_3400.pt,5,638,0.5343899726867676,0.11110349744558334,0.4524572193622589,"119,148,128,79,15","190,252,27,65,125",5:6:1|5:9:1|5:12:1
ckpt_3400.pt,5,639,0.5122396349906921,0.08156322687864304,0.4701087772846222,"177,179,155,235,206","131,111,207,92,171",5:194:2|5:263:2|5:2:1
ckpt_3400.pt,5,640,0.5101513266563416,0.09995312988758087,0.43533197045326233,"204,87,253,200,171","158,171,106,214,218",5:22:2|5:126:2|5:241:2
ckpt_3400.pt,5,641,0.4701411724090576,0.09037744253873825,0.4330867826938629,"236,61,12,109,172","237,174,163,199,13",5:356:2|5:835:2|5:2:1
ckpt_3400.pt,5,642,0.43576210737228394,0.07809989154338837,0.41547128558158875,"66,113,34,121,42","232,18,195,38,229",5:10:2|5:59:2|5:397:2
ckpt_3400.pt,5,643,0.5149144530296326,0.09453999996185303,0.4726587235927582,"238,234,113,178,109","192,19,68,97,73",5:993:2|5:10:1|5:13:1
ckpt_3400.pt,5,644,0.6051602959632874,0.10182798653841019,0.4598464071750641,"39,158,191,240,252","201,197,254,51,117",5:309:2|5:458:2|5:583:2
ckpt_3400.pt,5,645,0.48646080493927,0.098353810608387,0.4579346776008606,"57,47,140,238,131","202,74,203,47,66",5:506:2|5:574:2|5:811:2
ckpt_3400.pt,5,646,0.5264798402786255,0.09749700874090195,0.46363458037376404,"138,176,159,20,168","85,111,206,245,234",5:473:2|5:672:2|5:698:2
ckpt_3400.pt,5,647,0.5605916976928711,0.15066134929656982,0.4498674273490906,"229,245,240,184,33","119,190,85,170,99",5:24:1|5:33:1|5:39:1
ckpt_3400.pt,5,648,0.5151524543762207,0.10088515281677246,0.46946635842323303,"218,70,225,230,140","239,178,157,154,192",5:291:2|5:304:2|5:482:2
ckpt_3400.pt,5,649,0.442801296710968,0.09199273586273193,0.40200570225715637,"44,1,24,165,208","230,99,228,96,2",5:191:2|5:332:2|5:345:2
ckpt_3400.pt,5,650,0.41506922245025635,0.08148006349802017,0.3934837579727173,"201,224,254,35,38","169,255,195,97,125",5:258:2|5:394:2|5:915:2
ckpt_3400.pt,5,651,0.5060900449752808,0.11166739463806152,0.4713146984577179,"209,180,214,92,113","201,19,165,155,159",5:397:2|5:0:1|5:4:1
ckpt_3400.pt,5,652,0.44377362728118896,0.0858529582619667,0.3848615884780884,"156,83,167,107,160","119,178,73,170,222",5:766:3|5:335:2|5:971:2
ckpt_3400.pt,5,653,0.6005327105522156,0.12383594363927841,0.49739864468574524,"5,49,67,132,13","93,223,104,179,247",5:636:2|5:938:2|5:17:1
ckpt_3400.pt,5,654,0.5768030881881714,0.10412250459194183,0.5087124109268188,"138,38,213,189,195","91,138,186,212,8",5:163:2|5:496:2|5:39:1
ckpt_3400.pt,5,655,0.6135785579681396,0.10775607824325562,0.5410444736480713,"230,246,104,208,51","3,117,253,137,80",5:291:2|5:319:2|5:779:2
ckpt_3400.pt,5,656,0.49082669615745544,0.08655022829771042,0.4504948556423187,"86,191,130,231,57","2,213,161,53,160",5:368:2|5:429:2|5:785:2
ckpt_3400.pt,5,657,0.540020227432251,0.11486322432756424,0.486897736787796,"82,174,28,37,119","253,125,220,247,145",5:35:2|5:80:2|5:274:2
ckpt_3400.pt,5,658,0.5250031352043152,0.1072247177362442,0.45851871371269226,"233,123,222,59,234","62,119,245,32,53",5:84:2|5:195:2|5:373:2
ckpt_3400.pt,5,659,0.5200037956237793,0.1261446475982666,0.4561464488506317,"119,146,197,54,234","210,69,0,165,178",5:6:1|5:25:1|5:34:1
ckpt_3400.pt,5,660,0.5668900012969971,0.1111333966255188,0.498575359582901,"133,140,224,32,80","100,131,94,60,136",5:527:2|5:3:1|5:8:1
ckpt_3400.pt,5,661,0.5547425150871277,0.09329245984554291,0.4951668381690979,"94,109,43,33,206","154,45,85,219,14",5:758:2|5:815:2|5:13:1
ckpt_3400.pt,5,662,0.5406699776649475,0.11915181577205658,0.46377241611480713,"64,82,80,153,28","87,220,171,166,181",5:65:2|5:80:2|5:242:2
ckpt_3400.pt,5,663,0.5886596441268921,0.11658535152673721,0.48278218507766724,"160,190,202,47,59","247,126,71,117,58",5:290:2|5:703:2|5:0:1
ckpt_3400.pt,5,664,0.5733862519264221,0.14542032778263092,0.45851704478263855,"185,119,238,26,189","151,136,216,133,168",5:479:2|5:983:2|5:6:1
ckpt_3400.pt,5,665,0.6309455037117004,0.10318861156702042,0.5257304906845093,"149,159,242,222,110","167,14,1,11,109",5:610:2|5:42:1|5:44:1
ckpt_3400.pt,5,666,0.5429612994194031,0.09540016949176788,0.4768516719341278,"119,147,84,33,39","210,141,204,101,97",5:199:2|5:6:1|5:9:1
ckpt_3400.pt,5,667,0.5562514662742615,0.10930144786834717,0.4400020241737366,"132,64,100,148,141","145,167,128,101,203",5:112:2|5:153:2|5:919:2
ckpt_3400.pt,5,668,0.44685155153274536,0.0854749009013176,0.42155447602272034,"84,230,148,154,243","125,157,12,75,37",5:493:2|5:498:2|5:733:2
ckpt_3400.pt,5,669,0.4952262341976166,0.1136135682463646,0.4534991681575775,"186,170,112,226,239","169,204,77,216,3",5:107:2|5:523:2|5:9:1
ckpt_3400.pt,5,670,0.5192965865135193,0.11364054679870605,0.4535108804702759,"6,61,59,157,188","84,129,47,222,77",5:176:2|5:877:2|5:10:1
ckpt_3400.pt,5,671,0.5334562659263611,0.11018603295087814,0.44818583130836487,"137,58,245,165,23","81,232,8,42,105",5:492:2|5:992:2|5:15:1
ckpt_3400.pt,5,672,0.5586655735969543,0.11244518309831619,0.46374747157096863,"185,230,109,138,159","54,197,216,7,179",5:26:2|5:646:2|5:713:2
ckpt_3400.pt,5,673,0.436379998922348,0.08651531487703323,0.39684978127479553,"64,83,108,15,159","99,76,32,176,151",5:86:2|5:627:2|5:0:1
ckpt_3400.pt,5,674,0.5302256941795349,0.10514828562736511,0.4355035424232483,"236,128,213,10,6","127,124,135,39,211",5:119:2|5:862:2|5:881:2
ckpt_3400.pt,5,675,0.521528959274292,0.1036204919219017,0.4782707691192627,"233,85,119,140,67","233,155,166,182,116",5:959:2|5:3:1|5:6:1
ckpt_3400.pt,5,676,0.48392435908317566,0.1266486942768097,0.43160635232925415,"75,93,134,129,48","135,219,224,116,5",5:386:2|5:801:2|5:863:2
ckpt_3400.pt,5,677,0.5759456157684326,0.092216856777668,0.47764596343040466,"187,188,185,232,184","79,156,195,226,110",5:94:2|5:1005:2|5:1017:2
ckpt_3400.pt,5,678,0.6153889298439026,0.12608705461025238,0.4824181795120239,"147,37,87,61,60","77,196,230,85,49",5:55:2|5:147:2|5:396:2
ckpt_3400.pt,5,679,0.4886031746864319,0.09926729649305344,0.4685123860836029,"162,227,10,179,243","192,234,22,190,248",5:2:1|5:8:1|5:32:1
ckpt_3400.pt,5,680,0.5273606181144714,0.08542319387197495,0.48465242981910706,"142,196,76,150,241","151,78,157,126,140",5:198:2|5:948:2|5:1:1
ckpt_3400.pt,5,681,0.547254741191864,0.10426737368106842,0.4893942177295685,"60,45,31,246,69","105,41,51,16,121",5:547:2|5:5:1|5:13:1
ckpt_3400.pt,5,682,0.48225516080856323,0.08527201414108276,0.4471660852432251,"28,116,104,236,27","171,109,236,124,31",5:99:2|5:202:2|5:17:1
ckpt_3400.pt,5,683,0.4710529148578644,0.0802483931183815,0.4252345561981201,"85,49,146,214,39","25,109,107,178,67",5:313:2|5:318:2|5:853:2
ckpt_3400.pt,5,684,0.5617501735687256,0.09518066793680191,0.46212658286094666,"202,127,223,77,51","165,39,129,71,236",5:151:2|5:157:2|5:206:2
ckpt_3400.pt,5,685,0.5267862677574158,0.09505262970924377,0.4726254642009735,"119,32,111,188,156","209,148,119,246,70",5:789:3|5:116:2|5:726:2
ckpt_3400.pt,5,686,0.5401946902275085,0.09788098186254501,0.45024120807647705,"182,9,121,41,58","2,224,162,133,114",5:234:2|5:361:2|5:796:2
ckpt_3400.pt,5,687,0.6379494667053223,0.11074857413768768,0.5096447467803955,"227,161,71,186,126","219,3,156,189,26",5:95:2|5:141:2|5:184:2
ckpt_3400.pt,5,688,0.5464411377906799,0.10100795328617096,0.5271312594413757,"84,97,95,157,32","221,11,204,233,236",5:9:1|5:28:1|5:40:1
ckpt_3400.pt,5,689,0.6154459714889526,0.12258516252040863,0.4944254755973816,"105,162,85,232,115","96,174,253,147,3",5:8:2|5:28:2|5:47:2
ckpt_3400.pt,5,690,0.5393362045288086,0.1105281189084053,0.4497881531715393,"131,1,84,49,78","167,130,78,157,160",5:427:2|5:495:2|5:791:2
ckpt_3400.pt,5,691,0.5969187021255493,0.13869521021842957,0.48547980189323425,"21,209,78,146,142","57,100,32,194,36",5:1:1|5:4:1|5:24:1
ckpt_3400.pt,5,692,0.4899110496044159,0.10077354311943054,0.4531274735927582,"215,143,231,114,28","109,252,55,49,145",5:80:2|5:534:2|5:720:2
ckpt_3400.pt,5,693,0.5616896748542786,0.0906904861330986,0.4455747604370117,"104,83,61,87,136","92,66,68,123,136",5:600:2|5:678:2|5:966:2
ckpt_3400.pt,5,694,0.4400794506072998,0.07224305719137192,0.38103726506233215,"87,171,2,161,226","148,175,49,115,215",5:523:3|5:78:2|5:87:2
ckpt_3400.pt,5,695,0.5259178876876831,0.1181446835398674,0.45645368099212646,"181,242,190,220,146","145,42,82,130,194",5:62:2|5:160:2|5:521:2
ckpt_3400.pt,5,696,0.5109127163887024,0.14163365960121155,0.44159334897994995,"220,66,147,108,40","172,149,4,125,6",5:103:2|5:187:2|5:204:2
ckpt_3400.pt,5,697,0.49858105182647705,0.0950963944196701,0.4712662696838379,"99,69,252,86,118","230,191,183,94,51",5:22:2|5:4:1|5:11:1
ckpt_3400.pt,5,698,0.5052719712257385,0.08300301432609558,0.4559231996536255,"126,238,176,232,159","21,112,205,62,161",5:94:2|5:249:2|5:605:2
ckpt_3400.pt,5,699,0.4863528907299042,0.10792683809995651,0.4447283148765564,"84,246,65,237,90","167,227,51,46,218",5:427:2|5:729:2|5:749:2
ckpt_3400.pt,5,700,0.5490790009498596,0.12016283720731735,0.46446898579597473,"234,214,88,150,133","60,27,175,212,88",5:144:2|5:197:2|5:504:2
ckpt_3400.pt,5,701,0.510145366191864,0.10951847583055496,0.478245347738266,"140,230,192,116,136","144,25,57,54,15",5:291:2|5:330:2|5:334:2
ckpt_3400.pt,5,702,0.6019419431686401,0.1191379651427269,0.4860028028488159,"94,103,159,133,135","224,125,150,172,209",5:177:2|5:794:2|5:910:2
ckpt_3400.pt,5,703,0.5613915920257568,0.1269930601119995,0.4804302155971527,"59,160,62,89,106","176,165,141,70,103",5:525:2|5:663:2|5:832:2
ckpt_3400.pt,5,704,0.4610587954521179,0.0721430703997612,0.4170808494091034,"37,190,111,26,77","182,113,1,84,114",5:203:2|5:230:2|5:7:1
ckpt_3400.pt,5,705,0.5293270945549011,0.09861591458320618,0.46511995792388916,"164,214,126,244,142","12,166,20,3,237",5:539:2|5:879:2|5:1:1
ckpt_3400.pt,5,706,0.5538945198059082,0.09963104873895645,0.4757500886917114,"229,105,211,174,76","154,55,146,104,32",5:167:2|5:198:2|5:2:1
ckpt_3400.pt,5,707,0.4763135313987732,0.09018853306770325,0.42870044708251953,"106,61,120,231,158","224,133,234,6,85",5:300:2|5:865:2|5:21:1
ckpt_3400.pt,5,708,0.5393977165222168,0.09842168539762497,0.4412468671798706,"227,99,247,117,21","150,167,207,120,186",5:116:2|5:616:2|5:837:2
ckpt_3400.pt,5,709,0.524013876914978,0.0922183096408844,0.4733152687549591,"172,144,73,18,129","59,55,217,221,245",5:531:2|5:582:2|5:619:2
ckpt_3400.pt,5,710,0.5560855865478516,0.13176657259464264,0.4861738979816437,"248,233,215,240,175","202,104,225,172,49",5:74:2|5:498:2|5:886:2
ckpt_3400.pt,5,711,0.7591832876205444,0.1484098881483078,0.5656975507736206,"83,132,46,121,32","110,139,96,172,242",5:635:2|5:796:2|5:814:2
ckpt_3400.pt,5,712,0.582522451877594,0.09215552359819412,0.502878725528717,"82,16,239,63,180","198,250,210,89,135",5:27:1|5:33:1|5:35:1
ckpt_3400.pt,5,713,0.6641539931297302,0.10501518845558167,0.5349048972129822,"88,185,32,109,195","222,61,112,72,197",5:85:2|5:672:2|5:13:1
ckpt_3400.pt,5,714,0.5742650628089905,0.12762273848056793,0.4871518313884735,"250,220,218,235,112","75,138,95,121,94",5:9:2|5:227:2|5:423:2
ckpt_3400.pt,5,715,0.5484097599983215,0.1248796135187149,0.473086416721344,"154,195,61,209,165","95,119,78,37,141",5:306:2|5:519:2|5:865:2
ckpt_3400.pt,5,716,0.4706246852874756,0.09535929560661316,0.4279816746711731,"242,8,128,14,29","28,105,197,174,56",5:162:2|5:6:1|5:14:1
ckpt_3400.pt,5,717,0.5206058621406555,0.11455485224723816,0.45330050587654114,"117,146,249,194,22","130,147,128,42,149",5:267:2|5:383:2|5:613:2
ckpt_3400.pt,5,718,0.5012535452842712,0.09409303218126297,0.4266456365585327,"6,13,54,42,143","231,251,43,36,229",5:428:3|5:49:2|5:313:2
ckpt_3400.pt,5,719,0.554987907409668,0.09524039179086685,0.4628776013851166,"24,252,41,216,93","110,187,54,235,253",5:354:2|5:361:2|5:596:2
ckpt_3400.pt,5,720,0.5797774791717529,0.10367325693368912,0.48534712195396423,"28,250,143,47,182","154,48,51,142,126",5:71:2|5:158:2|5:271:2
ckpt_3400.pt,5,721,0.4887964129447937,0.08519598841667175,0.44739454984664917,"119,125,48,135,40","85,1,223,141,119",5:6:2|5:124:2|5:154:2
ckpt_3400.pt,5,722,0.5318440794944763,0.09992839395999908,0.4265297055244446,"230,228,247,82,215","77,1,180,44,237",5:940:2|5:0:1|5:14:1
ckpt_3400.pt,5,723,0.6180943250656128,0.1331758201122284,0.5132848620414734,"206,65,164,118,254","64,233,130,108,21",5:580:2|5:826:2|5:11:1
ckpt_3400.pt,5,724,0.5442237854003906,0.08741556107997894,0.47206178307533264,"123,97,114,155,99","246,192,81,136,57",5:73:2|5:262:2|5:553:2
ckpt_3400.pt,5,725,0.3896421790122986,0.07259205728769302,0.3939483165740967,"202,73,52,187,181","242,37,111,221,188",5:174:2|5:474:2|5:7:1
ckpt_3400.pt,5,726,0.5428260564804077,0.10759562999010086,0.46814653277397156,"111,211,165,188,109","46,214,64,136,255",5:77:2|5:142:2|5:198:2
ckpt_3400.pt,5,727,0.5453583002090454,0.09953295439481735,0.4477981925010681,"124,230,196,99,164","100,137,180,89,179",5:152:2|5:226:2|5:953:2
ckpt_3400.pt,5,728,0.506877064704895,0.11026968061923981,0.4776185154914856,"103,218,45,196,92","219,241,45,106,98",5:922:2|5:0:1|5:9:1
ckpt_3400.pt,5,729,0.5148645639419556,0.09256117045879364,0.4765550196170807,"198,37,65,245,246","173,251,77,86,107",5:170:2|5:182:2|5:319:2
ckpt_3400.pt,5,730,0.5928168892860413,0.12926113605499268,0.5146654844284058,"157,62,167,23,91","13,132,105,144,67",5:329:2|5:411:2|5:897:2
ckpt_3400.pt,5,731,0.5925154685974121,0.10971038043498993,0.4654105305671692,"29,232,255,159,5","103,99,255,244,148",5:271:2|5:556:2|5:562:2
ckpt_3400.pt,5,732,0.4294193387031555,0.08836955577135086,0.3916100859642029,"206,222,20,88,148","178,114,17,189,241",5:149:2|5:39:1|5:44:1
ckpt_3400.pt,5,733,0.48106977343559265,0.08058612793684006,0.44368550181388855,"23,154,93,73,148","184,39,102,246,206",5:131:2|5:182:2|5:339:2
ckpt_3400.pt,5,734,0.5255544185638428,0.11666297912597656,0.4439786970615387,"24,98,114,145,144","209,202,243,97,3",5:2:1|5:3:1|5:4:1
ckpt_3400.pt,5,735,0.6092304587364197,0.11169033497571945,0.534551203250885,"114,216,129,179,18","138,217,81,22,112",5:582:2|5:709:2|5:764:2
ckpt_3400.pt,5,736,0.5522962808609009,0.11060335487127304,0.47609877586364746,"220,100,203,66,154","149,212,49,171,248",5:32:2|5:101:2|5:132:2
ckpt_3400.pt,5,737,0.5628563761711121,0.10027745366096497,0.4426117241382599,"194,207,14,75,243","20,147,154,13,148",5:830:3|5:14:2|5:88:2
ckpt_3400.pt,5,738,0.5798384547233582,0.10403881967067719,0.44677743315696716,"121,105,151,111,104","69,202,201,108,91",5:138:2|5:631:2|5:765:2
ckpt_3400.pt,5,739,0.4757422208786011,0.10070792585611343,0.4188147187232971,"201,251,225,30,8","125,1,138,145,206",5:70:2|5:258:2|5:502:2
ckpt_3400.pt,5,740,0.5379679203033447,0.10697398334741592,0.4799789786338806,"199,156,89,99,214","26,37,92,127,3",5:368:2|5:763:2|5:985:2
ckpt_3400.pt,5,741,0.5692148208618164,0.10967138409614563,0.48720845580101013,"227,248,83,9,79","209,24,83,130,222",5:12:2|5:76:2|5:567:2
ckpt_3400.pt,5,742,0.6440709233283997,0.12495829164981842,0.514073371887207,"71,170,131,190,121","161,231,172,174,148",5:52:2|5:233:2|5:465:2
ckpt_3400.pt,5,743,0.48231828212738037,0.09497510641813278,0.42318904399871826,"44,167,102,50,43","1,87,28,25,117",5:2:1|5:23:1|5:29:1
ckpt_3400.pt,5,744,0.5491406321525574,0.11543427407741547,0.4645141065120697,"167,60,220,7,176","61,139,65,154,143",5:62:2|5:103:2|5:411:2
ckpt_3400.pt,5,745,0.4967508316040039,0.08271221816539764,0.45502951741218567,"42,246,183,151,91","212,142,174,98,242",5:1:2|5:348:2|5:897:2
ckpt_3400.pt,5,746,0.5358571410179138,0.1026492714881897,0.47738227248191833,"128,32,212,76,134","86,64,197,194,118",5:226:2|5:2:1|5:9:1
ckpt_3400.pt,5,747,0.5352898240089417,0.10757553577423096,0.4619481563568115,"189,242,204,136,220","54,127,103,188,156",5:695:2|5:874:2|5:30:1
ckpt_3400.pt,5,748,0.5909394025802612,0.10512900352478027,0.4956347942352295,"82,29,198,39,189","121,108,52,7,17",5:385:2|5:388:2|5:515:2
ckpt_3400.pt,5,749,0.49289485812187195,0.10837037116289139,0.4426794648170471,"65,154,246,201,220","135,153,132,248,121",5:103:2|5:182:2|5:185:2
ckpt_3400.pt,5,750,0.5917478203773499,0.13135936856269836,0.46288183331489563,"73,217,156,211,219","54,169,47,156,186",5:102:2|5:168:2|5:407:2
ckpt_3400.pt,5,751,0.5349505543708801,0.10281884670257568,0.48518702387809753,"246,195,200,255,171","175,215,36,211,240",5:520:2|5:640:2|5:813:2
ckpt_3400.pt,5,752,0.5109961032867432,0.10129489749670029,0.4461040198802948,"135,48,58,255,39","85,228,191,216,136",5:237:2|5:721:2|5:16:1
ckpt_3400.pt,5,753,0.5040402412414551,0.1043831929564476,0.4323587715625763,"71,24,84,239,30","29,22,134,247,75",5:354:2|5:427:2|5:621:2
ckpt_3400.pt,5,754,0.5590845346450806,0.09979921579360962,0.47612425684928894,"104,219,8,187,212","1,87,101,46,198",5:17:2|5:402:2|5:623:2
ckpt_3400.pt,5,755,0.5520721673965454,0.09196223318576813,0.5129506587982178,"188,10,212,113,250","202,196,240,71,182",5:9:1|5:10:1|5:38:1
ckpt_3400.pt,5,756,0.5668529272079468,0.11056625843048096,0.468330055475235,"38,25,4,153,94","116,62,154,219,149",5:342:2|5:910:2|5:13:1
ckpt_3400.pt,5,757,0.5737862586975098,0.11833506077528,0.47483158111572266,"85,73,222,175,197","182,62,226,6,128",5:8:1|5:28:1|5:29:1
ckpt_3400.pt,5,758,0.4721306562423706,0.10478278994560242,0.4513581693172455,"20,39,109,43,60","97,181,152,15,254",5:92:2|5:385:2|5:598:2
ckpt_3400.pt,5,759,0.5080364346504211,0.0980348065495491,0.4874909818172455,"106,103,42,20,182","224,89,248,147,178",5:80:2|5:461:2|5:622:2
ckpt_3400.pt,5,760,0.5013990998268127,0.08826909959316254,0.4316231608390808,"237,186,88,4,9","73,66,27,176,177",5:283:2|5:37:1|5:42:1
ckpt_3400.pt,5,761,0.48871564865112305,0.10067901760339737,0.4531243145465851,"44,180,28,152,14","210,220,214,76,103",5:242:2|5:332:2|5:544:2
ckpt_3400.pt,5,762,0.520695686340332,0.11595272272825241,0.47538942098617554,"211,139,7,46,232","209,19,56,22,1",5:11:1|5:28:1|5:29:1
ckpt_3400.pt,5,763,0.4654671251773834,0.09279171377420425,0.43440887331962585,"183,156,55,211,89","103,131,194,102,132",5:740:2|5:750:2|5:825:2
ckpt_3400.pt,5,764,0.5011182427406311,0.09640661627054214,0.43938618898391724,"36,201,129,18,32","109,247,36,74,185",5:166:2|5:299:2|5:582:2
ckpt_3400.pt,5,765,0.549472987651825,0.09063585847616196,0.4735831916332245,"35,156,248,104,151","245,227,42,172,56",5:102:2|5:247:2|5:738:2
ckpt_3400.pt,5,766,0.46069666743278503,0.07971571385860443,0.3900018036365509,"167,160,140,83,225","149,59,145,195,147",5:591:3|5:652:3|5:304:2
ckpt_3400.pt,5,767,0.49818170070648193,0.09538641571998596,0.45576635003089905,"240,238,123,208,34","41,207,52,187,15",5:325:2|5:574:2|5:10:1
ckpt_3400.pt,5,768,0.5963724851608276,0.10206671804189682,0.465015709400177,"50,13,124,154,194","4,110,253,37,115",5:269:2|5:625:2|5:954:2
ckpt_3400.pt,5,769,0.5184566378593445,0.10006015747785568,0.4514118731021881,"210,175,28,231,204","210,116,85,167,16",5:143:2|5:265:2|5:692:2
ckpt_3400.pt,5,770,0.5323576927185059,0.11952026188373566,0.46968674659729004,"43,190,87,66,244","18,187,12,109,137",5:23:2|5:171:2|5:297:2
ckpt_3400.pt,5,771,0.5085387229919434,0.08302783966064453,0.4302155077457428,"160,114,112,6,117","136,122,98,219,134",5:125:2|5:133:2|5:155:2
ckpt_3400.pt,5,772,0.6424281597137451,0.12361599504947662,0.5407931804656982,"10,98,163,70,131","52,181,74,180,247",5:379:2|5:4:1|5:8:1
ckpt_3400.pt,5,773,0.5384383797645569,0.1069609522819519,0.481570839881897,"74,51,64,3,176","4,141,133,94,172",5:157:2|5:282:2|5:487:2
ckpt_3400.pt,5,774,0.5445342659950256,0.10855988413095474,0.4611107409000397,"222,244,30,252,76","145,226,98,54,254",5:105:2|5:252:2|5:292:2
ckpt_3400.pt,5,775,0.541313111782074,0.13706375658512115,0.48874369263648987,"8,204,82,72,115","112,167,83,21,189",5:594:2|5:7:1|5:20:1
ckpt_3400.pt,5,776,0.3970162570476532,0.0943463072180748,0.361854612827301,"35,3,13,117,37","84,119,12,221,205",5:20:2|5:97:2|5:858:2
ckpt_3400.pt,5,777,0.5998575687408447,0.09946521371603012,0.4942851662635803,"185,100,22,97,56","157,219,108,74,63",5:248:2|5:526:2|5:600:2
ckpt_3400.pt,5,778,0.5438526272773743,0.1256568878889084,0.4667190611362457,"63,198,89,208,204","94,41,158,89,196",5:200:2|5:265:2|5:454:2
ckpt_3400.pt,5,779,0.456207275390625,0.09247385710477829,0.4173438549041748,"21,51,182,24,208","46,179,95,63,34",5:59:2|5:191:2|5:317:2
ckpt_3400.pt,5,780,0.5121414065361023,0.09507624804973602,0.46214643120765686,"235,207,68,20,137","254,3,127,199,12",5:426:2|5:11:1|5:14:1
ckpt_3400.pt,5,781,0.4559546411037445,0.11103605479001999,0.4292856454849243,"214,37,221,100,123","15,59,145,43,64",5:945:2|5:7:1|5:10:1
ckpt_3400.pt,5,782,0.4765525460243225,0.08554651588201523,0.4190305173397064,"214,168,223,43,139","234,224,2,36,64",5:197:2|5:318:2|5:505:2
ckpt_3400.pt,5,783,0.5541718006134033,0.11212743818759918,0.48759087920188904,"159,106,212,69,42","150,12,11,177,35",5:160:2|5:759:2|5:817:2
ckpt_3400.pt,5,784,0.4965670704841614,0.08995691686868668,0.4546482563018799,"63,226,24,190,13","210,248,155,114,108",5:27:2|5:52:2|5:82:2
ckpt_3400.pt,5,785,0.6346092820167542,0.12178999185562134,0.5003724694252014,"57,83,130,232,94","206,122,212,131,19",5:656:2|5:975:2|5:25:1
ckpt_3400.pt,5,786,0.5224631428718567,0.09379398822784424,0.48866796493530273,"85,212,105,122,224","160,26,86,238,84",5:8:2|5:438:2|5:483:2
ckpt_3400.pt,5,787,0.4816019535064697,0.08391585946083069,0.41507548093795776,"0,35,231,145,205","71,62,127,173,79",5:20:1|5:21:1|5:31:1
ckpt_3400.pt,5,788,0.43276605010032654,0.07941566407680511,0.3980526924133301,"249,210,240,157,45","17,92,102,253,33",5:40:1|5:48:1|5:51:1
ckpt_3400.pt,5,789,0.5300142168998718,0.10275569558143616,0.4468153119087219,"119,182,17,32,188","182,200,199,161,22",5:685:3|5:116:2|5:601:2
ckpt_3400.pt,5,790,0.5303061604499817,0.09682547301054001,0.46415457129478455,"9,119,93,116,202","92,124,136,104,82",5:202:2|5:6:1|5:7:1
ckpt_3400.pt,5,791,0.49165019392967224,0.07660428434610367,0.4480498135089874,"5,1,131,137,171","190,97,38,253,37",5:123:2|5:338:2|5:367:2
ckpt_3400.pt,5,792,0.4995864927768707,0.07826796919107437,0.44393375515937805,"13,29,71,31,140","13,7,118,36,169",5:342:2|5:3:1|5:13:1
ckpt_3400.pt,5,793,0.4937569499015808,0.08405642956495285,0.44842132925987244,"207,240,124,169,9","96,228,140,252,133",5:229:2|5:957:2|5:12:1
ckpt_3400.pt,5,794,0.5032867193222046,0.0932295173406601,0.4596708416938782,"133,60,126,135,172","47,152,17,234,173",5:323:2|5:702:2|5:16:1
ckpt_3400.pt,5,795,0.49274852871894836,0.09509734064340591,0.4591035842895508,"54,111,216,188,34","233,37,245,89,45",5:361:2|5:685:2|5:726:2
ckpt_3400.pt,5,796,0.6059681177139282,0.11581933498382568,0.5304579138755798,"223,46,58,198,121","185,173,172,149,81",5:19:2|5:63:2|5:110:2
ckpt_3400.pt,5,797,0.4931386411190033,0.09159373492002487,0.45252329111099243,"13,155,41,43,85","70,198,133,247,202",5:318:3|5:313:2|5:355:2
ckpt_3400.pt,5,798,0.5597656965255737,0.11413153260946274,0.4674851596355438,"104,154,126,211,203","169,247,172,141,41",5:391:2|5:736:2|5:843:2
ckpt_3400.pt,5,799,0.6162452101707458,0.1112355962395668,0.4802701771259308,"158,149,255,220,0","194,71,211,19,248",5:101:2|5:238:2|5:277:2
ckpt_3400.pt,5,800,0.455241858959198,0.09118139743804932,0.40589824318885803,"28,63,10,33,123","172,145,101,140,123",5:158:2|5:10:1|5:24:1
ckpt_3400.pt,5,801,0.45254531502723694,0.07352881133556366,0.42888689041137695,"134,143,110,48,140","193,124,39,211,227",5:98:2|5:256:2|5:330:2
ckpt_3400.pt,5,802,0.498132586479187,0.09529811143875122,0.4225826561450958,"111,227,254,110,226","10,98,151,73,202",5:353:2|5:929:2|5:11:1
ckpt_3400.pt,5,803,0.5032235383987427,0.1036362275481224,0.44919654726982117,"39,168,65,104,198","191,1,216,213,222",5:872:3|5:170:2|5:182:2
ckpt_3400.pt,5,804,0.5267490148544312,0.11834470182657242,0.4726351797580719,"157,63,18,251,163","252,247,156,109,17",5:27:2|5:82:2|5:481:2
ckpt_3400.pt,5,805,0.49519288539886475,0.09207163751125336,0.44848623871803284,"48,89,52,133,166","28,219,206,106,233",5:305:2|5:527:2|5:14:1
ckpt_3400.pt,5,806,0.5259062051773071,0.09854970872402191,0.48151344060897827,"77,54,1,75,253","80,187,237,213,254",5:34:2|5:303:2|5:355:2
ckpt_3400.pt,5,807,0.43199682235717773,0.08994017541408539,0.3714955151081085,"188,183,161,116,248","60,77,248,141,160",5:1:1|5:12:1|5:23:1
ckpt_3400.pt,5,808,0.39570656418800354,0.08129092305898666,0.37082380056381226,"207,121,145,75,218","157,41,19,70,216",5:386:2|5:612:2|5:737:2
ckpt_3400.pt,5,809,0.5074518322944641,0.0975404903292656,0.436837762594223,"183,57,179,199,159","186,201,203,50,57",5:450:2|5:551:2|5:571:2
ckpt_3400.pt,5,810,0.5770506262779236,0.10768818855285645,0.4893879294395447,"229,222,113,216,134","217,1,230,86,81",5:252:3|5:51:2|5:10:1
ckpt_3400.pt,5,811,0.44725096225738525,0.0858226791024208,0.3953447937965393,"47,1,15,57,54","228,60,45,41,121",5:135:2|5:303:2|5:630:2
ckpt_3400.pt,5,812,0.5561484098434448,0.1102662980556488,0.47670602798461914,"53,108,7,41,248","76,79,233,181,118",5:475:2|5:906:2|5:0:1
ckpt_3400.pt,5,813,0.542924165725708,0.09218807518482208,0.47980883717536926,"187,45,255,28,195","236,155,244,234,26",5:71:2|5:558:2|5:751:2
ckpt_3400.pt,5,814,0.536151111125946,0.0952799916267395,0.43379372358322144,"217,46,32,176,192","232,198,186,75,107",5:711:2|5:1:1|5:4:1
ckpt_3400.pt,5,815,0.48050615191459656,0.09356418251991272,0.40326812863349915,"89,33,43,107,212","153,215,48,122,14",5:661:2|5:9:1|5:14:1
ckpt_3400.pt,5,816,0.46605080366134644,0.08388954401016235,0.4079614579677582,"57,42,198,89,181","51,238,233,189,235",5:778:2|5:14:1|5:20:1
ckpt_3400.pt,5,817,0.5008635520935059,0.10274363309144974,0.4519234001636505,"47,137,159,169,212","67,142,18,109,227",5:125:2|5:296:2|5:783:2
ckpt_3400.pt,5,818,0.5474109649658203,0.10019620507955551,0.47090667486190796,"47,151,89,192,228","164,216,66,126,138",5:148:2|5:1:1|5:14:1
ckpt_3400.pt,5,819,0.5728076696395874,0.1182723343372345,0.443073034286499,"255,102,161,178,36","151,183,204,105,62",5:87:2|5:213:2|5:35:1
ckpt_3400.pt,5,820,0.5062974691390991,0.08695138245820999,0.45233312249183655,"78,17,223,162,115","222,109,72,195,67",5:47:2|5:161:2|5:266:2
ckpt_3400.pt,5,821,0.4693293571472168,0.10569319874048233,0.4172325134277344,"1,72,214,43,7","58,97,13,133,75",5:67:2|5:318:2|5:782:2
ckpt_3400.pt,5,822,0.4825228154659271,0.07772696018218994,0.4654509425163269,"156,237,251,57,51","208,33,4,234,116",5:201:2|5:501:2|5:571:2
ckpt_3400.pt,5,823,0.548319935798645,0.1100088506937027,0.46196448802948,"51,34,90,180,101","147,172,243,196,36",5:150:2|5:159:2|5:397:2
ckpt_3400.pt,5,824,0.5420897603034973,0.09955728054046631,0.45354709029197693,"154,107,249,4,132","206,154,254,86,37",5:391:2|5:853:2|5:966:2
ckpt_3400.pt,5,825,0.4587615430355072,0.10182026773691177,0.42507609724998474,"156,173,84,211,185","193,167,90,106,215",5:118:2|5:245:2|5:750:2
ckpt_3400.pt,5,826,0.5447098016738892,0.09413070231676102,0.478725790977478,"82,210,96,206,118","196,31,255,198,57",5:388:2|5:398:2|5:491:2
ckpt_3400.pt,5,827,0.57447749376297,0.11003643274307251,0.48000648617744446,"225,114,186,33,236","160,46,134,202,58",5:900:2|5:3:1|5:24:1
ckpt_3400.pt,5,828,0.5955914258956909,0.10877052694559097,0.46234554052352905,"1,54,40,225,49","155,135,101,202,205",5:189:2|5:303:2|5:346:2
ckpt_3400.pt,5,829,0.542833149433136,0.10491956025362015,0.4565560519695282,"153,65,80,150,156","116,33,51,8,75",5:662:2|5:14:1|5:34:1
ckpt_3400.pt,5,830,0.5299350023269653,0.08206092566251755,0.442394495010376,"86,224,207,14,243","246,91,160,252,116",5:737:3|5:14:2|5:424:2
ckpt_3400.pt,5,831,0.4818379580974579,0.1064637154340744,0.43253108859062195,"212,174,93,178,31","128,170,52,212,214",5:41:2|5:9:1|5:13:1
ckpt_3400.pt,5,832,0.4899553060531616,0.0789467915892601,0.4391813576221466,"247,92,160,15,89","72,127,104,124,29",5:0:2|5:14:2|5:360:2
ckpt_3400.pt,5,833,0.5808752775192261,0.1334456205368042,0.4737429916858673,"120,162,35,115,213","177,232,62,125,167",5:20:2|5:180:2|5:598:2
ckpt_3400.pt,5,834,0.5844231247901917,0.10529915243387222,0.4398513436317444,"174,59,187,75,216","155,29,187,159,106",5:165:2|5:176:2|5:380:2
ckpt_3400.pt,5,835,0.5670526623725891,0.1330336183309555,0.4907630383968353,"131,172,169,61,44","34,204,89,92,223",5:497:2|5:544:2|5:582:2
ckpt_3400.pt,5,836,0.5350862145423889,0.10035005211830139,0.45457354187965393,"251,49,53,93,42","97,177,71,197,242",5:21:2|5:557:2|5:26:1
ckpt_3400.pt,5,837,0.4496549367904663,0.0879981741309166,0.4187001883983612,"99,212,167,247,236","201,213,70,246,55",5:115:2|5:708:2|5:2:1
ckpt_3400.pt,5,838,0.4943329989910126,0.09277301281690598,0.473854660987854,"233,29,39,133,38","136,179,159,37,172",5:141:2|5:305:2|5:562:2
ckpt_3400.pt,5,839,0.5451444983482361,0.09256953001022339,0.486156702041626,"59,230,226,18,217","157,144,250,24,236",5:42:2|5:43:2|5:174:2
ckpt_3400.pt,5,840,0.5010294914245605,0.09731624275445938,0.43890759348869324,"78,96,167,17,220","240,198,17,184,211",5:744:2|5:820:2|5:841:2
ckpt_3400.pt,5,841,0.5262271165847778,0.1397763341665268,0.4434235095977783,"214,223,167,40,78","90,155,145,222,66",5:197:2|5:782:2|5:820:2
ckpt_3400.pt,5,842,0.5089296102523804,0.1119161918759346,0.44975680112838745,"98,5,179,240,107","37,224,195,70,198",5:31:2|5:325:2|5:574:2
ckpt_3400.pt,5,843,0.4690163731575012,0.09323198348283768,0.41001513600349426,"203,16,190,86,104","107,40,123,223,205",5:798:2|5:17:1|5:19:1
ckpt_3400.pt,5,844,0.5197191834449768,0.08480323106050491,0.4939754009246826,"225,244,45,171,16","181,58,193,162,8",5:569:2|5:591:2|5:599:2
ckpt_3400.pt,5,845,0.5456674098968506,0.08984088897705078,0.4820840060710907,"231,83,190,215,22","69,177,187,114,65",5:396:2|5:692:2|5:912:2
ckpt_3400.pt,5,846,0.5142208337783813,0.10000370442867279,0.45216068625450134,"145,161,157,85,123","207,254,60,54,197",5:217:2|5:235:2|5:270:2
ckpt_3400.pt,5,847,0.4892630875110626,0.09658754616975784,0.45398619771003723,"173,126,80,223,53","247,246,49,188,95",5:175:2|5:14:1|5:15:1
ckpt_3400.pt,5,848,0.44975054264068604,0.08780422061681747,0.42622023820877075,"221,5,237,48,102","15,160,158,8,49",5:378:2|5:915:2|5:17:1
ckpt_3400.pt,5,849,0.5794393420219421,0.11418436467647552,0.45731982588768005,"1,229,217,130,198","235,56,158,253,33",5:493:2|5:1:1|5:4:1
ckpt_3400.pt,5,850,0.5932921171188354,0.12459031492471695,0.469232976436615,"199,242,231,203,51","75,22,43,59,146",5:368:2|5:614:2|5:885:2
ckpt_3400.pt,5,851,0.5228469967842102,0.10373753309249878,0.46818962693214417,"105,232,9,182,32","249,154,158,72,209",5:191:2|5:229:2|5:271:2
ckpt_3400.pt,5,852,0.46060627698898315,0.08083289861679077,0.41736796498298645,"81,130,213,163,42","65,197,234,185,247",5:546:2|5:890:2|5:26:1
ckpt_3400.pt,5,853,0.5646624565124512,0.08919808268547058,0.4709649682044983,"49,85,154,107,254","183,62,142,37,34",5:391:2|5:683:2|5:824:2
ckpt_3400.pt,5,854,0.4583575427532196,0.08461864292621613,0.41570430994033813,"160,41,164,46,70","4,219,212,207,125",5:92:2|5:434:2|5:0:1
ckpt_3400.pt,5,855,0.4969254732131958,0.10041594505310059,0.4569248855113983,"57,132,92,226,229","114,62,147,206,116",5:25:2|5:107:2|5:353:2
ckpt_3400.pt,5,856,0.5623266696929932,0.10286260396242142,0.4764936566352844,"168,105,82,31,73","185,86,56,214,33",5:276:2|5:7:1|5:13:1
ckpt_3400.pt,5,857,0.5784804821014404,0.11239131540060043,0.45600390434265137,"237,169,18,160,211","217,146,34,13,219",5:261:2|5:0:1|5:12:1
ckpt_3400.pt,5,858,0.5329465270042419,0.09685063362121582,0.5118595957756042,"117,211,58,37,150","192,127,32,223,154",5:203:2|5:369:2|5:776:2
ckpt_3400.pt,5,859,0.4865298569202423,0.07886828482151031,0.40541011095046997,"114,112,130,221,109","58,11,176,227,92",5:545:2|5:771:2|5:1023:2
ckpt_3400.pt,5,860,0.45744770765304565,0.09169074147939682,0.4284699857234955,"5,228,124,26,236","63,137,94,170,29",5:367:2|5:17:1|5:53:1
ckpt_3400.pt,5,861,0.47719669342041016,0.07929882407188416,0.3993001878261566,"76,175,250,97,101","99,217,253,201,21",5:2:1|5:27:1|5:37:1
ckpt_3400.pt,5,862,0.6080933809280396,0.11618108302354813,0.4864605665206909,"213,136,22,62,10","8,220,97,145,254",5:285:2|5:674:2|5:39:1
ckpt_3400.pt,5,863,0.4225296378135681,0.07733365893363953,0.408534437417984,"106,142,129,24,93","162,155,24,221,106",5:354:2|5:466:2|5:676:2
ckpt_3400.pt,5,864,0.5183172225952148,0.09688353538513184,0.4408154785633087,"11,54,214,154,252","217,85,151,54,17",5:34:2|5:185:2|5:238:2
ckpt_3400.pt,5,865,0.4828398525714874,0.10445496439933777,0.4572855830192566,"106,154,61,164,33","30,47,219,93,65",5:535:2|5:707:2|5:715:2
ckpt_3400.pt,5,866,0.6235869526863098,0.11496158689260483,0.4597216248512268,"58,36,81,109,189","138,208,37,178,16",5:137:2|5:572:2|5:13:1
ckpt_3400.pt,5,867,0.530577540397644,0.1172887310385704,0.456931471824646,"228,148,52,235,188","183,68,228,25,21",5:518:2|5:914:2|5:11:1
ckpt_3400.pt,5,868,0.559910237789154,0.10558569431304932,0.513572096824646,"76,133,195,34,146","17,86,104,61,240",5:421:2|5:527:2|5:2:1
ckpt_3400.pt,5,869,0.45581889152526855,0.07999904453754425,0.42184707522392273,"236,60,203,112,192","142,187,2,33,115",5:323:2|5:9:1|5:16:1
ckpt_3400.pt,5,870,0.5088512301445007,0.09939083456993103,0.4504162669181824,"158,88,37,244,200","57,110,174,17,193",5:508:2|5:7:1|5:22:1
ckpt_3400.pt,5,871,0.5409426093101501,0.10753185302019119,0.4765133261680603,"81,178,244,27,41","26,175,240,32,129",5:286:2|5:596:2|5:899:2
ckpt_3400.pt,5,872,0.45697706937789917,0.08821696043014526,0.4074045717716217,"172,207,168,104,39","12,107,3,91,66",5:803:3|5:320:2|5:7:1
ckpt_3400.pt,5,873,0.4773881137371063,0.09273733198642731,0.41189122200012207,"210,196,29,180,54","67,192,38,170,37",5:21:1|5:34:1|5:36:1
ckpt_3400.pt,5,874,0.5264329314231873,0.08792449533939362,0.42451950907707214,"242,71,32,136,99","152,92,53,172,242",5:116:2|5:465:2|5:747:2
ckpt_3400.pt,5,875,0.46324625611305237,0.10789882391691208,0.41790950298309326,"37,168,167,101,197","227,184,25,62,217",5:7:2|5:90:2|5:2:1
ckpt_3400.pt,5,876,0.6275342106819153,0.1296985149383545,0.5323126912117004,"81,166,182,67,62","186,216,253,206,249",5:232:2|5:890:2|5:3:1
ckpt_3400.pt,5,877,0.4725736081600189,0.09603750705718994,0.4511154294013977,"12,6,176,59,114","141,77,69,51,106",5:155:2|5:176:2|5:670:2
ckpt_3400.pt,5,878,0.4809335470199585,0.09471738338470459,0.43209153413772583,"113,213,116,49,39","73,105,113,137,241",5:683:2|5:10:1|5:21:1
ckpt_3400.pt,5,879,0.4775548279285431,0.09395065158605576,0.40182432532310486,"235,214,8,154,126","118,15,102,152,172",5:97:2|5:391:2|5:705:2
ckpt_3400.pt,5,880,0.5097625851631165,0.08509638905525208,0.42880886793136597,"253,213,199,13,102","223,77,49,153,213",5:463:2|5:34:1|5:38:1
ckpt_3400.pt,5,881,0.4356756806373596,0.08261176198720932,0.3811338245868683,"193,75,128,241,6","43,157,149,65,13",5:389:2|5:674:2|5:7:1
ckpt_3400.pt,5,882,0.4733071029186249,0.0864616185426712,0.4285000264644623,"169,15,41,98,55","136,240,171,146,235",5:263:3|5:576:2|5:899:2
ckpt_3400.pt,5,883,0.45587247610092163,0.08096308261156082,0.40022215247154236,"114,199,125,233,131","247,217,160,245,145",5:3:1|5:6:1|5:19:1
ckpt_3400.pt,5,884,0.6837787628173828,0.12527209520339966,0.5391355752944946,"3,243,171,81,37","37,69,30,196,103",5:128:2|5:189:2|5:246:2
ckpt_3400.pt,5,885,0.5816301703453064,0.09596317261457443,0.4846840500831604,"106,16,22,199,51","106,86,213,133,244",5:461:2|5:850:2|5:30:1
ckpt_3400.pt,5,886,0.5348177552223206,0.10429001599550247,0.4707230031490326,"160,196,233,118,215","20,189,254,150,230",5:0:2|5:620:2|5:710:2
ckpt_3400.pt,5,887,0.5249603390693665,0.10621479153633118,0.4415406882762909,"90,150,50,26,84","51,189,221,28,115",5:369:2|5:603:2|5:699:2
ckpt_3400.pt,5,888,0.4722670614719391,0.09362214803695679,0.43185487389564514,"128,167,186,109,142","214,130,93,183,53",5:1:1|5:2:1|5:13:1
ckpt_3400.pt,5,889,0.4977925717830658,0.11266767978668213,0.4472784996032715,"253,135,169,215,166","118,65,235,247,27",5:497:2|5:613:2|5:0:1
ckpt_3400.pt,5,890,0.5829471349716187,0.10815063863992691,0.45180174708366394,"130,135,81,182,16","119,50,231,117,92",5:317:2|5:417:2|5:852:2
ckpt_3400.pt,5,891,0.5696571469306946,0.11035437136888504,0.5024003982543945,"28,143,224,105,240","3,151,88,9,37",5:692:2|5:720:2|5:786:2
ckpt_3400.pt,5,892,0.5195724964141846,0.11923877149820328,0.47088703513145447,"149,21,130,76,113","27,157,70,72,194",5:471:2|5:2:1|5:10:1
ckpt_3400.pt,5,893,0.478324294090271,0.09688518196344376,0.42174389958381653,"40,224,187,70,215","42,185,87,4,106",5:8:2|5:66:2|5:559:2
ckpt_3400.pt,5,894,0.5170016884803772,0.0832613930106163,0.4656258821487427,"205,169,7,110,119","211,148,0,99,233",5:476:2|5:542:2|5:6:1
ckpt_3400.pt,5,895,0.5266918540000916,0.09694534540176392,0.44738951325416565,"26,10,45,17,222","40,123,231,38,100",5:51:2|5:105:2|5:450:2
ckpt_3400.pt,5,896,0.5769137740135193,0.10878028720617294,0.556225061416626,"108,162,0,63,134","140,11,148,7,194",5:530:2|5:0:1|5:4:1
ckpt_3400.pt,5,897,0.5676642656326294,0.10662227123975754,0.4508384168148041,"103,247,91,151,157","205,89,228,225,175",5:730:2|5:745:2|5:1:1
ckpt_3400.pt,5,898,0.49967527389526367,0.09778499603271484,0.4524509012699127,"163,31,129,151,37","102,103,52,38,226",5:946:2|5:1004:2|5:1:1
ckpt_3400.pt,5,899,0.4955030083656311,0.1024409681558609,0.4260556697845459,"41,27,167,169,134","11,252,249,246,83",5:94:2|5:871:2|5:882:2
ckpt_3400.pt,5,900,0.5589033961296082,0.09341529756784439,0.4714582562446594,"28,225,186,200,107","106,223,222,143,157",5:827:2|5:22:1|5:31:1
ckpt_3400.pt,5,901,0.531649649143219,0.09039076417684555,0.4484344720840454,"65,208,204,160,3","62,216,66,117,114",5:103:2|5:302:2|5:365:2
ckpt_3400.pt,5,902,0.5784238576889038,0.09196419268846512,0.4769631028175354,"127,224,141,16,188","58,206,188,89,172",5:8:1|5:12:1|5:17:1
ckpt_3400.pt,5,903,0.469014972448349,0.08439584076404572,0.42201581597328186,"82,27,60,210,182","68,249,67,49,96",5:35:2|5:68:2|5:491:2
ckpt_3400.pt,5,904,0.59041428565979,0.11065108329057693,0.4791804254055023,"174,77,220,107,172","240,170,255,148,34",5:22:1|5:31:1|5:41:1
ckpt_3400.pt,5,905,0.5620414614677429,0.1265123039484024,0.48500168323516846,"116,35,123,89,58","140,252,96,161,244",5:507:2|5:623:2|5:10:1
ckpt_3400.pt,5,906,0.48997730016708374,0.09051769226789474,0.4394044876098633,"142,195,7,53,197","223,49,248,74,12",5:64:2|5:108:2|5:812:2
ckpt_3400.pt,5,907,0.5197851657867432,0.0962497740983963,0.4759625196456909,"43,138,199,141,239","169,195,129,155,59",5:23:2|5:30:2|5:163:2
ckpt_3400.pt,5,908,0.7211952209472656,0.11030032485723495,0.6091244220733643,"205,115,224,221,34","219,123,13,221,130",5:557:2|5:7:1|5:8:1
ckpt_3400.pt,5,909,0.5421462655067444,0.09518051892518997,0.46335113048553467,"241,190,27,13,60","13,113,60,81,210",5:33:2|5:62:2|5:517:2
ckpt_3400.pt,5,910,0.45482775568962097,0.09509746730327606,0.4082379937171936,"153,133,247,94,171","29,244,216,12,200",5:177:2|5:224:2|5:702:2
ckpt_3400.pt,5,911,0.6050293445587158,0.13256129622459412,0.4900824725627899,"127,44,130,20,181","220,117,18,218,219",5:328:2|5:12:1|5:17:1
ckpt_3400.pt,5,912,0.5664618015289307,0.10849009454250336,0.4891780912876129,"215,93,201,83,17","193,127,21,103,10",5:310:3|5:478:2|5:845:2
ckpt_3400.pt,5,913,0.5443252921104431,0.08819473534822464,0.4560019075870514,"36,174,86,33,250","116,83,134,44,63",5:264:2|5:920:2|5:922:2
ckpt_3400.pt,5,914,0.473734050989151,0.08738202601671219,0.4268076419830322,"52,191,158,129,235","124,18,145,107,252",5:219:2|5:309:2|5:518:2
ckpt_3400.pt,5,915,0.485388845205307,0.083727166056633,0.4333260953426361,"38,64,5,35,48","214,132,160,246,114",5:650:2|5:848:2|5:919:2
ckpt_3400.pt,5,916,0.520698070526123,0.0851803719997406,0.42676663398742676,"220,211,186,222,15","185,152,111,46,215",5:105:2|5:9:1|5:13:1
ckpt_3400.pt,5,917,0.49491727352142334,0.10061642527580261,0.4312989413738251,"236,88,51,17,139","180,159,83,88,68",5:32:2|5:85:2|5:283:2
ckpt_3400.pt,5,918,0.507943868637085,0.12071634083986282,0.49092814326286316,"190,4,192,159,210","75,235,41,198,24",5:288:3|5:551:2|5:33:1
ckpt_3400.pt,5,919,0.5125234723091125,0.08044462651014328,0.4909919798374176,"64,132,127,48,2","247,116,112,33,152",5:231:2|5:667:2|5:915:2
ckpt_3400.pt,5,920,0.5737708210945129,0.11693385988473892,0.47993236780166626,"37,164,119,86,250","33,150,202,201,112",5:264:3|5:218:2|5:289:2
ckpt_3400.pt,5,921,0.5706565976142883,0.11421787738800049,0.4913032352924347,"208,223,105,19,140","81,29,105,174,145",5:291:2|5:529:2|5:930:2
ckpt_3400.pt,5,922,0.509577751159668,0.08913277834653854,0.44464319944381714,"45,36,33,211,218","17,41,149,130,40",5:215:2|5:221:2|5:259:2
ckpt_3400.pt,5,923,0.5227563381195068,0.12782394886016846,0.4506252110004425,"208,54,130,10,23","82,249,210,199,141",5:317:2|5:997:2|5:12:1
ckpt_3400.pt,5,924,0.49332037568092346,0.09994042664766312,0.49522170424461365,"183,144,218,179,244","247,20,116,125,220",5:2:2|5:23:2|5:134:2
ckpt_3400.pt,5,925,0.43718087673187256,0.0884217843413353,0.38950473070144653,"217,171,134,120,65","186,225,69,105,116",5:51:2|5:1:1|5:4:1
ckpt_3400.pt,5,926,0.4699955880641937,0.08152363449335098,0.47630876302719116,"6,103,182,240,239","70,233,81,36,137",5:10:2|5:72:2|5:119:2
ckpt_3400.pt,5,927,0.6201741099357605,0.13863851130008698,0.5447297692298889,"255,240,177,75,26","120,179,95,48,24",5:980:3|5:237:2|5:277:2
ckpt_3400.pt,5,928,0.5259249210357666,0.09704090654850006,0.4857403039932251,"109,62,20,143,31","9,111,216,210,239",5:13:2|5:92:2|5:139:2
ckpt_3400.pt,5,929,0.5067962408065796,0.11156626045703888,0.4498942494392395,"27,226,254,84,199","6,178,126,96,105",5:35:2|5:301:2|5:461:2
ckpt_3400.pt,5,930,0.46584853529930115,0.08661148697137833,0.4321857988834381,"36,208,105,163,179","245,240,192,160,102",5:356:2|5:401:2|5:529:2
ckpt_3400.pt,5,931,0.4717978239059448,0.07765903323888779,0.41377103328704834,"247,234,35,203,198","154,38,90,145,232",5:20:2|5:182:2|5:224:2
ckpt_3400.pt,5,932,0.497344046831131,0.08745700120925903,0.4696481227874756,"80,191,205,147,215","182,248,230,37,186",5:559:2|5:589:2|5:0:1
ckpt_3400.pt,5,933,0.39763087034225464,0.07463023066520691,0.35837632417678833,"35,34,106,17,181","106,103,88,59,50",5:952:2|5:957:2|5:1:1
ckpt_3400.pt,5,934,0.4317935109138489,0.08563048392534256,0.39748066663742065,"194,168,148,170,149","25,168,178,62,113",5:498:2|5:7:1|5:8:1
ckpt_3400.pt,5,935,0.5295157432556152,0.09805776923894882,0.46374428272247314,"1,9,95,148,10","241,50,34,1,88",5:112:2|5:28:1|5:39:1
ckpt_3400.pt,5,936,0.5147503614425659,0.09973776340484619,0.4501878321170807,"140,113,35,191,171","67,135,13,3,113",5:3:2|5:224:2|5:309:2
ckpt_3400.pt,5,937,0.5269866585731506,0.1160891056060791,0.45861414074897766,"47,115,48,253,239","97,7,213,178,61",5:256:2|5:370:2|5:557:2
ckpt_3400.pt,5,938,0.51027911901474,0.08011916279792786,0.4713369607925415,"9,67,152,11,5","81,59,130,44,38",5:653:2|5:17:1|5:24:1
ckpt_3400.pt,5,939,0.5659283995628357,0.10823016613721848,0.4627835154533386,"184,237,14,0,56","89,114,41,118,173",5:6:1|5:14:1|5:18:1
ckpt_3400.pt,5,940,0.5083085298538208,0.10627307742834091,0.4465155601501465,"220,228,215,248,181","86,60,71,74,72",5:44:2|5:695:2|5:710:2
ckpt_3400.pt,5,941,0.5309112668037415,0.09849371761083603,0.4691482186317444,"85,113,133,168,240","127,165,122,155,152",5:500:2|5:7:1|5:8:1
ckpt_3400.pt,5,942,0.5535956025123596,0.08541586250066757,0.4889446496963501,"8,152,3,89,245","195,13,159,240,107",5:5:1|5:14:1|5:46:1
ckpt_3400.pt,5,943,0.5234342217445374,0.12496324628591537,0.4907168745994568,"106,204,59,67,180","239,92,216,141,48",5:30:2|5:703:2|5:24:1
ckpt_3400.pt,5,944,0.6081770062446594,0.14462989568710327,0.46289458870887756,"139,180,247,217,116","64,160,19,62,186",5:202:2|5:349:2|5:400:2
ckpt_3400.pt,5,945,0.46927642822265625,0.09140971302986145,0.43125489354133606,"187,248,37,214,138","37,16,10,220,245",5:294:2|5:781:2|5:946:2
ckpt_3400.pt,5,946,0.5899879932403564,0.11200764775276184,0.4894976019859314,"183,37,31,187,58","208,21,157,35,181",5:203:2|5:858:2|5:898:2
ckpt_3400.pt,5,947,0.5632533431053162,0.12491718679666519,0.4767301380634308,"42,184,190,134,126","106,94,168,229,156",5:33:2|5:226:2|5:11:1
ckpt_3400.pt,5,948,0.4776391386985779,0.0938543826341629,0.43734872341156006,"38,190,142,150,53","14,122,13,48,41",5:52:2|5:680:2|5:906:2
ckpt_3400.pt,5,949,0.5287256836891174,0.0928276851773262,0.4845706820487976,"215,176,61,53,123","58,45,187,69,32",5:1008:3|5:497:2|5:615:2
ckpt_3400.pt,5,950,0.5327135324478149,0.09528566151857376,0.4804534316062927,"242,197,115,209,154","51,29,173,159,221",5:269:2|5:412:2|5:715:2
ckpt_3400.pt,5,951,0.511160135269165,0.11171320080757141,0.46431684494018555,"15,60,235,209,217","255,220,81,214,160",5:4:2|5:24:2|5:168:2
ckpt_3400.pt,5,952,0.5487555861473083,0.12308431416749954,0.46347159147262573,"255,140,106,181,165","179,44,172,183,92",5:237:2|5:309:2|5:519:2
ckpt_3400.pt,5,953,0.4966304302215576,0.08086530864238739,0.4173181354999542,"114,7,153,164,124","216,221,81,76,148",5:534:2|5:727:2|5:3:1
ckpt_3400.pt,5,954,0.5108423233032227,0.08697614818811417,0.4320562481880188,"204,41,13,60,154","240,230,220,40,10",5:92:2|5:214:2|5:768:2
ckpt_3400.pt,5,955,0.5027052164077759,0.09481626749038696,0.4442123770713806,"131,229,200,109,156","118,157,136,247,20",5:131:2|5:338:2|5:352:2
ckpt_3400.pt,5,956,0.60336834192276,0.11700687557458878,0.5114775896072388,"219,95,107,94,54","109,112,135,25,36",5:155:2|5:5:1|5:17:1
ckpt_3400.pt,5,957,0.520980954170227,0.11073029786348343,0.43454012274742126,"207,124,17,35,248","253,190,146,80,2",5:514:2|5:765:2|5:793:2
ckpt_3400.pt,5,958,0.46127796173095703,0.07845185697078705,0.41755211353302,"52,59,24,109,97","204,166,96,223,230",5:381:3|5:84:2|5:88:2
ckpt_3400.pt,5,959,0.5797232389450073,0.09762771427631378,0.5029562711715698,"245,244,233,24,140","164,61,59,179,236",5:536:3|5:46:2|5:472:2
ckpt_3400.pt,5,960,0.5383021235466003,0.11356064677238464,0.4787747263908386,"207,195,24,120,116","67,150,173,205,10",5:163:2|5:216:2|5:320:2
ckpt_3400.pt,5,961,0.6112080812454224,0.12544696033000946,0.47790324687957764,"12,117,4,226,232","76,86,174,185,196",5:366:2|5:2:1|5:6:1
ckpt_3400.pt,5,962,0.5855090022087097,0.10575397312641144,0.49517205357551575,"137,4,243,80,116","70,141,174,108,192",5:121:3|5:516:2|5:14:1
ckpt_3400.pt,5,963,0.4855877161026001,0.10097251832485199,0.4336530864238739,"242,43,36,245,141","132,157,144,28,209",5:23:2|5:30:2|5:620:2
ckpt_3400.pt,5,964,0.49810320138931274,0.11078537255525589,0.46538132429122925,"18,101,57,103,4","38,167,49,182,123",5:551:2|5:10:1|5:15:1
ckpt_3400.pt,5,965,0.578510046005249,0.09590482711791992,0.5051364302635193,"112,75,123,106,41","224,105,245,212,17",5:355:3|5:137:2|5:423:2
ckpt_3400.pt,5,966,0.4748013913631439,0.08306851238012314,0.3838745951652527,"154,75,104,132,61","207,86,85,12,237",5:237:2|5:311:2|5:424:2
ckpt_3400.pt,5,967,0.5640705227851868,0.11700268089771271,0.49736735224723816,"86,220,34,245,163","40,188,134,194,173",5:470:2|5:18:1|5:22:1
ckpt_3400.pt,5,968,0.5692936182022095,0.0965726226568222,0.45807304978370667,"50,237,241,21,239","113,54,232,233,27",5:33:1|5:41:1|5:59:1
ckpt_3400.pt,5,969,0.508021354675293,0.0950220450758934,0.46132203936576843,"145,29,99,46,122","67,83,169,252,33",5:116:2|5:516:2|5:4:1
ckpt_3400.pt,5,970,0.5267030000686646,0.09457380324602127,0.47292107343673706,"99,204,57,95,176","205,64,5,52,166",5:549:2|5:571:2|5:4:1
ckpt_3400.pt,5,971,0.5048720240592957,0.0929579958319664,0.4236011803150177,"78,129,107,167,204","218,115,140,164,88",5:29:2|5:115:2|5:124:2
ckpt_3400.pt,5,972,0.515920877456665,0.10269378125667572,0.43770211935043335,"126,250,157,4,36","25,6,88,243,219",5:228:2|5:316:2|5:913:2
ckpt_3400.pt,5,973,0.6091329455375671,0.10951470583677292,0.5195462703704834,"52,229,175,46,201","99,225,49,170,128",5:167:2|5:399:2|5:457:2
ckpt_3400.pt,5,974,0.5793439149856567,0.11456149816513062,0.4858342707157135,"180,15,228,53,138","171,5,156,214,73",5:36:2|5:9:1|5:13:1
ckpt_3400.pt,5,975,0.47497284412384033,0.08265084028244019,0.4510987102985382,"94,192,0,36,232","98,243,121,144,230",5:410:2|5:460:2|5:785:2
ckpt_3400.pt,5,976,0.47899922728538513,0.11167038232088089,0.4219982326030731,"246,46,177,47,51","20,115,140,107,120",5:319:2|5:655:2|5:985:2
ckpt_3400.pt,5,977,0.51854407787323,0.10295833647251129,0.43643423914909363,"219,12,214,136,68","248,150,244,200,118",5:221:2|5:467:2|5:494:2
ckpt_3400.pt,5,978,0.43845152854919434,0.07674050331115723,0.4274630546569824,"246,182,161,215,136","101,15,91,152,0",5:308:2|5:601:2|5:982:2
ckpt_3400.pt,5,979,0.5659477114677429,0.11125634610652924,0.48597201704978943,"14,61,112,53,179","120,206,223,231,179",5:358:2|5:949:2|5:1008:2
ckpt_3400.pt,5,980,0.5742171406745911,0.1037595123052597,0.45599958300590515,"240,177,143,75,115","123,252,11,159,139",5:927:3|5:7:2|5:48:2
ckpt_3400.pt,5,981,0.5866004824638367,0.09070554375648499,0.46612200140953064,"191,141,46,69,92","164,160,227,176,150",5:524:2|5:549:2|5:0:1
ckpt_3400.pt,5,982,0.4981548488140106,0.09054844081401825,0.46315956115722656,"225,136,182,4,126","219,12,243,215,158",5:972:2|5:978:2|5:3:1
ckpt_3400.pt,5,983,0.538571834564209,0.08827367424964905,0.5015403032302856,"165,119,114,185,20","226,206,149,236,12",5:80:2|5:664:2|5:3:1
ckpt_3400.pt,5,984,0.61310875415802,0.14413024485111237,0.5415124297142029,"129,144,127,202,134","31,1,108,128,216",5:333:2|5:676:2|5:684:2
ckpt_3400.pt,5,985,0.5310121774673462,0.10331116616725922,0.4767175316810608,"99,156,164,177,246","113,43,239,255,147",5:289:2|5:727:2|5:740:2
ckpt_3400.pt,5,986,0.43280428647994995,0.09356248378753662,0.39887917041778564,"64,168,178,49,72","111,157,26,119,100",5:41:2|5:74:2|5:122:2
ckpt_3400.pt,5,987,0.5383554697036743,0.13800542056560516,0.5020801424980164,"177,82,106,43,211","50,67,98,199,84",5:30:2|5:240:2|5:466:2
ckpt_3400.pt,5,988,0.5241245627403259,0.12463735044002533,0.46490299701690674,"245,17,167,251,98","112,100,47,170,90",5:27:2|5:840:2|5:1:1
ckpt_3400.pt,5,989,0.616836428642273,0.11850161105394363,0.47740480303764343,"201,127,52,226,167","178,207,96,87,145",5:87:2|5:629:2|5:973:2
ckpt_3400.pt,5,990,0.48301956057548523,0.11265956610441208,0.467666357755661,"229,144,148,223,185","62,60,48,140,15",5:39:2|5:131:2|5:2:1
ckpt_3400.pt,5,991,0.46774715185165405,0.10610231757164001,0.40948113799095154,"202,235,41,220,145","203,87,8,37,154",5:318:2|5:518:2|5:714:2
ckpt_3400.pt,5,992,0.47194337844848633,0.103692427277565,0.4240310788154602,"58,23,218,32,226","15,143,160,93,165",5:375:2|5:476:2|5:671:2
ckpt_3400.pt,5,993,0.47570282220840454,0.09354918450117111,0.4193228483200073,"109,45,234,170,30","111,32,186,245,199",5:84:2|5:268:2|5:381:2
ckpt_3400.pt,5,994,0.5003437995910645,0.0970110073685646,0.4243858754634857,"200,130,134,115,185","224,208,223,110,174",5:7:1|5:11:1|5:16:1
ckpt_3400.pt,5,995,0.5185723304748535,0.0958314910531044,0.4610885679721832,"196,19,166,72,248","11,128,55,211,243",5:324:2|5:12:1|5:15:1
ckpt_3400.pt,5,996,0.5639131665229797,0.11915981024503708,0.48373448848724365,"100,185,40,166,201","38,83,139,119,231",5:219:2|5:600:2|5:777:2
ckpt_3400.pt,5,997,0.4699428379535675,0.09461256861686707,0.4697355031967163,"23,21,54,18,198","161,30,208,27,212",5:182:2|5:481:2|5:923:2
ckpt_3400.pt,5,998,0.5734182000160217,0.13005776703357697,0.4639120101928711,"70,162,213,187,12","197,183,203,178,50",5:8:2|5:439:2|5:833:2
ckpt_3400.pt,5,999,0.5578292012214661,0.10123209655284882,0.4826585352420807,"203,3,181,253,251","178,133,88,190,129",5:70:2|5:5:1|5:19:1
ckpt_3400.pt,5,1000,0.5876821279525757,0.11546684056520462,0.4774084687232971,"35,49,136,41,230","172,57,250,117,6",5:365:2|5:493:2|5:701:2
ckpt_3400.pt,5,1001,0.4389912188053131,0.07822104543447495,0.4360295236110687,"201,147,218,132,30","195,43,164,75,157",5:70:2|5:190:2|5:199:2
ckpt_3400.pt,5,1002,0.5019288659095764,0.10116029530763626,0.4417722225189209,"10,129,112,161,229","54,40,27,135,100",5:326:2|5:604:2|5:1004:2
ckpt_3400.pt,5,1003,0.5339221954345703,0.09695584326982498,0.4638199508190155,"216,237,201,187,120","188,247,216,126,17",5:106:2|5:834:2|5:36:1
ckpt_3400.pt,5,1004,0.5728932619094849,0.10332315415143967,0.4782613515853882,"31,161,55,129,201","15,9,181,188,232",5:764:2|5:898:2|5:1002:2
ckpt_3400.pt,5,1005,0.502996563911438,0.0938638374209404,0.4557992219924927,"251,184,238,63,232","224,180,35,61,0",5:27:2|5:677:2|5:698:2
ckpt_3400.pt,5,1006,0.488523930311203,0.09167701005935669,0.4517657160758972,"17,244,129,97,253","228,84,95,161,120",5:38:2|5:90:2|5:1:1
ckpt_3400.pt,5,1007,0.49804627895355225,0.08734656125307083,0.4404430687427521,"151,95,64,28,201","164,8,26,196,171",5:425:2|5:478:2|5:662:2
ckpt_3400.pt,5,1008,0.577815592288971,0.1335061639547348,0.4987824261188507,"61,131,176,148,53","141,39,0,229,203",5:949:3|5:582:2|5:615:2
ckpt_3400.pt,5,1009,0.5155512094497681,0.09986981004476547,0.44321325421333313,"104,128,188,11,54","95,89,212,234,141",5:795:2|5:864:2|5:1011:2
ckpt_3400.pt,5,1010,0.4954054355621338,0.09835442155599594,0.4804685413837433,"2,123,106,47,5","136,169,186,235,15",5:965:2|5:10:1|5:17:1
ckpt_3400.pt,5,1011,0.45863986015319824,0.07521020621061325,0.4470662772655487,"23,128,11,12,84","5,186,64,10,169",5:114:2|5:1009:2|5:2:1
ckpt_3400.pt,5,1012,0.5753549933433533,0.1334720402956009,0.4863273799419403,"24,112,80,22,169","230,163,200,210,71",5:101:2|5:125:2|5:175:2
ckpt_3400.pt,5,1013,0.5580882430076599,0.09420964866876602,0.4749228358268738,"134,189,16,163,181","174,111,244,254,44",5:371:2|5:11:1|5:16:1
ckpt_3400.pt,5,1014,0.5771694779396057,0.10865560173988342,0.49746865034103394,"94,17,248,180,240","208,41,204,17,103",5:177:2|5:608:2|5:710:2
ckpt_3400.pt,5,1015,0.5036937594413757,0.10160224884748459,0.46428096294403076,"169,154,30,231,29","56,244,220,59,226",5:21:2|5:252:2|5:296:2
ckpt_3400.pt,5,1016,0.5912514328956604,0.125351682305336,0.4463619887828827,"246,6,35,221,211","48,246,6,49,97",5:175:2|5:5:1|5:10:1
ckpt_3400.pt,5,1017,0.6434634923934937,0.12321130931377411,0.5254392027854919,"115,187,145,9,232","244,26,116,6,163",5:174:2|5:677:2|5:689:2
ckpt_3400.pt,5,1018,0.5234163999557495,0.09492352604866028,0.5096170902252197,"101,190,8,61,161","28,126,97,234,10",5:326:2|5:578:2|5:27:1
ckpt_3400.pt,5,1019,0.39333194494247437,0.07558904588222504,0.3995211720466614,"254,125,216,130,139","104,103,30,64,176",5:165:2|5:6:1|5:11:1
ckpt_3400.pt,5,1020,0.6219423413276672,0.1114005595445633,0.5279698371887207,"8,141,223,234,37","3,160,15,224,7",5:285:2|5:294:2|5:301:2
ckpt_3400.pt,5,1021,0.5334805846214294,0.08212818205356598,0.47301214933395386,"135,109,196,104,141","91,80,50,104,127",5:13:1|5:16:1|5:17:1
ckpt_3400.pt,5,1022,0.5809905529022217,0.10151300579309464,0.5067514777183533,"226,20,96,201,53","180,68,227,229,187",5:258:2|5:989:2|5:5:1
ckpt_3400.pt,5,1023,0.470234215259552,0.09715516865253448,0.41515326499938965,"114,112,179,96,250","166,208,185,223,0",5:469:2|5:714:2|5:735:2
