checkpoint,block,neuron,fc_l2,fc_max_abs,proj_l2,top_in_dims,top_out_dims,neighbors_input
ckpt_300.pt,0,0,0.3399733006954193,0.08318039774894714,0.33130019903182983,"154,116,203,123,20","45,201,206,224,124",0:70:2|0:38:1|0:41:1
ckpt_300.pt,0,1,0.32616126537323,0.07114963978528976,0.2850992679595947,"167,12,86,157,191","155,150,65,166,240",0:127:2|0:15:1|0:39:1
ckpt_300.pt,0,2,0.3520243465900421,0.06323213875293732,0.33290156722068787,"4,113,232,44,27","255,98,152,76,201",0:479:2|0:865:2|0:969:2
ckpt_300.pt,0,3,0.3249571919441223,0.06500383466482162,0.33419379591941833,"207,165,217,80,127","209,200,31,32,185",0:41:2|0:117:2|0:339:2
ckpt_300.pt,0,4,0.35893505811691284,0.060978714376688004,0.3589356243610382,"165,14,88,62,1","85,97,104,20,166",0:256:2|0:286:2|0:3:1
ckpt_300.pt,0,5,0.33162346482276917,0.05528505519032478,0.30366775393486023,"71,195,158,63,121","55,145,3,157,210",0:101:2|0:513:2|0:9:1
ckpt_300.pt,0,6,0.33987098932266235,0.06812562048435211,0.33386045694351196,"94,213,233,106,45","27,73,156,56,203",0:236:2|0:11:1|0:17:1
ckpt_300.pt,0,7,0.30143389105796814,0.052540551871061325,0.3268614113330841,"119,238,34,211,125","223,34,195,242,244",0:390:2|0:492:2|0:17:1
ckpt_300.pt,0,8,0.3353672921657562,0.05415831133723259,0.3120201826095581,"77,166,36,180,70","196,212,138,234,126",0:77:2|0:160:2|0:610:2
ckpt_300.pt,0,9,0.3352905511856079,0.05860728397965431,0.3025522530078888,"69,168,23,32,158","222,69,246,251,99",0:311:2|0:482:2|0:924:2
ckpt_300.pt,0,10,0.31598272919654846,0.052331000566482544,0.33245420455932617,"25,35,44,15,146","171,118,129,220,141",0:776:3|0:136:2|0:140:2
ckpt_300.pt,0,11,0.336356520652771,0.058382414281368256,0.3358076512813568,"233,134,189,122,5","215,35,140,57,60",0:18:2|0:485:2|0:678:2
ckpt_300.pt,0,12,0.3474199175834656,0.07303337752819061,0.3275776505470276,"237,59,195,91,185","117,68,236,65,221",0:54:2|0:352:2|0:509:2
ckpt_300.pt,0,13,0.3717248737812042,0.061151787638664246,0.3531474769115448,"113,220,28,193,189","87,190,108,129,53",0:116:2|0:485:2|0:679:2
ckpt_300.pt,0,14,0.33386582136154175,0.0635189637541771,0.3458779752254486,"129,65,85,149,187","244,179,22,9,59",0:261:2|0:735:2|0:18:1
ckpt_300.pt,0,15,0.34572046995162964,0.07756353914737701,0.3423093259334564,"48,110,87,157,63","251,37,234,154,39",0:636:2|0:908:2|0:1:1
ckpt_300.pt,0,16,0.3372812867164612,0.05886467546224594,0.3513352870941162,"226,221,255,10,61","124,3,140,223,11",0:139:2|0:186:2|0:220:2
ckpt_300.pt,0,17,0.3098755180835724,0.05164037272334099,0.35530614852905273,"22,136,45,75,211","97,82,77,89,207",0:753:3|0:734:2|0:6:1
ckpt_300.pt,0,18,0.33967602252960205,0.05635543167591095,0.3370179235935211,"33,175,129,189,122","45,98,23,215,192",0:11:2|0:277:2|0:571:2
ckpt_300.pt,0,19,0.3125605285167694,0.07806429266929626,0.316625714302063,"237,153,159,95,194","218,161,231,19,148",0:243:2|0:282:2|0:473:2
ckpt_300.pt,0,20,0.32470422983169556,0.062470708042383194,0.3491312265396118,"69,38,204,56,121","155,68,55,76,143",0:378:2|0:391:2|0:410:2
ckpt_300.pt,0,21,0.32368606328964233,0.058039043098688126,0.3599560260772705,"172,81,218,168,147","48,156,2,80,228",0:32:2|0:319:2|0:401:2
ckpt_300.pt,0,22,0.32419857382774353,0.0558481439948082,0.32045120000839233,"43,56,190,194,193","183,50,196,94,87",0:225:2|0:370:2|0:374:2
ckpt_300.pt,0,23,0.31967663764953613,0.0535203292965889,0.3131581246852875,"47,102,113,38,184","135,171,231,57,163",0:119:2|0:621:2|0:840:2
ckpt_300.pt,0,24,0.3519044518470764,0.06898758560419083,0.30197498202323914,"58,37,44,179,111","218,130,140,253,56",0:327:2|0:382:2|0:707:2
ckpt_300.pt,0,25,0.3141496479511261,0.050317857414484024,0.3285425007343292,"28,205,4,68,36","112,198,79,127,23",0:184:2|0:2:1|0:8:1
ckpt_300.pt,0,26,0.3122314214706421,0.05555545166134834,0.34301266074180603,"241,93,90,8,140","171,188,123,24,25",0:224:2|0:827:2|0:862:2
ckpt_300.pt,0,27,0.33098167181015015,0.07944956421852112,0.3190583884716034,"208,9,31,30,71","98,65,47,62,123",0:641:2|0:5:1|0:35:1
ckpt_300.pt,0,28,0.33035582304000854,0.06880536675453186,0.3402911424636841,"127,78,137,67,58","31,194,203,137,221",0:399:2|0:426:2|0:575:2
ckpt_300.pt,0,29,0.3012462854385376,0.06738587468862534,0.34803786873817444,"188,179,189,128,183","207,9,172,63,80",0:11:1|0:13:1|0:18:1
ckpt_300.pt,0,30,0.3240523636341095,0.0678221806883812,0.30569493770599365,"255,216,2,19,107","95,126,90,67,115",0:977:2|0:16:1|0:49:1
ckpt_300.pt,0,31,0.37476277351379395,0.05899934843182564,0.3468368351459503,"136,237,135,32,76","12,139,138,119,205",0:436:2|0:722:2|0:9:1
ckpt_300.pt,0,32,0.32616111636161804,0.05154964700341225,0.3363746106624603,"217,172,218,48,250","197,77,85,20,131",0:21:2|0:3:1|0:15:1
ckpt_300.pt,0,33,0.3297092318534851,0.07487262040376663,0.31207355856895447,"245,62,65,64,110","126,122,205,23,7",0:4:1|0:14:1|0:15:1
ckpt_300.pt,0,34,0.326264888048172,0.05290686711668968,0.33959686756134033,"247,103,125,0,61","4,24,95,99,6",0:75:2|0:164:2|0:391:2
ckpt_300.pt,0,35,0.33867278695106506,0.05578028783202171,0.35822761058807373,"153,27,208,35,205","162,196,37,121,195",0:208:2|0:528:2|0:998:2
ckpt_300.pt,0,36,0.3271709680557251,0.06599050015211105,0.3621508479118347,"171,5,109,38,77","174,1,234,248,144",0:168:2|0:545:2|0:730:2
ckpt_300.pt,0,37,0.33861467242240906,0.06614812463521957,0.33255335688591003,"70,47,62,122,96","140,240,203,229,57",0:77:2|0:388:2|0:731:2
ckpt_300.pt,0,38,0.3371770679950714,0.059990495443344116,0.3316916227340698,"92,179,147,134,154","5,154,125,99,232",0:382:2|0:388:2|0:0:1
ckpt_300.pt,0,39,0.335519939661026,0.06270530819892883,0.33296307921409607,"83,80,12,136,170","206,214,133,64,190",0:486:2|0:1:1|0:3:1
ckpt_300.pt,0,40,0.3260084390640259,0.0569051168859005,0.30542001128196716,"177,18,4,112,176","85,131,161,138,184",0:42:2|0:470:2|0:638:2
ckpt_300.pt,0,41,0.35633188486099243,0.06356611847877502,0.31158873438835144,"252,154,207,104,165","126,23,56,105,238",0:3:2|0:117:2|0:339:2
ckpt_300.pt,0,42,0.334272563457489,0.06268380582332611,0.32500147819519043,"141,86,112,18,87","174,228,227,68,21",0:40:2|0:263:2|0:725:2
ckpt_300.pt,0,43,0.34070897102355957,0.0537886843085289,0.3085707724094391,"163,248,116,80,54","48,79,23,189,180",0:389:2|0:747:2|0:0:1
ckpt_300.pt,0,44,0.3259928226470947,0.05927553027868271,0.33681508898735046,"5,131,125,58,130","244,23,162,141,209",0:222:2|0:429:2|0:798:2
ckpt_300.pt,0,45,0.30756935477256775,0.077176533639431,0.3311343789100647,"245,232,29,197,178","235,23,43,117,75",0:557:2|0:888:2|0:2:1
ckpt_300.pt,0,46,0.31152480840682983,0.06259814649820328,0.31598132848739624,"76,57,9,205,148","85,188,69,147,252",0:137:2|0:554:2|0:697:2
ckpt_300.pt,0,47,0.3537019193172455,0.06544586271047592,0.3732345998287201,"63,94,30,18,220","116,14,51,114,227",0:5:1|0:6:1|0:13:1
ckpt_300.pt,0,48,0.3571886718273163,0.06610481441020966,0.3184159994125366,"40,156,148,198,189","237,17,93,16,18",0:185:2|0:571:2|0:690:2
ckpt_300.pt,0,49,0.3104225993156433,0.05468980222940445,0.33930903673171997,"238,255,118,71,218","11,126,63,95,241",0:702:2|0:814:2|0:942:2
ckpt_300.pt,0,50,0.3599846661090851,0.05898558720946312,0.3464395999908447,"162,63,149,200,193","109,96,221,15,184",0:508:2|0:529:2|0:963:2
ckpt_300.pt,0,51,0.3276604115962982,0.052774153649806976,0.32129552960395813,"171,2,206,222,124","153,234,10,155,8",0:788:2|0:30:1|0:36:1
ckpt_300.pt,0,52,0.3504605293273926,0.0677848607301712,0.3072326183319092,"71,111,207,161,117","234,41,113,164,80",0:803:2|0:928:2|0:3:1
ckpt_300.pt,0,53,0.31551042199134827,0.06971610337495804,0.35655710101127625,"139,111,134,225,158","188,122,103,18,67",0:198:2|0:233:2|0:584:2
ckpt_300.pt,0,54,0.32579636573791504,0.06599491089582443,0.33335819840431213,"237,195,187,233,44","78,109,162,208,115",0:12:2|0:127:2|0:228:2
ckpt_300.pt,0,55,0.3183862268924713,0.05253113433718681,0.3509629964828491,"228,196,79,165,179","24,218,109,84,75",0:102:2|0:3:1|0:4:1
ckpt_300.pt,0,56,0.3430730402469635,0.08236279338598251,0.33343446254730225,"20,53,92,215,127","49,107,183,86,174",0:767:2|0:829:2|0:863:2
ckpt_300.pt,0,57,0.31588712334632874,0.08081916719675064,0.3445197641849518,"43,210,122,252,140","251,95,67,139,36",0:179:2|0:530:2|0:912:2
ckpt_300.pt,0,58,0.31598538160324097,0.056281737983226776,0.32608941197395325,"36,162,60,103,30","66,33,181,95,216",0:412:2|0:650:2|0:694:2
ckpt_300.pt,0,59,0.3441513478755951,0.08231884986162186,0.3429018557071686,"106,208,48,17,107","187,30,129,122,70",0:550:2|0:682:2|0:6:1
ckpt_300.pt,0,60,0.31282177567481995,0.048288505524396896,0.3429514467716217,"11,194,243,222,205","81,165,181,127,84",0:473:2|0:19:1|0:22:1
ckpt_300.pt,0,61,0.3837694525718689,0.06338578462600708,0.3122538924217224,"224,106,118,26,83","184,29,240,215,173",0:275:2|0:462:2|0:477:2
ckpt_300.pt,0,62,0.3406047821044922,0.06142783537507057,0.34465521574020386,"29,172,90,208,59","166,73,122,129,0",0:940:2|0:12:1|0:21:1
ckpt_300.pt,0,63,0.3214057981967926,0.05370630696415901,0.3309614658355713,"79,161,187,56,138","180,74,66,229,153",0:113:2|0:523:2|0:676:2
ckpt_300.pt,0,64,0.342032253742218,0.08580046892166138,0.31486064195632935,"212,27,93,171,105","4,242,12,144,172",0:788:2|0:2:1|0:26:1
ckpt_300.pt,0,65,0.34336209297180176,0.06419333815574646,0.36216863989830017,"109,100,167,19,96","251,202,80,220,114",0:133:2|0:149:2|0:602:2
ckpt_300.pt,0,66,0.3389771580696106,0.05368052050471306,0.32530155777931213,"249,111,120,232,167","105,62,87,32,74",0:848:2|0:941:2|0:954:2
ckpt_300.pt,0,67,0.32009971141815186,0.07135619223117828,0.35828495025634766,"235,185,152,212,131","36,120,112,91,241",0:334:3|0:221:2|0:347:2
ckpt_300.pt,0,68,0.3734339475631714,0.07288099825382233,0.3632439970970154,"137,23,251,77,216","117,156,92,55,155",0:303:2|0:315:2|0:746:2
ckpt_300.pt,0,69,0.3256031572818756,0.05937840789556503,0.3467446565628052,"90,86,254,134,227","235,1,67,241,163",0:1004:2|0:1:1|0:11:1
ckpt_300.pt,0,70,0.3290654122829437,0.07180316746234894,0.32186323404312134,"227,20,116,181,211","147,153,239,26,6",0:0:2|0:329:2|0:405:2
ckpt_300.pt,0,71,0.3182280361652374,0.05543939024209976,0.3334568738937378,"175,4,22,61,153","254,86,85,232,80",0:2:1|0:16:1|0:17:1
ckpt_300.pt,0,72,0.32954442501068115,0.06682446599006653,0.32383930683135986,"34,92,12,78,124","107,89,199,126,154",0:269:2|0:441:2|0:1:1
ckpt_300.pt,0,73,0.3086848556995392,0.05695519223809242,0.2855539917945862,"42,49,81,7,127","170,149,8,76,223",0:76:2|0:3:1|0:21:1
ckpt_300.pt,0,74,0.33888357877731323,0.05715152248740196,0.35294309258461,"10,86,174,235,253","42,69,10,40,45",0:80:2|0:1:1|0:16:1
ckpt_300.pt,0,75,0.32248544692993164,0.056571993976831436,0.3353883624076843,"54,147,125,0,219","198,83,186,133,236",0:34:2|0:453:2|0:872:2
ckpt_300.pt,0,76,0.30474334955215454,0.05549120903015137,0.3347335457801819,"81,245,118,42,188","54,192,204,98,154",0:73:2|0:89:2|0:702:2
ckpt_300.pt,0,77,0.32677528262138367,0.0700431540608406,0.3264923691749573,"43,47,180,70,149","186,234,78,179,77",0:8:2|0:37:2|0:374:2
ckpt_300.pt,0,78,0.31934672594070435,0.06031172722578049,0.3292708694934845,"78,174,247,36,130","36,76,14,186,91",0:878:2|0:8:1|0:25:1
ckpt_300.pt,0,79,0.3109263777732849,0.05661734566092491,0.3396150767803192,"73,186,201,23,40","84,75,191,18,225",0:109:2|0:199:2|0:259:2
ckpt_300.pt,0,80,0.3260013163089752,0.07609532028436661,0.3163803219795227,"86,202,10,119,118","158,55,95,102,192",0:74:2|0:418:2|0:568:2
ckpt_300.pt,0,81,0.3229292631149292,0.05885601416230202,0.2995631694793701,"166,187,75,140,168","104,220,146,172,139",0:242:2|0:434:2|0:456:2
ckpt_300.pt,0,82,0.31459590792655945,0.057412806898355484,0.32556891441345215,"112,103,108,29,134","148,156,175,212,41",0:422:2|0:678:2|0:900:2
ckpt_300.pt,0,83,0.3127634823322296,0.05530952662229538,0.32894954085350037,"24,94,103,17,245","67,254,22,234,24",0:932:2|0:6:1|0:33:1
ckpt_300.pt,0,84,0.3535744547843933,0.06836561113595963,0.3466828167438507,"189,95,208,239,255","174,253,244,126,87",0:363:2|0:485:2|0:580:2
ckpt_300.pt,0,85,0.3216633200645447,0.0499567911028862,0.3119420111179352,"103,129,168,120,159","179,220,112,232,36",0:801:2|0:9:1|0:14:1
ckpt_300.pt,0,86,0.3149501383304596,0.05687190592288971,0.3271641135215759,"61,138,95,114,139","27,166,146,198,174",0:107:2|0:123:2|0:273:2
ckpt_300.pt,0,87,0.35274937748908997,0.06918974220752716,0.32137393951416016,"178,216,82,122,26","70,113,162,20,202",0:175:2|0:192:2|0:313:2
ckpt_300.pt,0,88,0.3597857654094696,0.07675722986459732,0.33191150426864624,"55,216,199,206,49","3,60,88,71,179",0:349:2|0:623:2|0:30:1
ckpt_300.pt,0,89,0.3349141478538513,0.05857471376657486,0.3310532569885254,"188,130,43,195,118","254,213,83,6,156",0:76:2|0:279:2|0:403:2
ckpt_300.pt,0,90,0.35617145895957947,0.07650361955165863,0.3321610689163208,"58,99,151,100,189","163,34,136,198,120",0:481:2|0:718:2|0:855:2
ckpt_300.pt,0,91,0.3418596386909485,0.055249083787202835,0.3220326006412506,"178,53,27,229,11","108,80,160,152,92",0:200:2|0:911:2|0:2:1
ckpt_300.pt,0,92,0.32977768778800964,0.0608123354613781,0.3344908654689789,"133,101,111,200,43","116,188,78,220,232",0:314:2|0:658:2|0:754:2
ckpt_300.pt,0,93,0.3234286606311798,0.07008501887321472,0.323485791683197,"110,4,191,75,143","43,13,124,93,121",0:248:2|0:399:2|0:417:2
ckpt_300.pt,0,94,0.3421165645122528,0.055133141577243805,0.33579474687576294,"64,143,241,205,77","226,14,152,101,237",0:449:2|0:639:2|0:8:1
ckpt_300.pt,0,95,0.3518376052379608,0.07764078676700592,0.31919869780540466,"4,79,219,160,12","193,180,191,215,168",0:532:3|0:105:2|0:1:1
ckpt_300.pt,0,96,0.33718031644821167,0.05885782092809677,0.3264056444168091,"16,150,90,171,192","17,227,236,112,133",0:577:2|0:950:2|0:26:1
ckpt_300.pt,0,97,0.32762303948402405,0.07225139439105988,0.31394869089126587,"119,130,132,250,44","122,209,61,56,28",0:448:2|0:487:2|0:570:2
ckpt_300.pt,0,98,0.29807502031326294,0.05722943693399429,0.32506367564201355,"62,239,114,130,135","129,152,242,101,82",0:304:2|0:980:2|0:4:1
ckpt_300.pt,0,99,0.32072073221206665,0.0674084946513176,0.3211863934993744,"135,163,157,241,85","220,117,113,37,201",0:681:2|0:854:2|0:1:1
ckpt_300.pt,0,100,0.34131574630737305,0.07194270938634872,0.3245033025741577,"132,211,213,112,31","49,77,193,179,127",0:103:2|0:282:2|0:348:2
ckpt_300.pt,0,101,0.3566172420978546,0.06260811537504196,0.35540100932121277,"55,121,166,158,93","141,160,127,236,183",0:5:2|0:341:2|0:541:2
ckpt_300.pt,0,102,0.3500944674015045,0.06541537493467331,0.3184879422187805,"56,136,48,196,228","16,2,151,223,252",0:55:2|0:217:2|0:617:2
ckpt_300.pt,0,103,0.3624741733074188,0.07024770975112915,0.33151179552078247,"252,204,112,66,211","208,39,252,50,251",0:100:2|0:465:2|0:884:2
ckpt_300.pt,0,104,0.30907368659973145,0.059967707842588425,0.34267452359199524,"174,165,49,215,208","166,27,222,238,199",0:262:2|0:868:2|0:3:1
ckpt_300.pt,0,105,0.3250933587551117,0.05284252017736435,0.3174583315849304,"254,155,160,219,162","149,86,246,249,53",0:95:2|0:192:2|0:258:2
ckpt_300.pt,0,106,0.33209505677223206,0.07349306344985962,0.3150050938129425,"233,53,75,71,13","68,87,177,148,219",0:116:2|0:236:2|0:734:2
ckpt_300.pt,0,107,0.310998797416687,0.05015093833208084,0.3280380070209503,"27,248,72,138,139","54,232,235,227,68",0:86:2|0:165:2|0:208:2
ckpt_300.pt,0,108,0.34440910816192627,0.05885682627558708,0.3562067449092865,"210,168,96,175,201","179,122,83,19,167",0:357:2|0:434:2|0:535:2
ckpt_300.pt,0,109,0.3433147668838501,0.06340613216161728,0.32910212874412537,"242,191,219,73,201","52,218,110,95,148",0:362:3|0:79:2|0:138:2
ckpt_300.pt,0,110,0.3167232275009155,0.05616181343793869,0.3004842698574066,"216,194,141,41,68","204,195,250,199,197",0:278:2|0:623:2|0:19:1
ckpt_300.pt,0,111,0.3347178101539612,0.06473376601934433,0.34910982847213745,"127,148,130,64,11","205,64,28,34,128",0:336:2|0:591:2|0:627:2
ckpt_300.pt,0,112,0.3681281507015228,0.06427505612373352,0.31844043731689453,"96,41,113,211,60","78,66,255,162,73",0:390:2|0:600:2|0:800:2
ckpt_300.pt,0,113,0.3053986728191376,0.06359967589378357,0.34451743960380554,"172,169,109,187,138","111,174,54,31,14",0:63:2|0:810:2|0:14:1
ckpt_300.pt,0,114,0.3326413929462433,0.06037989258766174,0.3284241855144501,"21,27,165,246,2","199,250,78,9,177",0:155:2|0:365:2|0:611:2
ckpt_300.pt,0,115,0.3514631986618042,0.06395483762025833,0.3317018449306488,"183,91,214,177,21","28,236,202,105,78",0:984:3|0:140:2|0:432:2
ckpt_300.pt,0,116,0.34625911712646484,0.062820203602314,0.32778340578079224,"233,113,193,13,148","201,191,228,104,87",0:13:2|0:106:2|0:485:2
ckpt_300.pt,0,117,0.3243055045604706,0.060093171894550323,0.3396870791912079,"207,53,144,108,165","160,248,113,90,123",0:3:2|0:41:2|0:261:2
ckpt_300.pt,0,118,0.31508925557136536,0.05084468424320221,0.3555811047554016,"12,54,214,141,237","127,220,80,82,40",0:436:3|0:381:2|0:384:2
ckpt_300.pt,0,119,0.36684778332710266,0.06437456607818604,0.36404210329055786,"184,126,49,38,157","207,52,59,237,33",0:23:2|0:499:2|0:1:1
ckpt_300.pt,0,120,0.3355824649333954,0.05062481388449669,0.32993361353874207,"201,24,223,22,0","9,44,140,162,234",0:549:2|0:835:2|0:17:1
ckpt_300.pt,0,121,0.34251710772514343,0.052863020449876785,0.32136571407318115,"91,139,4,229,239","115,212,103,180,224",0:152:2|0:340:2|0:352:2
ckpt_300.pt,0,122,0.33545759320259094,0.054769933223724365,0.3402746617794037,"201,146,162,128,156","245,52,59,35,139",0:125:2|0:343:2|0:10:1
ckpt_300.pt,0,123,0.33985477685928345,0.061129845678806305,0.3521820306777954,"221,95,139,36,18","245,86,56,123,237",0:86:2|0:337:2|0:403:2
ckpt_300.pt,0,124,0.32332175970077515,0.06054485961794853,0.3259207606315613,"255,133,171,198,245","152,238,202,76,65",0:355:2|0:765:2|0:873:2
ckpt_300.pt,0,125,0.35103607177734375,0.06085779145359993,0.31633639335632324,"128,40,116,162,34","63,147,187,81,253",0:122:2|0:355:2|0:988:2
ckpt_300.pt,0,126,0.35659483075141907,0.06646297127008438,0.31774601340293884,"212,120,125,101,175","24,223,179,193,109",0:260:2|0:812:2|0:7:1
ckpt_300.pt,0,127,0.3170778155326843,0.07054048031568527,0.35340219736099243,"12,195,187,157,253","159,189,229,221,51",0:1:2|0:54:2|0:656:2
ckpt_300.pt,0,128,0.32775548100471497,0.05449939891695976,0.2892845571041107,"144,211,110,106,39","145,224,219,141,225",0:248:2|0:492:2|0:595:2
ckpt_300.pt,0,129,0.33204925060272217,0.0640130341053009,0.3213866651058197,"255,49,134,151,83","38,215,140,47,15",0:11:1|0:16:1|0:30:1
ckpt_300.pt,0,130,0.3189971446990967,0.05733605846762657,0.344777911901474,"231,77,235,66,150","192,92,24,247,43",0:565:2|0:8:1|0:36:1
ckpt_300.pt,0,131,0.2985725998878479,0.05859873443841934,0.31041693687438965,"133,21,82,219,84","255,75,32,109,65",0:227:2|0:618:2|0:652:2
ckpt_300.pt,0,132,0.3066179156303406,0.047500189393758774,0.30416277050971985,"45,78,204,234,240","29,34,115,177,201",0:712:2|0:945:2|0:6:1
ckpt_300.pt,0,133,0.34765326976776123,0.0607827752828598,0.3260991871356964,"100,87,5,53,19","107,215,197,172,7",0:65:2|0:721:2|0:11:1
ckpt_300.pt,0,134,0.33501988649368286,0.056737542152404785,0.3414287567138672,"6,230,101,229,76","90,137,149,3,209",0:138:2|0:239:2|0:274:2
ckpt_300.pt,0,135,0.3317193388938904,0.05695977434515953,0.3286677300930023,"141,24,161,144,105","32,247,86,162,38",0:226:2|0:782:2|0:42:1
ckpt_300.pt,0,136,0.3406575918197632,0.07388532906770706,0.31724515557289124,"25,15,170,177,39","127,232,146,25,208",0:10:2|0:518:2|0:776:2
ckpt_300.pt,0,137,0.3210794925689697,0.056579120457172394,0.3469332456588745,"101,151,57,205,216","110,66,170,210,197",0:46:2|0:314:2|0:634:2
ckpt_300.pt,0,138,0.3370431661605835,0.058683302253484726,0.3553897440433502,"219,242,76,229,246","167,136,123,63,125",0:109:2|0:134:2|0:376:2
ckpt_300.pt,0,139,0.3226594030857086,0.06339380145072937,0.33330658078193665,"255,150,113,221,21","7,155,236,47,87",0:16:2|0:186:2|0:211:2
ckpt_300.pt,0,140,0.33503344655036926,0.06558551639318466,0.3179776668548584,"21,146,183,63,25","142,99,248,22,9",0:467:3|0:10:2|0:115:2
ckpt_300.pt,0,141,0.35773465037345886,0.07763076573610306,0.3211095929145813,"60,217,108,24,7","28,202,7,189,191",0:537:2|0:3:1|0:32:1
ckpt_300.pt,0,142,0.30960893630981445,0.056893590837717056,0.31672993302345276,"84,100,11,191,83","176,113,66,132,192",0:1:1|0:39:1|0:60:1
ckpt_300.pt,0,143,0.3197283446788788,0.05594722554087639,0.3132619857788086,"15,213,44,91,157","34,170,252,243,145",0:10:2|0:636:2|0:903:2
ckpt_300.pt,0,144,0.3434087634086609,0.05687779188156128,0.3302440047264099,"234,147,150,63,105","212,3,62,87,140",0:640:2|0:699:2|0:705:2
ckpt_300.pt,0,145,0.3121715784072876,0.06131281703710556,0.3628828525543213,"56,70,209,105,145","143,153,5,106,15",0:226:2|0:664:2|0:710:2
ckpt_300.pt,0,146,0.3039124608039856,0.0696353167295456,0.3400847613811493,"10,164,250,153,93","122,226,151,135,153",0:716:2|0:16:1|0:19:1
ckpt_300.pt,0,147,0.36026716232299805,0.06698374450206757,0.33079537749290466,"197,43,33,63,13","7,44,241,159,37",0:493:2|0:640:2|0:798:2
ckpt_300.pt,0,148,0.3363843858242035,0.07438217103481293,0.318479061126709,"142,200,52,86,95","156,1,14,134,199",0:552:2|0:770:2|0:867:2
ckpt_300.pt,0,149,0.326904296875,0.05246925354003906,0.32715678215026855,"244,49,96,217,109","136,86,24,10,219",0:65:2|0:181:2|0:3:1
ckpt_300.pt,0,150,0.3596549928188324,0.07178670912981033,0.33353114128112793,"192,215,181,38,230","235,142,243,183,116",0:245:2|0:285:2|0:589:2
ckpt_300.pt,0,151,0.32961511611938477,0.055234089493751526,0.3317491114139557,"30,179,122,141,42","120,33,94,61,141",0:313:2|0:437:2|0:533:2
ckpt_300.pt,0,152,0.3176535964012146,0.058967482298612595,0.3218296766281128,"80,229,98,139,237","165,69,173,235,103",0:121:2|0:180:2|0:265:2
ckpt_300.pt,0,153,0.3453177511692047,0.06966079771518707,0.33096247911453247,"138,199,174,29,224","241,175,149,240,131",0:220:2|0:268:2|0:463:2
ckpt_300.pt,0,154,0.31540510058403015,0.060095928609371185,0.3278828561306,"18,29,17,79,168","46,0,131,253,196",0:222:2|0:864:2|0:9:1
ckpt_300.pt,0,155,0.3326951563358307,0.05489462614059448,0.344822496175766,"33,198,246,27,191","186,129,84,152,149",0:114:2|0:1021:2|0:1:1
ckpt_300.pt,0,156,0.33425572514533997,0.0525810569524765,0.33574727177619934,"216,177,76,187,208","191,197,250,18,247",0:228:2|0:274:2|0:580:2
ckpt_300.pt,0,157,0.31457701325416565,0.06004933640360832,0.31190958619117737,"207,248,30,232,20","211,150,16,147,230",0:405:2|0:435:2|0:743:2
ckpt_300.pt,0,158,0.34891757369041443,0.06881903856992722,0.3387943506240845,"86,180,205,120,88","61,200,25,193,154",0:163:2|0:255:2|0:290:2
ckpt_300.pt,0,159,0.33301860094070435,0.0640062689781189,0.32338935136795044,"60,240,51,141,134","193,51,122,39,73",0:541:2|0:600:2|0:896:2
ckpt_300.pt,0,160,0.3480257987976074,0.05603547766804695,0.3359672725200653,"30,180,44,191,77","61,153,77,198,218",0:8:2|0:303:2|0:806:2
ckpt_300.pt,0,161,0.33126863837242126,0.0673411637544632,0.3193954527378082,"229,240,99,47,42","168,246,21,161,135",0:410:2|0:585:2|0:630:2
ckpt_300.pt,0,162,0.32033491134643555,0.052820999175310135,0.3410288691520691,"190,156,121,168,205","154,79,89,90,216",0:5:1|0:9:1|0:20:1
ckpt_300.pt,0,163,0.33293187618255615,0.0747620016336441,0.3277234435081482,"86,255,205,72,43","22,150,153,30,123",0:158:2|0:186:2|0:1:1
ckpt_300.pt,0,164,0.33483561873435974,0.07111050933599472,0.3257642388343811,"119,103,0,209,243","3,196,146,165,12",0:34:2|0:825:2|0:964:2
ckpt_300.pt,0,165,0.32695814967155457,0.06641081720590591,0.33179718255996704,"166,254,139,248,170","56,250,211,188,218",0:107:2|0:447:2|0:667:2
ckpt_300.pt,0,166,0.3412017524242401,0.06384406238794327,0.31019365787506104,"9,157,8,36,182","41,218,193,76,51",0:250:2|0:439:2|0:866:2
ckpt_300.pt,0,167,0.32493719458580017,0.071170374751091,0.3381102979183197,"71,68,136,230,11","78,180,19,130,62",0:597:2|0:5:1|0:17:1
ckpt_300.pt,0,168,0.32528606057167053,0.05458109825849533,0.29895710945129395,"38,109,27,16,43","246,105,11,53,13",0:36:2|0:285:2|0:671:2
ckpt_300.pt,0,169,0.34414777159690857,0.0654694139957428,0.3325539231300354,"87,161,68,152,176","71,146,113,117,82",0:182:2|0:184:2|0:503:2
ckpt_300.pt,0,170,0.3383319079875946,0.06275290995836258,0.31659576296806335,"29,23,202,101,163","182,229,206,130,116",0:298:2|0:425:2|0:588:2
ckpt_300.pt,0,171,0.3677771985530853,0.05765797197818756,0.34242406487464905,"233,114,100,2,203","64,87,6,68,143",0:558:2|0:855:2|0:0:1
ckpt_300.pt,0,172,0.35339295864105225,0.06220722571015358,0.3495517075061798,"76,137,111,195,152","224,144,171,250,42",0:406:2|0:773:2|0:976:2
ckpt_300.pt,0,173,0.3171883225440979,0.04838766157627106,0.29703280329704285,"178,173,192,234,158","197,9,168,117,113",0:512:2|0:625:2|0:906:2
ckpt_300.pt,0,174,0.3353234529495239,0.07322932034730911,0.3509010076522827,"124,235,46,204,76","95,53,77,12,209",0:787:2|0:1012:2|0:20:1
ckpt_300.pt,0,175,0.3563533425331116,0.060109201818704605,0.34454312920570374,"145,191,26,216,61","156,153,209,44,162",0:87:2|0:349:2|0:990:2
ckpt_300.pt,0,176,0.33129915595054626,0.05872189253568649,0.3229805529117584,"16,240,87,40,142","131,0,243,7,144",0:184:2|0:945:2|0:950:2
ckpt_300.pt,0,177,0.3349650502204895,0.06595062464475632,0.3270557224750519,"24,241,134,247,220","132,16,168,62,225",0:219:2|0:224:2|0:859:2
ckpt_300.pt,0,178,0.3282947540283203,0.06877347081899643,0.30386900901794434,"14,5,228,11,239","247,116,8,239,154",0:266:2|0:484:2|0:911:2
ckpt_300.pt,0,179,0.3219650387763977,0.0581754632294178,0.3484726548194885,"44,241,210,99,122","124,155,30,78,74",0:57:2|0:563:2|0:2:1
ckpt_300.pt,0,180,0.3115488886833191,0.06823159009218216,0.35462746024131775,"152,229,237,216,247","197,74,43,49,81",0:152:2|0:472:2|0:933:2
ckpt_300.pt,0,181,0.3467194736003876,0.06258435547351837,0.29371312260627747,"177,96,234,90,49","250,243,20,203,213",0:149:2|0:857:2|0:26:1
ckpt_300.pt,0,182,0.3337579667568207,0.0586601123213768,0.3342955708503723,"36,161,232,87,88","253,234,231,164,122",0:169:2|0:516:2|0:650:2
ckpt_300.pt,0,183,0.3542018234729767,0.058876946568489075,0.3243585526943207,"33,177,115,125,188","94,208,181,41,36",0:798:2|0:7:1|0:18:1
ckpt_300.pt,0,184,0.3635753393173218,0.06327164173126221,0.3346036672592163,"236,240,68,87,28","64,163,164,102,53",0:25:2|0:169:2|0:176:2
ckpt_300.pt,0,185,0.3391347825527191,0.06501200050115585,0.31864529848098755,"180,181,189,156,50","97,82,112,115,20",0:48:2|0:344:2|0:937:2
ckpt_300.pt,0,186,0.3580518364906311,0.06073014438152313,0.31612008810043335,"221,223,255,205,6","200,194,103,173,74",0:16:2|0:139:2|0:163:2
ckpt_300.pt,0,187,0.35609954595565796,0.05885520204901695,0.3270672857761383,"145,218,237,248,205","203,180,156,226,49",0:296:2|0:443:2|0:722:2
ckpt_300.pt,0,188,0.32802852988243103,0.05325126275420189,0.30594056844711304,"61,190,98,137,106","157,199,244,247,191",0:275:2|0:6:1|0:16:1
ckpt_300.pt,0,189,0.34466683864593506,0.0671207457780838,0.3341189920902252,"245,246,169,52,108","160,209,76,101,44",0:392:2|0:764:2|0:946:2
ckpt_300.pt,0,190,0.32297855615615845,0.06955742835998535,0.3376094400882721,"108,101,184,66,218","100,42,191,167,43",0:309:2|0:440:2|0:921:2
ckpt_300.pt,0,191,0.33481770753860474,0.055896684527397156,0.3368695080280304,"38,202,124,152,241","157,101,82,242,170",0:503:2|0:545:2|0:20:1
ckpt_300.pt,0,192,0.3187246024608612,0.05070854350924492,0.32891395688056946,"162,5,216,82,254","113,117,216,220,135",0:87:2|0:105:2|0:258:2
ckpt_300.pt,0,193,0.33737045526504517,0.06662943214178085,0.334338903427124,"158,98,155,35,255","194,154,232,2,157",0:615:2|0:5:1|0:9:1
ckpt_300.pt,0,194,0.33083415031433105,0.06389305740594864,0.3191289007663727,"70,125,236,52,67","210,253,230,177,68",0:643:2|0:830:2|0:987:2
ckpt_300.pt,0,195,0.3436780869960785,0.0540674589574337,0.3607714772224426,"123,82,143,220,200","130,238,19,185,138",0:572:2|0:786:2|0:893:2
ckpt_300.pt,0,196,0.32613301277160645,0.07688509672880173,0.32384124398231506,"14,74,152,89,156","188,86,114,177,26",0:406:2|0:523:2|0:528:2
ckpt_300.pt,0,197,0.35055768489837646,0.06410323083400726,0.3293871581554413,"180,85,117,249,17","129,185,85,238,60",0:374:2|0:8:1|0:14:1
ckpt_300.pt,0,198,0.317020446062088,0.05722687393426895,0.34230098128318787,"225,111,35,132,177","10,32,56,89,135",0:53:2|0:470:2|0:564:2
ckpt_300.pt,0,199,0.34327182173728943,0.06275121122598648,0.3198428452014923,"186,4,253,73,151","212,1,128,172,6",0:79:2|0:671:2|0:927:2
ckpt_300.pt,0,200,0.34652215242385864,0.05794655904173851,0.35222041606903076,"229,178,217,111,213","170,127,109,105,102",0:91:2|0:754:2|0:962:2
ckpt_300.pt,0,201,0.336083322763443,0.06204701587557793,0.32731208205223083,"124,4,0,130,237","226,237,108,129,198",0:532:3|0:631:2|0:942:2
ckpt_300.pt,0,202,0.33213871717453003,0.07086766511201859,0.3292389512062073,"97,116,74,75,201","37,223,228,82,75",0:289:2|0:343:2|0:573:2
ckpt_300.pt,0,203,0.32823601365089417,0.06107494980096817,0.34398767352104187,"144,49,190,33,78","37,68,131,112,10",0:318:2|0:400:2|0:18:1
ckpt_300.pt,0,204,0.32025110721588135,0.05003083869814873,0.32685884833335876,"169,249,177,69,77","1,156,144,44,125",0:223:2|0:562:2|0:806:2
ckpt_300.pt,0,205,0.30888688564300537,0.0529654361307621,0.3190789818763733,"104,226,42,113,117","29,199,245,196,189",0:616:2|0:2:1|0:13:1
ckpt_300.pt,0,206,0.35295578837394714,0.06098724529147148,0.3398638069629669,"185,98,102,202,250","122,188,182,250,144",0:394:2|0:681:2|0:12:1
ckpt_300.pt,0,207,0.3506963551044464,0.06630434840917587,0.33448246121406555,"82,90,141,44,183","24,60,250,105,158",0:792:2|0:2:1|0:10:1
ckpt_300.pt,0,208,0.3312206566333771,0.06121443584561348,0.34034931659698486,"200,208,27,139,116","202,254,191,186,145",0:35:2|0:107:2|0:641:2
ckpt_300.pt,0,209,0.3197050988674164,0.06139688566327095,0.3349425792694092,"217,145,160,87,192","96,233,11,215,241",0:748:2|0:3:1|0:15:1
ckpt_300.pt,0,210,0.32217466831207275,0.06151355430483818,0.3016101121902466,"126,44,174,234,64","145,107,29,101,131",0:998:2|0:2:1|0:10:1
ckpt_300.pt,0,211,0.3397683799266815,0.05508880317211151,0.3301548361778259,"113,241,39,255,136","229,143,111,238,241",0:139:2|0:503:2|0:518:2
ckpt_300.pt,0,212,0.33725082874298096,0.06412195414304733,0.35941484570503235,"41,151,200,234,70","250,7,254,144,229",0:803:3|0:625:2|0:736:2
ckpt_300.pt,0,213,0.34268689155578613,0.05920252948999405,0.33239758014678955,"189,51,251,114,97","49,241,9,15,172",0:330:2|0:490:2|0:558:2
ckpt_300.pt,0,214,0.36856159567832947,0.08930381387472153,0.3529833257198334,"173,232,216,69,115","72,177,133,193,141",0:501:2|0:637:2|0:889:2
ckpt_300.pt,0,215,0.34041690826416016,0.0665598139166832,0.3138978183269501,"85,205,49,87,25","160,30,142,121,159",0:255:2|0:804:2|0:813:2
ckpt_300.pt,0,216,0.31678271293640137,0.051063284277915955,0.341342955827713,"182,148,185,229,19","148,82,10,174,39",0:347:2|0:439:2|0:714:2
ckpt_300.pt,0,217,0.3039557635784149,0.06934177875518799,0.3355828821659088,"168,37,196,136,27","40,146,178,155,24",0:102:2|0:2:1|0:9:1
ckpt_300.pt,0,218,0.3263038694858551,0.06676048040390015,0.3101337254047394,"67,228,151,108,50","184,44,188,149,35",0:358:2|0:385:2|0:28:1
ckpt_300.pt,0,219,0.35039493441581726,0.06250374764204025,0.3383757770061493,"56,241,134,12,81","251,216,12,252,243",0:177:2|0:224:2|0:657:2
ckpt_300.pt,0,220,0.3452511429786682,0.07731402665376663,0.35246920585632324,"35,10,29,199,226","87,12,71,43,174",0:16:2|0:153:2|0:604:2
ckpt_300.pt,0,221,0.345397412776947,0.0741371214389801,0.3439235985279083,"169,2,131,88,185","8,56,10,164,72",0:67:2|0:394:2|0:539:2
ckpt_300.pt,0,222,0.32189688086509705,0.04766226187348366,0.3445228934288025,"125,79,29,130,227","231,69,90,81,37",0:44:2|0:154:2|0:532:2
ckpt_300.pt,0,223,0.34563013911247253,0.06122329458594322,0.31722933053970337,"169,46,77,129,254","56,175,4,232,57",0:204:2|0:247:2|0:565:2
ckpt_300.pt,0,224,0.3131791055202484,0.06439664959907532,0.31254032254219055,"10,41,140,134,241","132,100,179,201,44",0:26:2|0:177:2|0:219:2
ckpt_300.pt,0,225,0.30204904079437256,0.06564758718013763,0.3543156087398529,"179,190,169,194,180","129,11,193,195,147",0:22:2|0:483:2|0:8:1
ckpt_300.pt,0,226,0.3363158106803894,0.05578247085213661,0.3039214611053467,"43,145,172,24,105","135,177,74,25,87",0:135:2|0:145:2|0:416:2
ckpt_300.pt,0,227,0.33192116022109985,0.06509875506162643,0.3398280739784241,"84,202,168,133,252","65,133,216,0,201",0:131:2|0:418:2|0:434:2
ckpt_300.pt,0,228,0.33372846245765686,0.06379305571317673,0.3385246992111206,"131,69,187,208,237","8,225,123,204,120",0:54:2|0:156:2|0:430:2
ckpt_300.pt,0,229,0.3242977261543274,0.06911312788724899,0.3345869779586792,"197,189,192,164,47","231,217,67,35,224",0:888:2|0:11:1|0:13:1
ckpt_300.pt,0,230,0.31091588735580444,0.06158297508955002,0.33790847659111023,"236,205,152,94,224","226,216,11,15,191",0:397:2|0:477:2|0:489:2
ckpt_300.pt,0,231,0.33937564492225647,0.06222701072692871,0.30090147256851196,"239,160,61,113,51","248,231,1,94,120",0:2:1|0:13:1|0:16:1
ckpt_300.pt,0,232,0.32076722383499146,0.06544513255357742,0.3242161273956299,"60,168,248,72,142","43,136,137,61,98",0:107:2|0:311:2|0:757:2
ckpt_300.pt,0,233,0.31523749232292175,0.05856392905116081,0.3166806697845459,"246,225,134,19,114","95,13,4,254,63",0:53:2|0:429:2|0:764:2
ckpt_300.pt,0,234,0.34800776839256287,0.06887230277061462,0.3332351744174957,"229,198,44,175,28","46,81,49,105,222",0:354:2|0:805:2|0:2:1
ckpt_300.pt,0,235,0.32520294189453125,0.0664631649851799,0.32317548990249634,"0,13,35,78,69","170,6,117,51,42",0:9:1|0:10:1|0:20:1
ckpt_300.pt,0,236,0.3494279384613037,0.07917913794517517,0.3300856947898865,"42,75,106,133,233","203,112,0,94,191",0:6:2|0:106:2|0:417:2
ckpt_300.pt,0,237,0.32892972230911255,0.05705384537577629,0.3334263563156128,"181,135,151,91,69","86,138,183,128,90",0:378:2|0:9:1|0:12:1
ckpt_300.pt,0,238,0.3187248408794403,0.0691668912768364,0.3046063780784607,"151,146,241,155,37","36,174,246,84,114",0:938:2|0:10:1|0:24:1
ckpt_300.pt,0,239,0.3331650197505951,0.06933381408452988,0.3249534070491791,"223,101,252,157,6","154,80,17,61,217",0:134:2|0:186:2|0:540:2
ckpt_300.pt,0,240,0.35278767347335815,0.06502748280763626,0.302456259727478,"163,68,93,50,214","253,146,69,37,125",0:350:2|0:407:2|0:482:2
ckpt_300.pt,0,241,0.3149150609970093,0.06418843567371368,0.3531965911388397,"104,240,105,44,228","23,168,250,22,84",0:903:2|0:2:1|0:10:1
ckpt_300.pt,0,242,0.32548946142196655,0.06863494962453842,0.33540624380111694,"90,75,229,187,202","157,213,19,163,145",0:81:2|0:676:2|0:921:2
ckpt_300.pt,0,243,0.34309151768684387,0.0553194023668766,0.34066808223724365,"97,94,95,108,159","106,125,192,94,88",0:19:2|0:601:2|0:6:1
ckpt_300.pt,0,244,0.33451858162879944,0.06835006177425385,0.32564085721969604,"44,147,39,160,203","181,115,108,77,231",0:563:2|0:570:2|0:0:1
ckpt_300.pt,0,245,0.33237308263778687,0.0698465034365654,0.32649242877960205,"181,231,133,3,38","42,66,254,131,183",0:150:2|0:378:2|0:417:2
ckpt_300.pt,0,246,0.3434288501739502,0.058900896459817886,0.3406386375427246,"109,210,154,41,111","220,11,9,49,152",0:803:2|0:962:2|0:0:1
ckpt_300.pt,0,247,0.35260990262031555,0.07771189510822296,0.3189106583595276,"254,215,77,25,252","149,101,77,225,239",0:223:2|0:544:2|0:565:2
ckpt_300.pt,0,248,0.3322598338127136,0.0660732313990593,0.3374514877796173,"144,4,110,11,9","137,142,69,83,96",0:93:2|0:128:2|0:352:2
ckpt_300.pt,0,249,0.3219011127948761,0.05770133435726166,0.3331628441810608,"62,214,179,247,232","73,60,13,66,161",0:388:2|0:972:2|0:2:1
ckpt_300.pt,0,250,0.3300219476222992,0.061849482357501984,0.34744489192962646,"13,36,171,163,8","125,128,241,52,131",0:166:2|0:866:2|0:8:1
ckpt_300.pt,0,251,0.32399463653564453,0.05437745526432991,0.31508588790893555,"181,68,94,225,120","58,38,206,77,65",0:427:2|0:455:2|0:457:2
ckpt_300.pt,0,252,0.33951717615127563,0.07113867253065109,0.3235955834388733,"46,153,158,3,91","113,213,164,187,190",0:462:2|0:636:2|0:750:2
ckpt_300.pt,0,253,0.3651040494441986,0.0764245092868805,0.34938907623291016,"115,94,155,55,51","189,244,251,13,39",0:341:2|0:598:2|0:6:1
ckpt_300.pt,0,254,0.3194466233253479,0.06655114889144897,0.34248587489128113,"121,175,113,32,98","85,167,107,12,155",0:2:1|0:5:1|0:9:1
ckpt_300.pt,0,255,0.35644593834877014,0.06405041366815567,0.3178531527519226,"205,123,49,245,120","56,19,115,90,23",0:158:2|0:215:2|0:318:2
ckpt_300.pt,0,256,0.34480220079421997,0.05746714398264885,0.31826239824295044,"55,165,1,182,11","74,187,129,206,116",0:4:2|0:286:2|0:347:2
ckpt_300.pt,0,257,0.36123043298721313,0.06474679708480835,0.35101205110549927,"164,128,12,180,158","101,55,133,91,177",0:338:2|0:716:2|0:1:1
ckpt_300.pt,0,258,0.325670063495636,0.06530851125717163,0.34318530559539795,"102,160,93,162,216","63,115,235,142,121",0:105:2|0:192:2|0:278:2
ckpt_300.pt,0,259,0.3193610906600952,0.05836114659905434,0.31172317266464233,"23,119,176,201,196","52,68,87,176,227",0:79:2|0:531:2|0:569:2
ckpt_300.pt,0,260,0.30630624294281006,0.05685601383447647,0.3039582371711731,"116,175,120,207,112","5,173,62,248,83",0:126:2|0:0:1|0:3:1
ckpt_300.pt,0,261,0.3374296724796295,0.05590840056538582,0.31472063064575195,"108,85,158,65,207","134,230,38,203,105",0:14:2|0:117:2|0:385:2
ckpt_300.pt,0,262,0.3355565071105957,0.05403696745634079,0.32061609625816345,"178,198,215,208,80","80,154,244,15,173",0:488:3|0:104:2|0:267:2
ckpt_300.pt,0,263,0.35619911551475525,0.07440322637557983,0.34253033995628357,"87,241,111,128,86","220,79,57,18,225",0:42:2|0:280:2|0:503:2
ckpt_300.pt,0,264,0.31882014870643616,0.04683275893330574,0.33547964692115784,"171,182,160,167,179","92,111,170,58,100",0:345:2|0:912:2|0:957:2
ckpt_300.pt,0,265,0.34185513854026794,0.062179628759622574,0.349195659160614,"105,199,229,98,238","91,33,207,244,88",0:152:2|0:746:2|0:968:2
ckpt_300.pt,0,266,0.3475807011127472,0.05698566138744354,0.3481743633747101,"73,227,218,11,239","23,60,89,66,245",0:178:2|0:702:2|0:1004:2
ckpt_300.pt,0,267,0.348421573638916,0.055812735110521317,0.32545387744903564,"198,208,247,97,249","191,127,106,57,147",0:262:2|0:27:1|0:34:1
ckpt_300.pt,0,268,0.30736908316612244,0.04799609258770943,0.31809547543525696,"107,8,29,123,174","150,64,246,124,144",0:153:2|0:408:2|0:878:2
ckpt_300.pt,0,269,0.3249591588973999,0.050713181495666504,0.34763386845588684,"100,253,34,92,246","90,212,117,245,15",0:72:2|0:296:2|0:560:2
ckpt_300.pt,0,270,0.3210996985435486,0.05768553540110588,0.3198051452636719,"88,168,10,104,215","198,145,0,26,11",0:310:2|0:4:1|0:9:1
ckpt_300.pt,0,271,0.31046006083488464,0.056458983570337296,0.30821189284324646,"23,106,3,203,148","116,117,227,156,142",0:524:2|0:924:2|0:937:2
ckpt_300.pt,0,272,0.3312462568283081,0.06623169034719467,0.3315308094024658,"108,54,83,86,89","128,65,165,220,223",0:664:2|0:1:1|0:39:1
ckpt_300.pt,0,273,0.33890241384506226,0.06940387189388275,0.3359995484352112,"185,114,207,188,138","35,24,2,88,135",0:86:2|0:791:2|0:3:1
ckpt_300.pt,0,274,0.33041730523109436,0.061281945556402206,0.3240540623664856,"76,101,104,1,187","79,44,152,29,50",0:134:2|0:156:2|0:339:2
ckpt_300.pt,0,275,0.34670597314834595,0.060390304774045944,0.3393237888813019,"26,106,66,137,115","162,63,34,61,157",0:61:2|0:188:2|0:315:2
ckpt_300.pt,0,276,0.3550705015659332,0.06921786069869995,0.3263816833496094,"104,222,120,38,237","79,159,4,176,11",0:457:2|0:616:2|0:12:1
ckpt_300.pt,0,277,0.31926336884498596,0.06206267699599266,0.348869651556015,"33,17,122,64,145","147,146,7,97,84",0:18:2|0:591:2|0:864:2
ckpt_300.pt,0,278,0.34130334854125977,0.0818525031208992,0.3401782214641571,"41,102,32,198,216","113,240,185,153,125",0:110:2|0:258:2|0:736:2
ckpt_300.pt,0,279,0.3299106955528259,0.06913937628269196,0.32701820135116577,"79,175,118,195,2","80,250,213,222,36",0:89:2|0:5:1|0:12:1
ckpt_300.pt,0,280,0.3411233723163605,0.06903921812772751,0.345569908618927,"139,100,128,241,217","49,167,236,80,51",0:263:2|0:495:2|0:3:1
ckpt_300.pt,0,281,0.33516159653663635,0.059870392084121704,0.31969043612480164,"231,158,47,4,182","181,247,98,36,33",0:2:1|0:5:1|0:9:1
ckpt_300.pt,0,282,0.32014200091362,0.05280596762895584,0.31041422486305237,"213,237,194,132,88","125,140,179,163,111",0:19:2|0:100:2|0:4:1
ckpt_300.pt,0,283,0.33311787247657776,0.06628082692623138,0.31989941000938416,"146,35,1,72,17","151,38,127,226,0",0:10:2|0:615:2|0:666:2
ckpt_300.pt,0,284,0.3451138734817505,0.05493391305208206,0.3626389503479004,"5,94,247,199,151","37,13,95,127,47",0:489:2|0:689:2|0:6:1
ckpt_300.pt,0,285,0.30985820293426514,0.052170559763908386,0.3104041516780853,"16,172,230,38,170","93,152,71,64,65",0:150:2|0:168:2|0:409:2
ckpt_300.pt,0,286,0.3246394693851471,0.0680508017539978,0.3164006471633911,"1,34,165,20,85","239,111,215,64,255",0:4:2|0:256:2|0:708:2
ckpt_300.pt,0,287,0.35376065969467163,0.066398024559021,0.34207412600517273,"53,9,146,105,197","37,180,119,242,220",0:710:2|0:713:2|0:952:2
ckpt_300.pt,0,288,0.33379611372947693,0.0644923597574234,0.3222900629043579,"34,153,117,81,106","251,138,200,36,116",0:973:2|0:6:1|0:7:1
ckpt_300.pt,0,289,0.3210963010787964,0.05750572308897972,0.33321091532707214,"74,185,201,208,206","106,233,148,135,35",0:202:2|0:343:2|0:535:2
ckpt_300.pt,0,290,0.3027343153953552,0.06023336574435234,0.29131019115448,"205,197,235,182,180","143,123,3,197,182",0:158:2|0:347:2|0:461:2
ckpt_300.pt,0,291,0.309015154838562,0.05308203771710396,0.3544187545776367,"157,26,27,154,13","252,45,179,200,35",0:994:3|0:471:2|0:910:2
ckpt_300.pt,0,292,0.33030709624290466,0.06874517351388931,0.35183951258659363,"167,161,225,113,186","254,240,166,223,24",0:455:2|0:696:2|0:1:1
ckpt_300.pt,0,293,0.31629282236099243,0.06049118563532829,0.337973415851593,"105,236,11,28,20","169,231,206,39,204",0:184:2|0:705:2|0:0:1
ckpt_300.pt,0,294,0.34008345007896423,0.06259678304195404,0.32136884331703186,"205,61,10,150,183","10,28,62,91,16",0:16:2|0:308:2|0:549:2
ckpt_300.pt,0,295,0.3371090888977051,0.07004541158676147,0.3016447424888611,"13,219,100,101,244","136,56,226,174,101",0:796:2|0:65:1|0:75:1
ckpt_300.pt,0,296,0.3253779411315918,0.07063084095716476,0.3415817320346832,"92,100,158,205,218","78,88,225,139,251",0:187:2|0:269:2|0:767:2
ckpt_300.pt,0,297,0.3378180265426636,0.06997918337583542,0.34125131368637085,"77,41,45,117,164","210,78,206,83,179",0:328:2|0:724:2|0:727:2
ckpt_300.pt,0,298,0.32308849692344666,0.06944513320922852,0.31804949045181274,"9,55,202,163,145","87,235,140,43,94",0:170:2|0:588:2|0:913:2
ckpt_300.pt,0,299,0.35001862049102783,0.06806086003780365,0.3451976776123047,"197,118,127,203,145","74,158,80,153,15",0:416:2|0:704:2|0:0:1
ckpt_300.pt,0,300,0.3339388370513916,0.05423325300216675,0.3306806981563568,"198,46,131,206,107","62,248,217,64,254",0:542:2|0:30:1|0:44:1
ckpt_300.pt,0,301,0.3555248975753784,0.07820611447095871,0.30538469552993774,"101,28,86,0,80","58,210,171,5,56",0:825:2|0:1:1|0:3:1
ckpt_300.pt,0,302,0.3430047631263733,0.06080778315663338,0.3263784348964691,"227,62,193,32,104","116,140,211,75,203",0:4:1|0:9:1|0:13:1
ckpt_300.pt,0,303,0.35616233944892883,0.05719275400042534,0.34426096081733704,"142,238,77,251,191","193,95,9,137,34",0:68:2|0:160:2|0:704:2
ckpt_300.pt,0,304,0.3175676763057709,0.0738496333360672,0.3116035461425781,"198,240,239,135,251","177,224,74,253,100",0:98:2|0:851:2|0:31:1
ckpt_300.pt,0,305,0.36094141006469727,0.05723024904727936,0.36608076095581055,"58,2,64,214,161","4,248,172,71,235",0:588:2|0:1004:2|0:24:1
ckpt_300.pt,0,306,0.33142682909965515,0.05282921716570854,0.3380962610244751,"158,245,212,106,167","97,125,150,135,37",0:924:2|0:1:1|0:5:1
ckpt_300.pt,0,307,0.34393149614334106,0.0650690495967865,0.30906108021736145,"77,220,170,42,4","130,13,212,251,16",0:437:2|0:555:2|0:638:2
ckpt_300.pt,0,308,0.34401699900627136,0.08945240080356598,0.3474389910697937,"136,10,126,205,242","64,73,107,115,65",0:294:2|0:325:2|0:16:1
ckpt_300.pt,0,309,0.3074673116207123,0.05901665985584259,0.32708045840263367,"164,67,184,218,111","222,224,32,99,251",0:190:2|0:494:2|0:21:1
ckpt_300.pt,0,310,0.340013712644577,0.05843640863895416,0.3285143971443176,"213,138,68,104,215","61,204,95,202,113",0:270:2|0:6:1|0:25:1
ckpt_300.pt,0,311,0.3430995047092438,0.05966222286224365,0.338911771774292,"0,168,233,158,248","20,12,6,45,119",0:9:2|0:232:2|0:887:2
ckpt_300.pt,0,312,0.34645023941993713,0.06236196309328079,0.3412306308746338,"153,232,26,233,246","105,252,236,212,188",0:526:2|0:824:2|0:2:1
ckpt_300.pt,0,313,0.3410976827144623,0.06162462756037712,0.3182382881641388,"102,122,26,42,84","4,78,103,91,27",0:87:2|0:151:2|0:605:2
ckpt_300.pt,0,314,0.31425854563713074,0.048786524683237076,0.34968167543411255,"127,57,200,101,99","66,134,224,84,107",0:92:2|0:137:2|0:575:2
ckpt_300.pt,0,315,0.34081482887268066,0.05384032055735588,0.3234987258911133,"66,23,107,137,193","148,52,155,223,60",0:424:3|0:68:2|0:275:2
ckpt_300.pt,0,316,0.34711235761642456,0.06722614914178848,0.3345707356929779,"156,165,112,5,43","154,204,147,240,196",0:328:2|0:393:2|0:493:2
ckpt_300.pt,0,317,0.33045992255210876,0.06134101375937462,0.3492374122142792,"173,65,186,128,212","33,75,242,31,99",0:583:2|0:857:2|0:14:1
ckpt_300.pt,0,318,0.3170413374900818,0.06561949104070663,0.32581382989883423,"123,169,33,49,148","3,22,134,65,182",0:203:2|0:255:2|0:571:2
ckpt_300.pt,0,319,0.29609593749046326,0.05515357479453087,0.34028324484825134,"101,81,254,16,168","73,167,237,76,225",0:21:2|0:827:2|0:887:2
ckpt_300.pt,0,320,0.3499642014503479,0.07892105728387833,0.33092042803764343,"30,148,164,246,190","222,54,6,195,175",0:795:2|0:22:1|0:27:1
ckpt_300.pt,0,321,0.31157386302948,0.04871193319559097,0.3188173770904541,"221,63,219,169,201","3,58,21,199,162",0:109:2|0:337:2|0:423:2
ckpt_300.pt,0,322,0.32698437571525574,0.07832236588001251,0.3467411398887634,"117,29,220,114,149","174,126,104,106,242",0:326:2|0:727:2|0:864:2
ckpt_300.pt,0,323,0.33498063683509827,0.06171444058418274,0.31404706835746765,"65,146,14,95,55","58,121,218,153,136",0:4:1|0:10:1|0:14:1
ckpt_300.pt,0,324,0.3252834677696228,0.06597310304641724,0.3164430856704712,"166,173,214,228,201","78,234,68,113,216",0:364:2|0:8:1|0:55:1
ckpt_300.pt,0,325,0.3123611509799957,0.062231484800577164,0.3354664742946625,"136,175,205,206,69","167,155,43,172,44",0:308:2|0:9:1|0:17:1
ckpt_300.pt,0,326,0.3026670813560486,0.0519658662378788,0.3196605443954468,"115,99,29,228,149","59,99,177,185,141",0:322:2|0:481:2|0:491:2
ckpt_300.pt,0,327,0.35311463475227356,0.057361334562301636,0.3359072506427765,"37,138,237,9,58","217,145,52,71,139",0:24:2|0:12:1|0:19:1
ckpt_300.pt,0,328,0.3315017521381378,0.055482443422079086,0.354932963848114,"163,165,43,45,117","142,173,107,38,94",0:297:2|0:316:2|0:728:2
ckpt_300.pt,0,329,0.32540178298950195,0.06370921432971954,0.3192451298236847,"111,166,143,211,116","248,152,62,236,5",0:70:2|0:1021:2|0:0:1
ckpt_300.pt,0,330,0.3308802545070648,0.07002800703048706,0.34420713782310486,"93,97,114,142,126","198,254,23,59,212",0:213:2|0:655:2|0:923:2
ckpt_300.pt,0,331,0.3080193102359772,0.05672842636704445,0.3162408769130707,"43,12,250,113,177","214,227,120,95,229",0:1:1|0:2:1|0:13:1
ckpt_300.pt,0,332,0.36730995774269104,0.08655155450105667,0.33571428060531616,"143,122,195,169,34","252,144,81,243,198",0:668:2|0:5:1|0:7:1
ckpt_300.pt,0,333,0.33299514651298523,0.0634595975279808,0.32407882809638977,"255,214,92,116,144","14,56,191,92,153",0:350:2|0:0:1|0:16:1
ckpt_300.pt,0,334,0.3353444039821625,0.06174266338348389,0.32134827971458435,"152,212,235,109,184","171,247,78,110,220",0:67:3|0:511:2|0:23:1
ckpt_300.pt,0,335,0.3764941692352295,0.07529664039611816,0.33092188835144043,"123,13,141,172,3","159,225,135,84,199",0:417:2|0:0:1|0:21:1
ckpt_300.pt,0,336,0.3531416356563568,0.07988132536411285,0.3323492705821991,"198,116,127,11,186","211,128,252,203,179",0:111:2|0:831:2|0:982:2
ckpt_300.pt,0,337,0.32204848527908325,0.0572253055870533,0.32264041900634766,"71,140,201,36,221","92,231,89,44,176",0:123:2|0:321:2|0:738:2
ckpt_300.pt,0,338,0.3801001012325287,0.08173145353794098,0.31090906262397766,"215,209,164,12,125","245,217,108,87,17",0:257:2|0:1:1|0:7:1
ckpt_300.pt,0,339,0.32882729172706604,0.06321046501398087,0.33301839232444763,"50,217,207,187,104","127,108,169,172,160",0:3:2|0:41:2|0:274:2
ckpt_300.pt,0,340,0.33890020847320557,0.06929516047239304,0.3381357192993164,"139,89,109,4,85","173,114,124,26,250",0:121:2|0:420:2|0:671:2
ckpt_300.pt,0,341,0.32186952233314514,0.06177825108170509,0.3297751247882843,"218,115,166,105,55","60,183,117,11,136",0:101:2|0:253:2|0:874:2
ckpt_300.pt,0,342,0.3366282284259796,0.05547329783439636,0.3385258913040161,"197,119,5,136,128","112,181,4,47,163",0:379:2|0:493:2|0:7:1
ckpt_300.pt,0,343,0.30142849683761597,0.06028977781534195,0.3176552653312683,"156,208,201,160,75","13,198,205,37,159",0:122:2|0:202:2|0:289:2
ckpt_300.pt,0,344,0.3170812129974365,0.0565907247364521,0.3149782419204712,"148,4,20,180,50","32,159,146,31,140",0:185:2|0:359:2|0:581:2
ckpt_300.pt,0,345,0.348056823015213,0.07360085844993591,0.32601308822631836,"172,94,167,160,41","39,93,95,249,140",0:264:2|0:445:2|0:450:2
ckpt_300.pt,0,346,0.3639352023601532,0.06071554496884346,0.31698286533355713,"74,240,15,19,36","104,216,58,71,110",0:8:1|0:10:1|0:25:1
ckpt_300.pt,0,347,0.3261791169643402,0.06868048012256622,0.3133888244628906,"165,185,235,182,68","208,118,62,56,115",0:67:2|0:216:2|0:256:2
ckpt_300.pt,0,348,0.3359813988208771,0.0589146688580513,0.3104303777217865,"213,31,189,60,136","75,28,209,39,14",0:100:2|0:365:2|0:451:2
ckpt_300.pt,0,349,0.32975950837135315,0.06526171416044235,0.33110740780830383,"26,206,249,240,216","229,18,226,74,174",0:87:2|0:88:2|0:175:2
ckpt_300.pt,0,350,0.33472347259521484,0.05024624243378639,0.3386126160621643,"17,144,68,178,214","211,213,216,87,182",0:240:2|0:333:2|0:623:2
ckpt_300.pt,0,351,0.3417617678642273,0.06282161176204681,0.3233162760734558,"214,102,147,28,222","135,194,146,205,198",0:13:1|0:21:1|0:23:1
ckpt_300.pt,0,352,0.33971747756004333,0.06350491940975189,0.34358829259872437,"96,91,11,4,185","181,46,116,25,90",0:12:2|0:121:2|0:248:2
ckpt_300.pt,0,353,0.3200550079345703,0.06121979281306267,0.3469467759132385,"255,114,60,177,147","18,6,30,245,38",0:453:2|0:891:2|0:977:2
ckpt_300.pt,0,354,0.3416030704975128,0.08110063523054123,0.33129656314849854,"229,50,44,143,251","238,114,115,228,181",0:234:2|0:512:2|0:563:2
ckpt_300.pt,0,355,0.31797248125076294,0.063796766102314,0.31967243552207947,"171,40,41,255,34","73,25,40,247,245",0:124:2|0:125:2|0:7:1
ckpt_300.pt,0,356,0.32994338870048523,0.05727555602788925,0.3165898621082306,"129,217,215,14,94","119,237,173,255,7",0:3:1|0:4:1|0:6:1
ckpt_300.pt,0,357,0.35516980290412903,0.06557703763246536,0.33214443922042847,"126,201,92,175,87","159,164,190,157,236",0:108:2|0:423:2|0:15:1
ckpt_300.pt,0,358,0.3282884359359741,0.059055037796497345,0.35784366726875305,"228,67,232,41,230","29,206,203,42,197",0:218:2|0:687:2|0:2:1
ckpt_300.pt,0,359,0.35571399331092834,0.06820348650217056,0.3444838523864746,"148,136,180,129,232","227,49,224,247,225",0:344:2|0:459:2|0:717:2
ckpt_300.pt,0,360,0.32429254055023193,0.06077946349978447,0.32914209365844727,"38,155,81,70,53","64,209,75,244,176",0:696:2|0:920:2|0:8:1
ckpt_300.pt,0,361,0.31704750657081604,0.06614002585411072,0.3180370628833771,"142,99,244,51,12","54,23,16,250,64",0:1:1|0:39:1|0:72:1
ckpt_300.pt,0,362,0.3378314971923828,0.0596623457968235,0.31416425108909607,"123,153,73,191,201","40,167,156,155,227",0:109:3|0:79:2|0:989:2
ckpt_300.pt,0,363,0.3255315124988556,0.05817273631691933,0.33168917894363403,"169,8,255,189,104","93,212,6,69,74",0:679:3|0:84:2|0:438:2
ckpt_300.pt,0,364,0.30892977118492126,0.059513043612241745,0.3393741548061371,"201,154,189,214,236","31,188,221,73,64",0:324:2|0:397:2|0:620:2
ckpt_300.pt,0,365,0.2944142818450928,0.06178373470902443,0.31112930178642273,"136,246,31,200,21","154,99,74,8,252",0:114:2|0:348:2|0:451:2
ckpt_300.pt,0,366,0.34859588742256165,0.06801683455705643,0.35751962661743164,"234,26,197,172,76","54,208,224,194,57",0:828:2|0:904:2|0:21:1
ckpt_300.pt,0,367,0.35334286093711853,0.053531464189291,0.3108217716217041,"37,230,209,214,160","237,86,55,210,32",0:480:2|0:957:2|0:24:1
ckpt_300.pt,0,368,0.3218155801296234,0.052242524921894073,0.3215477466583252,"75,137,28,55,231","241,71,79,221,128",0:13:1|0:17:1|0:25:1
ckpt_300.pt,0,369,0.3382857143878937,0.06538368761539459,0.34766021370887756,"118,63,44,52,187","166,56,24,207,35",0:54:2|0:392:2|0:428:2
ckpt_300.pt,0,370,0.3538391888141632,0.0710131824016571,0.32087570428848267,"56,50,43,52,240","47,98,82,216,152",0:22:2|0:374:2|0:592:2
ckpt_300.pt,0,371,0.31742823123931885,0.05959327518939972,0.3359835147857666,"243,33,233,31,54","136,237,148,243,16",0:377:2|0:400:2|0:576:2
ckpt_300.pt,0,372,0.3486781120300293,0.05824887752532959,0.32381922006607056,"24,123,80,68,254","147,41,221,197,82",0:790:2|0:0:1|0:3:1
ckpt_300.pt,0,373,0.32966023683547974,0.05619341880083084,0.3271764814853668,"70,152,17,139,21","77,58,184,224,83",0:932:2|0:959:2|0:967:2
ckpt_300.pt,0,374,0.34601274132728577,0.07682616263628006,0.3233497738838196,"43,17,56,14,180","171,68,54,6,197",0:22:2|0:77:2|0:197:2
ckpt_300.pt,0,375,0.33882060647010803,0.056660301983356476,0.34173908829689026,"56,106,86,159,102","215,16,57,125,243",0:510:2|0:710:2|0:1000:2
ckpt_300.pt,0,376,0.33111488819122314,0.05440211668610573,0.32919904589653015,"76,159,154,229,24","89,32,98,6,64",0:134:2|0:138:2|0:0:1
ckpt_300.pt,0,377,0.3274269998073578,0.06945524364709854,0.32712531089782715,"120,10,33,233,12","104,30,78,207,130",0:371:2|0:1:1|0:6:1
ckpt_300.pt,0,378,0.33889997005462646,0.07068134099245071,0.3130192756652832,"38,201,69,151,133","237,185,106,253,205",0:20:2|0:237:2|0:245:2
ckpt_300.pt,0,379,0.34267285466194153,0.07534501701593399,0.32412612438201904,"41,30,5,153,119","211,58,207,124,127",0:342:2|0:450:2|0:744:2
ckpt_300.pt,0,380,0.32118386030197144,0.05455349013209343,0.33949407935142517,"147,205,209,80,124","131,70,179,123,110",0:3:1|0:21:1|0:25:1
ckpt_300.pt,0,381,0.36441853642463684,0.07758653163909912,0.33208000659942627,"237,118,12,35,90","232,162,64,13,118",0:118:2|0:800:2|0:807:2
ckpt_300.pt,0,382,0.32072970271110535,0.06290211528539658,0.30125653743743896,"114,111,179,68,92","152,254,1,203,147",0:24:2|0:38:2|0:707:2
ckpt_300.pt,0,383,0.3443972170352936,0.07962235808372498,0.3087729811668396,"185,54,70,51,22","234,249,139,235,180",0:677:2|0:692:2|0:717:2
ckpt_300.pt,0,384,0.3604154586791992,0.05902145057916641,0.33323976397514343,"88,146,202,141,214","234,204,101,161,30",0:118:2|0:418:2|0:539:2
ckpt_300.pt,0,385,0.3335478603839874,0.06404325366020203,0.34115511178970337,"151,108,23,85,140","192,78,191,43,226",0:218:2|0:261:2|0:460:2
ckpt_300.pt,0,386,0.33464908599853516,0.057753875851631165,0.3432047665119171,"255,97,210,84,157","32,129,41,110,23",0:723:2|0:741:2|0:1:1
ckpt_300.pt,0,387,0.3342800736427307,0.05482424423098564,0.34632864594459534,"61,47,101,226,92","231,230,251,144,94",0:16:2|0:870:2|0:895:2
ckpt_300.pt,0,388,0.2909506559371948,0.05477731674909592,0.34688320755958557,"220,96,147,62,179","204,56,109,200,0",0:37:2|0:38:2|0:249:2
ckpt_300.pt,0,389,0.34056663513183594,0.06999552994966507,0.32851722836494446,"74,80,163,137,220","131,140,156,238,122",0:43:2|0:425:2|0:426:2
ckpt_300.pt,0,390,0.3474665880203247,0.06641872972249985,0.32471027970314026,"60,211,246,99,119","218,154,245,56,183",0:7:2|0:112:2|0:444:2
ckpt_300.pt,0,391,0.3184666037559509,0.05290484055876732,0.34628522396087646,"204,247,61,203,69","194,142,166,7,235",0:20:2|0:34:2|0:472:2
ckpt_300.pt,0,392,0.33931660652160645,0.061947084963321686,0.3074939250946045,"87,52,108,44,194","127,38,54,113,240",0:189:2|0:369:2|0:732:2
ckpt_300.pt,0,393,0.3128858804702759,0.05407745763659477,0.3008941113948822,"155,43,156,46,207","167,88,195,184,162",0:316:2|0:3:1|0:22:1
ckpt_300.pt,0,394,0.32790929079055786,0.05834135785698891,0.32961413264274597,"2,250,190,185,77","78,108,242,254,23",0:206:2|0:221:2|0:515:2
ckpt_300.pt,0,395,0.33122774958610535,0.06716310232877731,0.3244909942150116,"59,14,13,216,52","54,95,86,179,18",0:546:2|0:623:2|0:4:1
ckpt_300.pt,0,396,0.3188299536705017,0.057069238275289536,0.3195987939834595,"241,97,106,176,7","133,174,42,150,166",0:612:2|0:639:2|0:657:2
ckpt_300.pt,0,397,0.3265329897403717,0.057892829179763794,0.32772183418273926,"94,78,189,236,173","190,20,1,23,120",0:230:2|0:364:2|0:465:2
ckpt_300.pt,0,398,0.31568050384521484,0.05728159099817276,0.32460087537765503,"40,131,84,160,119","254,209,65,50,101",0:491:2|0:7:1|0:44:1
ckpt_300.pt,0,399,0.3239726424217224,0.06265492737293243,0.3074459433555603,"143,67,110,78,18","159,22,77,107,125",0:28:2|0:93:2|0:1015:2
ckpt_300.pt,0,400,0.33165886998176575,0.07861663401126862,0.3264540433883667,"119,33,210,144,31","201,39,143,7,161",0:203:2|0:371:2|0:492:2
ckpt_300.pt,0,401,0.36663466691970825,0.07750429958105087,0.33132538199424744,"168,144,147,227,191","136,60,215,73,32",0:21:2|0:405:2|0:446:2
ckpt_300.pt,0,402,0.3186216652393341,0.05662430077791214,0.32316967844963074,"122,65,236,23,4","2,212,215,207,197",0:731:2|0:2:1|0:9:1
ckpt_300.pt,0,403,0.3375762104988098,0.07684577256441116,0.34785234928131104,"221,43,195,18,123","156,239,151,194,143",0:89:2|0:123:2|0:0:1
ckpt_300.pt,0,404,0.3574853539466858,0.06470225006341934,0.3305213153362274,"222,36,106,22,55","54,136,244,43,119",0:6:1|0:8:1|0:17:1
ckpt_300.pt,0,405,0.3260509967803955,0.05605081096291542,0.32044515013694763,"191,227,232,15,20","159,16,103,113,47",0:70:2|0:157:2|0:401:2
ckpt_300.pt,0,406,0.31931886076927185,0.0628766342997551,0.31216567754745483,"152,252,137,14,221","140,190,86,72,164",0:172:2|0:196:2|0:1019:2
ckpt_300.pt,0,407,0.3231455385684967,0.08585695177316666,0.3376697599887848,"187,50,68,18,84","68,119,162,86,104",0:240:2|0:339:2|0:482:2
ckpt_300.pt,0,408,0.3611445426940918,0.0635690987110138,0.3267713189125061,"125,20,8,107,136","53,52,143,250,236",0:268:2|0:816:2|0:0:1
ckpt_300.pt,0,409,0.35772740840911865,0.06551973521709442,0.3162412941455841,"170,236,38,129,191","153,254,60,135,33",0:285:2|0:626:2|0:1:1
ckpt_300.pt,0,410,0.34915605187416077,0.07928473502397537,0.32956966757774353,"99,204,56,42,213","255,99,248,229,28",0:20:2|0:161:2|0:657:2
ckpt_300.pt,0,411,0.3257754445075989,0.060989342629909515,0.3188633620738983,"212,22,96,193,127","81,203,127,246,231",0:3:1|0:13:1|0:17:1
ckpt_300.pt,0,412,0.33848074078559875,0.06983224302530289,0.3450385332107544,"60,45,81,162,174","165,66,110,125,59",0:58:2|0:534:2|0:955:2
ckpt_300.pt,0,413,0.3284323811531067,0.06798051297664642,0.3169051706790924,"164,247,104,206,182","87,209,39,182,117",0:469:2|0:965:2|0:34:1
ckpt_300.pt,0,414,0.3213881254196167,0.05067421868443489,0.35765618085861206,"167,68,7,25,44","88,151,33,177,92",0:10:2|0:482:2|0:672:2
ckpt_300.pt,0,415,0.35570329427719116,0.06805659085512161,0.3351444900035858,"135,158,53,235,171","242,187,209,78,100",0:851:2|0:860:2|0:5:1
ckpt_300.pt,0,416,0.3432633578777313,0.06446921825408936,0.30751651525497437,"24,140,128,145,127","116,100,0,77,29",0:226:2|0:299:2|0:704:2
ckpt_300.pt,0,417,0.34720391035079956,0.0634315237402916,0.34038564562797546,"75,3,133,172,4","149,217,183,47,160",0:93:2|0:236:2|0:245:2
ckpt_300.pt,0,418,0.34054914116859436,0.06608735024929047,0.33179253339767456,"84,141,223,202,10","218,110,240,32,31",0:80:2|0:227:2|0:384:2
ckpt_300.pt,0,419,0.31764811277389526,0.056508392095565796,0.31893250346183777,"204,91,184,178,159","204,229,24,119,29",0:972:2|0:984:2|0:12:1
ckpt_300.pt,0,420,0.32314756512641907,0.06553228944540024,0.32659676671028137,"183,62,99,89,139","84,138,30,18,37",0:340:2|0:4:1|0:29:1
ckpt_300.pt,0,421,0.32203927636146545,0.05973600596189499,0.31729552149772644,"135,20,112,3,26","34,90,74,141,200",0:431:2|0:561:2|0:880:2
ckpt_300.pt,0,422,0.3047478199005127,0.051596466451883316,0.332275927066803,"112,7,134,130,190","98,47,133,95,35",0:82:2|0:678:2|0:859:2
ckpt_300.pt,0,423,0.338324636220932,0.06665609031915665,0.32538679242134094,"101,106,201,169,126","194,240,15,78,216",0:321:2|0:357:2|0:483:2
ckpt_300.pt,0,424,0.36397984623908997,0.07423236966133118,0.35159483551979065,"247,107,87,66,137","188,230,119,11,142",0:315:3|0:275:2|0:498:2
ckpt_300.pt,0,425,0.3727388083934784,0.08705569058656693,0.32223787903785706,"80,23,29,74,249","124,104,48,61,111",0:170:2|0:389:2|0:3:1
ckpt_300.pt,0,426,0.33152517676353455,0.07199235260486603,0.30391964316368103,"253,137,58,198,163","120,171,149,107,189",0:28:2|0:389:2|0:588:2
ckpt_300.pt,0,427,0.3213813900947571,0.05147818103432655,0.3130624294281006,"181,120,155,122,14","12,107,185,195,226",0:251:2|0:457:2|0:812:2
ckpt_300.pt,0,428,0.3239322006702423,0.05607575923204422,0.31253671646118164,"84,63,52,8,106","131,217,145,105,208",0:369:2|0:458:2|0:772:2
ckpt_300.pt,0,429,0.3199927508831024,0.05826892331242561,0.32551392912864685,"162,19,131,225,130","45,178,188,141,27",0:44:2|0:233:2|0:30:1
ckpt_300.pt,0,430,0.31919562816619873,0.05412289500236511,0.3350924849510193,"211,187,196,164,69","174,50,158,153,76",0:228:2|0:676:2|0:703:2
ckpt_300.pt,0,431,0.31311851739883423,0.051437653601169586,0.31746700406074524,"16,135,112,159,221","232,229,36,195,29",0:421:2|0:473:2|0:978:2
ckpt_300.pt,0,432,0.3221702575683594,0.056832607835531235,0.33258360624313354,"196,96,214,21,80","19,219,7,152,116",0:115:2|0:502:2|0:566:2
ckpt_300.pt,0,433,0.34624943137168884,0.05713868513703346,0.3279666304588318,"31,156,12,96,147","73,232,40,21,108",0:388:2|0:1:1|0:21:1
ckpt_300.pt,0,434,0.35357242822647095,0.0580127015709877,0.30286043882369995,"75,95,252,175,168","219,123,212,33,191",0:81:2|0:108:2|0:227:2
ckpt_300.pt,0,435,0.33514490723609924,0.06277919560670853,0.34813427925109863,"134,232,64,125,30","223,156,231,194,218",0:157:2|0:450:2|0:859:2
ckpt_300.pt,0,436,0.3108980059623718,0.05802081525325775,0.31686505675315857,"237,141,135,148,54","32,174,49,171,120",0:118:3|0:31:2|0:690:2
ckpt_300.pt,0,437,0.3537454307079315,0.08343194425106049,0.3183280825614929,"218,179,220,42,151","12,57,28,123,168",0:572:3|0:151:2|0:307:2
ckpt_300.pt,0,438,0.33271509408950806,0.05945985019207001,0.3287193179130554,"112,255,47,199,104","186,204,14,129,219",0:363:2|0:458:2|0:731:2
ckpt_300.pt,0,439,0.3347407579421997,0.07080517709255219,0.32720592617988586,"229,36,23,207,182","11,183,26,225,84",0:166:2|0:216:2|0:654:2
ckpt_300.pt,0,440,0.31823068857192993,0.05628124997019768,0.3170272409915924,"66,160,218,232,81","202,20,153,246,79",0:21:2|0:190:2|0:913:2
ckpt_300.pt,0,441,0.3478604555130005,0.06606398522853851,0.3492451012134552,"12,34,184,114,65","7,132,65,252,198",0:72:2|0:752:2|0:840:2
ckpt_300.pt,0,442,0.3117749094963074,0.06973955035209656,0.3334878087043762,"10,217,116,44,184","131,199,77,147,218",0:0:1|0:2:1|0:3:1
ckpt_300.pt,0,443,0.33036771416664124,0.061698634177446365,0.3138868808746338,"237,140,113,205,196","205,152,132,178,169",0:187:2|0:800:2|0:2:1
ckpt_300.pt,0,444,0.3493344485759735,0.06398491561412811,0.3348441421985626,"22,159,17,60,99","53,115,221,23,181",0:390:2|0:476:2|0:615:2
ckpt_300.pt,0,445,0.35035330057144165,0.05854614078998566,0.3409804105758667,"125,172,104,167,31","63,61,94,56,82",0:345:2|0:692:2|0:847:2
ckpt_300.pt,0,446,0.32489141821861267,0.06524669378995895,0.3175819516181946,"240,64,9,168,227","40,101,106,254,42",0:401:2|0:456:2|0:608:2
ckpt_300.pt,0,447,0.31892073154449463,0.06112654134631157,0.3146016001701355,"150,69,248,166,98","53,88,1,140,179",0:165:2|0:769:2|0:8:1
ckpt_300.pt,0,448,0.3321688771247864,0.059175435453653336,0.34747549891471863,"232,130,96,119,108","60,128,221,241,74",0:97:2|0:1002:2|0:2:1
ckpt_300.pt,0,449,0.31544366478919983,0.05240733176469803,0.3300154209136963,"186,205,62,97,143","116,111,25,6,120",0:94:2|0:477:2|0:639:2
ckpt_300.pt,0,450,0.3211318850517273,0.05641990527510643,0.33144551515579224,"167,192,30,64,41","206,208,42,211,112",0:345:2|0:379:2|0:435:2
ckpt_300.pt,0,451,0.33906373381614685,0.057077184319496155,0.3350536525249481,"13,135,213,200,31","7,226,211,105,218",0:100:2|0:348:2|0:365:2
ckpt_300.pt,0,452,0.3328978717327118,0.06684843450784683,0.2882835566997528,"13,252,180,40,83","67,152,156,69,234",0:610:2|0:965:2|0:988:2
ckpt_300.pt,0,453,0.33160150051116943,0.06002014875411987,0.3376900255680084,"114,147,38,219,159","116,161,39,60,202",0:75:2|0:353:2|0:464:2
ckpt_300.pt,0,454,0.3685626685619354,0.05786573514342308,0.3435746729373932,"162,82,212,144,9","55,95,209,53,122",0:192:2|0:248:2|0:511:2
ckpt_300.pt,0,455,0.3327772915363312,0.06536765396595001,0.3406701385974884,"248,51,167,225,181","188,150,148,21,18",0:251:2|0:292:2|0:693:2
ckpt_300.pt,0,456,0.3443203568458557,0.06749948859214783,0.32138141989707947,"240,113,75,21,168","138,158,201,77,102",0:81:2|0:139:2|0:434:2
ckpt_300.pt,0,457,0.332391619682312,0.05690688267350197,0.3382553160190582,"120,181,165,75,222","242,169,93,100,161",0:251:2|0:276:2|0:427:2
ckpt_300.pt,0,458,0.32481062412261963,0.06745144724845886,0.31341254711151123,"112,238,52,84,104","17,222,153,151,55",0:428:2|0:438:2|0:772:2
ckpt_300.pt,0,459,0.3248928487300873,0.059272654354572296,0.3429187536239624,"232,174,37,181,129","157,152,133,229,184",0:359:2|0:668:2|0:730:2
ckpt_300.pt,0,460,0.3197594881057739,0.05702763423323631,0.32819274067878723,"108,122,85,234,247","66,161,237,98,79",0:261:2|0:385:2|0:605:2
ckpt_300.pt,0,461,0.32135647535324097,0.07057163864374161,0.33456793427467346,"39,205,65,182,193","130,192,14,64,47",0:290:2|0:13:1|0:14:1
ckpt_300.pt,0,462,0.35786867141723633,0.057454969733953476,0.3517104387283325,"83,150,46,91,224","247,215,217,120,17",0:61:2|0:252:2|0:609:2
ckpt_300.pt,0,463,0.3307396173477173,0.06293089687824249,0.3320179879665375,"233,15,222,224,29","145,22,235,140,185",0:153:2|0:936:2|0:6:1
ckpt_300.pt,0,464,0.3557719886302948,0.07000289857387543,0.3295578360557556,"114,224,151,231,38","101,166,174,157,9",0:245:2|0:378:2|0:453:2
ckpt_300.pt,0,465,0.32198622822761536,0.066534124314785,0.343840628862381,"204,189,252,145,173","104,146,116,174,162",0:103:2|0:397:2|0:540:2
ckpt_300.pt,0,466,0.3143344521522522,0.06287368386983871,0.3162987232208252,"151,59,198,149,119","3,155,7,209,128",0:688:2|0:7:1|0:12:1
ckpt_300.pt,0,467,0.3188096582889557,0.061225347220897675,0.33738747239112854,"110,183,25,109,146","19,118,77,87,239",0:140:3|0:10:2|0:776:2
ckpt_300.pt,0,468,0.314011812210083,0.057928577065467834,0.3408856987953186,"177,123,14,81,0","117,178,64,237,47",0:825:2|0:0:1|0:4:1
ckpt_300.pt,0,469,0.31975534558296204,0.05919068679213524,0.3426857888698578,"164,206,81,76,4","50,101,32,220,182",0:413:2|0:2:1|0:21:1
ckpt_300.pt,0,470,0.36095911264419556,0.06695852428674698,0.33894726634025574,"18,83,177,186,132","22,102,119,192,174",0:40:2|0:198:2|0:857:2
ckpt_300.pt,0,471,0.35741475224494934,0.06980279833078384,0.3321954309940338,"17,27,120,248,26","9,254,30,122,19",0:107:2|0:291:2|0:517:2
ckpt_300.pt,0,472,0.33263903856277466,0.08039625734090805,0.3070489168167114,"86,218,216,203,247","193,103,240,172,61",0:180:2|0:391:2|0:879:2
ckpt_300.pt,0,473,0.3056694567203522,0.046670496463775635,0.327004998922348,"205,16,159,194,139","78,170,83,106,217",0:19:2|0:60:2|0:431:2
ckpt_300.pt,0,474,0.3028775155544281,0.06224600970745087,0.33935630321502686,"86,91,76,175,55","120,10,166,179,23",0:568:2|0:1:1|0:12:1
ckpt_300.pt,0,475,0.3110053837299347,0.05928067862987518,0.32662224769592285,"164,203,57,228,229","75,72,113,59,251",0:494:2|0:773:2|0:0:1
ckpt_300.pt,0,476,0.3340381681919098,0.05951378121972084,0.32822030782699585,"13,37,46,99,22","249,173,97,64,130",0:444:2|0:630:2|0:17:1
ckpt_300.pt,0,477,0.32880640029907227,0.05833182483911514,0.3168633282184601,"143,106,224,236,62","29,182,187,26,240",0:61:2|0:230:2|0:449:2
ckpt_300.pt,0,478,0.34934231638908386,0.062022142112255096,0.36355963349342346,"89,170,96,145,78","207,168,142,148,140",0:28:1|0:37:1|0:39:1
ckpt_300.pt,0,479,0.3430233299732208,0.06598807871341705,0.3327558636665344,"207,123,106,113,44","109,213,234,233,59",0:2:2|0:969:2|0:0:1
ckpt_300.pt,0,480,0.32830846309661865,0.06175805255770683,0.33162060379981995,"209,64,230,131,13","240,189,153,90,81",0:367:2|0:542:2|0:988:2
ckpt_300.pt,0,481,0.31459560990333557,0.07066982239484787,0.33467215299606323,"99,14,115,151,114","229,104,109,204,156",0:90:2|0:326:2|0:464:2
ckpt_300.pt,0,482,0.3204660713672638,0.0718199610710144,0.31151026487350464,"69,68,25,23,50","150,47,156,92,209",0:9:2|0:240:2|0:407:2
ckpt_300.pt,0,483,0.298786461353302,0.06502819061279297,0.3363801836967468,"126,225,169,180,22","131,74,249,46,201",0:225:2|0:423:2|0:581:2
ckpt_300.pt,0,484,0.3331587612628937,0.05508935824036598,0.34894126653671265,"218,46,5,132,228","122,50,41,59,29",0:953:3|0:178:2|0:497:2
ckpt_300.pt,0,485,0.3177134096622467,0.06700506806373596,0.32614630460739136,"67,208,189,233,193","233,248,44,73,156",0:11:2|0:13:2|0:84:2
ckpt_300.pt,0,486,0.3100264072418213,0.0523691363632679,0.3030288815498352,"167,209,77,136,83","247,69,63,154,61",0:39:2|0:506:2|0:1:1
ckpt_300.pt,0,487,0.300691694021225,0.05566275492310524,0.3367829918861389,"242,250,61,68,130","198,114,139,39,27",0:97:2|0:681:2|0:16:1
ckpt_300.pt,0,488,0.3397669196128845,0.06473734974861145,0.33976611495018005,"80,87,178,218,198","139,93,86,140,56",0:262:3|0:498:2|0:953:2
ckpt_300.pt,0,489,0.34474584460258484,0.07405451685190201,0.32853826880455017,"199,8,236,94,26","123,175,171,98,193",0:230:2|0:284:2|0:397:2
ckpt_300.pt,0,490,0.3309788107872009,0.06570123881101608,0.3221999406814575,"114,251,252,7,80","138,129,108,131,125",0:558:3|0:213:2|0:3:1
ckpt_300.pt,0,491,0.33282750844955444,0.05931916832923889,0.30984893441200256,"99,231,115,131,160","219,225,101,9,186",0:326:2|0:398:2|0:481:2
ckpt_300.pt,0,492,0.3154006004333496,0.0697065070271492,0.3165401220321655,"39,179,211,119,210","223,146,129,210,118",0:7:2|0:128:2|0:390:2
ckpt_300.pt,0,493,0.31658920645713806,0.05330800637602806,0.33543509244918823,"197,143,99,43,5","103,95,105,215,174",0:147:2|0:316:2|0:342:2
ckpt_300.pt,0,494,0.32438331842422485,0.05764046311378479,0.3156789243221283,"219,164,64,229,67","147,245,10,171,22",0:138:2|0:309:2|0:475:2
ckpt_300.pt,0,495,0.33205485343933105,0.061700548976659775,0.3402172327041626,"128,53,139,0,220","237,122,245,35,190",0:280:2|0:745:2|0:13:1
ckpt_300.pt,0,496,0.34603697061538696,0.07112432271242142,0.31985965371131897,"45,144,188,200,209","238,74,174,183,70",0:552:2|0:715:2|0:971:2
ckpt_300.pt,0,497,0.32574641704559326,0.05669678747653961,0.2917720079421997,"46,87,17,228,20","4,99,89,29,83",0:484:2|0:631:2|0:940:2
ckpt_300.pt,0,498,0.36104127764701843,0.07005929201841354,0.3310217559337616,"87,104,178,137,41","152,241,33,176,16",0:424:2|0:488:2|0:724:2
ckpt_300.pt,0,499,0.3429577052593231,0.061761047691106796,0.3058202862739563,"97,49,88,184,110","154,70,61,27,100",0:119:2|0:4:1|0:15:1
ckpt_300.pt,0,500,0.314015656709671,0.06226503103971481,0.3460821509361267,"215,182,30,75,159","230,51,31,190,212",0:17:1|0:19:1|0:27:1
ckpt_300.pt,0,501,0.3475612699985504,0.06297999620437622,0.35335439443588257,"115,123,210,69,86","76,51,59,105,52",0:214:2|0:665:2|0:858:2
ckpt_300.pt,0,502,0.3197592496871948,0.05526100844144821,0.32824182510375977,"96,233,131,77,214","5,18,25,62,55",0:432:2|0:6:1|0:8:1
ckpt_300.pt,0,503,0.3502153754234314,0.06677252799272537,0.32586470246315,"39,152,4,241,87","84,22,175,212,159",0:169:2|0:191:2|0:211:2
ckpt_300.pt,0,504,0.3063242733478546,0.05052465945482254,0.3193141520023346,"15,54,234,69,2","160,104,20,135,242",0:514:2|0:661:2|0:9:1
ckpt_300.pt,0,505,0.32315123081207275,0.05837458744645119,0.33372068405151367,"93,38,206,122,13","78,215,144,249,145",0:11:1|0:18:1|0:20:1
ckpt_300.pt,0,506,0.34692099690437317,0.06146622076630592,0.3305913805961609,"149,209,89,136,226","227,89,174,21,231",0:486:2|0:562:2|0:582:2
ckpt_300.pt,0,507,0.3201855421066284,0.05804407596588135,0.3209909498691559,"180,143,246,106,11","85,82,62,86,100",0:477:2|0:6:1|0:8:1
ckpt_300.pt,0,508,0.327052503824234,0.06252217292785645,0.34337684512138367,"3,63,193,37,178","97,237,224,214,51",0:50:2|0:5:1|0:13:1
ckpt_300.pt,0,509,0.3414704501628876,0.057223375886678696,0.3221871256828308,"181,61,217,195,59","35,14,145,11,223",0:12:2|0:549:2|0:3:1
ckpt_300.pt,0,510,0.33886921405792236,0.06491191685199738,0.31847912073135376,"232,106,100,86,49","159,85,230,217,123",0:375:2|0:1:1|0:2:1
ckpt_300.pt,0,511,0.31700050830841064,0.06239946931600571,0.33401837944984436,"42,212,109,82,54","245,169,24,126,225",0:334:2|0:454:2|0:892:2
ckpt_300.pt,0,512,0.3679037094116211,0.0661853775382042,0.34429678320884705,"143,158,13,173,229","111,125,18,179,134",0:173:2|0:354:2|0:630:2
ckpt_300.pt,0,513,0.3272233307361603,0.06631749123334885,0.31693974137306213,"71,253,16,61,63","55,153,228,110,105",0:5:2|0:671:2|0:15:1
ckpt_300.pt,0,514,0.32001397013664246,0.05712335556745529,0.3211911618709564,"234,19,54,40,169","208,68,172,35,249",0:504:2|0:764:2|0:30:1
ckpt_300.pt,0,515,0.3463895320892334,0.07261972874403,0.31765127182006836,"209,2,190,163,212","69,9,152,234,39",0:394:2|0:812:2|0:971:2
ckpt_300.pt,0,516,0.3498416543006897,0.062310345470905304,0.3412618637084961,"50,232,107,192,161","178,214,1,93,201",0:182:2|0:613:2|0:2:1
ckpt_300.pt,0,517,0.34642913937568665,0.06504906713962555,0.3512651026248932,"17,80,36,184,120","16,156,97,192,235",0:471:2|0:650:2|0:654:2
ckpt_300.pt,0,518,0.355224072933197,0.0618039034307003,0.3188050389289856,"39,177,241,251,199","179,61,134,104,94",0:136:2|0:211:2|0:503:2
ckpt_300.pt,0,519,0.29875490069389343,0.05637149140238762,0.32772377133369446,"177,217,135,80,228","234,89,156,163,30",0:3:2|0:595:2|0:1022:2
ckpt_300.pt,0,520,0.3398236334323883,0.0712106004357338,0.3162118196487427,"241,114,132,148,175","21,10,57,134,0",0:571:2|0:607:2|0:997:2
ckpt_300.pt,0,521,0.3378642499446869,0.05631684884428978,0.3313441276550293,"38,163,78,176,162","91,102,47,185,59",0:529:2|0:737:2|0:992:2
ckpt_300.pt,0,522,0.35291144251823425,0.06737678498029709,0.3304477334022522,"102,91,6,187,11","199,186,130,237,142",0:352:2|0:732:2|0:810:2
ckpt_300.pt,0,523,0.34552791714668274,0.0688529759645462,0.31271472573280334,"152,74,79,161,233","248,255,253,32,234",0:63:2|0:169:2|0:196:2
ckpt_300.pt,0,524,0.32707640528678894,0.05598972365260124,0.3149348795413971,"227,21,247,106,23","185,197,63,50,37",0:271:2|0:924:2|0:1000:2
ckpt_300.pt,0,525,0.32946792244911194,0.058353934437036514,0.3257431387901306,"159,4,137,1,40","112,226,164,60,106",0:2:1|0:4:1|0:19:1
ckpt_300.pt,0,526,0.3288024961948395,0.05947234481573105,0.32302266359329224,"98,47,233,174,153","134,184,203,230,250",0:312:2|0:974:2|0:998:2
ckpt_300.pt,0,527,0.3313780128955841,0.0706295445561409,0.320764422416687,"42,230,65,216,238","237,215,22,92,230",0:777:2|0:7:1|0:14:1
ckpt_300.pt,0,528,0.33447110652923584,0.05066894739866257,0.32893234491348267,"89,27,233,152,35","108,190,56,221,211",0:35:2|0:196:2|0:523:2
ckpt_300.pt,0,529,0.3273273706436157,0.06975016742944717,0.3453451991081238,"163,200,162,169,166","213,233,150,124,133",0:50:2|0:521:2|0:760:2
ckpt_300.pt,0,530,0.36623263359069824,0.06465761363506317,0.33493325114250183,"130,210,54,14,140","137,46,108,134,248",0:57:2|0:871:2|0:912:2
ckpt_300.pt,0,531,0.31351161003112793,0.05189668387174606,0.3009099066257477,"196,81,111,201,59","162,252,214,118,197",0:259:2|0:696:2|0:12:1
ckpt_300.pt,0,532,0.35294464230537415,0.07014229148626328,0.3255142271518707,"0,130,79,4,160","239,67,1,148,250",0:95:3|0:201:3|0:222:2
ckpt_300.pt,0,533,0.33947136998176575,0.07415507733821869,0.3514302670955658,"163,243,217,30,122","19,181,107,241,57",0:151:2|0:909:2|0:3:1
ckpt_300.pt,0,534,0.32010725140571594,0.05813802406191826,0.3054558038711548,"162,226,31,119,174","46,100,28,211,47",0:400:2|0:412:2|0:737:2
ckpt_300.pt,0,535,0.3382166922092438,0.06481526046991348,0.3281203508377075,"185,159,26,201,210","102,89,129,164,74",0:108:2|0:289:2|0:12:1
ckpt_300.pt,0,536,0.3276169002056122,0.07045750319957733,0.32640114426612854,"105,254,241,125,41","213,134,38,211,223",0:224:2|0:853:2|0:977:2
ckpt_300.pt,0,537,0.3066811263561249,0.05684049054980278,0.31631651520729065,"172,24,60,180,130","85,95,177,213,253",0:141:2|0:226:2|0:570:2
ckpt_300.pt,0,538,0.30311518907546997,0.053632017225027084,0.30622878670692444,"47,225,76,191,138","28,181,85,27,194",0:1018:2|0:1:1|0:23:1
ckpt_300.pt,0,539,0.306661993265152,0.055385198444128036,0.3025300204753876,"185,33,220,88,141","12,159,49,232,255",0:221:2|0:384:2|0:970:2
ckpt_300.pt,0,540,0.3368680775165558,0.05393696203827858,0.30581504106521606,"16,204,6,223,189","70,14,158,201,100",0:186:2|0:239:2|0:465:2
ckpt_300.pt,0,541,0.3224814534187317,0.06425061821937561,0.3348831534385681,"121,0,166,60,51","30,4,90,229,182",0:101:2|0:159:2|0:5:1
ckpt_300.pt,0,542,0.31851911544799805,0.06563170254230499,0.32047510147094727,"46,177,26,131,230","171,99,152,101,76",0:300:2|0:480:2|0:626:2
ckpt_300.pt,0,543,0.32354050874710083,0.048720844089984894,0.34875398874282837,"105,31,100,17,52","195,140,56,111,78",0:961:3|0:578:2|0:653:2
ckpt_300.pt,0,544,0.3261691927909851,0.06324879825115204,0.3335307538509369,"132,254,216,157,25","184,152,154,91,233",0:192:2|0:247:2|0:977:2
ckpt_300.pt,0,545,0.3392757475376129,0.05804535374045372,0.34159085154533386,"38,188,5,96,202","191,175,86,30,96",0:36:2|0:191:2|0:929:2
ckpt_300.pt,0,546,0.3133549094200134,0.053625937551259995,0.33198288083076477,"115,59,203,163,52","116,78,93,18,55",0:395:2|0:961:2|0:0:1
ckpt_300.pt,0,547,0.3497350513935089,0.06813012808561325,0.32413461804389954,"117,202,141,252,48","224,237,0,206,21",0:227:2|0:384:2|0:418:2
ckpt_300.pt,0,548,0.33404648303985596,0.06648461520671844,0.33390361070632935,"186,5,170,226,141","151,145,73,137,155",0:556:2|0:1017:2|0:11:1
ckpt_300.pt,0,549,0.35096976161003113,0.071442149579525,0.34420913457870483,"223,59,0,183,61","245,192,198,156,23",0:34:2|0:120:2|0:294:2
ckpt_300.pt,0,550,0.3431083559989929,0.06569068878889084,0.34151771664619446,"41,106,17,62,51","14,215,179,32,137",0:59:2|0:477:2|0:709:2
ckpt_300.pt,0,551,0.3374665081501007,0.0572676956653595,0.332381010055542,"105,140,48,34,154","54,77,113,135,88",0:774:2|0:1008:2|0:0:1
ckpt_300.pt,0,552,0.3143742084503174,0.058629974722862244,0.3311176300048828,"52,204,144,200,5","235,145,89,77,130",0:148:2|0:496:2|0:715:2
ckpt_300.pt,0,553,0.36065804958343506,0.06657005101442337,0.30151575803756714,"196,143,72,155,191","217,244,195,208,72",0:93:2|0:695:2|0:1:1
ckpt_300.pt,0,554,0.33860185742378235,0.0641452968120575,0.34271183609962463,"222,9,251,139,76","170,211,156,126,119",0:46:2|0:624:2|0:1012:2
ckpt_300.pt,0,555,0.34019938111305237,0.062132298946380615,0.31632891297340393,"213,230,197,170,4","226,14,224,96,115",0:285:2|0:307:2|0:671:2
ckpt_300.pt,0,556,0.32556620240211487,0.0680665373802185,0.3276262879371643,"226,244,82,170,91","135,134,89,195,154",0:548:2|0:751:2|0:12:1
ckpt_300.pt,0,557,0.32852694392204285,0.0658787190914154,0.3069439232349396,"245,197,200,214,130","127,195,238,60,186",0:45:2|0:760:2|0:888:2
ckpt_300.pt,0,558,0.3142963647842407,0.05870165303349495,0.31537801027297974,"100,114,236,251,252","83,234,153,238,120",0:490:3|0:171:2|0:213:2
ckpt_300.pt,0,559,0.3374747037887573,0.05819590017199516,0.3454468250274658,"190,171,253,113,91","216,213,158,30,164",0:986:2|0:2:1|0:12:1
ckpt_300.pt,0,560,0.30043119192123413,0.045985281467437744,0.3107959032058716,"246,59,117,63,100","10,92,5,187,8",0:269:2|0:645:2|0:699:2
ckpt_300.pt,0,561,0.354749858379364,0.06102653592824936,0.32122352719306946,"3,20,235,48,222","226,163,190,144,231",0:421:2|0:860:2|0:898:2
ckpt_300.pt,0,562,0.3213052749633789,0.061957985162734985,0.33497342467308044,"226,177,209,69,241","168,157,148,244,203",0:204:2|0:506:2|0:518:2
ckpt_300.pt,0,563,0.3190690279006958,0.0526159405708313,0.3473474383354187,"251,120,241,44,160","71,254,72,35,113",0:179:2|0:244:2|0:354:2
ckpt_300.pt,0,564,0.31650015711784363,0.0592656135559082,0.3193238377571106,"177,56,225,24,57","103,38,148,172,20",0:198:2|0:20:1|0:22:1
ckpt_300.pt,0,565,0.30950209498405457,0.054109472781419754,0.3269426226615906,"255,231,63,254,77","239,36,139,73,177",0:130:2|0:223:2|0:247:2
ckpt_300.pt,0,566,0.32785657048225403,0.06044008955359459,0.3347252905368805,"105,148,214,10,80","166,230,66,40,169",0:874:3|0:432:2|0:628:2
ckpt_300.pt,0,567,0.3260306715965271,0.06025182083249092,0.30309945344924927,"14,183,96,229,102","10,125,127,47,96",0:929:2|0:4:1|0:23:1
ckpt_300.pt,0,568,0.3215024173259735,0.05400555953383446,0.3437458276748657,"182,55,86,118,172","68,149,58,238,46",0:80:2|0:256:2|0:474:2
ckpt_300.pt,0,569,0.32992976903915405,0.06271171569824219,0.3624943792819977,"164,201,245,60,176","24,243,226,1,75",0:259:2|0:33:1|0:40:1
ckpt_300.pt,0,570,0.3413914144039154,0.05758137255907059,0.33243077993392944,"203,130,180,132,147","228,252,237,105,118",0:97:2|0:244:2|0:537:2
ckpt_300.pt,0,571,0.3365247845649719,0.07421303540468216,0.3471706211566925,"148,123,189,6,175","250,227,9,221,12",0:18:2|0:48:2|0:318:2
ckpt_300.pt,0,572,0.3292531371116638,0.056220535188913345,0.3600896894931793,"66,179,123,220,151","254,253,183,144,187",0:437:3|0:195:2|0:388:2
ckpt_300.pt,0,573,0.3273995518684387,0.057586777955293655,0.3252358138561249,"178,97,75,51,145","197,186,100,24,193",0:202:2|0:213:2|0:17:1
ckpt_300.pt,0,574,0.34936583042144775,0.054350920021533966,0.3330419659614563,"247,251,155,235,131","86,132,87,213,233",0:67:2|0:34:1|0:44:1
ckpt_300.pt,0,575,0.3303140103816986,0.05554657056927681,0.329995334148407,"101,127,58,60,59","122,31,192,109,168",0:28:2|0:314:2|0:921:2
ckpt_300.pt,0,576,0.31177404522895813,0.06020200252532959,0.3360101878643036,"54,124,166,33,186","127,173,57,159,180",0:371:2|0:821:2|0:8:1
ckpt_300.pt,0,577,0.332259863615036,0.06012238189578056,0.3411155641078949,"70,239,150,192,127","71,56,174,152,43",0:96:2|0:3:1|0:8:1
ckpt_300.pt,0,578,0.34212812781333923,0.0666162446141243,0.3092914819717407,"252,133,17,100,243","211,88,183,240,207",0:227:2|0:543:2|0:558:2
ckpt_300.pt,0,579,0.32949474453926086,0.06916023790836334,0.3443821370601654,"229,71,191,113,214","211,226,144,6,134",0:760:2|0:1:1|0:2:1
ckpt_300.pt,0,580,0.3177380859851837,0.057767316699028015,0.35466548800468445,"216,208,43,239,241","89,255,132,205,21",0:84:2|0:156:2|0:22:1
ckpt_300.pt,0,581,0.33982208371162415,0.0622105747461319,0.2985292077064514,"209,126,148,169,20","218,74,205,75,144",0:318:2|0:344:2|0:423:2
ckpt_300.pt,0,582,0.3236487805843353,0.05641952529549599,0.3086073398590088,"136,226,255,202,208","1,251,189,110,68",0:16:2|0:84:2|0:211:2
ckpt_300.pt,0,583,0.3144541382789612,0.06266102194786072,0.35075515508651733,"115,212,73,65,223","30,19,183,88,161",0:317:2|0:14:1|0:33:1
ckpt_300.pt,0,584,0.3385550081729889,0.05961289629340172,0.3320281207561493,"225,23,111,243,165","36,126,208,253,130",0:53:2|0:198:2|0:728:2
ckpt_300.pt,0,585,0.34555649757385254,0.058863453567028046,0.35180145502090454,"99,18,240,243,116","44,211,91,7,194",0:161:2|0:708:2|0:842:2
ckpt_300.pt,0,586,0.3206023573875427,0.06456456333398819,0.35114216804504395,"12,242,17,155,198","235,122,54,13,27",0:615:2|0:647:2|0:1:1
ckpt_300.pt,0,587,0.3602454960346222,0.06280845403671265,0.34649622440338135,"185,164,32,89,133","108,247,53,99,183",0:716:2|0:749:2|0:767:2
ckpt_300.pt,0,588,0.3621360957622528,0.05730937421321869,0.3292688727378845,"163,47,202,161,58","119,153,200,73,103",0:170:2|0:298:2|0:305:2
ckpt_300.pt,0,589,0.3163295090198517,0.05381007865071297,0.32452392578125,"48,215,238,202,192","245,230,249,247,112",0:150:2|0:547:2|0:799:2
ckpt_300.pt,0,590,0.3516320586204529,0.0590246208012104,0.35026371479034424,"224,17,4,55,101","226,54,140,181,56",0:865:2|0:2:1|0:25:1
ckpt_300.pt,0,591,0.3262816071510315,0.053275216370821,0.32783204317092896,"122,153,148,64,224","38,51,84,53,88",0:111:2|0:277:2|0:989:2
ckpt_300.pt,0,592,0.30629321932792664,0.060999710112810135,0.32059285044670105,"50,7,94,240,137","204,64,226,157,78",0:370:2|0:6:1|0:28:1
ckpt_300.pt,0,593,0.3244948983192444,0.06099851056933403,0.30312249064445496,"36,245,104,149,93","18,143,83,184,141",0:661:2|0:750:2|0:8:1
ckpt_300.pt,0,594,0.3710021376609802,0.0751151591539383,0.3401084244251251,"247,84,91,231,169","67,152,232,12,57",0:605:2|0:810:2|0:12:1
ckpt_300.pt,0,595,0.3453090786933899,0.0625581219792366,0.3137829899787903,"110,177,144,80,221","35,121,169,216,145",0:128:2|0:248:2|0:519:2
ckpt_300.pt,0,596,0.32150667905807495,0.054380323737859726,0.32532352209091187,"228,61,121,167,129","245,207,97,197,128",0:698:3|0:1:1|0:5:1
ckpt_300.pt,0,597,0.3260001540184021,0.06248835474252701,0.3233209550380707,"230,80,223,49,11","240,119,4,148,117",0:167:2|0:3:1|0:39:1
ckpt_300.pt,0,598,0.325880229473114,0.05162707343697548,0.32187286019325256,"121,155,50,115,89","62,200,205,49,138",0:253:2|0:733:2|0:938:2
ckpt_300.pt,0,599,0.34867170453071594,0.055800046771764755,0.3492960035800934,"66,240,12,238,72","3,20,85,100,166",0:1016:3|0:1:1|0:7:1
ckpt_300.pt,0,600,0.34224048256874084,0.06928279995918274,0.31928959488868713,"141,113,60,155,230","64,110,127,71,19",0:112:2|0:159:2|0:970:2
ckpt_300.pt,0,601,0.33707088232040405,0.05792712792754173,0.33341673016548157,"151,95,166,97,224","56,231,21,245,224",0:243:2|0:464:2|0:714:2
ckpt_300.pt,0,602,0.32459673285484314,0.07572299987077713,0.339312344789505,"165,149,167,96,58","151,75,50,236,91",0:65:2|0:1:1|0:3:1
ckpt_300.pt,0,603,0.34716060757637024,0.06632934510707855,0.33360913395881653,"172,210,113,30,131","218,166,235,141,109",0:1006:3|0:2:1|0:13:1
ckpt_300.pt,0,604,0.3234962224960327,0.05777331814169884,0.3407093584537506,"89,180,101,199,29","179,119,174,23,111",0:153:2|0:170:2|0:220:2
ckpt_300.pt,0,605,0.3457927107810974,0.057421453297138214,0.3230738639831543,"81,84,167,247,122","230,240,201,41,100",0:313:2|0:460:2|0:594:2
ckpt_300.pt,0,606,0.3070581257343292,0.06115355342626572,0.3220366835594177,"223,13,119,227,44","117,233,254,87,103",0:97:2|0:775:2|0:903:2
ckpt_300.pt,0,607,0.3100995719432831,0.05634862184524536,0.32870787382125854,"241,74,20,169,114","158,172,148,61,147",0:520:2|0:581:2|0:0:1
ckpt_300.pt,0,608,0.3490537703037262,0.06693458557128906,0.30538520216941833,"14,9,78,64,201","41,13,111,46,251",0:446:2|0:686:2|0:790:2
ckpt_300.pt,0,609,0.33882397413253784,0.058729641139507294,0.3208971321582794,"59,92,224,150,142","244,220,18,200,30",0:462:2|0:688:2|0:863:2
ckpt_300.pt,0,610,0.3533545434474945,0.0632970854640007,0.303029865026474,"83,222,160,180,166","146,69,251,95,173",0:8:2|0:452:2|0:860:2
ckpt_300.pt,0,611,0.3254031240940094,0.07119976729154587,0.33112195134162903,"103,55,93,165,2","10,124,231,189,156",0:101:2|0:114:2|0:256:2
ckpt_300.pt,0,612,0.3189632296562195,0.06901026517152786,0.32419776916503906,"248,176,28,76,97","7,43,34,49,208",0:396:2|0:763:2|0:1012:2
ckpt_300.pt,0,613,0.32516181468963623,0.05880502983927727,0.3382151126861572,"229,232,32,192,165","125,181,81,224,38",0:516:2|0:2:1|0:3:1
ckpt_300.pt,0,614,0.33202221989631653,0.05984460934996605,0.337380051612854,"86,75,209,189,44","152,60,64,124,253",0:941:2|0:964:2|0:1:1
ckpt_300.pt,0,615,0.34866949915885925,0.06867387890815735,0.3581888675689697,"213,17,155,159,35","15,159,242,6,194",0:193:2|0:283:2|0:444:2
ckpt_300.pt,0,616,0.3320523202419281,0.07187213003635406,0.3204314112663269,"104,239,226,237,236","222,193,63,240,118",0:205:2|0:276:2|0:12:1
ckpt_300.pt,0,617,0.36337655782699585,0.06033589318394661,0.32285839319229126,"228,48,141,223,182","234,29,110,231,24",0:102:2|0:418:2|0:547:2
ckpt_300.pt,0,618,0.3339187502861023,0.059371788054704666,0.31016096472740173,"12,82,218,211,21","38,12,207,1,244",0:131:2|0:1:1|0:7:1
ckpt_300.pt,0,619,0.3493068516254425,0.061383336782455444,0.34859707951545715,"101,167,79,202,239","203,79,56,247,57",0:170:2|0:921:2|0:1:1
ckpt_300.pt,0,620,0.3259142339229584,0.0663507804274559,0.3469201624393463,"154,214,98,8,87","46,140,34,132,201",0:721:3|0:364:2|0:804:2
ckpt_300.pt,0,621,0.3360578119754791,0.05369202792644501,0.3145141899585724,"113,228,184,187,74","200,125,205,50,236",0:23:2|0:2:1|0:13:1
ckpt_300.pt,0,622,0.3631173074245453,0.07381776720285416,0.374987930059433,"143,30,49,160,115","68,171,165,218,32",0:491:2|0:713:2|0:876:2
ckpt_300.pt,0,623,0.3185672163963318,0.05286949872970581,0.32444995641708374,"68,178,216,49,52","106,180,204,250,95",0:87:2|0:88:2|0:110:2
ckpt_300.pt,0,624,0.36772602796554565,0.06512952595949173,0.3225342333316803,"14,25,251,76,249","74,161,35,158,122",0:554:2|0:846:2|0:4:1
ckpt_300.pt,0,625,0.3268292546272278,0.06352020800113678,0.31229445338249207,"183,120,178,234,200","23,66,176,87,253",0:173:2|0:212:2|0:699:2
ckpt_300.pt,0,626,0.3374326229095459,0.05969899892807007,0.32421228289604187,"236,230,46,191,183","178,53,67,89,130",0:409:2|0:542:2|0:789:2
ckpt_300.pt,0,627,0.3030696511268616,0.051441535353660583,0.34872639179229736,"11,86,148,47,103","108,96,221,213,76",0:111:2|0:795:2|0:974:2
ckpt_300.pt,0,628,0.35785871744155884,0.08385229855775833,0.3555959463119507,"148,81,75,39,105","29,238,123,1,181",0:566:2|0:874:2|0:883:2
ckpt_300.pt,0,629,0.3159275949001312,0.058850210160017014,0.33730921149253845,"148,158,250,243,83","80,217,61,146,91",0:780:2|0:5:1|0:9:1
ckpt_300.pt,0,630,0.3378075063228607,0.06313064694404602,0.31643709540367126,"99,79,13,50,229","90,232,48,85,160",0:161:2|0:354:2|0:476:2
ckpt_300.pt,0,631,0.3347049355506897,0.05383547395467758,0.3596728444099426,"130,17,20,124,175","81,17,41,198,37",0:201:2|0:497:2|0:0:1
ckpt_300.pt,0,632,0.34050253033638,0.05890699848532677,0.3059864640235901,"166,58,234,242,146","9,133,117,188,181",0:8:1|0:10:1|0:24:1
ckpt_300.pt,0,633,0.31273072957992554,0.06329243630170822,0.33327069878578186,"97,217,227,164,199","226,139,72,28,206",0:670:2|0:744:2|0:3:1
ckpt_300.pt,0,634,0.3387216031551361,0.05720704048871994,0.321076363325119,"195,54,249,216,57","178,14,210,170,86",0:137:2|0:349:2|0:773:2
ckpt_300.pt,0,635,0.33475548028945923,0.060542747378349304,0.3331044316291809,"38,139,94,150,37","231,238,161,164,93",0:667:2|0:6:1|0:20:1
ckpt_300.pt,0,636,0.3439023196697235,0.05793740972876549,0.33137354254722595,"127,91,110,157,3","80,100,193,64,46",0:15:2|0:143:2|0:252:2
ckpt_300.pt,0,637,0.3228273093700409,0.05808853730559349,0.3455828130245209,"103,135,216,225,115","21,33,54,174,183",0:214:2|0:30:1|0:31:1
ckpt_300.pt,0,638,0.33775100111961365,0.056607436388731,0.3264252841472626,"18,4,134,105,77","161,213,16,218,11",0:40:2|0:307:2|0:678:2
ckpt_300.pt,0,639,0.3195955455303192,0.06678386777639389,0.30056488513946533,"143,5,240,97,241","225,37,117,47,82",0:94:2|0:396:2|0:449:2
ckpt_300.pt,0,640,0.3272937834262848,0.05592287331819534,0.3275589644908905,"68,23,150,197,63","190,64,254,103,142",0:144:2|0:147:2|0:482:2
ckpt_300.pt,0,641,0.3399032950401306,0.07330407202243805,0.33747661113739014,"129,116,13,208,30","236,69,99,154,173",0:27:2|0:208:2|0:814:2
ckpt_300.pt,0,642,0.34291112422943115,0.07580041885375977,0.3248631954193115,"199,181,220,201,93","102,143,214,224,174",0:711:2|0:783:2|0:13:1
ckpt_300.pt,0,643,0.330112487077713,0.06179438531398773,0.3351900577545166,"52,220,236,168,110","116,251,217,82,166",0:194:2|0:917:2|0:9:1
ckpt_300.pt,0,644,0.33107686042785645,0.061656419187784195,0.35543927550315857,"202,154,85,120,54","222,190,102,164,219",0:686:2|0:0:1|0:14:1
ckpt_300.pt,0,645,0.3291568458080292,0.05494840815663338,0.3389350175857544,"145,45,63,62,100","222,190,16,84,246",0:560:2|0:4:1|0:5:1
ckpt_300.pt,0,646,0.34493082761764526,0.06601451337337494,0.33896106481552124,"95,47,123,253,236","247,195,222,121,16",0:0:1|0:19:1|0:23:1
ckpt_300.pt,0,647,0.35215890407562256,0.058337897062301636,0.33825191855430603,"155,110,152,83,242","32,203,33,217,8",0:586:2|0:737:2|0:15:1
ckpt_300.pt,0,648,0.32665449380874634,0.05220072716474533,0.32400277256965637,"80,173,167,226,168","9,68,73,204,70",0:1:1|0:3:1|0:9:1
ckpt_300.pt,0,649,0.36094069480895996,0.06703232228755951,0.35216066241264343,"109,135,215,248,119","19,26,134,127,117",0:807:2|0:7:1|0:31:1
ckpt_300.pt,0,650,0.32074177265167236,0.04942530393600464,0.32876160740852356,"120,161,35,36,60","68,209,84,213,106",0:58:2|0:182:2|0:517:2
ckpt_300.pt,0,651,0.34208208322525024,0.05536789819598198,0.30762380361557007,"144,191,17,93,89","181,0,14,202,136",0:350:2|0:401:2|0:1:1
ckpt_300.pt,0,652,0.33253616094589233,0.057369910180568695,0.32357245683670044,"9,84,21,140,194","0,69,170,68,2",0:131:2|0:693:2|0:735:2
ckpt_300.pt,0,653,0.3250706195831299,0.06294915825128555,0.30758699774742126,"14,188,17,105,40","160,191,33,25,86",0:374:2|0:543:2|0:790:2
ckpt_300.pt,0,654,0.32041049003601074,0.05634583532810211,0.3347034156322479,"141,229,210,17,36","61,71,251,190,169",0:439:2|0:517:2|0:694:2
ckpt_300.pt,0,655,0.34534335136413574,0.06894151121377945,0.34151002764701843,"127,126,6,142,17","56,79,43,2,126",0:330:2|0:704:2|0:3:1
ckpt_300.pt,0,656,0.322652667760849,0.0747099220752716,0.33442914485931396,"146,195,127,157,243","218,4,35,226,72",0:127:2|0:636:2|0:904:2
ckpt_300.pt,0,657,0.35721510648727417,0.061866190284490585,0.3225700557231903,"241,176,56,213,172","205,121,175,21,254",0:219:2|0:396:2|0:410:2
ckpt_300.pt,0,658,0.3271215856075287,0.06531539559364319,0.33218318223953247,"87,133,227,200,77","240,224,8,230,68",0:92:2|0:762:2|0:765:2
ckpt_300.pt,0,659,0.3075532019138336,0.05834943428635597,0.3427412211894989,"15,225,140,125,46","4,23,228,248,72",0:915:2|0:7:1|0:10:1
ckpt_300.pt,0,660,0.35043126344680786,0.08854412287473679,0.32863399386405945,"248,183,153,247,12","114,7,103,34,27",0:1:1|0:19:1|0:29:1
ckpt_300.pt,0,661,0.34663012623786926,0.06779114156961441,0.3298327624797821,"104,21,149,69,54","243,77,172,14,217",0:504:2|0:593:2|0:735:2
ckpt_300.pt,0,662,0.3629976212978363,0.07028768956661224,0.3720601797103882,"48,79,249,67,13","151,113,130,180,93",0:630:2|0:15:1|0:28:1
ckpt_300.pt,0,663,0.35129666328430176,0.06640198081731796,0.3287578821182251,"249,135,55,250,108","113,57,16,133,18",0:1023:2|0:31:1|0:32:1
ckpt_300.pt,0,664,0.3507826030254364,0.0721975564956665,0.33217546343803406,"219,105,83,108,70","157,30,137,203,239",0:145:2|0:272:2|0:874:2
ckpt_300.pt,0,665,0.311158686876297,0.060825664550065994,0.33345645666122437,"210,69,39,145,245","86,99,247,123,51",0:492:2|0:501:2|0:703:2
ckpt_300.pt,0,666,0.3064402639865875,0.061252664774656296,0.3301534652709961,"1,128,114,232,35","156,11,113,1,83",0:283:2|0:2:1|0:4:1
ckpt_300.pt,0,667,0.33561989665031433,0.07110809534788132,0.32759010791778564,"225,166,139,12,37","128,43,183,55,1",0:53:2|0:165:2|0:635:2
ckpt_300.pt,0,668,0.31952065229415894,0.05775105953216553,0.32903361320495605,"247,37,129,34,122","221,55,27,15,68",0:18:2|0:332:2|0:459:2
ckpt_300.pt,0,669,0.3294179439544678,0.07350798696279526,0.3382333815097809,"65,253,197,46,70","40,23,154,190,126",0:914:2|0:8:1|0:14:1
ckpt_300.pt,0,670,0.3424573242664337,0.07725712656974792,0.33416393399238586,"227,34,27,164,194","222,78,75,253,160",0:633:2|0:749:2|0:2:1
ckpt_300.pt,0,671,0.33591359853744507,0.06844255328178406,0.33188655972480774,"253,213,16,4,109","109,240,9,21,163",0:168:2|0:199:2|0:340:2
ckpt_300.pt,0,672,0.322512686252594,0.06329315900802612,0.359231561422348,"204,68,196,103,25","89,4,47,188,130",0:414:2|0:482:2|0:826:2
ckpt_300.pt,0,673,0.35092657804489136,0.057283490896224976,0.33541393280029297,"186,20,71,181,43","95,26,93,237,41",0:70:2|0:680:2|0:739:2
ckpt_300.pt,0,674,0.3377635180950165,0.06296271085739136,0.32802852988243103,"52,193,207,250,69","100,140,145,19,87",0:3:1|0:9:1|0:13:1
ckpt_300.pt,0,675,0.3408818244934082,0.061845023185014725,0.32133936882019043,"46,90,88,173,162","182,222,206,215,187",0:4:1|0:26:1|0:50:1
ckpt_300.pt,0,676,0.32826220989227295,0.06874886155128479,0.33226343989372253,"187,69,22,90,161","221,20,13,216,192",0:63:2|0:228:2|0:242:2
ckpt_300.pt,0,677,0.3146606683731079,0.056253980845212936,0.310664564371109,"179,54,26,22,31","188,107,46,78,121",0:371:2|0:383:2|0:822:2
ckpt_300.pt,0,678,0.3162284791469574,0.06367439031600952,0.3247978985309601,"157,122,134,112,77","141,51,17,224,158",0:11:2|0:82:2|0:422:2
ckpt_300.pt,0,679,0.3249969482421875,0.0662180557847023,0.3232778012752533,"255,189,215,169,220","117,162,14,169,244",0:363:3|0:13:2|0:84:2
ckpt_300.pt,0,680,0.3295571506023407,0.060944441705942154,0.31924572587013245,"20,98,39,43,240","246,163,239,26,74",0:370:2|0:673:2|0:708:2
ckpt_300.pt,0,681,0.3260793387889862,0.056740254163742065,0.28636306524276733,"68,85,250,102,157","253,62,105,229,14",0:99:2|0:206:2|0:487:2
ckpt_300.pt,0,682,0.32425394654273987,0.05586019530892372,0.3543950915336609,"107,1,33,106,254","98,148,42,124,253",0:59:2|0:708:2|0:4:1
ckpt_300.pt,0,683,0.31819137930870056,0.05459240823984146,0.3260140120983124,"160,42,67,240,185","171,237,69,3,34",0:161:2|0:933:2|0:12:1
ckpt_300.pt,0,684,0.32797694206237793,0.05207765847444534,0.34994104504585266,"115,201,190,79,255","167,205,65,199,195",0:761:2|0:16:1|0:22:1
ckpt_300.pt,0,685,0.356391966342926,0.062239330261945724,0.32651758193969727,"129,173,0,62,52","109,9,192,83,7",0:995:2|0:4:1|0:14:1
ckpt_300.pt,0,686,0.3285941183567047,0.05825508385896683,0.31453436613082886,"16,9,120,78,85","23,241,147,92,80",0:608:2|0:644:2|0:812:2
ckpt_300.pt,0,687,0.3416617214679718,0.06330357491970062,0.32485467195510864,"228,206,168,230,43","50,92,130,81,3",0:358:2|0:9:1|0:21:1
ckpt_300.pt,0,688,0.34227651357650757,0.06843488663434982,0.3165406286716461,"23,149,57,92,59","178,68,114,109,161",0:466:2|0:609:2|0:956:2
ckpt_300.pt,0,689,0.38746732473373413,0.07697880268096924,0.3477858603000641,"66,121,80,94,247","191,102,88,210,60",0:284:2|0:424:2|0:700:2
ckpt_300.pt,0,690,0.31859901547431946,0.059535857290029526,0.31225255131721497,"148,141,40,21,236","113,14,63,187,101",0:48:2|0:436:2|0:42:1
ckpt_300.pt,0,691,0.3182050585746765,0.06392676383256912,0.3381122052669525,"23,213,95,114,115","139,140,169,25,124",0:86:2|0:481:2|0:6:1
ckpt_300.pt,0,692,0.30933743715286255,0.06623973697423935,0.30263540148735046,"22,70,116,104,167","17,115,175,97,177",0:383:2|0:445:2|0:831:2
ckpt_300.pt,0,693,0.3154365122318268,0.06492658704519272,0.31486976146698,"225,248,9,84,88","159,112,64,239,186",0:455:2|0:652:2|0:4:1
ckpt_300.pt,0,694,0.30618220567703247,0.05402630195021629,0.31563761830329895,"36,30,81,141,184","198,96,86,181,73",0:58:2|0:151:2|0:517:2
ckpt_300.pt,0,695,0.3198900818824768,0.0575539730489254,0.32925882935523987,"72,195,191,187,21","205,132,31,43,156",0:54:2|0:127:2|0:553:2
ckpt_300.pt,0,696,0.2972874343395233,0.06104184314608574,0.33392828702926636,"161,167,38,81,196","63,212,166,184,167",0:292:2|0:360:2|0:531:2
ckpt_300.pt,0,697,0.32675567269325256,0.06639444082975388,0.326006144285202,"76,119,239,205,94","220,226,79,37,183",0:46:2|0:230:2|0:949:2
ckpt_300.pt,0,698,0.3336240351200104,0.070274718105793,0.3390316069126129,"121,61,230,90,167","191,158,214,42,110",0:596:3|0:789:2|0:1:1
ckpt_300.pt,0,699,0.3469723165035248,0.05859013646841049,0.3188776671886444,"120,234,63,31,117","189,58,218,135,211",0:144:2|0:560:2|0:625:2
ckpt_300.pt,0,700,0.3235532343387604,0.05664297193288803,0.3215388059616089,"15,85,247,171,80","255,201,238,188,209",0:460:2|0:689:2|0:813:2
ckpt_300.pt,0,701,0.314776748418808,0.06233630329370499,0.33716094493865967,"17,115,174,239,116","62,237,67,249,85",0:0:1|0:43:1|0:59:1
ckpt_300.pt,0,702,0.3280780613422394,0.05859549716114998,0.33826038241386414,"42,218,239,132,118","201,212,200,219,8",0:49:2|0:76:2|0:266:2
ckpt_300.pt,0,703,0.30773651599884033,0.05021809786558151,0.33979809284210205,"69,245,208,196,222","110,87,67,194,215",0:228:2|0:430:2|0:665:2
ckpt_300.pt,0,704,0.3430352210998535,0.06956948339939117,0.3348537087440491,"77,128,203,127,142","100,158,66,193,70",0:299:2|0:303:2|0:416:2
ckpt_300.pt,0,705,0.34249910712242126,0.06106899306178093,0.3265831172466278,"28,66,63,105,192","26,201,233,251,116",0:144:2|0:293:2|0:5:1
ckpt_300.pt,0,706,0.3377631604671478,0.07716594636440277,0.3360016942024231,"103,211,240,181,200","240,100,210,94,112",0:70:2|0:7:1|0:17:1
ckpt_300.pt,0,707,0.320273220539093,0.06119953840970993,0.33360782265663147,"221,111,254,9,179","210,70,187,69,44",0:24:2|0:382:2|0:16:1
ckpt_300.pt,0,708,0.32885855436325073,0.05856330692768097,0.319965660572052,"240,106,20,99,1","0,69,182,12,41",0:161:2|0:286:2|0:585:2
ckpt_300.pt,0,709,0.3414299786090851,0.06521771103143692,0.3220994174480438,"74,165,82,106,51","71,100,55,70,220",0:550:2|0:3:1|0:4:1
ckpt_300.pt,0,710,0.32865628600120544,0.06142621114850044,0.30755454301834106,"197,56,111,105,159","69,184,71,13,76",0:145:2|0:287:2|0:375:2
ckpt_300.pt,0,711,0.30510756373405457,0.06042966619133949,0.3216764032840729,"133,181,109,93,117","222,35,239,219,250",0:245:2|0:642:2|0:26:1
ckpt_300.pt,0,712,0.3585547208786011,0.062366001307964325,0.3544289171695709,"78,204,161,189,147","9,176,169,53,143",0:132:2|0:397:2|0:465:2
ckpt_300.pt,0,713,0.31702104210853577,0.061214398592710495,0.3448255956172943,"53,146,108,49,115","83,17,32,59,102",0:117:2|0:287:2|0:622:2
ckpt_300.pt,0,714,0.33107537031173706,0.05862841755151749,0.3595324754714966,"7,97,148,166,185","141,109,29,72,152",0:216:2|0:396:2|0:601:2
ckpt_300.pt,0,715,0.31277233362197876,0.056256841868162155,0.3288313150405884,"45,20,200,5,137","182,58,249,202,61",0:496:2|0:552:2|0:0:1
ckpt_300.pt,0,716,0.32958683371543884,0.05849309638142586,0.3326800465583801,"164,128,153,89,49","37,232,133,218,68",0:146:2|0:257:2|0:587:2
ckpt_300.pt,0,717,0.3411385416984558,0.06260525435209274,0.31631049513816833,"214,148,51,180,22","26,36,81,31,72",0:344:2|0:359:2|0:383:2
ckpt_300.pt,0,718,0.3249891400337219,0.05672195553779602,0.3301412761211395,"30,58,173,99,253","18,114,51,179,55",0:90:2|0:426:2|0:24:1
ckpt_300.pt,0,719,0.3258875906467438,0.055786050856113434,0.29597699642181396,"187,100,105,51,235","10,243,80,254,12",0:543:2|0:855:2|0:14:1
ckpt_300.pt,0,720,0.3417857587337494,0.06385672837495804,0.3330259323120117,"163,222,98,179,84","1,146,89,2,6",0:741:2|0:24:1|0:29:1
ckpt_300.pt,0,721,0.3281415104866028,0.06196378916501999,0.3374989628791809,"87,5,143,214,8","186,185,60,1,131",0:620:3|0:133:2|0:493:2
ckpt_300.pt,0,722,0.3229632079601288,0.05918470025062561,0.3345894515514374,"248,237,32,127,48","244,154,77,60,172",0:31:2|0:187:2|0:3:1
ckpt_300.pt,0,723,0.3504125475883484,0.057577621191740036,0.3599022328853607,"157,121,58,255,172","91,151,167,137,129",0:386:2|0:740:2|0:1:1
ckpt_300.pt,0,724,0.33808714151382446,0.054147135466337204,0.33137425780296326,"58,17,45,104,41","135,187,233,159,105",0:297:2|0:498:2|0:550:2
ckpt_300.pt,0,725,0.30538904666900635,0.048602763563394547,0.34182772040367126,"112,53,153,58,141","162,19,224,79,111",0:42:2|0:939:2|0:19:1
ckpt_300.pt,0,726,0.3058142364025116,0.051027894020080566,0.31016087532043457,"224,199,76,215,61","183,70,130,221,177",0:153:2|0:756:2|0:759:2
ckpt_300.pt,0,727,0.33888885378837585,0.07165170460939407,0.3261982798576355,"164,117,120,13,114","182,158,149,35,216",0:297:2|0:322:2|0:699:2
ckpt_300.pt,0,728,0.3612123727798462,0.06091819331049919,0.3446076810359955,"45,92,118,165,243","220,0,89,235,4",0:328:2|0:584:2|0:3:1
ckpt_300.pt,0,729,0.33035698533058167,0.052008502185344696,0.34132882952690125,"152,65,159,213,167","250,135,13,152,196",0:615:2|0:1:1|0:6:1
ckpt_300.pt,0,730,0.34172192215919495,0.06702831387519836,0.31229695677757263,"109,171,112,129,37","174,28,33,154,153",0:36:2|0:459:2|0:668:2
ckpt_300.pt,0,731,0.35828036069869995,0.07132332026958466,0.3399793207645416,"18,104,65,122,47","48,122,179,59,86",0:37:2|0:402:2|0:438:2
ckpt_300.pt,0,732,0.36089882254600525,0.06551103293895721,0.3210844397544861,"102,6,194,255,52","92,41,66,247,196",0:186:2|0:392:2|0:522:2
ckpt_300.pt,0,733,0.3444424867630005,0.06244238466024399,0.29477789998054504,"144,68,172,155,50","246,30,224,143,230",0:240:2|0:350:2|0:407:2
ckpt_300.pt,0,734,0.32459473609924316,0.06678890436887741,0.32011324167251587,"221,75,233,244,22","241,112,214,243,156",0:17:2|0:106:2|0:236:2
ckpt_300.pt,0,735,0.36532554030418396,0.07042395323514938,0.3463269770145416,"21,9,149,13,65","120,114,175,218,15",0:14:2|0:652:2|0:661:2
ckpt_300.pt,0,736,0.3377488851547241,0.07316974550485611,0.3172908425331116,"41,57,32,151,36","64,173,255,10,52",0:137:2|0:212:2|0:278:2
ckpt_300.pt,0,737,0.3512766361236572,0.07472400367259979,0.3308083415031433,"78,162,119,83,152","12,30,250,150,51",0:521:2|0:534:2|0:647:2
ckpt_300.pt,0,738,0.3626733124256134,0.07692858576774597,0.3436817526817322,"129,151,221,36,244","55,94,41,182,86",0:123:2|0:337:2|0:734:2
ckpt_300.pt,0,739,0.34598618745803833,0.05917603150010109,0.3622574210166931,"139,71,162,209,43","158,71,235,9,148",0:673:2|0:743:2|0:844:2
ckpt_300.pt,0,740,0.35234132409095764,0.057170722633600235,0.32751983404159546,"157,112,128,46,121","232,87,162,115,140",0:678:2|0:723:2|0:900:2
ckpt_300.pt,0,741,0.3234352171421051,0.06610438972711563,0.34671643376350403,"179,210,84,13,125","56,105,14,84,158",0:386:2|0:492:2|0:720:2
ckpt_300.pt,0,742,0.32311704754829407,0.0542118214070797,0.3475818932056427,"231,96,39,23,116","151,77,49,125,48",0:771:2|0:924:2|0:0:1
ckpt_300.pt,0,743,0.35200566053390503,0.06653471291065216,0.3361722528934479,"71,139,20,232,97","110,206,214,35,101",0:157:2|0:405:2|0:673:2
ckpt_300.pt,0,744,0.3089471757411957,0.06274625658988953,0.3454676568508148,"227,79,153,199,41","204,126,87,200,39",0:222:2|0:379:2|0:633:2
ckpt_300.pt,0,745,0.3281420171260834,0.06799709796905518,0.34472307562828064,"234,103,53,139,160","241,101,25,231,223",0:495:2|0:860:2|0:34:1
ckpt_300.pt,0,746,0.3482910990715027,0.06088327616453171,0.33044230937957764,"238,225,229,77,137","6,16,171,111,152",0:68:2|0:265:2|0:303:2
ckpt_300.pt,0,747,0.3222324550151825,0.060697976499795914,0.32642680406570435,"128,54,141,248,137","2,137,112,172,145",0:43:2|0:118:2|0:436:2
ckpt_300.pt,0,748,0.3622056245803833,0.06130966916680336,0.3168090283870697,"186,34,192,87,231","130,126,54,129,156",0:209:2|0:7:1|0:15:1
ckpt_300.pt,0,749,0.32608479261398315,0.05833205580711365,0.30285680294036865,"164,134,13,133,194","172,97,46,185,17",0:587:2|0:670:2|0:727:2
ckpt_300.pt,0,750,0.3388567566871643,0.0624992698431015,0.3199051022529602,"91,245,46,211,149","129,114,44,168,35",0:252:2|0:462:2|0:593:2
ckpt_300.pt,0,751,0.3273025155067444,0.07000894844532013,0.34141668677330017,"91,177,13,226,246","108,46,97,251,4",0:115:2|0:556:2|0:562:2
ckpt_300.pt,0,752,0.31667646765708923,0.05993059650063515,0.30793753266334534,"136,244,218,65,34","177,107,145,98,180",0:441:2|0:968:2|0:7:1
ckpt_300.pt,0,753,0.3036791682243347,0.05155624449253082,0.3093792498111725,"245,22,45,75,95","44,217,209,211,213",0:17:3|0:434:2|0:734:2
ckpt_300.pt,0,754,0.36041876673698425,0.06926928460597992,0.33948737382888794,"133,178,111,34,45","83,39,27,150,107",0:92:2|0:200:2|0:882:2
ckpt_300.pt,0,755,0.3161209523677826,0.07163579761981964,0.3212744891643524,"210,243,79,211,104","147,3,139,38,125",0:492:2|0:7:1|0:17:1
ckpt_300.pt,0,756,0.3348773717880249,0.07451241463422775,0.29263922572135925,"183,35,215,199,122","80,152,238,64,136",0:220:2|0:726:2|0:10:1
ckpt_300.pt,0,757,0.3513736128807068,0.07596573978662491,0.3282885253429413,"246,142,94,168,253","243,194,235,95,27",0:232:2|0:269:2|0:824:2
ckpt_300.pt,0,758,0.3292273283004761,0.05586346238851547,0.31122177839279175,"208,171,149,7,138","218,126,99,184,82",0:14:1|0:27:1|0:35:1
ckpt_300.pt,0,759,0.32293903827667236,0.06223127990961075,0.3394477069377899,"104,199,242,95,224","245,62,252,157,10",0:153:2|0:438:2|0:601:2
ckpt_300.pt,0,760,0.3388817608356476,0.06604352593421936,0.3178911805152893,"163,129,200,113,214","93,41,28,156,224",0:240:2|0:529:2|0:557:2
ckpt_300.pt,0,761,0.3500780165195465,0.061417628079652786,0.3226150572299957,"115,67,204,255,191","8,197,192,208,82",0:684:2|0:1:1|0:16:1
ckpt_300.pt,0,762,0.3426834046840668,0.07200678437948227,0.299593985080719,"227,67,43,107,133","146,227,0,47,57",0:92:2|0:658:2|0:22:1
ckpt_300.pt,0,763,0.37084126472473145,0.06549114733934402,0.34744858741760254,"76,97,188,201,100","100,60,113,142,114",0:202:2|0:612:2|0:1012:2
ckpt_300.pt,0,764,0.3274668753147125,0.05259709060192108,0.3321494162082672,"226,0,169,19,246","61,145,86,90,116",0:189:2|0:233:2|0:514:2
ckpt_300.pt,0,765,0.3394930064678192,0.06225445121526718,0.3639885485172272,"133,203,77,198,121","69,147,196,24,150",0:124:2|0:658:2|0:704:2
ckpt_300.pt,0,766,0.29994767904281616,0.05683804675936699,0.3337629437446594,"151,193,164,144,84","67,49,14,28,19",0:13:1|0:22:1|0:50:1
ckpt_300.pt,0,767,0.33255621790885925,0.0695519745349884,0.36545228958129883,"100,185,20,89,92","224,95,191,49,205",0:56:2|0:269:2|0:296:2
ckpt_300.pt,0,768,0.32823434472084045,0.07572298496961594,0.3105330169200897,"243,241,189,68,7","228,112,166,30,50",0:396:2|0:414:2|0:11:1
ckpt_300.pt,0,769,0.3495291471481323,0.05776812136173248,0.336676687002182,"1,69,5,90,166","20,92,239,33,246",0:447:2|0:676:2|0:775:2
ckpt_300.pt,0,770,0.3262511193752289,0.06323259323835373,0.33127015829086304,"44,200,128,68,52","173,140,130,235,52",0:148:2|0:369:2|0:392:2
ckpt_300.pt,0,771,0.3064213991165161,0.059057287871837616,0.3174692392349243,"103,26,96,162,231","216,76,180,206,99",0:58:2|0:742:2|0:844:2
ckpt_300.pt,0,772,0.3220890760421753,0.05399026349186897,0.347883939743042,"52,48,182,37,84","135,82,232,123,25",0:428:2|0:458:2|0:617:2
ckpt_300.pt,0,773,0.3388245403766632,0.07103453576564789,0.3286166489124298,"76,133,228,195,57","64,70,53,112,136",0:46:2|0:172:2|0:475:2
ckpt_300.pt,0,774,0.3447239100933075,0.06495088338851929,0.3509841859340668,"105,64,48,175,138","56,194,86,235,97",0:551:2|0:15:1|0:18:1
ckpt_300.pt,0,775,0.32855284214019775,0.0639166384935379,0.32446205615997314,"90,69,223,119,144","125,105,56,242,238",0:400:2|0:606:2|0:676:2
ckpt_300.pt,0,776,0.33962786197662354,0.07313326001167297,0.3179640471935272,"15,25,130,246,146","198,122,79,160,250",0:10:3|0:136:2|0:140:2
ckpt_300.pt,0,777,0.3471014201641083,0.08189421147108078,0.32378631830215454,"90,50,97,65,42","244,78,48,151,28",0:527:2|0:14:1|0:26:1
ckpt_300.pt,0,778,0.33899548649787903,0.06068723276257515,0.3361867666244507,"53,195,223,25,182","206,185,77,105,139",0:617:2|0:901:2|0:5:1
ckpt_300.pt,0,779,0.3490908443927765,0.07446468621492386,0.3319613039493561,"152,72,23,131,197","3,2,114,12,126",0:67:2|0:640:2|0:828:2
ckpt_300.pt,0,780,0.32297706604003906,0.0692402794957161,0.32824617624282837,"250,182,56,148,123","222,255,224,192,105",0:216:2|0:318:2|0:571:2
ckpt_300.pt,0,781,0.3445964455604553,0.06050712615251541,0.3331557810306549,"93,40,113,145,154","124,38,171,190,101",0:994:2|0:0:1|0:2:1
ckpt_300.pt,0,782,0.3365723788738251,0.061562035232782364,0.3056700825691223,"161,11,141,156,18","30,226,211,245,139",0:42:2|0:135:2|0:40:1
ckpt_300.pt,0,783,0.3243553042411804,0.05845564603805542,0.30309003591537476,"203,199,220,252,84","103,240,116,112,213",0:227:2|0:642:2|0:881:2
ckpt_300.pt,0,784,0.35084912180900574,0.07150409370660782,0.33264538645744324,"25,15,206,42,180","6,211,53,92,30",0:813:3|0:10:2|0:136:2
ckpt_300.pt,0,785,0.34260573983192444,0.06447774171829224,0.316681444644928,"10,251,177,221,223","63,48,159,54,37",0:16:2|0:186:2|0:418:2
ckpt_300.pt,0,786,0.3167797029018402,0.05361875891685486,0.30724018812179565,"123,199,240,82,57","197,123,238,77,254",0:195:2|0:858:2|0:0:1
ckpt_300.pt,0,787,0.3491489291191101,0.057682234793901443,0.3373410999774933,"46,143,35,76,174","164,204,209,57,14",0:174:2|0:824:2|0:10:1
ckpt_300.pt,0,788,0.3207387626171112,0.05629361420869827,0.3394118547439575,"171,22,60,27,124","189,240,18,207,68",0:51:2|0:64:2|0:444:2
ckpt_300.pt,0,789,0.34534895420074463,0.06165376678109169,0.3641614615917206,"230,121,93,192,183","41,90,230,23,156",0:101:2|0:150:2|0:626:2
ckpt_300.pt,0,790,0.3665308952331543,0.0658198744058609,0.33723071217536926,"14,24,68,188,78","241,137,102,167,197",0:372:2|0:608:2|0:653:2
ckpt_300.pt,0,791,0.3365299105644226,0.05995101109147072,0.3031933307647705,"214,188,199,138,27","160,51,102,176,145",0:107:2|0:153:2|0:273:2
ckpt_300.pt,0,792,0.3217180371284485,0.05418446660041809,0.32783523201942444,"173,183,147,223,141","51,115,147,130,101",0:207:2|0:418:2|0:549:2
ckpt_300.pt,0,793,0.33941149711608887,0.07219190895557404,0.34833699464797974,"27,156,101,10,182","104,198,44,75,142",0:2:1|0:16:1|0:35:1
ckpt_300.pt,0,794,0.33462274074554443,0.062407031655311584,0.3195996582508087,"87,170,64,35,79","165,44,193,63,254",0:1011:2|0:10:1|0:15:1
ckpt_300.pt,0,795,0.31074872612953186,0.06723435968160629,0.3174327611923218,"47,179,148,43,30","236,231,0,85,17",0:77:2|0:151:2|0:320:2
ckpt_300.pt,0,796,0.3319064676761627,0.07288307696580887,0.32060593366622925,"133,166,163,100,219","209,6,190,249,63",0:131:2|0:295:2|0:529:2
ckpt_300.pt,0,797,0.3679201304912567,0.07423888891935349,0.3358023762702942,"135,162,196,154,238","154,207,106,205,204",0:902:3|0:951:2|0:976:2
ckpt_300.pt,0,798,0.33810368180274963,0.06523576378822327,0.3289321959018707,"125,58,33,43,7","194,248,37,5,153",0:44:2|0:147:2|0:183:2
ckpt_300.pt,0,799,0.33317387104034424,0.06685852259397507,0.3094419836997986,"192,72,84,215,17","23,213,147,140,104",0:150:2|0:283:2|0:589:2
ckpt_300.pt,0,800,0.33751118183135986,0.05430237576365471,0.29681596159935,"237,41,11,35,113","249,155,78,66,158",0:112:2|0:381:2|0:443:2
ckpt_300.pt,0,801,0.3507234454154968,0.06739015877246857,0.29214099049568176,"159,93,83,147,103","18,104,78,208,12",0:85:2|0:453:2|0:611:2
ckpt_300.pt,0,802,0.33020368218421936,0.06305685639381409,0.32710352540016174,"176,36,192,24,194","156,3,58,231,48",0:8:1|0:19:1|0:22:1
ckpt_300.pt,0,803,0.35929790139198303,0.07061774283647537,0.30975231528282166,"111,207,151,200,41","72,216,162,160,190",0:212:3|0:52:2|0:92:2
ckpt_300.pt,0,804,0.31886807084083557,0.0652356743812561,0.33696427941322327,"205,8,22,87,108","37,158,192,255,238",0:215:2|0:392:2|0:620:2
ckpt_300.pt,0,805,0.33119145035743713,0.06425009667873383,0.32675302028656006,"13,176,229,41,175","37,107,143,214,142",0:234:2|0:512:2|0:630:2
ckpt_300.pt,0,806,0.3560343086719513,0.0668332427740097,0.3271499574184418,"213,177,77,30,165","48,255,90,22,57",0:160:2|0:204:2|0:907:2
ckpt_300.pt,0,807,0.33611077070236206,0.05961383506655693,0.3428351581096649,"109,119,12,90,189","191,140,178,110,252",0:381:2|0:649:2|0:775:2
ckpt_300.pt,0,808,0.357413649559021,0.10013434290885925,0.32591375708580017,"211,165,47,249,41","50,155,49,222,101",0:112:2|0:3:1|0:4:1
ckpt_300.pt,0,809,0.3294565677642822,0.06242525950074196,0.30345579981803894,"175,56,21,200,93","119,20,217,55,144",0:365:2|0:18:1|0:20:1
ckpt_300.pt,0,810,0.3217576742172241,0.061723507940769196,0.3333824872970581,"169,91,187,47,251","49,240,217,22,235",0:113:2|0:522:2|0:594:2
ckpt_300.pt,0,811,0.33645322918891907,0.055934056639671326,0.3355313539505005,"21,209,94,138,42","28,97,37,230,215",0:932:2|0:6:1|0:47:1
ckpt_300.pt,0,812,0.318681001663208,0.05011580511927605,0.30704212188720703,"212,2,120,155,9","51,67,249,89,191",0:126:2|0:427:2|0:454:2
ckpt_300.pt,0,813,0.34204068779945374,0.06737565994262695,0.3431548774242401,"25,15,248,42,85","162,89,245,150,211",0:784:3|0:10:2|0:136:2
ckpt_300.pt,0,814,0.3434160053730011,0.06373725831508636,0.34210652112960815,"116,238,118,208,220","90,149,22,123,224",0:49:2|0:208:2|0:641:2
ckpt_300.pt,0,815,0.33995872735977173,0.053228069096803665,0.354872465133667,"27,140,3,100,174","125,132,205,187,179",0:998:2|0:2:1|0:26:1
ckpt_300.pt,0,816,0.3196161985397339,0.05420180410146713,0.3029150068759918,"136,107,47,39,18","192,188,35,191,156",0:211:2|0:408:2|0:731:2
ckpt_300.pt,0,817,0.2992114722728729,0.05261346697807312,0.2905060350894928,"239,95,179,20,0","97,176,145,29,104",0:84:2|0:0:1|0:19:1
ckpt_300.pt,0,818,0.3080383241176605,0.054651159793138504,0.331710547208786,"16,222,91,123,138","21,230,84,171,78",0:0:1|0:12:1|0:51:1
ckpt_300.pt,0,819,0.3241216838359833,0.06261608004570007,0.30462446808815,"166,100,4,30,209","117,196,253,18,11",0:796:2|0:2:1|0:8:1
ckpt_300.pt,0,820,0.3449397087097168,0.08432693779468536,0.3107045590877533,"164,50,198,105,174","244,25,240,195,199",0:48:1|0:64:1|0:74:1
ckpt_300.pt,0,821,0.3226829469203949,0.057953931391239166,0.32624509930610657,"24,54,186,27,39","243,228,29,230,154",0:576:2|0:2:1|0:35:1
ckpt_300.pt,0,822,0.3497629165649414,0.06110730394721031,0.31498807668685913,"133,253,54,72,31","128,16,184,10,152",0:371:2|0:677:2|0:847:2
ckpt_300.pt,0,823,0.3554720878601074,0.06388293951749802,0.31947362422943115,"42,201,235,36,129","6,154,102,221,155",0:337:2|0:738:2|0:8:1
ckpt_300.pt,0,824,0.32328128814697266,0.05126313492655754,0.3286684453487396,"94,246,174,46,232","5,223,231,156,111",0:312:2|0:459:2|0:757:2
ckpt_300.pt,0,825,0.29977190494537354,0.06128348782658577,0.3160523772239685,"209,81,171,0,28","69,135,77,116,114",0:856:3|0:164:2|0:301:2
ckpt_300.pt,0,826,0.3096199333667755,0.05974927172064781,0.3177369236946106,"65,156,25,204,74","129,108,174,122,65",0:196:2|0:672:2|0:10:1
ckpt_300.pt,0,827,0.3256513476371765,0.05279145762324333,0.336931049823761,"8,140,81,119,254","255,183,141,169,186",0:26:2|0:319:2|0:7:1
ckpt_300.pt,0,828,0.3417240381240845,0.06082328408956528,0.30600646138191223,"0,184,197,234,23","12,141,1,89,165",0:366:2|0:640:2|0:779:2
ckpt_300.pt,0,829,0.35128721594810486,0.05782068893313408,0.3568175435066223,"20,92,138,164,32","102,147,56,181,254",0:56:2|0:587:2|0:767:2
ckpt_300.pt,0,830,0.3075026869773865,0.0517573282122612,0.3047809898853302,"120,70,6,44,52","190,78,69,165,4",0:194:2|0:369:2|0:392:2
ckpt_300.pt,0,831,0.32507798075675964,0.058733824640512466,0.3176124095916748,"95,116,5,22,198","146,117,103,188,183",0:336:2|0:692:2|0:753:2
ckpt_300.pt,0,832,0.3317035138607025,0.06807509809732437,0.3297059237957001,"200,187,70,247,34","183,147,125,126,139",0:212:2|0:668:2|0:879:2
ckpt_300.pt,0,833,0.33451151847839355,0.057246651500463486,0.31192880868911743,"118,250,253,178,41","122,96,8,18,66",0:498:2|0:882:2|0:32:1
ckpt_300.pt,0,834,0.3434659242630005,0.07629513740539551,0.3379646837711334,"9,12,199,67,135","50,15,64,68,122",0:952:2|0:987:2|0:1:1
ckpt_300.pt,0,835,0.3361630439758301,0.06360340118408203,0.3318342864513397,"83,24,201,51,211","198,179,32,66,234",0:120:2|0:7:1|0:17:1
ckpt_300.pt,0,836,0.3316534161567688,0.059535153210163116,0.3215731680393219,"183,64,242,22,169","81,123,196,200,23",0:483:2|0:17:1|0:29:1
ckpt_300.pt,0,837,0.33213937282562256,0.07736442983150482,0.31399309635162354,"91,221,75,212,203","4,93,44,91,96",0:734:2|0:1010:2|0:0:1
ckpt_300.pt,0,838,0.3200972378253937,0.050099361687898636,0.3151041865348816,"254,193,76,15,11","43,53,154,164,83",0:10:1|0:13:1|0:22:1
ckpt_300.pt,0,839,0.31753095984458923,0.07269325852394104,0.35131755471229553,"89,69,19,90,178","36,211,161,23,57",0:676:2|0:769:2|0:775:2
ckpt_300.pt,0,840,0.35182899236679077,0.07863055169582367,0.3121007978916168,"22,65,102,184,83","111,61,31,206,232",0:23:2|0:441:2|0:965:2
ckpt_300.pt,0,841,0.33906108140945435,0.06315286457538605,0.3217896521091461,"7,184,46,202,153","84,57,213,113,90",0:252:2|0:898:2|0:19:1
ckpt_300.pt,0,842,0.34852978587150574,0.07341576367616653,0.3324265778064728,"116,18,91,109,142","33,239,22,109,224",0:585:2|0:0:1|0:12:1
ckpt_300.pt,0,843,0.3223899006843567,0.06259927153587341,0.33966562151908875,"13,222,75,156,151","25,111,63,219,217",0:106:2|0:343:2|0:457:2
ckpt_300.pt,0,844,0.3006240427494049,0.048902977257966995,0.30949142575263977,"71,162,170,231,134","156,154,241,122,92",0:739:2|0:771:2|0:5:1
ckpt_300.pt,0,845,0.32842981815338135,0.056635454297065735,0.3375459909439087,"49,122,48,189,95","3,250,248,173,49",0:11:2|0:18:2|0:84:2
ckpt_300.pt,0,846,0.34440720081329346,0.07536976039409637,0.3352454900741577,"226,25,37,108,76","73,144,137,197,10",0:624:2|0:10:1|0:16:1
ckpt_300.pt,0,847,0.31816449761390686,0.05776311457157135,0.35427093505859375,"104,101,72,119,31","245,162,12,224,83",0:274:2|0:400:2|0:445:2
ckpt_300.pt,0,848,0.3228738009929657,0.057537905871868134,0.35762861371040344,"37,167,253,98,232","12,244,4,108,79",0:66:2|0:459:2|0:927:2
ckpt_300.pt,0,849,0.3445983827114105,0.06364660710096359,0.34267932176589966,"208,202,14,213,18","161,176,145,205,198",0:582:2|0:4:1|0:6:1
ckpt_300.pt,0,850,0.33923962712287903,0.059821274131536484,0.3502601683139801,"53,227,14,231,184","141,97,170,37,46",0:911:2|0:4:1|0:23:1
ckpt_300.pt,0,851,0.3216356933116913,0.05981084704399109,0.3365825116634369,"240,230,1,135,158","153,14,180,34,220",0:304:2|0:415:2|0:708:2
ckpt_300.pt,0,852,0.33122366666793823,0.04921266809105873,0.35857656598091125,"74,56,9,143,126","68,112,99,75,83",0:20:1|0:22:1|0:27:1
ckpt_300.pt,0,853,0.3295866549015045,0.07258158177137375,0.33311963081359863,"218,254,154,241,51","141,46,49,253,146",0:536:2|0:916:2|0:0:1
ckpt_300.pt,0,854,0.31595978140830994,0.05768654868006706,0.3158283233642578,"90,153,163,51,85","64,136,216,194,153",0:99:2|0:14:1|0:19:1
ckpt_300.pt,0,855,0.32203152775764465,0.06768079102039337,0.32169973850250244,"100,189,43,2,105","146,217,16,54,35",0:90:2|0:171:2|0:226:2
ckpt_300.pt,0,856,0.32630816102027893,0.05262317508459091,0.3332109749317169,"227,187,81,171,209","253,87,156,41,89",0:825:3|0:14:1|0:21:1
ckpt_300.pt,0,857,0.341187983751297,0.07412493973970413,0.35086187720298767,"49,186,221,128,177","23,28,239,215,140",0:181:2|0:317:2|0:470:2
ckpt_300.pt,0,858,0.3613590598106384,0.06710853427648544,0.33930620551109314,"210,86,82,68,240","157,169,47,142,3",0:184:2|0:501:2|0:786:2
ckpt_300.pt,0,859,0.3274456560611725,0.05310356616973877,0.3195931315422058,"125,7,247,134,116","113,182,39,77,28",0:34:2|0:177:2|0:422:2
ckpt_300.pt,0,860,0.3224813938140869,0.056093163788318634,0.33170872926712036,"53,222,235,160,75","140,82,100,63,175",0:106:2|0:343:2|0:415:2
ckpt_300.pt,0,861,0.29911190271377563,0.06284146010875702,0.32120832800865173,"249,73,22,86,58","142,244,5,147,199",0:941:2|0:1:1|0:17:1
ckpt_300.pt,0,862,0.3648035228252411,0.06259118020534515,0.3265298008918762,"129,93,8,189,25","50,38,39,227,32",0:18:2|0:26:2|0:363:2
ckpt_300.pt,0,863,0.3232199549674988,0.06673998385667801,0.3602443337440491,"53,92,224,130,106","83,44,110,150,37",0:56:2|0:61:2|0:477:2
ckpt_300.pt,0,864,0.33337822556495667,0.056847136467695236,0.3355961740016937,"29,150,17,145,149","187,81,195,148,227",0:154:2|0:277:2|0:322:2
ckpt_300.pt,0,865,0.3182508945465088,0.06533998996019363,0.3112635612487793,"240,113,101,150,4","200,71,235,225,3",0:2:2|0:139:2|0:456:2
ckpt_300.pt,0,866,0.3293178975582123,0.060261745005846024,0.32203736901283264,"112,8,122,209,36","46,222,126,61,192",0:166:2|0:250:2|0:678:2
ckpt_300.pt,0,867,0.322763055562973,0.057960592210292816,0.34365779161453247,"203,142,200,207,27","236,148,134,56,158",0:148:2|0:208:2|0:704:2
ckpt_300.pt,0,868,0.34860754013061523,0.05827012285590172,0.34832292795181274,"227,165,226,166,208","81,25,209,249,49",0:104:2|0:582:2|0:3:1
ckpt_300.pt,0,869,0.31775832176208496,0.058674026280641556,0.32424449920654297,"160,245,57,15,34","34,42,45,172,23",0:7:1|0:10:1|0:33:1
ckpt_300.pt,0,870,0.32712510228157043,0.05530882254242897,0.3323989510536194,"101,33,104,92,180","19,25,5,93,232",0:274:2|0:387:2|0:604:2
ckpt_300.pt,0,871,0.3537691831588745,0.06497766822576523,0.3351499140262604,"130,29,246,155,210","176,58,244,204,158",0:222:2|0:530:2|0:776:2
ckpt_300.pt,0,872,0.34290018677711487,0.0600723996758461,0.32555705308914185,"219,125,239,106,221","30,117,82,1,172",0:75:2|0:321:2|0:1010:2
ckpt_300.pt,0,873,0.3456123471260071,0.06398921459913254,0.3665580153465271,"86,171,69,245,116","66,104,6,28,184",0:124:2|0:501:2|0:665:2
ckpt_300.pt,0,874,0.326251745223999,0.062162406742572784,0.32622987031936646,"166,105,148,10,70","248,110,101,65,218",0:566:3|0:8:2|0:145:2
ckpt_300.pt,0,875,0.34870344400405884,0.07695338875055313,0.3377595543861389,"111,12,68,212,52","9,97,150,80,201",0:382:2|0:623:2|0:770:2
ckpt_300.pt,0,876,0.3290520906448364,0.05706347897648811,0.3115282356739044,"30,249,49,66,40","64,122,30,42,113",0:622:2|0:27:1|0:47:1
ckpt_300.pt,0,877,0.33526164293289185,0.0701351910829544,0.3249308168888092,"53,50,214,149,10","25,24,136,2,126",0:240:2|0:566:2|0:14:1
ckpt_300.pt,0,878,0.2825430929660797,0.05857020616531372,0.34380903840065,"174,130,21,136,123","16,123,134,126,210",0:78:2|0:268:2|0:365:2
ckpt_300.pt,0,879,0.34215325117111206,0.07015141099691391,0.3270469903945923,"70,30,247,123,86","86,82,11,134,79",0:472:2|0:501:2|0:832:2
ckpt_300.pt,0,880,0.33487144112586975,0.06952283531427383,0.3268640339374542,"20,42,26,182,120","230,213,68,195,216",0:313:2|0:421:2|0:471:2
ckpt_300.pt,0,881,0.34631842374801636,0.054854705929756165,0.3252798318862915,"84,101,106,42,220","45,170,236,50,81",0:236:2|0:307:2|0:313:2
ckpt_300.pt,0,882,0.3401007354259491,0.08662232756614685,0.335231751203537,"133,196,253,26,178","229,66,157,74,11",0:87:2|0:754:2|0:822:2
ckpt_300.pt,0,883,0.32662874460220337,0.06598279625177383,0.32439494132995605,"114,75,105,224,70","95,20,54,192,201",0:145:2|0:464:2|0:628:2
ckpt_300.pt,0,884,0.3243359625339508,0.055632200092077255,0.3374897539615631,"66,252,29,57,205","8,129,133,162,74",0:46:2|0:103:2|0:137:2
ckpt_300.pt,0,885,0.3093104362487793,0.06047328934073448,0.32434308528900146,"40,89,212,201,14","59,49,110,185,144",0:79:2|0:196:2|0:608:2
ckpt_300.pt,0,886,0.29923009872436523,0.05469515174627304,0.34763965010643005,"255,219,50,132,169","121,154,38,146,18",0:321:2|0:363:2|0:679:2
ckpt_300.pt,0,887,0.3217180371284485,0.05168251320719719,0.3165474832057953,"178,16,0,225,168","246,102,60,44,219",0:311:2|0:319:2|0:992:2
ckpt_300.pt,0,888,0.31384167075157166,0.06390758603811264,0.3020574152469635,"197,235,84,189,245","162,4,222,51,176",0:45:2|0:229:2|0:290:2
ckpt_300.pt,0,889,0.32269981503486633,0.054921168833971024,0.30529919266700745,"216,78,173,217,16","200,42,171,216,189",0:214:2|0:397:2|0:686:2
ckpt_300.pt,0,890,0.3101789355278015,0.057835906744003296,0.3198437988758087,"217,141,154,86,223","243,125,66,135,228",0:42:2|0:418:2|0:617:2
ckpt_300.pt,0,891,0.34818288683891296,0.07363796979188919,0.32878339290618896,"60,196,189,177,235","16,133,135,89,4",0:348:2|0:353:2|0:888:2
ckpt_300.pt,0,892,0.3259977698326111,0.07006426900625229,0.335710346698761,"58,132,82,212,154","38,191,162,194,44",0:454:2|0:511:2|0:0:1
ckpt_300.pt,0,893,0.32432031631469727,0.05330978333950043,0.34257787466049194,"220,208,170,15,123","18,211,49,131,54",0:136:2|0:195:2|0:307:2
ckpt_300.pt,0,894,0.3236330449581146,0.07294289767742157,0.3478594720363617,"219,53,142,66,121","29,123,1,21,186",0:689:2|0:5:1|0:20:1
ckpt_300.pt,0,895,0.33898624777793884,0.0655064731836319,0.32664763927459717,"226,101,39,189,78","106,74,177,252,1",0:943:3|0:387:2|0:397:2
ckpt_300.pt,0,896,0.31242290139198303,0.053943559527397156,0.33712053298950195,"140,134,51,226,58","216,195,7,52,1",0:159:2|0:224:2|0:11:1
ckpt_300.pt,0,897,0.35108935832977295,0.0686633363366127,0.32119038701057434,"189,208,6,111,115","242,199,153,80,168",0:84:2|0:485:2|0:540:2
ckpt_300.pt,0,898,0.31895220279693604,0.0598500557243824,0.3289565145969391,"184,3,15,153,20","11,140,228,18,171",0:252:2|0:405:2|0:421:2
ckpt_300.pt,0,899,0.3237017095088959,0.06594359874725342,0.3553132116794586,"202,131,166,140,114","244,238,16,252,35",0:81:2|0:8:1|0:26:1
ckpt_300.pt,0,900,0.3366404175758362,0.05845540761947632,0.30078187584877014,"112,27,121,41,29","160,233,116,123,145",0:82:2|0:740:2|0:2:1
ckpt_300.pt,0,901,0.33687809109687805,0.07877574861049652,0.3227041959762573,"223,85,239,72,195","232,228,253,139,59",0:695:2|0:778:2|0:5:1
ckpt_300.pt,0,902,0.3543010354042053,0.05959504470229149,0.3100132644176483,"135,117,162,129,196","1,253,159,53,54",0:797:3|0:14:1|0:18:1
ckpt_300.pt,0,903,0.3302316665649414,0.06389646232128143,0.31678691506385803,"187,240,119,44,91","198,121,70,22,83",0:54:2|0:97:2|0:143:2
ckpt_300.pt,0,904,0.34478557109832764,0.057383276522159576,0.32217326760292053,"234,157,50,76,243","166,124,3,110,204",0:366:2|0:656:2|0:1:1
ckpt_300.pt,0,905,0.3264598250389099,0.050589900463819504,0.3103100657463074,"141,250,85,139,79","159,41,226,174,34",0:340:2|0:681:2|0:1017:2
ckpt_300.pt,0,906,0.34661856293678284,0.0641259104013443,0.3288487195968628,"31,173,192,115,104","101,50,76,121,122",0:173:2|0:214:2|0:445:2
ckpt_300.pt,0,907,0.327544242143631,0.06091463565826416,0.34129059314727783,"165,201,134,77,197","251,28,215,225,82",0:638:2|0:678:2|0:806:2
ckpt_300.pt,0,908,0.3554265797138214,0.0636449009180069,0.33128127455711365,"48,236,174,87,200","55,50,115,71,223",0:15:2|0:184:2|0:658:2
ckpt_300.pt,0,909,0.32295548915863037,0.061531804502010345,0.32390305399894714,"147,163,159,193,217","163,48,80,195,190",0:453:2|0:533:2|0:801:2
ckpt_300.pt,0,910,0.3280502259731293,0.06838303059339523,0.31476661562919617,"13,26,56,70,242","64,116,11,88,41",0:145:2|0:291:2|0:994:2
ckpt_300.pt,0,911,0.33478841185569763,0.05911528319120407,0.3497103452682495,"178,231,11,14,212","118,182,121,223,9",0:91:2|0:178:2|0:850:2
ckpt_300.pt,0,912,0.33142563700675964,0.05928512290120125,0.3519829511642456,"14,182,140,122,179","128,127,217,111,52",0:57:2|0:151:2|0:264:2
ckpt_300.pt,0,913,0.33303144574165344,0.05943199619650841,0.332552045583725,"81,251,163,232,55","230,193,140,184,51",0:298:2|0:440:2|0:2:1
ckpt_300.pt,0,914,0.32275936007499695,0.05681164190173149,0.3236262798309326,"134,16,18,46,70","90,213,171,159,205",0:638:2|0:669:2|0:8:1
ckpt_300.pt,0,915,0.335068941116333,0.08368663489818573,0.30391639471054077,"225,235,140,137,206","142,105,35,65,112",0:659:2|0:746:2|0:26:1
ckpt_300.pt,0,916,0.34046345949172974,0.07297118753194809,0.33980265259742737,"254,39,91,2,218","158,218,38,232,137",0:853:2|0:999:2|0:12:1
ckpt_300.pt,0,917,0.3306692838668823,0.05859362334012985,0.32026544213294983,"236,98,71,220,58","12,69,165,7,139",0:643:2|0:5:1|0:13:1
ckpt_300.pt,0,918,0.36402198672294617,0.05508355796337128,0.34788978099823,"150,200,158,253,29","47,211,189,95,145",0:864:2|0:940:2|0:991:2
ckpt_300.pt,0,919,0.34537890553474426,0.09133993089199066,0.3217853307723999,"69,26,211,30,46","50,127,221,245,212",0:430:2|0:542:2|0:750:2
ckpt_300.pt,0,920,0.35611432790756226,0.0765056163072586,0.3357943594455719,"218,70,194,69,81","162,14,82,50,137",0:21:2|0:360:2|0:440:2
ckpt_300.pt,0,921,0.34519562125205994,0.061272334307432175,0.340045690536499,"202,59,101,108,75","48,93,155,252,199",0:170:2|0:190:2|0:242:2
ckpt_300.pt,0,922,0.32746538519859314,0.05375273898243904,0.3154737055301666,"144,35,75,102,160","215,47,79,102,178",0:258:2|0:343:2|0:860:2
ckpt_300.pt,0,923,0.30313700437545776,0.05438433960080147,0.3360217809677124,"130,97,172,142,147","76,203,45,105,78",0:21:2|0:330:2|0:537:2
ckpt_300.pt,0,924,0.33584949374198914,0.06299512088298798,0.31272169947624207,"96,9,23,106,158","28,65,2,178,234",0:9:2|0:271:2|0:306:2
ckpt_300.pt,0,925,0.3161916136741638,0.06430882215499878,0.36132529377937317,"118,39,77,36,142","254,74,60,141,22",0:8:2|0:303:2|0:704:2
ckpt_300.pt,0,926,0.3356110155582428,0.06467152386903763,0.31465744972229004,"19,183,105,26,85","240,76,19,21,243",0:14:1|0:29:1|0:30:1
ckpt_300.pt,0,927,0.30762770771980286,0.05781775340437889,0.3091540038585663,"141,151,167,253,248","201,237,133,202,149",0:199:2|0:455:2|0:747:2
ckpt_300.pt,0,928,0.2820661664009094,0.04428616166114807,0.3100023567676544,"128,161,207,68,178","20,31,203,143,40",0:52:2|0:169:2|0:350:2
ckpt_300.pt,0,929,0.31539347767829895,0.0587872676551342,0.33137401938438416,"117,183,96,202,209","194,86,181,128,225",0:545:2|0:547:2|0:567:2
ckpt_300.pt,0,930,0.3355315327644348,0.06149217486381531,0.3018873631954193,"185,29,134,24,206","29,172,79,43,217",0:82:2|0:177:2|0:289:2
ckpt_300.pt,0,931,0.33228984475135803,0.059216707944869995,0.334574431180954,"47,25,50,141,162","101,136,64,88,143",0:482:2|0:938:2|0:974:2
ckpt_300.pt,0,932,0.37378546595573425,0.07355614751577377,0.33111459016799927,"17,171,94,232,21","50,197,199,61,244",0:83:2|0:373:2|0:811:2
ckpt_300.pt,0,933,0.33625084161758423,0.06144869700074196,0.30010896921157837,"160,33,67,229,152","198,129,202,140,131",0:180:2|0:494:2|0:683:2
ckpt_300.pt,0,934,0.31277740001678467,0.0620034895837307,0.3140932619571686,"50,183,213,71,184","84,10,231,135,60",0:962:2|0:5:1|0:6:1
ckpt_300.pt,0,935,0.3108508586883545,0.060530442744493484,0.3435923457145691,"142,216,218,189,95","76,2,197,6,135",0:84:2|0:148:2|0:472:2
ckpt_300.pt,0,936,0.3088509738445282,0.05680860951542854,0.3207927942276001,"29,20,251,15,199","41,7,85,225,78",0:153:2|0:220:2|0:405:2
ckpt_300.pt,0,937,0.3523586094379425,0.06264554709196091,0.3144093155860901,"3,87,106,50,189","221,156,171,147,78",0:185:2|0:271:2|0:6:1
ckpt_300.pt,0,938,0.3415740132331848,0.06516099721193314,0.327947199344635,"145,47,50,155,37","23,5,174,237,152",0:238:2|0:598:2|0:733:2
ckpt_300.pt,0,939,0.3186064064502716,0.0634852722287178,0.3209204077720642,"176,241,112,153,109","205,79,188,65,107",0:40:2|0:396:2|0:657:2
ckpt_300.pt,0,940,0.32577982544898987,0.05866929516196251,0.3463161587715149,"158,20,208,46,29","6,167,203,36,116",0:62:2|0:252:2|0:497:2
ckpt_300.pt,0,941,0.3348597586154938,0.06226624548435211,0.3139546513557434,"189,249,95,120,86","240,253,202,201,214",0:66:2|0:84:2|0:148:2
ckpt_300.pt,0,942,0.3339782953262329,0.06186021864414215,0.35604387521743774,"109,237,130,238,255","98,127,123,151,228",0:49:2|0:201:2|0:7:1
ckpt_300.pt,0,943,0.3325241804122925,0.05873553082346916,0.3167806565761566,"101,189,37,115,78","96,194,77,162,54",0:895:3|0:397:2|0:712:2
ckpt_300.pt,0,944,0.33201321959495544,0.06544505804777145,0.3361344039440155,"41,150,3,24,132","172,41,254,206,185",0:83:1|0:96:1|0:97:1
ckpt_300.pt,0,945,0.33526238799095154,0.0601123571395874,0.30426904559135437,"234,87,240,179,107","22,75,187,14,104",0:132:2|0:176:2|0:184:2
ckpt_300.pt,0,946,0.3349590003490448,0.06666316092014313,0.361532062292099,"246,242,108,84,104","55,17,3,197,181",0:138:2|0:189:2|0:458:2
ckpt_300.pt,0,947,0.31567439436912537,0.07121288031339645,0.3290290832519531,"6,152,48,176,47","127,8,14,183,197",0:169:2|0:15:1|0:23:1
ckpt_300.pt,0,948,0.3094114661216736,0.051479656249284744,0.3193666338920593,"182,49,63,14,181","255,192,217,100,131",0:427:2|0:912:2|0:4:1
ckpt_300.pt,0,949,0.33579814434051514,0.05760246142745018,0.3383200466632843,"215,6,239,54,76","197,7,237,140,248",0:134:2|0:697:2|0:726:2
ckpt_300.pt,0,950,0.3284261226654053,0.058931875973939896,0.3436087965965271,"150,16,181,87,149","251,53,42,170,169",0:96:2|0:176:2|0:864:2
ckpt_300.pt,0,951,0.3417593538761139,0.05662970617413521,0.34878963232040405,"135,180,238,51,41","6,14,59,226,215",0:550:2|0:717:2|0:797:2
ckpt_300.pt,0,952,0.31967607140541077,0.05444766953587532,0.3355506360530853,"197,9,73,135,1","10,54,192,216,198",0:287:2|0:834:2|0:851:2
ckpt_300.pt,0,953,0.3399656414985657,0.059448421001434326,0.33595985174179077,"15,80,5,132,218","111,193,47,45,219",0:484:3|0:488:2|0:700:2
ckpt_300.pt,0,954,0.32059764862060547,0.06170635297894478,0.3261435031890869,"232,63,167,54,147","227,196,15,98,13",0:66:2|0:75:2|0:144:2
ckpt_300.pt,0,955,0.33662745356559753,0.06621124595403671,0.3293904662132263,"162,133,45,4,140","39,16,167,200,136",0:412:2|0:417:2|0:754:2
ckpt_300.pt,0,956,0.336617112159729,0.07765126973390579,0.3149201273918152,"54,106,59,57,46","46,77,109,79,58",0:634:2|0:688:2|0:6:1
ckpt_300.pt,0,957,0.33199918270111084,0.05386104807257652,0.31932923197746277,"170,182,37,41,160","32,38,123,13,115",0:264:2|0:345:2|0:367:2
ckpt_300.pt,0,958,0.3426913619041443,0.06386015564203262,0.34169068932533264,"108,192,190,152,183","87,162,38,239,135",0:789:2|0:22:1|0:29:1
ckpt_300.pt,0,959,0.3282948434352875,0.06504959613084793,0.31502068042755127,"139,21,25,186,44","234,40,188,134,174",0:10:2|0:140:2|0:373:2
ckpt_300.pt,0,960,0.35360637307167053,0.06337712705135345,0.3312745988368988,"42,189,162,157,169","223,34,102,251,228",0:363:2|0:529:2|0:679:2
ckpt_300.pt,0,961,0.338933527469635,0.0628032237291336,0.30623531341552734,"17,100,52,123,163","73,16,126,172,195",0:543:3|0:546:2|0:578:2
ckpt_300.pt,0,962,0.3172917068004608,0.05838245525956154,0.3431563675403595,"50,213,111,121,210","152,223,215,158,125",0:200:2|0:246:2|0:598:2
ckpt_300.pt,0,963,0.32160335779190063,0.05032024905085564,0.32337090373039246,"236,63,53,189,162","76,137,31,180,105",0:50:2|0:364:2|0:397:2
ckpt_300.pt,0,964,0.3394721746444702,0.05782477185130119,0.34081020951271057,"243,209,18,75,84","243,193,120,60,224",0:164:2|0:407:2|0:585:2
ckpt_300.pt,0,965,0.3324853479862213,0.058974992483854294,0.3437567949295044,"247,182,83,13,184","194,3,7,183,140",0:413:2|0:452:2|0:840:2
ckpt_300.pt,0,966,0.348274290561676,0.06933809071779251,0.3370819091796875,"102,175,119,122,176","73,113,244,54,5",0:18:2|0:259:2|0:313:2
ckpt_300.pt,0,967,0.3187786638736725,0.06637248396873474,0.31027570366859436,"152,186,253,130,21","205,59,29,85,66",0:199:2|0:373:2|0:878:2
ckpt_300.pt,0,968,0.3553292453289032,0.06865538656711578,0.3041648268699646,"199,218,136,238,81","239,50,236,155,120",0:21:2|0:49:2|0:265:2
ckpt_300.pt,0,969,0.34753260016441345,0.0740315318107605,0.3371201157569885,"153,113,115,44,120","80,77,234,62,71",0:2:2|0:479:2|0:563:2
ckpt_300.pt,0,970,0.32862356305122375,0.06638900935649872,0.32193422317504883,"72,230,249,185,141","56,194,151,203,226",0:539:2|0:600:2|0:12:1
ckpt_300.pt,0,971,0.34654754400253296,0.06306306272745132,0.33274176716804504,"113,168,212,144,209","224,198,243,188,95",0:401:2|0:454:2|0:456:2
ckpt_300.pt,0,972,0.28099966049194336,0.052492763847112656,0.3144589960575104,"62,162,247,184,204","17,245,11,156,221",0:249:2|0:391:2|0:419:2
ckpt_300.pt,0,973,0.33022594451904297,0.06170942634344101,0.33173781633377075,"167,153,249,81,229","72,248,93,120,194",0:66:2|0:288:2|0:605:2
ckpt_300.pt,0,974,0.33297494053840637,0.055506668984889984,0.3279494047164917,"47,35,233,50,148","196,151,206,198,132",0:116:2|0:344:2|0:526:2
ckpt_300.pt,0,975,0.3445761799812317,0.07058489322662354,0.33983516693115234,"59,60,137,246,31","13,215,59,144,122",0:348:2|0:365:2|0:390:2
ckpt_300.pt,0,976,0.31898871064186096,0.06024930998682976,0.31807976961135864,"76,196,195,92,238","220,18,129,87,117",0:172:2|0:773:2|0:797:2
ckpt_300.pt,0,977,0.33449622988700867,0.050909195095300674,0.323386013507843,"255,254,177,105,216","48,68,156,19,146",0:30:2|0:156:2|0:192:2
ckpt_300.pt,0,978,0.32452547550201416,0.06340130418539047,0.3048926293849945,"16,40,11,31,221","169,173,16,252,60",0:176:2|0:431:2|0:16:1
ckpt_300.pt,0,979,0.3265736699104309,0.06994885951280594,0.33541586995124817,"84,28,230,115,207","240,110,133,115,0",0:3:1|0:13:1|0:25:1
ckpt_300.pt,0,980,0.34613412618637085,0.06553281843662262,0.3216007649898529,"159,239,62,50,41","154,222,25,53,8",0:98:2|0:550:2|0:4:1
ckpt_300.pt,0,981,0.3523758351802826,0.060375746339559555,0.3273365795612335,"246,97,25,16,56","197,252,107,240,255",0:776:2|0:10:1|0:20:1
ckpt_300.pt,0,982,0.34538671374320984,0.05282294377684593,0.3104974329471588,"198,88,142,130,11","13,243,18,143,126",0:111:2|0:336:2|0:923:2
ckpt_300.pt,0,983,0.33639150857925415,0.05850774794816971,0.33135074377059937,"167,200,74,71,127","237,133,216,94,91",0:314:2|0:1:1|0:3:1
ckpt_300.pt,0,984,0.34965166449546814,0.0541468970477581,0.31892189383506775,"159,214,91,21,246","181,191,3,120,96",0:115:3|0:114:2|0:365:2
ckpt_300.pt,0,985,0.33050885796546936,0.05967845022678375,0.31982532143592834,"224,156,226,248,99","224,28,71,245,167",0:16:1|0:43:1|0:48:1
ckpt_300.pt,0,986,0.3278363049030304,0.06875686347484589,0.32259032130241394,"245,102,126,113,171","57,197,179,89,104",0:23:2|0:124:2|0:559:2
ckpt_300.pt,0,987,0.32225045561790466,0.056596800684928894,0.33775579929351807,"251,117,236,67,12","201,22,74,254,93",0:194:2|0:558:2|0:834:2
ckpt_300.pt,0,988,0.34676966071128845,0.06762321293354034,0.3376755118370056,"13,68,40,128,64","154,43,123,95,212",0:125:2|0:452:2|0:480:2
ckpt_300.pt,0,989,0.32333412766456604,0.06091047450900078,0.3339329659938812,"148,73,153,217,39","127,52,147,248,55",0:362:2|0:591:2|0:628:2
ckpt_300.pt,0,990,0.348227322101593,0.07253199815750122,0.3391905128955841,"145,169,26,148,38","195,216,36,124,151",0:175:2|0:318:2|0:581:2
ckpt_300.pt,0,991,0.3493301570415497,0.07054723054170609,0.3463613986968994,"253,184,29,31,216","226,65,118,82,143",0:822:2|0:918:2|0:23:1
ckpt_300.pt,0,992,0.33815157413482666,0.05778278037905693,0.3239113986492157,"16,176,178,163,42","212,6,247,182,232",0:521:2|0:887:2|0:1015:2
ckpt_300.pt,0,993,0.3461945950984955,0.06921879947185516,0.3307533860206604,"126,77,28,154,146","62,77,232,61,255",0:0:1|0:8:1|0:10:1
ckpt_300.pt,0,994,0.32401469349861145,0.059599246829748154,0.32632291316986084,"157,26,56,40,154","102,171,29,100,69",0:291:3|0:781:2|0:910:2
ckpt_300.pt,0,995,0.3200772702693939,0.059780366718769073,0.32632461190223694,"204,62,192,52,53","46,97,48,136,87",0:552:2|0:685:2|0:972:2
ckpt_300.pt,0,996,0.32199808955192566,0.06208447366952896,0.33502060174942017,"190,215,154,227,0","21,54,201,130,190",0:0:1|0:22:1|0:34:1
ckpt_300.pt,0,997,0.34904566407203674,0.06283369660377502,0.3466601073741913,"158,175,96,215,241","25,99,158,188,210",0:108:2|0:520:2|0:924:2
ckpt_300.pt,0,998,0.34174489974975586,0.06305882334709167,0.33247482776641846,"126,153,174,99,27","30,197,60,10,77",0:35:2|0:210:2|0:526:2
ckpt_300.pt,0,999,0.30843695998191833,0.07063045352697372,0.3313522934913635,"10,218,41,39,206","0,47,23,193,181",0:224:2|0:916:2|0:16:1
ckpt_300.pt,0,1000,0.3298129439353943,0.05916524678468704,0.3357959985733032,"39,56,227,255,106","54,99,104,229,121",0:128:2|0:211:2|0:375:2
ckpt_300.pt,0,1001,0.33760035037994385,0.05888604745268822,0.33624330163002014,"34,76,179,151,126","94,201,145,127,13",0:437:2|0:572:2|0:7:1
ckpt_300.pt,0,1002,0.313953161239624,0.060299258679151535,0.316761314868927,"161,179,16,108,119","206,236,61,75,215",0:448:2|0:492:2|0:7:1
ckpt_300.pt,0,1003,0.3419363498687744,0.06408773362636566,0.3393709659576416,"132,21,17,84,159","120,65,49,187,235",0:131:2|0:373:2|0:444:2
ckpt_300.pt,0,1004,0.31489571928977966,0.06171010062098503,0.34089231491088867,"239,161,227,2,90","247,181,159,9,66",0:69:2|0:266:2|0:305:2
ckpt_300.pt,0,1005,0.3317907154560089,0.06613814830780029,0.3455657660961151,"89,30,234,97,67","85,215,24,103,145",0:27:1|0:28:1|0:47:1
ckpt_300.pt,0,1006,0.3277498185634613,0.05985882133245468,0.32020020484924316,"197,113,210,21,30","223,84,89,189,29",0:603:3|0:139:2|0:456:2
ckpt_300.pt,0,1007,0.3380278944969177,0.062494874000549316,0.33648428320884705,"165,63,194,55,129","87,255,132,173,215",0:256:2|0:611:2|0:3:1
ckpt_300.pt,0,1008,0.33184531331062317,0.06205061450600624,0.3188376724720001,"39,3,154,105,137","12,238,177,110,133",0:551:2|0:628:2|0:0:1
ckpt_300.pt,0,1009,0.33216291666030884,0.06481480598449707,0.3224189877510071,"53,60,62,221,174","217,188,166,224,120",0:412:2|0:995:2|0:4:1
ckpt_300.pt,0,1010,0.3088507652282715,0.05607391521334648,0.3080720007419586,"221,48,219,212,92","66,133,163,12,222",0:321:2|0:837:2|0:872:2
ckpt_300.pt,0,1011,0.31914129853248596,0.07039663195610046,0.3150373697280884,"35,245,151,125,79","15,135,244,113,48",0:222:2|0:794:2|0:7:1
ckpt_300.pt,0,1012,0.3108782172203064,0.05076196417212486,0.33064764738082886,"139,97,125,204,76","116,74,106,154,50",0:174:2|0:554:2|0:612:2
ckpt_300.pt,0,1013,0.3167414963245392,0.06472857296466827,0.329860657453537,"4,226,48,88,232","131,216,196,210,129",0:2:2|0:182:2|0:1017:2
ckpt_300.pt,0,1014,0.3240668475627899,0.06933387368917465,0.3344123959541321,"156,160,93,112,183","58,171,7,87,206",0:258:2|0:316:2|0:343:2
ckpt_300.pt,0,1015,0.3240809738636017,0.07208976149559021,0.31821081042289734,"143,163,254,78,42","78,249,40,116,170",0:399:2|0:521:2|0:992:2
ckpt_300.pt,0,1016,0.34982478618621826,0.05242977663874626,0.33086612820625305,"206,212,12,238,66","62,236,59,231,7",0:599:3|0:875:2|0:1:1
ckpt_300.pt,0,1017,0.3379291594028473,0.06169719249010086,0.30835357308387756,"85,226,141,212,232","52,231,206,6,38",0:548:2|0:905:2|0:1013:2
ckpt_300.pt,0,1018,0.30172470211982727,0.06354008615016937,0.310655802488327,"86,219,145,225,47","38,95,237,50,139",0:538:2|0:627:2|0:938:2
ckpt_300.pt,0,1019,0.33145105838775635,0.06068243458867073,0.35057035088539124,"169,14,137,244,108","170,114,36,150,194",0:189:2|0:406:2|0:4:1
ckpt_300.pt,0,1020,0.32034748792648315,0.06940644979476929,0.31506720185279846,"143,92,24,212,88","30,242,193,219,36",0:1010:2|0:4:1|0:38:1
ckpt_300.pt,0,1021,0.32098448276519775,0.057489316910505295,0.28952085971832275,"202,33,211,111,246","81,51,105,209,135",0:155:2|0:329:2|0:390:2
ckpt_300.pt,0,1022,0.3255074918270111,0.05727281793951988,0.3229014575481415,"217,210,150,177,29","33,243,142,184,93",0:519:2|0:864:2|0:871:2
ckpt_300.pt,0,1023,0.3249126374721527,0.06144988164305687,0.33523547649383545,"135,46,104,89,250","222,170,240,178,63",0:663:2|0:31:1|0:32:1
ckpt_300.pt,1,0,0.3392311930656433,0.05337847024202347,0.34124892950057983,"169,22,27,31,87","246,178,26,110,163",1:115:2|1:229:2|1:563:2
ckpt_300.pt,1,1,0.32000279426574707,0.0742194652557373,0.3404715955257416,"197,185,114,92,139","60,162,159,163,251",1:36:2|1:734:2|1:841:2
ckpt_300.pt,1,2,0.3340786099433899,0.06581318378448486,0.33141031861305237,"65,177,39,14,172","156,196,167,95,66",1:835:2|1:6:1|1:11:1
ckpt_300.pt,1,3,0.3251059353351593,0.050685252994298935,0.3422655761241913,"98,223,74,178,145","131,9,240,45,185",1:310:2|1:388:2|1:457:2
ckpt_300.pt,1,4,0.34507325291633606,0.0690416619181633,0.29478922486305237,"116,118,7,250,212","103,155,187,87,151",1:21:3|1:54:2|1:59:2
ckpt_300.pt,1,5,0.34635627269744873,0.05643318220973015,0.33822762966156006,"25,128,214,138,189","81,240,217,70,182",1:241:2|1:368:2|1:435:2
ckpt_300.pt,1,6,0.3427661955356598,0.07192601263523102,0.33805903792381287,"39,234,71,237,129","6,2,233,97,254",1:2:1|1:17:1|1:28:1
ckpt_300.pt,1,7,0.3264462947845459,0.07427904009819031,0.32982203364372253,"77,34,75,197,67","188,205,203,92,66",1:22:2|1:485:2|1:601:2
ckpt_300.pt,1,8,0.3321663737297058,0.0712769627571106,0.3237527012825012,"128,82,243,184,222","142,46,182,17,70",1:267:2|1:360:2|1:522:2
ckpt_300.pt,1,9,0.34786590933799744,0.0671357810497284,0.3501970171928406,"160,24,220,26,227","144,249,146,13,84",1:171:2|1:401:2|1:408:2
ckpt_300.pt,1,10,0.321815550327301,0.08042840659618378,0.3338768184185028,"111,164,142,226,249","141,107,134,121,56",1:97:2|1:262:2|1:572:2
ckpt_300.pt,1,11,0.3431948721408844,0.06424040347337723,0.2989216446876526,"142,81,188,177,60","208,196,28,246,162",1:29:2|1:507:2|1:1003:2
ckpt_300.pt,1,12,0.3501681685447693,0.06758496910333633,0.3604946434497833,"90,165,185,161,20","253,53,180,118,117",1:106:2|1:128:2|1:242:2
ckpt_300.pt,1,13,0.32911258935928345,0.05209720879793167,0.3153119385242462,"133,197,103,209,152","26,216,172,210,184",1:193:2|1:292:2|1:363:2
ckpt_300.pt,1,14,0.35364699363708496,0.058930039405822754,0.33641308546066284,"59,89,66,183,156","6,143,188,125,196",1:364:2|1:384:2|1:407:2
ckpt_300.pt,1,15,0.3473167419433594,0.07205265015363693,0.3347710967063904,"188,189,29,1,104","251,177,24,234,164",1:148:2|1:548:2|1:894:2
ckpt_300.pt,1,16,0.30467984080314636,0.05062608793377876,0.31956180930137634,"91,239,136,160,36","139,178,22,133,52",1:116:2|1:303:2|1:9:1
ckpt_300.pt,1,17,0.29976364970207214,0.05782557278871536,0.34878745675086975,"55,131,234,5,163","63,202,59,239,130",1:813:2|1:972:2|1:6:1
ckpt_300.pt,1,18,0.35205698013305664,0.058454349637031555,0.30955684185028076,"201,100,75,38,49","210,164,94,222,189",1:578:2|1:981:2|1:7:1
ckpt_300.pt,1,19,0.34140822291374207,0.05860709771513939,0.34495851397514343,"41,178,26,197,38","100,48,225,51,22",1:862:2|1:1:1|1:3:1
ckpt_300.pt,1,20,0.31933119893074036,0.059776127338409424,0.32543042302131653,"239,40,110,126,25","213,146,137,46,20",1:680:2|1:786:2|1:5:1
ckpt_300.pt,1,21,0.31655725836753845,0.06285049766302109,0.35514867305755615,"212,118,7,226,49","251,253,23,107,101",1:4:3|1:54:2|1:59:2
ckpt_300.pt,1,22,0.32246294617652893,0.05391189455986023,0.340717077255249,"75,117,194,157,197","108,210,154,153,213",1:7:2|1:689:2|1:951:2
ckpt_300.pt,1,23,0.3107776939868927,0.05736125633120537,0.3481309115886688,"250,255,103,177,53","145,71,142,152,135",1:164:2|1:215:2|1:449:2
ckpt_300.pt,1,24,0.3717871904373169,0.08471623063087463,0.34099075198173523,"149,236,51,44,65","222,4,130,206,225",1:73:2|1:99:2|1:103:2
ckpt_300.pt,1,25,0.3156929016113281,0.06376030296087265,0.3362138569355011,"163,43,45,215,61","211,51,182,22,152",1:612:2|1:922:2|1:17:1
ckpt_300.pt,1,26,0.32778310775756836,0.05620710551738739,0.32565268874168396,"168,127,23,248,37","159,230,29,219,15",1:182:2|1:32:1|1:41:1
ckpt_300.pt,1,27,0.3247307240962982,0.05693303048610687,0.30706050992012024,"172,137,188,149,74","4,102,122,87,69",1:259:2|1:288:2|1:315:2
ckpt_300.pt,1,28,0.31940552592277527,0.06532997637987137,0.32673683762550354,"57,240,71,10,8","96,82,68,239,114",1:753:2|1:6:1|1:37:1
ckpt_300.pt,1,29,0.359330415725708,0.07792619615793228,0.33308127522468567,"142,34,151,177,220","225,156,238,218,205",1:11:2|1:557:2|1:2:1
ckpt_300.pt,1,30,0.29668620228767395,0.046266257762908936,0.3234172463417053,"92,61,222,174,125","218,49,37,253,28",1:528:2|1:1001:2|1:1:1
ckpt_300.pt,1,31,0.30557218194007874,0.05812559276819229,0.32851314544677734,"36,221,213,101,220","119,8,161,95,247",1:90:2|1:9:1|1:16:1
ckpt_300.pt,1,32,0.3430308699607849,0.060150887817144394,0.33684998750686646,"147,88,219,157,127","177,62,18,171,251",1:531:2|1:768:2|1:989:2
ckpt_300.pt,1,33,0.3184528648853302,0.059671491384506226,0.30096128582954407,"85,95,73,200,203","131,157,244,151,112",1:160:2|1:375:2|1:44:1
ckpt_300.pt,1,34,0.3537859320640564,0.06952638924121857,0.33543890714645386,"50,206,17,74,46","129,76,64,208,182",1:289:2|1:3:1|1:27:1
ckpt_300.pt,1,35,0.3569977879524231,0.06197657436132431,0.33012208342552185,"211,196,167,104,99","197,161,64,72,118",1:138:2|1:141:2|1:285:2
ckpt_300.pt,1,36,0.3567154109477997,0.0613495372235775,0.34011176228523254,"198,130,185,140,92","200,168,12,244,116",1:1:2|1:122:2|1:319:2
ckpt_300.pt,1,37,0.32232704758644104,0.06728431582450867,0.3155544400215149,"240,192,134,243,201","212,96,137,231,103",1:46:2|1:543:2|1:993:2
ckpt_300.pt,1,38,0.38441184163093567,0.06597413122653961,0.36086201667785645,"77,153,105,28,241","65,217,98,58,235",1:146:2|1:395:2|1:7:1
ckpt_300.pt,1,39,0.34017932415008545,0.06877609342336655,0.3172995448112488,"20,51,214,218,227","1,206,156,191,188",1:242:2|1:510:2|1:5:1
ckpt_300.pt,1,40,0.28837308287620544,0.053422097116708755,0.34234100580215454,"230,47,242,129,201","184,68,176,232,252",1:910:2|1:6:1|1:18:1
ckpt_300.pt,1,41,0.31467416882514954,0.055576205253601074,0.33428359031677246,"52,114,14,3,127","37,216,94,49,67",1:460:2|1:470:2|1:1:1
ckpt_300.pt,1,42,0.29276400804519653,0.05641210079193115,0.318066269159317,"199,157,146,51,48","222,103,63,212,207",1:425:2|1:431:2|1:703:2
ckpt_300.pt,1,43,0.3906845450401306,0.07581433653831482,0.38438332080841064,"41,74,40,117,36","133,170,227,32,51",1:200:2|1:233:2|1:472:2
ckpt_300.pt,1,44,0.3066355586051941,0.054002419114112854,0.3307240903377533,"203,247,55,44,127","217,26,35,194,148",1:375:2|1:381:2|1:17:1
ckpt_300.pt,1,45,0.3409460484981537,0.05827973037958145,0.33856600522994995,"52,160,215,254,25","230,205,65,247,119",1:628:2|1:910:2|1:5:1
ckpt_300.pt,1,46,0.3497824966907501,0.07539652287960052,0.34998297691345215,"209,240,123,253,243","48,9,119,87,146",1:37:2|1:8:1|1:13:1
ckpt_300.pt,1,47,0.34444817900657654,0.07655809819698334,0.33191677927970886,"164,114,175,230,89","229,82,242,188,198",1:407:2|1:1:1|1:10:1
ckpt_300.pt,1,48,0.3273942470550537,0.08475257456302643,0.3037205934524536,"237,177,77,112,124","92,24,38,223,157",1:668:2|1:2:1|1:6:1
ckpt_300.pt,1,49,0.3292815685272217,0.05796532332897186,0.35720527172088623,"228,143,37,147,85","5,170,29,229,169",1:61:2|1:533:2|1:693:2
ckpt_300.pt,1,50,0.3605835437774658,0.06910806894302368,0.3148740231990814,"116,67,50,40,174","107,211,208,112,31",1:279:2|1:331:2|1:415:2
ckpt_300.pt,1,51,0.3229627013206482,0.07748512178659439,0.37934133410453796,"212,203,230,117,38","240,209,223,23,149",1:69:2|1:268:2|1:375:2
ckpt_300.pt,1,52,0.34104442596435547,0.05963294208049774,0.3360568881034851,"251,173,252,172,43","45,198,135,144,191",1:323:2|1:438:2|1:810:2
ckpt_300.pt,1,53,0.3550201952457428,0.0584532730281353,0.33055177330970764,"69,15,19,86,238","169,14,232,212,97",1:236:2|1:349:2|1:392:2
ckpt_300.pt,1,54,0.33495277166366577,0.057086531072854996,0.3016941249370575,"118,248,123,7,48","69,118,169,141,49",1:4:2|1:21:2|1:1015:2
ckpt_300.pt,1,55,0.3271830976009369,0.05699966102838516,0.3039567172527313,"233,173,192,161,196","145,244,224,151,105",1:12:1|1:35:1|1:37:1
ckpt_300.pt,1,56,0.3473154306411743,0.06771890074014664,0.31119027733802795,"237,105,13,86,235","126,110,158,44,18",1:297:2|1:836:2|1:6:1
ckpt_300.pt,1,57,0.3238295912742615,0.05127573013305664,0.3471003770828247,"34,64,32,161,12","49,250,139,75,45",1:902:2|1:7:1|1:12:1
ckpt_300.pt,1,58,0.36951056122779846,0.06844618171453476,0.3258109986782074,"246,233,135,42,39","134,97,151,202,67",1:396:2|1:683:2|1:701:2
ckpt_300.pt,1,59,0.338665634393692,0.06588799506425858,0.31732508540153503,"251,30,91,7,212","201,112,98,188,35",1:4:2|1:21:2|1:277:2
ckpt_300.pt,1,60,0.3352445065975189,0.06330923736095428,0.35053306818008423,"8,70,88,189,41","201,131,189,229,37",1:121:2|1:276:2|1:537:2
ckpt_300.pt,1,61,0.335284560918808,0.056450169533491135,0.33577048778533936,"145,102,147,64,85","20,104,85,223,88",1:49:2|1:202:2|1:222:2
ckpt_300.pt,1,62,0.3289990723133087,0.05915815010666847,0.3341538608074188,"221,119,127,222,194","143,160,87,138,14",1:8:1|1:22:1|1:26:1
ckpt_300.pt,1,63,0.3393590748310089,0.05731094628572464,0.32457244396209717,"105,24,199,45,204","56,55,60,211,34",1:436:2|1:9:1|1:25:1
ckpt_300.pt,1,64,0.3490120768547058,0.07728388905525208,0.3460029363632202,"79,10,210,98,29","46,113,23,98,86",1:197:2|1:373:2|1:548:2
ckpt_300.pt,1,65,0.348810613155365,0.06288045644760132,0.32887762784957886,"208,91,42,16,122","223,183,255,118,8",1:16:1|1:58:1|1:59:1
ckpt_300.pt,1,66,0.3630671203136444,0.08339951187372208,0.34063777327537537,"191,76,20,40,193","149,72,108,211,164",1:89:2|1:585:2|1:830:2
ckpt_300.pt,1,67,0.3467128276824951,0.06297893077135086,0.33649346232414246,"125,242,59,233,155","70,197,22,99,234",1:228:2|1:240:2|1:701:2
ckpt_300.pt,1,68,0.35244321823120117,0.06746967881917953,0.31384143233299255,"107,102,207,175,209","54,50,126,31,29",1:165:2|1:661:2|1:808:2
ckpt_300.pt,1,69,0.34251096844673157,0.061857424676418304,0.32430770993232727,"139,228,212,203,57","155,177,151,46,76",1:51:2|1:375:2|1:1:1
ckpt_300.pt,1,70,0.32055744528770447,0.0641770213842392,0.3209468722343445,"60,182,87,133,80","82,229,102,196,32",1:294:2|1:446:2|1:740:2
ckpt_300.pt,1,71,0.33544960618019104,0.05725821480154991,0.31994181871414185,"221,53,193,37,160","218,136,68,200,6",1:87:2|1:249:2|1:663:2
ckpt_300.pt,1,72,0.33993643522262573,0.06964496523141861,0.33011743426322937,"246,87,197,179,20","69,125,239,156,119",1:77:2|1:136:2|1:229:2
ckpt_300.pt,1,73,0.33227598667144775,0.06344763189554214,0.3329857885837555,"110,17,224,51,65","159,43,180,147,155",1:24:2|1:214:2|1:988:2
ckpt_300.pt,1,74,0.3412477672100067,0.07891363650560379,0.34240883588790894,"199,70,176,91,32","117,33,183,101,201",1:468:2|1:16:1|1:42:1
ckpt_300.pt,1,75,0.3090015649795532,0.05450611189007759,0.3077099025249481,"225,222,47,195,144","93,7,121,51,152",1:336:2|1:360:2|1:798:2
ckpt_300.pt,1,76,0.32808494567871094,0.05606307461857796,0.3336086869239807,"162,160,192,226,167","13,132,74,190,62",1:196:2|1:843:2|1:9:1
ckpt_300.pt,1,77,0.33482876420021057,0.06518346816301346,0.3110750913619995,"15,37,17,197,87","157,129,29,192,203",1:969:3|1:72:2|1:229:2
ckpt_300.pt,1,78,0.3194677233695984,0.06394199281930923,0.3472088873386383,"111,146,52,12,105","199,214,145,186,235",1:439:2|1:611:2|1:663:2
ckpt_300.pt,1,79,0.3173670470714569,0.05723242834210396,0.3406435251235962,"0,109,203,103,158","104,214,189,238,29",1:542:2|1:13:1|1:23:1
ckpt_300.pt,1,80,0.3329344689846039,0.06103731691837311,0.3388858139514923,"58,188,174,184,212","127,4,152,53,41",1:84:2|1:178:2|1:365:2
ckpt_300.pt,1,81,0.3582265079021454,0.07062969356775284,0.3466080129146576,"11,41,156,95,111","91,188,104,230,189",1:706:2|1:771:2|1:10:1
ckpt_300.pt,1,82,0.3242725431919098,0.060788314789533615,0.35026565194129944,"108,231,175,183,198","134,61,170,154,148",1:199:2|1:789:2|1:14:1
ckpt_300.pt,1,83,0.3272389769554138,0.05542675405740738,0.3571476638317108,"89,56,72,199,50","34,193,59,75,28",1:407:2|1:425:2|1:703:2
ckpt_300.pt,1,84,0.33099910616874695,0.061066944152116776,0.3517788052558899,"131,58,77,184,90","200,225,139,84,122",1:80:2|1:237:2|1:426:2
ckpt_300.pt,1,85,0.31763988733291626,0.06195558235049248,0.34547990560531616,"218,79,122,182,54","15,218,108,255,91",1:775:3|1:39:1|1:64:1
ckpt_300.pt,1,86,0.3444708585739136,0.06682471930980682,0.3282376229763031,"142,140,215,143,201","65,8,156,131,241",1:145:2|1:10:1|1:11:1
ckpt_300.pt,1,87,0.33613121509552,0.061339035630226135,0.33088359236717224,"216,53,193,226,231","8,248,87,183,130",1:71:2|1:124:2|1:553:2
ckpt_300.pt,1,88,0.3404119312763214,0.058146364986896515,0.32060450315475464,"62,0,49,118,105","124,149,170,90,227",1:21:2|1:266:2|1:515:2
ckpt_300.pt,1,89,0.3138613700866699,0.048597730696201324,0.3197983205318451,"133,52,191,0,40","16,62,5,50,193",1:66:2|1:420:2|1:579:2
ckpt_300.pt,1,90,0.3261837065219879,0.06280170381069183,0.3210287094116211,"221,10,6,213,3","175,189,112,198,20",1:31:2|1:115:2|1:692:2
ckpt_300.pt,1,91,0.35268494486808777,0.06671146303415298,0.37224555015563965,"253,30,27,183,37","152,8,36,98,237",1:93:2|1:363:2|1:704:2
ckpt_300.pt,1,92,0.3417886793613434,0.06788205355405807,0.31312331557273865,"62,44,56,39,232","225,66,250,0,148",1:204:2|1:266:2|1:511:2
ckpt_300.pt,1,93,0.3232240378856659,0.0606275238096714,0.3026364743709564,"25,183,178,173,253","91,146,106,169,216",1:91:2|1:363:2|1:630:2
ckpt_300.pt,1,94,0.33033326268196106,0.0532769076526165,0.3245686888694763,"24,131,60,181,112","44,247,72,234,116",1:171:2|1:847:2|1:9:1
ckpt_300.pt,1,95,0.35343173146247864,0.06155949831008911,0.3574250340461731,"154,155,198,124,84","142,59,213,253,7",1:708:2|1:36:1|1:48:1
ckpt_300.pt,1,96,0.33510303497314453,0.06554541736841202,0.34673985838890076,"88,247,183,125,13","72,31,73,228,156",1:662:2|1:710:2|1:14:1
ckpt_300.pt,1,97,0.32130396366119385,0.06078571081161499,0.3422667682170868,"111,142,113,255,212","31,6,34,49,19",1:10:2|1:145:2|1:527:2
ckpt_300.pt,1,98,0.3368205428123474,0.06052444875240326,0.34295281767845154,"244,52,65,132,60","204,102,212,65,33",1:441:2|1:2:1|1:11:1
ckpt_300.pt,1,99,0.35206255316734314,0.07244545966386795,0.339447945356369,"54,58,103,65,236","15,247,58,62,59",1:24:2|1:466:2|1:528:2
ckpt_300.pt,1,100,0.3419620096683502,0.0810895562171936,0.31346699595451355,"212,150,8,126,219","129,14,240,251,1",1:496:2|1:621:2|1:949:2
ckpt_300.pt,1,101,0.35659971833229065,0.06511381268501282,0.3453426659107208,"230,88,45,58,205","167,53,90,234,56",1:965:3|1:253:2|1:25:1
ckpt_300.pt,1,102,0.34861433506011963,0.059887658804655075,0.3248719274997711,"67,254,1,149,153","13,185,176,228,25",1:127:2|1:240:2|1:415:2
ckpt_300.pt,1,103,0.3267698585987091,0.06505528092384338,0.33232381939888,"44,51,63,104,25","140,53,36,148,226",1:24:2|1:204:2|1:5:1
ckpt_300.pt,1,104,0.3149045705795288,0.05403970181941986,0.35500970482826233,"157,153,200,151,218","55,125,154,214,207",1:973:2|1:989:2|1:22:1
ckpt_300.pt,1,105,0.32659533619880676,0.07012012600898743,0.33132681250572205,"196,225,138,162,121","67,235,254,105,172",1:449:2|1:843:2|1:5:1
ckpt_300.pt,1,106,0.32367512583732605,0.057172417640686035,0.34925898909568787,"13,20,157,112,165","88,43,232,37,196",1:12:2|1:738:2|1:22:1
ckpt_300.pt,1,107,0.352728933095932,0.05873089283704758,0.33696216344833374,"156,1,80,160,23","148,182,58,173,68",1:127:2|1:294:2|1:437:2
ckpt_300.pt,1,108,0.32915639877319336,0.058039162307977676,0.335309237241745,"192,12,43,75,222","122,5,1,216,102",1:248:2|1:316:2|1:7:1
ckpt_300.pt,1,109,0.3570696711540222,0.07063963264226913,0.33418065309524536,"82,209,193,134,157","251,72,223,224,0",1:193:2|1:750:2|1:879:2
ckpt_300.pt,1,110,0.3417983651161194,0.06707598268985748,0.32882845401763916,"135,43,179,133,88","81,146,58,38,209",1:181:2|1:396:2|1:574:2
ckpt_300.pt,1,111,0.38208314776420593,0.0739639475941658,0.34726038575172424,"193,172,232,201,80","82,20,105,50,115",1:810:2|1:2:1|1:18:1
ckpt_300.pt,1,112,0.35278165340423584,0.06717828661203384,0.3142096698284149,"101,226,74,65,135","46,215,32,175,148",1:241:2|1:288:2|1:791:2
ckpt_300.pt,1,113,0.3221566081047058,0.060527388006448746,0.3388913571834564,"22,70,10,198,164","82,79,36,144,97",1:421:2|1:0:1|1:10:1
ckpt_300.pt,1,114,0.33092427253723145,0.06453955173492432,0.3251437842845917,"75,232,90,209,159","212,39,40,78,173",1:434:2|1:496:2|1:857:2
ckpt_300.pt,1,115,0.3385600447654724,0.06487949937582016,0.30319371819496155,"6,5,169,213,27","6,4,177,237,247",1:0:2|1:90:2|1:704:2
ckpt_300.pt,1,116,0.33790484070777893,0.057143040001392365,0.3529767692089081,"76,183,239,91,73","55,11,77,12,185",1:16:2|1:398:2|1:14:1
ckpt_300.pt,1,117,0.32728826999664307,0.07030844688415527,0.313860148191452,"134,2,49,174,182","247,47,60,100,149",1:289:2|1:417:2|1:591:2
ckpt_300.pt,1,118,0.3333470821380615,0.07839998602867126,0.31457841396331787,"25,75,241,219,42","35,33,206,47,120",1:467:2|1:496:2|1:601:2
ckpt_300.pt,1,119,0.3180209994316101,0.05432711914181709,0.30444416403770447,"74,28,234,48,151","242,98,194,101,190",1:259:2|1:512:2|1:813:2
ckpt_300.pt,1,120,0.33984968066215515,0.05878911539912224,0.3339734375476837,"214,86,201,203,12","171,140,46,76,9",1:316:2|1:510:2|1:878:2
ckpt_300.pt,1,121,0.3339213728904724,0.07158783078193665,0.3376806974411011,"103,254,61,88,189","194,236,225,129,252",1:60:2|1:127:2|1:148:2
ckpt_300.pt,1,122,0.3353561758995056,0.07098798453807831,0.3384178578853607,"66,198,125,163,185","241,148,97,111,15",1:36:2|1:399:2|1:649:2
ckpt_300.pt,1,123,0.3423979580402374,0.06009993329644203,0.334309846162796,"248,8,42,94,235","52,20,243,137,246",1:1022:3|1:302:2|1:876:2
ckpt_300.pt,1,124,0.3363274037837982,0.06078820303082466,0.3436533808708191,"53,74,25,216,236","224,124,177,167,42",1:87:2|1:150:2|1:423:2
ckpt_300.pt,1,125,0.31664320826530457,0.0500665046274662,0.3282293975353241,"186,70,29,158,238","64,61,94,97,26",1:187:2|1:618:2|1:966:2
ckpt_300.pt,1,126,0.3610803186893463,0.0687086433172226,0.3417966663837433,"194,229,143,153,83","0,48,34,91,26",1:405:2|1:445:2|1:22:1
ckpt_300.pt,1,127,0.3610501289367676,0.07630127668380737,0.31731846928596497,"103,23,254,132,1","194,141,77,123,28",1:102:2|1:107:2|1:121:2
ckpt_300.pt,1,128,0.34841349720954895,0.06706788390874863,0.32580700516700745,"165,90,94,202,217","15,132,156,218,194",1:281:3|1:12:2|1:84:1
ckpt_300.pt,1,129,0.3285976052284241,0.0628710612654686,0.3293975293636322,"55,92,88,208,57","189,227,23,33,208",1:482:2|1:519:2|1:1:1
ckpt_300.pt,1,130,0.33506885170936584,0.05582103505730629,0.3521488904953003,"36,20,127,103,96","98,36,68,196,103",1:432:2|1:768:2|1:12:1
ckpt_300.pt,1,131,0.3328093886375427,0.050452735275030136,0.3368077576160431,"146,252,178,162,54","105,235,188,46,3",1:489:2|1:889:2|1:3:1
ckpt_300.pt,1,132,0.3457026481628418,0.060106027871370316,0.3084588944911957,"251,56,70,36,140","36,22,170,110,67",1:212:2|1:269:2|1:669:2
ckpt_300.pt,1,133,0.34456390142440796,0.058444101363420486,0.313083678483963,"211,214,119,242,122","80,245,104,11,209",1:147:2|1:228:2|1:285:2
ckpt_300.pt,1,134,0.3455849587917328,0.06336543709039688,0.3340475559234619,"246,76,54,27,105","133,152,28,140,72",1:608:2|1:830:2|1:0:1
ckpt_300.pt,1,135,0.335288941860199,0.0804135650396347,0.3213137090206146,"26,218,210,9,237","248,255,16,137,204",1:6:1|1:9:1|1:19:1
ckpt_300.pt,1,136,0.3560759127140045,0.06818156689405441,0.32918581366539,"28,148,87,113,20","206,103,251,21,139",1:72:2|1:248:2|1:326:2
ckpt_300.pt,1,137,0.31861215829849243,0.06043348088860512,0.3495790362358093,"110,204,179,77,30","145,36,103,173,99",1:668:2|1:871:2|1:924:2
ckpt_300.pt,1,138,0.35365012288093567,0.06556275486946106,0.3388417363166809,"227,246,92,99,211","252,176,124,100,80",1:35:2|1:155:2|1:285:2
ckpt_300.pt,1,139,0.3449743688106537,0.0856771320104599,0.30737045407295227,"203,155,149,206,183","89,91,246,156,215",1:362:2|1:536:2|1:800:2
ckpt_300.pt,1,140,0.32296594977378845,0.07149213552474976,0.33770090341567993,"249,42,11,207,15","60,216,12,175,107",1:227:2|1:479:2|1:884:2
ckpt_300.pt,1,141,0.34917399287223816,0.06597691029310226,0.31618621945381165,"104,219,35,167,89","41,29,138,179,250",1:35:2|1:335:2|1:496:2
ckpt_300.pt,1,142,0.3131263852119446,0.07311070710420609,0.32577916979789734,"202,179,213,238,177","157,215,77,56,107",1:187:2|1:938:2|1:2:1
ckpt_300.pt,1,143,0.3240131735801697,0.06285848468542099,0.3269554674625397,"140,19,23,239,128","47,152,86,178,161",1:638:2|1:712:2|1:753:2
ckpt_300.pt,1,144,0.3319576382637024,0.07492049783468246,0.32493361830711365,"82,35,151,241,107","4,18,94,197,84",1:298:2|1:512:2|1:706:2
ckpt_300.pt,1,145,0.3322625756263733,0.060084301978349686,0.35712724924087524,"136,46,255,143,142","70,114,119,177,18",1:86:2|1:97:2|1:164:2
ckpt_300.pt,1,146,0.33297786116600037,0.05309749022126198,0.34551048278808594,"125,153,126,112,28","175,161,43,76,200",1:38:2|1:207:2|1:298:2
ckpt_300.pt,1,147,0.32600557804107666,0.07178684324026108,0.3182993233203888,"242,22,104,214,14","191,239,186,120,208",1:133:2|1:335:2|1:769:2
ckpt_300.pt,1,148,0.31237462162971497,0.061996251344680786,0.32852205634117126,"189,103,179,148,104","244,235,183,192,58",1:15:2|1:121:2|1:424:2
ckpt_300.pt,1,149,0.34080007672309875,0.06473276764154434,0.33111950755119324,"19,190,206,188,99","152,19,77,126,12",1:250:2|1:365:2|1:379:2
ckpt_300.pt,1,150,0.3585144579410553,0.06661873310804367,0.3151557445526123,"42,53,57,174,236","33,73,39,235,165",1:124:2|1:423:2|1:23:1
ckpt_300.pt,1,151,0.34841814637184143,0.07331795245409012,0.34595954418182373,"26,174,214,249,71","103,62,2,229,222",1:656:2|1:691:2|1:5:1
ckpt_300.pt,1,152,0.3400774598121643,0.05933493375778198,0.3506719470024109,"97,105,239,201,185","142,237,176,153,33",1:982:2|1:1:1|1:12:1
ckpt_300.pt,1,153,0.34761855006217957,0.06192000210285187,0.3567088842391968,"167,253,120,149,151","51,68,62,126,92",1:601:2|1:803:2|1:24:1
ckpt_300.pt,1,154,0.35935431718826294,0.07188799977302551,0.31400835514068604,"203,82,125,49,251","221,189,187,16,180",1:375:2|1:438:2|1:529:2
ckpt_300.pt,1,155,0.37060073018074036,0.06989353895187378,0.33480188250541687,"227,201,246,210,6","160,244,28,100,26",1:138:2|1:167:2|1:9:1
ckpt_300.pt,1,156,0.3132205903530121,0.05968474969267845,0.3288223147392273,"32,97,144,157,175","55,63,11,31,54",1:320:2|1:809:2|1:22:1
ckpt_300.pt,1,157,0.33266282081604004,0.06347706913948059,0.3172975778579712,"10,156,74,2,51","225,212,243,213,45",1:711:2|1:736:2|1:815:2
ckpt_300.pt,1,158,0.3450153172016144,0.0685289055109024,0.30281245708465576,"233,90,241,200,13","68,40,46,13,243",1:443:2|1:516:2|1:671:2
ckpt_300.pt,1,159,0.352260559797287,0.05503782257437706,0.3177824318408966,"134,211,175,14,45","215,19,210,73,229",1:586:2|1:2:1|1:25:1
ckpt_300.pt,1,160,0.33928433060646057,0.06968963891267776,0.3163369297981262,"150,95,97,203,27","235,141,5,209,94",1:33:2|1:347:2|1:510:2
ckpt_300.pt,1,161,0.3518116772174835,0.07210071384906769,0.32893475890159607,"146,11,208,70,86","247,181,138,253,119",1:317:2|1:431:2|1:639:2
ckpt_300.pt,1,162,0.3475414216518402,0.06856810301542282,0.33161938190460205,"179,225,192,68,85","209,77,17,54,101",1:196:2|1:777:2|1:860:2
ckpt_300.pt,1,163,0.32442253828048706,0.06743515282869339,0.3427695333957672,"104,159,121,57,135","19,78,108,81,217",1:331:2|1:447:2|1:15:1
ckpt_300.pt,1,164,0.33420243859291077,0.06185496598482132,0.3268413245677948,"177,46,255,29,155","164,69,14,149,107",1:23:2|1:145:2|1:203:2
ckpt_300.pt,1,165,0.32610324025154114,0.07913646847009659,0.33921730518341064,"184,29,107,175,250","221,29,208,225,151",1:68:2|1:237:2|1:465:2
ckpt_300.pt,1,166,0.33070290088653564,0.07597494125366211,0.32892584800720215,"232,18,195,161,134","57,19,92,74,170",1:571:3|1:175:2|1:867:2
ckpt_300.pt,1,167,0.34421324729919434,0.06892836838960648,0.33137431740760803,"210,246,151,38,231","66,39,23,102,98",1:155:2|1:252:2|1:18:1
ckpt_300.pt,1,168,0.3408104181289673,0.0629759356379509,0.33378365635871887,"188,176,164,80,37","222,1,188,123,148",1:383:2|1:421:2|1:1023:2
ckpt_300.pt,1,169,0.3205675482749939,0.05161331593990326,0.3301210403442383,"168,98,94,138,153","2,195,248,99,221",1:269:2|1:541:2|1:942:2
ckpt_300.pt,1,170,0.3452253043651581,0.07637151330709457,0.30980929732322693,"168,218,247,201,109","1,3,116,252,121",1:378:2|1:18:1|1:26:1
ckpt_300.pt,1,171,0.329261839389801,0.058942317962646484,0.3479684293270111,"253,181,236,227,24","37,196,201,36,124",1:9:2|1:94:2|1:24:1
ckpt_300.pt,1,172,0.3509793281555176,0.06848537921905518,0.32851317524909973,"183,122,123,31,128","33,78,173,159,150",1:0:1|1:5:1|1:8:1
ckpt_300.pt,1,173,0.34718453884124756,0.06148061528801918,0.31891560554504395,"6,43,212,233,32","14,207,78,173,90",1:221:2|1:239:2|1:556:2
ckpt_300.pt,1,174,0.3077646493911743,0.052684493362903595,0.32669055461883545,"233,69,20,95,16","183,154,63,220,171",1:239:2|1:941:2|1:12:1
ckpt_300.pt,1,175,0.3190673291683197,0.05927474424242973,0.3301982283592224,"21,134,71,232,187","157,189,125,222,204",1:166:2|1:6:1|1:28:1
ckpt_300.pt,1,176,0.36359959840774536,0.06793349981307983,0.32386550307273865,"129,83,115,186,206","243,158,190,145,43",1:411:2|1:534:2|1:720:2
ckpt_300.pt,1,177,0.361950546503067,0.06329505890607834,0.33391228318214417,"149,105,156,173,100","229,123,166,66,186",1:393:2|1:651:2|1:675:2
ckpt_300.pt,1,178,0.3011535108089447,0.057605892419815063,0.3071330189704895,"171,188,9,251,184","78,213,102,232,233",1:80:2|1:492:2|1:500:2
ckpt_300.pt,1,179,0.32141727209091187,0.06774811446666718,0.3292728066444397,"58,147,182,83,247","154,219,166,234,0",1:487:2|1:710:2|1:834:2
ckpt_300.pt,1,180,0.33023980259895325,0.06655356287956238,0.34266045689582825,"138,106,74,201,103","138,108,158,105,215",1:541:2|1:3:1|1:5:1
ckpt_300.pt,1,181,0.34019625186920166,0.05494914948940277,0.31432685256004333,"82,135,179,37,102","94,90,214,7,225",1:110:2|1:241:2|1:461:2
ckpt_300.pt,1,182,0.344684898853302,0.05773918330669403,0.33328086137771606,"162,23,248,229,237","224,115,172,157,147",1:26:2|1:419:2|1:760:2
ckpt_300.pt,1,183,0.37185564637184143,0.06177792698144913,0.34342455863952637,"8,221,111,2,81","201,223,232,236,220",1:527:2|1:792:2|1:869:2
ckpt_300.pt,1,184,0.34278351068496704,0.06909667700529099,0.3250493109226227,"36,112,255,2,110","61,211,95,216,117",1:217:2|1:354:2|1:414:2
ckpt_300.pt,1,185,0.334791898727417,0.06413587182760239,0.31792446970939636,"65,221,252,133,147","29,210,156,92,89",1:327:2|1:2:1|1:13:1
ckpt_300.pt,1,186,0.3387044370174408,0.06929825991392136,0.33691152930259705,"159,64,199,255,195","169,160,187,35,14",1:685:3|1:194:2|1:23:1
ckpt_300.pt,1,187,0.353607714176178,0.06207304447889328,0.3259871304035187,"186,73,232,238,179","0,102,209,134,214",1:125:2|1:142:2|1:986:2
ckpt_300.pt,1,188,0.3378373384475708,0.07574477046728134,0.35277387499809265,"243,64,133,73,142","15,22,149,217,117",1:220:2|1:299:2|1:8:1
ckpt_300.pt,1,189,0.3333737552165985,0.05144374445080757,0.33351609110832214,"73,189,220,112,10","80,179,52,159,158",1:711:2|1:5:1|1:9:1
ckpt_300.pt,1,190,0.3177929222583771,0.07444563508033752,0.34434810280799866,"190,20,94,173,83","73,158,200,33,228",1:12:1|1:39:1|1:52:1
ckpt_300.pt,1,191,0.3192944824695587,0.056416478008031845,0.35906076431274414,"216,130,223,254,208","55,163,239,44,66",1:230:2|1:3:1|1:36:1
ckpt_300.pt,1,192,0.35662412643432617,0.07856455445289612,0.3544711172580719,"31,115,197,121,62","212,238,112,67,30",1:402:2|1:449:2|1:900:2
ckpt_300.pt,1,193,0.33208373188972473,0.05401337891817093,0.34245529770851135,"209,103,89,234,82","144,165,226,154,50",1:13:2|1:109:2|1:750:2
ckpt_300.pt,1,194,0.35603389143943787,0.07916981726884842,0.3451409637928009,"35,235,64,159,9","211,244,156,0,51",1:186:2|1:279:2|1:56:1
ckpt_300.pt,1,195,0.32975995540618896,0.06059521064162254,0.34358540177345276,"23,209,167,97,187","162,2,182,168,144",1:454:2|1:581:2|1:624:2
ckpt_300.pt,1,196,0.3186374604701996,0.061490871012210846,0.3329828381538391,"123,162,22,85,192","140,164,183,34,216",1:76:2|1:162:2|1:216:2
ckpt_300.pt,1,197,0.3317655324935913,0.07118025422096252,0.3126448690891266,"53,79,68,97,29","215,182,242,204,14",1:64:2|1:265:2|1:373:2
ckpt_300.pt,1,198,0.3498012125492096,0.0643823891878128,0.3282100260257721,"48,105,106,41,192","178,62,83,165,63",1:369:2|1:490:2|1:961:2
ckpt_300.pt,1,199,0.34509649872779846,0.06883522868156433,0.356250524520874,"231,243,169,108,241","58,74,173,209,59",1:82:2|1:395:2|1:903:2
ckpt_300.pt,1,200,0.3271634578704834,0.062446463853120804,0.2968859374523163,"41,188,195,40,53","21,51,146,148,205",1:43:2|1:331:2|1:850:2
ckpt_300.pt,1,201,0.32131555676460266,0.05556054040789604,0.3266086280345917,"119,113,44,244,192","15,81,13,143,169",1:24:1|1:37:1|1:44:1
ckpt_300.pt,1,202,0.3427531123161316,0.06843709945678711,0.3377133011817932,"201,145,57,171,64","24,209,221,18,80",1:61:2|1:593:2|1:3:1
ckpt_300.pt,1,203,0.34295454621315,0.062428541481494904,0.3447716236114502,"38,46,255,166,72","24,119,46,250,187",1:145:2|1:164:2|1:407:2
ckpt_300.pt,1,204,0.31635770201683044,0.06617280095815659,0.32268667221069336,"44,230,15,62,25","68,10,7,95,98",1:92:2|1:103:2|1:809:2
ckpt_300.pt,1,205,0.33391380310058594,0.06490934640169144,0.34014126658439636,"36,185,234,9,93","180,225,143,146,228",1:873:3|1:1:1|1:6:1
ckpt_300.pt,1,206,0.3377496302127838,0.06725246459245682,0.350026398897171,"233,3,201,229,27","249,151,118,80,33",1:573:2|1:615:2|1:0:1
ckpt_300.pt,1,207,0.3589792549610138,0.07999857515096664,0.34027203917503357,"125,28,194,248,128","69,4,228,98,62",1:146:2|1:324:2|1:404:2
ckpt_300.pt,1,208,0.33696264028549194,0.05863593891263008,0.33645474910736084,"12,177,0,79,137","159,254,27,92,9",1:984:3|1:503:2|1:2:1
ckpt_300.pt,1,209,0.3389180600643158,0.06427185982465744,0.3195398151874542,"188,156,204,213,118","128,11,7,147,221",1:326:2|1:762:2|1:885:2
ckpt_300.pt,1,210,0.3342312276363373,0.06262281537055969,0.3344007432460785,"118,24,117,12,100","200,21,186,128,49",1:523:2|1:4:1|1:9:1
ckpt_300.pt,1,211,0.34639957547187805,0.06389658898115158,0.3206166923046112,"114,117,184,148,244","220,112,65,79,47",1:465:2|1:502:2|1:658:2
ckpt_300.pt,1,212,0.321991503238678,0.06048230826854706,0.31068968772888184,"131,203,171,36,56","218,18,113,230,148",1:132:2|1:492:2|1:16:1
ckpt_300.pt,1,213,0.33312684297561646,0.05342479795217514,0.33613231778144836,"214,114,91,63,129","187,230,177,73,216",1:769:2|1:791:2|1:1:1
ckpt_300.pt,1,214,0.32339462637901306,0.06471388041973114,0.3234671354293823,"230,110,99,247,65","48,229,94,0,203",1:73:2|1:260:2|1:414:2
ckpt_300.pt,1,215,0.36710816621780396,0.06534023582935333,0.3154437243938446,"177,193,73,250,205","126,225,48,143,155",1:23:2|1:2:1|1:4:1
ckpt_300.pt,1,216,0.34320446848869324,0.06231073662638664,0.3368932604789734,"85,22,255,118,120","134,172,255,40,168",1:196:2|1:484:2|1:533:2
ckpt_300.pt,1,217,0.34747299551963806,0.060257092118263245,0.33241841197013855,"2,112,64,187,253","163,42,69,166,187",1:184:2|1:272:2|1:609:2
ckpt_300.pt,1,218,0.32891127467155457,0.0568293035030365,0.3345814049243927,"8,68,187,78,230","171,133,42,31,129",1:454:2|1:821:2|1:28:1
ckpt_300.pt,1,219,0.3273653984069824,0.05502701178193092,0.34067609906196594,"200,42,80,82,211","74,115,248,122,36",1:461:2|1:812:2|1:8:1
ckpt_300.pt,1,220,0.3328419625759125,0.057267554104328156,0.3359105885028839,"142,243,50,102,36","91,10,205,92,134",1:188:2|1:273:2|1:301:2
ckpt_300.pt,1,221,0.3492090702056885,0.06712372601032257,0.29193970561027527,"32,128,121,233,130","130,85,248,64,175",1:173:2|1:264:2|1:304:2
ckpt_300.pt,1,222,0.3215484023094177,0.05271386727690697,0.32439446449279785,"147,145,28,14,163","244,170,161,74,30",1:61:2|1:334:2|1:358:2
ckpt_300.pt,1,223,0.3379383981227875,0.059583861380815506,0.31597277522087097,"132,193,36,90,215","69,139,212,254,172",1:598:2|1:774:2|1:12:1
ckpt_300.pt,1,224,0.35147005319595337,0.05705768242478371,0.30980268120765686,"83,82,177,167,69","50,10,51,219,171",1:283:2|1:596:2|1:1000:2
ckpt_300.pt,1,225,0.3432787358760834,0.06533758342266083,0.36295852065086365,"204,85,80,83,134","33,57,64,203,135",1:623:2|1:858:2|1:33:1
ckpt_300.pt,1,226,0.3241576850414276,0.06075471267104149,0.3344263434410095,"204,22,209,86,251","29,104,223,185,133",1:0:1|1:13:1|1:46:1
ckpt_300.pt,1,227,0.3527781069278717,0.06747204065322876,0.3386525511741638,"43,207,15,240,169","146,225,121,131,145",1:140:2|1:574:2|1:642:2
ckpt_300.pt,1,228,0.38224735856056213,0.07289862632751465,0.35074275732040405,"76,233,242,62,119","3,161,0,148,215",1:67:2|1:133:2|1:387:2
ckpt_300.pt,1,229,0.3252791464328766,0.06448853015899658,0.32896825671195984,"87,169,187,36,197","201,17,127,83,157",1:837:3|1:0:2|1:72:2
ckpt_300.pt,1,230,0.3316379189491272,0.08487427234649658,0.3299441933631897,"254,130,41,96,134","2,47,175,117,69",1:191:2|1:868:2|1:19:1
ckpt_300.pt,1,231,0.3512896001338959,0.06352274864912033,0.3512556552886963,"75,48,68,236,4","81,152,148,33,150",1:550:2|1:950:2|1:7:1
ckpt_300.pt,1,232,0.3491557240486145,0.057069990783929825,0.3295080363750458,"190,223,193,155,104","48,7,140,145,126",1:623:2|1:692:2|1:836:2
ckpt_300.pt,1,233,0.35721349716186523,0.061253584921360016,0.3434613049030304,"117,74,177,88,119","192,215,107,239,162",1:43:2|1:322:2|1:2:1
ckpt_300.pt,1,234,0.32964426279067993,0.06285274028778076,0.33769163489341736,"1,250,74,128,90","34,177,4,127,10",1:257:2|1:325:2|1:783:2
ckpt_300.pt,1,235,0.3288712799549103,0.05360063910484314,0.3175806999206543,"200,143,26,29,5","254,229,106,210,98",1:721:2|1:9:1|1:15:1
ckpt_300.pt,1,236,0.31021037697792053,0.05414741858839989,0.34641778469085693,"16,52,142,15,238","19,30,27,5,249",1:53:2|1:495:2|1:10:1
ckpt_300.pt,1,237,0.31422317028045654,0.0641818717122078,0.31449487805366516,"49,184,77,22,250","37,112,5,28,137",1:84:2|1:165:2|1:939:2
ckpt_300.pt,1,238,0.34865227341651917,0.06431499123573303,0.32129064202308655,"164,220,102,126,233","211,164,23,95,122",1:301:2|1:9:1|1:10:1
ckpt_300.pt,1,239,0.3224131762981415,0.0625186562538147,0.3369179666042328,"43,233,18,16,185","100,202,240,14,164",1:173:2|1:174:2|1:1:1
ckpt_300.pt,1,240,0.33532989025115967,0.06316666305065155,0.3390956223011017,"149,125,76,1,59","101,73,201,70,99",1:67:2|1:102:2|1:344:2
ckpt_300.pt,1,241,0.3176306486129761,0.06205422058701515,0.3414600193500519,"102,226,25,135,189","67,252,71,130,176",1:5:2|1:112:2|1:181:2
ckpt_300.pt,1,242,0.32345589995384216,0.07083994150161743,0.3559552729129791,"20,185,142,229,218","218,131,232,216,124",1:12:2|1:39:2|1:1:1
ckpt_300.pt,1,243,0.34761470556259155,0.06480706483125687,0.334249883890152,"93,2,213,136,142","154,58,27,177,127",1:145:2|1:853:2|1:10:1
ckpt_300.pt,1,244,0.3286309540271759,0.05930499732494354,0.3294237554073334,"110,158,129,223,132","206,5,20,124,61",1:818:2|1:868:2|1:907:2
ckpt_300.pt,1,245,0.3164812922477722,0.05864661559462547,0.3100470304489136,"43,219,143,254,102","203,170,59,240,126",1:784:2|1:1009:2|1:25:1
ckpt_300.pt,1,246,0.3588827848434448,0.07411104440689087,0.35912612080574036,"159,28,129,15,106","171,52,180,158,135",1:541:2|1:776:2|1:818:2
ckpt_300.pt,1,247,0.3823246359825134,0.06962157040834427,0.34687715768814087,"177,38,245,165,156","93,133,136,64,194",1:436:2|1:699:2|1:739:2
ckpt_300.pt,1,248,0.34590664505958557,0.06426121294498444,0.30360251665115356,"75,12,87,113,156","13,82,165,118,138",1:108:2|1:136:2|1:294:2
ckpt_300.pt,1,249,0.3392127454280853,0.05646016076207161,0.32285404205322266,"70,144,152,53,160","33,154,186,57,93",1:618:3|1:71:2|1:757:2
ckpt_300.pt,1,250,0.348550409078598,0.07875732332468033,0.2913295030593872,"190,38,98,146,206","72,210,180,123,59",1:149:2|1:615:2|1:639:2
ckpt_300.pt,1,251,0.3570501208305359,0.0635005310177803,0.37988394498825073,"75,73,61,17,230","13,153,99,45,122",1:412:2|1:981:2|1:7:1
ckpt_300.pt,1,252,0.3350678086280823,0.06293237954378128,0.33053725957870483,"231,158,105,194,210","234,107,72,96,110",1:167:2|1:336:2|1:469:2
ckpt_300.pt,1,253,0.3235999345779419,0.061847299337387085,0.3078418970108032,"169,230,42,220,205","207,143,165,6,234",1:101:2|1:412:2|1:0:1
ckpt_300.pt,1,254,0.3295324742794037,0.05685489997267723,0.3404255509376526,"212,20,18,244,80","61,182,96,231,40",1:366:2|1:4:1|1:12:1
ckpt_300.pt,1,255,0.32217806577682495,0.05978948995471001,0.315367192029953,"72,44,100,193,30","202,42,161,81,13",1:304:2|1:687:2|1:18:1
ckpt_300.pt,1,256,0.3633136451244354,0.07029516994953156,0.34815892577171326,"154,165,148,17,228","128,183,106,86,198",1:424:2|1:640:2|1:739:2
ckpt_300.pt,1,257,0.3489872217178345,0.06705677509307861,0.3340602517127991,"230,211,168,90,128","21,106,196,76,30",1:234:2|1:637:2|1:5:1
ckpt_300.pt,1,258,0.3856343924999237,0.0761660486459732,0.3478972017765045,"74,14,132,87,91","146,150,156,3,108",1:586:2|1:0:1|1:2:1
ckpt_300.pt,1,259,0.3064701557159424,0.06623494625091553,0.3077545464038849,"198,74,172,28,8","16,8,20,127,147",1:27:2|1:119:2|1:303:2
ckpt_300.pt,1,260,0.34509336948394775,0.0710979551076889,0.32947421073913574,"65,122,87,99,112","249,145,240,197,25",1:214:2|1:285:2|1:305:2
ckpt_300.pt,1,261,0.3218807280063629,0.06109115108847618,0.3458295166492462,"144,164,21,204,68","144,50,189,32,60",1:668:2|1:10:1|1:47:1
ckpt_300.pt,1,262,0.30825749039649963,0.06392086297273636,0.31917455792427063,"240,226,250,142,153","128,175,39,246,249",1:10:2|1:416:2|1:652:2
ckpt_300.pt,1,263,0.33715876936912537,0.06212824583053589,0.3401910364627838,"190,227,49,102,194","138,74,247,155,57",1:511:2|1:9:1|1:18:1
ckpt_300.pt,1,264,0.36109670996665955,0.0671171024441719,0.33455586433410645,"18,121,32,23,137","64,194,222,73,1",1:221:2|1:737:2|1:26:1
ckpt_300.pt,1,265,0.3187801241874695,0.0629267618060112,0.32443466782569885,"190,79,97,219,162","226,60,146,129,77",1:197:2|1:577:2|1:755:2
ckpt_300.pt,1,266,0.3579513430595398,0.0563105084002018,0.3493005037307739,"39,0,62,164,11","193,50,99,120,59",1:88:2|1:92:2|1:515:2
ckpt_300.pt,1,267,0.33012673258781433,0.056678853929042816,0.3129972219467163,"243,88,82,111,248","223,211,127,190,17",1:8:2|1:662:2|1:1013:2
ckpt_300.pt,1,268,0.3390170931816101,0.06811770051717758,0.355058878660202,"56,38,21,105,212","175,166,43,74,35",1:51:2|1:436:2|1:744:2
ckpt_300.pt,1,269,0.343729704618454,0.06473112851381302,0.3492705523967743,"98,251,245,168,140","130,86,83,145,141",1:132:2|1:169:2|1:319:2
ckpt_300.pt,1,270,0.32060790061950684,0.06103571131825447,0.3506903648376465,"206,207,250,185,191","142,98,150,120,40",1:670:2|1:778:2|1:934:2
ckpt_300.pt,1,271,0.33750292658805847,0.05910954624414444,0.3281066417694092,"36,194,55,6,199","21,165,31,59,146",1:16:1|1:17:1|1:22:1
ckpt_300.pt,1,272,0.3352847993373871,0.08687496930360794,0.33839595317840576,"187,141,35,86,253","169,47,145,58,55",1:217:2|1:282:2|1:624:2
ckpt_300.pt,1,273,0.316689670085907,0.06525061279535294,0.33574432134628296,"18,157,180,36,142","131,126,63,89,47",1:220:2|1:366:2|1:774:2
ckpt_300.pt,1,274,0.34538906812667847,0.05754728615283966,0.30921241641044617,"203,185,225,84,58","177,94,232,255,140",1:283:2|1:324:2|1:686:2
ckpt_300.pt,1,275,0.350061297416687,0.060656700283288956,0.32003358006477356,"164,51,163,72,119","211,122,76,232,43",1:10:1|1:17:1|1:24:1
ckpt_300.pt,1,276,0.3473721444606781,0.0637127235531807,0.35395604372024536,"83,8,87,183,70","4,28,198,211,69",1:60:2|1:678:2|1:710:2
ckpt_300.pt,1,277,0.3309093415737152,0.05361318588256836,0.3417033553123474,"249,45,220,91,212","210,5,98,113,54",1:59:2|1:418:2|1:4:1
ckpt_300.pt,1,278,0.3529457747936249,0.06796860694885254,0.32785579562187195,"139,45,10,186,196","169,6,67,254,238",1:311:2|1:711:2|1:866:2
ckpt_300.pt,1,279,0.33413437008857727,0.053866926580667496,0.299518883228302,"159,67,174,205,235","253,90,223,132,61",1:50:2|1:194:2|1:415:2
ckpt_300.pt,1,280,0.29360029101371765,0.05200931802392006,0.31158140301704407,"214,80,251,109,57","7,167,23,74,176",1:5:1|1:28:1|1:39:1
ckpt_300.pt,1,281,0.3485669195652008,0.050235141068696976,0.3774198889732361,"165,22,52,90,94","23,98,167,154,120",1:128:3|1:12:2|1:359:2
ckpt_300.pt,1,282,0.333513081073761,0.06511303037405014,0.34999948740005493,"35,141,19,98,76","131,175,75,85,169",1:272:2|1:457:2|1:697:2
ckpt_300.pt,1,283,0.31879672408103943,0.057691995054483414,0.3409322500228882,"83,225,82,185,136","255,161,148,24,210",1:224:2|1:274:2|1:679:2
ckpt_300.pt,1,284,0.33348986506462097,0.06187254562973976,0.31134745478630066,"188,163,12,27,129","201,62,36,86,32",1:573:2|1:633:2|1:729:2
ckpt_300.pt,1,285,0.33022841811180115,0.062453240156173706,0.2922289967536926,"93,131,122,211,99","177,216,214,2,241",1:35:2|1:133:2|1:138:2
ckpt_300.pt,1,286,0.3733823597431183,0.0718211904168129,0.3644828498363495,"188,31,21,238,181","149,182,130,87,218",1:507:2|1:513:2|1:678:2
ckpt_300.pt,1,287,0.34807273745536804,0.06397300958633423,0.3435395359992981,"245,43,69,194,34","198,254,12,119,41",1:575:2|1:823:2|1:7:1
ckpt_300.pt,1,288,0.33262965083122253,0.06144113466143608,0.3288733661174774,"222,65,137,240,74","137,237,59,93,202",1:27:2|1:112:2|1:528:2
ckpt_300.pt,1,289,0.3378164768218994,0.06599356234073639,0.32818537950515747,"17,131,206,49,182","143,67,175,72,253",1:34:2|1:117:2|1:353:2
ckpt_300.pt,1,290,0.3226116895675659,0.049065619707107544,0.3179795444011688,"173,107,9,123,62","50,20,234,146,15",1:486:2|1:46:1|1:52:1
ckpt_300.pt,1,291,0.35706815123558044,0.09049013257026672,0.34110027551651,"108,227,99,138,4","62,133,38,89,24",1:138:2|1:958:2|1:962:2
ckpt_300.pt,1,292,0.3406907320022583,0.08982371538877487,0.309369295835495,"152,150,94,63,197","126,68,49,171,88",1:13:2|1:545:2|1:723:2
ckpt_300.pt,1,293,0.3369796872138977,0.06615757942199707,0.31520935893058777,"107,60,125,217,85","201,106,39,53,151",1:298:2|1:376:2|1:11:1
ckpt_300.pt,1,294,0.3105005919933319,0.07183018326759338,0.31548261642456055,"198,73,80,156,87","226,164,27,162,183",1:70:2|1:107:2|1:248:2
ckpt_300.pt,1,295,0.3280017077922821,0.06401848047971725,0.335083931684494,"235,40,247,156,71","205,132,254,207,165",1:617:2|1:6:1|1:14:1
ckpt_300.pt,1,296,0.34533435106277466,0.06516791880130768,0.33400872349739075,"140,227,74,77,11","77,18,57,50,255",1:322:2|1:325:2|1:351:2
ckpt_300.pt,1,297,0.3310176730155945,0.07856738567352295,0.3308369815349579,"86,16,231,109,13","124,233,55,89,249",1:56:2|1:662:2|1:738:2
ckpt_300.pt,1,298,0.3354092538356781,0.06422214955091476,0.3029060661792755,"153,79,35,125,107","253,75,196,72,126",1:144:2|1:146:2|1:293:2
ckpt_300.pt,1,299,0.32789766788482666,0.06722252070903778,0.29976069927215576,"64,162,133,30,185","14,128,63,249,200",1:188:2|1:420:2|1:609:2
ckpt_300.pt,1,300,0.337004691362381,0.06715720891952515,0.33107903599739075,"130,166,167,179,214","239,3,209,45,204",1:805:2|1:5:1|1:35:1
ckpt_300.pt,1,301,0.3395319879055023,0.05647788941860199,0.3281281292438507,"138,220,102,32,50","21,132,53,116,103",1:220:2|1:238:2|1:334:2
ckpt_300.pt,1,302,0.3594120740890503,0.06647814810276031,0.32801714539527893,"172,94,59,120,248","240,100,247,178,237",1:123:2|1:315:2|1:2:1
ckpt_300.pt,1,303,0.3293650150299072,0.070892333984375,0.34084630012512207,"239,198,36,8,27","46,227,194,252,55",1:16:2|1:259:2|1:633:2
ckpt_300.pt,1,304,0.3188498020172119,0.0649288147687912,0.3386895954608917,"159,72,128,130,193","149,126,1,46,215",1:221:2|1:255:2|1:619:2
ckpt_300.pt,1,305,0.3255281150341034,0.05991080775856972,0.3333129286766052,"100,211,99,112,209","112,5,47,34,250",1:35:2|1:138:2|1:260:2
ckpt_300.pt,1,306,0.3162824511528015,0.06659524887800217,0.30925437808036804,"79,49,167,33,31","181,194,213,15,137",1:865:2|1:0:1|1:18:1
ckpt_300.pt,1,307,0.340409517288208,0.06120455265045166,0.32394906878471375,"237,154,72,18,45","29,207,144,75,22",1:6:1|1:25:1|1:48:1
ckpt_300.pt,1,308,0.33949708938598633,0.08696721494197845,0.32669487595558167,"32,21,47,135,22","189,202,100,164,43",1:342:2|1:396:2|1:486:2
ckpt_300.pt,1,309,0.35049349069595337,0.07739713042974472,0.31795763969421387,"86,55,30,167,74","45,112,226,137,185",1:519:2|1:624:2|1:722:2
ckpt_300.pt,1,310,0.3239559829235077,0.05675375834107399,0.33911678194999695,"36,80,98,65,178","130,196,87,65,222",1:3:2|1:441:2|1:774:2
ckpt_300.pt,1,311,0.380460262298584,0.07991807162761688,0.30880874395370483,"186,139,247,137,90","166,237,47,78,157",1:278:2|1:514:2|1:730:2
ckpt_300.pt,1,312,0.3345949053764343,0.06527108699083328,0.34091585874557495,"118,28,166,217,164","47,62,71,50,221",1:590:2|1:746:2|1:4:1
ckpt_300.pt,1,313,0.31335797905921936,0.05549433454871178,0.3489004671573639,"52,158,97,104,164","172,99,84,109,232",1:10:1|1:15:1|1:35:1
ckpt_300.pt,1,314,0.3648148775100708,0.06473810970783234,0.3315041661262512,"33,244,171,196,77","79,82,212,18,153",1:7:1|1:35:1|1:38:1
ckpt_300.pt,1,315,0.3418666422367096,0.061579395085573196,0.34927618503570557,"149,94,172,75,163","14,143,93,152,216",1:27:2|1:302:2|1:348:2
ckpt_300.pt,1,316,0.32985931634902954,0.055876828730106354,0.3155435025691986,"123,12,43,86,47","241,98,105,59,125",1:108:2|1:120:2|1:396:2
ckpt_300.pt,1,317,0.31156572699546814,0.06571848690509796,0.32467561960220337,"118,86,208,29,229","70,114,166,53,29",1:161:2|1:572:2|1:589:2
ckpt_300.pt,1,318,0.329248309135437,0.07058797031641006,0.32486692070961,"29,61,102,196,185","110,202,96,50,120",1:346:2|1:548:2|1:589:2
ckpt_300.pt,1,319,0.3655215799808502,0.06289664655923843,0.3466571271419525,"140,92,243,245,157","33,29,255,87,223",1:36:2|1:269:2|1:807:2
ckpt_300.pt,1,320,0.3529624938964844,0.07183102518320084,0.33426421880722046,"148,252,32,144,169","68,87,179,208,154",1:156:2|1:357:2|1:502:2
ckpt_300.pt,1,321,0.36911681294441223,0.06837143003940582,0.3746577203273773,"75,156,200,169,30","94,90,27,21,183",1:248:2|1:675:2|1:728:2
ckpt_300.pt,1,322,0.3370554745197296,0.07795342803001404,0.3252513110637665,"77,181,74,88,136","53,173,21,215,255",1:233:2|1:296:2|1:325:2
ckpt_300.pt,1,323,0.3431696593761444,0.07545974105596542,0.31941699981689453,"252,182,23,172,116","235,85,253,255,187",1:52:2|1:417:2|1:2:1
ckpt_300.pt,1,324,0.349800705909729,0.06767585128545761,0.3571460545063019,"84,225,125,123,194","245,142,109,186,129",1:207:2|1:274:2|1:588:2
ckpt_300.pt,1,325,0.3481544554233551,0.06554622948169708,0.3237881362438202,"1,97,74,77,198","219,133,244,182,145",1:234:2|1:259:2|1:296:2
ckpt_300.pt,1,326,0.31971001625061035,0.06398501247167587,0.3283776640892029,"213,204,20,247,28","220,50,163,143,97",1:136:2|1:209:2|1:956:2
ckpt_300.pt,1,327,0.34330394864082336,0.0670788437128067,0.3343695104122162,"72,65,252,232,152","240,63,98,129,204",1:185:2|1:365:2|1:535:2
ckpt_300.pt,1,328,0.31783413887023926,0.06035653501749039,0.2934700846672058,"226,26,80,72,223","118,202,12,55,250",1:416:2|1:478:2|1:3:1
ckpt_300.pt,1,329,0.3321257531642914,0.0626639649271965,0.3351134657859802,"179,6,141,145,45","245,80,203,64,161",1:361:2|1:584:2|1:777:2
ckpt_300.pt,1,330,0.35258930921554565,0.060003265738487244,0.3504602313041687,"66,109,19,84,63","181,246,134,231,20",1:480:2|1:560:2|1:968:2
ckpt_300.pt,1,331,0.313005268573761,0.06625480204820633,0.3316127061843872,"40,174,104,135,195","108,98,100,196,222",1:50:2|1:163:2|1:200:2
ckpt_300.pt,1,332,0.30965274572372437,0.05661053583025932,0.36192119121551514,"1,140,58,127,190","232,33,40,252,80",1:569:2|1:730:2|1:15:1
ckpt_300.pt,1,333,0.3058173954486847,0.051252737641334534,0.31708839535713196,"177,141,125,7,57","191,240,232,102,198",1:558:2|1:2:1|1:4:1
ckpt_300.pt,1,334,0.29595908522605896,0.06567755341529846,0.3527442514896393,"50,102,212,28,147","168,7,194,132,80",1:61:2|1:220:2|1:222:2
ckpt_300.pt,1,335,0.36708009243011475,0.06936704367399216,0.3330739736557007,"78,22,104,248,35","189,178,57,200,68",1:141:2|1:147:2|1:0:1
ckpt_300.pt,1,336,0.32356587052345276,0.057484302669763565,0.30272048711776733,"225,105,158,222,3","17,81,2,180,210",1:75:2|1:252:2|1:439:2
ckpt_300.pt,1,337,0.3244866132736206,0.0680435299873352,0.3039979040622711,"89,9,44,130,182","149,222,139,40,203",1:881:2|1:14:1|1:24:1
ckpt_300.pt,1,338,0.3252839148044586,0.059793807566165924,0.32102224230766296,"112,120,176,114,222","7,48,51,93,236",1:389:2|1:780:2|1:799:2
ckpt_300.pt,1,339,0.33788302540779114,0.07984207570552826,0.3197815716266632,"146,64,110,122,55","184,174,141,254,30",1:340:3|1:499:2|1:714:2
ckpt_300.pt,1,340,0.3505391776561737,0.06536191701889038,0.3080168068408966,"94,110,146,122,228","161,139,246,121,17",1:339:3|1:817:2|1:1019:2
ckpt_300.pt,1,341,0.31766101717948914,0.061511654406785965,0.3059343993663788,"46,175,202,215,130","101,117,53,100,187",1:625:2|1:25:1|1:34:1
ckpt_300.pt,1,342,0.30136844515800476,0.04594312980771065,0.31013303995132446,"21,131,135,155,25","80,164,179,145,235",1:241:2|1:308:2|1:623:2
ckpt_300.pt,1,343,0.38693198561668396,0.06466837972402573,0.3586326241493225,"122,251,144,213,217","167,48,249,9,69",1:666:2|1:993:2|1:31:1
ckpt_300.pt,1,344,0.3484753370285034,0.05964432284235954,0.32301709055900574,"159,76,252,188,125","188,125,36,208,254",1:240:2|1:11:1|1:15:1
ckpt_300.pt,1,345,0.32403096556663513,0.05416285991668701,0.32568788528442383,"55,148,248,34,217","102,48,19,109,178",1:499:2|1:7:1|1:17:1
ckpt_300.pt,1,346,0.298933207988739,0.054491668939590454,0.32583731412887573,"249,148,185,254,29","28,227,134,85,32",1:318:2|1:1:1|1:10:1
ckpt_300.pt,1,347,0.3776945173740387,0.06130720302462578,0.34913113713264465,"150,108,88,115,95","126,24,11,155,164",1:160:2|1:631:2|1:647:2
ckpt_300.pt,1,348,0.3204810619354248,0.07856728136539459,0.3355604410171509,"14,128,41,149,94","199,31,22,154,125",1:315:2|1:430:2|1:529:2
ckpt_300.pt,1,349,0.33245769143104553,0.05411067232489586,0.34792977571487427,"172,82,86,15,7","92,188,214,112,206",1:53:2|1:545:2|1:752:2
ckpt_300.pt,1,350,0.3400256335735321,0.08306451141834259,0.3252200484275818,"100,19,48,184,219","34,213,153,102,87",1:498:2|1:936:2|1:8:1
ckpt_300.pt,1,351,0.3581736981868744,0.07243672013282776,0.34700238704681396,"176,74,110,220,140","168,216,250,81,222",1:801:3|1:296:2|1:561:2
ckpt_300.pt,1,352,0.3231438100337982,0.06074684485793114,0.3336977958679199,"103,243,141,30,216","4,57,247,228,125",1:558:2|1:672:2|1:704:2
ckpt_300.pt,1,353,0.3298303782939911,0.05557221174240112,0.3354231119155884,"1,137,182,131,22","212,237,226,126,23",1:289:2|1:861:2|1:0:1
ckpt_300.pt,1,354,0.3512646555900574,0.06909116357564926,0.3494015336036682,"215,2,255,206,89","169,238,252,89,121",1:184:2|1:669:2|1:14:1
ckpt_300.pt,1,355,0.34210723638534546,0.05956845358014107,0.33452075719833374,"78,220,2,30,210","142,175,192,102,87",1:982:3|1:418:2|1:848:2
ckpt_300.pt,1,356,0.329437792301178,0.05427340045571327,0.31678953766822815,"53,109,129,102,136","185,55,126,250,194",1:676:2|1:885:2|1:6:1
ckpt_300.pt,1,357,0.31398576498031616,0.055337388068437576,0.33834388852119446,"148,219,130,169,78","65,123,129,117,186",1:320:2|1:502:2|1:640:2
ckpt_300.pt,1,358,0.28913629055023193,0.05538313090801239,0.30575546622276306,"163,84,30,205,28","125,148,135,202,189",1:222:2|1:646:2|1:17:1
ckpt_300.pt,1,359,0.32974478602409363,0.056414470076560974,0.31563812494277954,"119,79,216,22,165","112,186,23,120,82",1:281:2|1:699:2|1:0:1
ckpt_300.pt,1,360,0.36134427785873413,0.06704298406839371,0.33413001894950867,"144,128,143,222,255","146,80,20,130,221",1:8:2|1:75:2|1:145:2
ckpt_300.pt,1,361,0.3226543962955475,0.05725124105811119,0.31378862261772156,"6,65,185,150,179","167,45,220,248,27",1:329:2|1:777:2|1:841:2
ckpt_300.pt,1,362,0.32424429059028625,0.06388722360134125,0.3153415620326996,"203,140,133,99,183","68,175,148,247,185",1:139:2|1:363:2|1:382:2
ckpt_300.pt,1,363,0.34778475761413574,0.07448466122150421,0.3366161286830902,"133,116,183,253,197","104,29,208,86,126",1:13:2|1:91:2|1:93:2
ckpt_300.pt,1,364,0.354256808757782,0.058350685983896255,0.32325953245162964,"67,156,132,183,151","126,4,15,252,115",1:14:2|1:432:2|1:442:2
ckpt_300.pt,1,365,0.33749788999557495,0.07783443480730057,0.3163490295410156,"232,188,72,19,212","47,154,88,64,216",1:80:2|1:149:2|1:327:2
ckpt_300.pt,1,366,0.3070901036262512,0.05243339762091637,0.29737892746925354,"13,180,212,18,92","161,211,244,142,30",1:254:2|1:273:2|1:1:1
ckpt_300.pt,1,367,0.3230401277542114,0.06155015155673027,0.332933247089386,"155,0,157,57,235","29,173,55,97,149",1:836:2|1:22:1|1:28:1
ckpt_300.pt,1,368,0.353508859872818,0.06339903920888901,0.3389822840690613,"172,166,25,47,128","231,141,204,6,203",1:5:2|1:505:2|1:565:2
ckpt_300.pt,1,369,0.3495629131793976,0.08120383322238922,0.3409779667854309,"155,139,105,103,48","84,58,153,192,56",1:198:2|1:598:2|1:744:2
ckpt_300.pt,1,370,0.3716154098510742,0.06665707379579544,0.33474743366241455,"223,61,70,236,59","69,56,42,11,46",1:473:2|1:3:1|1:14:1
ckpt_300.pt,1,371,0.333047479391098,0.07256448268890381,0.34292739629745483,"215,249,152,167,223","28,145,190,227,183",1:447:2|1:568:2|1:643:2
ckpt_300.pt,1,372,0.3176839053630829,0.06820686161518097,0.31205999851226807,"154,118,44,158,34","70,140,0,1,161",1:569:2|1:614:2|1:762:2
ckpt_300.pt,1,373,0.33782437443733215,0.05149804800748825,0.3243938088417053,"24,79,73,63,29","49,48,51,99,244",1:64:2|1:197:2|1:699:2
ckpt_300.pt,1,374,0.33395811915397644,0.06360522657632828,0.31664183735847473,"84,180,255,77,158","200,161,183,249,4",1:602:2|1:7:1|1:23:1
ckpt_300.pt,1,375,0.35074594616889954,0.06255395710468292,0.33792638778686523,"212,251,73,44,203","213,162,36,227,94",1:986:3|1:33:2|1:44:2
ckpt_300.pt,1,376,0.32481834292411804,0.055082302540540695,0.32648414373397827,"229,48,217,39,85","24,214,107,36,8",1:293:2|1:650:2|1:1003:2
ckpt_300.pt,1,377,0.33119213581085205,0.05777326598763466,0.3236452341079712,"67,20,152,98,6","233,115,142,67,196",1:648:2|1:3:1|1:7:1
ckpt_300.pt,1,378,0.31190305948257446,0.052604030817747116,0.3291255533695221,"220,254,109,125,218","3,247,143,82,46",1:170:2|1:726:2|1:1002:2
ckpt_300.pt,1,379,0.31936630606651306,0.054936762899160385,0.3403209447860718,"61,186,19,188,103","23,65,123,95,177",1:121:2|1:149:2|1:365:2
ckpt_300.pt,1,380,0.3273968994617462,0.06308692693710327,0.3212664723396301,"99,171,116,93,231","34,214,63,32,20",1:285:2|1:793:2|1:4:1
ckpt_300.pt,1,381,0.35245946049690247,0.0675031840801239,0.32400575280189514,"129,197,127,247,93","141,217,119,240,110",1:44:2|1:772:2|1:818:2
ckpt_300.pt,1,382,0.3359003961086273,0.07886360585689545,0.33522576093673706,"140,186,89,203,87","117,129,10,88,207",1:362:2|1:730:2|1:0:1
ckpt_300.pt,1,383,0.3305917978286743,0.05391161888837814,0.35418713092803955,"163,196,80,37,96","214,9,91,151,108",1:168:2|1:17:1|1:25:1
ckpt_300.pt,1,384,0.3750627338886261,0.07284589111804962,0.35785382986068726,"59,156,234,117,128","26,106,107,180,130",1:14:2|1:5:1|1:6:1
ckpt_300.pt,1,385,0.3238632380962372,0.06652446836233139,0.32517939805984497,"16,124,133,63,206","166,96,173,179,185",1:1019:2|1:13:1|1:34:1
ckpt_300.pt,1,386,0.3468255400657654,0.06932037323713303,0.32443487644195557,"190,114,5,103,130","188,142,2,242,185",1:474:2|1:639:2|1:704:2
ckpt_300.pt,1,387,0.3667077422142029,0.0656491294503212,0.3234544098377228,"62,90,119,150,106","122,250,71,172,185",1:228:2|1:12:1|1:62:1
ckpt_300.pt,1,388,0.33688271045684814,0.05383940413594246,0.34516826272010803,"86,145,218,98,134","238,92,240,175,13",1:3:2|1:593:2|1:913:2
ckpt_300.pt,1,389,0.36787036061286926,0.06315305083990097,0.33501020073890686,"53,35,31,176,222","137,140,134,8,162",1:338:2|1:449:2|1:468:2
ckpt_300.pt,1,390,0.3352981507778168,0.06458532065153122,0.32799383997917175,"73,150,132,255,21","10,151,176,101,143",1:513:2|1:1020:2|1:23:1
ckpt_300.pt,1,391,0.3187219798564911,0.06792391836643219,0.3304232358932495,"191,134,22,30,154","135,248,41,134,167",1:704:2|1:708:2|1:913:2
ckpt_300.pt,1,392,0.3397795259952545,0.06007891148328781,0.3464806377887726,"10,244,136,19,69","235,62,171,15,22",1:941:3|1:53:2|1:679:2
ckpt_300.pt,1,393,0.3099842667579651,0.06945104151964188,0.31657904386520386,"85,150,149,100,239","146,237,235,171,121",1:177:2|1:712:2|1:16:1
ckpt_300.pt,1,394,0.346732497215271,0.061583202332258224,0.3179982602596283,"242,31,139,126,63","99,195,54,206,111",1:592:2|1:700:2|1:786:2
ckpt_300.pt,1,395,0.2905118465423584,0.051031507551670074,0.3186618685722351,"105,179,79,108,241","203,64,70,131,237",1:38:2|1:199:2|1:976:2
ckpt_300.pt,1,396,0.33702871203422546,0.07888570427894592,0.330028772354126,"43,135,210,47,42","18,94,3,29,89",1:58:2|1:110:2|1:308:2
ckpt_300.pt,1,397,0.331540584564209,0.06989408284425735,0.3439965844154358,"228,103,152,78,131","174,53,185,97,133",1:13:2|1:542:2|1:1019:2
ckpt_300.pt,1,398,0.3261290192604065,0.061652909964323044,0.3473776578903198,"188,224,239,98,183","230,219,58,112,223",1:116:2|1:822:2|1:972:2
ckpt_300.pt,1,399,0.3291120231151581,0.08016495406627655,0.3628377914428711,"249,125,10,163,146","59,250,156,228,237",1:122:2|1:509:2|1:10:1
ckpt_300.pt,1,400,0.33472496271133423,0.057214733213186264,0.31827405095100403,"33,220,66,240,191","96,253,215,90,127",1:504:2|1:9:1|1:14:1
ckpt_300.pt,1,401,0.3384367823600769,0.06744183599948883,0.3361634314060211,"241,126,26,160,213","159,139,210,143,108",1:9:2|1:725:2|1:896:2
ckpt_300.pt,1,402,0.3214561641216278,0.06357219070196152,0.334559828042984,"31,25,197,244,17","112,229,22,161,54",1:77:2|1:192:2|1:795:2
ckpt_300.pt,1,403,0.3295397460460663,0.06704246997833252,0.3299819231033325,"190,23,77,92,72","52,96,236,36,217",1:906:2|1:954:2|1:1:1
ckpt_300.pt,1,404,0.33140623569488525,0.05876285210251808,0.3516499698162079,"116,133,194,248,10","208,219,25,6,132",1:207:2|1:363:2|1:419:2
ckpt_300.pt,1,405,0.3227508068084717,0.05821807682514191,0.32993319630622864,"236,143,27,153,180","72,87,216,122,100",1:126:2|1:0:1|1:24:1
ckpt_300.pt,1,406,0.33875182271003723,0.0665881335735321,0.3341902196407318,"196,25,228,184,60","128,11,117,118,253",1:500:2|1:696:2|1:5:1
ckpt_300.pt,1,407,0.32977330684661865,0.0628029927611351,0.33100786805152893,"166,183,72,230,89","100,3,126,99,158",1:14:2|1:47:2|1:83:2
ckpt_300.pt,1,408,0.33685392141342163,0.05543677508831024,0.33927300572395325,"24,211,11,113,220","145,92,127,158,64",1:9:2|1:766:2|1:29:1
ckpt_300.pt,1,409,0.35694804787635803,0.07160233706235886,0.3361615836620331,"150,234,192,35,18","17,143,224,51,54",1:440:2|1:468:2|1:496:2
ckpt_300.pt,1,410,0.319139301776886,0.061091478914022446,0.3102518618106842,"19,26,215,31,32","171,193,80,238,208",1:534:2|1:0:1|1:9:1
ckpt_300.pt,1,411,0.32859233021736145,0.05531064793467522,0.3226548433303833,"83,129,251,105,123","6,8,181,157,189",1:176:2|1:6:1|1:38:1
ckpt_300.pt,1,412,0.35104355216026306,0.05955610051751137,0.3077990412712097,"230,61,42,173,250","34,155,232,134,85",1:251:2|1:253:2|1:653:2
ckpt_300.pt,1,413,0.3211420774459839,0.05778493732213974,0.3297986388206482,"236,93,184,193,150","160,153,151,137,9",1:696:2|1:927:2|1:8:1
ckpt_300.pt,1,414,0.3492302894592285,0.06360367685556412,0.3245150148868561,"161,36,110,99,191","184,32,49,252,98",1:184:2|1:214:2|1:837:2
ckpt_300.pt,1,415,0.3404635190963745,0.06519617140293121,0.34785380959510803,"174,13,67,96,149","106,158,188,18,153",1:50:2|1:102:2|1:279:2
ckpt_300.pt,1,416,0.3712638020515442,0.06206686794757843,0.3293071985244751,"226,212,89,26,250","255,120,213,188,35",1:4:2|1:21:2|1:262:2
ckpt_300.pt,1,417,0.34505683183670044,0.0632409155368805,0.31884053349494934,"172,182,134,230,206","199,160,64,93,58",1:117:2|1:289:2|1:323:2
ckpt_300.pt,1,418,0.33795371651649475,0.06020971015095711,0.32276445627212524,"30,220,158,121,249","53,31,253,197,231",1:277:2|1:355:2|1:569:2
ckpt_300.pt,1,419,0.32508233189582825,0.0700918659567833,0.30437755584716797,"121,10,58,248,237","198,83,187,135,84",1:182:2|1:404:2|1:900:2
ckpt_300.pt,1,420,0.33349841833114624,0.05423079803586006,0.32229605317115784,"91,162,191,205,133","187,59,139,64,205",1:89:2|1:299:2|1:579:2
ckpt_300.pt,1,421,0.3396248519420624,0.06729557365179062,0.3536345064640045,"164,10,188,130,211","163,166,68,150,140",1:113:2|1:168:2|1:525:2
ckpt_300.pt,1,422,0.31654036045074463,0.08956828713417053,0.3172544240951538,"202,64,77,152,174","172,62,218,178,192",1:7:1|1:13:1|1:30:1
ckpt_300.pt,1,423,0.3120381534099579,0.05876946076750755,0.32872048020362854,"116,53,236,12,126","193,134,58,179,149",1:124:2|1:150:2|1:592:2
ckpt_300.pt,1,424,0.32206228375434875,0.06383072584867477,0.2918201982975006,"165,236,89,148,179","158,255,230,167,104",1:148:2|1:256:2|1:927:2
ckpt_300.pt,1,425,0.3335689902305603,0.05902155861258507,0.33668240904808044,"51,199,155,76,50","203,40,94,148,72",1:42:2|1:83:2|1:510:2
ckpt_300.pt,1,426,0.3575262427330017,0.05818929523229599,0.3436424136161804,"131,90,213,105,197","111,241,33,140,220",1:84:2|1:1004:2|1:1:1
ckpt_300.pt,1,427,0.36187008023262024,0.059106916189193726,0.3507451117038727,"238,88,84,27,141","246,223,189,20,31",1:490:2|1:573:2|1:0:1
ckpt_300.pt,1,428,0.3522379398345947,0.05927841737866402,0.31120380759239197,"149,63,8,254,58","137,169,173,20,179",1:102:2|1:24:1|1:27:1
ckpt_300.pt,1,429,0.33656102418899536,0.06967578828334808,0.3030765950679779,"210,59,0,73,224","242,73,161,111,254",1:503:2|1:14:1|1:33:1
ckpt_300.pt,1,430,0.31861358880996704,0.05317652225494385,0.31451141834259033,"94,41,171,80,62","17,51,132,205,96",1:348:2|1:19:1|1:43:1
ckpt_300.pt,1,431,0.32480132579803467,0.06231650710105896,0.3043175935745239,"11,51,70,48,161","141,197,137,162,106",1:42:2|1:161:2|1:438:2
ckpt_300.pt,1,432,0.33538633584976196,0.06583339720964432,0.33177709579467773,"96,156,20,132,107","171,133,53,199,80",1:130:2|1:364:2|1:442:2
ckpt_300.pt,1,433,0.34290167689323425,0.06582961231470108,0.3098545968532562,"128,49,240,232,217","230,162,0,111,23",1:5:1|1:8:1|1:18:1
ckpt_300.pt,1,434,0.3490595817565918,0.05384919047355652,0.3200644254684448,"3,48,209,232,1","73,185,146,177,249",1:114:2|1:470:2|1:646:2
ckpt_300.pt,1,435,0.3342162072658539,0.06527363508939743,0.30837997794151306,"214,189,230,50,234","104,141,83,8,89",1:5:2|1:510:2|1:599:2
ckpt_300.pt,1,436,0.3315741717815399,0.06828892230987549,0.3249220848083496,"252,105,38,177,199","43,145,124,158,154",1:63:2|1:247:2|1:268:2
ckpt_300.pt,1,437,0.36278241872787476,0.07118834555149078,0.36118924617767334,"23,119,47,160,220","177,171,155,108,111",1:9:2|1:107:2|1:715:2
ckpt_300.pt,1,438,0.32814571261405945,0.05805371701717377,0.31420794129371643,"48,172,125,11,251","149,141,15,39,214",1:52:2|1:154:2|1:431:2
ckpt_300.pt,1,439,0.3434705436229706,0.06943707168102264,0.3309008479118347,"105,84,182,3,146","32,215,230,44,130",1:78:2|1:336:2|1:957:2
ckpt_300.pt,1,440,0.32955506443977356,0.07073219865560532,0.32768985629081726,"35,224,109,18,11","174,111,202,127,170",1:409:2|1:73:1|1:79:1
ckpt_300.pt,1,441,0.3265361189842224,0.05169688165187836,0.3150736391544342,"65,132,218,178,171","163,107,173,186,0",1:98:2|1:310:2|1:868:2
ckpt_300.pt,1,442,0.3150172829627991,0.06228068470954895,0.32403188943862915,"154,156,132,241,23","210,152,33,160,179",1:736:3|1:107:2|1:127:2
ckpt_300.pt,1,443,0.3278067111968994,0.06435868889093399,0.3061386048793793,"219,13,54,232,200","89,128,180,211,86",1:158:2|1:32:1|1:33:1
ckpt_300.pt,1,444,0.32191625237464905,0.06372575461864471,0.3470645248889923,"113,103,229,34,66","241,27,171,134,111",1:912:2|1:7:1|1:13:1
ckpt_300.pt,1,445,0.33163273334503174,0.06115784868597984,0.3286712169647217,"237,170,118,153,194","255,175,144,198,102",1:126:2|1:4:1|1:6:1
ckpt_300.pt,1,446,0.3341291546821594,0.0608372837305069,0.33266499638557434,"235,182,231,127,60","107,120,71,95,173",1:70:2|1:478:2|1:793:2
ckpt_300.pt,1,447,0.3085134029388428,0.06336403638124466,0.32186034321784973,"104,152,135,123,249","171,95,120,133,222",1:163:2|1:331:2|1:371:2
ckpt_300.pt,1,448,0.32915201783180237,0.0684531033039093,0.34485679864883423,"229,46,22,239,124","209,238,174,240,27",1:0:1|1:16:1|1:20:1
ckpt_300.pt,1,449,0.3261217772960663,0.06976090371608734,0.3333985507488251,"138,53,31,255,121","112,84,134,107,44",1:23:2|1:105:2|1:192:2
ckpt_300.pt,1,450,0.32936686277389526,0.0595533587038517,0.3211210072040558,"81,124,241,131,117","194,195,25,147,113",1:1019:2|1:11:1|1:17:1
ckpt_300.pt,1,451,0.3488537669181824,0.061919379979372025,0.3391522467136383,"109,244,162,45,108","69,215,200,25,31",1:647:2|1:25:1|1:63:1
ckpt_300.pt,1,452,0.32587000727653503,0.05491730943322182,0.34699341654777527,"236,249,16,147,154","196,214,239,190,89",1:908:2|1:10:1|1:24:1
ckpt_300.pt,1,453,0.3428700864315033,0.060821134597063065,0.3538762032985687,"254,252,180,34,5","80,190,134,135,157",1:7:1|1:17:1|1:29:1
ckpt_300.pt,1,454,0.3130304217338562,0.05581741780042648,0.3379014730453491,"209,68,187,183,217","132,176,160,150,201",1:195:2|1:218:2|1:967:2
ckpt_300.pt,1,455,0.310905396938324,0.06126558408141136,0.32101139426231384,"73,80,195,123,39","105,13,216,7,217",1:294:2|1:916:2|1:2:1
ckpt_300.pt,1,456,0.3293605446815491,0.05418403446674347,0.32512208819389343,"99,143,182,206,106","115,245,200,176,1",1:149:2|1:289:2|1:417:2
ckpt_300.pt,1,457,0.3605652153491974,0.07372728735208511,0.3416326940059662,"98,96,74,191,141","107,95,147,170,30",1:3:2|1:282:2|1:893:2
ckpt_300.pt,1,458,0.32805079221725464,0.07771368324756622,0.3357112407684326,"229,84,49,98,230","18,247,198,221,169",1:494:2|1:551:2|1:942:2
ckpt_300.pt,1,459,0.3166683614253998,0.06089324131608009,0.3103087544441223,"85,105,15,69,23","67,20,131,91,223",1:53:2|1:813:2|1:906:2
ckpt_300.pt,1,460,0.31971991062164307,0.0605645552277565,0.3230510354042053,"90,224,114,69,3","98,187,255,126,156",1:41:2|1:470:2|1:518:2
ckpt_300.pt,1,461,0.29649999737739563,0.0525875985622406,0.326483815908432,"81,102,253,82,200","9,133,0,195,187",1:181:2|1:219:2|1:516:2
ckpt_300.pt,1,462,0.3156568109989166,0.059447031468153,0.30504557490348816,"15,154,151,204,214","99,68,133,138,29",1:708:2|1:857:2|1:980:2
ckpt_300.pt,1,463,0.3272281289100647,0.06753046810626984,0.3257664740085602,"236,96,9,7,97","220,47,95,183,227",1:473:2|1:552:2|1:937:2
ckpt_300.pt,1,464,0.35787856578826904,0.08490005135536194,0.3314189910888672,"56,98,184,240,55","227,114,76,79,198",1:492:2|1:764:2|1:3:1
ckpt_300.pt,1,465,0.3022915720939636,0.05623850226402283,0.3336114287376404,"96,244,29,184,116","211,100,212,175,54",1:165:2|1:211:2|1:877:2
ckpt_300.pt,1,466,0.33831587433815,0.05972703918814659,0.3256043493747711,"50,58,103,32,35","133,236,17,98,65",1:99:2|1:301:2|1:468:2
ckpt_300.pt,1,467,0.33591997623443604,0.06108677759766579,0.2996267080307007,"24,219,75,1,95","203,185,88,252,150",1:118:2|1:496:2|1:601:2
ckpt_300.pt,1,468,0.31671637296676636,0.06365144997835159,0.3414354920387268,"10,150,35,32,176","115,107,160,129,68",1:74:2|1:389:2|1:409:2
ckpt_300.pt,1,469,0.3458579480648041,0.06602334976196289,0.3636389374732971,"54,94,231,78,158","8,171,206,207,126",1:252:2|1:482:2|1:79:1
ckpt_300.pt,1,470,0.3296140432357788,0.07032608985900879,0.3356558382511139,"143,3,232,114,207","46,28,223,181,95",1:41:2|1:434:2|1:460:2
ckpt_300.pt,1,471,0.3422204256057739,0.0652599185705185,0.312057226896286,"111,198,245,117,229","194,229,82,59,4",1:491:2|1:10:1|1:22:1
ckpt_300.pt,1,472,0.3511624038219452,0.06832720339298248,0.35305944085121155,"232,57,37,41,117","15,243,59,244,247",1:43:2|1:629:2|1:882:2
ckpt_300.pt,1,473,0.3086979389190674,0.06463535875082016,0.31939199566841125,"59,122,62,7,236","193,87,229,3,22",1:370:2|1:463:2|1:4:1
ckpt_300.pt,1,474,0.3145398795604706,0.05966696888208389,0.3121647536754608,"202,115,190,156,114","208,220,56,241,43",1:386:2|1:706:2|1:874:2
ckpt_300.pt,1,475,0.3417466878890991,0.0648425742983818,0.3293370008468628,"24,209,189,98,85","124,180,14,224,72",1:546:2|1:958:2|1:3:1
ckpt_300.pt,1,476,0.3217140734195709,0.05504787340760231,0.31564077734947205,"226,4,201,146,187","161,25,196,16,55",1:10:1|1:18:1|1:21:1
ckpt_300.pt,1,477,0.30243077874183655,0.05654982104897499,0.31544357538223267,"203,79,222,68,254","45,213,135,88,23",1:197:2|1:875:2|1:8:1
ckpt_300.pt,1,478,0.3248010277748108,0.0632786899805069,0.33527901768684387,"231,235,255,26,72","96,124,122,74,218",1:203:2|1:328:2|1:446:2
ckpt_300.pt,1,479,0.31168332695961,0.05323384702205658,0.3235066533088684,"15,249,120,20,102","196,211,122,26,58",1:140:2|1:780:2|1:10:1
ckpt_300.pt,1,480,0.3156174123287201,0.0630398541688919,0.32868078351020813,"57,66,56,84,190","131,133,240,233,241",1:330:2|1:519:2|1:957:2
ckpt_300.pt,1,481,0.3136844038963318,0.05159999802708626,0.3325383961200714,"99,236,233,49,238","6,169,69,2,203",1:821:2|1:966:2|1:18:1
ckpt_300.pt,1,482,0.3228899836540222,0.054461147636175156,0.3316080570220947,"88,92,93,78,94","239,232,129,119,153",1:129:2|1:469:2|1:1013:2
ckpt_300.pt,1,483,0.32007601857185364,0.06092192977666855,0.3286443054676056,"235,209,63,52,56","39,31,121,233,49",1:546:2|1:695:2|1:13:1
ckpt_300.pt,1,484,0.347252756357193,0.07532265037298203,0.36769866943359375,"96,159,172,22,118","92,125,5,110,179",1:216:2|1:619:2|1:944:2
ckpt_300.pt,1,485,0.34093692898750305,0.053536053746938705,0.32542121410369873,"205,240,67,86,197","91,30,197,128,138",1:7:2|1:279:2|1:545:2
ckpt_300.pt,1,486,0.36934202909469604,0.07055214792490005,0.3071872591972351,"62,9,156,22,47","5,56,89,13,203",1:290:2|1:308:2|1:728:2
ckpt_300.pt,1,487,0.32400497794151306,0.055637601763010025,0.3378704786300659,"193,147,83,124,213","169,223,194,240,34",1:179:2|1:698:2|1:31:1
ckpt_300.pt,1,488,0.3358033299446106,0.06262604892253876,0.33358585834503174,"111,33,162,201,25","23,217,214,216,173",1:590:2|1:663:2|1:760:2
ckpt_300.pt,1,489,0.33250197768211365,0.06989627331495285,0.30721479654312134,"143,211,252,223,54","54,228,217,113,221",1:131:2|1:889:2|1:3:1
ckpt_300.pt,1,490,0.330766886472702,0.06113262474536896,0.3455645442008972,"84,192,89,27,48","209,172,26,232,110",1:198:2|1:427:2|1:0:1
ckpt_300.pt,1,491,0.3357294201850891,0.06472902745008469,0.3376867175102234,"233,111,65,40,245","237,108,26,7,133",1:471:2|1:564:2|1:2:1
ckpt_300.pt,1,492,0.3363814949989319,0.056799568235874176,0.3600025773048401,"56,169,74,184,171","180,33,252,18,1",1:178:2|1:212:2|1:464:2
ckpt_300.pt,1,493,0.38868701457977295,0.08156277984380722,0.3525765538215637,"153,24,96,71,140","131,61,193,191,210",1:838:2|1:6:1|1:9:1
ckpt_300.pt,1,494,0.33654043078422546,0.07958295941352844,0.35657012462615967,"15,245,97,49,98","87,244,204,208,135",1:269:2|1:458:2|1:564:2
ckpt_300.pt,1,495,0.37313252687454224,0.0676928237080574,0.3544498383998871,"238,52,95,44,138","197,125,239,235,78",1:236:2|1:695:2|1:771:2
ckpt_300.pt,1,496,0.3339836299419403,0.06411668658256531,0.3335334062576294,"150,75,35,209,219","41,126,167,155,193",1:100:2|1:114:2|1:118:2
ckpt_300.pt,1,497,0.342721551656723,0.06654105335474014,0.34605687856674194,"31,159,2,184,224","127,205,42,154,251",1:644:2|1:792:2|1:0:1
ckpt_300.pt,1,498,0.3336884677410126,0.0521416962146759,0.30775728821754456,"158,2,100,48,233","149,171,22,168,65",1:350:2|1:802:2|1:18:1
ckpt_300.pt,1,499,0.3663455843925476,0.07498776167631149,0.3292909264564514,"122,55,40,224,148","57,232,165,205,43",1:339:2|1:345:2|1:714:2
ckpt_300.pt,1,500,0.3371344804763794,0.05737252160906792,0.3152812421321869,"25,184,251,154,20","227,193,219,69,71",1:178:2|1:406:2|1:5:1
ckpt_300.pt,1,501,0.3499773442745209,0.062402624636888504,0.3243064880371094,"184,123,147,211,41","105,22,110,194,171",1:636:2|1:8:1|1:19:1
ckpt_300.pt,1,502,0.3175182044506073,0.05986688658595085,0.3056194484233856,"219,129,148,252,244","204,219,148,164,82",1:211:2|1:320:2|1:357:2
ckpt_300.pt,1,503,0.3664168119430542,0.06537818163633347,0.33310413360595703,"73,214,0,185,137","167,120,200,242,60",1:751:3|1:208:2|1:429:2
ckpt_300.pt,1,504,0.3467862606048584,0.06139178201556206,0.3445335626602173,"191,225,148,33,10","57,216,99,3,77",1:400:2|1:679:2|1:893:2
ckpt_300.pt,1,505,0.34680435061454773,0.05837750807404518,0.33693283796310425,"124,146,35,166,172","253,112,32,40,219",1:368:2|1:2:1|1:27:1
ckpt_300.pt,1,506,0.3284480571746826,0.06263706088066101,0.3547495901584625,"79,62,145,229,180","10,30,67,115,163",1:735:2|1:783:2|1:3:1
ckpt_300.pt,1,507,0.33287355303764343,0.05393774062395096,0.3399120569229126,"188,147,79,238,60","201,157,85,149,217",1:11:2|1:286:2|1:961:2
ckpt_300.pt,1,508,0.33047762513160706,0.0629681646823883,0.3320141136646271,"205,94,141,210,113","154,216,13,220,80",1:64:1|1:97:1|1:101:1
ckpt_300.pt,1,509,0.3535732328891754,0.07256577908992767,0.3394482731819153,"125,9,51,140,249","16,42,101,224,78",1:399:2|1:611:2|1:613:2
ckpt_300.pt,1,510,0.33672791719436646,0.05643446370959282,0.32358163595199585,"50,97,214,203,51","52,23,58,5,37",1:39:2|1:120:2|1:160:2
ckpt_300.pt,1,511,0.34374070167541504,0.06775512546300888,0.3304354250431061,"41,102,44,194,39","46,220,223,129,191",1:92:2|1:263:2|1:945:2
ckpt_300.pt,1,512,0.3380138874053955,0.051457442343235016,0.3205203711986542,"69,48,151,241,36","209,181,114,29,221",1:119:2|1:144:2|1:16:1
ckpt_300.pt,1,513,0.3215017020702362,0.0567912757396698,0.32082056999206543,"106,21,188,218,73","12,234,177,35,250",1:286:2|1:390:2|1:11:1
ckpt_300.pt,1,514,0.349361777305603,0.05719379708170891,0.33542394638061523,"137,151,61,247,211","204,150,0,155,79",1:607:3|1:311:2|1:705:2
ckpt_300.pt,1,515,0.32616522908210754,0.061386920511722565,0.3401094973087311,"138,62,233,105,11","232,123,190,107,125",1:88:2|1:228:2|1:266:2
ckpt_300.pt,1,516,0.33027365803718567,0.05706875026226044,0.3598276674747467,"159,241,94,200,102","246,226,67,175,101",1:158:2|1:461:2|1:713:2
ckpt_300.pt,1,517,0.3343568742275238,0.05376875400543213,0.34456685185432434,"225,76,1,165,103","227,153,19,74,91",1:127:2|1:240:2|1:679:2
ckpt_300.pt,1,518,0.3116316795349121,0.053836774080991745,0.32270756363868713,"134,92,143,224,3","59,203,235,226,189",1:460:2|1:470:2|1:992:2
ckpt_300.pt,1,519,0.32179370522499084,0.05860209837555885,0.3490046262741089,"57,190,86,183,55","170,132,123,8,242",1:129:2|1:309:2|1:480:2
ckpt_300.pt,1,520,0.32482022047042847,0.06188739091157913,0.3419116735458374,"33,207,19,187,154","194,198,84,251,89",1:53:1|1:68:1|1:95:1
ckpt_300.pt,1,521,0.31425508856773376,0.07192717492580414,0.2974472641944885,"59,141,131,65,151","156,248,127,104,74",1:2:1|1:14:1|1:17:1
ckpt_300.pt,1,522,0.3359723389148712,0.05097508057951927,0.30247148871421814,"248,128,16,222,175","76,15,127,41,168",1:8:2|1:207:2|1:360:2
ckpt_300.pt,1,523,0.30859872698783875,0.056038208305835724,0.34549546241760254,"101,58,118,144,117","86,176,58,244,24",1:210:2|1:4:1|1:21:1
ckpt_300.pt,1,524,0.33660057187080383,0.07657431811094284,0.3401336669921875,"232,4,139,0,44","152,224,211,209,97",1:92:2|1:986:2|1:1:1
ckpt_300.pt,1,525,0.3607654571533203,0.0603720024228096,0.3486068546772003,"28,188,10,110,75","90,119,46,181,84",1:421:2|1:549:2|1:554:2
ckpt_300.pt,1,526,0.3199809193611145,0.04820872098207474,0.3187929093837738,"134,227,87,58,219","94,68,3,91,148",1:737:2|1:919:2|1:0:1
ckpt_300.pt,1,527,0.34043246507644653,0.07496648281812668,0.3353016972541809,"81,182,111,212,154","227,187,12,172,56",1:97:2|1:183:2|1:665:2
ckpt_300.pt,1,528,0.3399873971939087,0.06718980520963669,0.3362925052642822,"222,29,103,92,65","210,174,167,36,27",1:30:2|1:99:2|1:288:2
ckpt_300.pt,1,529,0.367264062166214,0.07586197555065155,0.3282252550125122,"125,41,203,25,14","204,246,96,30,102",1:154:2|1:348:2|1:555:2
ckpt_300.pt,1,530,0.34765005111694336,0.06497146934270859,0.30635273456573486,"122,60,137,50,43","196,204,115,151,60",1:642:2|1:11:1|1:25:1
ckpt_300.pt,1,531,0.3335444927215576,0.07166558504104614,0.2886795401573181,"157,16,127,250,179","56,63,244,64,182",1:32:2|1:748:2|1:825:2
ckpt_300.pt,1,532,0.35573622584342957,0.06597446650266647,0.34878891706466675,"63,252,245,71,181","189,132,231,113,57",1:592:2|1:838:2|1:889:2
ckpt_300.pt,1,533,0.32677197456359863,0.06514595448970795,0.34437596797943115,"85,143,58,120,135","30,77,174,136,173",1:49:2|1:216:2|1:842:2
ckpt_300.pt,1,534,0.3686107397079468,0.0807073786854744,0.3581859767436981,"32,118,206,26,129","189,1,143,153,192",1:176:2|1:410:2|1:536:2
ckpt_300.pt,1,535,0.36055633425712585,0.06474124640226364,0.35442912578582764,"232,123,111,112,252","4,91,118,240,244",1:327:2|1:10:1|1:46:1
ckpt_300.pt,1,536,0.34460949897766113,0.059033047407865524,0.312030166387558,"80,32,155,122,206","162,43,74,120,96",1:139:2|1:534:2|1:623:2
ckpt_300.pt,1,537,0.33253249526023865,0.07321671396493912,0.3364076614379883,"178,189,203,8,90","68,198,88,183,185",1:774:3|1:60:2|1:3:1
ckpt_300.pt,1,538,0.35138943791389465,0.0689537301659584,0.3495901823043823,"98,194,90,171,172","73,50,243,82,96",1:926:2|1:963:2|1:2:1
ckpt_300.pt,1,539,0.3357349932193756,0.058760665357112885,0.3286251425743103,"161,150,167,154,77","200,77,2,12,145",1:929:2|1:959:2|1:7:1
ckpt_300.pt,1,540,0.3437138497829437,0.07053045928478241,0.3524702191352844,"39,75,132,202,106","112,108,25,1,212",1:1011:2|1:2:1|1:6:1
ckpt_300.pt,1,541,0.33745720982551575,0.07581662386655807,0.31718873977661133,"106,53,98,28,138","88,250,1,182,229",1:169:2|1:180:2|1:246:2
ckpt_300.pt,1,542,0.3090060353279114,0.058027587831020355,0.33161723613739014,"158,75,228,69,103","12,234,8,110,169",1:79:2|1:397:2|1:549:2
ckpt_300.pt,1,543,0.34511563181877136,0.06942250579595566,0.3272421360015869,"192,73,126,163,240","115,75,94,5,148",1:37:2|1:616:2|1:17:1
ckpt_300.pt,1,544,0.3581213057041168,0.06161002069711685,0.3517172634601593,"243,151,77,228,47","211,18,123,175,202",1:924:2|1:7:1|1:8:1
ckpt_300.pt,1,545,0.3303208649158478,0.05513019114732742,0.33487749099731445,"150,252,15,86,197","164,133,203,86,13",1:53:2|1:77:2|1:292:2
ckpt_300.pt,1,546,0.33961021900177,0.07331090420484543,0.33172714710235596,"98,209,92,63,32","146,64,115,122,187",1:475:2|1:483:2|1:645:2
ckpt_300.pt,1,547,0.3438636064529419,0.0712791234254837,0.34880301356315613,"100,98,211,3,4","122,178,177,251,20",1:305:2|1:958:2|1:3:1
ckpt_300.pt,1,548,0.34394437074661255,0.05983448773622513,0.34163010120391846,"104,102,29,224,10","87,89,65,46,133",1:15:2|1:64:2|1:318:2
ckpt_300.pt,1,549,0.3321670889854431,0.06664194911718369,0.34056612849235535,"78,185,75,110,69","76,240,180,239,27",1:525:2|1:542:2|1:796:2
ckpt_300.pt,1,550,0.33331558108329773,0.06757660210132599,0.32113081216812134,"75,118,47,236,20","245,220,127,104,226",1:231:2|1:589:2|1:950:2
ckpt_300.pt,1,551,0.34921231865882874,0.05853515490889549,0.3322104811668396,"98,124,180,71,230","235,137,108,57,38",1:458:2|1:827:2|1:3:1
ckpt_300.pt,1,552,0.31310975551605225,0.04995541274547577,0.3275413513183594,"227,126,96,9,223","47,70,143,225,237",1:463:2|1:818:2|1:937:2
ckpt_300.pt,1,553,0.3376564085483551,0.06184445694088936,0.307788610458374,"216,51,226,75,137","42,107,128,161,127",1:87:2|1:591:2|1:7:1
ckpt_300.pt,1,554,0.3597424626350403,0.06578291207551956,0.3343315124511719,"150,160,10,75,76","55,227,201,186,219",1:468:2|1:496:2|1:525:2
ckpt_300.pt,1,555,0.3524382710456848,0.08338137716054916,0.3071894347667694,"41,136,247,143,25","194,135,181,79,232",1:145:2|1:529:2|1:679:2
ckpt_300.pt,1,556,0.34882086515426636,0.07996537536382675,0.34001627564430237,"131,237,221,32,233","252,201,133,166,58",1:173:2|1:221:2|1:792:2
ckpt_300.pt,1,557,0.30733680725097656,0.0549798347055912,0.3505752384662628,"108,142,41,144,220","64,58,235,253,80",1:29:2|1:976:2|1:9:1
ckpt_300.pt,1,558,0.3425459563732147,0.07894521951675415,0.3283917307853699,"103,57,141,122,154","174,95,145,221,111",1:333:2|1:352:2|1:704:2
ckpt_300.pt,1,559,0.3101947605609894,0.06115817278623581,0.33276307582855225,"35,177,123,176,201","150,41,133,39,170",1:389:2|1:468:2|1:606:2
ckpt_300.pt,1,560,0.34286054968833923,0.07159872353076935,0.3337291181087494,"66,49,63,78,87","136,12,160,73,21",1:705:3|1:330:2|1:563:2
ckpt_300.pt,1,561,0.3424772024154663,0.0563887320458889,0.3479355275630951,"34,110,140,150,208","134,160,19,164,165",1:351:2|1:570:2|1:801:2
ckpt_300.pt,1,562,0.32465341687202454,0.0781998336315155,0.32603177428245544,"191,82,239,113,77","143,90,142,154,166",1:638:2|1:709:2|1:822:2
ckpt_300.pt,1,563,0.32322418689727783,0.06979227066040039,0.3039754331111908,"225,49,169,143,87","121,164,249,20,241",1:0:2|1:229:2|1:560:2
ckpt_300.pt,1,564,0.34389108419418335,0.056342750787734985,0.31740114092826843,"245,22,255,40,15","114,137,228,205,44",1:216:2|1:491:2|1:494:2
ckpt_300.pt,1,565,0.33803412318229675,0.05436254292726517,0.3565747141838074,"28,186,92,128,47","239,40,252,90,111",1:207:2|1:368:2|1:1:1
ckpt_300.pt,1,566,0.31200894713401794,0.06493790447711945,0.3363664448261261,"26,33,91,165,130","68,43,113,250,171",1:656:2|1:9:1|1:12:1
ckpt_300.pt,1,567,0.2979418635368347,0.06058896705508232,0.3383566737174988,"162,148,105,102,168","39,55,5,75,136",1:850:2|1:26:1|1:38:1
ckpt_300.pt,1,568,0.3579358756542206,0.06064232438802719,0.34332019090652466,"223,41,8,213,167","66,240,5,31,164",1:60:2|1:371:2|1:876:2
ckpt_300.pt,1,569,0.3376038372516632,0.060412563383579254,0.3380299508571625,"158,154,127,220,58","13,240,26,81,188",1:332:2|1:372:2|1:418:2
ckpt_300.pt,1,570,0.35627660155296326,0.07465647906064987,0.33670538663864136,"34,70,89,45,110","10,190,124,214,245",1:561:2|1:772:2|1:922:2
ckpt_300.pt,1,571,0.3372499942779541,0.07267151772975922,0.31865331530570984,"134,195,104,107,161","187,27,52,182,238",1:166:3|1:331:2|1:754:2
ckpt_300.pt,1,572,0.3301272392272949,0.06576570868492126,0.3095601201057434,"86,164,19,229,226","215,75,21,142,59",1:10:2|1:53:2|1:317:2
ckpt_300.pt,1,573,0.3717641234397888,0.05438194051384926,0.33962273597717285,"163,3,27,238,218","69,179,129,212,8",1:206:2|1:284:2|1:427:2
ckpt_300.pt,1,574,0.3582126200199127,0.07051394879817963,0.34884458780288696,"13,43,151,133,207","135,139,168,225,197",1:110:2|1:227:2|1:948:2
ckpt_300.pt,1,575,0.3260684311389923,0.07670614123344421,0.3091999888420105,"245,55,69,8,153","181,66,5,31,183",1:287:2|1:596:2|1:813:2
ckpt_300.pt,1,576,0.29355937242507935,0.053216371685266495,0.2947996258735657,"100,103,10,119,253","76,9,207,110,12",1:712:2|1:13:1|1:18:1
ckpt_300.pt,1,577,0.33656007051467896,0.06327957659959793,0.32103192806243896,"86,250,110,219,97","227,96,117,238,132",1:265:2|1:4:1|1:20:1
ckpt_300.pt,1,578,0.33459511399269104,0.06963901221752167,0.33460041880607605,"75,11,49,44,85","140,109,129,250,68",1:18:2|1:741:2|1:766:2
ckpt_300.pt,1,579,0.35855400562286377,0.06337794661521912,0.33507364988327026,"189,191,199,15,133","31,161,93,254,166",1:89:2|1:420:2|1:5:1
ckpt_300.pt,1,580,0.3293929994106293,0.053364697843790054,0.33305659890174866,"213,84,74,80,59","220,108,82,164,181",1:849:2|1:3:1|1:14:1
ckpt_300.pt,1,581,0.35678786039352417,0.06415265798568726,0.31923210620880127,"115,177,209,59,23","131,34,244,3,68",1:195:2|1:626:2|1:2:1
ckpt_300.pt,1,582,0.3425981402397156,0.05699088051915169,0.335470050573349,"163,191,230,108,111","255,106,20,233,241",1:614:2|1:972:2|1:10:1
ckpt_300.pt,1,583,0.31988081336021423,0.07561517506837845,0.3178159296512604,"108,156,23,60,42","205,100,154,199,43",1:107:2|1:442:2|1:608:2
ckpt_300.pt,1,584,0.3253594636917114,0.05850205570459366,0.307504266500473,"24,163,190,179,141","249,202,140,113,251",1:329:2|1:639:2|1:994:2
ckpt_300.pt,1,585,0.3114153742790222,0.06871409714221954,0.32628369331359863,"38,193,86,14,191","188,100,151,185,204",1:66:2|1:732:2|1:2:1
ckpt_300.pt,1,586,0.33265626430511475,0.06536741554737091,0.3513314723968506,"14,120,74,134,54","3,25,213,148,162",1:159:2|1:258:2|1:674:2
ckpt_300.pt,1,587,0.2893160283565521,0.05093395337462425,0.33438917994499207,"196,67,52,66,8","115,144,151,41,0",1:7:1|1:14:1|1:28:1
ckpt_300.pt,1,588,0.3262963593006134,0.0756373479962349,0.36688232421875,"136,231,84,123,202","183,161,156,45,106",1:324:2|1:16:1|1:46:1
ckpt_300.pt,1,589,0.33218470215797424,0.06190809980034828,0.32447579503059387,"61,20,118,29,41","134,118,221,114,126",1:317:2|1:318:2|1:550:2
ckpt_300.pt,1,590,0.34806275367736816,0.05476555973291397,0.33173316717147827,"162,166,33,118,8","89,64,81,78,42",1:312:2|1:488:2|1:760:2
ckpt_300.pt,1,591,0.3173712491989136,0.06843749433755875,0.351319819688797,"2,137,216,174,252","198,79,235,31,179",1:117:2|1:553:2|1:607:2
ckpt_300.pt,1,592,0.3411168158054352,0.057531580328941345,0.3414093255996704,"116,225,63,126,181","185,142,161,34,117",1:394:2|1:423:2|1:532:2
ckpt_300.pt,1,593,0.33373332023620605,0.07979445159435272,0.3360884189605713,"145,64,10,17,86","124,66,49,36,148",1:61:2|1:202:2|1:388:2
ckpt_300.pt,1,594,0.34002453088760376,0.06314689666032791,0.338266521692276,"143,169,39,45,150","167,133,10,62,84",1:563:2|1:702:2|1:0:1
ckpt_300.pt,1,595,0.32996970415115356,0.0616835281252861,0.3199766278266907,"142,83,109,217,91","83,231,73,130,75",1:887:2|1:10:1|1:11:1
ckpt_300.pt,1,596,0.31938692927360535,0.056216828525066376,0.3396208882331848,"120,153,99,69,82","22,71,189,75,94",1:224:2|1:575:2|1:828:2
ckpt_300.pt,1,597,0.3486332297325134,0.06059606745839119,0.32374483346939087,"250,50,3,53,51","91,111,17,104,233",1:23:2|1:425:2|1:510:2
ckpt_300.pt,1,598,0.3300992250442505,0.05228623002767563,0.3108213543891907,"252,103,215,90,48","19,28,216,107,134",1:223:2|1:369:2|1:643:2
ckpt_300.pt,1,599,0.3379610776901245,0.07140287011861801,0.30548980832099915,"249,233,234,87,230","51,152,245,102,210",1:435:2|1:0:1|1:6:1
ckpt_300.pt,1,600,0.34289249777793884,0.05929000675678253,0.3261037766933441,"25,172,30,18,117","136,52,31,132,84",1:368:2|1:2:1|1:5:1
ckpt_300.pt,1,601,0.3078209459781647,0.05208456143736839,0.33489444851875305,"75,219,34,149,167","226,219,66,230,63",1:7:2|1:118:2|1:141:2
ckpt_300.pt,1,602,0.3578925132751465,0.06028905510902405,0.32710281014442444,"221,206,77,45,158","230,238,200,240,56",1:374:2|1:670:2|1:846:2
ckpt_300.pt,1,603,0.32942304015159607,0.057720959186553955,0.29575324058532715,"151,168,117,191,178","191,155,247,158,21",1:784:2|1:980:2|1:3:1
ckpt_300.pt,1,604,0.3132898509502411,0.05329889804124832,0.35210540890693665,"96,66,46,65,243","165,146,229,187,193",1:685:2|1:787:2|1:2:1
ckpt_300.pt,1,605,0.35415521264076233,0.06173167750239372,0.32696130871772766,"0,66,101,146,40","109,147,247,175,245",1:89:2|1:688:2|1:951:2
ckpt_300.pt,1,606,0.3167867958545685,0.06731380522251129,0.31165245175361633,"133,35,23,201,255","61,170,234,67,123",1:559:2|1:667:2|1:719:2
ckpt_300.pt,1,607,0.35856977105140686,0.07362516969442368,0.329335480928421,"151,137,39,2,211","160,219,202,26,63",1:514:3|1:591:2|1:845:2
ckpt_300.pt,1,608,0.3100641667842865,0.06473010033369064,0.3700197637081146,"108,42,54,217,76","175,249,33,178,204",1:134:2|1:583:2|1:830:2
ckpt_300.pt,1,609,0.34684374928474426,0.07063936442136765,0.3172985315322876,"45,64,112,185,50","198,245,137,33,73",1:217:2|1:299:2|1:1:1
ckpt_300.pt,1,610,0.2998417615890503,0.05418413504958153,0.30453795194625854,"1,179,37,34,181","93,30,16,179,124",1:181:2|1:938:2|1:7:1
ckpt_300.pt,1,611,0.3230210542678833,0.05006217584013939,0.34044232964515686,"140,125,52,195,105","99,250,81,173,61",1:78:2|1:509:2|1:979:2
ckpt_300.pt,1,612,0.3478279709815979,0.06305840611457825,0.33665230870246887,"43,166,61,2,85","231,106,42,107,228",1:25:2|1:1001:2|1:30:1
ckpt_300.pt,1,613,0.36164534091949463,0.05707651004195213,0.3846684694290161,"180,51,140,16,61","102,23,201,159,192",1:509:2|1:24:1|1:25:1
ckpt_300.pt,1,614,0.3367616534233093,0.08375082910060883,0.3626042604446411,"163,154,108,233,34","11,143,133,182,221",1:372:2|1:582:2|1:632:2
ckpt_300.pt,1,615,0.3226982653141022,0.05027194321155548,0.30806997418403625,"190,233,229,121,206","251,44,152,56,241",1:149:2|1:206:2|1:221:2
ckpt_300.pt,1,616,0.30705106258392334,0.05880675092339516,0.3311239778995514,"52,38,192,73,174","240,118,165,77,230",1:543:2|1:771:2|1:18:1
ckpt_300.pt,1,617,0.3296356499195099,0.05300256609916687,0.3372916877269745,"247,40,142,187,162","28,29,158,13,65",1:295:2|1:850:2|1:10:1
ckpt_300.pt,1,618,0.3192175030708313,0.051601506769657135,0.34464672207832336,"160,70,238,152,175","175,145,210,102,200",1:249:3|1:125:2|1:789:2
ckpt_300.pt,1,619,0.3237346112728119,0.06024913862347603,0.32841727137565613,"96,12,60,72,159","44,119,117,0,143",1:304:2|1:484:2|1:689:2
ckpt_300.pt,1,620,0.3245357573032379,0.06319965422153473,0.3223518431186676,"148,35,247,214,153","195,68,176,140,248",1:298:2|1:872:2|1:5:1
ckpt_300.pt,1,621,0.36412760615348816,0.0701519101858139,0.32251906394958496,"168,8,152,212,39","192,16,163,113,190",1:100:2|1:2:1|1:4:1
ckpt_300.pt,1,622,0.31537961959838867,0.0585055910050869,0.3266010582447052,"0,134,135,43,111","87,165,223,192,222",1:110:2|1:396:2|1:623:2
ckpt_300.pt,1,623,0.32756587862968445,0.05549207702279091,0.31469643115997314,"80,155,135,190,134","104,190,185,228,79",1:225:2|1:232:2|1:342:2
ckpt_300.pt,1,624,0.3327445089817047,0.06472435593605042,0.31907135248184204,"55,200,187,167,141","169,237,238,45,215",1:195:2|1:272:2|1:309:2
ckpt_300.pt,1,625,0.37010613083839417,0.06362544000148773,0.33312878012657166,"175,153,79,127,202","155,194,113,224,83",1:298:2|1:341:2|1:768:2
ckpt_300.pt,1,626,0.30917054414749146,0.054114051163196564,0.3218015134334564,"177,86,59,93,1","40,181,118,24,123",1:240:2|1:581:2|1:2:1
ckpt_300.pt,1,627,0.3352776765823364,0.07334272563457489,0.3098863661289215,"175,250,221,112,17","65,60,54,24,239",1:165:2|1:4:1|1:23:1
ckpt_300.pt,1,628,0.3360011875629425,0.06565133482217789,0.3449319005012512,"52,37,187,243,254","228,141,200,175,185",1:45:2|1:677:2|1:910:2
ckpt_300.pt,1,629,0.32237690687179565,0.06176362186670303,0.32473641633987427,"21,67,236,41,117","21,235,228,191,12",1:43:2|1:472:2|1:758:2
ckpt_300.pt,1,630,0.32799139618873596,0.05568891763687134,0.3263809382915497,"183,115,215,55,178","117,103,130,50,44",1:93:2|1:519:2|1:3:1
ckpt_300.pt,1,631,0.35723215341567993,0.06650310754776001,0.32559797167778015,"150,54,115,165,131","200,38,17,62,198",1:347:2|1:661:2|1:779:2
ckpt_300.pt,1,632,0.3117307722568512,0.07383638620376587,0.32442229986190796,"108,174,34,166,226","188,244,155,195,213",1:614:2|1:911:2|1:916:2
ckpt_300.pt,1,633,0.33507731556892395,0.06697678565979004,0.3234895169734955,"58,95,239,27,12","59,247,176,139,49",1:160:2|1:284:2|1:303:2
ckpt_300.pt,1,634,0.32695135474205017,0.07294531166553497,0.3335922360420227,"222,186,7,163,212","177,102,95,16,171",1:4:2|1:21:2|1:59:2
ckpt_300.pt,1,635,0.3436160683631897,0.07354821264743805,0.32430312037467957,"57,81,76,15,114","36,226,232,13,187",1:785:2|1:1:1|1:11:1
ckpt_300.pt,1,636,0.338234007358551,0.05979383364319801,0.3349423408508301,"147,101,41,32,242","32,134,34,96,116",1:501:2|1:745:2|1:769:2
ckpt_300.pt,1,637,0.34283164143562317,0.08485110104084015,0.3403768241405487,"90,50,34,115,211","211,113,212,6,180",1:257:2|1:862:2|1:7:1
ckpt_300.pt,1,638,0.34684574604034424,0.07135993242263794,0.30687788128852844,"239,9,18,113,140","192,33,117,36,50",1:143:2|1:509:2|1:562:2
ckpt_300.pt,1,639,0.33146724104881287,0.07775963842868805,0.32221919298171997,"190,70,103,146,24","104,125,141,121,61",1:161:2|1:250:2|1:386:2
ckpt_300.pt,1,640,0.344914972782135,0.06867250055074692,0.31739479303359985,"59,148,169,137,228","222,31,175,248,149",1:256:2|1:320:2|1:357:2
ckpt_300.pt,1,641,0.34211477637290955,0.0723608061671257,0.3250996172428131,"160,244,211,48,120","70,224,63,115,120",1:725:2|1:827:2|1:9:1
ckpt_300.pt,1,642,0.3200238347053528,0.05674290657043457,0.3144076466560364,"253,63,137,43,169","169,131,200,251,186",1:227:2|1:530:2|1:640:2
ckpt_300.pt,1,643,0.3183245360851288,0.062056977301836014,0.33403313159942627,"169,215,167,252,104","57,104,75,204,143",1:35:2|1:141:2|1:320:2
ckpt_300.pt,1,644,0.3506672978401184,0.06758397072553635,0.34896013140678406,"31,64,184,67,106","250,44,201,163,179",1:497:2|1:795:2|1:921:2
ckpt_300.pt,1,645,0.3657572567462921,0.07838226854801178,0.3526880443096161,"65,117,92,109,209","172,182,249,163,11",1:528:2|1:546:2|1:724:2
ckpt_300.pt,1,646,0.3575912415981293,0.07859086245298386,0.34267738461494446,"209,163,28,224,1","132,56,253,186,109",1:222:2|1:358:2|1:434:2
ckpt_300.pt,1,647,0.3483889698982239,0.07010824233293533,0.3152947723865509,"108,95,189,162,87","238,185,215,138,49",1:347:2|1:451:2|1:958:2
ckpt_300.pt,1,648,0.3636501431465149,0.06259165704250336,0.34052470326423645,"6,29,152,0,180","237,19,57,176,32",1:377:2|1:13:1|1:15:1
ckpt_300.pt,1,649,0.3563162684440613,0.07400129735469818,0.33513131737709045,"198,163,250,241,56","192,225,205,218,207",1:122:2|1:736:2|1:4:1
ckpt_300.pt,1,650,0.33620357513427734,0.0595436617732048,0.3468727171421051,"217,220,224,71,229","174,101,87,14,113",1:376:2|1:801:2|1:6:1
ckpt_300.pt,1,651,0.3186051547527313,0.06246265769004822,0.32167762517929077,"136,217,156,100,135","214,1,76,61,52",1:177:2|1:728:2|1:895:2
ckpt_300.pt,1,652,0.34408512711524963,0.06232798472046852,0.33704712986946106,"112,113,115,153,142","70,116,157,162,251",1:97:2|1:146:2|1:262:2
ckpt_300.pt,1,653,0.3252553343772888,0.05441231280565262,0.3458377420902252,"250,61,67,231,29","85,247,72,151,17",1:165:2|1:318:2|1:412:2
ckpt_300.pt,1,654,0.33438974618911743,0.06463673710823059,0.3565777838230133,"233,123,133,171,22","81,232,93,24,153",1:196:2|1:767:2|1:812:2
ckpt_300.pt,1,655,0.3295278549194336,0.07292216271162033,0.33282485604286194,"126,106,120,183,254","36,159,195,92,139",1:14:1|1:20:1|1:45:1
ckpt_300.pt,1,656,0.34435829520225525,0.07110081613063812,0.3273911476135254,"48,33,174,26,159","186,67,246,47,27",1:151:2|1:279:2|1:566:2
ckpt_300.pt,1,657,0.33822232484817505,0.05984731391072273,0.3273027837276459,"254,237,98,150,199","97,178,156,8,190",1:3:1|1:6:1|1:42:1
ckpt_300.pt,1,658,0.3213227689266205,0.06791780889034271,0.3226843476295471,"114,149,208,6,148","102,237,179,51,231",1:211:2|1:1:1|1:24:1
ckpt_300.pt,1,659,0.34541285037994385,0.05666669085621834,0.35427138209342957,"66,148,201,197,15","165,51,47,107,131",1:77:2|1:545:2|1:915:2
ckpt_300.pt,1,660,0.35671406984329224,0.05330072343349457,0.2971477508544922,"176,83,59,19,180","39,206,199,217,154",1:780:2|1:14:1|1:53:1
ckpt_300.pt,1,661,0.3308066129684448,0.054435454308986664,0.3586750328540802,"115,102,165,175,229","135,133,139,24,77",1:68:2|1:631:2|1:975:2
ckpt_300.pt,1,662,0.3299946188926697,0.06328144669532776,0.3195878565311432,"19,111,88,231,13","198,187,122,61,159",1:96:2|1:267:2|1:297:2
ckpt_300.pt,1,663,0.3391076326370239,0.07596682757139206,0.30898547172546387,"37,12,111,160,33","209,93,100,56,57",1:71:2|1:78:2|1:488:2
ckpt_300.pt,1,664,0.3802805542945862,0.06913299113512039,0.33484208583831787,"211,232,103,35,46","207,99,44,160,193",1:466:2|1:13:1|1:23:1
ckpt_300.pt,1,665,0.37590399384498596,0.07434478402137756,0.36800193786621094,"111,99,145,154,159","100,180,31,20,254",1:527:2|1:793:2|1:819:2
ckpt_300.pt,1,666,0.3361546993255615,0.061741359531879425,0.33383268117904663,"213,166,163,251,71","33,230,188,77,173",1:343:2|1:6:1|1:17:1
ckpt_300.pt,1,667,0.35473209619522095,0.07517340779304504,0.3472941219806671,"254,23,154,94,133","217,196,4,177,38",1:127:2|1:442:2|1:606:2
ckpt_300.pt,1,668,0.3393296003341675,0.055111758410930634,0.3206045925617218,"204,77,68,141,112","138,114,228,217,32",1:48:2|1:137:2|1:261:2
ckpt_300.pt,1,669,0.37900957465171814,0.06994905322790146,0.3719615340232849,"134,56,206,2,70","131,23,73,1,187",1:117:2|1:132:2|1:354:2
ckpt_300.pt,1,670,0.34359753131866455,0.06938069313764572,0.32682329416275024,"206,207,218,96,221","228,102,214,47,100",1:270:2|1:602:2|1:879:2
ckpt_300.pt,1,671,0.3601868450641632,0.0749724805355072,0.3395601809024811,"89,90,233,154,58","209,158,201,137,37",1:84:2|1:158:2|1:569:2
ckpt_300.pt,1,672,0.3552417457103729,0.07679399847984314,0.345636785030365,"23,81,67,216,243","13,216,236,220,105",1:352:2|1:833:2|1:7:1
ckpt_300.pt,1,673,0.32169410586357117,0.055389389395713806,0.30346325039863586,"144,45,123,250,125","115,0,184,198,219",1:324:2|1:4:1|1:23:1
ckpt_300.pt,1,674,0.33373841643333435,0.06578801572322845,0.3317771255970001,"156,145,196,54,14","244,174,91,35,108",1:222:2|1:586:2|1:711:2
ckpt_300.pt,1,675,0.35102102160453796,0.06252545863389969,0.33453941345214844,"113,156,30,61,105","100,13,91,247,132",1:177:2|1:248:2|1:321:2
ckpt_300.pt,1,676,0.3208732306957245,0.060742370784282684,0.33629417419433594,"17,42,136,109,232","145,253,156,225,206",1:356:2|1:16:1|1:34:1
ckpt_300.pt,1,677,0.33183977007865906,0.056618425995111465,0.3359922766685486,"136,187,107,37,16","11,22,51,74,139",1:628:2|1:16:1|1:26:1
ckpt_300.pt,1,678,0.3387379050254822,0.05633116886019707,0.3031054735183716,"32,21,87,83,238","16,22,215,230,180",1:276:2|1:286:2|1:308:2
ckpt_300.pt,1,679,0.3507730960845947,0.06754858791828156,0.3221167325973511,"136,10,76,225,41","21,81,20,158,217",1:283:2|1:392:2|1:504:2
ckpt_300.pt,1,680,0.30126428604125977,0.05178287252783775,0.3478534519672394,"239,3,79,126,171","67,47,81,130,107",1:20:2|1:16:1|1:41:1
ckpt_300.pt,1,681,0.32914286851882935,0.07186379283666611,0.32678645849227905,"143,133,90,100,7","1,228,245,233,156",1:1018:2|1:4:1|1:12:1
ckpt_300.pt,1,682,0.34905463457107544,0.06161718815565109,0.3243892788887024,"236,125,190,116,226","101,157,84,44,235",1:423:2|1:726:2|1:1002:2
ckpt_300.pt,1,683,0.3192763030529022,0.05086338147521019,0.3272004723548889,"9,139,233,42,110","148,77,11,177,86",1:58:2|1:701:2|1:1:1
ckpt_300.pt,1,684,0.35227230191230774,0.07589408755302429,0.36947891116142273,"165,45,241,190,25","39,21,223,244,123",1:118:2|1:975:2|1:5:1
ckpt_300.pt,1,685,0.3250838816165924,0.07975178211927414,0.34107649326324463,"199,255,64,65,66","104,132,196,251,191",1:186:3|1:604:2|1:835:2
ckpt_300.pt,1,686,0.3334893584251404,0.06640732288360596,0.3328593671321869,"115,15,122,225,58","21,137,215,106,180",1:274:2|1:53:1|1:65:1
ckpt_300.pt,1,687,0.3079565167427063,0.05744928866624832,0.2998707890510559,"44,175,61,72,69","17,242,155,203,156",1:255:2|1:24:1|1:25:1
ckpt_300.pt,1,688,0.36409008502960205,0.08726710826158524,0.34630513191223145,"169,146,101,38,149","122,14,130,15,190",1:250:2|1:605:2|1:985:2
ckpt_300.pt,1,689,0.33652421832084656,0.08975385129451752,0.3513246178627014,"96,117,60,154,157","249,151,146,163,251",1:22:2|1:619:2|1:989:2
ckpt_300.pt,1,690,0.363989919424057,0.06801984459161758,0.33622631430625916,"184,167,90,188,207","193,124,187,107,88",1:80:2|1:84:2|1:178:2
ckpt_300.pt,1,691,0.3480215072631836,0.06090155243873596,0.33962273597717285,"138,88,26,90,249","99,3,87,201,242",1:151:2|1:5:1|1:9:1
ckpt_300.pt,1,692,0.33295726776123047,0.05971919745206833,0.31188008189201355,"155,153,3,221,223","57,140,110,216,208",1:90:2|1:232:2|1:836:2
ckpt_300.pt,1,693,0.33845773339271545,0.0884385034441948,0.3147158920764923,"198,228,140,224,147","111,34,147,244,72",1:36:2|1:49:2|1:961:2
ckpt_300.pt,1,694,0.3071405589580536,0.0618186853826046,0.33968591690063477,"148,38,69,209,144","37,225,78,51,110",1:320:2|1:699:2|1:13:1
ckpt_300.pt,1,695,0.33372434973716736,0.06436437368392944,0.3251383304595947,"93,95,52,209,250","155,3,90,81,44",1:483:2|1:495:2|1:771:2
ckpt_300.pt,1,696,0.32723063230514526,0.059943873435258865,0.32703468203544617,"144,93,137,184,196","153,105,113,101,49",1:406:2|1:413:2|1:8:1
ckpt_300.pt,1,697,0.3357471525669098,0.07962589710950851,0.35619527101516724,"98,35,14,89,88","57,117,84,191,131",1:141:2|1:282:2|1:889:2
ckpt_300.pt,1,698,0.3302021622657776,0.06534641236066818,0.2952113747596741,"103,124,171,193,174","108,89,59,207,98",1:487:2|1:974:2|1:13:1
ckpt_300.pt,1,699,0.3548184931278229,0.055328067392110825,0.3265634775161743,"63,165,79,38,69","56,93,189,207,83",1:247:2|1:359:2|1:373:2
ckpt_300.pt,1,700,0.33987489342689514,0.061754610389471054,0.3584255576133728,"43,161,83,63,31","53,204,135,197,90",1:394:2|1:642:2|1:922:2
ckpt_300.pt,1,701,0.3603558838367462,0.06637340039014816,0.35072022676467896,"19,233,134,125,42","164,119,252,16,73",1:58:2|1:67:2|1:683:2
ckpt_300.pt,1,702,0.3172917068004608,0.06007369980216026,0.32297104597091675,"39,1,18,240,150","230,74,132,201,169",1:409:2|1:594:2|1:844:2
ckpt_300.pt,1,703,0.36710232496261597,0.07749703526496887,0.33885955810546875,"41,250,146,199,50","198,130,161,5,59",1:42:2|1:83:2|1:425:2
ckpt_300.pt,1,704,0.32585224509239197,0.07113565504550934,0.3339775502681732,"30,103,27,154,5","110,93,252,66,180",1:91:2|1:115:2|1:352:2
ckpt_300.pt,1,705,0.30969226360321045,0.06233251467347145,0.3001211881637573,"87,63,247,61,78","13,45,241,32,181",1:560:3|1:514:2|1:834:2
ckpt_300.pt,1,706,0.3502524197101593,0.062179215252399445,0.31719690561294556,"35,156,111,190,151","85,231,246,97,134",1:81:2|1:144:2|1:364:2
ckpt_300.pt,1,707,0.3556774854660034,0.0754665806889534,0.346416175365448,"110,16,80,149,1","99,43,57,128,105",1:102:2|1:107:2|1:240:2
ckpt_300.pt,1,708,0.33681392669677734,0.08310975879430771,0.3270159661769867,"214,154,84,191,13","194,98,133,238,14",1:95:2|1:391:2|1:462:2
ckpt_300.pt,1,709,0.3306233286857605,0.05247906595468521,0.33228132128715515,"239,69,77,143,11","95,36,41,37,243",1:296:2|1:562:2|1:854:2
ckpt_300.pt,1,710,0.3415502607822418,0.07451710104942322,0.32519787549972534,"2,247,189,183,83","51,144,113,93,45",1:96:2|1:179:2|1:276:2
ckpt_300.pt,1,711,0.34393101930618286,0.06087242439389229,0.3544289171695709,"10,12,73,156,196","92,238,210,114,144",1:157:2|1:189:2|1:248:2
ckpt_300.pt,1,712,0.34246063232421875,0.06684194505214691,0.3197026550769806,"100,239,128,60,10","199,209,254,241,219",1:143:2|1:393:2|1:576:2
ckpt_300.pt,1,713,0.3198089897632599,0.06213795393705368,0.3161437213420868,"159,62,174,200,204","211,3,28,103,214",1:279:2|1:516:2|1:656:2
ckpt_300.pt,1,714,0.3162754774093628,0.059336744248867035,0.3301451802253723,"191,61,122,105,55","147,105,161,91,167",1:339:2|1:499:2|1:675:2
ckpt_300.pt,1,715,0.36316269636154175,0.06627015769481659,0.33414342999458313,"160,43,220,80,253","21,161,168,32,239",1:9:2|1:107:2|1:437:2
ckpt_300.pt,1,716,0.33793503046035767,0.05534983053803444,0.3457188904285431,"90,47,109,59,233","4,115,79,0,21",1:67:2|1:158:2|1:671:2
ckpt_300.pt,1,717,0.3446274399757385,0.05606856942176819,0.32262393832206726,"106,110,47,153,59","221,140,61,234,149",1:716:2|1:907:2|1:14:1
ckpt_300.pt,1,718,0.34389838576316833,0.061449773609638214,0.3337436020374298,"162,145,188,234,7","241,98,178,170,85",1:843:2|1:887:2|1:3:1
ckpt_300.pt,1,719,0.33570733666419983,0.05759698897600174,0.3487366735935211,"23,96,164,178,255","184,25,119,138,254",1:606:2|1:868:2|1:988:2
ckpt_300.pt,1,720,0.326767235994339,0.05901641771197319,0.31826677918434143,"206,79,48,235,129","220,221,144,4,46",1:176:2|1:534:2|1:775:2
ckpt_300.pt,1,721,0.3414754867553711,0.060797177255153656,0.3313249945640564,"128,159,29,20,143","196,176,164,148,55",1:235:2|1:304:2|1:360:2
ckpt_300.pt,1,722,0.33024218678474426,0.07033594697713852,0.3101809620857239,"55,74,246,79,40","87,178,114,2,57",1:43:2|1:309:2|1:499:2
ckpt_300.pt,1,723,0.3566959798336029,0.055009543895721436,0.34310296177864075,"222,63,64,94,189","94,244,14,106,239",1:292:2|1:5:1|1:8:1
ckpt_300.pt,1,724,0.33208221197128296,0.0749715194106102,0.3511945307254791,"19,104,108,117,65","199,66,119,198,126",1:645:2|1:2:1|1:15:1
ckpt_300.pt,1,725,0.31857535243034363,0.06498230248689651,0.33170294761657715,"244,160,202,224,126","200,175,55,76,129",1:401:2|1:641:2|1:874:2
ckpt_300.pt,1,726,0.33575674891471863,0.06129083037376404,0.32893261313438416,"125,254,190,192,200","73,155,171,58,78",1:378:2|1:682:2|1:930:2
ckpt_300.pt,1,727,0.33086395263671875,0.05143013596534729,0.33831027150154114,"170,46,171,142,228","113,89,205,94,125",1:145:2|1:742:2|1:10:1
ckpt_300.pt,1,728,0.34522390365600586,0.060411229729652405,0.33614182472229004,"100,62,169,156,237","209,23,48,60,94",1:177:2|1:321:2|1:486:2
ckpt_300.pt,1,729,0.3307574391365051,0.05875306576490402,0.32506805658340454,"188,134,129,210,226","183,216,14,153,194",1:284:2|1:885:2|1:6:1
ckpt_300.pt,1,730,0.36331456899642944,0.06337906420230865,0.3472858965396881,"170,186,247,140,1","239,243,17,46,11",1:311:2|1:332:2|1:382:2
ckpt_300.pt,1,731,0.31978118419647217,0.0664072260260582,0.34158751368522644,"6,5,188,187,249","176,245,147,231,51",1:115:2|1:998:2|1:1007:2
ckpt_300.pt,1,732,0.32625526189804077,0.0567174069583416,0.33715808391571045,"193,95,220,38,251","67,149,185,40,163",1:585:2|1:880:2|1:9:1
ckpt_300.pt,1,733,0.30524811148643494,0.06425056606531143,0.33748048543930054,"219,20,216,128,131","135,48,144,224,82",1:721:2|1:5:1|1:8:1
ckpt_300.pt,1,734,0.31210383772850037,0.055428240448236465,0.3193938732147217,"237,92,67,114,206","253,121,218,211,153",1:1:2|1:6:1|1:7:1
ckpt_300.pt,1,735,0.3295120298862457,0.06686428934335709,0.31457507610321045,"229,92,62,89,159","90,250,100,241,80",1:506:2|1:713:2|1:944:2
ckpt_300.pt,1,736,0.32705461978912354,0.06067053601145744,0.35756781697273254,"156,163,74,23,241","146,55,134,255,19",1:442:3|1:107:2|1:157:2
ckpt_300.pt,1,737,0.3377375304698944,0.06150781735777855,0.34365037083625793,"219,227,18,32,197","245,30,210,248,118",1:264:2|1:526:2|1:1:1
ckpt_300.pt,1,738,0.33435434103012085,0.0680011585354805,0.32925504446029663,"30,13,109,20,24","20,43,52,34,234",1:106:2|1:297:2|1:9:1
ckpt_300.pt,1,739,0.3332715332508087,0.06894633173942566,0.33395206928253174,"165,154,12,38,82","88,38,205,221,232",1:247:2|1:256:2|1:699:2
ckpt_300.pt,1,740,0.31918153166770935,0.06125840172171593,0.3225422203540802,"87,160,235,174,80","220,36,125,96,59",1:70:2|1:107:2|1:279:2
ckpt_300.pt,1,741,0.3451143205165863,0.07165172696113586,0.3122022747993469,"44,159,186,85,212","111,63,186,58,243",1:375:2|1:578:2|1:634:2
ckpt_300.pt,1,742,0.3180451989173889,0.058683641254901886,0.33481308817863464,"93,68,148,228,46","229,63,158,108,34",1:256:2|1:640:2|1:727:2
ckpt_300.pt,1,743,0.32956066727638245,0.06272508203983307,0.3091316819190979,"13,149,116,216,210","37,145,130,172,47",1:415:2|1:4:1|1:24:1
ckpt_300.pt,1,744,0.31519967317581177,0.05351919308304787,0.3442252576351166,"19,105,62,212,155","35,193,187,112,230",1:88:2|1:268:2|1:365:2
ckpt_300.pt,1,745,0.3091907501220703,0.05789090320467949,0.3250182569026947,"241,32,142,101,172","203,140,167,245,117",1:636:2|1:976:2|1:2:1
ckpt_300.pt,1,746,0.3111366927623749,0.05733960494399071,0.30739641189575195,"28,73,229,169,118","31,218,169,88,176",1:312:2|1:317:2|1:0:1
ckpt_300.pt,1,747,0.34039464592933655,0.06797093898057938,0.28744879364967346,"235,54,14,142,161","158,74,198,122,220",1:586:2|1:674:2|1:775:2
ckpt_300.pt,1,748,0.31683263182640076,0.06045098230242729,0.31676337122917175,"145,100,157,250,47","172,232,160,122,60",1:531:2|1:825:2|1:3:1
ckpt_300.pt,1,749,0.3106801509857178,0.052079860121011734,0.3226187527179718,"152,60,222,62,247","10,27,28,137,66",1:8:1|1:11:1|1:13:1
ckpt_300.pt,1,750,0.36958104372024536,0.07517213374376297,0.3523327708244324,"82,40,209,81,158","45,157,111,182,26",1:109:2|1:193:2|1:461:2
ckpt_300.pt,1,751,0.35027390718460083,0.07389537990093231,0.35669583082199097,"190,137,126,214,185","18,24,51,83,139",1:503:3|1:799:2|1:841:2
ckpt_300.pt,1,752,0.3282744884490967,0.07666186988353729,0.33100324869155884,"15,55,82,150,61","181,244,117,164,156",1:349:2|1:545:2|1:714:2
ckpt_300.pt,1,753,0.34678083658218384,0.06767561286687851,0.3307819068431854,"19,57,71,103,23","23,43,79,103,3",1:28:2|1:127:2|1:143:2
ckpt_300.pt,1,754,0.3613365590572357,0.07375556975603104,0.3608354330062866,"38,56,104,48,195","48,34,68,158,196",1:268:2|1:331:2|1:571:2
ckpt_300.pt,1,755,0.3234741687774658,0.08199013769626617,0.3438117802143097,"97,3,33,190,36","83,27,219,44,240",1:265:2|1:16:1|1:31:1
ckpt_300.pt,1,756,0.31845226883888245,0.06813547760248184,0.346911758184433,"61,1,160,30,121","47,3,247,114,251",1:107:2|1:418:2|1:675:2
ckpt_300.pt,1,757,0.35042649507522583,0.05999717116355896,0.3412659764289856,"54,70,114,53,90","126,158,196,15,223",1:249:2|1:460:2|1:769:2
ckpt_300.pt,1,758,0.34828779101371765,0.07676549255847931,0.3203267455101013,"228,133,117,132,67","186,3,124,255,142",1:364:2|1:629:2|1:897:2
ckpt_300.pt,1,759,0.31667718291282654,0.05694132298231125,0.32916802167892456,"78,249,140,18,167","185,128,24,155,84",1:371:2|1:509:2|1:638:2
ckpt_300.pt,1,760,0.30624815821647644,0.049422360956668854,0.32978519797325134,"205,162,229,33,251","188,143,102,115,28",1:182:2|1:420:2|1:488:2
ckpt_300.pt,1,761,0.3350459039211273,0.06207424774765968,0.3481162190437317,"27,8,232,100,40","204,218,248,135,71",1:303:2|1:999:2|1:0:1
ckpt_300.pt,1,762,0.3149837255477905,0.06257467716932297,0.3528726398944855,"213,17,137,118,154","137,178,145,204,206",1:209:2|1:256:2|1:372:2
ckpt_300.pt,1,763,0.3323083519935608,0.06279105693101883,0.33258017897605896,"242,72,99,176,3","6,166,49,76,15",1:35:1|1:40:1|1:41:1
ckpt_300.pt,1,764,0.3516137897968292,0.07564094662666321,0.31927961111068726,"184,156,30,173,56","129,173,163,218,98",1:177:2|1:321:2|1:464:2
ckpt_300.pt,1,765,0.34532833099365234,0.06451524049043655,0.34273937344551086,"234,150,50,108,215","239,46,225,48,167",1:347:2|1:409:2|1:435:2
ckpt_300.pt,1,766,0.34730637073516846,0.06027798727154732,0.346855491399765,"32,212,24,11,75","211,145,112,236,161",1:173:2|1:408:2|1:467:2
ckpt_300.pt,1,767,0.34323564171791077,0.07117929309606552,0.34371230006217957,"236,224,123,12,171","180,4,190,32,241",1:316:2|1:423:2|1:654:2
ckpt_300.pt,1,768,0.3675476908683777,0.06639564037322998,0.3396027982234955,"127,205,153,103,147","17,116,234,87,84",1:32:2|1:130:2|1:625:2
ckpt_300.pt,1,769,0.3184145987033844,0.06066450849175453,0.32669124007225037,"54,214,114,242,147","18,250,194,140,143",1:133:2|1:147:2|1:213:2
ckpt_300.pt,1,770,0.33583173155784607,0.08743283897638321,0.3412669003009796,"56,162,144,112,228","130,203,219,31,209",1:48:1|1:49:1|1:69:1
ckpt_300.pt,1,771,0.37014368176460266,0.06467770040035248,0.35370108485221863,"52,47,192,156,95","222,98,115,66,156",1:81:2|1:486:2|1:495:2
ckpt_300.pt,1,772,0.32049599289894104,0.07986772060394287,0.3363679051399231,"235,70,34,197,93","77,121,28,54,200",1:7:2|1:381:2|1:570:2
ckpt_300.pt,1,773,0.34778040647506714,0.07302894443273544,0.37039992213249207,"80,205,79,174,16","216,14,210,53,28",1:279:2|1:707:2|1:740:2
ckpt_300.pt,1,774,0.33533379435539246,0.0708092749118805,0.35682061314582825,"189,90,178,36,18","186,31,51,148,147",1:537:3|1:223:2|1:273:2
ckpt_300.pt,1,775,0.32128533720970154,0.06122497096657753,0.3514856696128845,"235,54,79,122,21","234,108,69,38,127",1:85:3|1:720:2|1:747:2
ckpt_300.pt,1,776,0.34954461455345154,0.06251133978366852,0.3256724178791046,"56,106,159,128,149","39,150,248,198,221",1:246:2|1:304:2|1:348:2
ckpt_300.pt,1,777,0.3237454295158386,0.07066711783409119,0.318840354681015,"107,6,179,68,46","119,84,145,14,174",1:162:2|1:329:2|1:361:2
ckpt_300.pt,1,778,0.3162527084350586,0.053497932851314545,0.3259230852127075,"180,63,207,135,250","16,232,164,104,105",1:270:2|1:879:2|1:4:1
ckpt_300.pt,1,779,0.3267998993396759,0.07256242632865906,0.346303790807724,"111,135,186,165,131","30,95,110,217,190",1:342:2|1:622:2|1:631:2
ckpt_300.pt,1,780,0.34049150347709656,0.06895186007022858,0.33077624440193176,"110,180,176,15,120","119,167,113,82,64",1:338:2|1:351:2|1:479:2
ckpt_300.pt,1,781,0.33869048953056335,0.056356921792030334,0.35940635204315186,"59,78,244,111,72","217,184,7,203,164",1:906:2|1:10:1|1:14:1
ckpt_300.pt,1,782,0.36195868253707886,0.07603609561920166,0.3163892328739166,"152,215,237,242,191","107,148,204,180,25",1:371:2|1:6:1|1:13:1
ckpt_300.pt,1,783,0.34375646710395813,0.0683148130774498,0.3512955605983734,"229,74,174,1,79","18,66,122,198,124",1:234:2|1:325:2|1:506:2
ckpt_300.pt,1,784,0.3362038731575012,0.07023141533136368,0.3296094238758087,"117,254,168,224,219","229,72,176,6,236",1:245:2|1:603:2|1:847:2
ckpt_300.pt,1,785,0.3413276672363281,0.07155273854732513,0.3661142587661743,"81,55,114,231,107","219,178,42,223,67",1:635:2|1:1:1|1:11:1
ckpt_300.pt,1,786,0.3196336030960083,0.07043775171041489,0.3095879554748535,"76,23,110,126,242","50,221,59,82,70",1:20:2|1:228:2|1:394:2
ckpt_300.pt,1,787,0.33106938004493713,0.06211240962147713,0.35319000482559204,"12,93,46,66,16","248,25,91,9,142",1:604:2|1:742:2|1:900:2
ckpt_300.pt,1,788,0.3515852391719818,0.06990457326173782,0.3122686445713043,"157,85,37,133,76","113,37,159,194,84",1:49:2|1:830:2|1:13:1
ckpt_300.pt,1,789,0.33073803782463074,0.06690670549869537,0.3365151584148407,"175,108,139,22,238","205,78,252,86,158",1:82:2|1:618:2|1:1007:2
ckpt_300.pt,1,790,0.36610743403434753,0.06857331097126007,0.3578343987464905,"234,30,252,29,194","95,112,99,219,15",1:6:1|1:15:1|1:17:1
ckpt_300.pt,1,791,0.30818724632263184,0.05577179044485092,0.34230372309684753,"101,114,214,135,24","231,237,28,229,203",1:112:2|1:213:2|1:769:2
ckpt_300.pt,1,792,0.3245525062084198,0.058772012591362,0.3434498608112335,"221,32,159,2,108","11,116,18,183,130",1:183:2|1:497:2|1:556:2
ckpt_300.pt,1,793,0.3090730607509613,0.06554728001356125,0.28330734372138977,"231,99,212,182,145","63,254,171,126,131",1:380:2|1:446:2|1:456:2
ckpt_300.pt,1,794,0.30861949920654297,0.06255408376455307,0.31907373666763306,"196,22,56,247,73","5,189,181,124,71",1:711:2|1:1000:2|1:0:1
ckpt_300.pt,1,795,0.33008572459220886,0.06454063206911087,0.33252352476119995,"205,67,244,100,31","189,230,228,53,119",1:279:2|1:402:2|1:485:2
ckpt_300.pt,1,796,0.34160229563713074,0.07404913753271103,0.34097790718078613,"185,198,69,213,57","175,243,100,170,172",1:36:2|1:122:2|1:549:2
ckpt_300.pt,1,797,0.3618178963661194,0.06351132690906525,0.3192722499370575,"12,14,135,195,33","136,20,218,73,0",1:331:2|1:663:2|1:2:1
ckpt_300.pt,1,798,0.305297315120697,0.06698456406593323,0.33159366250038147,"47,144,12,10,25","172,223,142,247,164",1:75:2|1:316:2|1:368:2
ckpt_300.pt,1,799,0.3285748064517975,0.059806015342473984,0.34736666083335876,"112,126,137,74,176","110,12,222,51,85",1:27:2|1:146:2|1:288:2
ckpt_300.pt,1,800,0.359209269285202,0.06737375259399414,0.3311837315559387,"36,54,149,83,206","213,33,164,16,174",1:139:2|1:176:2|1:832:2
ckpt_300.pt,1,801,0.3707065284252167,0.08081557601690292,0.360218346118927,"121,220,140,110,229","3,66,227,239,155",1:351:3|1:418:2|1:561:2
ckpt_300.pt,1,802,0.3240874707698822,0.052458275109529495,0.30782121419906616,"138,21,100,2,131","118,106,114,217,175",1:342:2|1:498:2|1:5:1
ckpt_300.pt,1,803,0.34923073649406433,0.05608341842889786,0.32672810554504395,"253,80,183,149,147","94,149,36,164,214",1:91:2|1:93:2|1:139:2
ckpt_300.pt,1,804,0.3361316919326782,0.0656142383813858,0.3320401906967163,"203,53,126,101,225","74,168,101,12,113",1:274:2|1:423:2|1:592:2
ckpt_300.pt,1,805,0.3152279555797577,0.05467322841286659,0.3219924569129944,"167,236,114,39,166","198,17,210,79,29",1:300:2|1:1:1|1:2:1
ckpt_300.pt,1,806,0.3377480208873749,0.06304345279932022,0.3272852599620819,"70,161,136,204,52","187,129,188,140,91",1:431:2|1:12:1|1:16:1
ckpt_300.pt,1,807,0.3468194603919983,0.058867938816547394,0.32957765460014343,"245,160,140,9,2","182,106,58,81,250",1:269:2|1:319:2|1:509:2
ckpt_300.pt,1,808,0.3235865533351898,0.06914752721786499,0.3206714987754822,"10,239,159,102,107","220,146,55,130,69",1:68:2|1:516:2|1:548:2
ckpt_300.pt,1,809,0.3413145840167999,0.08099935948848724,0.3308050334453583,"230,62,32,157,67","32,240,71,142,230",1:156:2|1:204:2|1:7:1
ckpt_300.pt,1,810,0.3390653729438782,0.0570099875330925,0.3266215920448303,"172,193,43,140,165","137,233,238,61,13",1:52:2|1:111:2|1:844:2
ckpt_300.pt,1,811,0.34240856766700745,0.06383171677589417,0.3356662690639496,"15,97,224,130,211","206,248,122,209,187",1:421:2|1:494:2|1:1014:2
ckpt_300.pt,1,812,0.3828834593296051,0.08025127649307251,0.3376110792160034,"38,22,200,82,133","47,38,110,142,8",1:219:2|1:461:2|1:654:2
ckpt_300.pt,1,813,0.3259771764278412,0.054180774837732315,0.33156251907348633,"55,85,28,234,69","129,29,177,189,46",1:17:2|1:119:2|1:459:2
ckpt_300.pt,1,814,0.3352504372596741,0.053046490997076035,0.3201923072338104,"76,169,33,102,140","55,195,82,237,129",1:0:1|1:36:1|1:61:1
ckpt_300.pt,1,815,0.32344627380371094,0.06202680617570877,0.3285787105560303,"153,209,51,179,156","127,47,69,161,222",1:157:2|1:13:1|1:14:1
ckpt_300.pt,1,816,0.3217669725418091,0.056299787014722824,0.3446236252784729,"211,171,25,217,32","225,126,7,211,1",1:907:2|1:5:1|1:20:1
ckpt_300.pt,1,817,0.3447686731815338,0.05846605822443962,0.33318284153938293,"234,94,0,33,110","148,138,63,170,225",1:340:2|1:6:1|1:17:1
ckpt_300.pt,1,818,0.3362600803375244,0.06755682080984116,0.3196689486503601,"223,159,127,129,126","70,112,222,106,231",1:244:2|1:246:2|1:381:2
ckpt_300.pt,1,819,0.3286411464214325,0.05521906912326813,0.30264905095100403,"44,111,99,196,132","2,85,113,153,90",1:35:2|1:665:2|1:10:1
ckpt_300.pt,1,820,0.32460644841194153,0.06180204823613167,0.3120640218257904,"68,5,130,184,168","37,208,18,23,244",1:386:2|1:979:2|1:8:1
ckpt_300.pt,1,821,0.3456622362136841,0.06298074871301651,0.32477104663848877,"8,233,186,68,99","240,117,229,187,25",1:218:2|1:481:2|1:952:2
ckpt_300.pt,1,822,0.3543812334537506,0.06720536947250366,0.32214900851249695,"98,156,33,113,239","194,133,239,130,238",1:248:2|1:398:2|1:562:2
ckpt_300.pt,1,823,0.33561861515045166,0.06544077396392822,0.33144518733024597,"19,34,218,130,194","173,130,75,174,52",1:287:2|1:7:1|1:22:1
ckpt_300.pt,1,824,0.32441338896751404,0.06188336759805679,0.30641332268714905,"71,205,186,198,123","84,136,29,204,252",1:6:1|1:28:1|1:36:1
ckpt_300.pt,1,825,0.34754374623298645,0.0791240707039833,0.30913037061691284,"132,157,250,188,130","7,177,245,128,234",1:421:2|1:531:2|1:748:2
ckpt_300.pt,1,826,0.2885296642780304,0.055481187999248505,0.3420282304286957,"93,242,219,53,122","115,44,242,236,28",1:133:2|1:285:2|1:840:2
ckpt_300.pt,1,827,0.3226204514503479,0.06341300904750824,0.3272843062877655,"146,230,160,180,48","103,54,164,1,216",1:42:2|1:551:2|1:641:2
ckpt_300.pt,1,828,0.328482985496521,0.06072460114955902,0.3566524088382721,"80,69,139,64,99","215,25,115,4,148",1:596:2|1:842:2|1:852:2
ckpt_300.pt,1,829,0.3240809440612793,0.07378282397985458,0.3192462623119354,"43,108,167,112,240","162,193,154,233,87",1:227:2|1:929:2|1:25:1
ckpt_300.pt,1,830,0.32544195652008057,0.06167718023061752,0.3484996259212494,"133,76,54,193,245","207,160,126,38,108",1:66:2|1:134:2|1:608:2
ckpt_300.pt,1,831,0.340736985206604,0.061036452651023865,0.34464031457901,"170,102,232,244,79","120,241,87,42,39",1:933:2|1:986:2|1:991:2
ckpt_300.pt,1,832,0.31019601225852966,0.057638686150312424,0.3344745635986328,"54,207,147,21,149","201,223,240,221,176",1:769:2|1:775:2|1:800:2
ckpt_300.pt,1,833,0.32353371381759644,0.05655636265873909,0.3328739106655121,"205,6,81,39,243","40,107,28,35,235",1:672:2|1:2:1|1:6:1
ckpt_300.pt,1,834,0.36501529812812805,0.06081301346421242,0.33588719367980957,"182,87,199,247,129","16,36,61,222,249",1:70:2|1:179:2|1:381:2
ckpt_300.pt,1,835,0.3409082293510437,0.07768194377422333,0.3290100395679474,"65,197,255,223,39","11,14,80,175,22",1:2:2|1:685:2|1:1:1
ckpt_300.pt,1,836,0.29805877804756165,0.07540438324213028,0.31609684228897095,"86,24,223,235,155","248,104,236,139,115",1:56:2|1:232:2|1:367:2
ckpt_300.pt,1,837,0.35682329535484314,0.08017626404762268,0.3400218188762665,"139,191,187,36,87","240,187,36,35,255",1:229:3|1:414:2|1:893:2
ckpt_300.pt,1,838,0.3097515404224396,0.05096130818128586,0.32314616441726685,"96,101,181,71,147","77,46,57,109,102",1:493:2|1:532:2|1:636:2
ckpt_300.pt,1,839,0.3478339910507202,0.06730075925588608,0.3257961571216583,"166,106,82,241,220","225,182,9,146,103",1:144:2|1:8:1|1:9:1
ckpt_300.pt,1,840,0.3522418439388275,0.06301068514585495,0.32024437189102173,"242,248,146,213,53","93,13,88,192,96",1:826:2|1:23:1|1:26:1
ckpt_300.pt,1,841,0.31371086835861206,0.06415434181690216,0.3324173092842102,"65,185,214,139,211","207,139,0,221,80",1:1:2|1:133:2|1:361:2
ckpt_300.pt,1,842,0.3611087501049042,0.06875969469547272,0.3496333360671997,"99,92,120,80,58","44,98,139,65,123",1:138:2|1:533:2|1:596:2
ckpt_300.pt,1,843,0.3400208353996277,0.05400274321436882,0.3347216844558716,"220,160,225,145,162","5,192,249,138,197",1:9:2|1:76:2|1:105:2
ckpt_300.pt,1,844,0.3496178090572357,0.063999243080616,0.34280648827552795,"39,140,254,193,18","73,64,83,143,158",1:638:2|1:702:2|1:759:2
ckpt_300.pt,1,845,0.3504693806171417,0.07553574442863464,0.32241299748420715,"151,211,239,96,146","172,158,44,213,28",1:514:2|1:607:2|1:16:1
ckpt_300.pt,1,846,0.3372634947299957,0.05284577235579491,0.3272492289543152,"88,158,172,221,76","95,155,169,145,167",1:602:2|1:2:1|1:27:1
ckpt_300.pt,1,847,0.33898988366127014,0.07393339276313782,0.31307050585746765,"60,24,201,224,254","70,239,113,159,190",1:94:2|1:784:2|1:9:1
ckpt_300.pt,1,848,0.3452196419239044,0.05259781703352928,0.3517596125602722,"23,192,78,30,3","229,144,231,223,245",1:355:2|1:26:1|1:37:1
ckpt_300.pt,1,849,0.3423309326171875,0.0535908043384552,0.3386774957180023,"31,29,71,84,59","154,33,38,177,224",1:580:2|1:903:2|1:0:1
ckpt_300.pt,1,850,0.3459662199020386,0.060876015573740005,0.33197924494743347,"195,40,148,162,48","146,36,27,213,38",1:200:2|1:331:2|1:499:2
ckpt_300.pt,1,851,0.34541961550712585,0.05361272767186165,0.3026098608970642,"51,112,99,239,33","45,0,68,146,201",1:260:2|1:305:2|1:822:2
ckpt_300.pt,1,852,0.34204989671707153,0.05610145255923271,0.33933576941490173,"14,117,240,139,99","36,201,51,74,27",1:828:2|1:1:1|1:2:1
ckpt_300.pt,1,853,0.313020259141922,0.05258705094456673,0.3160496652126312,"93,159,213,4,216","47,200,159,110,141",1:243:2|1:31:1|1:87:1
ckpt_300.pt,1,854,0.34247106313705444,0.0815129429101944,0.3454611301422119,"191,243,239,69,99","79,213,139,175,193",1:414:2|1:562:2|1:596:2
ckpt_300.pt,1,855,0.3026265799999237,0.07195604592561722,0.33626633882522583,"61,240,106,93,0","191,233,19,237,150",1:25:1|1:28:1|1:30:1
ckpt_300.pt,1,856,0.28937554359436035,0.05275968089699745,0.32550302147865295,"191,95,121,195,143","11,63,236,143,4",1:33:1|1:49:1|1:66:1
ckpt_300.pt,1,857,0.32746827602386475,0.06254982203245163,0.34640130400657654,"214,209,15,74,159","194,46,104,219,146",1:114:2|1:246:2|1:462:2
ckpt_300.pt,1,858,0.3559480309486389,0.07983440160751343,0.32716313004493713,"246,80,12,204,242","236,138,46,25,12",1:225:2|1:40:1|1:57:1
ckpt_300.pt,1,859,0.37153273820877075,0.08503083139657974,0.3362620770931244,"42,66,254,179,38","229,99,178,22,242",1:14:1|1:18:1|1:19:1
ckpt_300.pt,1,860,0.35810795426368713,0.06808348000049591,0.33137497305870056,"74,85,56,225,49","191,114,128,15,5",1:162:2|1:492:2|1:563:2
ckpt_300.pt,1,861,0.30197232961654663,0.05695708841085434,0.33675214648246765,"148,131,22,231,51","134,128,35,22,94",1:353:2|1:0:1|1:17:1
ckpt_300.pt,1,862,0.33014175295829773,0.05924044921994209,0.34551897644996643,"232,50,34,38,26","41,84,31,102,12",1:19:2|1:637:2|1:7:1
ckpt_300.pt,1,863,0.34179338812828064,0.05979212000966072,0.3392159640789032,"208,235,158,249,89","155,67,218,24,215",1:418:2|1:10:1|1:14:1
ckpt_300.pt,1,864,0.3673930764198303,0.07493013143539429,0.30121728777885437,"11,170,120,176,168","64,23,79,150,134",1:338:2|1:780:2|1:26:1
ckpt_300.pt,1,865,0.3317490816116333,0.06159494072198868,0.3256174921989441,"167,23,109,215,79","19,5,205,190,66",1:195:2|1:306:2|1:371:2
ckpt_300.pt,1,866,0.3279324471950531,0.06610362976789474,0.3164301812648773,"154,139,196,211,92","154,211,41,33,205",1:1:2|1:35:2|1:138:2
ckpt_300.pt,1,867,0.3398551344871521,0.06942999362945557,0.3261478543281555,"217,114,110,195,161","207,252,86,89,76",1:166:2|1:414:2|1:571:2
ckpt_300.pt,1,868,0.3510091006755829,0.06298816949129105,0.3207285702228546,"134,132,178,110,96","152,156,33,13,52",1:230:2|1:244:2|1:432:2
ckpt_300.pt,1,869,0.33683890104293823,0.06208740174770355,0.342013955116272,"105,218,133,81,2","40,117,39,119,89",1:183:2|1:982:2|1:11:1
ckpt_300.pt,1,870,0.324953556060791,0.06781166791915894,0.29372406005859375,"68,133,122,152,92","119,4,195,36,238",1:13:2|1:875:2|1:909:2
ckpt_300.pt,1,871,0.35144245624542236,0.07493394613265991,0.32294657826423645,"172,133,95,204,110","142,42,232,45,57",1:137:2|1:2:1|1:13:1
ckpt_300.pt,1,872,0.3427678346633911,0.06830797344446182,0.33271634578704834,"123,196,148,153,14","14,141,34,97,162",1:620:2|1:674:2|1:2:1
ckpt_300.pt,1,873,0.3208807110786438,0.06607276201248169,0.3221631348133087,"201,9,147,234,93","92,177,228,142,5",1:205:3|1:963:2|1:6:1
ckpt_300.pt,1,874,0.35510367155075073,0.06898873299360275,0.32137975096702576,"115,32,202,141,224","58,224,34,179,73",1:474:2|1:725:2|1:57:1
ckpt_300.pt,1,875,0.3516123294830322,0.07009924948215485,0.30180299282073975,"92,43,203,68,52","218,148,31,134,212",1:477:2|1:870:2|1:1005:2
ckpt_300.pt,1,876,0.2849966585636139,0.04869545251131058,0.31510481238365173,"214,191,42,213,8","198,53,110,109,142",1:123:2|1:568:2|1:708:2
ckpt_300.pt,1,877,0.3200857937335968,0.057798806577920914,0.3345242738723755,"29,113,114,219,96","118,232,138,78,160",1:465:2|1:1:1|1:15:1
ckpt_300.pt,1,878,0.32161030173301697,0.054362013936042786,0.3412680923938751,"3,12,243,129,203","252,147,4,91,12",1:120:2|1:284:2|1:902:2
ckpt_300.pt,1,879,0.35065796971321106,0.06257499754428864,0.34077244997024536,"157,221,207,209,180","189,13,115,3,144",1:68:2|1:109:2|1:273:2
ckpt_300.pt,1,880,0.32507404685020447,0.058445848524570465,0.30248501896858215,"95,193,65,24,180","31,1,38,160,168",1:467:2|1:732:2|1:2:1
ckpt_300.pt,1,881,0.338022381067276,0.05312284827232361,0.33360040187835693,"44,182,71,56,91","182,242,25,154,129",1:92:2|1:337:2|1:6:1
ckpt_300.pt,1,882,0.3276260197162628,0.06618577986955643,0.3108961284160614,"72,117,224,82,41","44,97,236,63,48",1:43:2|1:472:2|1:629:2
ckpt_300.pt,1,883,0.3430638611316681,0.0699932798743248,0.33497750759124756,"191,150,61,4,209","8,123,158,43,126",1:496:2|1:714:2|1:752:2
ckpt_300.pt,1,884,0.34293755888938904,0.06869032979011536,0.32581666111946106,"226,207,246,11,64","160,203,199,178,136",1:140:2|1:10:1|1:21:1
ckpt_300.pt,1,885,0.322372704744339,0.05877339094877243,0.3269874155521393,"129,188,121,53,118","245,242,8,181,157",1:200:2|1:209:2|1:284:2
ckpt_300.pt,1,886,0.3460575342178345,0.062235936522483826,0.3261842131614685,"226,48,173,205,222","21,32,43,71,15",1:8:1|1:10:1|1:21:1
ckpt_300.pt,1,887,0.3407849073410034,0.06780152022838593,0.3265489339828491,"217,162,7,103,83","77,176,97,70,92",1:595:2|1:718:2|1:4:1
ckpt_300.pt,1,888,0.3548981845378876,0.0644712969660759,0.338681161403656,"18,115,9,46,108","56,160,221,123,26",1:347:2|1:638:2|1:34:1
ckpt_300.pt,1,889,0.3742547631263733,0.0942402258515358,0.34232601523399353,"54,71,89,252,88","39,251,179,191,143",1:131:2|1:489:2|1:532:2
ckpt_300.pt,1,890,0.3403254449367523,0.08005606383085251,0.32998842000961304,"251,125,147,253,225","181,127,191,146,66",1:154:2|1:324:2|1:438:2
ckpt_300.pt,1,891,0.3692969083786011,0.06930913776159286,0.33739107847213745,"132,248,19,139,62","212,153,185,32,217",1:744:2|1:1:1|1:26:1
ckpt_300.pt,1,892,0.3499399423599243,0.06831822544336319,0.3306969404220581,"68,172,91,163,62","2,103,133,149,30",1:315:2|1:2:1|1:16:1
ckpt_300.pt,1,893,0.37716174125671387,0.06828548014163971,0.34826865792274475,"130,74,10,191,187","51,116,86,230,192",1:157:2|1:421:2|1:457:2
ckpt_300.pt,1,894,0.31880566477775574,0.05534244701266289,0.332469642162323,"228,104,175,128,1","240,211,84,194,190",1:15:2|1:234:2|1:522:2
ckpt_300.pt,1,895,0.32941579818725586,0.06372664868831635,0.320385217666626,"69,253,6,135,136","140,255,119,123,29",1:392:2|1:651:2|1:16:1
ckpt_300.pt,1,896,0.33655744791030884,0.05467177554965019,0.33217301964759827,"126,213,87,22,243","14,125,168,76,30",1:0:2|1:401:2|1:897:2
ckpt_300.pt,1,897,0.3238796591758728,0.06400779634714127,0.3195227086544037,"117,67,193,126,87","161,197,238,115,129",1:629:2|1:758:2|1:896:2
ckpt_300.pt,1,898,0.3475453555583954,0.05972420796751976,0.3367243707180023,"223,248,6,176,21","55,189,168,20,182",1:3:1|1:26:1|1:54:1
ckpt_300.pt,1,899,0.3166317641735077,0.07609008997678757,0.3346782624721527,"203,67,53,19,78","52,227,135,170,225",1:804:2|1:1016:2|1:7:1
ckpt_300.pt,1,900,0.3383510410785675,0.06605453789234161,0.33210742473602295,"121,12,46,197,248","203,153,50,137,28",1:192:2|1:419:2|1:787:2
ckpt_300.pt,1,901,0.3328680396080017,0.05791101232171059,0.34264490008354187,"51,152,143,41,85","1,161,101,202,26",1:49:2|1:533:2|1:555:2
ckpt_300.pt,1,902,0.329542875289917,0.061824098229408264,0.35398638248443604,"255,94,3,34,12","156,100,16,153,54",1:57:2|1:878:2|1:7:1
ckpt_300.pt,1,903,0.3210016191005707,0.06330326944589615,0.338692307472229,"31,231,59,243,118","120,225,77,137,222",1:199:2|1:849:2|1:0:1
ckpt_300.pt,1,904,0.31973180174827576,0.058695945888757706,0.3312948942184448,"184,176,29,220,39","60,30,149,140,197",1:165:2|1:351:2|1:465:2
ckpt_300.pt,1,905,0.348162442445755,0.07853080332279205,0.3049944341182709,"23,228,13,0,22","236,248,120,58,138",1:0:1|1:26:1|1:49:1
ckpt_300.pt,1,906,0.36313337087631226,0.06275299191474915,0.3524140417575836,"23,15,244,72,39","124,46,237,71,181",1:403:2|1:459:2|1:781:2
ckpt_300.pt,1,907,0.33252736926078796,0.07381956279277802,0.347680002450943,"158,32,59,110,217","127,224,30,43,176",1:244:2|1:717:2|1:816:2
ckpt_300.pt,1,908,0.3316918909549713,0.05217787250876427,0.317204087972641,"147,154,104,90,102","159,28,68,157,196",1:61:2|1:334:2|1:452:2
ckpt_300.pt,1,909,0.31464242935180664,0.07775188237428665,0.32427772879600525,"235,108,171,152,122","80,95,105,13,39",1:775:2|1:870:2|1:13:1
ckpt_300.pt,1,910,0.33490774035453796,0.06472980976104736,0.3447986841201782,"254,138,129,52,230","37,26,132,222,64",1:40:2|1:45:2|1:495:2
ckpt_300.pt,1,911,0.3341791033744812,0.061799321323633194,0.3158799111843109,"174,153,12,68,226","141,176,1,7,225",1:262:2|1:632:2|1:10:1
ckpt_300.pt,1,912,0.3522239327430725,0.08124316483736038,0.3152385950088501,"113,31,16,227,229","134,135,162,161,18",1:444:2|1:0:1|1:9:1
ckpt_300.pt,1,913,0.3230314254760742,0.06398928910493851,0.3229932487010956,"30,4,134,203,86","196,234,31,93,218",1:120:2|1:309:2|1:388:2
ckpt_300.pt,1,914,0.33137229084968567,0.06211703270673752,0.30967655777931213,"208,231,32,129,95","210,99,117,17,172",1:534:2|1:6:1|1:33:1
ckpt_300.pt,1,915,0.292091965675354,0.05620472878217697,0.351163387298584,"112,15,33,141,201","156,130,191,6,159",1:488:2|1:659:2|1:668:2
ckpt_300.pt,1,916,0.34643808007240295,0.0638357400894165,0.2991322875022888,"195,108,174,80,93","7,252,181,224,47",1:331:2|1:455:2|1:632:2
ckpt_300.pt,1,917,0.322547048330307,0.06411868333816528,0.3244096636772156,"183,72,38,160,129","253,140,40,160,222",1:203:2|1:407:2|1:6:1
ckpt_300.pt,1,918,0.34478992223739624,0.05560362711548805,0.31949812173843384,"6,197,121,168,83","155,119,183,148,110",1:192:2|1:900:2|1:1:1
ckpt_300.pt,1,919,0.32397109270095825,0.06383422762155533,0.3540564775466919,"58,6,68,84,134","209,243,62,20,221",1:274:2|1:526:2|1:777:2
ckpt_300.pt,1,920,0.3220233917236328,0.0574815571308136,0.30852609872817993,"79,127,199,245,217","235,140,153,155,180",1:625:2|1:967:2|1:26:1
ckpt_300.pt,1,921,0.3495301306247711,0.06845863163471222,0.3352099657058716,"31,116,80,64,126","167,24,158,163,18",1:394:2|1:423:2|1:592:2
ckpt_300.pt,1,922,0.37287935614585876,0.06849721819162369,0.31162333488464355,"89,43,161,45,86","24,248,59,224,212",1:25:2|1:316:2|1:570:2
ckpt_300.pt,1,923,0.3415714204311371,0.08298324048519135,0.31707990169525146,"249,228,34,119,99","41,18,103,159,7",1:7:1|1:10:1|1:29:1
ckpt_300.pt,1,924,0.30846333503723145,0.06488093733787537,0.32474133372306824,"87,179,77,239,47","231,230,13,185,111",1:72:2|1:137:2|1:544:2
ckpt_300.pt,1,925,0.35245195031166077,0.06723751872777939,0.3274301588535309,"81,36,11,183,26","143,195,98,104,144",1:9:1|1:11:1|1:14:1
ckpt_300.pt,1,926,0.32891741394996643,0.06291758269071579,0.3263694643974304,"123,120,90,116,98","226,146,136,18,172",1:538:2|1:3:1|1:4:1
ckpt_300.pt,1,927,0.3675910532474518,0.0640876442193985,0.34974730014801025,"41,93,179,204,236","187,26,12,120,66",1:137:2|1:413:2|1:424:2
ckpt_300.pt,1,928,0.33113542199134827,0.06683505326509476,0.3370172679424286,"99,164,46,250,0","86,70,210,25,14",1:266:2|1:984:2|1:4:1
ckpt_300.pt,1,929,0.3258579969406128,0.054341740906238556,0.29997724294662476,"108,167,161,47,202","136,201,180,159,166",1:539:2|1:829:2|1:12:1
ckpt_300.pt,1,930,0.36755818128585815,0.06394703686237335,0.3145408630371094,"190,48,213,150,200","2,154,60,127,144",1:726:2|1:31:1|1:33:1
ckpt_300.pt,1,931,0.34994325041770935,0.05767674371600151,0.31107309460639954,"172,249,106,253,79","159,233,227,68,244",1:933:2|1:2:1|1:10:1
ckpt_300.pt,1,932,0.33990123867988586,0.06184552609920502,0.32351335883140564,"176,197,190,12,232","201,183,83,89,120",1:900:2|1:1:1|1:7:1
ckpt_300.pt,1,933,0.3240051865577698,0.052255768328905106,0.33777445554733276,"170,106,250,55,79","91,202,55,241,32",1:722:2|1:831:2|1:931:2
ckpt_300.pt,1,934,0.3553105890750885,0.07353750616312027,0.3110275864601135,"185,238,25,206,195","17,169,104,143,189",1:270:2|1:1:1|1:5:1
ckpt_300.pt,1,935,0.3138238489627838,0.053418129682540894,0.3329177796840668,"115,146,97,69,93","9,60,80,109,193",1:42:1|1:53:1|1:78:1
ckpt_300.pt,1,936,0.3168727159500122,0.05381510779261589,0.314500093460083,"114,11,119,184,19","150,222,72,41,93",1:211:2|1:350:2|1:1:1
ckpt_300.pt,1,937,0.33524301648139954,0.07099434733390808,0.3137516379356384,"9,96,32,158,187","40,31,233,38,201",1:463:2|1:552:2|1:907:2
ckpt_300.pt,1,938,0.3522772192955017,0.06389034539461136,0.334797739982605,"208,202,179,37,171","61,39,63,74,17",1:142:2|1:181:2|1:610:2
ckpt_300.pt,1,939,0.311088889837265,0.053211480379104614,0.33114421367645264,"101,129,22,250,122","133,181,250,219,25",1:237:2|1:0:1|1:4:1
ckpt_300.pt,1,940,0.3294278085231781,0.05838814377784729,0.32446038722991943,"15,184,253,75,50","116,163,194,236,27",1:7:1|1:8:1|1:18:1
ckpt_300.pt,1,941,0.33835065364837646,0.058902934193611145,0.3146040737628937,"69,178,10,19,16","158,102,133,154,18",1:392:3|1:53:2|1:174:2
ckpt_300.pt,1,942,0.32402175664901733,0.07075627148151398,0.3324306011199951,"98,229,148,19,138","52,24,181,60,68",1:169:2|1:282:2|1:458:2
ckpt_300.pt,1,943,0.3057624101638794,0.05620615929365158,0.3479125201702118,"139,251,237,5,11","62,108,54,104,158",1:438:2|1:1007:2|1:1:1
ckpt_300.pt,1,944,0.33956462144851685,0.06136704981327057,0.3321145176887512,"19,89,95,22,159","87,30,109,4,51",1:484:2|1:735:2|1:1016:2
ckpt_300.pt,1,945,0.33653825521469116,0.07055245339870453,0.34336262941360474,"194,103,72,248,39","192,218,243,39,149",1:207:2|1:404:2|1:511:2
ckpt_300.pt,1,946,0.3612156808376312,0.06468874961137772,0.31952089071273804,"206,199,140,85,34","43,201,244,52,59",1:561:2|1:7:1|1:29:1
ckpt_300.pt,1,947,0.3269002139568329,0.0687723383307457,0.32053637504577637,"104,34,195,156,75","186,51,164,47,77",1:7:2|1:248:2|1:321:2
ckpt_300.pt,1,948,0.354841947555542,0.06132619455456734,0.3177894353866577,"207,112,223,126,133","109,197,155,154,157",1:146:2|1:552:2|1:574:2
ckpt_300.pt,1,949,0.35046830773353577,0.06371989101171494,0.32165324687957764,"150,152,68,125,126","5,61,18,201,53",1:100:2|1:146:2|1:292:2
ckpt_300.pt,1,950,0.32254961133003235,0.06942053884267807,0.33417806029319763,"236,224,112,235,75","60,28,87,153,209",1:231:2|1:550:2|1:767:2
ckpt_300.pt,1,951,0.3336997628211975,0.06866803765296936,0.34336066246032715,"173,194,117,40,146","19,112,9,84,102",1:22:2|1:43:2|1:605:2
ckpt_300.pt,1,952,0.34150320291519165,0.059345632791519165,0.32161882519721985,"248,68,233,171,1","146,46,135,170,225",1:654:2|1:821:2|1:15:1
ckpt_300.pt,1,953,0.32168132066726685,0.06498295068740845,0.33510100841522217,"198,86,173,17,240","136,192,233,68,195",1:485:2|1:593:2|1:28:1
ckpt_300.pt,1,954,0.3115222156047821,0.059918783605098724,0.3256479501724243,"107,40,144,23,77","30,230,165,112,9",1:403:2|1:7:1|1:20:1
ckpt_300.pt,1,955,0.3093201816082001,0.0604984350502491,0.33605459332466125,"51,149,145,59,242","78,107,245,47,211",1:24:2|1:67:2|1:240:2
ckpt_300.pt,1,956,0.3294128179550171,0.06227162107825279,0.32386475801467896,"247,28,212,5,193","18,133,169,122,236",1:326:2|1:334:2|1:4:1
ckpt_300.pt,1,957,0.34290581941604614,0.05558010935783386,0.3221256136894226,"57,206,146,13,84","133,29,26,58,158",1:250:2|1:439:2|1:480:2
ckpt_300.pt,1,958,0.38669463992118835,0.07960961759090424,0.3339984118938446,"209,98,95,4,108","222,45,203,27,44",1:291:2|1:347:2|1:475:2
ckpt_300.pt,1,959,0.3376869857311249,0.08654138445854187,0.3040217161178589,"207,77,150,52,1","22,115,113,3,155",1:325:2|1:539:2|1:702:2
ckpt_300.pt,1,960,0.35191771388053894,0.06517783552408218,0.31165507435798645,"65,118,116,225,158","73,29,43,39,100",1:4:2|1:336:2|1:372:2
ckpt_300.pt,1,961,0.3242248296737671,0.04984746128320694,0.3458860218524933,"106,198,147,105,238","139,239,28,251,242",1:198:2|1:507:2|1:693:2
ckpt_300.pt,1,962,0.3363761305809021,0.06989878416061401,0.32398223876953125,"230,53,4,138,119","149,34,79,33,161",1:291:2|1:449:2|1:541:2
ckpt_300.pt,1,963,0.34333157539367676,0.06077800318598747,0.31826868653297424,"90,194,201,164,9","167,126,60,196,160",1:538:2|1:873:2|1:10:1
ckpt_300.pt,1,964,0.34302666783332825,0.05896076560020447,0.34241679310798645,"23,66,118,250,124","175,138,45,174,204",1:4:2|1:14:1|1:21:1
ckpt_300.pt,1,965,0.3468019962310791,0.06479764729738235,0.3390703797340393,"88,58,139,230,79","11,222,20,195,58",1:101:3|1:1:1|1:32:1
ckpt_300.pt,1,966,0.3463713824748993,0.07584081590175629,0.3363765478134155,"236,238,155,129,158","166,169,122,68,98",1:125:2|1:244:2|1:481:2
ckpt_300.pt,1,967,0.31784331798553467,0.05567581579089165,0.3380243480205536,"217,151,127,187,161","122,147,222,48,203",1:454:2|1:867:2|1:920:2
ckpt_300.pt,1,968,0.32868656516075134,0.06208531931042671,0.3227483928203583,"87,84,90,101,19","13,75,125,233,135",1:330:2|1:0:1|1:12:1
ckpt_300.pt,1,969,0.31638386845588684,0.06589432060718536,0.3028934597969055,"116,87,15,197,241","67,158,140,138,142",1:77:3|1:72:2|1:229:2
ckpt_300.pt,1,970,0.3280218541622162,0.06500721722841263,0.35858985781669617,"50,86,132,174,142","84,99,135,9,217",1:50:2|1:220:2|1:10:1
ckpt_300.pt,1,971,0.3392393887042999,0.0694335401058197,0.3259170353412628,"64,141,0,54,97","181,185,137,87,108",1:57:1|1:61:1|1:79:1
ckpt_300.pt,1,972,0.3204437792301178,0.07580777257680893,0.3324076533317566,"224,131,111,163,239","46,219,180,169,155",1:17:2|1:398:2|1:582:2
ckpt_300.pt,1,973,0.33160579204559326,0.07180744409561157,0.3218969702720642,"32,160,153,221,151","185,15,167,157,243",1:71:2|1:104:2|1:556:2
ckpt_300.pt,1,974,0.33908239006996155,0.06354110687971115,0.35737666487693787,"144,241,103,4,174","32,79,176,197,111",1:698:2|1:13:1|1:23:1
ckpt_300.pt,1,975,0.35785284638404846,0.06319546699523926,0.33119335770606995,"19,165,102,25,5","135,117,14,125,92",1:241:2|1:661:2|1:684:2
ckpt_300.pt,1,976,0.3532754182815552,0.05627008154988289,0.32665637135505676,"241,142,252,39,108","141,110,177,100,184",1:199:2|1:395:2|1:557:2
ckpt_300.pt,1,977,0.3232611417770386,0.055764090269804,0.31323933601379395,"226,169,16,58,121","81,38,172,122,79",1:419:2|1:0:1|1:10:1
ckpt_300.pt,1,978,0.33419984579086304,0.08956704288721085,0.3556443452835083,"147,115,37,205,134","226,112,95,116,1",1:49:2|1:768:2|1:26:1
ckpt_300.pt,1,979,0.33826354146003723,0.0578930526971817,0.33050623536109924,"195,125,184,69,130","64,192,71,121,170",1:611:2|1:820:2|1:8:1
ckpt_300.pt,1,980,0.33071449398994446,0.07160374522209167,0.3123064935207367,"191,156,154,151,165","121,178,194,87,212",1:247:2|1:256:2|1:364:2
ckpt_300.pt,1,981,0.34166061878204346,0.0526900552213192,0.33331260085105896,"17,201,238,160,75","192,251,200,163,56",1:18:2|1:251:2|1:554:2
ckpt_300.pt,1,982,0.3209625482559204,0.058113884180784225,0.3029150664806366,"2,78,210,105,97","248,54,61,201,90",1:355:3|1:152:2|1:252:2
ckpt_300.pt,1,983,0.3246684670448303,0.06008566543459892,0.31493493914604187,"74,13,95,40,61","182,23,85,184,193",1:43:2|1:722:2|1:3:1
ckpt_300.pt,1,984,0.3537709712982178,0.07657289505004883,0.3341548442840576,"0,79,99,53,137","237,160,226,83,234",1:208:3|1:197:2|1:503:2
ckpt_300.pt,1,985,0.34394824504852295,0.055501606315374374,0.3400382995605469,"149,45,22,141,38","50,241,120,140,66",1:329:2|1:688:2|1:812:2
ckpt_300.pt,1,986,0.37496545910835266,0.07412703335285187,0.31912922859191895,"79,73,44,232,212","146,254,3,103,122",1:375:3|1:92:2|1:187:2
ckpt_300.pt,1,987,0.3189592957496643,0.06684402376413345,0.3138284981250763,"148,21,205,74,241","225,186,216,114,75",1:736:2|1:997:2|1:3:1
ckpt_300.pt,1,988,0.3037223219871521,0.06401695311069489,0.34014931321144104,"65,178,23,110,194","91,216,218,17,133",1:73:2|1:214:2|1:310:2
ckpt_300.pt,1,989,0.35612034797668457,0.05856851488351822,0.34590771794319153,"11,157,88,151,60","168,120,90,89,245",1:32:2|1:104:2|1:689:2
ckpt_300.pt,1,990,0.32450708746910095,0.07125033438205719,0.3125779628753662,"130,210,7,1,148","213,238,117,225,99",1:357:2|1:4:1|1:15:1
ckpt_300.pt,1,991,0.3290712833404541,0.06819400191307068,0.3148195743560791,"226,244,117,170,56","122,186,139,79,195",1:211:2|1:831:2|1:10:1
ckpt_300.pt,1,992,0.29730847477912903,0.04840428754687309,0.33899882435798645,"213,143,21,253,92","241,167,165,10,51",1:518:2|1:1:1|1:30:1
ckpt_300.pt,1,993,0.3458200991153717,0.0654943436384201,0.3403193950653076,"144,170,243,122,201","22,69,243,175,226",1:37:2|1:343:2|1:8:1
ckpt_300.pt,1,994,0.3249809145927429,0.05800061300396919,0.34153205156326294,"31,134,141,89,179","209,20,225,160,32",1:329:2|1:424:2|1:584:2
ckpt_300.pt,1,995,0.3305916488170624,0.06447014957666397,0.3432123064994812,"199,110,138,75,242","234,198,197,3,85",1:525:2|1:549:2|1:786:2
ckpt_300.pt,1,996,0.36548423767089844,0.0745677575469017,0.3188243508338928,"227,158,105,152,80","128,135,99,137,37",1:252:2|1:336:2|1:9:1
ckpt_300.pt,1,997,0.35166609287261963,0.05842934921383858,0.34711843729019165,"148,89,0,252,74","9,123,189,156,85",1:320:2|1:424:2|1:502:2
ckpt_300.pt,1,998,0.3342207670211792,0.06605418026447296,0.3527645766735077,"51,188,6,85,174","5,225,35,63,79",1:80:2|1:731:2|1:901:2
ckpt_300.pt,1,999,0.3696591258049011,0.08748376369476318,0.31177669763565063,"234,126,8,255,232","253,215,153,182,26",1:100:2|1:761:2|1:6:1
ckpt_300.pt,1,1000,0.34250470995903015,0.07395531982183456,0.3253505229949951,"82,73,171,247,69","47,64,80,50,225",1:224:2|1:596:2|1:794:2
ckpt_300.pt,1,1001,0.3476829528808594,0.05461060628294945,0.3437057435512543,"61,92,96,85,11","138,216,123,32,78",1:30:2|1:578:2|1:612:2
ckpt_300.pt,1,1002,0.3292023539543152,0.06765131652355194,0.35796836018562317,"116,165,218,125,244","56,64,194,28,73",1:378:2|1:465:2|1:682:2
ckpt_300.pt,1,1003,0.34213927388191223,0.06175610423088074,0.3080376088619232,"60,39,33,48,188","10,166,250,195,152",1:11:2|1:376:2|1:507:2
ckpt_300.pt,1,1004,0.34381312131881714,0.05793335661292076,0.3239094614982605,"154,90,208,131,136","128,149,70,227,171",1:84:2|1:426:2|1:671:2
ckpt_300.pt,1,1005,0.3432791233062744,0.057956770062446594,0.3459811210632324,"228,210,115,92,68","57,214,103,172,205",1:742:2|1:870:2|1:875:2
ckpt_300.pt,1,1006,0.33268269896507263,0.06755035370588303,0.3511674106121063,"106,87,144,16,255","72,75,3,22,184",1:360:2|1:0:1|1:23:1
ckpt_300.pt,1,1007,0.2972436547279358,0.05387040600180626,0.3319041430950165,"238,139,5,6,104","70,60,121,35,193",1:115:2|1:731:2|1:789:2
ckpt_300.pt,1,1008,0.3461073040962219,0.06467538326978683,0.34007787704467773,"109,119,112,125,172","63,229,75,9,127",1:146:2|1:378:2|1:438:2
ckpt_300.pt,1,1009,0.38145142793655396,0.07483911514282227,0.34753790497779846,"207,56,254,61,143","236,229,97,135,230",1:121:2|1:245:2|1:470:2
ckpt_300.pt,1,1010,0.36309632658958435,0.07194571197032928,0.33711227774620056,"86,15,61,190,26","225,0,72,56,18",1:53:2|1:349:2|1:519:2
ckpt_300.pt,1,1011,0.2950764000415802,0.05367656424641609,0.33258315920829773,"221,202,214,39,110","16,33,213,237,178",1:540:2|1:2:1|1:5:1
ckpt_300.pt,1,1012,0.32571694254875183,0.056374747306108475,0.34896424412727356,"227,161,74,36,118","171,90,143,203,185",1:43:2|1:296:2|1:414:2
ckpt_300.pt,1,1013,0.3283839821815491,0.05625193193554878,0.3215905725955963,"243,88,78,91,149","119,178,213,151,184",1:267:2|1:482:2|1:8:1
ckpt_300.pt,1,1014,0.37869635224342346,0.07455082982778549,0.35622480511665344,"212,50,97,127,130","229,62,69,98,200",1:334:2|1:510:2|1:811:2
ckpt_300.pt,1,1015,0.3225855529308319,0.06138763576745987,0.3261384069919586,"212,204,248,87,48","123,74,197,73,55",1:54:2|1:1022:2|1:0:1
ckpt_300.pt,1,1016,0.3416358530521393,0.06084012612700462,0.31936874985694885,"95,106,53,142,19","0,115,242,116,190",1:541:2|1:899:2|1:944:2
ckpt_300.pt,1,1017,0.3022613823413849,0.058120694011449814,0.3284361660480499,"206,136,99,220,244","101,33,130,12,133",1:149:2|1:392:2|1:456:2
ckpt_300.pt,1,1018,0.3321506977081299,0.06382816284894943,0.3112436830997467,"226,214,100,143,161","54,66,89,153,225",1:681:2|1:5:1|1:10:1
ckpt_300.pt,1,1019,0.33008256554603577,0.061218202114105225,0.33904603123664856,"124,131,110,228,206","133,94,186,255,2",1:289:2|1:340:2|1:385:2
ckpt_300.pt,1,1020,0.3274015784263611,0.05526470020413399,0.3395272493362427,"150,113,131,255,80","23,224,175,172,13",1:97:2|1:390:2|1:631:2
ckpt_300.pt,1,1021,0.3297380805015564,0.07229526340961456,0.31084853410720825,"29,223,52,44,117","133,83,228,131,14",1:495:2|1:3:1|1:15:1
ckpt_300.pt,1,1022,0.3501685559749603,0.05988366901874542,0.34757933020591736,"235,248,42,201,87","6,184,135,86,75",1:123:3|1:740:2|1:1015:2
ckpt_300.pt,1,1023,0.325386106967926,0.06439948081970215,0.3506511151790619,"164,112,74,53,37","214,64,13,104,217",1:71:2|1:124:2|1:168:2
ckpt_300.pt,2,0,0.32091107964515686,0.07281585037708282,0.3420092761516571,"239,235,31,177,175","119,192,81,137,199",2:37:2|2:136:2|2:21:1
ckpt_300.pt,2,1,0.32270267605781555,0.06435175240039825,0.32295334339141846,"12,49,198,115,50","0,118,231,208,253",2:237:2|2:266:2|2:672:2
ckpt_300.pt,2,2,0.3204271197319031,0.05607841908931732,0.33360540866851807,"73,129,159,78,166","156,195,45,160,240",2:295:2|2:510:2|2:5:1
ckpt_300.pt,2,3,0.3336966633796692,0.06764494627714157,0.3254816234111786,"198,223,103,63,179","167,224,62,123,126",2:171:2|2:216:2|2:488:2
ckpt_300.pt,2,4,0.3048575222492218,0.051566820591688156,0.33563748002052307,"139,123,251,179,121","92,64,124,167,248",2:257:2|2:697:2|2:836:2
ckpt_300.pt,2,5,0.3378647267818451,0.07269828766584396,0.3350583612918854,"53,129,149,114,168","12,11,42,82,237",2:2:1|2:12:1|2:18:1
ckpt_300.pt,2,6,0.34264788031578064,0.07437834143638611,0.3407140076160431,"207,169,137,94,242","105,62,82,7,171",2:338:2|2:567:2|2:826:2
ckpt_300.pt,2,7,0.332843154668808,0.07293856889009476,0.32675424218177795,"71,199,126,28,81","121,187,205,181,41",2:659:2|2:718:2|2:8:1
ckpt_300.pt,2,8,0.3425207734107971,0.06172088906168938,0.33235445618629456,"26,201,75,152,28","141,215,89,179,42",2:272:2|2:352:2|2:455:2
ckpt_300.pt,2,9,0.29928329586982727,0.053816162049770355,0.3264262080192566,"189,56,151,247,50","204,167,124,148,62",2:113:2|2:385:2|2:708:2
ckpt_300.pt,2,10,0.34011930227279663,0.060627277940511703,0.33736154437065125,"57,207,22,54,65","172,250,194,63,83",2:31:2|2:34:2|2:73:2
ckpt_300.pt,2,11,0.3304854929447174,0.06766127794981003,0.34623828530311584,"42,103,116,106,213","67,26,85,183,229",2:558:2|2:755:2|2:3:1
ckpt_300.pt,2,12,0.3537472188472748,0.08115631341934204,0.3593960106372833,"75,10,114,82,123","81,220,112,48,198",2:125:2|2:236:2|2:320:2
ckpt_300.pt,2,13,0.3088570535182953,0.05588766932487488,0.33641311526298523,"250,246,13,154,207","144,209,201,12,231",2:6:1|2:10:1|2:15:1
ckpt_300.pt,2,14,0.3368089199066162,0.05901234969496727,0.32723256945610046,"24,80,223,42,236","146,242,39,227,238",2:146:2|2:449:2|2:3:1
ckpt_300.pt,2,15,0.32859915494918823,0.057054419070482254,0.33130455017089844,"221,122,23,13,172","151,78,128,26,17",2:279:2|2:397:2|2:802:2
ckpt_300.pt,2,16,0.3499360978603363,0.06355837732553482,0.3249368965625763,"29,232,18,236,237","243,83,33,99,250",2:210:2|2:586:2|2:14:1
ckpt_300.pt,2,17,0.3548431992530823,0.06433390825986862,0.3383690416812897,"191,73,4,23,182","84,160,189,249,82",2:670:2|2:724:2|2:815:2
ckpt_300.pt,2,18,0.3080814480781555,0.05836774781346321,0.3228755593299866,"26,120,164,128,53","56,153,1,41,129",2:522:2|2:5:1|2:8:1
ckpt_300.pt,2,19,0.3671424984931946,0.06807032972574234,0.33457744121551514,"50,25,116,19,218","74,133,121,70,18",2:116:2|2:803:2|2:1:1
ckpt_300.pt,2,20,0.37275272607803345,0.062413133680820465,0.34674933552742004,"87,95,155,32,131","24,31,250,242,105",2:378:2|2:527:2|2:576:2
ckpt_300.pt,2,21,0.3042628765106201,0.0678076297044754,0.30885395407676697,"243,31,53,29,7","182,22,126,191,122",2:0:1|2:5:1|2:16:1
ckpt_300.pt,2,22,0.33276355266571045,0.07167859375476837,0.3228343725204468,"199,220,248,119,35","150,207,169,85,16",2:80:2|2:7:1|2:23:1
ckpt_300.pt,2,23,0.3629406988620758,0.0678366869688034,0.32823503017425537,"27,17,68,15,220","132,62,188,130,198",2:407:2|2:861:2|2:22:1
ckpt_300.pt,2,24,0.3814493417739868,0.07604061812162399,0.3375300168991089,"114,207,8,182,230","172,173,180,115,81",2:85:2|2:125:2|2:517:2
ckpt_300.pt,2,25,0.3597705066204071,0.06819349527359009,0.33127301931381226,"169,165,102,120,134","29,146,71,14,115",2:6:1|2:18:1|2:40:1
ckpt_300.pt,2,26,0.3317376375198364,0.058082930743694305,0.3241298794746399,"182,239,188,80,197","173,45,79,32,10",2:374:2|2:669:2|2:956:2
ckpt_300.pt,2,27,0.3183777630329132,0.05320824310183525,0.3465288281440735,"167,46,77,16,110","234,65,183,62,251",2:81:2|2:489:2|2:734:2
ckpt_300.pt,2,28,0.33513781428337097,0.06199249252676964,0.32722553610801697,"209,177,219,13,30","85,175,118,244,45",2:467:2|2:569:2|2:757:2
ckpt_300.pt,2,29,0.3395639657974243,0.05655588582158089,0.3419869840145111,"226,197,108,55,168","41,79,214,247,138",2:971:2|2:5:1|2:26:1
ckpt_300.pt,2,30,0.3395960330963135,0.08735793828964233,0.3123202621936798,"3,214,46,251,19","207,52,180,244,77",2:4:1|2:19:1|2:27:1
ckpt_300.pt,2,31,0.3434951901435852,0.0867665633559227,0.31313765048980713,"207,71,149,217,65","31,108,148,34,152",2:10:2|2:399:2|2:483:2
ckpt_300.pt,2,32,0.3424331843852997,0.05713900178670883,0.33414971828460693,"44,108,2,67,219","254,156,230,30,104",2:754:2|2:28:1|2:29:1
ckpt_300.pt,2,33,0.35932204127311707,0.07672708481550217,0.32852551341056824,"80,208,39,107,233","189,207,28,141,235",2:35:2|2:198:2|2:394:2
ckpt_300.pt,2,34,0.35238349437713623,0.05976463109254837,0.3232433795928955,"20,215,41,65,22","251,179,60,193,115",2:10:2|2:288:2|2:315:2
ckpt_300.pt,2,35,0.32642629742622375,0.06204555183649063,0.3393392264842987,"107,206,208,74,96","66,0,243,112,108",2:33:2|2:276:2|2:795:2
ckpt_300.pt,2,36,0.36858007311820984,0.06409700959920883,0.3514411449432373,"155,238,106,130,214","135,136,29,123,9",2:935:2|2:11:1|2:20:1
ckpt_300.pt,2,37,0.3403724431991577,0.05604514479637146,0.32848379015922546,"175,29,141,235,5","176,86,103,250,143",2:0:2|2:178:2|2:590:2
ckpt_300.pt,2,38,0.34651342034339905,0.07759401947259903,0.3616820275783539,"92,157,111,12,203","177,241,119,182,24",2:1:1|2:58:1|2:84:1
ckpt_300.pt,2,39,0.3293193578720093,0.08218333125114441,0.33139359951019287,"183,18,228,193,205","11,7,24,50,65",2:365:2|2:16:1|2:48:1
ckpt_300.pt,2,40,0.34212782979011536,0.060454197227954865,0.3314954936504364,"217,223,120,17,162","75,10,115,134,169",2:397:2|2:528:2|2:700:2
ckpt_300.pt,2,41,0.31596359610557556,0.06384976208209991,0.3203742206096649,"161,73,71,213,69","48,91,92,11,201",2:215:2|2:550:2|2:665:2
ckpt_300.pt,2,42,0.32943350076675415,0.06034575030207634,0.3442445993423462,"227,237,179,211,187","17,110,129,247,243",2:49:2|2:485:2|2:3:1
ckpt_300.pt,2,43,0.32301464676856995,0.05149988830089569,0.32459428906440735,"245,32,222,107,106","231,228,120,199,241",2:142:2|2:260:2|2:707:2
ckpt_300.pt,2,44,0.34050214290618896,0.06548361480236053,0.3677648603916168,"139,7,200,138,137","187,195,96,2,44",2:164:2|2:244:2|2:516:2
ckpt_300.pt,2,45,0.35549023747444153,0.0655917301774025,0.3395957946777344,"238,253,233,158,50","118,98,13,212,46",2:394:2|2:758:2|2:1000:2
ckpt_300.pt,2,46,0.3551689684391022,0.06089923530817032,0.32979241013526917,"160,65,58,70,208","30,107,144,151,22",2:206:2|2:567:2|2:580:2
ckpt_300.pt,2,47,0.31715789437294006,0.053388603031635284,0.30615749955177307,"1,36,152,236,9","214,111,237,217,255",2:161:2|2:249:2|2:284:2
ckpt_300.pt,2,48,0.3236140310764313,0.06563202291727066,0.3312574028968811,"109,228,131,68,94","83,168,229,21,93",2:108:2|2:6:1|2:20:1
ckpt_300.pt,2,49,0.321086585521698,0.055565446615219116,0.3084765672683716,"34,184,211,99,227","255,102,146,119,240",2:42:2|2:58:2|2:271:2
ckpt_300.pt,2,50,0.3143366575241089,0.06275766342878342,0.3382592797279358,"131,104,26,216,133","142,74,62,233,220",2:464:2|2:514:2|2:936:2
ckpt_300.pt,2,51,0.3248494863510132,0.06280689686536789,0.3371153473854065,"223,104,47,154,97","129,188,238,96,17",2:135:2|2:449:2|2:498:2
ckpt_300.pt,2,52,0.3458939790725708,0.08229069411754608,0.3221051096916199,"194,122,64,135,244","85,173,195,251,131",2:802:2|2:859:2|2:15:1
ckpt_300.pt,2,53,0.317857950925827,0.06139826774597168,0.3206329345703125,"46,37,23,165,118","152,229,28,142,148",2:129:2|2:640:2|2:900:2
ckpt_300.pt,2,54,0.33523064851760864,0.07011276483535767,0.3109724521636963,"250,151,182,254,58","127,219,126,0,24",2:231:2|2:289:2|2:9:1
ckpt_300.pt,2,55,0.34391510486602783,0.06855205446481705,0.3188965916633606,"161,58,176,38,168","117,144,231,58,115",2:314:2|2:334:2|2:482:2
ckpt_300.pt,2,56,0.33091142773628235,0.06564735621213913,0.3308391273021698,"118,40,8,211,167","152,1,189,160,26",2:460:2|2:930:2|2:24:1
ckpt_300.pt,2,57,0.32870736718177795,0.05582987889647484,0.3252295255661011,"190,198,247,109,234","132,92,157,76,164",2:243:2|2:654:2|2:1:1
ckpt_300.pt,2,58,0.34115341305732727,0.07257799804210663,0.3257645070552826,"9,99,12,156,34","104,192,151,213,243",2:49:2|2:185:2|2:457:2
ckpt_300.pt,2,59,0.33765721321105957,0.06106583774089813,0.32336461544036865,"200,183,150,102,17","28,128,237,104,148",2:631:2|2:23:1|2:25:1
ckpt_300.pt,2,60,0.349552184343338,0.062142711132764816,0.34807756543159485,"60,225,226,40,158","235,185,228,52,37",2:914:2|2:29:1|2:45:1
ckpt_300.pt,2,61,0.35119521617889404,0.06774057447910309,0.35851576924324036,"29,223,181,38,146","253,224,83,166,225",2:175:2|2:256:2|2:321:2
ckpt_300.pt,2,62,0.32330283522605896,0.07499098032712936,0.3024369776248932,"197,149,66,14,243","66,195,141,89,146",2:147:2|2:163:2|2:264:2
ckpt_300.pt,2,63,0.35993143916130066,0.060433629900217056,0.3548724055290222,"49,23,195,104,136","4,222,89,19,252",2:173:2|2:1:1|2:15:1
ckpt_300.pt,2,64,0.30570563673973083,0.05169873312115669,0.3223079741001129,"76,202,131,179,148","207,116,125,164,245",2:811:2|2:3:1|2:4:1
ckpt_300.pt,2,65,0.3657424747943878,0.061193473637104034,0.3290434777736664,"24,52,91,113,21","55,13,22,81,227",2:149:2|2:549:2|2:14:1
ckpt_300.pt,2,66,0.35091057419776917,0.06546619534492493,0.3476167917251587,"247,70,171,43,205","149,92,228,56,24",2:9:1|2:39:1|2:46:1
ckpt_300.pt,2,67,0.34368377923965454,0.06775618344545364,0.3132556974887848,"172,39,188,6,52","114,126,220,50,69",2:386:2|2:622:2|2:762:2
ckpt_300.pt,2,68,0.3080753982067108,0.05218404158949852,0.3185180127620697,"5,226,239,69,127","122,135,35,178,101",2:526:2|2:835:2|2:0:1
ckpt_300.pt,2,69,0.32163500785827637,0.05526344105601311,0.34305253624916077,"170,227,249,17,47","127,167,39,126,91",2:861:2|2:23:1|2:40:1
ckpt_300.pt,2,70,0.3301140069961548,0.07151512801647186,0.33453163504600525,"29,28,209,218,64","93,69,155,19,101",2:131:2|2:333:2|2:370:2
ckpt_300.pt,2,71,0.33101579546928406,0.06090239807963371,0.34979772567749023,"78,152,48,162,57","30,89,96,46,104",2:272:2|2:401:2|2:646:2
ckpt_300.pt,2,72,0.3040412664413452,0.06356605142354965,0.35392633080482483,"196,146,7,130,17","148,247,85,150,91",2:319:2|2:21:1|2:23:1
ckpt_300.pt,2,73,0.31334584951400757,0.055279992520809174,0.3368404805660248,"127,54,3,207,38","90,118,93,229,205",2:10:2|2:274:2|2:921:2
ckpt_300.pt,2,74,0.3519884943962097,0.07337064296007156,0.3099275827407837,"94,87,79,21,141","111,238,124,46,98",2:127:2|2:459:2|2:767:2
ckpt_300.pt,2,75,0.34154796600341797,0.06320252269506454,0.31378403306007385,"90,223,233,61,168","146,205,76,18,251",2:375:2|2:902:2|2:936:2
ckpt_300.pt,2,76,0.32709598541259766,0.05755267292261124,0.3150550425052643,"194,103,141,117,39","218,59,184,167,95",2:469:2|2:983:2|2:3:1
ckpt_300.pt,2,77,0.305733859539032,0.05958455428481102,0.31102389097213745,"149,175,163,146,34","152,23,85,150,9",2:292:2|2:413:2|2:827:2
ckpt_300.pt,2,78,0.35306617617607117,0.05859818309545517,0.35996055603027344,"61,128,235,158,187","236,29,230,61,104",2:438:3|2:239:2|2:553:2
ckpt_300.pt,2,79,0.3764788508415222,0.06277649104595184,0.34918856620788574,"246,103,182,59,147","128,82,255,250,240",2:462:2|2:485:2|2:488:2
ckpt_300.pt,2,80,0.343784362077713,0.08339700102806091,0.304561585187912,"241,161,240,248,35","202,173,112,213,46",2:22:2|2:187:2|2:448:2
ckpt_300.pt,2,81,0.3287331163883209,0.05689266696572304,0.3386319875717163,"52,211,110,255,16","239,33,152,29,141",2:27:2|2:254:2|2:311:2
ckpt_300.pt,2,82,0.30870699882507324,0.05221336707472801,0.32697710394859314,"222,239,36,213,104","30,47,154,195,237",2:273:2|2:443:2|2:717:2
ckpt_300.pt,2,83,0.33608314394950867,0.05490722879767418,0.33600831031799316,"133,253,114,109,220","64,86,22,175,20",2:130:2|2:296:2|2:957:2
ckpt_300.pt,2,84,0.31650230288505554,0.054328300058841705,0.3483898341655731,"184,232,160,92,174","4,139,184,29,187",2:337:2|2:571:2|2:681:2
ckpt_300.pt,2,85,0.3498452603816986,0.06481026858091354,0.34536314010620117,"207,179,1,114,120","144,53,155,107,154",2:24:2|2:169:2|2:927:2
ckpt_300.pt,2,86,0.3410986363887787,0.05427881330251694,0.32947269082069397,"118,189,204,233,44","152,205,163,94,39",2:265:2|2:544:2|2:967:2
ckpt_300.pt,2,87,0.31182533502578735,0.053400810807943344,0.32095620036125183,"57,147,58,14,135","189,128,196,191,145",2:780:2|2:10:1|2:46:1
ckpt_300.pt,2,88,0.33866825699806213,0.07026147097349167,0.33965080976486206,"116,120,83,60,205","111,88,9,241,98",2:91:2|2:479:2|2:815:2
ckpt_300.pt,2,89,0.3432500958442688,0.05579838156700134,0.32438579201698303,"109,216,20,0,78","158,39,221,64,206",2:247:2|2:298:2|2:393:2
ckpt_300.pt,2,90,0.3605116903781891,0.08099960535764694,0.3364594876766205,"241,30,119,214,83","215,87,245,93,97",2:960:2|2:22:1|2:28:1
ckpt_300.pt,2,91,0.3294134736061096,0.058854032307863235,0.31386426091194153,"219,116,99,120,136","35,66,234,67,147",2:88:2|2:569:2|2:600:2
ckpt_300.pt,2,92,0.3094111979007721,0.06486055999994278,0.3311035931110382,"80,128,3,179,170","74,244,226,2,130",2:274:2|2:3:1|2:4:1
ckpt_300.pt,2,93,0.30696284770965576,0.07010909169912338,0.3437150716781616,"243,89,147,56,41","117,196,41,238,34",2:432:2|2:434:2|2:717:2
ckpt_300.pt,2,94,0.33799296617507935,0.05984363704919815,0.34683361649513245,"247,99,28,233,100","23,237,226,129,96",2:673:2|2:7:1|2:8:1
ckpt_300.pt,2,95,0.33114391565322876,0.0609346404671669,0.3473155200481415,"111,129,115,254,142","52,145,106,44,231",2:745:3|2:389:2|2:792:2
ckpt_300.pt,2,96,0.33077168464660645,0.05663182586431503,0.33964967727661133,"200,174,130,133,185","202,125,73,54,234",2:220:2|2:514:2|2:938:2
ckpt_300.pt,2,97,0.3298732340335846,0.056893039494752884,0.3247741162776947,"57,66,56,52,160","101,164,118,157,153",2:548:2|2:9:1|2:10:1
ckpt_300.pt,2,98,0.3276771306991577,0.05953741446137428,0.3319253921508789,"4,41,224,176,169","39,8,183,222,42",2:151:2|2:204:2|2:207:2
ckpt_300.pt,2,99,0.3499826490879059,0.06887157261371613,0.3551410734653473,"159,74,137,9,63","155,215,183,89,201",2:208:2|2:249:2|2:280:2
ckpt_300.pt,2,100,0.31386423110961914,0.06045046076178551,0.3174225687980652,"88,112,130,255,147","205,63,168,54,183",2:36:1|2:72:1|2:79:1
ckpt_300.pt,2,101,0.34926676750183105,0.07157324254512787,0.3266128897666931,"203,151,68,86,142","56,180,168,61,255",2:227:2|2:546:2|2:9:1
ckpt_300.pt,2,102,0.31734681129455566,0.05477621406316757,0.3217465579509735,"92,155,28,219,217","230,32,186,57,222",2:740:2|2:7:1|2:8:1
ckpt_300.pt,2,103,0.31300750374794006,0.06136195734143257,0.3210911452770233,"7,25,141,54,119","14,49,123,85,111",2:121:2|2:10:1|2:19:1
ckpt_300.pt,2,104,0.31347939372062683,0.06782983243465424,0.32342734932899475,"6,176,102,230,83","255,12,188,25,89",2:291:2|2:499:2|2:851:2
ckpt_300.pt,2,105,0.3479040563106537,0.06207716837525368,0.3135804235935211,"196,38,90,56,55","201,253,228,178,206",2:9:1|2:29:1|2:55:1
ckpt_300.pt,2,106,0.32137444615364075,0.059664882719516754,0.32833734154701233,"251,82,97,110,152","22,27,25,216,95",2:422:2|2:746:2|2:4:1
ckpt_300.pt,2,107,0.3504680097103119,0.056498948484659195,0.3428758978843689,"78,47,93,181,40","39,208,120,76,178",2:343:2|2:592:2|2:660:2
ckpt_300.pt,2,108,0.32704466581344604,0.061070624738931656,0.32278522849082947,"109,134,15,94,37","18,131,39,182,196",2:48:2|2:844:2|2:6:1
ckpt_300.pt,2,109,0.3349032700061798,0.0552276074886322,0.35359451174736023,"151,204,121,0,19","109,153,232,47,208",2:329:2|2:610:2|2:4:1
ckpt_300.pt,2,110,0.3389032483100891,0.06694401055574417,0.33246517181396484,"237,171,128,131,233","123,248,176,116,232",2:576:2|2:16:1|2:18:1
ckpt_300.pt,2,111,0.3432494103908539,0.06399497389793396,0.3241202235221863,"44,237,68,76,25","221,23,61,129,229",2:411:2|2:906:2|2:1023:2
ckpt_300.pt,2,112,0.3270777761936188,0.058166567236185074,0.3424259126186371,"11,84,128,94,127","90,239,151,102,238",2:436:2|2:449:2|2:790:2
ckpt_300.pt,2,113,0.35279935598373413,0.06207871437072754,0.3324352502822876,"157,63,151,56,108","110,230,255,44,1",2:9:2|2:3:1|2:29:1
ckpt_300.pt,2,114,0.3625360131263733,0.0642705112695694,0.3386859595775604,"223,135,112,32,54","87,112,191,143,220",2:224:2|2:741:2|2:989:2
ckpt_300.pt,2,115,0.3354302644729614,0.06517709046602249,0.32963302731513977,"167,178,2,113,27","219,27,155,68,120",2:149:2|2:23:1|2:27:1
ckpt_300.pt,2,116,0.3432689607143402,0.0724920704960823,0.32823726534843445,"153,218,50,142,71","12,167,246,88,17",2:19:2|2:238:2|2:735:2
ckpt_300.pt,2,117,0.3383204936981201,0.06798034906387329,0.3234517574310303,"152,206,202,158,125","217,102,176,35,238",2:200:2|2:249:2|2:394:2
ckpt_300.pt,2,118,0.31598979234695435,0.0658751130104065,0.3351140022277832,"222,4,52,10,175","112,204,63,187,151",2:578:2|2:582:2|2:629:2
ckpt_300.pt,2,119,0.33905646204948425,0.06497156620025635,0.3333362340927124,"219,12,68,37,19","32,72,39,240,84",2:664:2|2:805:2|2:999:2
ckpt_300.pt,2,120,0.3173268437385559,0.05832340940833092,0.29874682426452637,"21,55,222,114,194","84,6,161,232,127",2:273:2|2:654:2|2:937:2
ckpt_300.pt,2,121,0.3577134609222412,0.06778447329998016,0.32872655987739563,"244,50,141,7,51","133,59,161,116,31",2:103:2|2:122:2|2:267:2
ckpt_300.pt,2,122,0.34516552090644836,0.060757968574762344,0.3338421881198883,"163,96,50,51,16","72,2,32,44,127",2:267:3|2:121:2|2:298:2
ckpt_300.pt,2,123,0.32960835099220276,0.06077055633068085,0.3175869584083557,"27,218,32,145,31","128,210,108,82,51",2:364:2|2:428:2|2:704:2
ckpt_300.pt,2,124,0.3345275819301605,0.06280159950256348,0.34798380732536316,"79,218,103,154,164","130,250,249,36,17",2:393:2|2:645:2|2:3:1
ckpt_300.pt,2,125,0.33513325452804565,0.06529804319143295,0.33214497566223145,"114,205,12,230,123","138,31,134,22,214",2:12:2|2:24:2|2:444:2
ckpt_300.pt,2,126,0.35625946521759033,0.06518208235502243,0.35626569390296936,"105,252,159,210,162","253,38,124,70,226",2:764:2|2:875:2|2:994:2
ckpt_300.pt,2,127,0.3779039680957794,0.07089518755674362,0.3485417366027832,"141,79,219,178,243","255,69,124,216,251",2:74:2|2:140:2|2:153:2
ckpt_300.pt,2,128,0.31128424406051636,0.06068999320268631,0.2967817783355713,"193,220,53,92,247","54,252,210,249,31",2:215:2|2:642:2|2:5:1
ckpt_300.pt,2,129,0.3463902175426483,0.057770539075136185,0.3182269036769867,"23,199,102,189,46","252,227,7,218,142",2:53:2|2:252:2|2:916:2
ckpt_300.pt,2,130,0.3583613336086273,0.0636478140950203,0.3248811662197113,"180,220,147,37,133","135,90,79,203,229",2:83:2|2:189:2|2:744:2
ckpt_300.pt,2,131,0.29423654079437256,0.04924311488866806,0.33720093965530396,"217,64,161,209,47","145,117,6,201,24",2:70:2|2:977:2|2:1011:2
ckpt_300.pt,2,132,0.3289920389652252,0.05649693310260773,0.33844876289367676,"53,185,64,187,225","72,237,6,96,76",2:425:2|2:5:1|2:18:1
ckpt_300.pt,2,133,0.30979040265083313,0.05901380255818367,0.3267916142940521,"181,106,178,199,164","22,176,102,225,104",2:141:2|2:475:2|2:7:1
ckpt_300.pt,2,134,0.3739798963069916,0.08502385020256042,0.36286285519599915,"205,134,221,147,76","107,117,141,212,26",2:643:2|2:15:1|2:25:1
ckpt_300.pt,2,135,0.32167482376098633,0.06038720905780792,0.3163526654243469,"104,27,20,225,97","64,98,15,226,173",2:51:2|2:213:2|2:454:2
ckpt_300.pt,2,136,0.32605940103530884,0.05708860233426094,0.3093348443508148,"175,180,255,94,177","33,188,29,201,122",2:0:2|2:466:2|2:6:1
ckpt_300.pt,2,137,0.3183547854423523,0.05906938016414642,0.3547140955924988,"129,57,24,0,192","126,165,6,175,117",2:140:2|2:2:1|2:5:1
ckpt_300.pt,2,138,0.31460240483283997,0.06559539586305618,0.3255106508731842,"117,43,145,121,147","48,142,115,220,17",2:159:2|2:354:2|2:693:2
ckpt_300.pt,2,139,0.36720287799835205,0.06191396713256836,0.3316024839878082,"100,90,135,197,131","92,199,19,151,64",2:959:2|2:20:1|2:26:1
ckpt_300.pt,2,140,0.33312225341796875,0.06629884988069534,0.3133714497089386,"70,243,24,219,129","138,225,107,130,156",2:127:2|2:137:2|2:552:2
ckpt_300.pt,2,141,0.32733550667762756,0.06894976645708084,0.3179357349872589,"205,138,106,164,203","159,105,39,188,133",2:133:2|2:264:2|2:507:2
ckpt_300.pt,2,142,0.3461810350418091,0.07742469012737274,0.30977845191955566,"121,163,196,32,107","105,145,26,230,39",2:43:2|2:380:2|2:4:1
ckpt_300.pt,2,143,0.3391949236392975,0.06791489571332932,0.33877483010292053,"36,196,233,65,214","240,106,67,77,12",2:406:2|2:10:1|2:30:1
ckpt_300.pt,2,144,0.328936368227005,0.06599849462509155,0.33631086349487305,"46,119,22,239,76","33,91,164,20,242",2:203:2|2:561:2|2:1003:2
ckpt_300.pt,2,145,0.3570537567138672,0.06548935920000076,0.34423336386680603,"161,185,59,230,218","131,80,246,95,69",2:721:2|2:19:1|2:24:1
ckpt_300.pt,2,146,0.3276700973510742,0.06784673780202866,0.3363032042980194,"71,24,146,42,186","66,241,161,45,37",2:14:2|2:552:2|2:7:1
ckpt_300.pt,2,147,0.3154667913913727,0.06011183559894562,0.33321383595466614,"14,6,220,97,66","198,125,57,164,214",2:62:2|2:536:2|2:791:2
ckpt_300.pt,2,148,0.34475743770599365,0.0773409903049469,0.32894793152809143,"47,128,51,202,21","253,110,210,48,117",2:626:2|2:1012:2|2:18:1
ckpt_300.pt,2,149,0.3591911196708679,0.07880014926195145,0.3315737843513489,"23,65,24,167,113","247,125,86,11,126",2:65:2|2:115:2|2:577:2
ckpt_300.pt,2,150,0.3722076117992401,0.07633375376462936,0.33341723680496216,"191,212,47,39,137","49,132,158,86,128",2:314:2|2:371:2|2:789:2
ckpt_300.pt,2,151,0.3353249728679657,0.07161010056734085,0.33052146434783936,"57,2,41,168,4","37,243,5,167,242",2:98:2|2:207:2|2:559:2
ckpt_300.pt,2,152,0.3629226088523865,0.060386091470718384,0.3518035113811493,"74,1,70,190,149","158,23,146,126,212",2:318:2|2:368:2|2:604:2
ckpt_300.pt,2,153,0.3014327883720398,0.049966052174568176,0.31589898467063904,"243,251,223,130,141","240,201,232,32,80",2:127:2|2:469:2|2:810:2
ckpt_300.pt,2,154,0.34560272097587585,0.06999165564775467,0.3253311812877655,"85,222,63,242,138","245,43,159,47,135",2:157:2|2:560:2|2:3:1
ckpt_300.pt,2,155,0.3011803925037384,0.056286610662937164,0.30589035153388977,"197,202,231,13,203","102,183,105,245,227",2:163:2|2:222:2|2:377:2
ckpt_300.pt,2,156,0.31951165199279785,0.05971289798617363,0.314211368560791,"226,72,132,18,145","90,175,198,30,11",2:430:2|2:515:2|2:16:1
ckpt_300.pt,2,157,0.3346034586429596,0.05401255562901497,0.32415956258773804,"138,85,32,70,134","157,155,54,243,229",2:154:2|2:1019:2|2:20:1
ckpt_300.pt,2,158,0.33600449562072754,0.06282223761081696,0.33369046449661255,"69,59,55,96,236","84,9,17,149,185",2:377:2|2:547:2|2:823:2
ckpt_300.pt,2,159,0.3571207523345947,0.06617005914449692,0.34136638045310974,"188,88,164,117,43","24,87,85,181,95",2:138:2|2:581:2|2:693:2
ckpt_300.pt,2,160,0.32844167947769165,0.0669788271188736,0.329658180475235,"140,227,10,231,117","78,43,6,37,159",2:12:1|2:42:1|2:49:1
ckpt_300.pt,2,161,0.3176373541355133,0.05959498882293701,0.3104012906551361,"152,9,141,13,213","220,139,101,227,211",2:47:2|2:188:2|2:249:2
ckpt_300.pt,2,162,0.31560149788856506,0.0640622153878212,0.33460110425949097,"150,127,116,88,29","170,73,157,51,15",2:11:1|2:16:1|2:19:1
ckpt_300.pt,2,163,0.3166911005973816,0.05269733816385269,0.29367363452911377,"14,197,162,203,53","84,140,235,196,233",2:608:3|2:62:2|2:155:2
ckpt_300.pt,2,164,0.3424209654331207,0.06848569959402084,0.3110923767089844,"100,16,7,176,137","6,20,197,210,129",2:44:2|2:342:2|2:629:2
ckpt_300.pt,2,165,0.3459461033344269,0.05837465822696686,0.34093496203422546,"204,229,104,119,188","224,198,180,124,166",2:214:2|2:392:2|2:667:2
ckpt_300.pt,2,166,0.3282111585140228,0.05265882611274719,0.3338898718357086,"45,148,118,238,102","237,165,115,106,171",2:299:2|2:632:2|2:25:1
ckpt_300.pt,2,167,0.3214038610458374,0.057114001363515854,0.29669320583343506,"242,185,152,99,95","29,156,201,208,197",2:720:2|2:6:1|2:8:1
ckpt_300.pt,2,168,0.3711552917957306,0.06420275568962097,0.34529879689216614,"206,25,95,8,77","180,89,5,168,124",2:513:2|2:551:2|2:653:2
ckpt_300.pt,2,169,0.3800499737262726,0.061032943427562714,0.35406702756881714,"122,114,210,164,1","66,57,167,76,95",2:85:2|2:824:2|2:927:2
ckpt_300.pt,2,170,0.32880985736846924,0.057519275695085526,0.31899765133857727,"63,19,176,173,180","22,215,85,23,126",2:487:2|2:579:2|2:641:2
ckpt_300.pt,2,171,0.3240649402141571,0.06268137693405151,0.31412312388420105,"103,77,63,94,26","94,117,254,231,125",2:3:2|2:806:2|2:6:1
ckpt_300.pt,2,172,0.3323988616466522,0.06673489511013031,0.39043983817100525,"153,12,86,162,8","13,169,205,237,80",2:212:2|2:295:2|2:1:1
ckpt_300.pt,2,173,0.31422919034957886,0.06084512174129486,0.32517313957214355,"52,29,136,124,104","183,122,79,204,10",2:63:2|2:854:2|2:944:2
ckpt_300.pt,2,174,0.3655085265636444,0.05571230128407478,0.3433626890182495,"198,84,39,91,122","96,63,52,134,104",2:199:2|2:722:2|2:1:1
ckpt_300.pt,2,175,0.32952216267585754,0.05546587333083153,0.3178624212741852,"197,162,38,29,79","161,26,90,184,148",2:61:2|2:163:2|2:272:2
ckpt_300.pt,2,176,0.363813191652298,0.061405256390571594,0.3235797584056854,"144,222,247,225,125","228,1,154,35,5",2:654:2|2:9:1|2:43:1
ckpt_300.pt,2,177,0.3146283030509949,0.06050974875688553,0.3352714776992798,"67,61,241,112,244","186,220,88,106,43",2:189:2|2:989:2|2:32:1
ckpt_300.pt,2,178,0.3211962580680847,0.0554063506424427,0.3369331359863281,"55,124,5,126,235","44,238,121,180,28",2:37:2|2:894:2|2:0:1
ckpt_300.pt,2,179,0.34987497329711914,0.062305521219968796,0.3303363621234894,"140,68,170,133,77","76,183,210,122,64",2:382:2|2:23:1|2:27:1
ckpt_300.pt,2,180,0.3626067042350769,0.0844183936715126,0.34135371446609497,"192,48,122,19,220","110,154,150,13,0",2:15:1|2:19:1|2:22:1
ckpt_300.pt,2,181,0.31621843576431274,0.06091241538524628,0.32391542196273804,"64,127,155,146,4","17,189,75,181,26",2:333:2|2:729:2|2:17:1
ckpt_300.pt,2,182,0.32033827900886536,0.06400581449270248,0.3210182189941406,"231,49,110,162,30","123,91,133,112,217",2:278:2|2:711:2|2:1:1
ckpt_300.pt,2,183,0.34018954634666443,0.05606739968061447,0.30843520164489746,"241,234,239,88,141","9,253,153,208,195",2:493:3|2:277:2|2:0:1
ckpt_300.pt,2,184,0.3267665505409241,0.05260670557618141,0.32588475942611694,"154,9,252,131,165","195,65,54,105,154",2:607:2|2:900:2|2:13:1
ckpt_300.pt,2,185,0.33844366669654846,0.05863625556230545,0.355144739151001,"99,188,12,148,59","30,35,150,29,208",2:58:2|2:1:1|2:26:1
ckpt_300.pt,2,186,0.32836899161338806,0.058757487684488297,0.32889288663864136,"13,137,136,72,60","201,137,16,51,4",2:188:2|2:6:1|2:13:1
ckpt_300.pt,2,187,0.33167585730552673,0.07808730006217957,0.330474853515625,"161,248,45,5,48","107,65,13,60,124",2:80:2|2:691:2|2:762:2
ckpt_300.pt,2,188,0.3322838842868805,0.06908748298883438,0.29423898458480835,"72,101,13,9,100","8,133,215,200,114",2:161:2|2:186:2|2:666:2
ckpt_300.pt,2,189,0.35084474086761475,0.08180553466081619,0.32580316066741943,"37,112,220,75,241","156,30,53,119,175",2:130:2|2:177:2|2:455:2
ckpt_300.pt,2,190,0.3449627757072449,0.0721370205283165,0.3283511698246002,"100,231,0,239,245","46,73,166,96,70",2:326:2|2:669:2|2:785:2
ckpt_300.pt,2,191,0.33683115243911743,0.0586819164454937,0.33505895733833313,"154,112,60,110,153","202,121,146,96,143",2:224:2|2:673:2|2:980:2
ckpt_300.pt,2,192,0.3516623079776764,0.07417528331279755,0.31130263209342957,"138,180,10,217,110","253,102,126,174,198",2:338:2|2:968:2|2:12:1
ckpt_300.pt,2,193,0.33406317234039307,0.07073085010051727,0.32609283924102783,"19,1,16,136,86","57,124,236,195,108",2:592:2|2:909:2|2:19:1
ckpt_300.pt,2,194,0.30803120136260986,0.05281946808099747,0.3260045349597931,"67,178,227,36,60","72,122,54,128,203",2:508:2|2:609:2|2:32:1
ckpt_300.pt,2,195,0.3232786953449249,0.05396797135472298,0.3109472692012787,"127,212,189,108,78","121,32,141,189,122",2:353:2|2:477:2|2:910:2
ckpt_300.pt,2,196,0.3215219974517822,0.061619002372026443,0.3101920485496521,"96,235,71,94,83","82,182,92,24,242",2:593:2|2:0:1|2:6:1
ckpt_300.pt,2,197,0.36325040459632874,0.07382471859455109,0.3208220303058624,"157,185,217,69,1","19,187,14,26,40",2:605:2|2:792:2|2:31:1
ckpt_300.pt,2,198,0.34636908769607544,0.07294061779975891,0.3377225399017334,"75,80,39,59,127","14,217,85,245,113",2:33:2|2:473:2|2:893:2
ckpt_300.pt,2,199,0.31802523136138916,0.06751245260238647,0.32470816373825073,"15,91,250,39,244","45,181,57,137,59",2:174:2|2:456:2|2:611:2
ckpt_300.pt,2,200,0.36614733934402466,0.06889402866363525,0.3443478047847748,"154,228,33,152,202","69,117,59,9,228",2:117:2|2:400:2|2:8:1
ckpt_300.pt,2,201,0.3296659290790558,0.05976487696170807,0.3036596477031708,"92,154,198,227,127","219,170,148,35,202",2:1:1|2:3:1|2:13:1
ckpt_300.pt,2,202,0.35763120651245117,0.07235665619373322,0.34340041875839233,"212,204,181,245,16","19,45,84,243,163",2:405:2|2:407:2|2:590:2
ckpt_300.pt,2,203,0.3496187627315521,0.07299714535474777,0.33904579281806946,"239,101,163,22,27","75,251,63,168,209",2:144:2|2:1003:2|2:0:1
ckpt_300.pt,2,204,0.34480780363082886,0.059263527393341064,0.30492037534713745,"4,194,235,186,176","15,145,54,86,169",2:98:2|2:207:2|2:301:2
ckpt_300.pt,2,205,0.3209722638130188,0.05469265952706337,0.32944589853286743,"207,19,211,44,210","31,203,14,214,149",2:575:2|2:6:1|2:10:1
ckpt_300.pt,2,206,0.3471890985965729,0.056932054460048676,0.3405699133872986,"65,203,208,155,225","162,197,30,216,108",2:46:2|2:10:1|2:20:1
ckpt_300.pt,2,207,0.37846818566322327,0.08223447948694229,0.31308501958847046,"194,41,238,4,1","118,77,212,184,136",2:98:2|2:151:2|2:204:2
ckpt_300.pt,2,208,0.3392701745033264,0.05992173030972481,0.3244640529155731,"9,195,207,16,63","219,116,128,88,236",2:99:2|2:284:2|2:524:2
ckpt_300.pt,2,209,0.34358057379722595,0.05836720019578934,0.31729602813720703,"169,31,46,211,168","9,178,37,243,7",2:874:3|2:538:2|2:674:2
ckpt_300.pt,2,210,0.3380766212940216,0.06263846158981323,0.316111296415329,"29,145,37,237,8","92,252,255,201,134",2:16:2|2:347:2|2:640:2
ckpt_300.pt,2,211,0.3207704722881317,0.04941314831376076,0.3228779733181,"175,6,79,78,171","202,205,43,47,42",2:255:2|2:272:2|2:393:2
ckpt_300.pt,2,212,0.3111894726753235,0.07384685426950455,0.31794801354408264,"153,48,144,166,8","77,69,86,115,101",2:172:2|2:903:2|2:2:1
ckpt_300.pt,2,213,0.3459976613521576,0.06489074975252151,0.33825919032096863,"141,225,104,221,168","61,68,100,187,150",2:135:2|2:345:2|2:755:2
ckpt_300.pt,2,214,0.33799073100090027,0.07587368041276932,0.32077765464782715,"129,229,65,235,204","127,128,3,177,251",2:165:2|2:590:2|2:911:2
ckpt_300.pt,2,215,0.33398333191871643,0.0656999796628952,0.32781219482421875,"53,73,71,247,97","125,204,152,31,61",2:41:2|2:128:2|2:536:2
ckpt_300.pt,2,216,0.33626788854599,0.0699084922671318,0.3110126256942749,"223,37,92,50,103","6,89,178,202,71",2:3:2|2:275:2|2:1:1
ckpt_300.pt,2,217,0.3255966901779175,0.06623955070972443,0.31289219856262207,"67,32,117,74,40","216,158,132,112,160",2:350:3|2:511:2|2:20:1
ckpt_300.pt,2,218,0.354412704706192,0.06711466610431671,0.36636096239089966,"250,85,233,77,102","248,66,227,147,104",2:253:2|2:382:2|2:424:2
ckpt_300.pt,2,219,0.3243585526943207,0.06683150678873062,0.30072635412216187,"81,165,142,167,150","136,161,159,83,171",2:7:1|2:25:1|2:27:1
ckpt_300.pt,2,220,0.3476601243019104,0.05550575256347656,0.3465365171432495,"130,174,9,153,67","184,157,64,173,245",2:96:2|2:282:2|2:319:2
ckpt_300.pt,2,221,0.34050101041793823,0.052813347429037094,0.3513028621673584,"220,40,83,179,151","140,196,166,66,89",2:3:1|2:4:1|2:9:1
ckpt_300.pt,2,222,0.35478976368904114,0.06341125071048737,0.3350091874599457,"197,13,178,97,133","118,132,90,184,55",2:155:2|2:530:2|2:564:2
ckpt_300.pt,2,223,0.36461079120635986,0.07008075714111328,0.3246983289718628,"4,132,148,123,147","13,173,12,179,121",2:563:2|2:4:1|2:12:1
ckpt_300.pt,2,224,0.3382369875907898,0.057650502771139145,0.34201502799987793,"178,112,223,148,153","56,168,109,191,5",2:261:3|2:114:2|2:191:2
ckpt_300.pt,2,225,0.3372848331928253,0.054811518639326096,0.3210582435131073,"89,172,219,4,140","115,92,235,99,85",2:230:2|2:386:2|2:597:2
ckpt_300.pt,2,226,0.33408594131469727,0.07199165970087051,0.3376694619655609,"42,187,123,238,239","41,250,86,239,163",2:901:3|2:748:2|2:0:1
ckpt_300.pt,2,227,0.34867942333221436,0.06971780210733414,0.33212944865226746,"68,142,192,84,61","169,208,97,213,42",2:101:2|2:436:2|2:808:2
ckpt_300.pt,2,228,0.3440586030483246,0.06478574872016907,0.3369492292404175,"125,106,241,19,69","66,225,8,197,246",2:266:2|2:557:2|2:835:2
ckpt_300.pt,2,229,0.31350210309028625,0.057726334780454636,0.3054313659667969,"156,250,45,73,10","177,199,93,104,84",2:320:2|2:328:2|2:578:2
ckpt_300.pt,2,230,0.32594990730285645,0.05519108474254608,0.3315640389919281,"30,159,18,89,140","121,213,32,45,152",2:225:2|2:678:2|2:793:2
ckpt_300.pt,2,231,0.31649133563041687,0.0552506297826767,0.3161788284778595,"100,241,127,254,182","55,140,58,215,54",2:54:2|2:342:2|2:669:2
ckpt_300.pt,2,232,0.3433507978916168,0.07524507492780685,0.33230558037757874,"180,196,197,78,5","158,27,15,69,205",2:564:2|2:2:1|2:26:1
ckpt_300.pt,2,233,0.34010517597198486,0.06249019876122475,0.35186657309532166,"171,252,67,213,87","190,167,50,80,252",2:242:2|2:311:2|2:429:2
ckpt_300.pt,2,234,0.33352166414260864,0.05904780700802803,0.34549084305763245,"99,178,112,253,18","199,65,104,209,193",2:224:2|2:600:2|2:831:2
ckpt_300.pt,2,235,0.32057255506515503,0.05420627072453499,0.3094176948070526,"14,254,208,22,186","11,44,245,71,157",2:502:2|2:527:2|2:625:2
ckpt_300.pt,2,236,0.3691996932029724,0.0700695738196373,0.3463570177555084,"45,221,75,82,202","93,168,186,62,207",2:12:2|2:899:2|2:8:1
ckpt_300.pt,2,237,0.33826395869255066,0.05578288808465004,0.32585158944129944,"178,49,50,219,221","155,34,221,229,143",2:1:2|2:127:2|2:700:2
ckpt_300.pt,2,238,0.3234965205192566,0.06450913846492767,0.28226280212402344,"153,185,50,73,167","187,54,39,9,110",2:116:2|2:598:2|2:1:1
ckpt_300.pt,2,239,0.3321790397167206,0.05655539408326149,0.34602123498916626,"69,138,235,46,158","132,234,91,230,154",2:78:2|2:792:2|2:0:1
ckpt_300.pt,2,240,0.35005611181259155,0.053921401500701904,0.3291611969470978,"88,137,223,218,228","51,157,10,83,25",2:280:2|2:3:1|2:6:1
ckpt_300.pt,2,241,0.38961613178253174,0.08112563192844391,0.3312223255634308,"112,8,158,132,14","113,216,170,117,253",2:24:1|2:45:1|2:56:1
ckpt_300.pt,2,242,0.3463439643383026,0.06565511226654053,0.36166974902153015,"31,156,87,201,171","53,135,106,175,46",2:233:2|2:478:2|2:0:1
ckpt_300.pt,2,243,0.3509412109851837,0.06444757431745529,0.3251272439956665,"45,44,190,247,106","33,186,124,28,135",2:57:2|2:813:2|2:906:2
ckpt_300.pt,2,244,0.3214384615421295,0.06414557248353958,0.34203508496284485,"139,138,148,231,215","62,16,213,146,32",2:44:2|2:377:2|2:632:2
ckpt_300.pt,2,245,0.3203844428062439,0.06264390796422958,0.3117164075374603,"39,90,97,241,63","60,179,0,159,212",2:915:2|2:3:1|2:33:1
ckpt_300.pt,2,246,0.3241610527038574,0.060480788350105286,0.3326869606971741,"64,206,234,68,115","101,164,186,10,183",2:1:1|2:23:1|2:35:1
ckpt_300.pt,2,247,0.32424190640449524,0.061346087604761124,0.3164069354534149,"223,109,0,248,227","213,92,174,189,133",2:89:2|2:283:2|2:440:2
ckpt_300.pt,2,248,0.3433722257614136,0.06741992384195328,0.31225454807281494,"49,149,169,182,141","180,80,83,32,75",2:767:2|2:801:2|2:845:2
ckpt_300.pt,2,249,0.32324016094207764,0.06554388254880905,0.3304160535335541,"125,159,152,9,94","168,88,191,91,6",2:47:2|2:99:2|2:117:2
ckpt_300.pt,2,250,0.34321215748786926,0.056682560592889786,0.3232017159461975,"241,188,76,173,89","254,5,23,83,131",2:840:2|2:26:1|2:64:1
ckpt_300.pt,2,251,0.31548431515693665,0.062334779649972916,0.3118646740913391,"250,47,61,167,36","243,111,167,145,235",2:13:1|2:27:1|2:47:1
ckpt_300.pt,2,252,0.36146897077560425,0.0649801641702652,0.35038861632347107,"112,198,81,23,102","78,168,45,145,214",2:129:2|2:987:2|2:1:1
ckpt_300.pt,2,253,0.3312193751335144,0.06700494885444641,0.3201591372489929,"87,85,83,81,233","246,133,104,84,141",2:218:2|2:394:2|2:719:2
ckpt_300.pt,2,254,0.328755646944046,0.0476159006357193,0.3339347839355469,"172,160,255,33,211","85,121,228,236,74",2:81:2|2:311:2|2:351:2
ckpt_300.pt,2,255,0.31600069999694824,0.05381571501493454,0.3322299122810364,"31,78,67,79,59","138,196,121,207,246",2:211:2|2:272:2|2:393:2
ckpt_300.pt,2,256,0.3358347713947296,0.06887926161289215,0.3234075903892517,"223,70,152,34,29","81,4,89,113,46",2:61:2|2:272:2|2:492:2
ckpt_300.pt,2,257,0.34654274582862854,0.07848460227251053,0.349032998085022,"123,69,200,224,251","157,213,105,141,62",2:4:2|2:553:2|2:12:1
ckpt_300.pt,2,258,0.33552616834640503,0.04978788644075394,0.31418102979660034,"203,130,69,183,8","179,180,45,188,101",2:301:2|2:603:2|2:788:2
ckpt_300.pt,2,259,0.3252194821834564,0.062277622520923615,0.334545373916626,"9,25,133,212,238","229,135,173,255,174",2:607:2|2:19:1|2:36:1
ckpt_300.pt,2,260,0.34226715564727783,0.05742061138153076,0.3465433120727539,"107,182,85,245,92","176,222,3,1,87",2:43:2|2:407:2|2:481:2
ckpt_300.pt,2,261,0.34791478514671326,0.06388268619775772,0.3275388181209564,"153,102,171,223,178","167,87,17,98,69",2:224:3|2:421:2|2:947:2
ckpt_300.pt,2,262,0.3220377564430237,0.07405587285757065,0.29895758628845215,"53,77,231,76,108","248,166,240,239,151",2:5:1|2:18:1|2:21:1
ckpt_300.pt,2,263,0.3666580617427826,0.07577332854270935,0.3152448534965515,"41,164,24,112,94","137,254,129,25,175",2:293:2|2:346:2|2:964:2
ckpt_300.pt,2,264,0.32942768931388855,0.06037891283631325,0.32934609055519104,"205,164,226,243,14","9,28,218,145,234",2:62:2|2:141:2|2:450:2
ckpt_300.pt,2,265,0.33219313621520996,0.05696237087249756,0.3257198929786682,"221,80,204,189,150","172,131,1,21,110",2:86:2|2:9:1|2:14:1
ckpt_300.pt,2,266,0.3467029333114624,0.07015742361545563,0.3062343895435333,"50,12,237,106,125","183,24,26,55,191",2:1:2|2:228:2|2:615:2
ckpt_300.pt,2,267,0.3047747015953064,0.06764305382966995,0.3465452194213867,"51,16,201,5,50","56,90,196,189,142",2:122:3|2:121:2|2:298:2
ckpt_300.pt,2,268,0.325879842042923,0.054430775344371796,0.36595770716667175,"89,103,195,211,84","91,59,107,118,5",2:460:2|2:3:1|2:11:1
ckpt_300.pt,2,269,0.32952195405960083,0.05727258324623108,0.3326391279697418,"32,120,90,127,118","136,231,135,97,198",2:816:2|2:18:1|2:20:1
ckpt_300.pt,2,270,0.34945082664489746,0.06528664380311966,0.34548094868659973,"198,90,155,85,11","249,231,172,253,158",2:361:2|2:496:2|2:521:2
ckpt_300.pt,2,271,0.3278208374977112,0.06277874112129211,0.33950284123420715,"34,253,65,170,184","35,0,215,145,182",2:49:2|2:437:2|2:506:2
ckpt_300.pt,2,272,0.28831374645233154,0.05617944151163101,0.3118356466293335,"152,29,26,79,78","45,13,41,223,82",2:8:2|2:71:2|2:175:2
ckpt_300.pt,2,273,0.3314484655857086,0.05259959027171135,0.33755457401275635,"51,9,239,194,222","232,167,208,63,221",2:82:2|2:120:2|2:607:2
ckpt_300.pt,2,274,0.3289848268032074,0.07359889149665833,0.31302979588508606,"102,255,207,128,3","59,45,98,60,65",2:73:2|2:92:2|2:6:1
ckpt_300.pt,2,275,0.32469138503074646,0.05625300109386444,0.34227168560028076,"18,199,103,50,22","25,250,35,27,240",2:216:2|2:534:2|2:696:2
ckpt_300.pt,2,276,0.35596558451652527,0.07206106930971146,0.33470064401626587,"96,107,221,112,242","125,253,42,3,57",2:35:2|2:323:2|2:404:2
ckpt_300.pt,2,277,0.35207581520080566,0.05810976028442383,0.31143131852149963,"241,239,58,6,167","177,235,116,200,149",2:183:2|2:675:2|2:0:1
ckpt_300.pt,2,278,0.31601646542549133,0.06141577661037445,0.30295565724372864,"117,159,110,49,229","134,198,110,175,245",2:182:2|2:350:2|2:676:2
ckpt_300.pt,2,279,0.35026177763938904,0.06919527053833008,0.31958600878715515,"66,152,172,69,221","187,180,225,245,59",2:15:2|2:417:2|2:540:2
ckpt_300.pt,2,280,0.33397841453552246,0.0626441091299057,0.3160741627216339,"217,246,137,63,88","239,220,209,20,168",2:99:2|2:240:2|2:883:2
ckpt_300.pt,2,281,0.3278074264526367,0.06958265602588654,0.33301594853401184,"207,80,132,83,43","209,54,104,27,126",2:372:2|2:6:1|2:10:1
ckpt_300.pt,2,282,0.3383641839027405,0.06472568958997726,0.333465039730072,"73,67,174,145,83","251,134,195,108,57",2:220:2|2:337:2|2:924:2
ckpt_300.pt,2,283,0.3035043179988861,0.05637357756495476,0.31542232632637024,"158,111,223,164,248","204,101,126,111,220",2:247:2|2:729:2|2:3:1
ckpt_300.pt,2,284,0.31735914945602417,0.06102944537997246,0.3298928141593933,"254,152,9,155,63","244,202,54,169,47",2:524:3|2:47:2|2:99:2
ckpt_300.pt,2,285,0.3404698371887207,0.0691603422164917,0.3328544497489929,"33,74,28,77,31","32,15,239,17,237",2:613:2|2:0:1|2:7:1
ckpt_300.pt,2,286,0.3135662078857422,0.05887969210743904,0.295036256313324,"82,134,42,244,55","232,111,162,163,176",2:419:2|2:11:1|2:12:1
ckpt_300.pt,2,287,0.32645750045776367,0.060277387499809265,0.32936716079711914,"219,8,64,215,96","34,237,185,176,32",2:425:2|2:695:2|2:877:2
ckpt_300.pt,2,288,0.3382331430912018,0.06315094977617264,0.3199940621852875,"65,215,250,40,201","98,150,70,243,247",2:34:2|2:328:2|2:911:2
ckpt_300.pt,2,289,0.33055731654167175,0.05604438856244087,0.31975817680358887,"254,253,36,151,51","55,50,10,210,193",2:54:2|2:335:2|2:524:2
ckpt_300.pt,2,290,0.3244031071662903,0.06830818206071854,0.32021617889404297,"42,16,215,85,156","216,192,5,154,235",2:572:2|2:11:1|2:14:1
ckpt_300.pt,2,291,0.3599925935268402,0.06116678565740585,0.33893805742263794,"230,32,215,103,6","14,212,42,168,74",2:104:2|2:430:2|2:434:2
ckpt_300.pt,2,292,0.32652902603149414,0.0837668627500534,0.34663063287734985,"149,104,233,34,72","227,112,202,167,63",2:77:2|2:442:2|2:680:2
ckpt_300.pt,2,293,0.33112525939941406,0.06898141652345657,0.31813931465148926,"202,164,102,92,24","195,233,94,221,39",2:263:2|2:917:2|2:997:2
ckpt_300.pt,2,294,0.36354249715805054,0.0585867315530777,0.33574187755584717,"107,59,219,45,154","158,117,75,40,150",2:695:2|2:737:2|2:13:1
ckpt_300.pt,2,295,0.3280099630355835,0.05752897262573242,0.330085426568985,"78,12,129,214,86","89,231,92,154,208",2:2:2|2:172:2|2:510:2
ckpt_300.pt,2,296,0.3424585461616516,0.0705745667219162,0.351910799741745,"220,144,118,253,77","63,62,18,83,97",2:83:2|2:299:2|2:437:2
ckpt_300.pt,2,297,0.2996228337287903,0.0664021223783493,0.287807822227478,"150,179,115,107,93","230,242,115,185,78",2:323:2|2:356:2|2:408:2
ckpt_300.pt,2,298,0.34611836075782776,0.06049152463674545,0.33764663338661194,"51,78,149,16,0","62,197,240,124,127",2:89:2|2:122:2|2:267:2
ckpt_300.pt,2,299,0.323466956615448,0.05910831317305565,0.3387143015861511,"77,118,148,14,234","115,230,30,141,189",2:166:2|2:296:2|2:321:2
ckpt_300.pt,2,300,0.32051047682762146,0.059378355741500854,0.33427345752716064,"24,163,115,170,220","119,182,62,224,114",2:775:2|2:843:2|2:846:2
ckpt_300.pt,2,301,0.3226725161075592,0.05882835388183594,0.33026376366615295,"203,207,4,176,130","117,45,121,223,205",2:98:2|2:204:2|2:258:2
ckpt_300.pt,2,302,0.3186006546020508,0.07271310687065125,0.30877193808555603,"41,90,60,87,221","153,254,205,81,117",2:15:1|2:20:1|2:34:1
ckpt_300.pt,2,303,0.3229503631591797,0.052189093083143234,0.3629072606563568,"44,243,110,23,139","120,241,87,55,219",2:673:2|2:727:2|2:4:1
ckpt_300.pt,2,304,0.38574275374412537,0.06909127533435822,0.3477413058280945,"39,111,150,219,149","155,70,243,81,168",2:5:1|2:28:1|2:31:1
ckpt_300.pt,2,305,0.3545932173728943,0.06575769186019897,0.32421180605888367,"183,56,82,3,121","42,119,106,37,75",2:358:2|2:431:2|2:1006:2
ckpt_300.pt,2,306,0.38050076365470886,0.06740918755531311,0.3364325761795044,"10,207,26,181,228","238,39,105,115,34",2:458:2|2:540:2|2:742:2
ckpt_300.pt,2,307,0.33275339007377625,0.0669575184583664,0.3466159999370575,"154,134,66,238,203","170,19,64,26,16",2:383:2|2:952:2|2:13:1
ckpt_300.pt,2,308,0.3453494906425476,0.061913177371025085,0.32897844910621643,"229,34,244,132,228","186,51,49,2,88",2:400:2|2:437:2|2:468:2
ckpt_300.pt,2,309,0.3436328172683716,0.058836616575717926,0.3432515561580658,"221,230,135,144,149","214,204,64,134,113",2:5:1|2:15:1|2:24:1
ckpt_300.pt,2,310,0.3584361672401428,0.07997898012399673,0.32592251896858215,"237,137,61,0,115","177,53,16,7,117",2:369:2|2:1014:2|2:1:1
ckpt_300.pt,2,311,0.32486027479171753,0.05663731321692467,0.3363223075866699,"87,255,252,26,211","147,27,35,33,44",2:81:2|2:233:2|2:254:2
ckpt_300.pt,2,312,0.33650124073028564,0.056959886103868484,0.35406628251075745,"173,54,28,136,143","170,98,41,160,127",2:863:2|2:996:2|2:7:1
ckpt_300.pt,2,313,0.3100428581237793,0.06307141482830048,0.3416711091995239,"84,240,26,119,12","177,201,4,219,244",2:522:2|2:699:2|2:1:1
ckpt_300.pt,2,314,0.32462674379348755,0.058274321258068085,0.315923273563385,"176,58,47,159,39","31,115,195,38,137",2:55:2|2:150:2|2:418:2
ckpt_300.pt,2,315,0.3346908390522003,0.0567132793366909,0.31795400381088257,"180,51,215,92,41","136,118,235,102,169",2:34:2|2:432:2|2:484:2
ckpt_300.pt,2,316,0.32043954730033875,0.07089532911777496,0.3184772729873657,"233,120,123,79,55","130,103,152,19,117",2:382:2|2:1000:2|2:4:1
ckpt_300.pt,2,317,0.34386634826660156,0.07287348061800003,0.3452304005622864,"193,122,211,189,104","127,206,36,161,155",2:9:1|2:15:1|2:39:1
ckpt_300.pt,2,318,0.31180596351623535,0.05558370426297188,0.3199474513530731,"239,212,74,52,149","119,48,151,138,133",2:152:2|2:368:2|2:666:2
ckpt_300.pt,2,319,0.36572080850601196,0.06920842081308365,0.3272402882575989,"146,130,96,153,119","223,141,56,194,172",2:72:2|2:220:2|2:752:2
ckpt_300.pt,2,320,0.314755380153656,0.0554528646171093,0.32790884375572205,"155,75,125,73,10","230,4,113,0,194",2:12:2|2:229:2|2:570:2
ckpt_300.pt,2,321,0.3461385667324066,0.06166631355881691,0.35528701543807983,"38,223,224,77,234","123,255,57,144,229",2:61:2|2:299:2|2:489:2
ckpt_300.pt,2,322,0.3295632004737854,0.06028733402490616,0.315792977809906,"91,176,240,109,46","64,204,179,120,94",2:452:2|2:585:2|2:698:2
ckpt_300.pt,2,323,0.3454148471355438,0.06932254880666733,0.33607909083366394,"242,93,107,159,44","213,77,34,206,144",2:276:2|2:297:2|2:412:2
ckpt_300.pt,2,324,0.3133560121059418,0.05468495935201645,0.30270716547966003,"222,145,228,249,76","187,56,114,145,83",2:919:2|2:39:1|2:43:1
ckpt_300.pt,2,325,0.3710034191608429,0.061994101852178574,0.322092741727829,"120,184,115,203,166","219,165,178,188,158",2:727:2|2:1:1|2:2:1
ckpt_300.pt,2,326,0.3246089518070221,0.061508145183324814,0.33609986305236816,"161,101,245,2,0","27,236,175,123,60",2:190:2|2:491:2|2:726:2
ckpt_300.pt,2,327,0.3263343870639801,0.06629622727632523,0.3221440315246582,"253,125,113,45,200","154,22,28,68,208",2:677:2|2:44:1|2:45:1
ckpt_300.pt,2,328,0.33386310935020447,0.07377257943153381,0.32407817244529724,"41,250,65,1,73","135,80,220,253,149",2:34:2|2:207:2|2:229:2
ckpt_300.pt,2,329,0.33731013536453247,0.07414598017930984,0.3233639597892761,"144,151,94,0,196","165,240,171,128,194",2:109:2|2:366:2|2:772:2
ckpt_300.pt,2,330,0.35383930802345276,0.06463883072137833,0.3282608687877655,"95,121,208,89,177","189,139,104,13,93",2:391:2|2:660:2|2:0:1
ckpt_300.pt,2,331,0.3410056531429291,0.06522103399038315,0.3405354917049408,"252,120,183,109,4","172,174,183,64,212",2:397:2|2:416:2|2:440:2
ckpt_300.pt,2,332,0.3358254134654999,0.05883743613958359,0.3118877708911896,"34,209,14,204,247","104,126,60,182,218",2:392:2|2:410:2|2:702:2
ckpt_300.pt,2,333,0.3276389539241791,0.06200810894370079,0.3180466294288635,"64,104,218,248,146","55,130,108,169,78",2:70:2|2:181:2|2:359:2
ckpt_300.pt,2,334,0.33849257230758667,0.06414017081260681,0.34356918931007385,"216,168,176,25,164","77,150,235,34,78",2:55:2|2:439:2|2:499:2
ckpt_300.pt,2,335,0.34445494413375854,0.06782899796962738,0.3305733799934387,"168,36,144,51,208","250,52,34,136,43",2:289:2|2:481:2|2:625:2
ckpt_300.pt,2,336,0.34826382994651794,0.07455670833587646,0.3081071078777313,"68,92,78,56,242","142,248,64,91,102",2:2:1|2:6:1|2:9:1
ckpt_300.pt,2,337,0.349242627620697,0.06000041216611862,0.349378764629364,"41,232,132,67,174","158,78,237,110,55",2:84:2|2:220:2|2:282:2
ckpt_300.pt,2,338,0.329547256231308,0.05752909183502197,0.31201764941215515,"252,137,242,180,10","163,153,237,142,244",2:6:2|2:192:2|2:429:2
ckpt_300.pt,2,339,0.3526618778705597,0.0719413161277771,0.3431624174118042,"58,95,212,116,124","234,228,41,116,50",2:11:1|2:19:1|2:20:1
ckpt_300.pt,2,340,0.3346146047115326,0.07003986835479736,0.3161327540874481,"75,4,67,71,34","198,106,157,63,91",2:668:2|2:7:1|2:8:1
ckpt_300.pt,2,341,0.3446912169456482,0.05753350630402565,0.3143305480480194,"224,115,155,191,161","195,69,22,176,138",2:389:2|2:1:1|2:17:1
ckpt_300.pt,2,342,0.31705594062805176,0.05659811943769455,0.33491432666778564,"7,254,123,100,174","238,62,213,225,138",2:164:2|2:231:2|2:686:2
ckpt_300.pt,2,343,0.3208843469619751,0.05200737342238426,0.32438355684280396,"254,239,144,78,181","148,149,196,194,145",2:107:2|2:353:2|2:868:2
ckpt_300.pt,2,344,0.32950589060783386,0.07020576298236847,0.33029499650001526,"201,105,194,172,181","201,167,237,147,24",2:8:1|2:15:1|2:52:1
ckpt_300.pt,2,345,0.34205639362335205,0.05528637766838074,0.33654356002807617,"225,62,221,171,236","138,34,253,152,55",2:213:2|2:547:2|2:788:2
ckpt_300.pt,2,346,0.3493232727050781,0.06748788803815842,0.3466549813747406,"112,13,24,66,190","192,34,97,78,174",2:263:2|2:404:2|2:455:2
ckpt_300.pt,2,347,0.3497643768787384,0.05545007064938545,0.3447790741920471,"203,28,37,108,237","20,87,147,193,177",2:210:2|2:761:2|2:925:2
ckpt_300.pt,2,348,0.31670501828193665,0.06673295050859451,0.31896471977233887,"123,80,214,8,232","172,139,169,21,77",2:701:2|2:4:1|2:12:1
ckpt_300.pt,2,349,0.34193822741508484,0.07778950780630112,0.33197060227394104,"85,111,118,51,15","134,234,153,102,72",2:481:2|2:482:2|2:670:2
ckpt_300.pt,2,350,0.3360270857810974,0.05355805531144142,0.3542434871196747,"74,229,117,67,245","183,22,19,131,159",2:217:3|2:278:2|2:384:2
ckpt_300.pt,2,351,0.3633132874965668,0.07183080911636353,0.3048744201660156,"211,78,198,33,121","84,69,203,139,171",2:254:2|2:571:2|2:693:2
ckpt_300.pt,2,352,0.3286975622177124,0.057365864515304565,0.31934112310409546,"75,88,26,98,195","222,141,4,7,11",2:8:2|2:12:1|2:18:1
ckpt_300.pt,2,353,0.32682353258132935,0.05810832977294922,0.32529687881469727,"189,144,10,24,78","92,106,55,169,67",2:195:2|2:343:2|2:2:1
ckpt_300.pt,2,354,0.34148260951042175,0.062265075743198395,0.33489158749580383,"43,67,186,81,147","228,65,245,73,75",2:138:2|2:798:2|2:7:1
ckpt_300.pt,2,355,0.34040212631225586,0.0672241672873497,0.32609137892723083,"133,222,221,5,218","144,247,2,188,33",2:405:2|2:804:2|2:15:1
ckpt_300.pt,2,356,0.3347846269607544,0.05910446122288704,0.33335956931114197,"143,93,182,150,157","220,240,133,78,30",2:297:2|2:470:2|2:17:1
ckpt_300.pt,2,357,0.3252125084400177,0.06346923857927322,0.3161580562591553,"222,46,42,83,61","26,58,62,35,227",2:489:2|2:11:1|2:14:1
ckpt_300.pt,2,358,0.3208259344100952,0.05649397522211075,0.3173091411590576,"183,219,224,3,162","142,168,49,236,180",2:305:2|2:648:2|2:700:2
ckpt_300.pt,2,359,0.34728169441223145,0.06593824177980423,0.3471320867538452,"154,146,248,179,43","82,85,176,213,161",2:333:2|2:847:2|2:995:2
ckpt_300.pt,2,360,0.37535154819488525,0.080612912774086,0.34865131974220276,"126,206,233,21,58","93,116,196,58,53",2:394:2|2:628:2|2:671:2
ckpt_300.pt,2,361,0.34466034173965454,0.06180013343691826,0.33217015862464905,"85,11,178,43,58","203,223,247,205,158",2:270:2|2:730:2|2:46:1
ckpt_300.pt,2,362,0.3313054144382477,0.0621526837348938,0.33809784054756165,"149,213,247,91,5","126,93,143,87,79",2:463:2|2:5:1|2:9:1
ckpt_300.pt,2,363,0.3161126375198364,0.04994528368115425,0.30742084980010986,"243,86,189,146,106","11,182,237,219,96",2:546:2|2:916:2|2:1004:2
ckpt_300.pt,2,364,0.33626872301101685,0.060449402779340744,0.32942646741867065,"31,217,60,145,100","221,218,201,30,94",2:123:2|2:428:2|2:684:2
ckpt_300.pt,2,365,0.3713350296020508,0.05594910681247711,0.3466731607913971,"218,17,205,193,252","156,61,214,24,4",2:39:2|2:838:2|2:19:1
ckpt_300.pt,2,366,0.338397353887558,0.07020986080169678,0.3514752686023712,"196,0,159,169,62","21,98,109,112,138",2:329:2|2:398:2|2:441:2
ckpt_300.pt,2,367,0.3251056969165802,0.058748453855514526,0.31651419401168823,"48,63,41,46,175","221,20,190,44,129",2:0:1|2:3:1|2:27:1
ckpt_300.pt,2,368,0.33717846870422363,0.08784475922584534,0.3201708495616913,"165,57,74,112,149","77,130,151,129,24",2:152:2|2:318:2|2:666:2
ckpt_300.pt,2,369,0.3291630446910858,0.06057560443878174,0.33753156661987305,"230,115,100,164,61","167,98,129,118,227",2:310:2|2:433:2|2:499:2
ckpt_300.pt,2,370,0.345679372549057,0.05647497996687889,0.33648502826690674,"236,191,64,28,240","117,13,152,238,66",2:70:2|2:699:2|2:7:1
ckpt_300.pt,2,371,0.32446885108947754,0.06471693515777588,0.299555242061615,"39,243,212,67,177","145,217,41,231,183",2:150:2|2:0:1|2:21:1
ckpt_300.pt,2,372,0.3345465362071991,0.05898873135447502,0.3248783349990845,"48,61,55,132,80","27,107,235,148,127",2:281:2|2:848:2|2:14:1
ckpt_300.pt,2,373,0.3482781648635864,0.06431034207344055,0.3401903212070465,"67,99,5,194,11","32,195,118,113,229",2:1008:2|2:32:1|2:37:1
ckpt_300.pt,2,374,0.33888331055641174,0.06727881729602814,0.32168635725975037,"23,68,60,197,80","221,227,193,124,226",2:26:2|2:545:2|2:673:2
ckpt_300.pt,2,375,0.31401005387306213,0.06400846689939499,0.34665408730506897,"167,134,223,1,233","114,167,121,42,133",2:75:2|2:498:2|2:604:2
ckpt_300.pt,2,376,0.33020755648612976,0.05731934681534767,0.32048559188842773,"225,73,230,130,138","43,166,249,116,205",2:858:2|2:2:1|2:17:1
ckpt_300.pt,2,377,0.33300119638442993,0.05782817304134369,0.3484035134315491,"231,69,55,139,202","126,178,130,132,168",2:155:2|2:158:2|2:244:2
ckpt_300.pt,2,378,0.36857110261917114,0.06611073017120361,0.3372470736503601,"53,61,155,251,95","108,29,119,249,106",2:20:2|2:808:2|2:4:1
ckpt_300.pt,2,379,0.3148351311683655,0.062033213675022125,0.3714759945869446,"153,175,123,150,197","31,218,160,41,34",2:582:2|2:0:1|2:4:1
ckpt_300.pt,2,380,0.34407612681388855,0.07104682177305222,0.3461739122867584,"163,196,104,247,219","164,5,182,229,92",2:142:2|2:467:2|2:562:2
ckpt_300.pt,2,381,0.3291987478733063,0.06589578837156296,0.3349556028842926,"157,68,124,79,172","45,129,4,164,196",2:393:2|2:644:2|2:15:1
ckpt_300.pt,2,382,0.3478355407714844,0.05430951714515686,0.3298739790916443,"105,123,233,140,77","40,92,232,44,254",2:179:2|2:218:2|2:316:2
ckpt_300.pt,2,383,0.35727226734161377,0.06664678454399109,0.35105276107788086,"66,38,49,134,116","19,245,236,46,182",2:307:2|2:921:2|2:970:2
ckpt_300.pt,2,384,0.3396754264831543,0.06719998270273209,0.325916588306427,"245,53,229,172,98","41,207,30,139,18",2:350:2|2:491:2|2:913:2
ckpt_300.pt,2,385,0.3222641050815582,0.053357768803834915,0.3391256332397461,"247,189,68,49,244","226,235,198,247,86",2:9:2|2:764:2|2:1:1
ckpt_300.pt,2,386,0.32569947838783264,0.05730246379971504,0.3417580723762512,"115,134,52,172,219","95,114,250,6,152",2:67:2|2:225:2|2:1019:2
ckpt_300.pt,2,387,0.37554478645324707,0.06844330579042435,0.32001858949661255,"18,39,247,9,114","184,79,109,193,62",2:5:1|2:9:1|2:12:1
ckpt_300.pt,2,388,0.33893439173698425,0.05723555013537407,0.3408704996109009,"7,187,87,183,22","210,188,185,246,119",2:534:2|2:10:1|2:20:1
ckpt_300.pt,2,389,0.33191707730293274,0.05917200818657875,0.3208847939968109,"74,115,185,129,224","42,165,227,54,97",2:95:2|2:341:2|2:504:2
ckpt_300.pt,2,390,0.33848971128463745,0.07414518296718597,0.3299633860588074,"216,210,97,60,200","15,179,236,162,23",2:594:2|2:44:1|2:50:1
ckpt_300.pt,2,391,0.3679383397102356,0.06508864462375641,0.32503053545951843,"64,177,156,89,222","216,37,190,188,209",2:330:2|2:578:2|2:717:2
ckpt_300.pt,2,392,0.3452146053314209,0.0622420534491539,0.32025107741355896,"209,42,188,204,102","193,249,147,199,238",2:165:2|2:332:2|2:537:2
ckpt_300.pt,2,393,0.35489174723625183,0.062037691473960876,0.33414894342422485,"0,78,157,154,79","170,214,179,68,81",2:89:2|2:124:2|2:211:2
ckpt_300.pt,2,394,0.3479900062084198,0.07407759130001068,0.34340912103652954,"233,81,158,80,206","79,87,5,18,175",2:33:2|2:45:2|2:117:2
ckpt_300.pt,2,395,0.3441562056541443,0.06691849231719971,0.3423878252506256,"229,52,92,11,148","201,106,207,3,175",2:433:2|2:38:1|2:64:1
ckpt_300.pt,2,396,0.3534635305404663,0.058267947286367416,0.32934218645095825,"2,19,188,9,85","119,37,136,149,188",2:522:2|2:19:1|2:26:1
ckpt_300.pt,2,397,0.31971460580825806,0.06668969988822937,0.324215829372406,"120,122,172,217,252","69,111,148,16,112",2:15:2|2:40:2|2:331:2
ckpt_300.pt,2,398,0.3264531195163727,0.061640508472919464,0.34916818141937256,"0,143,15,186,62","243,148,104,231,118",2:366:2|2:414:2|2:435:2
ckpt_300.pt,2,399,0.3422570824623108,0.0705428197979927,0.35078519582748413,"65,237,172,149,2","205,223,224,172,19",2:31:2|2:580:2|2:5:1
ckpt_300.pt,2,400,0.33460843563079834,0.06801054626703262,0.331729918718338,"34,33,228,158,23","233,0,191,187,17",2:200:2|2:308:2|2:15:1
ckpt_300.pt,2,401,0.36107686161994934,0.07841198146343231,0.3338181674480438,"155,174,152,78,119","235,50,215,220,140",2:71:2|2:272:2|2:284:2
ckpt_300.pt,2,402,0.33272406458854675,0.06477726250886917,0.3397948443889618,"158,113,90,185,25","54,78,62,176,173",2:465:2|2:677:2|2:974:2
ckpt_300.pt,2,403,0.34213125705718994,0.07154544442892075,0.32690298557281494,"156,125,60,118,43","82,6,97,227,98",2:774:2|2:53:1|2:56:1
ckpt_300.pt,2,404,0.35135704278945923,0.07247570157051086,0.3371228277683258,"216,190,161,112,221","24,160,255,121,32",2:276:2|2:346:2|2:448:2
ckpt_300.pt,2,405,0.32721224427223206,0.06968390941619873,0.330257773399353,"5,222,182,204,181","92,54,130,48,218",2:202:2|2:355:2|2:410:2
ckpt_300.pt,2,406,0.3112123906612396,0.05724469572305679,0.3274173438549042,"36,19,65,242,181","146,142,214,113,249",2:143:2|2:443:2|2:6:1
ckpt_300.pt,2,407,0.32015931606292725,0.060479357838630676,0.3249557614326477,"17,85,245,204,27","223,112,15,96,91",2:23:2|2:202:2|2:260:2
ckpt_300.pt,2,408,0.3351205885410309,0.06292006373405457,0.34069931507110596,"87,180,93,179,228","162,110,18,144,175",2:297:2|2:690:2|2:3:1
ckpt_300.pt,2,409,0.37068092823028564,0.08045210689306259,0.34019359946250916,"145,244,142,133,19","208,77,91,94,174",2:999:2|2:19:1|2:30:1
ckpt_300.pt,2,410,0.35972487926483154,0.06598608195781708,0.32991018891334534,"14,223,204,5,95","144,108,104,214,174",2:332:2|2:405:2|2:628:2
ckpt_300.pt,2,411,0.3587975800037384,0.06045488268136978,0.3382316529750824,"162,76,68,171,93","75,188,190,49,19",2:111:2|2:623:2|2:778:2
ckpt_300.pt,2,412,0.3246040344238281,0.055032361298799515,0.34221315383911133,"37,107,93,83,88","9,206,77,90,181",2:297:2|2:323:2|2:768:2
ckpt_300.pt,2,413,0.33209460973739624,0.0690842792391777,0.3370344936847687,"111,163,13,194,34","62,232,114,196,183",2:77:2|2:13:1|2:15:1
ckpt_300.pt,2,414,0.3513593375682831,0.06519907712936401,0.31114521622657776,"131,84,15,129,143","212,186,7,141,60",2:398:2|2:527:2|2:565:2
ckpt_300.pt,2,415,0.3273146450519562,0.058402471244335175,0.33392149209976196,"230,20,216,121,42","255,223,239,56,164",2:89:2|2:594:2|2:862:2
ckpt_300.pt,2,416,0.33242014050483704,0.052444346249103546,0.3104282021522522,"146,44,109,63,120","151,76,246,149,26",2:331:2|2:611:2|2:685:2
ckpt_300.pt,2,417,0.33786439895629883,0.06469700485467911,0.34214916825294495,"66,211,185,221,132","123,248,2,118,40",2:279:2|2:538:2|2:540:2
ckpt_300.pt,2,418,0.3298991620540619,0.06466096639633179,0.3187558352947235,"139,34,79,58,39","75,44,116,62,162",2:314:2|2:843:2|2:4:1
ckpt_300.pt,2,419,0.32482731342315674,0.05617358535528183,0.3260835111141205,"40,55,244,0,46","37,186,101,207,185",2:286:2|2:27:1|2:29:1
ckpt_300.pt,2,420,0.3390098512172699,0.0701916292309761,0.33318161964416504,"235,103,54,208,118","146,52,10,68,117",2:0:1|2:3:1|2:10:1
ckpt_300.pt,2,421,0.3283148407936096,0.0574025884270668,0.3471107482910156,"223,205,153,108,93","218,160,217,92,176",2:224:2|2:261:2|2:470:2
ckpt_300.pt,2,422,0.3036361634731293,0.047557294368743896,0.33508458733558655,"226,251,82,87,166","162,147,174,239,17",2:106:2|2:2:1|2:4:1
ckpt_300.pt,2,423,0.34635260701179504,0.06770315021276474,0.3318542242050171,"18,166,40,252,127","160,228,63,214,229",2:519:2|2:650:2|2:2:1
ckpt_300.pt,2,424,0.3466282784938812,0.06450570374727249,0.35951244831085205,"102,142,73,0,233","251,142,123,29,230",2:218:2|2:967:2|2:1009:2
ckpt_300.pt,2,425,0.3455297648906708,0.06757675111293793,0.3470497131347656,"225,153,219,174,64","48,234,121,215,75",2:132:2|2:220:2|2:287:2
ckpt_300.pt,2,426,0.34172219038009644,0.0643443912267685,0.3362690508365631,"105,147,85,24,47","29,124,17,55,51",2:521:2|2:789:2|2:14:1
ckpt_300.pt,2,427,0.35450613498687744,0.0708099752664566,0.328195184469223,"144,185,35,92,97","133,119,139,13,63",2:22:1|2:38:1|2:51:1
ckpt_300.pt,2,428,0.350809782743454,0.056438419967889786,0.30949509143829346,"31,145,92,4,54","66,247,76,184,86",2:123:2|2:364:2|2:922:2
ckpt_300.pt,2,429,0.3284122049808502,0.06415577232837677,0.3244817852973938,"86,230,137,252,213","66,93,61,181,125",2:233:2|2:338:2|2:499:2
ckpt_300.pt,2,430,0.316529780626297,0.054117314517498016,0.3426912724971771,"58,32,72,215,132","180,102,202,79,173",2:816:3|2:156:2|2:291:2
ckpt_300.pt,2,431,0.35165634751319885,0.07889338582754135,0.33668091893196106,"169,84,121,67,3","237,160,7,229,79",2:305:2|2:441:2|2:4:1
ckpt_300.pt,2,432,0.34011101722717285,0.061674926429986954,0.3610578179359436,"180,41,22,243,192","152,219,138,245,168",2:34:2|2:93:2|2:315:2
ckpt_300.pt,2,433,0.33201661705970764,0.06540943682193756,0.33478844165802,"148,52,198,61,164","142,233,95,129,158",2:369:2|2:395:2|2:622:2
ckpt_300.pt,2,434,0.33131298422813416,0.06888683140277863,0.296782910823822,"56,201,230,32,89","123,134,96,235,195",2:93:2|2:291:2|2:638:2
ckpt_300.pt,2,435,0.34593507647514343,0.059221964329481125,0.3013541102409363,"186,245,145,62,195","210,69,189,102,7",2:398:2|2:43:1|2:63:1
ckpt_300.pt,2,436,0.33754047751426697,0.06379924714565277,0.3231388032436371,"192,49,84,75,94","33,241,223,76,53",2:112:2|2:227:2|2:668:2
ckpt_300.pt,2,437,0.33945944905281067,0.05733030289411545,0.31819579005241394,"205,144,34,253,244","174,32,136,25,138",2:271:2|2:296:2|2:308:2
ckpt_300.pt,2,438,0.3651517331600189,0.06894996762275696,0.3282712399959564,"235,128,61,146,89","131,210,96,171,233",2:78:3|2:484:2|2:553:2
ckpt_300.pt,2,439,0.34480130672454834,0.06448197364807129,0.3288436830043793,"151,216,147,25,39","148,165,13,20,179",2:334:2|2:862:2|2:9:1
ckpt_300.pt,2,440,0.35021865367889404,0.0716664046049118,0.3216961920261383,"109,16,4,209,0","213,108,70,58,255",2:89:2|2:247:2|2:298:2
ckpt_300.pt,2,441,0.3385877311229706,0.07442066818475723,0.31327515840530396,"27,169,228,3,196","217,37,34,227,158",2:366:2|2:431:2|2:471:2
ckpt_300.pt,2,442,0.3247077763080597,0.05346198007464409,0.299028605222702,"118,72,104,62,35","146,199,152,93,29",2:292:2|2:616:2|2:22:1
ckpt_300.pt,2,443,0.3354092836380005,0.05608246102929115,0.33337026834487915,"143,102,36,104,181","116,253,11,182,64",2:82:2|2:406:2|2:25:1
ckpt_300.pt,2,444,0.3561243712902069,0.07041198015213013,0.32832375168800354,"199,115,114,205,144","188,9,131,203,190",2:125:2|2:437:2|2:618:2
ckpt_300.pt,2,445,0.34060296416282654,0.06282097101211548,0.3388786017894745,"187,215,159,157,130","13,238,68,78,1",2:2:1|2:34:1|2:36:1
ckpt_300.pt,2,446,0.335494726896286,0.06784800440073013,0.3338063955307007,"156,137,238,22,129","76,131,81,222,133",2:527:2|2:565:2|2:2:1
ckpt_300.pt,2,447,0.35124894976615906,0.0724819004535675,0.3420644700527191,"202,16,129,189,232","126,190,156,110,154",2:533:2|2:565:2|2:2:1
ckpt_300.pt,2,448,0.352097749710083,0.06662291288375854,0.3481902778148651,"37,161,95,216,240","244,135,59,88,79",2:80:2|2:404:2|2:539:2
ckpt_300.pt,2,449,0.38873887062072754,0.09761139005422592,0.3339366018772125,"97,127,128,223,236","71,221,223,255,196",2:14:2|2:51:2|2:112:2
ckpt_300.pt,2,450,0.32645919919013977,0.05910473316907883,0.3172587752342224,"164,252,243,101,83","175,203,7,58,109",2:264:2|2:18:1|2:21:1
ckpt_300.pt,2,451,0.35520753264427185,0.06665080040693283,0.33661404252052307,"77,65,84,187,139","47,164,221,159,24",2:4:1|2:10:1|2:27:1
ckpt_300.pt,2,452,0.3270927369594574,0.07099274545907974,0.33520641922950745,"229,240,71,176,238","221,90,219,207,137",2:322:2|2:593:2|2:895:2
ckpt_300.pt,2,453,0.33297431468963623,0.07655561715364456,0.3275321125984192,"108,70,227,111,57","225,233,103,149,117",2:800:2|2:10:1|2:29:1
ckpt_300.pt,2,454,0.3598655164241791,0.07137144356966019,0.311292827129364,"17,97,43,113,20","147,207,229,102,76",2:135:2|2:634:2|2:646:2
ckpt_300.pt,2,455,0.34213632345199585,0.053754329681396484,0.343800812959671,"214,75,190,112,152","11,51,246,47,149",2:8:2|2:189:2|2:346:2
ckpt_300.pt,2,456,0.36004987359046936,0.06142482906579971,0.33352145552635193,"39,85,171,244,26","186,191,47,55,67",2:199:2|2:843:2|2:852:2
ckpt_300.pt,2,457,0.3123394846916199,0.061315085738897324,0.36980485916137695,"73,62,216,34,12","240,185,154,10,196",2:58:2|2:550:2|2:655:2
ckpt_300.pt,2,458,0.3318597972393036,0.0770878866314888,0.34223631024360657,"161,254,207,121,26","79,136,53,28,241",2:306:2|2:852:2|2:4:1
ckpt_300.pt,2,459,0.2975025177001953,0.057994671165943146,0.31115713715553284,"21,163,94,43,238","42,75,248,177,101",2:74:2|2:541:2|2:775:2
ckpt_300.pt,2,460,0.3458576798439026,0.06374569982290268,0.31829777359962463,"40,89,77,211,42","2,50,40,141,210",2:56:2|2:268:2|2:489:2
ckpt_300.pt,2,461,0.3597574830055237,0.059632379561662674,0.30973705649375916,"190,153,220,230,87","194,213,236,153,48",2:566:2|2:621:2|2:20:1
ckpt_300.pt,2,462,0.33031031489372253,0.06758416444063187,0.34482359886169434,"105,84,246,155,182","40,51,190,35,28",2:79:2|2:724:2|2:790:2
ckpt_300.pt,2,463,0.3330308496952057,0.056969013065099716,0.33028966188430786,"83,123,182,5,247","220,5,96,105,109",2:362:2|2:405:2|2:553:2
ckpt_300.pt,2,464,0.34720492362976074,0.06611503660678864,0.3142434358596802,"14,133,26,150,47","55,226,2,141,77",2:50:2|2:936:2|2:8:1
ckpt_300.pt,2,465,0.33738067746162415,0.07856567949056625,0.3245381712913513,"185,48,56,17,158","37,118,38,86,220",2:402:2|2:812:2|2:840:2
ckpt_300.pt,2,466,0.3387661576271057,0.05294772610068321,0.3466985523700714,"226,175,94,118,70","201,142,99,130,188",2:136:2|2:715:2|2:842:2
ckpt_300.pt,2,467,0.34363311529159546,0.06530529260635376,0.32974952459335327,"219,209,104,187,63","54,223,115,97,28",2:28:2|2:380:2|2:1019:2
ckpt_300.pt,2,468,0.3595947027206421,0.06965692341327667,0.33398303389549255,"248,114,32,34,132","251,6,90,132,225",2:308:2|2:430:2|2:472:2
ckpt_300.pt,2,469,0.3446006774902344,0.06429752707481384,0.32561925053596497,"242,243,141,37,117","79,197,158,180,109",2:76:2|2:127:2|2:153:2
ckpt_300.pt,2,470,0.3377619683742523,0.05809618532657623,0.313100129365921,"33,150,108,35,93","137,231,181,29,160",2:297:2|2:356:2|2:421:2
ckpt_300.pt,2,471,0.34795910120010376,0.06792092323303223,0.34650808572769165,"171,169,27,59,1","136,244,15,111,172",2:441:2|2:738:2|2:760:2
ckpt_300.pt,2,472,0.33347854018211365,0.05618394911289215,0.33626338839530945,"88,32,14,80,114","87,111,219,115,151",2:468:2|2:5:1|2:12:1
ckpt_300.pt,2,473,0.3340728282928467,0.07139836996793747,0.31764400005340576,"223,39,127,222,2","234,187,119,89,10",2:198:2|2:449:2|2:3:1
ckpt_300.pt,2,474,0.3257128596305847,0.05691901966929436,0.35182812809944153,"77,11,51,207,30","131,207,174,212,25",2:630:2|2:939:2|2:993:2
ckpt_300.pt,2,475,0.3749159872531891,0.06983350962400436,0.32250121235847473,"129,106,62,178,228","156,45,175,231,241",2:133:2|2:943:2|2:990:2
ckpt_300.pt,2,476,0.34285831451416016,0.08411026000976562,0.34857675433158875,"73,141,6,184,209","69,210,52,31,248",2:617:2|2:682:2|2:942:2
ckpt_300.pt,2,477,0.3522526025772095,0.11361908167600632,0.3501417338848114,"108,127,250,20,162","98,53,143,67,211",2:195:2|2:800:2|2:13:1
ckpt_300.pt,2,478,0.3393576145172119,0.0777776911854744,0.351103812456131,"227,191,171,201,254","111,238,63,240,39",2:242:2|2:763:2|2:8:1
ckpt_300.pt,2,479,0.344745010137558,0.08834175765514374,0.32368454337120056,"205,104,156,51,120","28,181,73,52,56",2:88:2|2:555:2|2:578:2
ckpt_300.pt,2,480,0.3113468587398529,0.05686482414603233,0.32729798555374146,"174,75,213,172,251","205,139,130,170,94",2:830:2|2:4:1|2:8:1
ckpt_300.pt,2,481,0.32986024022102356,0.07083683460950851,0.3134802579879761,"132,51,85,245,144","28,171,198,111,3",2:260:2|2:335:2|2:349:2
ckpt_300.pt,2,482,0.32686373591423035,0.05980358272790909,0.32464611530303955,"168,161,118,15,20","36,81,34,16,117",2:55:2|2:349:2|2:5:1
ckpt_300.pt,2,483,0.30897343158721924,0.06050920858979225,0.3184398114681244,"86,125,92,207,71","53,153,207,134,221",2:31:2|2:593:2|2:740:2
ckpt_300.pt,2,484,0.3387658894062042,0.07534672319889069,0.35220277309417725,"51,89,232,61,180","186,237,15,19,238",2:315:2|2:438:2|2:16:1
ckpt_300.pt,2,485,0.3118821382522583,0.0644412413239479,0.3464849293231964,"217,182,211,237,147","120,1,64,97,52",2:42:2|2:79:2|2:538:2
ckpt_300.pt,2,486,0.33684471249580383,0.06333456188440323,0.32041484117507935,"151,202,100,162,146","231,246,99,22,76",2:855:2|2:9:1|2:40:1
ckpt_300.pt,2,487,0.35256925225257874,0.06848247349262238,0.3506506383419037,"176,0,4,63,70","159,255,21,205,238",2:98:2|2:170:2|2:204:2
ckpt_300.pt,2,488,0.33468207716941833,0.06245662644505501,0.3415153920650482,"229,147,103,179,209","253,228,240,220,210",2:3:2|2:79:2|2:697:2
ckpt_300.pt,2,489,0.31627947092056274,0.060804471373558044,0.31373390555381775,"46,77,96,42,38","214,74,9,192,243",2:27:2|2:321:2|2:357:2
ckpt_300.pt,2,490,0.3458612859249115,0.05721785128116608,0.34280216693878174,"86,250,222,209,164","223,136,254,234,70",2:523:2|2:13:1|2:18:1
ckpt_300.pt,2,491,0.3172578513622284,0.06373712420463562,0.3376479744911194,"245,98,101,67,6","205,111,87,7,141",2:326:2|2:350:2|2:384:2
ckpt_300.pt,2,492,0.3674547076225281,0.09141897410154343,0.33509698510169983,"229,29,219,74,152","30,179,208,184,82",2:256:2|2:272:2|2:350:2
ckpt_300.pt,2,493,0.34369975328445435,0.07812004536390305,0.32046961784362793,"204,77,141,241,234","194,147,6,79,23",2:183:3|2:299:2|2:321:2
ckpt_300.pt,2,494,0.3509058952331543,0.08117224276065826,0.32581862807273865,"193,212,100,14,43","29,121,97,101,112",2:505:2|2:39:1|2:62:1
ckpt_300.pt,2,495,0.36371955275535583,0.06610096246004105,0.3688090741634369,"204,157,227,225,4","40,219,222,169,2",2:709:3|2:17:1|2:38:1
ckpt_300.pt,2,496,0.3539213538169861,0.07946980744600296,0.33430540561676025,"23,79,11,90,211","183,130,125,249,226",2:270:2|2:15:1|2:17:1
ckpt_300.pt,2,497,0.343537837266922,0.06491323560476303,0.336455374956131,"59,117,8,209,175","149,197,9,113,229",2:543:2|2:695:2|2:737:2
ckpt_300.pt,2,498,0.31014570593833923,0.049745477735996246,0.3524038791656494,"1,223,97,116,245","98,141,10,30,221",2:51:2|2:375:2|2:449:2
ckpt_300.pt,2,499,0.3360380232334137,0.05564665049314499,0.3462943136692047,"230,164,213,13,176","101,129,47,199,12",2:104:2|2:161:2|2:334:2
ckpt_300.pt,2,500,0.3170614540576935,0.05799056589603424,0.3356742560863495,"191,67,68,8,141","142,4,165,105,203",2:603:2|2:17:1|2:23:1
ckpt_300.pt,2,501,0.32589367032051086,0.05763430893421173,0.3315325081348419,"56,139,161,232,100","11,251,147,51,187",2:855:3|2:665:2|2:809:2
ckpt_300.pt,2,502,0.3719296157360077,0.06841812282800674,0.3409661054611206,"208,186,174,140,21","71,212,167,120,57",2:235:2|2:525:2|2:625:2
ckpt_300.pt,2,503,0.34807220101356506,0.057033389806747437,0.32457268238067627,"232,168,7,188,191","187,37,195,96,146",2:756:2|2:867:2|2:5:1
ckpt_300.pt,2,504,0.35469675064086914,0.07610142976045609,0.33638322353363037,"75,74,224,164,118","194,90,11,167,139",2:389:2|2:616:2|2:8:1
ckpt_300.pt,2,505,0.357665479183197,0.07478538155555725,0.32259854674339294,"189,169,237,14,100","5,89,160,189,4",2:494:2|2:6:1|2:9:1
ckpt_300.pt,2,506,0.3369763493537903,0.06873390078544617,0.311032235622406,"65,170,116,10,63","212,43,167,203,53",2:271:2|2:569:2|2:970:2
ckpt_300.pt,2,507,0.3317709267139435,0.07336679100990295,0.32964888215065,"87,164,234,146,138","214,179,10,228,225",2:141:2|2:523:2|2:632:2
ckpt_300.pt,2,508,0.36753156781196594,0.07243551313877106,0.337308406829834,"161,178,51,67,255","110,199,161,20,9",2:194:2|2:595:2|2:721:2
ckpt_300.pt,2,509,0.31499359011650085,0.05929669365286827,0.34579604864120483,"52,123,141,204,114","150,230,202,19,184",2:731:3|2:12:2|2:125:2
ckpt_300.pt,2,510,0.3126906156539917,0.057536013424396515,0.3318513035774231,"129,251,138,78,244","79,199,44,83,245",2:2:2|2:295:2|2:792:2
ckpt_300.pt,2,511,0.32044535875320435,0.06497636437416077,0.3099890947341919,"32,117,157,154,133","105,13,193,137,96",2:217:2|2:393:2|2:13:1
ckpt_300.pt,2,512,0.3620542585849762,0.06973101198673248,0.3382759690284729,"19,6,91,157,201","27,201,144,189,81",2:520:2|2:664:2|2:747:2
ckpt_300.pt,2,513,0.3234116733074188,0.06393065303564072,0.3262822926044464,"170,30,95,25,253","96,215,188,53,184",2:168:2|2:271:2|2:568:2
ckpt_300.pt,2,514,0.3206900954246521,0.06410005688667297,0.35032734274864197,"87,104,133,199,174","163,196,223,195,17",2:50:2|2:96:2|2:706:2
ckpt_300.pt,2,515,0.3277038335800171,0.06608526408672333,0.31867310404777527,"138,145,75,226,1","169,210,4,88,90",2:156:2|2:792:2|2:8:1
ckpt_300.pt,2,516,0.3095490336418152,0.0642603188753128,0.336883544921875,"221,151,139,184,137","21,76,231,68,60",2:44:2|2:898:2|2:4:1
ckpt_300.pt,2,517,0.33751243352890015,0.06757523119449615,0.3355660140514374,"23,230,209,114,107","182,7,68,217,209",2:24:2|2:125:2|2:577:2
ckpt_300.pt,2,518,0.33427461981773376,0.06877352297306061,0.3251684606075287,"91,18,64,77,220","52,79,87,112,110",2:296:2|2:586:2|2:712:2
ckpt_300.pt,2,519,0.32989373803138733,0.06228027865290642,0.3222872316837311,"255,18,80,166,7","190,33,189,234,22",2:423:2|2:2:1|2:14:1
ckpt_300.pt,2,520,0.37719979882240295,0.06347541511058807,0.33280715346336365,"229,19,124,201,165","89,193,150,228,77",2:512:2|2:8:1|2:19:1
ckpt_300.pt,2,521,0.3367529809474945,0.06229940056800842,0.33268940448760986,"85,128,90,24,68","59,139,22,172,155",2:270:2|2:426:2|2:852:2
ckpt_300.pt,2,522,0.3254241347312927,0.07114048302173615,0.3057718276977539,"240,26,53,9,188","91,56,200,12,240",2:18:2|2:313:2|2:396:2
ckpt_300.pt,2,523,0.3296426832675934,0.06057291477918625,0.3279321789741516,"232,222,132,164,146","200,146,64,214,138",2:337:2|2:490:2|2:507:2
ckpt_300.pt,2,524,0.31832170486450195,0.05979505181312561,0.3465052545070648,"253,143,63,9,254","124,68,83,187,9",2:284:3|2:99:2|2:208:2
ckpt_300.pt,2,525,0.32806792855262756,0.05717555060982704,0.31157955527305603,"173,181,2,186,21","130,175,23,45,93",2:502:2|2:744:2|2:32:1
ckpt_300.pt,2,526,0.3482631742954254,0.06893788278102875,0.3197188079357147,"191,148,69,13,127","217,247,2,34,63",2:68:2|2:13:1|2:15:1
ckpt_300.pt,2,527,0.3415079712867737,0.07615773379802704,0.311544269323349,"131,129,186,32,22","171,58,211,27,201",2:20:2|2:235:2|2:414:2
ckpt_300.pt,2,528,0.3446907699108124,0.06331943720579147,0.3433397114276886,"63,136,223,17,197","213,86,18,173,20",2:3:2|2:40:2|2:658:2
ckpt_300.pt,2,529,0.3141724765300751,0.061779554933309555,0.32423436641693115,"40,192,5,214,62","100,72,181,138,129",2:597:2|2:691:2|2:30:1
ckpt_300.pt,2,530,0.35373252630233765,0.07359601557254791,0.336838036775589,"133,7,97,248,219","161,81,226,109,242",2:222:2|2:754:2|2:1017:2
ckpt_300.pt,2,531,0.3550550639629364,0.07613731175661087,0.33112484216690063,"112,98,68,194,240","39,65,34,14,203",2:732:2|2:895:2|2:937:2
ckpt_300.pt,2,532,0.3437512218952179,0.0653524175286293,0.3252178430557251,"2,7,218,63,62","68,108,100,79,250",2:1002:2|2:1009:2|2:3:1
ckpt_300.pt,2,533,0.34342461824417114,0.06605090200901031,0.344611793756485,"202,138,189,241,191","151,250,225,245,242",2:447:2|2:794:2|2:9:1
ckpt_300.pt,2,534,0.3360626995563507,0.06260990351438522,0.3588345944881439,"113,183,22,50,160","208,154,217,219,243",2:275:2|2:388:2|2:588:2
ckpt_300.pt,2,535,0.3364912271499634,0.058436986058950424,0.32210156321525574,"163,195,241,203,3","51,184,48,42,23",2:771:2|2:892:2|2:30:1
ckpt_300.pt,2,536,0.3244388997554779,0.06525234133005142,0.3335770070552826,"220,73,97,140,121","106,11,73,3,123",2:147:2|2:215:2|2:2:1
ckpt_300.pt,2,537,0.3223111927509308,0.06486359238624573,0.32253363728523254,"143,188,63,42,250","198,236,243,82,179",2:392:2|2:524:2|2:558:2
ckpt_300.pt,2,538,0.331290066242218,0.05879616364836693,0.31666189432144165,"211,217,243,66,168","141,194,156,82,83",2:62:2|2:209:2|2:417:2
ckpt_300.pt,2,539,0.33809220790863037,0.057979073375463486,0.35580334067344666,"128,7,4,37,95","127,42,215,109,159",2:448:2|2:629:2|2:709:2
ckpt_300.pt,2,540,0.3358743190765381,0.06403108686208725,0.3121344745159149,"207,66,46,181,221","15,121,51,32,37",2:279:2|2:306:2|2:417:2
ckpt_300.pt,2,541,0.3319963812828064,0.05086846277117729,0.33072102069854736,"238,7,180,21,215","5,229,217,242,211",2:315:2|2:459:2|2:937:2
ckpt_300.pt,2,542,0.31232956051826477,0.06642168760299683,0.341566801071167,"24,182,27,232,198","242,136,144,49,91",2:656:2|2:1:1|2:3:1
ckpt_300.pt,2,543,0.3493334650993347,0.07508178800344467,0.3142310082912445,"155,59,89,8,170","39,46,232,92,121",2:497:2|2:695:2|2:20:1
ckpt_300.pt,2,544,0.3225148320198059,0.052718520164489746,0.3115026652812958,"83,103,44,204,180","71,184,86,217,134",2:86:2|2:641:2|2:704:2
ckpt_300.pt,2,545,0.3518403172492981,0.06295688450336456,0.32692697644233704,"119,253,60,160,23","103,113,3,114,85",2:374:2|2:673:2|2:15:1
ckpt_300.pt,2,546,0.3485763669013977,0.07062257081270218,0.33411604166030884,"248,86,174,243,142","197,80,219,226,96",2:101:2|2:363:2|2:21:1
ckpt_300.pt,2,547,0.3321523666381836,0.06504517793655396,0.34505119919776917,"96,211,225,236,93","10,5,61,199,142",2:158:2|2:345:2|2:14:1
ckpt_300.pt,2,548,0.31087711453437805,0.06174406036734581,0.3220372498035431,"66,160,156,230,2","133,152,56,68,4",2:97:2|2:567:2|2:24:1
ckpt_300.pt,2,549,0.3511280119419098,0.06490198522806168,0.3320122957229614,"38,79,63,113,52","115,34,221,162,40",2:65:2|2:175:2|2:656:2
ckpt_300.pt,2,550,0.3238072991371155,0.07444868981838226,0.3539740741252899,"73,150,161,136,34","80,1,178,50,128",2:41:2|2:457:2|2:612:2
ckpt_300.pt,2,551,0.34743842482566833,0.05618353933095932,0.28538814187049866,"8,107,2,72,77","255,249,132,28,177",2:168:2|2:653:2|2:24:1
ckpt_300.pt,2,552,0.335646390914917,0.06927783787250519,0.3126541078090668,"243,24,6,186,45","152,182,127,254,222",2:140:2|2:146:2|2:753:2
ckpt_300.pt,2,553,0.35708796977996826,0.05796465277671814,0.31701329350471497,"123,224,128,182,61","174,91,49,250,126",2:78:2|2:257:2|2:438:2
ckpt_300.pt,2,554,0.3492814004421234,0.06881950050592422,0.3498229384422302,"242,247,243,255,210","11,3,127,64,164",2:469:2|2:695:2|2:810:2
ckpt_300.pt,2,555,0.33505362272262573,0.06367488205432892,0.3448873460292816,"120,255,104,14,252","98,23,48,197,205",2:311:2|2:331:2|2:397:2
ckpt_300.pt,2,556,0.3636418581008911,0.07165714353322983,0.33374467492103577,"13,5,64,42,140","80,71,149,14,83",2:597:2|2:599:2|2:872:2
ckpt_300.pt,2,557,0.3479021489620209,0.06604467332363129,0.33600103855133057,"69,174,250,19,195","196,157,82,241,146",2:228:2|2:589:2|2:620:2
ckpt_300.pt,2,558,0.31413787603378296,0.059491436928510666,0.2965026795864105,"143,42,106,226,217","10,250,158,84,8",2:11:2|2:537:2|2:755:2
ckpt_300.pt,2,559,0.33340781927108765,0.06817961484193802,0.3108982741832733,"2,240,18,96,4","8,205,244,182,142",2:151:2|2:692:2|2:16:1
ckpt_300.pt,2,560,0.3987801969051361,0.07892324030399323,0.348735511302948,"222,242,231,97,155","213,13,157,45,16",2:154:2|2:6:1|2:20:1
ckpt_300.pt,2,561,0.3463919758796692,0.06268702447414398,0.3405390679836273,"46,76,95,149,96","5,2,111,3,50",2:144:2|2:489:2|2:5:1
ckpt_300.pt,2,562,0.34166646003723145,0.05922093242406845,0.3358573019504547,"161,223,60,196,104","6,201,109,49,24",2:51:2|2:380:2|2:601:2
ckpt_300.pt,2,563,0.3460870683193207,0.06045287474989891,0.34007346630096436,"79,10,147,194,148","104,112,182,164,111",2:223:2|2:12:1|2:52:1
ckpt_300.pt,2,564,0.32296544313430786,0.06997697055339813,0.30976587533950806,"197,77,97,78,149","188,98,131,12,191",2:62:2|2:222:2|2:232:2
ckpt_300.pt,2,565,0.33180779218673706,0.06698332726955414,0.2994782626628876,"156,202,236,143,129","10,242,141,153,160",2:414:2|2:446:2|2:447:2
ckpt_300.pt,2,566,0.3256838321685791,0.059808481484651566,0.34148117899894714,"190,75,96,205,230","4,171,24,203,106",2:125:2|2:455:2|2:461:2
ckpt_300.pt,2,567,0.3501532971858978,0.06854720413684845,0.3130243718624115,"169,230,160,137,65","238,66,0,193,163",2:6:2|2:46:2|2:429:2
ckpt_300.pt,2,568,0.3206402361392975,0.07019028812646866,0.31552353501319885,"243,30,253,182,227","83,42,40,110,9",2:513:2|2:17:1|2:21:1
ckpt_300.pt,2,569,0.3041898012161255,0.06784546375274658,0.32383012771606445,"132,177,116,65,219","26,23,238,183,90",2:28:2|2:91:2|2:506:2
ckpt_300.pt,2,570,0.3356102705001831,0.05939279869198799,0.3095804452896118,"10,154,57,69,155","234,58,217,87,192",2:320:2|2:934:2|2:10:1
ckpt_300.pt,2,571,0.33061978220939636,0.07761266827583313,0.31990617513656616,"78,211,232,184,229","137,97,179,96,4",2:49:2|2:84:2|2:351:2
ckpt_300.pt,2,572,0.33484381437301636,0.06016700342297554,0.32723191380500793,"42,148,178,156,97","38,147,123,247,79",2:222:2|2:224:2|2:290:2
ckpt_300.pt,2,573,0.37029561400413513,0.057066041976213455,0.2916480302810669,"45,147,225,218,91","195,61,157,81,57",2:798:2|2:838:2|2:19:1
ckpt_300.pt,2,574,0.32686281204223633,0.054734691977500916,0.3134484887123108,"102,84,40,76,172","193,202,20,81,179",2:614:2|2:661:2|2:15:1
ckpt_300.pt,2,575,0.324506551027298,0.06813838332891464,0.3553917407989502,"44,207,192,119,41","19,175,16,173,228",2:205:2|2:432:2|2:576:2
ckpt_300.pt,2,576,0.3551390767097473,0.06282861530780792,0.3547883927822113,"41,32,128,119,131","125,87,255,95,63",2:20:2|2:110:2|2:527:2
ckpt_300.pt,2,577,0.3683548867702484,0.08130186796188354,0.33354106545448303,"223,151,65,230,23","144,23,125,73,176",2:149:2|2:517:2|2:567:2
ckpt_300.pt,2,578,0.3201797306537628,0.05842352658510208,0.3068862855434418,"10,222,98,205,156","161,212,63,194,144",2:118:2|2:229:2|2:391:2
ckpt_300.pt,2,579,0.3305259346961975,0.055986255407333374,0.3031945824623108,"168,175,131,176,173","11,79,135,62,19",2:55:2|2:170:2|2:334:2
ckpt_300.pt,2,580,0.3144087493419647,0.0662405714392662,0.32464513182640076,"184,65,149,189,58","17,134,26,171,175",2:31:2|2:46:2|2:271:2
ckpt_300.pt,2,581,0.3320697546005249,0.0674213394522667,0.34176063537597656,"47,49,88,164,160","217,67,53,131,242",2:159:2|2:767:2|2:818:2
ckpt_300.pt,2,582,0.3349762558937073,0.04797426983714104,0.3354015052318573,"52,99,197,175,224","55,81,136,115,102",2:118:2|2:379:2|2:787:2
ckpt_300.pt,2,583,0.3466781675815582,0.061891473829746246,0.3251582384109497,"90,203,7,107,136","145,70,218,73,29",2:21:1|2:33:1|2:35:1
ckpt_300.pt,2,584,0.3493593633174896,0.06641566753387451,0.3606496751308441,"69,134,245,227,173","5,49,117,203,223",2:25:1|2:41:1|2:42:1
ckpt_300.pt,2,585,0.30375510454177856,0.057927679270505905,0.34118252992630005,"237,109,91,155,167","20,135,153,127,45",2:322:2|2:740:2|2:16:1
ckpt_300.pt,2,586,0.36071619391441345,0.07816247642040253,0.3457120954990387,"23,18,77,29,20","202,106,134,244,112",2:16:2|2:518:2|2:653:2
ckpt_300.pt,2,587,0.3450491726398468,0.053108252584934235,0.3418810963630676,"23,128,116,193,45","108,55,50,168,94",2:837:2|2:987:2|2:11:1
ckpt_300.pt,2,588,0.3372819423675537,0.05373259633779526,0.3252040147781372,"114,42,160,183,44","197,223,137,165,134",2:534:2|2:5:1|2:11:1
ckpt_300.pt,2,589,0.3418249189853668,0.06614144891500473,0.3162442743778229,"195,35,174,222,57","88,136,61,228,216",2:557:2|2:800:2|2:836:2
ckpt_300.pt,2,590,0.3432338535785675,0.0661972388625145,0.3228985369205475,"47,245,204,141,235","190,78,46,129,230",2:37:2|2:202:2|2:214:2
ckpt_300.pt,2,591,0.3052193224430084,0.05107966065406799,0.3006114363670349,"121,40,165,34,222","30,138,120,4,7",2:660:2|2:4:1|2:25:1
ckpt_300.pt,2,592,0.3159902095794678,0.05849021300673485,0.34172549843788147,"78,47,76,19,16","153,106,223,240,11",2:107:2|2:193:2|2:298:2
ckpt_300.pt,2,593,0.34402552247047424,0.06204153597354889,0.3289002776145935,"71,131,86,83,240","149,254,151,192,33",2:196:2|2:452:2|2:483:2
ckpt_300.pt,2,594,0.322278767824173,0.0683315098285675,0.32352307438850403,"216,121,200,246,23","232,111,14,171,193",2:390:2|2:415:2|2:751:2
ckpt_300.pt,2,595,0.33543482422828674,0.07889040559530258,0.32720860838890076,"130,171,65,51,161","13,68,168,127,152",2:508:2|2:721:2|2:10:1
ckpt_300.pt,2,596,0.35260406136512756,0.061013929545879364,0.3521071970462799,"28,133,110,204,202","236,230,118,57,133",2:863:2|2:961:2|2:7:1
ckpt_300.pt,2,597,0.35412347316741943,0.08957871049642563,0.3185642957687378,"140,4,137,5,40","37,64,94,43,232",2:225:2|2:529:2|2:556:2
ckpt_300.pt,2,598,0.3725181818008423,0.06928814947605133,0.33489853143692017,"232,73,148,134,185","172,137,167,132,148",2:238:2|2:665:2|2:2:1
ckpt_300.pt,2,599,0.31395092606544495,0.0608004592359066,0.32967033982276917,"13,200,199,42,32","105,253,238,50,30",2:556:2|2:600:2|2:7:1
ckpt_300.pt,2,600,0.3534272015094757,0.06458422541618347,0.34153345227241516,"99,112,199,136,200","247,230,233,170,95",2:91:2|2:234:2|2:599:2
ckpt_300.pt,2,601,0.34513792395591736,0.0666811615228653,0.3278751075267792,"29,190,142,196,161","101,64,36,79,19",2:404:2|2:562:2|2:932:2
ckpt_300.pt,2,602,0.3303218483924866,0.058727774769067764,0.3314587473869324,"98,33,117,185,100","117,216,7,181,204",2:849:2|2:76:1|2:94:1
ckpt_300.pt,2,603,0.3534839451313019,0.062302105128765106,0.3371151089668274,"8,183,38,99,141","227,14,225,200,54",2:258:2|2:500:2|2:24:1
ckpt_300.pt,2,604,0.354045033454895,0.06521062552928925,0.3275429606437683,"38,1,223,70,229","152,7,211,167,230",2:61:2|2:152:2|2:256:2
ckpt_300.pt,2,605,0.31404513120651245,0.05629565194249153,0.33853787183761597,"7,230,69,1,28","153,21,119,11,43",2:197:2|2:792:2|2:7:1
ckpt_300.pt,2,606,0.316008985042572,0.05541282147169113,0.33571505546569824,"172,35,177,48,198","206,11,101,177,191",2:827:2|2:900:2|2:0:1
ckpt_300.pt,2,607,0.3465025722980499,0.06193220987915993,0.3235275149345398,"9,252,214,222,212","217,199,252,51,117",2:184:2|2:259:2|2:273:2
ckpt_300.pt,2,608,0.35817408561706543,0.06788179278373718,0.3221874237060547,"53,203,9,14,38","193,214,251,119,63",2:163:3|2:522:2|2:666:2
ckpt_300.pt,2,609,0.32436543703079224,0.08137302845716476,0.2913513481616974,"87,227,29,67,56","64,18,160,172,116",2:194:2|2:233:2|2:637:2
ckpt_300.pt,2,610,0.339798241853714,0.06902022659778595,0.31406742334365845,"121,228,130,19,245","17,51,15,103,195",2:109:2|2:660:2|2:4:1
ckpt_300.pt,2,611,0.3203870952129364,0.07127737998962402,0.3259565830230713,"120,250,153,109,39","158,175,121,81,56",2:199:2|2:331:2|2:416:2
ckpt_300.pt,2,612,0.3689037561416626,0.06175338476896286,0.32340994477272034,"150,193,13,115,73","53,145,237,118,84",2:297:2|2:550:2|2:1:1
ckpt_300.pt,2,613,0.3587874472141266,0.05516877397894859,0.34514427185058594,"192,247,33,74,140","4,75,40,204,85",2:285:2|2:662:2|2:678:2
ckpt_300.pt,2,614,0.307373970746994,0.05158224701881409,0.32179370522499084,"218,40,227,102,101","128,162,180,117,125",2:574:2|2:19:1|2:25:1
ckpt_300.pt,2,615,0.32338136434555054,0.05701574310660362,0.33453863859176636,"237,182,104,223,125","238,237,6,16,121",2:51:2|2:266:2|2:485:2
ckpt_300.pt,2,616,0.3228583335876465,0.06499134004116058,0.3473004400730133,"118,97,62,64,224","179,45,240,11,52",2:787:3|2:442:2|2:504:2
ckpt_300.pt,2,617,0.3163362145423889,0.07637466490268707,0.3496784269809723,"141,75,6,33,178","144,164,248,225,253",2:127:2|2:476:2|2:635:2
ckpt_300.pt,2,618,0.31732726097106934,0.060422632843256,0.31959888339042664,"229,199,60,114,15","91,87,49,141,149",2:444:2|2:5:1|2:7:1
ckpt_300.pt,2,619,0.35735586285591125,0.06811205297708511,0.3264050781726837,"65,6,8,7,20","21,107,142,49,169",2:34:2|2:653:2|2:10:1
ckpt_300.pt,2,620,0.33898505568504333,0.060920871794223785,0.32318541407585144,"87,109,19,195,5","68,127,142,157,213",2:557:2|2:771:2|2:888:2
ckpt_300.pt,2,621,0.35046640038490295,0.06751880794763565,0.3448273539543152,"18,230,117,87,76","54,106,241,85,41",2:461:2|2:713:2|2:919:2
ckpt_300.pt,2,622,0.3341600298881531,0.06392676383256912,0.34609368443489075,"188,252,52,146,61","230,238,212,146,133",2:67:2|2:433:2|2:438:2
ckpt_300.pt,2,623,0.3253742456436157,0.04901954159140587,0.32189586758613586,"76,121,70,109,162","37,58,224,206,103",2:411:2|2:847:2|2:4:1
ckpt_300.pt,2,624,0.32394251227378845,0.06505793333053589,0.33139121532440186,"205,245,54,85,158","226,231,124,64,73",2:260:2|2:407:2|2:481:2
ckpt_300.pt,2,625,0.32725510001182556,0.0530041866004467,0.31550705432891846,"186,215,168,208,120","252,142,171,23,18",2:235:2|2:335:2|2:502:2
ckpt_300.pt,2,626,0.3404257595539093,0.06058507785201073,0.3274191915988922,"16,9,51,21,169","39,96,79,255,219",2:122:2|2:148:2|2:208:2
ckpt_300.pt,2,627,0.3459656536579132,0.05268823355436325,0.3675761818885803,"73,217,139,218,236","135,179,78,222,216",2:804:2|2:842:2|2:2:1
ckpt_300.pt,2,628,0.34647852182388306,0.06528284400701523,0.3534996211528778,"58,35,206,223,204","132,139,154,43,106",2:360:2|2:410:2|2:890:2
ckpt_300.pt,2,629,0.3397462069988251,0.06640748679637909,0.33986371755599976,"4,111,222,7,137","240,148,227,61,239",2:44:2|2:118:2|2:164:2
ckpt_300.pt,2,630,0.3476591110229492,0.05901854485273361,0.3381083011627197,"11,195,220,207,215","36,169,89,202,9",2:208:2|2:474:2|2:993:2
ckpt_300.pt,2,631,0.34473809599876404,0.059249598532915115,0.3253127336502075,"200,70,81,128,183","18,52,101,197,93",2:59:2|2:703:2|2:7:1
ckpt_300.pt,2,632,0.3581555485725403,0.07512839883565903,0.31322193145751953,"164,138,206,238,148","244,118,195,93,65",2:141:2|2:166:2|2:244:2
ckpt_300.pt,2,633,0.34437116980552673,0.053774815052747726,0.3337668478488922,"139,202,198,237,97","245,112,211,200,234",2:377:2|2:1:1|2:3:1
ckpt_300.pt,2,634,0.30139702558517456,0.054992157965898514,0.3572215139865875,"28,17,93,20,169","89,55,22,32,68",2:454:2|2:6:1|2:7:1
ckpt_300.pt,2,635,0.36627474427223206,0.07342676818370819,0.33551380038261414,"33,26,141,24,224","214,57,124,70,161",2:617:2|2:8:1|2:14:1
ckpt_300.pt,2,636,0.3274008333683014,0.05885718762874603,0.3598810136318207,"71,8,30,252,157","95,215,249,80,241",2:7:1|2:24:1|2:28:1
ckpt_300.pt,2,637,0.36787888407707214,0.07147654891014099,0.33028802275657654,"74,170,29,86,87","168,116,62,184,93",2:492:2|2:609:2|2:16:1
ckpt_300.pt,2,638,0.3659977912902832,0.08680246025323868,0.3548196256160736,"201,159,32,161,16","161,126,22,56,140",2:267:2|2:434:2|2:816:2
ckpt_300.pt,2,639,0.3480972945690155,0.07794415205717087,0.33587124943733215,"62,91,166,1,197","190,60,107,113,104",2:664:2|2:866:2|2:2:1
ckpt_300.pt,2,640,0.3203974962234497,0.058188822120428085,0.33139538764953613,"0,145,23,37,9","167,197,171,115,73",2:53:2|2:210:2|2:834:2
ckpt_300.pt,2,641,0.34220725297927856,0.06799279153347015,0.33331790566444397,"180,25,204,29,63","228,182,209,250,207",2:170:2|2:544:2|2:685:2
ckpt_300.pt,2,642,0.3279704749584198,0.05482146143913269,0.318558007478714,"89,220,102,247,26","167,212,110,99,178",2:128:2|2:812:2|2:846:2
ckpt_300.pt,2,643,0.32893040776252747,0.05520359426736832,0.3359428644180298,"205,232,147,6,196","247,78,179,123,121",2:134:2|2:765:2|2:16:1
ckpt_300.pt,2,644,0.3440362215042114,0.06109893321990967,0.3545280694961548,"68,246,79,20,40","107,58,190,29,119",2:381:2|2:13:1|2:23:1
ckpt_300.pt,2,645,0.3649105131626129,0.06383255124092102,0.33606186509132385,"154,188,187,218,58","183,255,123,75,105",2:124:2|2:934:2|2:13:1
ckpt_300.pt,2,646,0.3041232228279114,0.056301459670066833,0.3573436141014099,"152,37,113,78,17","33,133,225,179,22",2:71:2|2:272:2|2:401:2
ckpt_300.pt,2,647,0.34645435214042664,0.07143232226371765,0.34714698791503906,"192,92,119,226,27","91,111,44,222,239",2:575:2|2:710:2|2:969:2
ckpt_300.pt,2,648,0.3396020531654358,0.05944179743528366,0.32202428579330444,"86,240,11,219,224","237,54,96,191,12",2:358:2|2:593:2|2:757:2
ckpt_300.pt,2,649,0.30154645442962646,0.06513035297393799,0.3351935148239136,"138,34,182,172,20","145,49,218,253,232",2:826:2|2:15:1|2:17:1
ckpt_300.pt,2,650,0.35334888100624084,0.07249392569065094,0.30724504590034485,"252,211,125,111,127","144,97,165,90,18",2:311:2|2:423:2|2:729:2
ckpt_300.pt,2,651,0.3664115369319916,0.06645573675632477,0.31774377822875977,"80,135,56,44,28","137,123,181,25,198",2:7:1|2:8:1|2:9:1
ckpt_300.pt,2,652,0.35584214329719543,0.07151874899864197,0.34352123737335205,"143,162,200,208,55","34,27,31,65,223",2:29:1|2:33:1|2:35:1
ckpt_300.pt,2,653,0.3392775356769562,0.05952699854969978,0.3010895252227783,"88,8,77,20,101","137,214,135,65,212",2:168:2|2:551:2|2:586:2
ckpt_300.pt,2,654,0.3160707652568817,0.061366915702819824,0.3208296298980713,"247,184,222,55,198","242,93,224,76,95",2:57:2|2:120:2|2:176:2
ckpt_300.pt,2,655,0.31301039457321167,0.05247868597507477,0.32488808035850525,"34,64,105,70,62","136,62,71,209,91",2:256:2|2:457:2|2:616:2
ckpt_300.pt,2,656,0.32449546456336975,0.0616084560751915,0.3086112141609192,"198,113,182,46,79","24,173,185,89,166",2:542:2|2:549:2|2:953:2
ckpt_300.pt,2,657,0.33615198731422424,0.07115627080202103,0.2998824119567871,"72,208,17,37,159","166,48,255,67,220",2:646:2|2:805:2|2:2:1
ckpt_300.pt,2,658,0.3378230035305023,0.05706198140978813,0.34296202659606934,"74,181,63,197,125","236,45,218,244,43",2:99:2|2:528:2|2:759:2
ckpt_300.pt,2,659,0.3324349820613861,0.0534476637840271,0.3411589562892914,"126,174,16,28,48","141,234,25,44,19",2:7:2|2:8:1|2:27:1
ckpt_300.pt,2,660,0.33653101325035095,0.06883919984102249,0.31515204906463623,"130,121,40,177,181","128,154,109,117,100",2:107:2|2:330:2|2:591:2
ckpt_300.pt,2,661,0.3635989725589752,0.059357430785894394,0.3438360095024109,"104,21,160,40,84","217,53,170,234,242",2:574:2|2:681:2|2:767:2
ckpt_300.pt,2,662,0.31682246923446655,0.0624845065176487,0.33731502294540405,"106,74,230,192,180","208,224,194,115,96",2:432:2|2:613:2|2:928:2
ckpt_300.pt,2,663,0.3174193799495697,0.07192359119653702,0.31951087713241577,"193,88,158,210,20","205,44,65,34,207",2:653:2|2:34:1|2:39:1
ckpt_300.pt,2,664,0.34881147742271423,0.0627301037311554,0.33189940452575684,"12,19,62,182,91","37,192,118,200,140",2:119:2|2:457:2|2:512:2
ckpt_300.pt,2,665,0.3420334756374359,0.06623799353837967,0.36347684264183044,"36,172,73,232,161","140,221,253,118,102",2:41:2|2:501:2|2:550:2
ckpt_300.pt,2,666,0.33386585116386414,0.0719500184059143,0.34413060545921326,"74,149,13,14,9","46,112,118,86,227",2:62:2|2:99:2|2:152:2
ckpt_300.pt,2,667,0.34479179978370667,0.071571946144104,0.3155969977378845,"104,208,109,119,158","82,4,96,220,19",2:986:3|2:165:2|2:685:2
ckpt_300.pt,2,668,0.3317272961139679,0.06249772012233734,0.3133803904056549,"75,83,192,148,34","129,162,194,56,140",2:340:2|2:436:2|2:8:1
ckpt_300.pt,2,669,0.33950865268707275,0.0553315170109272,0.33426254987716675,"239,95,182,19,100","176,190,199,239,117",2:26:2|2:190:2|2:231:2
ckpt_300.pt,2,670,0.3889758586883545,0.0705711618065834,0.33837890625,"182,111,4,118,213","6,196,46,176,11",2:17:2|2:349:2|2:629:2
ckpt_300.pt,2,671,0.35217055678367615,0.0674106553196907,0.3289697468280792,"162,126,75,206,69","116,220,77,177,230",2:360:2|2:1017:2|2:7:1
ckpt_300.pt,2,672,0.3491876423358917,0.06801103055477142,0.3397369384765625,"26,194,91,115,50","27,106,78,13,25",2:1:2|2:8:1|2:9:1
ckpt_300.pt,2,673,0.32751041650772095,0.07038771361112595,0.33106493949890137,"110,99,247,60,23","85,46,208,11,171",2:94:2|2:191:2|2:303:2
ckpt_300.pt,2,674,0.3236102759838104,0.05828108638525009,0.3306993246078491,"249,153,124,169,211","25,165,133,16,199",2:209:2|2:923:2|2:6:1
ckpt_300.pt,2,675,0.3354688584804535,0.05488407984375954,0.3455062210559845,"72,58,241,231,243","254,3,158,142,184",2:277:2|2:430:2|2:816:2
ckpt_300.pt,2,676,0.3284075856208801,0.05699494108557701,0.30981072783470154,"155,117,159,112,22","61,38,141,212,47",2:278:2|2:716:2|2:2:1
ckpt_300.pt,2,677,0.32212743163108826,0.058979615569114685,0.3258609175682068,"200,113,71,202,158","38,15,4,187,189",2:117:2|2:327:2|2:402:2
ckpt_300.pt,2,678,0.31349217891693115,0.05681564286351204,0.3378585875034332,"18,223,190,140,74","107,222,253,56,122",2:152:2|2:230:2|2:613:2
ckpt_300.pt,2,679,0.32036465406417847,0.06868121773004532,0.3237588703632355,"113,78,255,75,136","110,218,115,21,157",2:646:2|2:2:1|2:8:1
ckpt_300.pt,2,680,0.3292807340621948,0.06483542174100876,0.34733644127845764,"80,11,72,29,149","255,241,207,141,1",2:292:2|2:682:2|2:5:1
ckpt_300.pt,2,681,0.35003843903541565,0.06342476606369019,0.32463130354881287,"184,175,40,24,160","84,133,165,11,142",2:84:2|2:661:2|2:942:2
ckpt_300.pt,2,682,0.34020379185676575,0.06252313405275345,0.3620162010192871,"184,149,209,245,29","232,105,50,3,195",2:70:2|2:476:2|2:580:2
ckpt_300.pt,2,683,0.33856239914894104,0.0559665784239769,0.33437490463256836,"0,248,122,4,8","186,75,170,87,221",2:247:2|2:440:2|2:487:2
ckpt_300.pt,2,684,0.34687504172325134,0.07212616503238678,0.3163177967071533,"250,31,163,60,247","71,191,108,27,125",2:364:2|2:380:2|2:673:2
ckpt_300.pt,2,685,0.3426288664340973,0.06063224747776985,0.3376953899860382,"109,29,63,208,141","104,92,22,58,254",2:37:2|2:416:2|2:641:2
ckpt_300.pt,2,686,0.3417351543903351,0.06335794925689697,0.3119104206562042,"7,236,57,179,254","44,251,214,9,237",2:342:2|2:689:2|2:763:2
ckpt_300.pt,2,687,0.3302461504936218,0.06249389424920082,0.3267950713634491,"251,29,203,239,70","9,242,79,57,120",2:256:2|2:692:2|2:0:1
ckpt_300.pt,2,688,0.33154648542404175,0.0655178502202034,0.3423190414905548,"101,139,116,52,209","180,202,107,217,205",2:1011:2|2:4:1|2:11:1
ckpt_300.pt,2,689,0.359225869178772,0.07416743040084839,0.30854326486587524,"7,57,167,131,159","76,229,46,131,38",2:686:2|2:875:2|2:959:2
ckpt_300.pt,2,690,0.3568819761276245,0.06704211235046387,0.3388807773590088,"100,64,179,243,93","228,10,93,117,97",2:297:2|2:408:2|2:3:1
ckpt_300.pt,2,691,0.33254146575927734,0.05595674365758896,0.33746474981307983,"45,95,100,5,62","72,86,19,130,171",2:187:2|2:410:2|2:529:2
ckpt_300.pt,2,692,0.32900312542915344,0.06912920624017715,0.3262813091278076,"70,40,240,4,203","94,213,30,16,97",2:301:2|2:487:2|2:559:2
ckpt_300.pt,2,693,0.32411423325538635,0.06946343183517456,0.3041277825832367,"188,121,8,33,43","143,233,148,126,197",2:138:2|2:159:2|2:351:2
ckpt_300.pt,2,694,0.3305939733982086,0.057239651679992676,0.34587332606315613,"203,51,246,42,209","130,255,241,41,174",2:392:2|2:702:2|2:799:2
ckpt_300.pt,2,695,0.34711918234825134,0.06378262490034103,0.3038873076438904,"255,59,8,210,219","44,91,94,92,127",2:287:2|2:294:2|2:497:2
ckpt_300.pt,2,696,0.3384336829185486,0.05510157346725464,0.32198798656463623,"160,58,50,200,18","3,169,58,40,249",2:46:2|2:275:2|2:534:2
ckpt_300.pt,2,697,0.3517035245895386,0.06475330144166946,0.29881739616394043,"179,251,50,147,52","2,23,228,149,175",2:4:2|2:488:2|2:1:1
ckpt_300.pt,2,698,0.3672279715538025,0.06533219665288925,0.3452988266944885,"91,128,42,240,253","52,190,185,122,149",2:322:2|2:957:2|2:11:1
ckpt_300.pt,2,699,0.35745248198509216,0.06576255708932877,0.3311406672000885,"28,12,190,232,240","99,240,117,176,132",2:313:2|2:370:2|2:1:1
ckpt_300.pt,2,700,0.31776225566864014,0.04891550540924072,0.3434891998767853,"17,178,91,219,162","194,225,75,141,233",2:40:2|2:127:2|2:237:2
ckpt_300.pt,2,701,0.35544076561927795,0.07160606235265732,0.31956449151039124,"142,117,80,123,122","127,90,197,107,201",2:348:2|2:4:1|2:12:1
ckpt_300.pt,2,702,0.36028754711151123,0.06692472845315933,0.3496084213256836,"126,246,14,204,42","182,151,137,205,115",2:332:2|2:392:2|2:410:2
ckpt_300.pt,2,703,0.33216577768325806,0.06504926085472107,0.3615585267543793,"70,128,173,213,60","214,179,68,58,60",2:631:2|2:840:2|2:11:1
ckpt_300.pt,2,704,0.37408241629600525,0.07896255701780319,0.3554234504699707,"27,103,44,69,32","23,36,178,161,33",2:123:2|2:291:2|2:544:2
ckpt_300.pt,2,705,0.32704097032546997,0.054202400147914886,0.3223991096019745,"9,47,171,127,48","189,27,176,192,1",2:738:2|2:832:2|2:47:1
ckpt_300.pt,2,706,0.32381537556648254,0.06284521520137787,0.3308207392692566,"238,104,174,184,114","220,29,59,205,31",2:84:2|2:514:2|2:750:2
ckpt_300.pt,2,707,0.33725684881210327,0.062472615391016006,0.3410278558731079,"245,14,222,119,196","147,96,191,200,133",2:43:2|2:726:2|2:785:2
ckpt_300.pt,2,708,0.321888267993927,0.06020810455083847,0.3290771543979645,"189,36,201,20,56","148,196,241,102,145",2:9:2|2:434:2|2:717:2
ckpt_300.pt,2,709,0.32450106739997864,0.06000862270593643,0.32060539722442627,"157,225,95,4,5","154,200,60,215,153",2:495:3|2:410:2|2:539:2
ckpt_300.pt,2,710,0.3330276608467102,0.05991373211145401,0.33254826068878174,"226,243,27,218,65","207,237,177,8,189",2:123:2|2:264:2|2:647:2
ckpt_300.pt,2,711,0.3598119020462036,0.0632610023021698,0.32441893219947815,"229,36,231,110,39","208,86,36,99,147",2:182:2|2:278:2|2:880:2
ckpt_300.pt,2,712,0.3447524905204773,0.06970255076885223,0.3251557946205139,"91,220,127,134,41","5,32,75,7,132",2:518:2|2:22:1|2:23:1
ckpt_300.pt,2,713,0.33642271161079407,0.06121585890650749,0.32617858052253723,"70,42,87,135,18","16,224,183,117,180",2:621:2|2:11:1|2:14:1
ckpt_300.pt,2,714,0.2980803847312927,0.05778476223349571,0.316697895526886,"79,27,242,251,187","253,129,117,166,216",2:4:1|2:6:1|2:23:1
ckpt_300.pt,2,715,0.3480009436607361,0.0698293149471283,0.3261425197124481,"0,226,70,229,243","14,115,147,133,45",2:140:2|2:264:2|2:466:2
ckpt_300.pt,2,716,0.35084810853004456,0.07301505655050278,0.3379993438720703,"116,159,22,247,158","219,13,115,28,105",2:676:2|2:2:1|2:9:1
ckpt_300.pt,2,717,0.33854204416275024,0.060174211859703064,0.33569371700286865,"222,89,137,56,36","27,195,51,65,74",2:82:2|2:93:2|2:391:2
ckpt_300.pt,2,718,0.3753175139427185,0.06553497910499573,0.33009910583496094,"188,130,0,81,199","146,121,208,113,13",2:7:2|2:22:1|2:26:1
ckpt_300.pt,2,719,0.3127194344997406,0.07005379348993301,0.3049377501010895,"74,83,85,23,152","209,210,21,15,184",2:253:2|2:492:2|2:815:2
ckpt_300.pt,2,720,0.36515742540359497,0.06833527982234955,0.33489060401916504,"242,254,152,73,178","66,123,103,107,162",2:167:2|2:284:2|2:2:1
ckpt_300.pt,2,721,0.3272992968559265,0.05336654558777809,0.31431880593299866,"185,213,161,108,51","34,84,87,123,17",2:41:2|2:145:2|2:508:2
ckpt_300.pt,2,722,0.33426257967948914,0.06842897832393646,0.33328041434288025,"249,106,94,91,39","221,26,121,231,160",2:174:2|2:199:2|2:6:1
ckpt_300.pt,2,723,0.3274446129798889,0.06937406212091446,0.3482416570186615,"146,6,253,105,69","19,205,67,192,100",2:41:1|2:45:1|2:61:1
ckpt_300.pt,2,724,0.35226961970329285,0.05830670893192291,0.32573646306991577,"182,14,74,84,4","67,204,32,113,99",2:17:2|2:462:2|2:666:2
ckpt_300.pt,2,725,0.3171018660068512,0.055078040808439255,0.35708802938461304,"79,183,15,24,142","102,120,5,226,44",2:14:1|2:23:1|2:39:1
ckpt_300.pt,2,726,0.3175305724143982,0.05888295918703079,0.3519833981990814,"101,245,80,119,169","53,17,57,56,240",2:326:2|2:491:2|2:707:2
ckpt_300.pt,2,727,0.33521783351898193,0.06215399503707886,0.32004955410957336,"120,237,166,23,243","14,186,111,71,11",2:303:2|2:325:2|2:815:2
ckpt_300.pt,2,728,0.3316054046154022,0.058113329112529755,0.30757373571395874,"121,45,8,21,9","18,187,241,66,205",2:626:2|2:693:2|2:4:1
ckpt_300.pt,2,729,0.33593809604644775,0.06454474478960037,0.34371259808540344,"111,164,146,214,127","185,195,177,199,146",2:181:2|2:283:2|2:507:2
ckpt_300.pt,2,730,0.33583810925483704,0.06885872036218643,0.33841878175735474,"172,143,11,87,43","227,98,69,117,26",2:361:2|2:15:1|2:20:1
ckpt_300.pt,2,731,0.3316618800163269,0.056669995188713074,0.3257983326911926,"123,141,108,52,163","145,56,4,103,113",2:509:3|2:4:1|2:12:1
ckpt_300.pt,2,732,0.3131420612335205,0.05876060575246811,0.31948572397232056,"138,240,62,255,68","100,5,95,219,150",2:531:2|2:841:2|2:23:1
ckpt_300.pt,2,733,0.3414657413959503,0.07681276649236679,0.3076101839542389,"7,50,13,108,48","127,246,17,72,106",2:121:2|2:1:1|2:9:1
ckpt_300.pt,2,734,0.3192993104457855,0.06413012742996216,0.33119285106658936,"110,235,16,213,61","9,90,242,153,186",2:27:2|2:78:2|2:81:2
ckpt_300.pt,2,735,0.33663585782051086,0.08148153126239777,0.3416946828365326,"153,172,117,218,44","57,193,145,246,167",2:116:2|2:860:2|2:951:2
ckpt_300.pt,2,736,0.33497676253318787,0.05978430062532425,0.33724161982536316,"226,247,172,25,107","121,4,224,161,78",2:9:1|2:15:1|2:19:1
ckpt_300.pt,2,737,0.3239433169364929,0.05591719597578049,0.322627991437912,"59,175,133,166,107","118,90,108,89,79",2:294:2|2:497:2|2:871:2
ckpt_300.pt,2,738,0.3328597843647003,0.05725426599383354,0.31339365243911743,"127,243,27,171,34","180,63,235,193,154",2:471:2|2:705:2|2:710:2
ckpt_300.pt,2,739,0.35341790318489075,0.06380188465118408,0.31850460171699524,"194,219,168,49,123","5,156,60,188,29",2:237:2|2:901:2|2:1:1
ckpt_300.pt,2,740,0.37387314438819885,0.07392977178096771,0.3283384442329407,"71,155,167,1,92","14,42,155,67,52",2:102:2|2:375:2|2:483:2
ckpt_300.pt,2,741,0.3217880427837372,0.06011861190199852,0.3644270896911621,"32,57,68,54,30","215,230,75,84,154",2:10:2|2:114:2|2:778:2
ckpt_300.pt,2,742,0.34754678606987,0.05820455029606819,0.34816983342170715,"36,9,138,207,228","46,174,13,31,48",2:47:2|2:208:2|2:306:2
ckpt_300.pt,2,743,0.3504740595817566,0.05765301361680031,0.31321465969085693,"18,227,213,162,3","218,149,194,251,189",2:358:2|2:904:2|2:11:1
ckpt_300.pt,2,744,0.3414722979068756,0.052481044083833694,0.3527728319168091,"37,220,2,54,186","244,119,197,146,21",2:130:2|2:189:2|2:525:2
ckpt_300.pt,2,745,0.3131926357746124,0.06009909138083458,0.32975414395332336,"129,115,46,252,254","151,197,255,71,235",2:95:3|2:389:2|2:792:2
ckpt_300.pt,2,746,0.3437863290309906,0.06611146032810211,0.3193885087966919,"251,253,171,97,116","12,19,119,17,94",2:106:2|2:498:2|2:4:1
ckpt_300.pt,2,747,0.34339267015457153,0.0695742517709732,0.31945309042930603,"207,55,201,157,89","250,47,87,189,62",2:434:2|2:512:2|2:6:1
ckpt_300.pt,2,748,0.3223530054092407,0.06192027032375336,0.31734851002693176,"238,10,248,166,239","24,254,241,19,4",2:226:2|2:0:1|2:2:1
ckpt_300.pt,2,749,0.3191227614879608,0.05875171348452568,0.32960566878318787,"167,173,42,95,33","85,60,151,112,19",2:808:2|2:11:1|2:14:1
ckpt_300.pt,2,750,0.3522126078605652,0.06921333074569702,0.32693031430244446,"134,226,174,104,45","70,237,246,138,225",2:514:2|2:706:2|2:886:2
ckpt_300.pt,2,751,0.34510815143585205,0.07423131912946701,0.3048699200153351,"112,234,200,144,246","227,248,185,59,74",2:594:2|2:600:2|2:772:2
ckpt_300.pt,2,752,0.37430739402770996,0.07487164437770844,0.35136377811431885,"198,130,153,193,32","128,237,249,96,216",2:220:2|2:319:2|2:959:2
ckpt_300.pt,2,753,0.31294503808021545,0.06636232137680054,0.3418460786342621,"145,154,177,24,6","95,241,59,69,189",2:552:2|2:762:2|2:831:2
ckpt_300.pt,2,754,0.35381680727005005,0.07925642281770706,0.33170759677886963,"133,219,34,2,43","123,116,113,50,150",2:32:2|2:530:2|2:28:1
ckpt_300.pt,2,755,0.3259584307670593,0.07365734130144119,0.337882399559021,"106,141,248,42,225","228,174,152,134,45",2:11:2|2:213:2|2:558:2
ckpt_300.pt,2,756,0.3381039798259735,0.06207842007279396,0.32196739315986633,"78,42,7,178,191","180,46,83,56,105",2:503:2|2:572:2|2:980:2
ckpt_300.pt,2,757,0.31228524446487427,0.057041965425014496,0.31012776494026184,"165,219,225,86,177","107,13,3,61,174",2:28:2|2:425:2|2:569:2
ckpt_300.pt,2,758,0.33224520087242126,0.05876912176609039,0.3020196557044983,"238,27,100,158,124","248,214,226,223,145",2:45:2|2:784:2|2:23:1
ckpt_300.pt,2,759,0.3659413456916809,0.06100371852517128,0.3235221803188324,"138,197,125,48,232","73,127,141,239,164",2:658:2|2:16:1|2:26:1
ckpt_300.pt,2,760,0.33868151903152466,0.06527362763881683,0.32519492506980896,"172,27,168,59,64","29,184,107,49,87",2:471:2|2:874:2|2:5:1
ckpt_300.pt,2,761,0.32336708903312683,0.05608464032411575,0.33101600408554077,"39,41,207,108,203","83,158,104,211,131",2:301:2|2:347:2|2:575:2
ckpt_300.pt,2,762,0.37588784098625183,0.06998589634895325,0.3486641049385071,"6,188,24,5,161","223,165,174,140,70",2:67:2|2:187:2|2:552:2
ckpt_300.pt,2,763,0.2982924282550812,0.06417537480592728,0.3266250491142273,"109,254,179,171,118","20,113,45,165,91",2:478:2|2:686:2|2:3:1
ckpt_300.pt,2,764,0.3412366807460785,0.06277253478765488,0.34133201837539673,"189,244,159,184,252","107,162,112,0,251",2:126:2|2:385:2|2:580:2
ckpt_300.pt,2,765,0.3219568431377411,0.06867867708206177,0.3211301863193512,"91,238,224,232,205","74,130,212,213,86",2:643:2|2:867:2|2:16:1
ckpt_300.pt,2,766,0.33084961771965027,0.0648183673620224,0.33762693405151367,"126,135,96,209,237","248,20,34,135,50",2:7:1|2:16:1|2:28:1
ckpt_300.pt,2,767,0.3488371670246124,0.06500999629497528,0.31113994121551514,"12,141,21,49,160","157,156,195,234,70",2:1:2|2:74:2|2:248:2
ckpt_300.pt,2,768,0.3147434592247009,0.06627662479877472,0.3449898064136505,"93,175,170,204,37","96,198,1,42,168",2:412:2|2:0:1|2:37:1
ckpt_300.pt,2,769,0.37025129795074463,0.07094858586788177,0.342721551656723,"41,153,85,76,100","87,1,58,172,93",2:923:2|2:985:2|2:34:1
ckpt_300.pt,2,770,0.32795318961143494,0.06809843331575394,0.3030056059360504,"146,193,249,52,180","34,239,192,24,22",2:622:2|2:928:2|2:39:1
ckpt_300.pt,2,771,0.3573886454105377,0.07788528501987457,0.34532827138900757,"109,5,163,71,203","30,118,69,183,245",2:535:2|2:620:2|2:7:1
ckpt_300.pt,2,772,0.34559836983680725,0.07062666118144989,0.325096994638443,"53,144,151,2,234","176,58,224,185,120",2:329:2|2:751:2|2:5:1
ckpt_300.pt,2,773,0.3207602798938751,0.0557301789522171,0.31893211603164673,"115,87,80,27,177","77,156,31,175,147",2:853:2|2:861:2|2:0:1
ckpt_300.pt,2,774,0.37602147459983826,0.06484846770763397,0.3364930748939514,"43,162,170,209,60","128,195,239,177,11",2:403:2|2:775:2|2:28:1
ckpt_300.pt,2,775,0.3357870280742645,0.0876285657286644,0.33202487230300903,"176,163,211,43,170","231,147,73,222,253",2:300:2|2:459:2|2:774:2
ckpt_300.pt,2,776,0.36064693331718445,0.07298337668180466,0.34291908144950867,"119,213,81,228,168","167,11,148,91,227",2:969:2|2:5:1|2:7:1
ckpt_300.pt,2,777,0.30605193972587585,0.04718725010752678,0.3283839225769043,"211,46,206,73,100","48,49,236,218,127",2:209:2|2:874:2|2:2:1
ckpt_300.pt,2,778,0.31976318359375,0.05441729351878166,0.34015241265296936,"54,68,198,104,171","160,135,28,190,215",2:411:2|2:741:2|2:1:1
ckpt_300.pt,2,779,0.3479737639427185,0.059284403920173645,0.3285282254219055,"183,93,0,161,174","145,87,37,114,43",2:326:2|2:39:1|2:41:1
ckpt_300.pt,2,780,0.38209667801856995,0.07038749754428864,0.36330482363700867,"253,22,147,198,57","3,161,248,34,230",2:10:2|2:87:2|2:965:2
ckpt_300.pt,2,781,0.3536936044692993,0.06137141212821007,0.3288813829421997,"252,156,135,140,48","146,228,178,200,101",2:839:2|2:52:1|2:58:1
ckpt_300.pt,2,782,0.3460135757923126,0.07418005913496017,0.35869574546813965,"172,135,73,55,9","238,215,15,81,3",2:665:2|2:2:1|2:15:1
ckpt_300.pt,2,783,0.34265443682670593,0.07814077287912369,0.31554338335990906,"42,132,162,62,97","133,131,127,128,51",2:572:2|2:616:2|2:1017:2
ckpt_300.pt,2,784,0.310951292514801,0.06072317063808441,0.30537134408950806,"236,149,27,142,124","117,195,148,217,233",2:758:2|2:939:2|2:5:1
ckpt_300.pt,2,785,0.32967492938041687,0.06810086965560913,0.3442974090576172,"166,245,0,31,222","113,53,19,82,155",2:43:2|2:190:2|2:326:2
ckpt_300.pt,2,786,0.3526669442653656,0.06427846103906631,0.3451158106327057,"70,190,78,90,156","202,61,121,86,167",2:152:2|2:2:1|2:46:1
ckpt_300.pt,2,787,0.32505038380622864,0.06214423105120659,0.35431239008903503,"31,64,197,97,224","107,199,146,161,69",2:616:3|2:222:2|2:564:2
ckpt_300.pt,2,788,0.3324587941169739,0.07907261699438095,0.3509434163570404,"62,130,183,148,236","188,84,244,97,169",2:258:2|2:345:2|2:870:2
ckpt_300.pt,2,789,0.33428943157196045,0.06551413238048553,0.32783305644989014,"47,212,105,82,23","84,38,188,58,247",2:150:2|2:426:2|2:12:1
ckpt_300.pt,2,790,0.340976744890213,0.07183463871479034,0.3101952373981476,"84,128,246,62,28","5,185,167,215,4",2:112:2|2:462:2|2:7:1
ckpt_300.pt,2,791,0.3492770195007324,0.0615428164601326,0.32596316933631897,"66,98,239,220,128","4,133,215,230,139",2:147:2|2:0:1|2:18:1
ckpt_300.pt,2,792,0.33712032437324524,0.07981066405773163,0.33677956461906433,"138,129,1,115,69","145,79,132,140,137",2:95:2|2:197:2|2:239:2
ckpt_300.pt,2,793,0.34659144282341003,0.06660149246454239,0.31584474444389343,"71,89,221,158,140","29,199,40,13,179",2:225:2|2:230:2|2:677:2
ckpt_300.pt,2,794,0.330026239156723,0.06479572504758835,0.3300982415676117,"189,120,241,0,162","132,253,66,116,174",2:40:2|2:533:2|2:9:1
ckpt_300.pt,2,795,0.32355812191963196,0.06395743787288666,0.31546029448509216,"245,208,56,240,107","51,192,114,65,122",2:33:2|2:35:2|2:43:2
ckpt_300.pt,2,796,0.34604915976524353,0.07515311241149902,0.33728766441345215,"100,119,174,120,69","31,163,102,143,99",2:342:2|2:401:2|2:557:2
ckpt_300.pt,2,797,0.31309711933135986,0.05682404339313507,0.32617172598838806,"229,198,189,218,34","197,194,139,239,113",2:308:2|2:804:2|2:1:1
ckpt_300.pt,2,798,0.32758277654647827,0.05394965782761574,0.3224254250526428,"91,147,90,81,154","215,200,111,11,53",2:354:2|2:573:2|2:7:1
ckpt_300.pt,2,799,0.3111223578453064,0.060752276331186295,0.31444084644317627,"246,190,179,38,209","10,91,132,224,160",2:488:2|2:694:2|2:813:2
ckpt_300.pt,2,800,0.349819540977478,0.07225733250379562,0.31883278489112854,"162,57,61,108,174","205,115,148,201,160",2:71:2|2:453:2|2:477:2
ckpt_300.pt,2,801,0.35044509172439575,0.0654674842953682,0.32025885581970215,"204,141,149,174,155","58,228,56,169,215",2:248:2|2:401:2|2:493:2
ckpt_300.pt,2,802,0.34143534302711487,0.053082168102264404,0.3288022577762604,"221,194,129,85,122","171,176,5,178,104",2:15:2|2:52:2|2:937:2
ckpt_300.pt,2,803,0.3341435492038727,0.06918372958898544,0.32374778389930725,"9,50,116,99,72","216,55,122,231,12",2:19:2|2:58:2|2:91:2
ckpt_300.pt,2,804,0.3897419273853302,0.06107689067721367,0.34082117676734924,"73,218,213,221,198","128,11,43,229,103",2:41:2|2:355:2|2:627:2
ckpt_300.pt,2,805,0.33745625615119934,0.07077621668577194,0.3149956464767456,"37,208,219,211,201","138,187,231,244,203",2:119:2|2:657:2|2:943:2
ckpt_300.pt,2,806,0.31131279468536377,0.06159208342432976,0.3302227556705475,"191,94,173,26,144","104,224,121,71,244",2:171:2|2:329:2|2:6:1
ckpt_300.pt,2,807,0.30696335434913635,0.061225634068250656,0.3266841769218445,"66,46,101,212,97","51,127,115,167,140",2:147:2|2:540:2|2:963:2
ckpt_300.pt,2,808,0.3807211220264435,0.07146623730659485,0.3090927302837372,"204,95,61,33,84","217,208,115,45,42",2:227:2|2:378:2|2:410:2
ckpt_300.pt,2,809,0.3384902775287628,0.07031194865703583,0.3212999999523163,"56,50,248,148,161","79,214,229,109,249",2:9:2|2:80:2|2:187:2
ckpt_300.pt,2,810,0.3595704138278961,0.06172601506114006,0.33802273869514465,"96,255,28,243,223","27,14,139,31,202",2:153:2|2:554:2|2:994:2
ckpt_300.pt,2,811,0.31804755330085754,0.0672461986541748,0.3283504843711853,"168,179,76,107,199","154,186,204,79,72",2:64:2|2:297:2|2:3:1
ckpt_300.pt,2,812,0.35338419675827026,0.06421233713626862,0.3301784098148346,"56,102,39,185,89","244,204,101,27,35",2:93:2|2:434:2|2:465:2
ckpt_300.pt,2,813,0.3544037342071533,0.06880110502243042,0.3349602222442627,"63,106,126,190,38","94,175,128,44,32",2:243:2|2:549:2|2:799:2
ckpt_300.pt,2,814,0.3395834267139435,0.06903950870037079,0.33358272910118103,"42,75,232,243,170","124,91,130,208,141",2:830:2|2:8:1|2:11:1
ckpt_300.pt,2,815,0.3400800824165344,0.07612275332212448,0.3300892412662506,"23,182,83,2,120","178,148,215,114,188",2:17:2|2:88:2|2:463:2
ckpt_300.pt,2,816,0.35046321153640747,0.06857045739889145,0.3531573414802551,"32,120,58,72,161","53,33,99,62,57",2:430:3|2:55:2|2:269:2
ckpt_300.pt,2,817,0.33092278242111206,0.05705968290567398,0.3533453941345215,"4,130,169,184,99","50,87,123,169,98",2:49:2|2:98:2|2:301:2
ckpt_300.pt,2,818,0.33391740918159485,0.061015285551548004,0.3500403165817261,"47,158,49,155,144","177,120,204,65,215",2:581:2|2:861:2|2:1:1
ckpt_300.pt,2,819,0.35003671050071716,0.07271168380975723,0.3611363172531128,"229,17,3,90,142","251,86,162,130,204",2:955:2|2:23:1|2:30:1
ckpt_300.pt,2,820,0.3067663908004761,0.05928434431552887,0.3028683662414551,"151,178,66,32,246","11,31,211,84,92",2:898:2|2:9:1|2:13:1
ckpt_300.pt,2,821,0.34688225388526917,0.06293021142482758,0.32396575808525085,"177,150,82,10,131","186,185,184,243,40",2:12:2|2:900:2|2:0:1
ckpt_300.pt,2,822,0.3496115803718567,0.05573667585849762,0.31477677822113037,"159,153,174,181,88","14,243,180,55,189",2:220:2|2:425:2|2:875:2
ckpt_300.pt,2,823,0.34498003125190735,0.06562121212482452,0.3283962309360504,"44,152,38,59,69","45,72,226,155,126",2:158:2|2:279:2|2:704:2
ckpt_300.pt,2,824,0.3300069570541382,0.06000429391860962,0.35042598843574524,"210,184,114,127,241","41,60,59,45,181",2:169:2|2:231:2|2:706:2
ckpt_300.pt,2,825,0.324552983045578,0.05534333363175392,0.3129211664199829,"51,41,122,219,75","148,158,156,51,225",2:315:2|2:907:2|2:8:1
ckpt_300.pt,2,826,0.33557602763175964,0.0653652474284172,0.3400900065898895,"34,117,242,94,20","33,241,148,20,14",2:6:2|2:469:2|2:649:2
ckpt_300.pt,2,827,0.36085936427116394,0.07129893451929092,0.3490169048309326,"48,177,165,149,146","137,173,142,27,36",2:900:3|2:77:2|2:368:2
ckpt_300.pt,2,828,0.332836389541626,0.06607545912265778,0.33975309133529663,"181,183,230,123,198","158,195,36,126,80",2:125:2|2:1:1|2:3:1
ckpt_300.pt,2,829,0.3084465563297272,0.08057001233100891,0.32550376653671265,"59,16,102,145,182","193,188,92,1,203",2:79:2|2:17:1|2:24:1
ckpt_300.pt,2,830,0.30522704124450684,0.05731513351202011,0.325433611869812,"174,105,156,75,232","13,16,200,169,41",2:84:2|2:337:2|2:480:2
ckpt_300.pt,2,831,0.3231227993965149,0.06462070345878601,0.3468538224697113,"154,24,118,99,178","60,1,130,245,241",2:234:2|2:753:2|2:988:2
ckpt_300.pt,2,832,0.3382648825645447,0.057973649352788925,0.3206263482570648,"171,9,218,152,219","121,235,84,194,116",2:47:2|2:161:2|2:249:2
ckpt_300.pt,2,833,0.3737930357456207,0.07187416404485703,0.3438546061515808,"109,3,97,141,232","209,195,192,59,212",2:685:2|2:999:2|2:16:1
ckpt_300.pt,2,834,0.33490315079689026,0.057308584451675415,0.3373523950576782,"84,159,175,0,9","44,26,70,155,204",2:99:2|2:249:2|2:366:2
ckpt_300.pt,2,835,0.3327517807483673,0.06261413544416428,0.32943713665008545,"159,125,151,69,5","61,0,218,111,168",2:68:2|2:228:2|2:249:2
ckpt_300.pt,2,836,0.33411455154418945,0.05365810915827751,0.33231881260871887,"179,88,123,222,57","135,248,220,177,100",2:4:2|2:589:2|2:686:2
ckpt_300.pt,2,837,0.3434007167816162,0.05854763090610504,0.3427833914756775,"152,116,45,220,85","81,239,135,58,94",2:587:2|2:719:2|2:985:2
ckpt_300.pt,2,838,0.321546345949173,0.0730668231844902,0.3372586667537689,"45,244,218,156,205","109,200,158,171,214",2:229:2|2:365:2|2:437:2
ckpt_300.pt,2,839,0.3370310962200165,0.06502433121204376,0.3229505717754364,"156,252,4,150,242","212,141,161,254,124",2:331:2|2:338:2|2:781:2
ckpt_300.pt,2,840,0.35960060358047485,0.07343464344739914,0.32534873485565186,"173,56,213,48,241","240,86,76,190,211",2:250:2|2:465:2|2:703:2
ckpt_300.pt,2,841,0.3044414818286896,0.05357533320784569,0.31844931840896606,"255,124,196,208,62","244,171,149,210,123",2:366:2|2:732:2|2:896:2
ckpt_300.pt,2,842,0.3284090757369995,0.05139122158288956,0.339499831199646,"236,72,94,70,139","191,76,6,117,163",2:466:2|2:627:2|2:4:1
ckpt_300.pt,2,843,0.3137839138507843,0.0729375034570694,0.3474855124950409,"244,170,115,39,79","58,61,183,9,74",2:199:2|2:300:2|2:418:2
ckpt_300.pt,2,844,0.35091432929039,0.0629274919629097,0.3159427046775818,"109,152,212,37,16","61,208,136,72,249",2:108:2|2:202:2|2:440:2
ckpt_300.pt,2,845,0.32827112078666687,0.06825703382492065,0.32396718859672546,"182,141,101,64,98","134,54,77,105,17",2:248:2|2:491:2|2:859:2
ckpt_300.pt,2,846,0.33726418018341064,0.05413530394434929,0.3248292803764343,"231,220,89,24,156","136,107,150,187,158",2:300:2|2:391:2|2:642:2
ckpt_300.pt,2,847,0.32916349172592163,0.05758076533675194,0.35225939750671387,"109,76,43,233,248","157,72,46,80,215",2:247:2|2:359:2|2:623:2
ckpt_300.pt,2,848,0.32390323281288147,0.0573708601295948,0.32907834649086,"215,55,61,102,144","221,62,250,242,233",2:372:2|2:25:1|2:29:1
ckpt_300.pt,2,849,0.3030067980289459,0.06421982496976852,0.3290325999259949,"99,98,243,33,120","50,59,102,63,159",2:91:2|2:602:2|2:727:2
ckpt_300.pt,2,850,0.3638477921485901,0.07554391771554947,0.3262172043323517,"53,40,217,107,35","100,168,239,29,89",2:5:1|2:18:1|2:21:1
ckpt_300.pt,2,851,0.3243628740310669,0.061271075159311295,0.3206499218940735,"9,176,57,168,102","237,248,225,107,121",2:55:2|2:104:2|2:151:2
ckpt_300.pt,2,852,0.3349371552467346,0.05541422590613365,0.33146190643310547,"26,139,90,85,121","21,114,61,16,103",2:4:2|2:270:2|2:456:2
ckpt_300.pt,2,853,0.3486502468585968,0.08548440039157867,0.3352242112159729,"27,252,249,80,57","172,113,223,68,196",2:773:2|2:919:2|2:10:1
ckpt_300.pt,2,854,0.3093818426132202,0.05556269735097885,0.3263295888900757,"52,109,168,29,16","20,73,9,224,198",2:81:2|2:173:2|2:440:2
ckpt_300.pt,2,855,0.34338444471359253,0.06301981210708618,0.3044140934944153,"56,119,139,100,162","160,144,222,4,12",2:501:3|2:486:2|2:796:2
ckpt_300.pt,2,856,0.34943750500679016,0.06637012213468552,0.331557959318161,"198,86,47,62,107","249,245,230,127,78",2:1:1|2:3:1|2:33:1
ckpt_300.pt,2,857,0.373351126909256,0.07683180272579193,0.3276718556880951,"84,4,50,66,107","16,220,147,50,181",2:724:2|2:1:1|2:9:1
ckpt_300.pt,2,858,0.34120434522628784,0.07880635559558868,0.3546532094478607,"224,137,230,130,99","30,146,116,8,238",2:376:2|2:429:2|2:567:2
ckpt_300.pt,2,859,0.3397657871246338,0.056502874940633774,0.3474203050136566,"178,141,29,244,64","156,15,76,207,39",2:37:2|2:52:2|2:70:2
ckpt_300.pt,2,860,0.3184836208820343,0.06268905103206635,0.3192610442638397,"1,218,117,160,92","233,150,85,145,62",2:84:2|2:735:2|2:740:2
ckpt_300.pt,2,861,0.3548238277435303,0.08426743000745773,0.35837045311927795,"177,27,144,17,47","187,140,233,234,29",2:23:2|2:69:2|2:407:2
ckpt_300.pt,2,862,0.35712194442749023,0.07181232422590256,0.3188207745552063,"20,216,35,61,39","148,238,183,218,36",2:89:2|2:415:2|2:439:2
ckpt_300.pt,2,863,0.3359909951686859,0.08348210901021957,0.326297402381897,"196,28,110,173,50","222,166,23,67,24",2:312:2|2:596:2|2:932:2
ckpt_300.pt,2,864,0.3476538360118866,0.07580332458019257,0.33919283747673035,"30,29,46,135,238","86,75,218,238,207",2:16:1|2:21:1|2:27:1
ckpt_300.pt,2,865,0.326395720243454,0.0725814700126648,0.3349990248680115,"165,30,36,100,22","33,112,172,103,190",2:10:1|2:25:1|2:28:1
ckpt_300.pt,2,866,0.3208507001399994,0.060576993972063065,0.31630367040634155,"62,215,234,209,166","118,16,126,230,17",2:639:2|2:2:1|2:28:1
ckpt_300.pt,2,867,0.3420253098011017,0.06546936929225922,0.3262929916381836,"224,86,14,232,7","8,137,151,0,49",2:503:2|2:648:2|2:765:2
ckpt_300.pt,2,868,0.34246134757995605,0.061399247497320175,0.353096604347229,"181,74,78,134,229","125,51,11,78,107",2:107:2|2:343:2|2:350:2
ckpt_300.pt,2,869,0.3277164101600647,0.07287472486495972,0.3468497693538666,"137,57,173,125,194","172,156,152,37,4",2:883:2|2:6:1|2:10:1
ckpt_300.pt,2,870,0.3502662479877472,0.09146804362535477,0.3152366876602173,"183,62,10,175,75","14,200,218,5,56",2:12:2|2:118:2|2:320:2
ckpt_300.pt,2,871,0.3444254696369171,0.07575731724500656,0.33593592047691345,"190,59,117,171,166","1,20,66,119,116",2:951:3|2:471:2|2:497:2
ckpt_300.pt,2,872,0.3375035524368286,0.0719185546040535,0.33622705936431885,"64,21,14,5,156","191,148,152,140,200",2:391:2|2:410:2|2:556:2
ckpt_300.pt,2,873,0.33513587713241577,0.07690165191888809,0.3422148525714874,"222,216,72,32,111","3,255,10,47,214",2:43:2|2:430:2|2:629:2
ckpt_300.pt,2,874,0.31071096658706665,0.058012355118989944,0.32009389996528625,"168,211,46,231,27","211,163,76,224,245",2:209:3|2:538:2|2:760:2
ckpt_300.pt,2,875,0.32540223002433777,0.0637151300907135,0.3223547041416168,"153,131,159,105,84","233,188,120,98,52",2:126:2|2:414:2|2:462:2
ckpt_300.pt,2,876,0.32576310634613037,0.07210737466812134,0.3537697494029999,"33,47,148,146,245","200,63,24,241,68",2:590:2|2:43:1|2:51:1
ckpt_300.pt,2,877,0.33482155203819275,0.06804652512073517,0.32750988006591797,"96,40,180,26,64","30,230,61,206,182",2:287:2|2:8:1|2:18:1
ckpt_300.pt,2,878,0.39344125986099243,0.07401376217603683,0.3491121232509613,"219,36,184,56,140","109,198,83,14,69",2:225:2|2:708:2|2:717:2
ckpt_300.pt,2,879,0.32374438643455505,0.05898919701576233,0.31852540373802185,"67,124,70,150,91","64,31,155,227,139",2:32:1|2:46:1|2:59:1
ckpt_300.pt,2,880,0.30467405915260315,0.05357712507247925,0.31387677788734436,"46,110,194,191,229","195,0,56,230,191",2:27:2|2:278:2|2:711:2
ckpt_300.pt,2,881,0.31323370337486267,0.05690674111247063,0.31073644757270813,"39,83,234,41,81","177,31,160,16,161",2:253:2|2:761:2|2:964:2
ckpt_300.pt,2,882,0.3062228262424469,0.051303669810295105,0.3048209846019745,"53,56,161,48,102","249,98,184,75,227",2:187:2|2:465:2|2:501:2
ckpt_300.pt,2,883,0.3273920714855194,0.07816185802221298,0.32012733817100525,"99,120,63,137,125","186,217,241,50,162",2:91:2|2:99:2|2:280:2
ckpt_300.pt,2,884,0.3325444459915161,0.054301030933856964,0.3231920003890991,"97,217,205,21,75","249,198,88,225,55",2:566:2|2:8:1|2:12:1
ckpt_300.pt,2,885,0.3293246328830719,0.060542747378349304,0.3011910617351532,"116,54,74,181,73","99,135,71,130,253",2:658:2|2:868:2|2:2:1
ckpt_300.pt,2,886,0.3205205500125885,0.057159941643476486,0.32800808548927307,"104,180,34,247,134","215,217,104,97,9",2:292:2|2:332:2|2:380:2
ckpt_300.pt,2,887,0.3156181573867798,0.056572139263153076,0.32066136598587036,"125,196,95,34,101","131,235,101,100,138",2:20:1|2:49:1|2:58:1
ckpt_300.pt,2,888,0.3196519911289215,0.056845128536224365,0.3208702802658081,"5,87,165,240,97","233,246,54,63,181",2:620:2|2:20:1|2:25:1
ckpt_300.pt,2,889,0.3416939377784729,0.0682828426361084,0.3340539038181305,"222,198,116,201,241","215,16,179,133,242",2:654:2|2:1:1|2:3:1
ckpt_300.pt,2,890,0.33823102712631226,0.05842527002096176,0.31848829984664917,"117,58,35,9,176","21,58,250,35,23",2:55:2|2:314:2|2:628:2
ckpt_300.pt,2,891,0.3287474811077118,0.06088520213961601,0.33089685440063477,"47,152,136,247,42","172,119,117,32,214",2:8:1|2:9:1|2:11:1
ckpt_300.pt,2,892,0.3417131006717682,0.057708967477083206,0.32328659296035767,"204,78,203,3,171","250,172,128,245,112",2:211:2|2:535:2|2:1021:2
ckpt_300.pt,2,893,0.3430960178375244,0.06204764544963837,0.32772913575172424,"59,133,75,33,96","200,60,225,90,115",2:158:2|2:198:2|2:566:2
ckpt_300.pt,2,894,0.35428938269615173,0.06152857840061188,0.34965795278549194,"43,5,244,124,9","254,170,115,49,88",2:178:2|2:948:2|2:37:1
ckpt_300.pt,2,895,0.33075761795043945,0.05737243592739105,0.32159698009490967,"150,240,176,101,112","81,166,78,218,71",2:322:2|2:452:2|2:531:2
ckpt_300.pt,2,896,0.3092916011810303,0.058361977338790894,0.3396349251270294,"4,196,128,228,208","189,19,38,194,195",2:441:2|2:539:2|2:841:2
ckpt_300.pt,2,897,0.34657686948776245,0.061898037791252136,0.33004727959632874,"144,120,194,116,175","63,127,20,151,183",2:88:2|2:91:2|2:1010:2
ckpt_300.pt,2,898,0.32468435168266296,0.06223875656723976,0.3284505605697632,"246,137,66,174,184","87,195,51,245,23",2:84:2|2:280:2|2:516:2
ckpt_300.pt,2,899,0.3258512020111084,0.057974692434072495,0.31641262769699097,"30,45,75,234,185","167,137,40,155,131",2:236:2|2:976:2|2:8:1
ckpt_300.pt,2,900,0.3337961435317993,0.07352754473686218,0.3125566840171814,"48,131,165,37,177","186,69,73,27,55",2:827:3|2:53:2|2:184:2
ckpt_300.pt,2,901,0.33309534192085266,0.05999523028731346,0.34057343006134033,"168,123,42,249,238","180,168,127,72,198",2:226:3|2:739:2|2:4:1
ckpt_300.pt,2,902,0.30153658986091614,0.06804785132408142,0.3141944110393524,"71,223,233,213,200","54,183,194,148,2",2:41:2|2:75:2|2:375:2
ckpt_300.pt,2,903,0.33018580079078674,0.0646437555551529,0.33374619483947754,"180,144,48,208,83","223,236,91,194,232",2:212:2|2:335:2|2:544:2
ckpt_300.pt,2,904,0.3132053315639496,0.06463489681482315,0.3437960743904114,"221,18,248,3,118","71,15,119,195,198",2:743:2|2:15:1|2:16:1
ckpt_300.pt,2,905,0.3510719835758209,0.07035557925701141,0.31970781087875366,"118,61,65,190,158","58,87,208,55,240",2:78:2|2:933:2|2:1005:2
ckpt_300.pt,2,906,0.3554874658584595,0.08176177740097046,0.341264933347702,"195,55,44,76,45","76,191,179,74,82",2:111:2|2:243:2|2:29:1
ckpt_300.pt,2,907,0.3382776975631714,0.06664051860570908,0.3375433087348938,"50,175,75,51,80","133,99,175,132,224",2:121:2|2:122:2|2:198:2
ckpt_300.pt,2,908,0.33300405740737915,0.062476955354213715,0.3242855370044708,"91,25,29,85,241","220,58,74,238,60",2:641:2|2:16:1|2:19:1
ckpt_300.pt,2,909,0.3404494822025299,0.055718112736940384,0.3313530683517456,"16,110,136,84,164","205,162,121,168,144",2:27:2|2:81:2|2:193:2
ckpt_300.pt,2,910,0.3322179615497589,0.06913486123085022,0.3003421425819397,"157,78,176,36,127","213,149,94,208,46",2:195:2|2:393:2|2:2:1
ckpt_300.pt,2,911,0.3492279350757599,0.07234229892492294,0.3247365355491638,"235,228,80,65,215","142,38,205,232,131",2:34:2|2:214:2|2:288:2
ckpt_300.pt,2,912,0.3095181882381439,0.05400518700480461,0.3278026282787323,"124,49,173,204,206","152,157,45,76,96",2:628:2|2:1:1|2:35:1
ckpt_300.pt,2,913,0.32901135087013245,0.0683840811252594,0.33494099974632263,"239,12,138,53,229","173,28,195,172,249",2:384:2|2:938:2|2:941:2
ckpt_300.pt,2,914,0.33149227499961853,0.059211570769548416,0.3085233271121979,"11,48,105,226,158","79,188,111,152,1",2:60:2|2:465:2|2:29:1
ckpt_300.pt,2,915,0.3334317207336426,0.05950275808572769,0.3303089141845703,"241,17,32,34,97","85,164,250,116,90",2:245:2|2:454:2|2:468:2
ckpt_300.pt,2,916,0.3301645815372467,0.07240564376115799,0.29695984721183777,"106,166,163,23,189","226,166,72,24,217",2:129:2|2:363:2|2:727:2
ckpt_300.pt,2,917,0.31695377826690674,0.07492651045322418,0.30954262614250183,"210,92,102,197,236","85,222,23,127,63",2:293:2|2:14:1|2:16:1
ckpt_300.pt,2,918,0.33633527159690857,0.05547873675823212,0.35791394114494324,"189,253,94,9,196","231,99,36,207,147",2:249:2|2:329:2|2:524:2
ckpt_300.pt,2,919,0.3446195721626282,0.06824850291013718,0.3371984660625458,"76,27,200,18,249","178,131,198,176,240",2:324:2|2:621:2|2:696:2
ckpt_300.pt,2,920,0.3475343585014343,0.06335198879241943,0.29959070682525635,"89,224,136,108,132","156,204,239,211,201",2:29:1|2:32:1|2:63:1
ckpt_300.pt,2,921,0.3437519073486328,0.06266120821237564,0.30508238077163696,"27,6,38,66,54","136,167,8,197,36",2:73:2|2:147:2|2:383:2
ckpt_300.pt,2,922,0.3431254029273987,0.06405331939458847,0.2963952422142029,"31,130,3,160,4","236,98,190,69,101",2:301:2|2:428:2|2:817:2
ckpt_300.pt,2,923,0.30334532260894775,0.05380956828594208,0.3278261721134186,"153,213,85,249,23","79,33,183,255,196",2:674:2|2:719:2|2:769:2
ckpt_300.pt,2,924,0.33797594904899597,0.05951462313532829,0.3367639183998108,"54,174,13,57,83","96,29,18,125,151",2:10:2|2:282:2|2:589:2
ckpt_300.pt,2,925,0.38528478145599365,0.06579073518514633,0.33226630091667175,"36,110,252,203,237","19,47,209,23,212",2:347:2|2:711:2|2:16:1
ckpt_300.pt,2,926,0.3380655348300934,0.0707894042134285,0.3262072503566742,"12,120,82,254,69","80,146,132,143,211",2:796:2|2:1:1|2:12:1
ckpt_300.pt,2,927,0.3451041579246521,0.06997890025377274,0.32279032468795776,"63,163,50,114,1","158,77,9,87,188",2:85:2|2:122:2|2:169:2
ckpt_300.pt,2,928,0.33590584993362427,0.060985226184129715,0.32383084297180176,"74,240,52,187,180","5,199,197,160,6",2:318:2|2:662:2|2:770:2
ckpt_300.pt,2,929,0.3559166193008423,0.06777285039424896,0.3401610851287842,"109,78,236,148,221","9,182,184,223,165",2:89:2|2:345:2|2:788:2
ckpt_300.pt,2,930,0.3592483401298523,0.07246053218841553,0.32399362325668335,"167,172,211,242,140","55,214,238,201,59",2:56:2|2:225:2|2:254:2
ckpt_300.pt,2,931,0.33858415484428406,0.05661755055189133,0.3345892131328583,"159,165,156,246,1","242,177,19,172,54",2:2:1|2:13:1|2:25:1
ckpt_300.pt,2,932,0.3578548729419708,0.06366045773029327,0.3277517557144165,"4,110,177,196,161","57,223,239,161,254",2:562:2|2:601:2|2:863:2
ckpt_300.pt,2,933,0.3159109950065613,0.07151130586862564,0.34685832262039185,"234,145,70,61,158","124,223,193,33,79",2:78:2|2:905:2|2:45:1
ckpt_300.pt,2,934,0.3316859304904938,0.06262076646089554,0.33605748414993286,"108,26,154,155,58","78,223,68,86,202",2:570:2|2:645:2|2:8:1
ckpt_300.pt,2,935,0.3476034104824066,0.07435859739780426,0.3077507019042969,"18,77,182,130,214","49,7,41,79,55",2:36:2|2:518:2|2:586:2
ckpt_300.pt,2,936,0.36829954385757446,0.07823535799980164,0.3083876669406891,"133,216,233,223,14","237,243,181,51,23",2:50:2|2:75:2|2:375:2
ckpt_300.pt,2,937,0.3676876723766327,0.06665011495351791,0.3394531011581421,"129,112,21,180,194","75,200,243,130,13",2:120:2|2:531:2|2:541:2
ckpt_300.pt,2,938,0.32942429184913635,0.05950543284416199,0.3209975063800812,"239,130,12,91,133","239,105,226,192,220",2:96:2|2:664:2|2:913:2
ckpt_300.pt,2,939,0.33284446597099304,0.06005943566560745,0.35124537348747253,"213,207,27,30,236","91,200,11,197,141",2:474:2|2:784:2|2:960:2
ckpt_300.pt,2,940,0.3380429446697235,0.06778836995363235,0.33492952585220337,"233,187,228,254,212","24,45,207,90,229",2:1004:2|2:33:1|2:39:1
ckpt_300.pt,2,941,0.3254203796386719,0.07246039807796478,0.3298507630825043,"126,229,121,239,150","24,6,243,221,213",2:913:2|2:0:1|2:4:1
ckpt_300.pt,2,942,0.3271273076534271,0.05426456406712532,0.3064747154712677,"73,156,184,177,24","22,214,159,6,118",2:229:2|2:391:2|2:476:2
ckpt_300.pt,2,943,0.3312615156173706,0.05249273404479027,0.3293931186199188,"185,37,228,211,129","155,106,182,64,181",2:389:2|2:417:2|2:475:2
ckpt_300.pt,2,944,0.3400890827178955,0.06547025591135025,0.3368559777736664,"124,121,136,216,191","49,53,219,68,30",2:173:2|2:415:2|2:594:2
ckpt_300.pt,2,945,0.3558368682861328,0.07343308627605438,0.3389362692832947,"139,67,160,190,9","190,253,116,64,94",2:220:2|2:4:1|2:32:1
ckpt_300.pt,2,946,0.3478793501853943,0.06231512874364853,0.3289380371570587,"93,106,126,233,127","182,231,41,99,29",2:360:2|2:813:2|2:1004:2
ckpt_300.pt,2,947,0.3445104956626892,0.06428708881139755,0.31811872124671936,"102,57,175,223,30","97,220,109,149,227",2:261:2|2:741:2|2:851:2
ckpt_300.pt,2,948,0.34807661175727844,0.09112612903118134,0.31802746653556824,"244,223,166,9,130","90,45,132,248,29",2:153:2|2:220:2|2:894:2
ckpt_300.pt,2,949,0.33086705207824707,0.06812317669391632,0.3024631440639496,"48,201,255,199,142","59,193,22,101,128",2:7:1|2:8:1|2:22:1
ckpt_300.pt,2,950,0.36771029233932495,0.07146088778972626,0.3337632417678833,"7,35,174,55,110","86,236,163,75,103",2:342:2|2:589:2|2:1000:2
ckpt_300.pt,2,951,0.3254934251308441,0.04915931820869446,0.35009464621543884,"117,190,218,171,26","254,241,10,49,125",2:871:3|2:456:2|2:735:2
ckpt_300.pt,2,952,0.3465060889720917,0.0701163038611412,0.3296135663986206,"199,66,154,135,51","60,250,100,80,178",2:307:2|2:7:1|2:13:1
ckpt_300.pt,2,953,0.3078918755054474,0.054387275129556656,0.34250408411026,"108,176,248,113,79","175,101,234,216,223",2:549:2|2:656:2|2:22:1
ckpt_300.pt,2,954,0.33798500895500183,0.06244989484548569,0.33960583806037903,"16,77,132,183,227","213,224,95,197,127",2:27:2|2:39:1|2:42:1
ckpt_300.pt,2,955,0.356794536113739,0.09778904169797897,0.34647104144096375,"144,17,90,172,114","234,150,238,16,220",2:444:2|2:819:2|2:861:2
ckpt_300.pt,2,956,0.3557080626487732,0.0727137103676796,0.3356684446334839,"239,152,197,164,227","162,250,164,193,154",2:26:2|2:0:1|2:8:1
ckpt_300.pt,2,957,0.3522930145263672,0.061416056007146835,0.33939802646636963,"114,128,253,217,103","110,174,10,73,100",2:83:2|2:698:2|2:3:1
ckpt_300.pt,2,958,0.3198651671409607,0.059673529118299484,0.3141457438468933,"11,231,241,245,190","67,34,224,101,134",2:190:2|2:675:2|2:43:1
ckpt_300.pt,2,959,0.3344793915748596,0.05728265643119812,0.32583945989608765,"167,131,135,198,130","174,80,43,166,88",2:139:2|2:689:2|2:752:2
ckpt_300.pt,2,960,0.32152581214904785,0.05966513976454735,0.33043667674064636,"214,30,236,195,66","170,202,175,79,89",2:90:2|2:939:2|2:14:1
ckpt_300.pt,2,961,0.3145979642868042,0.0557081401348114,0.3144739270210266,"31,133,107,110,115","35,109,144,101,148",2:297:2|2:596:2|2:737:2
ckpt_300.pt,2,962,0.364935040473938,0.06813572347164154,0.36289501190185547,"40,115,10,210,70","127,128,15,194,105",2:692:2|2:1:1|2:12:1
ckpt_300.pt,2,963,0.3348861038684845,0.06540568917989731,0.32674118876457214,"84,130,36,212,97","107,87,230,8,56",2:807:2|2:36:1|2:47:1
ckpt_300.pt,2,964,0.32406798005104065,0.06163177639245987,0.31500598788261414,"107,112,41,197,83","196,146,137,154,208",2:263:2|2:276:2|2:412:2
ckpt_300.pt,2,965,0.3093056380748749,0.05427897721529007,0.32526546716690063,"70,147,142,107,253","22,145,215,137,84",2:780:2|2:33:1|2:35:1
ckpt_300.pt,2,966,0.37651294469833374,0.07790274918079376,0.32143259048461914,"160,107,34,18,151","238,113,106,204,63",2:696:2|2:9:1|2:16:1
ckpt_300.pt,2,967,0.3267558515071869,0.05646403133869171,0.33444637060165405,"102,44,233,203,190","217,98,66,108,200",2:86:2|2:218:2|2:243:2
ckpt_300.pt,2,968,0.3382108509540558,0.056765083223581314,0.3200475871562958,"171,217,99,216,138","225,231,233,144,154",2:192:2|2:31:1|2:40:1
ckpt_300.pt,2,969,0.3266771733760834,0.07686100155115128,0.33518269658088684,"69,4,228,119,27","93,66,70,100,163",2:441:2|2:647:2|2:704:2
ckpt_300.pt,2,970,0.330583393573761,0.05317452922463417,0.33904829621315,"10,81,134,116,26","95,220,47,117,138",2:306:2|2:383:2|2:506:2
ckpt_300.pt,2,971,0.32145747542381287,0.05906130000948906,0.29554274678230286,"215,197,226,63,52","89,71,16,245,181",2:29:2|2:528:2|2:549:2
ckpt_300.pt,2,972,0.3445117473602295,0.06501870602369308,0.32028234004974365,"180,206,125,251,9","27,179,26,79,115",2:117:2|2:249:2|2:4:1
ckpt_300.pt,2,973,0.31457653641700745,0.06127134710550308,0.3239520192146301,"22,152,21,250,88","152,254,216,229,55",2:8:1|2:10:1|2:13:1
ckpt_300.pt,2,974,0.3340674936771393,0.05305064097046852,0.3103348910808563,"113,197,67,158,199","148,161,36,151,220",2:402:2|2:677:2|2:1020:2
ckpt_300.pt,2,975,0.31548336148262024,0.0678742378950119,0.35482075810432434,"30,13,171,196,176","47,240,24,125,129",2:28:2|2:499:2|2:976:2
ckpt_300.pt,2,976,0.3309890627861023,0.062434520572423935,0.34002870321273804,"13,133,229,30,234","151,128,193,117,36",2:28:2|2:222:2|2:899:2
ckpt_300.pt,2,977,0.3585157096385956,0.09983821213245392,0.31778913736343384,"217,64,220,56,228","190,71,216,9,185",2:131:2|2:518:2|2:9:1
ckpt_300.pt,2,978,0.3081398904323578,0.06670267134904861,0.3370472192764282,"93,45,226,89,97","171,17,143,119,146",2:750:2|2:29:1|2:51:1
ckpt_300.pt,2,979,0.33534497022628784,0.07137136906385422,0.3199065625667572,"68,70,143,113,186","104,176,19,229,150",2:398:2|2:23:1|2:46:1
ckpt_300.pt,2,980,0.3299895226955414,0.06280645728111267,0.3261677622795105,"78,105,42,153,154","47,160,126,196,200",2:191:2|2:393:2|2:756:2
ckpt_300.pt,2,981,0.366619735956192,0.0744861364364624,0.3442811369895935,"247,88,101,44,148","54,86,73,46,85",2:243:2|2:653:2|2:9:1
ckpt_300.pt,2,982,0.33220529556274414,0.061816513538360596,0.3064700663089752,"253,18,46,122,241","1,135,46,212,139",2:234:2|2:15:1|2:16:1
ckpt_300.pt,2,983,0.323588103055954,0.07214169949293137,0.34274616837501526,"207,39,92,141,101","130,69,66,252,184",2:76:2|2:483:2|2:761:2
ckpt_300.pt,2,984,0.3126246929168701,0.06753328442573547,0.3336910307407379,"204,181,136,234,184","165,186,231,167,210",2:202:2|2:405:2|2:493:2
ckpt_300.pt,2,985,0.3269260823726654,0.051936570554971695,0.31667155027389526,"76,129,99,85,220","80,150,86,29,20",2:769:2|2:802:2|2:837:2
ckpt_300.pt,2,986,0.3340367078781128,0.058481257408857346,0.3113230764865875,"208,109,252,104,174","112,156,96,251,244",2:667:3|2:331:2|2:502:2
ckpt_300.pt,2,987,0.34016668796539307,0.0727047473192215,0.3260946273803711,"199,192,45,23,112","137,227,110,254,184",2:129:2|2:252:2|2:587:2
ckpt_300.pt,2,988,0.335306316614151,0.06394502520561218,0.32627925276756287,"154,18,99,105,63","224,105,42,19,253",2:234:2|2:831:2|2:883:2
ckpt_300.pt,2,989,0.3631401062011719,0.08316128700971603,0.29078277945518494,"164,244,32,129,112","219,171,81,142,138",2:114:2|2:177:2|2:263:2
ckpt_300.pt,2,990,0.3511345684528351,0.0747753232717514,0.3423900306224823,"205,128,129,178,86","101,91,205,144,42",2:295:2|2:475:2|2:2:1
ckpt_300.pt,2,991,0.3236486315727234,0.06011524796485901,0.35301756858825684,"58,100,121,77,168","123,104,218,187,198",2:55:2|2:4:1|2:5:1
ckpt_300.pt,2,992,0.33581528067588806,0.05293164774775505,0.29526227712631226,"141,155,250,229,14","250,194,177,239,191",2:801:2|2:13:1|2:20:1
ckpt_300.pt,2,993,0.3631680905818939,0.07631798088550568,0.32932883501052856,"207,223,11,159,237","153,129,40,181,139",2:474:2|2:615:2|2:630:2
ckpt_300.pt,2,994,0.3445984721183777,0.06682807207107544,0.32682743668556213,"197,223,255,159,252","23,243,113,219,162",2:126:2|2:311:2|2:528:2
ckpt_300.pt,2,995,0.32507553696632385,0.05471094325184822,0.3422205150127411,"154,197,179,47,186","25,55,214,74,142",2:51:2|2:359:2|2:3:1
ckpt_300.pt,2,996,0.3427945673465729,0.07006612420082092,0.33176299929618835,"173,136,230,148,205","174,38,252,119,114",2:125:2|2:312:2|2:566:2
ckpt_300.pt,2,997,0.3576972186565399,0.07555567473173141,0.33160096406936646,"24,102,89,225,6","113,46,88,213,77",2:104:2|2:293:2|2:552:2
ckpt_300.pt,2,998,0.3340635299682617,0.06622307747602463,0.2919901907444,"96,109,189,137,107","145,84,10,35,187",2:35:2|2:276:2|2:6:1
ckpt_300.pt,2,999,0.33125606179237366,0.06638406217098236,0.3334949016571045,"12,141,97,145,19","206,191,175,185,189",2:119:2|2:409:2|2:664:2
ckpt_300.pt,2,1000,0.3032585084438324,0.05839332565665245,0.3434674143791199,"174,96,253,233,55","33,168,225,18,3",2:45:2|2:158:2|2:316:2
ckpt_300.pt,2,1001,0.33705660700798035,0.05548219755291939,0.30358850955963135,"42,12,43,231,164","166,14,106,207,202",2:159:2|2:1:1|2:11:1
ckpt_300.pt,2,1002,0.34147408604621887,0.06064489856362343,0.3186238706111908,"23,62,164,7,32","150,219,188,44,40",2:532:2|2:989:2|2:15:1
ckpt_300.pt,2,1003,0.31869786977767944,0.07343624532222748,0.3252265155315399,"22,92,239,134,240","187,199,180,100,126",2:144:2|2:203:2|2:0:1
ckpt_300.pt,2,1004,0.3249622583389282,0.06162559986114502,0.3288492262363434,"60,106,233,212,86","18,55,217,157,167",2:363:2|2:940:2|2:946:2
ckpt_300.pt,2,1005,0.31788700819015503,0.07001688331365585,0.307613343000412,"249,58,190,110,118","0,31,120,111,22",2:905:2|2:27:1|2:46:1
ckpt_300.pt,2,1006,0.3385082185268402,0.06950180232524872,0.3471677005290985,"56,3,186,240,167","152,49,66,51,122",2:305:2|2:795:2|2:9:1
ckpt_300.pt,2,1007,0.3300629258155823,0.07610312849283218,0.33254802227020264,"207,215,227,71,181","110,172,241,20,76",2:31:2|2:306:2|2:483:2
ckpt_300.pt,2,1008,0.3129059970378876,0.05962665379047394,0.31453341245651245,"207,5,23,57,67","33,196,239,229,60",2:10:2|2:373:2|2:6:1
ckpt_300.pt,2,1009,0.3022361099720001,0.06998231261968613,0.33126047253608704,"7,63,122,73,0","176,244,119,242,228",2:424:2|2:487:2|2:532:2
ckpt_300.pt,2,1010,0.33359941840171814,0.06822808086872101,0.31380903720855713,"48,178,95,194,120","72,139,225,236,18",2:897:2|2:18:1|2:20:1
ckpt_300.pt,2,1011,0.3384857773780823,0.06696499139070511,0.33783698081970215,"227,209,144,116,217","166,23,171,97,78",2:131:2|2:688:2|2:897:2
ckpt_300.pt,2,1012,0.34668871760368347,0.05733400210738182,0.31420907378196716,"196,124,246,202,47","200,230,237,3,20",2:148:2|2:841:2|2:13:1
ckpt_300.pt,2,1013,0.35266050696372986,0.06375565379858017,0.32582351565361023,"56,75,200,115,23","88,235,97,123,79",2:594:2|2:1:1|2:8:1
ckpt_300.pt,2,1014,0.3318495750427246,0.060650430619716644,0.33644798398017883,"166,33,61,137,172","68,59,89,162,115",2:254:2|2:310:2|2:808:2
ckpt_300.pt,2,1015,0.31098270416259766,0.053554750978946686,0.3240673243999481,"31,174,132,36,23","113,108,66,58,130",2:337:2|2:0:1|2:15:1
ckpt_300.pt,2,1016,0.3382986783981323,0.05864698439836502,0.343900591135025,"231,207,46,59,187","189,7,190,148,149",2:540:2|2:874:2|2:6:1
ckpt_300.pt,2,1017,0.33967968821525574,0.05904122814536095,0.3252895772457123,"133,162,97,206,137","144,216,49,123,107",2:222:2|2:530:2|2:671:2
ckpt_300.pt,2,1018,0.3339851498603821,0.07622227072715759,0.3285522758960724,"57,54,237,41,152","6,192,61,214,60",2:10:2|2:71:2|2:151:2
ckpt_300.pt,2,1019,0.34853601455688477,0.056412991136312485,0.3320639431476593,"70,209,16,219,134","33,212,132,179,193",2:28:2|2:140:2|2:157:2
ckpt_300.pt,2,1020,0.3411606550216675,0.07647150009870529,0.3358719050884247,"113,197,240,69,15","17,75,131,78,37",2:974:2|2:23:1|2:26:1
ckpt_300.pt,2,1021,0.34269940853118896,0.06328880041837692,0.32810178399086,"14,171,11,2,78","30,5,248,245,196",2:211:2|2:892:2|2:2:1
ckpt_300.pt,2,1022,0.33544960618019104,0.07497803866863251,0.34206414222717285,"110,186,160,90,116","171,193,177,60,163",2:11:1|2:19:1|2:27:1
ckpt_300.pt,2,1023,0.33154556155204773,0.06616230309009552,0.3392166495323181,"51,253,204,237,44","241,0,143,229,153",2:86:2|2:111:2|2:289:2
ckpt_300.pt,3,0,0.31928980350494385,0.05555490031838417,0.32497137784957886,"16,200,147,31,212","175,57,143,230,73",3:29:2|3:307:2|3:510:2
ckpt_300.pt,3,1,0.3436020314693451,0.058309104293584824,0.3347344696521759,"253,146,39,36,51","223,236,172,229,98",3:230:2|3:516:2|3:693:2
ckpt_300.pt,3,2,0.33030006289482117,0.06713774800300598,0.3139955997467041,"81,80,1,127,230","225,129,96,48,7",3:39:2|3:382:2|3:422:2
ckpt_300.pt,3,3,0.33936378359794617,0.06371544301509857,0.33613213896751404,"135,120,106,160,180","194,2,10,82,160",3:688:2|3:834:2|3:841:2
ckpt_300.pt,3,4,0.34382593631744385,0.06115496903657913,0.3290692865848541,"70,147,58,179,22","130,241,24,244,83",3:488:2|3:529:2|3:767:2
ckpt_300.pt,3,5,0.34296050667762756,0.061347976326942444,0.3151639401912689,"134,154,32,185,61","73,124,78,103,132",3:12:1|3:15:1|3:17:1
ckpt_300.pt,3,6,0.3204340934753418,0.06993266940116882,0.33936619758605957,"116,53,197,80,143","87,52,157,23,144",3:26:2|3:2:1|3:11:1
ckpt_300.pt,3,7,0.3186558485031128,0.07130841165781021,0.31849634647369385,"132,106,88,95,141","106,150,102,89,78",3:696:2|3:3:1|3:10:1
ckpt_300.pt,3,8,0.34192579984664917,0.06868301331996918,0.32322457432746887,"12,19,63,191,91","27,24,192,133,201",3:58:2|3:92:2|3:270:2
ckpt_300.pt,3,9,0.3402639925479889,0.06438633799552917,0.3198273181915283,"73,210,218,164,243","105,24,109,58,202",3:45:2|3:23:1|3:37:1
ckpt_300.pt,3,10,0.3185679316520691,0.08410889655351639,0.32728374004364014,"253,89,86,88,115","208,0,101,24,39",3:328:2|3:1:1|3:7:1
ckpt_300.pt,3,11,0.34277093410491943,0.058061156421899796,0.3433932065963745,"55,247,51,208,197","99,237,191,23,194",3:268:2|3:283:2|3:461:2
ckpt_300.pt,3,12,0.28962579369544983,0.05147115886211395,0.3030093014240265,"132,225,134,176,230","182,4,159,40,188",3:191:2|3:370:2|3:683:2
ckpt_300.pt,3,13,0.34414350986480713,0.06339182704687119,0.3211434781551361,"94,237,241,44,246","79,196,93,148,170",3:144:2|3:269:2|3:940:2
ckpt_300.pt,3,14,0.349516361951828,0.06360570341348648,0.31804129481315613,"11,101,43,197,117","215,151,233,94,5",3:33:2|3:6:1|3:11:1
ckpt_300.pt,3,15,0.3415442705154419,0.06246965005993843,0.3142358362674713,"53,47,95,153,32","148,55,74,128,4",3:200:2|3:450:2|3:5:1
ckpt_300.pt,3,16,0.3072994649410248,0.059080760926008224,0.32693883776664734,"18,16,108,165,156","205,121,143,182,1",3:475:2|3:0:1|3:27:1
ckpt_300.pt,3,17,0.3142947554588318,0.05018194392323494,0.3262302875518799,"183,32,8,202,62","83,183,247,154,52",3:71:2|3:112:2|3:133:2
ckpt_300.pt,3,18,0.3275190591812134,0.07072281092405319,0.318161278963089,"107,153,251,29,178","19,74,138,201,78",3:85:2|3:791:2|3:852:2
ckpt_300.pt,3,19,0.34129711985588074,0.06943916529417038,0.3245014250278473,"250,23,191,189,9","245,149,180,205,93",3:22:2|3:92:2|3:8:1
ckpt_300.pt,3,20,0.3178446292877197,0.05332789570093155,0.31582874059677124,"3,239,150,67,184","203,142,233,150,211",3:158:2|3:177:2|3:585:2
ckpt_300.pt,3,21,0.334831178188324,0.06471271067857742,0.33954858779907227,"143,77,6,199,179","214,234,232,172,243",3:348:2|3:447:2|3:893:2
ckpt_300.pt,3,22,0.3409424126148224,0.07398507744073868,0.3564315438270569,"25,226,70,9,189","179,250,140,84,203",3:19:2|3:470:2|3:966:2
ckpt_300.pt,3,23,0.3537726402282715,0.07436986267566681,0.3076247274875641,"170,227,41,210,238","213,148,10,244,238",3:71:2|3:178:2|3:249:2
ckpt_300.pt,3,24,0.3176753520965576,0.07092400640249252,0.3328873813152313,"248,174,41,53,34","43,146,161,54,17",3:130:2|3:211:2|3:246:2
ckpt_300.pt,3,25,0.32033178210258484,0.06053341180086136,0.3331925570964813,"173,81,124,27,112","60,135,64,190,101",3:380:2|3:388:2|3:2:1
ckpt_300.pt,3,26,0.34536856412887573,0.07655372470617294,0.33200785517692566,"190,143,62,214,197","63,190,200,62,20",3:6:2|3:347:2|3:666:2
ckpt_300.pt,3,27,0.33015790581703186,0.057059746235609055,0.3273549973964691,"219,129,193,166,18","135,254,69,105,167",3:593:2|3:16:1|3:40:1
ckpt_300.pt,3,28,0.31566521525382996,0.07813262194395065,0.34324154257774353,"24,228,190,232,196","54,27,104,59,6",3:152:2|3:483:2|3:546:2
ckpt_300.pt,3,29,0.3140285015106201,0.06797807663679123,0.349429726600647,"147,212,139,120,159","133,202,71,179,116",3:0:2|3:251:2|3:3:1
ckpt_300.pt,3,30,0.3419218063354492,0.062294021248817444,0.330960750579834,"10,97,234,226,38","38,5,18,87,209",3:727:3|3:80:2|3:22:1
ckpt_300.pt,3,31,0.3305433690547943,0.0548345185816288,0.3307631313800812,"255,148,145,153,27","150,115,90,188,24",3:15:1|3:18:1|3:25:1
ckpt_300.pt,3,32,0.36516422033309937,0.0686492919921875,0.32800865173339844,"234,15,137,103,55","76,142,9,217,17",3:537:2|3:11:1|3:30:1
ckpt_300.pt,3,33,0.3533681333065033,0.07292599976062775,0.3384057581424713,"143,103,97,43,101","25,249,204,247,237",3:14:2|3:80:2|3:373:2
ckpt_300.pt,3,34,0.33236590027809143,0.06126318499445915,0.30976125597953796,"159,121,64,15,169","158,41,47,140,255",3:349:2|3:365:2|3:930:2
ckpt_300.pt,3,35,0.33602720499038696,0.06781836599111557,0.3223310112953186,"169,185,31,211,203","230,189,17,69,37",3:266:2|3:310:2|3:845:2
ckpt_300.pt,3,36,0.3346974551677704,0.06254961341619492,0.33426570892333984,"146,20,251,15,1","249,22,246,60,99",3:979:2|3:1:1|3:2:1
ckpt_300.pt,3,37,0.34173381328582764,0.07127054035663605,0.3483162820339203,"93,119,213,148,243","110,228,120,201,197",3:299:2|3:322:2|3:571:2
ckpt_300.pt,3,38,0.34483200311660767,0.06731577217578888,0.364563912153244,"36,245,110,102,235","59,119,1,240,34",3:359:3|3:911:2|3:1:1
ckpt_300.pt,3,39,0.3278803527355194,0.061171259731054306,0.33985719084739685,"11,209,80,104,127","32,110,120,219,25",3:2:2|3:369:2|3:6:1
ckpt_300.pt,3,40,0.3214288651943207,0.07283706963062286,0.30897265672683716,"161,203,119,195,129","203,56,255,60,63",3:98:2|3:156:2|3:299:2
ckpt_300.pt,3,41,0.3409065306186676,0.05777513608336449,0.33631953597068787,"221,6,124,170,98","74,67,78,76,135",3:352:2|3:1007:2|3:21:1
ckpt_300.pt,3,42,0.33943966031074524,0.06900854408740997,0.3385445773601532,"106,110,94,13,22","175,146,53,238,56",3:302:2|3:3:1|3:4:1
ckpt_300.pt,3,43,0.3078623116016388,0.054689567536115646,0.29872551560401917,"247,6,7,85,64","247,159,5,137,182",3:212:2|3:658:2|3:764:2
ckpt_300.pt,3,44,0.36143597960472107,0.07369912415742874,0.3249272108078003,"183,96,250,152,201","128,161,123,36,49",3:236:2|3:700:2|3:888:2
ckpt_300.pt,3,45,0.31625670194625854,0.06224662810564041,0.3297123908996582,"232,91,134,73,164","97,84,251,141,123",3:9:2|3:270:2|3:286:2
ckpt_300.pt,3,46,0.3215101361274719,0.053663887083530426,0.3223882019519806,"106,213,29,33,204","242,164,160,203,88",3:458:2|3:702:2|3:3:1
ckpt_300.pt,3,47,0.3321501910686493,0.06237711384892464,0.3227946162223816,"156,25,210,48,248","136,218,51,249,246",3:743:2|3:776:2|3:781:2
ckpt_300.pt,3,48,0.34695881605148315,0.06916411221027374,0.318116694688797,"128,69,142,6,107","190,225,154,52,204",3:313:2|3:532:2|3:598:2
ckpt_300.pt,3,49,0.33926650881767273,0.06412415206432343,0.35610127449035645,"85,54,47,59,44","233,35,239,171,128",3:195:2|3:243:2|3:13:1
ckpt_300.pt,3,50,0.3297423720359802,0.06973034888505936,0.333536297082901,"160,170,237,68,137","232,86,43,126,193",3:77:2|3:284:2|3:789:2
ckpt_300.pt,3,51,0.31241342425346375,0.06700852513313293,0.3508753776550293,"189,33,229,151,75","128,143,222,130,35",3:297:2|3:850:2|3:944:2
ckpt_300.pt,3,52,0.35274606943130493,0.058685190975666046,0.3296229839324951,"99,98,75,220,110","59,157,145,242,110",3:420:2|3:38:1|3:41:1
ckpt_300.pt,3,53,0.3565060794353485,0.05733950063586235,0.32176172733306885,"152,32,238,137,156","62,59,113,172,245",3:133:2|3:214:2|3:455:2
ckpt_300.pt,3,54,0.32897746562957764,0.06062687560915947,0.34996914863586426,"233,64,153,81,172","73,130,77,100,144",3:146:2|3:223:2|3:595:2
ckpt_300.pt,3,55,0.32644790410995483,0.05815226584672928,0.33356401324272156,"183,204,248,173,40","170,235,254,36,41",3:287:2|3:674:2|3:872:2
ckpt_300.pt,3,56,0.3359903395175934,0.06257174909114838,0.3341127336025238,"216,48,135,221,47","209,33,181,165,129",3:542:2|3:959:2|3:3:1
ckpt_300.pt,3,57,0.30297747254371643,0.060698024928569794,0.3462262749671936,"188,187,226,34,239","234,135,11,110,56",3:463:2|3:548:2|3:776:2
ckpt_300.pt,3,58,0.3271344006061554,0.055004920810461044,0.30126655101776123,"63,141,93,114,19","115,116,99,51,232",3:8:2|3:389:2|3:578:2
ckpt_300.pt,3,59,0.331043004989624,0.06427797675132751,0.3412535786628723,"233,130,234,177,13","117,242,125,139,49",3:509:2|3:30:1|3:32:1
ckpt_300.pt,3,60,0.33747896552085876,0.05955325812101364,0.34205472469329834,"57,225,161,154,103","94,216,61,193,143",3:5:1|3:12:1|3:32:1
ckpt_300.pt,3,61,0.3438498079776764,0.06385257840156555,0.36252886056900024,"161,8,64,190,25","84,65,126,75,166",3:856:2|3:17:1|3:22:1
ckpt_300.pt,3,62,0.34035369753837585,0.05879300832748413,0.34046319127082825,"2,64,222,231,189","13,140,224,49,109",3:946:2|3:19:1|3:22:1
ckpt_300.pt,3,63,0.3411838412284851,0.06557675451040268,0.34682393074035645,"65,41,199,105,118","201,40,216,251,192",3:183:2|3:385:2|3:945:2
ckpt_300.pt,3,64,0.32115116715431213,0.06976129859685898,0.32846978306770325,"182,242,37,6,99","25,189,184,235,146",3:154:2|3:511:2|3:658:2
ckpt_300.pt,3,65,0.3856555223464966,0.0814000591635704,0.33575111627578735,"206,146,99,121,183","61,213,48,224,165",3:180:2|3:230:2|3:377:2
ckpt_300.pt,3,66,0.3224204182624817,0.048308055847883224,0.32950448989868164,"243,136,135,64,13","247,196,12,246,141",3:95:2|3:197:2|3:3:1
ckpt_300.pt,3,67,0.3681877851486206,0.0726848691701889,0.32992368936538696,"223,120,131,9,43","153,125,79,218,212",3:258:2|3:599:2|3:677:2
ckpt_300.pt,3,68,0.3258369266986847,0.06238965690135956,0.3342432975769043,"207,143,174,58,69","111,233,225,179,47",3:660:2|3:936:2|3:4:1
ckpt_300.pt,3,69,0.3494855761528015,0.06889056414365768,0.3233024477958679,"128,160,190,167,46","231,153,226,78,101",3:3:1|3:26:1|3:28:1
ckpt_300.pt,3,70,0.31528761982917786,0.06208924204111099,0.31515151262283325,"216,110,166,65,149","205,148,183,102,73",3:125:2|3:27:1|3:38:1
ckpt_300.pt,3,71,0.3288535177707672,0.07658180594444275,0.30902332067489624,"170,210,32,116,8","197,125,21,133,195",3:17:2|3:23:2|3:352:2
ckpt_300.pt,3,72,0.3494130074977875,0.07276308536529541,0.32475724816322327,"43,149,189,145,146","252,2,181,4,170",3:714:2|3:1:1|3:14:1
ckpt_300.pt,3,73,0.34401440620422363,0.05645034834742546,0.3290271461009979,"121,132,223,151,107","158,3,241,254,8",3:510:2|3:825:2|3:838:2
ckpt_300.pt,3,74,0.33862581849098206,0.06155432015657425,0.3430577218532562,"81,74,243,120,217","53,22,37,44,241",3:931:2|3:1006:2|3:2:1
ckpt_300.pt,3,75,0.3604907691478729,0.0631566196680069,0.3402171730995178,"115,114,131,41,78","26,11,75,51,129",3:228:2|3:471:2|3:608:2
ckpt_300.pt,3,76,0.3388325572013855,0.07649008184671402,0.34414350986480713,"74,93,34,100,57","137,154,55,29,114",3:126:2|3:299:2|3:438:2
ckpt_300.pt,3,77,0.32779982686042786,0.061969831585884094,0.35120001435279846,"253,68,237,13,176","92,107,180,96,142",3:50:2|3:516:2|3:1:1
ckpt_300.pt,3,78,0.3194041848182678,0.06311088800430298,0.31847551465034485,"142,171,20,89,135","248,157,190,27,234",3:179:2|3:857:2|3:3:1
ckpt_300.pt,3,79,0.31852027773857117,0.06478739529848099,0.3353694677352905,"126,117,220,183,48","241,204,106,160,164",3:201:2|3:325:2|3:14:1
ckpt_300.pt,3,80,0.33465540409088135,0.0625775083899498,0.3310607373714447,"134,226,97,43,227","139,226,235,99,188",3:30:2|3:33:2|3:191:2
ckpt_300.pt,3,81,0.3404981791973114,0.06274410337209702,0.31828635931015015,"66,251,57,53,198","213,211,232,200,218",3:213:2|3:232:2|3:489:2
ckpt_300.pt,3,82,0.33921104669570923,0.05447002872824669,0.32818514108657837,"84,0,50,242,203","220,46,52,213,15",3:105:2|3:127:2|3:128:2
ckpt_300.pt,3,83,0.35261860489845276,0.0667189285159111,0.32458657026290894,"189,124,79,51,130","250,138,198,202,128",3:698:2|3:855:2|3:1:1
ckpt_300.pt,3,84,0.33389443159103394,0.06658104807138443,0.34877628087997437,"3,33,233,107,217","40,223,125,25,230",3:85:2|3:508:2|3:18:1
ckpt_300.pt,3,85,0.33049100637435913,0.056931376457214355,0.3275187015533447,"33,40,153,21,107","188,100,200,84,171",3:18:2|3:84:2|3:852:2
ckpt_300.pt,3,86,0.32304829359054565,0.06238393858075142,0.33644914627075195,"21,219,157,108,252","53,54,232,80,186",3:87:2|3:293:2|3:569:2
ckpt_300.pt,3,87,0.3311019837856293,0.06056443974375725,0.348196804523468,"109,63,219,53,108","68,14,201,140,146",3:562:3|3:86:2|3:134:2
ckpt_300.pt,3,88,0.3414302170276642,0.07152415812015533,0.32586541771888733,"156,98,27,42,67","251,1,91,215,252",3:150:2|3:153:2|3:177:2
ckpt_300.pt,3,89,0.31352221965789795,0.058057431131601334,0.3270854949951172,"137,221,203,107,228","138,166,172,243,1",3:152:2|3:252:2|3:506:2
ckpt_300.pt,3,90,0.3586728274822235,0.07181274145841599,0.3104574680328369,"167,84,217,6,53","208,10,50,106,68",3:528:2|3:556:2|3:658:2
ckpt_300.pt,3,91,0.34336280822753906,0.06453997641801834,0.3212021589279175,"56,140,10,83,193","228,153,92,142,56",3:108:2|3:361:2|3:27:1
ckpt_300.pt,3,92,0.33067786693573,0.07065314054489136,0.34847986698150635,"191,169,26,23,12","39,157,133,23,112",3:8:2|3:19:2|3:108:2
ckpt_300.pt,3,93,0.3616148829460144,0.06901348382234573,0.33203721046447754,"108,27,32,3,85","41,19,153,124,105",3:883:2|3:5:1|3:15:1
ckpt_300.pt,3,94,0.3635023832321167,0.06806712597608566,0.334155410528183,"92,217,67,155,17","8,122,4,112,47",3:496:2|3:644:2|3:20:1
ckpt_300.pt,3,95,0.3411049544811249,0.07335667312145233,0.3103262782096863,"64,160,136,95,83","229,16,254,236,241",3:66:2|3:190:2|3:536:2
ckpt_300.pt,3,96,0.32815539836883545,0.051933061331510544,0.30883821845054626,"46,123,13,23,164","94,250,195,3,53",3:678:2|3:9:1|3:19:1
ckpt_300.pt,3,97,0.31818196177482605,0.06152139976620674,0.332330584526062,"59,158,0,223,112","13,240,16,72,158",3:336:2|3:768:2|3:920:2
ckpt_300.pt,3,98,0.33971598744392395,0.06864853948354721,0.3136700987815857,"179,149,104,203,161","253,208,143,217,52",3:40:2|3:193:2|3:612:2
ckpt_300.pt,3,99,0.3293597996234894,0.06790689378976822,0.3348028063774109,"21,43,139,50,200","31,131,140,134,246",3:353:2|3:0:1|3:14:1
ckpt_300.pt,3,100,0.32906755805015564,0.07419230043888092,0.33519792556762695,"247,75,153,163,31","97,155,50,236,193",3:112:2|3:200:2|3:0:1
ckpt_300.pt,3,101,0.3253253996372223,0.06628584861755371,0.3956456482410431,"206,116,205,239,219","246,125,181,242,211",3:924:2|3:6:1|3:20:1
ckpt_300.pt,3,102,0.3529035747051239,0.06326793879270554,0.3190159201622009,"123,174,252,236,186","216,33,21,12,50",3:185:2|3:293:2|3:608:2
ckpt_300.pt,3,103,0.42634186148643494,0.088451087474823,0.3363722264766693,"36,254,109,17,239","100,185,34,17,146",3:225:2|3:326:2|3:350:2
ckpt_300.pt,3,104,0.331908255815506,0.059866197407245636,0.34754478931427,"83,19,152,15,30","125,208,178,119,42",3:341:2|3:365:2|3:605:2
ckpt_300.pt,3,105,0.3358977138996124,0.06285689026117325,0.35235410928726196,"242,203,62,67,146","254,240,104,248,71",3:637:3|3:82:2|3:156:2
ckpt_300.pt,3,106,0.3374629318714142,0.0590866394340992,0.34639087319374084,"187,77,244,254,96","119,220,232,204,92",3:181:2|3:247:2|3:278:2
ckpt_300.pt,3,107,0.2932509779930115,0.06620875746011734,0.31223541498184204,"80,199,128,12,166","74,207,223,220,241",3:2:1|3:6:1|3:8:1
ckpt_300.pt,3,108,0.35537904500961304,0.07428097724914551,0.3483995199203491,"140,216,193,191,26","90,46,209,146,128",3:91:2|3:92:2|3:355:2
ckpt_300.pt,3,109,0.3450053334236145,0.06300298124551773,0.3255206048488617,"230,82,17,86,52","130,83,142,163,123",3:822:2|3:1002:2|3:2:1
ckpt_300.pt,3,110,0.34098660945892334,0.05410156399011612,0.3193380832672119,"60,242,189,170,100","93,244,209,83,204",3:143:2|3:721:2|3:19:1
ckpt_300.pt,3,111,0.34580960869789124,0.06650044023990631,0.32225722074508667,"128,93,96,0,23","178,97,87,188,243",3:181:2|3:402:2|3:704:2
ckpt_300.pt,3,112,0.33616042137145996,0.05437770113348961,0.3344653248786926,"163,31,8,62,114","212,113,149,85,48",3:17:2|3:100:2|3:994:2
ckpt_300.pt,3,113,0.3280923366546631,0.06899931281805038,0.3454909324645996,"4,154,219,179,85","46,124,85,66,36",3:461:2|3:924:2|3:4:1
ckpt_300.pt,3,114,0.3646993637084961,0.06818631291389465,0.3165261447429657,"159,81,78,119,54","62,96,112,21,60",3:124:2|3:131:2|3:606:2
ckpt_300.pt,3,115,0.32162582874298096,0.0568259097635746,0.32359251379966736,"37,13,120,93,220","63,233,162,39,247",3:887:2|3:3:1|3:29:1
ckpt_300.pt,3,116,0.3352993428707123,0.07709986716508865,0.31319770216941833,"141,151,56,45,89","89,91,33,172,126",3:160:2|3:194:2|3:209:2
ckpt_300.pt,3,117,0.3332822918891907,0.07497112452983856,0.3085557222366333,"234,248,83,222,154","155,196,175,98,132",3:445:2|3:572:2|3:5:1
ckpt_300.pt,3,118,0.3322991132736206,0.0699777901172638,0.34309056401252747,"13,155,31,152,172","251,128,120,24,212",3:422:2|3:808:2|3:0:1
ckpt_300.pt,3,119,0.34177064895629883,0.07177525758743286,0.32767197489738464,"85,164,224,234,62","227,229,201,75,203",3:394:2|3:765:2|3:889:2
ckpt_300.pt,3,120,0.32040542364120483,0.05092499777674675,0.3227768540382385,"69,219,208,92,54","125,59,81,42,198",3:339:2|3:562:2|3:11:1
ckpt_300.pt,3,121,0.3190036118030548,0.05436856299638748,0.3232422471046448,"194,96,38,108,105","3,21,206,153,38",3:16:1|3:30:1|3:44:1
ckpt_300.pt,3,122,0.3366246819496155,0.07746270298957825,0.34233224391937256,"209,40,165,89,225","12,85,131,176,67",3:287:2|3:10:1|3:12:1
ckpt_300.pt,3,123,0.30530571937561035,0.06755351275205612,0.3384456932544708,"77,88,134,108,101","137,40,140,136,244",3:229:2|3:512:2|3:5:1
ckpt_300.pt,3,124,0.3519156575202942,0.07255890220403671,0.3157382905483246,"134,119,0,81,252","11,217,68,241,198",3:114:2|3:185:2|3:191:2
ckpt_300.pt,3,125,0.3454767167568207,0.07242290675640106,0.3130270540714264,"216,166,195,69,237","106,11,210,231,217",3:70:2|3:351:2|3:453:2
ckpt_300.pt,3,126,0.33801767230033875,0.07388480007648468,0.32405707240104675,"93,57,71,129,61","69,60,215,102,252",3:76:2|3:418:2|3:5:1
ckpt_300.pt,3,127,0.35949110984802246,0.06711401790380478,0.3496676981449127,"84,190,194,203,77","220,17,107,6,192",3:82:2|3:21:1|3:26:1
ckpt_300.pt,3,128,0.3248843848705292,0.05551287904381752,0.3027914762496948,"84,50,156,61,207","218,191,155,241,177",3:82:2|3:353:2|3:707:2
ckpt_300.pt,3,129,0.329820841550827,0.05866534635424614,0.3491065502166748,"5,88,144,45,173","1,7,228,187,25",3:165:2|3:404:2|3:7:1
ckpt_300.pt,3,130,0.3501773476600647,0.05758851766586304,0.35099339485168457,"166,248,176,31,41","155,19,245,179,77",3:24:2|3:808:2|3:0:1
ckpt_300.pt,3,131,0.3140779435634613,0.06622805446386337,0.3232736587524414,"177,54,241,23,159","187,55,60,178,133",3:114:2|3:953:2|3:13:1
ckpt_300.pt,3,132,0.3408607542514801,0.060450129210948944,0.3587245047092438,"196,67,140,165,114","132,78,112,245,190",3:836:2|3:16:1|3:20:1
ckpt_300.pt,3,133,0.3422160744667053,0.06920872628688812,0.3239704966545105,"32,66,156,124,62","72,214,138,222,102",3:17:2|3:53:2|3:236:2
ckpt_300.pt,3,134,0.3282780647277832,0.06618073582649231,0.32423657178878784,"101,53,169,54,63","242,143,196,123,55",3:87:2|3:232:2|3:415:2
ckpt_300.pt,3,135,0.2974284589290619,0.05803455412387848,0.3162090480327606,"100,58,10,14,203","56,101,239,50,31",3:642:2|3:4:1|3:30:1
ckpt_300.pt,3,136,0.3438802659511566,0.05424016714096069,0.33204737305641174,"35,205,186,68,153","76,121,109,169,167",3:372:2|3:515:2|3:892:2
ckpt_300.pt,3,137,0.3481581211090088,0.07642558962106705,0.28924140334129333,"22,187,3,127,250","68,133,243,47,255",3:575:2|3:2:1|3:4:1
ckpt_300.pt,3,138,0.3216039538383484,0.06267955899238586,0.3416377007961273,"75,129,252,196,84","110,70,154,219,161",3:386:2|3:418:2|3:420:2
ckpt_300.pt,3,139,0.338222473859787,0.08299969136714935,0.3289472162723541,"71,122,188,147,67","92,96,106,150,20",3:0:1|3:4:1|3:20:1
ckpt_300.pt,3,140,0.31739136576652527,0.05491343140602112,0.3419817090034485,"215,46,234,217,187","185,171,217,66,242",3:326:2|3:376:2|3:873:2
ckpt_300.pt,3,141,0.35682106018066406,0.06353595852851868,0.33485326170921326,"2,218,3,81,118","178,64,24,163,255",3:416:2|3:558:2|3:951:2
ckpt_300.pt,3,142,0.3311586081981659,0.05423973500728607,0.33673837780952454,"8,214,151,233,187","137,202,19,152,226",3:778:2|3:902:2|3:17:1
ckpt_300.pt,3,143,0.37495121359825134,0.06435853987932205,0.350734680891037,"145,60,30,162,170","134,243,56,123,199",3:110:2|3:764:2|3:23:1
ckpt_300.pt,3,144,0.33505183458328247,0.06382832676172256,0.3465978503227234,"100,241,94,66,248","213,36,26,236,150",3:302:3|3:13:2|3:378:2
ckpt_300.pt,3,145,0.34993618726730347,0.055971354246139526,0.29752781987190247,"4,234,242,243,127","104,93,153,196,59",3:322:2|3:2:1|3:9:1
ckpt_300.pt,3,146,0.321731835603714,0.06550572067499161,0.3115280568599701,"1,74,153,166,233","191,24,59,210,99",3:54:2|3:2:1|3:15:1
ckpt_300.pt,3,147,0.35387417674064636,0.06155915930867195,0.32987064123153687,"178,207,111,193,233","159,139,47,64,202",3:513:2|3:865:2|3:18:1
ckpt_300.pt,3,148,0.3362002968788147,0.08238381147384644,0.33009985089302063,"160,11,207,3,168","80,236,243,165,46",3:442:2|3:829:2|3:1018:2
ckpt_300.pt,3,149,0.3270917236804962,0.06537111103534698,0.3242320716381073,"4,26,31,168,68","157,34,20,17,162",3:155:2|3:305:2|3:310:2
ckpt_300.pt,3,150,0.3302391469478607,0.07088230550289154,0.32207193970680237,"230,206,156,77,42","98,147,230,58,144",3:88:2|3:296:2|3:441:2
ckpt_300.pt,3,151,0.31707116961479187,0.061808992177248,0.3226892054080963,"66,180,182,205,147","70,55,58,0,22",3:251:2|3:659:2|3:0:1
ckpt_300.pt,3,152,0.3431095480918884,0.05752532184123993,0.34195655584335327,"190,107,228,27,65","39,116,237,228,94",3:28:2|3:89:2|3:153:2
ckpt_300.pt,3,153,0.3252866566181183,0.07682113349437714,0.3209872245788574,"171,98,107,54,27","210,32,108,211,50",3:88:2|3:152:2|3:18:1
ckpt_300.pt,3,154,0.3302139639854431,0.05807236582040787,0.3099798262119293,"40,142,37,42,242","56,4,255,76,88",3:64:2|3:912:2|3:48:1
ckpt_300.pt,3,155,0.3136577308177948,0.05572410300374031,0.30198073387145996,"68,202,31,19,89","172,0,65,49,45",3:149:2|3:206:2|3:676:2
ckpt_300.pt,3,156,0.31395405530929565,0.05042581260204315,0.35366421937942505,"129,203,62,21,52","190,184,208,134,65",3:40:2|3:105:2|3:280:2
ckpt_300.pt,3,157,0.30159080028533936,0.04639861360192299,0.3151249289512634,"45,216,73,125,37","200,40,34,178,221",3:9:1|3:45:1|3:56:1
ckpt_300.pt,3,158,0.3207493722438812,0.05930079147219658,0.3303189277648926,"232,67,237,150,30","140,201,96,177,42",3:20:2|3:177:2|3:243:2
ckpt_300.pt,3,159,0.3218429982662201,0.07151736319065094,0.30087894201278687,"205,224,128,5,210","13,191,21,2,200",3:360:2|3:363:2|3:890:2
ckpt_300.pt,3,160,0.33805376291275024,0.07197411358356476,0.32179006934165955,"56,194,29,15,45","131,69,20,46,93",3:116:2|3:194:2|3:209:2
ckpt_300.pt,3,161,0.31829896569252014,0.060682788491249084,0.34166115522384644,"109,134,51,131,11","80,182,147,2,223",3:368:2|3:442:2|3:855:2
ckpt_300.pt,3,162,0.3227318823337555,0.05474987253546715,0.3210834264755249,"153,117,77,20,198","141,177,79,221,202",3:600:2|3:14:1|3:15:1
ckpt_300.pt,3,163,0.30488190054893494,0.052736666053533554,0.3136621415615082,"180,196,219,183,111","81,136,210,97,242",3:180:2|3:329:2|3:747:2
ckpt_300.pt,3,164,0.33336687088012695,0.05935981124639511,0.3524913489818573,"175,149,171,251,5","190,148,138,78,23",3:1000:2|3:18:1|3:36:1
ckpt_300.pt,3,165,0.33842775225639343,0.06992893666028976,0.3436585068702698,"18,173,5,0,39","97,156,217,201,60",3:129:2|3:1:1|3:16:1
ckpt_300.pt,3,166,0.3245179057121277,0.06049541011452675,0.34560859203338623,"101,211,215,202,228","108,157,252,41,146",3:215:2|3:381:2|3:872:2
ckpt_300.pt,3,167,0.3528495728969574,0.06926745176315308,0.33730342984199524,"155,142,34,139,235","147,229,187,164,212",3:549:2|3:24:1|3:29:1
ckpt_300.pt,3,168,0.328218936920166,0.06447901576757431,0.32734590768814087,"69,235,65,44,89","96,212,189,248,74",3:793:2|3:10:1|3:13:1
ckpt_300.pt,3,169,0.3283170759677887,0.06065995618700981,0.3080195188522339,"153,175,39,192,236","151,12,217,61,148",3:244:2|3:1:1|3:15:1
ckpt_300.pt,3,170,0.30626407265663147,0.05950223654508591,0.32047680020332336,"36,157,244,173,163","87,138,50,104,228",3:287:2|3:404:2|3:501:2
ckpt_300.pt,3,171,0.3509281575679779,0.07568919658660889,0.3068334460258484,"66,204,250,133,240","95,188,1,93,136",3:19:1|3:44:1|3:46:1
ckpt_300.pt,3,172,0.3276659846305847,0.06345909088850021,0.31814685463905334,"239,95,227,84,221","190,89,101,229,44",3:345:2|3:7:1|3:15:1
ckpt_300.pt,3,173,0.37405312061309814,0.0723988488316536,0.3452170193195343,"124,251,75,69,19","114,1,188,193,160",3:553:2|3:708:2|3:8:1
ckpt_300.pt,3,174,0.378833532333374,0.06786415725946426,0.32918694615364075,"15,9,62,44,26","148,141,83,32,96",3:503:2|3:13:1|3:17:1
ckpt_300.pt,3,175,0.4013028144836426,0.07421679049730301,0.34990307688713074,"233,4,88,112,16","206,200,18,152,17",3:778:2|3:808:2|3:865:2
ckpt_300.pt,3,176,0.3531304597854614,0.05353954806923866,0.3417154848575592,"186,130,37,41,133","101,71,13,203,222",3:538:2|3:993:2|3:23:1
ckpt_300.pt,3,177,0.35467272996902466,0.07037202268838882,0.3289214074611664,"98,174,111,67,150","216,121,137,50,97",3:20:2|3:88:2|3:158:2
ckpt_300.pt,3,178,0.3404351770877838,0.0599578358232975,0.33058109879493713,"238,49,206,68,227","81,23,88,231,209",3:23:2|3:294:2|3:305:2
ckpt_300.pt,3,179,0.3423446714878082,0.06599988788366318,0.3552819788455963,"230,171,25,142,200","204,2,179,61,86",3:78:2|3:350:2|3:628:2
ckpt_300.pt,3,180,0.32248520851135254,0.06643110513687134,0.31922024488449097,"219,121,253,70,183","156,106,174,224,59",3:65:2|3:163:2|3:693:2
ckpt_300.pt,3,181,0.36015841364860535,0.06344911456108093,0.3178553879261017,"187,166,211,96,93","217,185,8,75,141",3:106:2|3:111:2|3:381:2
ckpt_300.pt,3,182,0.30080923438072205,0.044237855821847916,0.3038819432258606,"182,244,202,70,193","226,31,225,251,172",3:247:2|3:410:2|3:482:2
ckpt_300.pt,3,183,0.3183189332485199,0.07081770896911621,0.35035741329193115,"173,29,41,118,179","252,227,157,216,54",3:63:2|3:228:2|3:250:2
ckpt_300.pt,3,184,0.31810152530670166,0.06920220702886581,0.3148026168346405,"28,19,252,204,100","220,24,236,144,62",3:433:2|3:660:2|3:8:1
ckpt_300.pt,3,185,0.33481526374816895,0.06542803347110748,0.33094269037246704,"186,0,243,252,245","70,19,72,57,238",3:102:2|3:124:2|3:293:2
ckpt_300.pt,3,186,0.3674578070640564,0.07825638353824615,0.32742395997047424,"80,83,180,241,101","200,216,169,71,104",3:387:2|3:622:2|3:2:1
ckpt_300.pt,3,187,0.3114407956600189,0.05283181369304657,0.3304716944694519,"224,186,72,98,43","120,160,35,23,70",3:643:2|3:715:2|3:14:1
ckpt_300.pt,3,188,0.3651491403579712,0.07818026095628738,0.3200388252735138,"101,191,222,106,153","26,48,47,250,255",3:279:2|3:3:1|3:7:1
ckpt_300.pt,3,189,0.32026273012161255,0.061856627464294434,0.2955423593521118,"20,14,206,54,250","130,65,155,101,43",3:369:2|3:19:1|3:36:1
ckpt_300.pt,3,190,0.3298959732055664,0.056508444249629974,0.33137500286102295,"194,48,83,64,184","185,196,46,16,8",3:95:2|3:202:2|3:20:1
ckpt_300.pt,3,191,0.29743584990501404,0.05334093049168587,0.308496356010437,"134,136,119,230,97","2,80,10,50,113",3:12:2|3:80:2|3:124:2
ckpt_300.pt,3,192,0.3136594593524933,0.05378470569849014,0.3148365914821625,"244,38,175,103,102","61,98,194,118,49",3:745:2|3:760:2|3:794:2
ckpt_300.pt,3,193,0.3479793667793274,0.06326726078987122,0.31102004647254944,"243,149,233,179,106","88,113,182,166,168",3:98:2|3:461:2|3:508:2
ckpt_300.pt,3,194,0.3528335392475128,0.060021549463272095,0.32545822858810425,"221,59,177,56,45","211,228,43,165,30",3:116:2|3:160:2|3:209:2
ckpt_300.pt,3,195,0.3193085491657257,0.06716109812259674,0.31390637159347534,"59,54,30,248,194","77,219,43,74,147",3:49:2|3:241:2|3:766:2
ckpt_300.pt,3,196,0.3272947371006012,0.05970083922147751,0.32225438952445984,"96,17,193,179,215","40,219,186,160,85",3:317:2|3:326:2|3:4:1
ckpt_300.pt,3,197,0.3310506045818329,0.07760734856128693,0.328469842672348,"126,18,59,243,13","248,157,187,19,46",3:66:2|3:475:2|3:837:2
ckpt_300.pt,3,198,0.3743692934513092,0.05750183388590813,0.3334585726261139,"70,232,169,163,92","58,170,71,205,41",3:349:2|3:576:2|3:1021:2
ckpt_300.pt,3,199,0.32495632767677307,0.05156955495476723,0.339687705039978,"162,132,158,146,159","240,212,185,252,33",3:338:2|3:689:2|3:842:2
ckpt_300.pt,3,200,0.3347407579421997,0.04951787739992142,0.31070083379745483,"149,34,75,95,153","26,34,223,115,48",3:15:2|3:100:2|3:7:1
ckpt_300.pt,3,201,0.319517582654953,0.05672350525856018,0.3471530079841614,"45,98,152,48,117","238,209,118,121,243",3:79:2|3:454:2|3:643:2
ckpt_300.pt,3,202,0.3341817557811737,0.05503162741661072,0.33887845277786255,"46,110,194,64,196","77,27,228,217,108",3:190:2|3:223:2|3:396:2
ckpt_300.pt,3,203,0.3227744996547699,0.057022083550691605,0.3156004250049591,"190,227,74,108,222","215,82,119,51,62",3:277:2|3:560:2|3:16:1
ckpt_300.pt,3,204,0.3482295572757721,0.07231716811656952,0.3371167778968811,"202,250,78,181,203","139,138,188,87,222",3:547:2|3:17:1|3:19:1
ckpt_300.pt,3,205,0.3381430506706238,0.06992185860872269,0.3273889124393463,"98,155,245,173,212","123,127,129,54,185",3:404:2|3:0:1|3:25:1
ckpt_300.pt,3,206,0.38374486565589905,0.06534382700920105,0.32959115505218506,"166,33,68,19,123","28,163,70,203,217",3:155:2|3:996:2|3:8:1
ckpt_300.pt,3,207,0.3381917476654053,0.06492049247026443,0.33211439847946167,"198,193,0,226,105","116,154,255,132,192",3:272:2|3:773:2|3:22:1
ckpt_300.pt,3,208,0.35328975319862366,0.05960152670741081,0.3295939862728119,"109,158,165,34,122","114,84,23,156,185",3:620:2|3:769:2|3:1008:2
ckpt_300.pt,3,209,0.31385159492492676,0.053408872336149216,0.3522177040576935,"246,71,62,45,56","200,239,162,42,175",3:116:2|3:160:2|3:194:2
ckpt_300.pt,3,210,0.3391270339488983,0.057593271136283875,0.30990907549858093,"182,40,254,125,13","166,44,209,216,109",3:287:2|3:316:2|3:430:2
ckpt_300.pt,3,211,0.3541974127292633,0.06895047426223755,0.33227479457855225,"111,222,132,174,41","145,220,61,22,238",3:24:2|3:177:2|3:7:1
ckpt_300.pt,3,212,0.33383622765541077,0.05436632037162781,0.3312561511993408,"7,73,57,182,247","38,45,105,26,29",3:43:2|3:597:2|3:764:2
ckpt_300.pt,3,213,0.37001532316207886,0.08933266252279282,0.33188048005104065,"212,125,53,238,66","4,216,132,181,35",3:81:2|3:387:2|3:528:2
ckpt_300.pt,3,214,0.3411560654640198,0.06956624984741211,0.3294757604598999,"32,152,110,217,138","128,47,38,130,140",3:53:2|3:277:2|3:5:1
ckpt_300.pt,3,215,0.3395453095436096,0.06250022351741791,0.3396390974521637,"252,202,222,139,211","133,250,193,142,212",3:166:2|3:420:2|3:801:2
ckpt_300.pt,3,216,0.3298255205154419,0.05730047449469566,0.3335497975349426,"236,147,81,177,103","207,7,198,42,206",3:724:2|3:0:1|3:2:1
ckpt_300.pt,3,217,0.35256582498550415,0.07357443124055862,0.3337023854255676,"120,235,226,130,62","113,166,13,182,22",3:738:2|3:3:1|3:17:1
ckpt_300.pt,3,218,0.3230905532836914,0.05428023636341095,0.3224976658821106,"160,188,169,155,56","5,48,245,230,196",3:564:2|3:646:2|3:649:2
ckpt_300.pt,3,219,0.34416431188583374,0.05937579274177551,0.3299407660961151,"99,233,68,228,185","80,220,242,28,167",3:546:2|3:929:2|3:5:1
ckpt_300.pt,3,220,0.3608151972293854,0.06446576863527298,0.33330509066581726,"70,66,160,93,255","6,17,141,48,169",3:887:2|3:1018:2|3:3:1
ckpt_300.pt,3,221,0.3476322293281555,0.06747816503047943,0.3168167769908905,"80,103,243,49,163","49,151,226,43,14",3:269:2|3:576:2|3:745:2
ckpt_300.pt,3,222,0.34802910685539246,0.07784661650657654,0.30928274989128113,"47,159,172,11,66","151,14,141,119,146",3:236:2|3:14:1|3:15:1
ckpt_300.pt,3,223,0.3410925567150116,0.062038641422986984,0.32001039385795593,"125,196,64,81,220","111,76,18,161,158",3:54:2|3:202:2|3:470:2
ckpt_300.pt,3,224,0.3445359170436859,0.06495414674282074,0.32937973737716675,"172,187,17,26,114","183,1,10,65,132",3:225:2|3:513:2|3:54:1
ckpt_300.pt,3,225,0.40815606713294983,0.06113830581307411,0.3552648425102234,"15,172,254,209,17","242,43,128,62,201",3:103:2|3:224:2|3:326:2
ckpt_300.pt,3,226,0.3353486955165863,0.056622497737407684,0.336367666721344,"141,188,235,80,31","89,131,238,231,194",3:422:2|3:799:2|3:901:2
ckpt_300.pt,3,227,0.34426385164260864,0.07326211780309677,0.32463541626930237,"216,246,126,253,22","107,242,119,97,250",3:985:2|3:997:2|3:1:1
ckpt_300.pt,3,228,0.34683555364608765,0.06382478773593903,0.3266177773475647,"41,107,220,173,78","111,163,148,225,83",3:75:2|3:183:2|3:233:2
ckpt_300.pt,3,229,0.30185890197753906,0.0535295307636261,0.3253561854362488,"146,77,101,220,133","85,137,65,191,119",3:123:2|3:230:2|3:933:2
ckpt_300.pt,3,230,0.34991878271102905,0.0563504658639431,0.3174397945404053,"220,146,253,27,206","82,106,89,126,206",3:1:2|3:65:2|3:229:2
ckpt_300.pt,3,231,0.3469740152359009,0.06076781079173088,0.3558850586414337,"107,184,24,22,156","168,122,90,245,42",3:383:2|3:989:2|3:4:1
ckpt_300.pt,3,232,0.33118894696235657,0.06451030820608139,0.34198299050331116,"57,54,48,53,190","139,245,239,248,219",3:81:2|3:134:2|3:556:2
ckpt_300.pt,3,233,0.34000277519226074,0.07700444757938385,0.3382764756679535,"41,203,92,83,220","31,89,208,197,64",3:228:2|3:385:2|3:426:2
ckpt_300.pt,3,234,0.34413662552833557,0.055635761469602585,0.3473512530326843,"22,167,153,19,9","113,118,36,212,5",3:521:2|3:540:2|3:4:1
ckpt_300.pt,3,235,0.30387362837791443,0.05079784616827965,0.2882766127586365,"129,181,9,243,141","174,177,5,223,110",3:797:2|3:7:1|3:9:1
ckpt_300.pt,3,236,0.33670470118522644,0.0575481578707695,0.34467071294784546,"183,11,156,201,66","19,123,52,87,207",3:44:2|3:133:2|3:222:2
ckpt_300.pt,3,237,0.34210216999053955,0.0838719829916954,0.32906678318977356,"221,213,128,121,232","118,15,44,127,167",3:330:2|3:377:2|3:542:2
ckpt_300.pt,3,238,0.33457911014556885,0.06822462379932404,0.29866376519203186,"118,83,139,138,157","144,0,216,133,199",3:487:2|3:29:1|3:63:1
ckpt_300.pt,3,239,0.3284006714820862,0.05553059279918671,0.33721858263015747,"198,189,14,134,52","159,148,174,240,109",3:963:2|3:5:1|3:12:1
ckpt_300.pt,3,240,0.32755982875823975,0.053207769989967346,0.30552515387535095,"167,62,12,187,142","220,142,236,213,76",3:431:2|3:544:2|3:774:2
ckpt_300.pt,3,241,0.32380369305610657,0.06342104077339172,0.3357579708099365,"248,157,213,59,142","247,17,131,60,38",3:195:2|3:766:2|3:24:1
ckpt_300.pt,3,242,0.34004709124565125,0.06463426351547241,0.3103843331336975,"19,196,238,168,119","31,177,192,27,214",3:570:2|3:592:2|3:679:2
ckpt_300.pt,3,243,0.3454989790916443,0.05547301098704338,0.3217509388923645,"139,85,237,150,47","225,234,126,152,222",3:49:2|3:158:2|3:801:2
ckpt_300.pt,3,244,0.33589327335357666,0.0722675770521164,0.31567999720573425,"175,153,118,203,182","199,233,163,216,3",3:169:2|3:316:2|3:371:2
ckpt_300.pt,3,245,0.32721078395843506,0.06470141559839249,0.33853891491889954,"115,219,249,139,98","108,153,241,200,63",3:10:1|3:27:1|3:29:1
ckpt_300.pt,3,246,0.32182133197784424,0.059619493782520294,0.3401382863521576,"28,34,99,41,11","251,76,1,232,13",3:24:2|3:14:1|3:23:1
ckpt_300.pt,3,247,0.3300650715827942,0.05293591693043709,0.3136778175830841,"162,187,193,123,244","32,116,92,29,77",3:106:2|3:182:2|3:783:2
ckpt_300.pt,3,248,0.33548209071159363,0.055712439119815826,0.32977986335754395,"213,252,104,160,110","202,229,3,24,101",3:304:2|3:687:2|3:3:1
ckpt_300.pt,3,249,0.35026246309280396,0.07413052767515182,0.3381804823875427,"23,41,170,187,253","13,162,60,85,83",3:23:2|3:352:2|3:1:1
ckpt_300.pt,3,250,0.3166201710700989,0.06983359158039093,0.3298724293708801,"173,150,96,31,29","63,236,129,134,126",3:183:2|3:712:2|3:0:1
ckpt_300.pt,3,251,0.359406977891922,0.06924904137849808,0.3337361216545105,"205,0,118,147,159","22,152,65,237,100",3:29:2|3:151:2|3:659:2
ckpt_300.pt,3,252,0.3385836184024811,0.0632767602801323,0.3470730185508728,"107,28,161,137,42","34,102,18,168,225",3:89:2|3:630:2|3:736:2
ckpt_300.pt,3,253,0.3116861879825592,0.05962100625038147,0.3423096239566803,"77,14,191,80,4","152,125,234,126,1",3:296:2|3:367:2|3:795:2
ckpt_300.pt,3,254,0.31669288873672485,0.06374744325876236,0.32290828227996826,"119,86,206,48,254","221,247,67,152,94",3:904:3|3:580:2|3:853:2
ckpt_300.pt,3,255,0.3249489963054657,0.0632593035697937,0.33912771940231323,"240,71,41,162,25","222,87,231,85,216",3:689:2|3:775:2|3:22:1
ckpt_300.pt,3,256,0.34499049186706543,0.06221217289566994,0.35227274894714355,"211,253,66,55,85","93,114,168,165,66",3:693:2|3:1:1|3:10:1
ckpt_300.pt,3,257,0.33969810605049133,0.07623949646949768,0.33392757177352905,"176,67,8,115,250","202,180,238,51,8",3:563:2|3:10:1|3:12:1
ckpt_300.pt,3,258,0.3170892000198364,0.05696450173854828,0.33090895414352417,"223,120,221,44,41","34,3,108,22,40",3:67:2|3:507:2|3:990:2
ckpt_300.pt,3,259,0.32779380679130554,0.06550492346286774,0.3426763713359833,"198,171,85,70,239","229,246,201,240,119",3:350:2|3:397:2|3:499:2
ckpt_300.pt,3,260,0.32638317346572876,0.05917034670710564,0.3317141532897949,"108,206,62,215,133","159,46,146,160,76",3:889:2|3:16:1|3:17:1
ckpt_300.pt,3,261,0.3465476632118225,0.06261477619409561,0.33957695960998535,"218,152,16,186,160","176,113,160,206,62",3:515:2|3:739:2|3:798:2
ckpt_300.pt,3,262,0.33546409010887146,0.06995692104101181,0.32597458362579346,"33,170,140,184,171","63,11,229,94,145",3:340:2|3:728:2|3:850:2
ckpt_300.pt,3,263,0.34490928053855896,0.053943466395139694,0.3138068914413452,"98,65,240,30,5","4,142,114,86,218",3:806:2|3:823:2|3:41:1
ckpt_300.pt,3,264,0.3234265148639679,0.06283105164766312,0.341219037771225,"165,131,207,102,94","240,44,135,156,195",3:442:3|3:803:2|3:824:2
ckpt_300.pt,3,265,0.33787116408348083,0.054446060210466385,0.347782164812088,"2,95,56,15,191","244,231,190,165,129",3:160:2|3:570:2|3:7:1
ckpt_300.pt,3,266,0.34800317883491516,0.06309981644153595,0.3207222819328308,"222,205,143,203,31","109,153,168,216,221",3:35:2|3:451:2|3:572:2
ckpt_300.pt,3,267,0.33102452754974365,0.07030870020389557,0.3359367549419403,"61,13,14,16,241","16,40,55,72,177",3:323:2|3:430:2|3:0:1
ckpt_300.pt,3,268,0.33451607823371887,0.07238117605447769,0.30558308959007263,"42,197,109,208,198","173,110,105,56,98",3:11:2|3:415:2|3:562:2
ckpt_300.pt,3,269,0.3037870526313782,0.06163463741540909,0.29772910475730896,"246,243,94,103,56","192,71,21,84,135",3:13:2|3:209:2|3:221:2
ckpt_300.pt,3,270,0.33939501643180847,0.0714595839381218,0.3174739181995392,"162,91,73,191,206","142,25,188,29,98",3:8:2|3:45:2|3:286:2
ckpt_300.pt,3,271,0.33625635504722595,0.06710776686668396,0.3346375524997711,"117,147,249,162,233","194,208,12,254,154",3:646:2|3:860:2|3:865:2
ckpt_300.pt,3,272,0.36465415358543396,0.07497090101242065,0.33409643173217773,"199,198,193,69,206","239,162,181,95,133",3:207:2|3:413:2|3:904:2
ckpt_300.pt,3,273,0.346496045589447,0.059078432619571686,0.33102086186408997,"39,17,76,125,250","50,75,47,156,158",3:435:2|3:472:2|3:737:2
ckpt_300.pt,3,274,0.3416222333908081,0.0740952119231224,0.3190556764602661,"212,111,25,2,184","113,133,82,203,52",3:882:2|3:0:1|3:20:1
ckpt_300.pt,3,275,0.3169567584991455,0.05582105740904808,0.3051447570323944,"114,120,186,151,28","67,161,40,164,42",3:735:3|3:290:2|3:344:2
ckpt_300.pt,3,276,0.3305671811103821,0.05583185330033302,0.3241368532180786,"183,154,78,135,124","9,160,158,130,215",3:857:3|3:667:2|3:820:2
ckpt_300.pt,3,277,0.342306911945343,0.07342904061079025,0.32346194982528687,"217,227,222,32,219","67,153,106,66,188",3:203:2|3:214:2|3:914:2
ckpt_300.pt,3,278,0.3170397877693176,0.05458785966038704,0.33509165048599243,"77,22,90,96,79","253,229,181,8,193",3:106:2|3:600:2|3:606:2
ckpt_300.pt,3,279,0.33486977219581604,0.055145323276519775,0.3316793739795685,"153,88,116,191,55","47,244,157,55,153",3:188:2|3:384:2|3:512:2
ckpt_300.pt,3,280,0.3359423875808716,0.0681755319237709,0.31900838017463684,"2,129,87,62,210","121,19,173,110,72",3:156:2|3:310:2|3:394:2
ckpt_300.pt,3,281,0.35272344946861267,0.07286062091588974,0.3246256113052368,"219,74,114,155,236","123,15,25,211,36",3:340:2|3:27:1|3:58:1
ckpt_300.pt,3,282,0.34725654125213623,0.059445951133966446,0.3123779296875,"48,178,225,208,234","9,155,212,222,30",3:398:2|3:432:2|3:11:1
ckpt_300.pt,3,283,0.32751700282096863,0.07812468707561493,0.341029554605484,"149,197,170,225,51","229,141,60,184,53",3:11:2|3:574:2|3:993:2
ckpt_300.pt,3,284,0.3223292827606201,0.054163847118616104,0.33125239610671997,"47,187,184,68,137","146,157,4,194,81",3:50:2|3:585:2|3:947:2
ckpt_300.pt,3,285,0.3825678825378418,0.06694213300943375,0.3023875951766968,"153,42,59,140,97","155,181,172,53,128",3:370:2|3:880:2|3:15:1
ckpt_300.pt,3,286,0.349962443113327,0.06274163722991943,0.341152161359787,"73,69,91,70,122","202,182,217,62,35",3:45:2|3:270:2|3:336:2
ckpt_300.pt,3,287,0.3284211754798889,0.04971110448241234,0.3128764033317566,"173,157,13,40,89","142,72,12,222,128",3:55:2|3:122:2|3:170:2
ckpt_300.pt,3,288,0.3528722822666168,0.06427337974309921,0.35220712423324585,"20,147,163,32,151","55,187,166,252,168",3:292:2|3:368:2|3:0:1
ckpt_300.pt,3,289,0.3593020439147949,0.06325378268957138,0.3464989960193634,"189,115,17,110,57","248,55,244,167,40",3:10:1|3:19:1|3:22:1
ckpt_300.pt,3,290,0.3366498351097107,0.06715163588523865,0.33532869815826416,"116,111,186,114,127","90,89,189,230,223",3:275:2|3:575:2|3:735:2
ckpt_300.pt,3,291,0.32506945729255676,0.05314812809228897,0.3178972005844116,"32,46,38,2,186","183,122,174,137,62",3:5:1|3:15:1|3:17:1
ckpt_300.pt,3,292,0.3427946865558624,0.05456142872571945,0.3285445272922516,"130,32,0,163,17","33,129,238,122,65",3:288:2|3:334:2|3:971:2
ckpt_300.pt,3,293,0.30978894233703613,0.05219089984893799,0.3431922197341919,"186,146,126,219,252","214,155,251,197,54",3:86:2|3:102:2|3:185:2
ckpt_300.pt,3,294,0.30304551124572754,0.05064793676137924,0.3264216184616089,"238,206,111,246,209","148,178,89,80,132",3:178:2|3:436:2|3:906:2
ckpt_300.pt,3,295,0.3310821056365967,0.061302099376916885,0.34427493810653687,"26,35,81,178,72","14,27,62,35,196",3:308:3|3:416:2|3:916:2
ckpt_300.pt,3,296,0.31695252656936646,0.07042983174324036,0.30900412797927856,"191,31,206,38,77","83,58,77,68,147",3:150:2|3:253:2|3:270:2
ckpt_300.pt,3,297,0.33588337898254395,0.0634651780128479,0.29673585295677185,"140,194,189,101,75","58,28,243,15,213",3:51:2|3:680:2|3:836:2
ckpt_300.pt,3,298,0.3677767217159271,0.058469679206609726,0.3368176221847534,"207,186,110,148,135","233,236,32,179,89",3:821:2|3:3:1|3:31:1
ckpt_300.pt,3,299,0.31973499059677124,0.0501607321202755,0.3392096757888794,"195,102,119,74,93","181,229,184,145,251",3:37:2|3:40:2|3:76:2
ckpt_300.pt,3,300,0.3301766812801361,0.07085656374692917,0.35223856568336487,"150,37,26,118,16","165,168,230,146,203",3:548:2|3:635:2|3:824:2
ckpt_300.pt,3,301,0.3773859441280365,0.10108443349599838,0.3602352440357208,"224,229,185,70,77","31,177,126,199,233",3:393:2|3:4:1|3:5:1
ckpt_300.pt,3,302,0.3365507125854492,0.06495916098356247,0.33374834060668945,"248,13,94,100,88","188,118,48,111,255",3:144:3|3:42:2|3:518:2
ckpt_300.pt,3,303,0.3554137051105499,0.06407056748867035,0.3481144607067108,"121,84,236,112,18","168,134,241,252,96",3:304:2|3:630:2|3:16:1
ckpt_300.pt,3,304,0.3451758623123169,0.06333962827920914,0.3477723002433777,"104,160,18,236,1","74,133,210,218,148",3:248:2|3:303:2|3:357:2
ckpt_300.pt,3,305,0.32307061553001404,0.06916589289903641,0.3425862193107605,"49,26,31,238,194","40,13,165,39,119",3:149:2|3:178:2|3:396:2
ckpt_300.pt,3,306,0.31829649209976196,0.05168003961443901,0.3430865705013275,"249,120,88,126,140","175,186,192,105,195",3:841:2|3:3:1|3:7:1
ckpt_300.pt,3,307,0.3102954924106598,0.0697026252746582,0.30594924092292786,"115,82,239,212,31","27,31,132,78,109",3:0:2|3:323:2|3:831:2
ckpt_300.pt,3,308,0.3050999045372009,0.05682583525776863,0.307293176651001,"72,239,35,81,107","207,27,144,28,208",3:295:3|3:537:2|3:858:2
ckpt_300.pt,3,309,0.3126077353954315,0.06730450689792633,0.3080620765686035,"41,9,136,59,52","223,46,235,131,139",3:423:2|3:19:1|3:22:1
ckpt_300.pt,3,310,0.3402983844280243,0.05645667389035225,0.3221379816532135,"4,185,31,210,87","152,53,208,16,13",3:35:2|3:149:2|3:280:2
ckpt_300.pt,3,311,0.31696781516075134,0.055216796696186066,0.31978777050971985,"6,175,227,152,42","73,49,100,32,81",3:495:2|3:605:2|3:849:2
ckpt_300.pt,3,312,0.32057610154151917,0.06632104516029358,0.3113330006599426,"127,157,227,238,106","28,253,59,125,117",3:23:2|3:178:2|3:2:1
ckpt_300.pt,3,313,0.3145085275173187,0.05636850744485855,0.3096689283847809,"128,214,50,69,83","13,0,223,164,206",3:48:2|3:483:2|3:704:2
ckpt_300.pt,3,314,0.3124639093875885,0.05791684612631798,0.3128851652145386,"102,53,30,72,183","36,95,98,122,182",3:574:3|3:978:2|3:6:1
ckpt_300.pt,3,315,0.3416331708431244,0.07036157697439194,0.3390096127986908,"47,149,141,29,227","75,229,129,95,247",3:348:2|3:389:2|3:581:2
ckpt_300.pt,3,316,0.3464769423007965,0.06053198128938675,0.3600276708602905,"151,13,153,134,182","80,10,110,130,224",3:210:2|3:244:2|3:370:2
ckpt_300.pt,3,317,0.3704175651073456,0.056111034005880356,0.33853837847709656,"179,65,17,218,99","33,177,239,138,126",3:196:2|3:4:1|3:9:1
ckpt_300.pt,3,318,0.33989444375038147,0.060515135526657104,0.32987937331199646,"24,191,243,199,236","212,133,147,134,97",3:357:2|3:630:2|3:653:2
ckpt_300.pt,3,319,0.3302971422672272,0.05934624746441841,0.32570672035217285,"232,140,230,151,14","152,190,193,235,183",3:492:2|3:2:1|3:12:1
ckpt_300.pt,3,320,0.34835565090179443,0.056458182632923126,0.3193604052066803,"217,150,240,59,229","86,151,145,56,95",3:20:1|3:49:1|3:51:1
ckpt_300.pt,3,321,0.3399708569049835,0.07294256240129471,0.331763356924057,"102,246,120,25,152","214,5,146,195,134",3:738:3|3:922:2|3:3:1
ckpt_300.pt,3,322,0.3329678177833557,0.06420866400003433,0.334408700466156,"139,131,4,243,119","157,135,239,244,255",3:37:2|3:145:2|3:672:2
ckpt_300.pt,3,323,0.32317039370536804,0.055236171931028366,0.34259793162345886,"14,239,115,13,222","16,28,233,218,255",3:267:2|3:307:2|3:367:2
ckpt_300.pt,3,324,0.3506815731525421,0.07204429060220718,0.34444287419319153,"141,121,28,44,71","199,191,51,39,97",3:684:2|3:7:1|3:13:1
ckpt_300.pt,3,325,0.3254719078540802,0.06824566423892975,0.3283698856830597,"232,57,126,183,143","73,240,22,2,62",3:79:2|3:438:2|3:532:2
ckpt_300.pt,3,326,0.3246331214904785,0.05691656097769737,0.33931872248649597,"17,254,215,237,46","179,173,35,194,110",3:103:2|3:140:2|3:196:2
ckpt_300.pt,3,327,0.33339908719062805,0.06034032627940178,0.3599942922592163,"180,77,122,110,114","205,3,44,227,117",3:393:2|3:623:2|3:3:1
ckpt_300.pt,3,328,0.3667577803134918,0.06787002086639404,0.32703152298927307,"89,115,208,100,140","153,58,249,142,179",3:10:2|3:379:2|3:831:2
ckpt_300.pt,3,329,0.3557073473930359,0.06779506802558899,0.32549411058425903,"203,74,111,109,196","109,12,187,55,119",3:163:2|3:368:2|3:386:2
ckpt_300.pt,3,330,0.30952244997024536,0.04932303726673126,0.3335746228694916,"224,121,165,136,232","83,118,156,164,226",3:237:2|3:684:2|3:717:2
ckpt_300.pt,3,331,0.31454285979270935,0.06207174062728882,0.33909305930137634,"48,3,44,209,55","54,153,21,133,248",3:11:1|3:13:1|3:20:1
ckpt_300.pt,3,332,0.347685307264328,0.07556276023387909,0.3332536220550537,"194,202,119,229,205","211,46,227,26,80",3:567:2|3:669:2|3:672:2
ckpt_300.pt,3,333,0.3101404905319214,0.04670032486319542,0.33905959129333496,"246,57,87,169,30","83,200,207,210,52",3:365:2|3:754:2|3:896:2
ckpt_300.pt,3,334,0.34627407789230347,0.07744893431663513,0.3264448642730713,"198,130,163,185,30","46,98,242,36,91",3:292:2|3:364:2|3:384:2
ckpt_300.pt,3,335,0.3671617805957794,0.06590237468481064,0.32041242718696594,"46,207,158,238,45","55,17,159,50,237",3:679:2|3:23:1|3:53:1
ckpt_300.pt,3,336,0.34732723236083984,0.06961720436811447,0.34684985876083374,"73,70,59,250,0","30,101,77,235,140",3:97:2|3:286:2|3:860:2
ckpt_300.pt,3,337,0.3500175178050995,0.07453607767820358,0.3362950086593628,"203,223,95,80,142","32,54,28,194,94",3:768:2|3:861:2|3:2:1
ckpt_300.pt,3,338,0.35667967796325684,0.09863409399986267,0.34334373474121094,"162,36,246,12,159","127,217,175,51,236",3:199:2|3:466:2|3:711:2
ckpt_300.pt,3,339,0.3462584614753723,0.07021386176347733,0.3314293622970581,"247,189,219,69,46","78,249,114,181,51",3:120:2|3:417:2|3:692:2
ckpt_300.pt,3,340,0.3027181327342987,0.06051076576113701,0.30826514959335327,"114,229,171,155,184","197,147,196,244,164",3:262:2|3:281:2|3:695:2
ckpt_300.pt,3,341,0.33788004517555237,0.0704236626625061,0.3458092212677002,"94,15,129,190,19","147,193,151,185,66",3:104:2|3:560:2|3:8:1
ckpt_300.pt,3,342,0.35319769382476807,0.06156778708100319,0.33564525842666626,"169,236,164,80,161","208,109,107,120,12",3:630:2|3:646:2|3:768:2
ckpt_300.pt,3,343,0.3405798673629761,0.05872850492596626,0.32379359006881714,"121,123,16,163,81","191,123,101,204,74",3:627:2|3:984:2|3:1001:2
ckpt_300.pt,3,344,0.35184764862060547,0.08286544680595398,0.3431868851184845,"51,99,114,1,151","30,213,227,124,107",3:275:2|3:420:2|3:444:2
ckpt_300.pt,3,345,0.31920039653778076,0.0620083324611187,0.3187698423862457,"95,244,196,204,221","19,35,217,84,68",3:172:2|3:377:2|3:7:1
ckpt_300.pt,3,346,0.34642186760902405,0.07096070796251297,0.32004615664482117,"108,242,168,141,199","223,149,151,26,213",3:462:2|3:607:2|3:786:2
ckpt_300.pt,3,347,0.32234466075897217,0.08697828650474548,0.33539459109306335,"237,251,220,143,190","80,175,63,225,39",3:26:2|3:543:2|3:760:2
ckpt_300.pt,3,348,0.3092731535434723,0.0664900541305542,0.31241464614868164,"47,6,149,77,116","115,225,165,132,98",3:21:2|3:315:2|3:869:2
ckpt_300.pt,3,349,0.32977768778800964,0.06953946501016617,0.31815990805625916,"72,70,15,120,169","181,40,194,222,7",3:34:2|3:198:2|3:715:2
ckpt_300.pt,3,350,0.3442707061767578,0.07025116682052612,0.3365683853626251,"25,109,153,171,239","111,252,150,59,78",3:103:2|3:179:2|3:259:2
ckpt_300.pt,3,351,0.30985477566719055,0.06420864909887314,0.3408927619457245,"175,69,148,111,216","3,161,70,12,175",3:125:2|3:413:2|3:784:2
ckpt_300.pt,3,352,0.3452267646789551,0.05507102608680725,0.32896214723587036,"98,192,253,210,170","81,76,235,69,110",3:23:2|3:41:2|3:71:2
ckpt_300.pt,3,353,0.3367477357387543,0.06947875767946243,0.3408885896205902,"156,131,50,174,21","115,73,158,255,190",3:99:2|3:128:2|3:16:1
ckpt_300.pt,3,354,0.32385537028312683,0.06896959990262985,0.3226338028907776,"206,12,242,148,130","199,238,114,15,19",3:509:2|3:571:2|3:637:2
ckpt_300.pt,3,355,0.3480933904647827,0.061789922416210175,0.33997616171836853,"146,31,98,193,191","35,183,119,108,126",3:108:2|3:296:2|3:0:1
ckpt_300.pt,3,356,0.30971840023994446,0.06101052835583687,0.3037569522857666,"105,80,195,202,221","119,47,3,233,0",3:367:2|3:482:2|3:876:2
ckpt_300.pt,3,357,0.31440281867980957,0.051920805126428604,0.3503483831882477,"160,250,101,24,236","79,111,241,152,108",3:304:2|3:318:2|3:653:2
ckpt_300.pt,3,358,0.3426987826824188,0.06376881152391434,0.3370373249053955,"140,234,20,181,27","154,198,62,132,168",3:547:2|3:25:1|3:30:1
ckpt_300.pt,3,359,0.3143440783023834,0.05628066137433052,0.3228663206100464,"102,235,133,36,194","129,247,73,176,48",3:38:3|3:1:1|3:103:1
ckpt_300.pt,3,360,0.3366703689098358,0.05761081725358963,0.32479041814804077,"128,5,203,140,188","173,18,210,137,123",3:159:2|3:363:2|3:476:2
ckpt_300.pt,3,361,0.3468761742115021,0.0635528713464737,0.3285123407840729,"150,140,201,39,56","19,86,20,53,210",3:91:2|3:843:2|3:939:2
ckpt_300.pt,3,362,0.3054136335849762,0.05682821571826935,0.3283960819244385,"151,7,2,250,60","30,166,221,63,89",3:737:2|3:764:2|3:19:1
ckpt_300.pt,3,363,0.3396050035953522,0.06827004998922348,0.33659765124320984,"237,128,5,115,238","190,57,186,237,201",3:159:2|3:360:2|3:603:2
ckpt_300.pt,3,364,0.31593057513237,0.055774953216314316,0.32152605056762695,"105,30,163,90,40","169,5,183,28,200",3:334:2|3:55:1|3:63:1
ckpt_300.pt,3,365,0.32792389392852783,0.06523504853248596,0.30701443552970886,"30,121,254,246,15","75,133,130,62,88",3:34:2|3:104:2|3:225:2
ckpt_300.pt,3,366,0.3144504725933075,0.052765484899282455,0.31111034750938416,"125,232,244,174,19","102,54,108,5,185",3:438:2|3:717:2|3:8:1
ckpt_300.pt,3,367,0.33406320214271545,0.05526017025113106,0.3498539626598358,"14,133,115,221,80","104,238,160,109,136",3:253:2|3:323:2|3:356:2
ckpt_300.pt,3,368,0.31229695677757263,0.06091560795903206,0.33118489384651184,"109,131,163,196,147","207,101,250,140,117",3:161:2|3:288:2|3:329:2
ckpt_300.pt,3,369,0.3439970016479492,0.06352348625659943,0.3169313967227936,"209,127,20,0,54","94,144,169,158,191",3:39:2|3:189:2|3:491:2
ckpt_300.pt,3,370,0.31125059723854065,0.05359005182981491,0.32902413606643677,"85,134,132,97,153","14,177,125,40,212",3:12:2|3:80:2|3:191:2
ckpt_300.pt,3,371,0.3366824984550476,0.0662565678358078,0.32614755630493164,"199,175,10,98,182","34,27,80,37,66",3:244:2|3:413:2|3:495:2
ckpt_300.pt,3,372,0.30965572595596313,0.04902816191315651,0.31933069229125977,"228,122,48,205,153","195,131,187,78,241",3:136:2|3:506:2|3:935:2
ckpt_300.pt,3,373,0.3306921124458313,0.06033431366086006,0.3342008888721466,"6,228,103,78,43","19,168,177,86,218",3:33:2|3:14:1|3:21:1
ckpt_300.pt,3,374,0.319887638092041,0.06858744472265244,0.33105459809303284,"250,254,158,98,137","77,12,234,53,13",3:582:2|3:737:2|3:744:2
ckpt_300.pt,3,375,0.33295920491218567,0.06065106391906738,0.34276682138442993,"29,190,120,67,91","243,199,77,4,144",3:738:2|3:1009:2|3:3:1
ckpt_300.pt,3,376,0.3425303101539612,0.06896666437387466,0.3234938085079193,"217,194,215,159,28","83,17,31,212,85",3:140:2|3:433:2|3:817:2
ckpt_300.pt,3,377,0.35071951150894165,0.055592507123947144,0.3396665155887604,"196,221,29,206,121","196,122,183,19,120",3:65:2|3:237:2|3:345:2
ckpt_300.pt,3,378,0.34417226910591125,0.06086575984954834,0.3275893032550812,"66,230,9,114,248","204,41,224,70,153",3:144:2|3:575:2|3:720:2
ckpt_300.pt,3,379,0.3350261151790619,0.07140173763036728,0.3427566885948181,"4,208,100,150,70","144,44,203,85,38",3:328:2|3:447:2|3:501:2
ckpt_300.pt,3,380,0.3132256865501404,0.054576076567173004,0.3182736337184906,"173,164,124,91,242","81,167,150,160,149",3:392:3|3:25:2|3:45:2
ckpt_300.pt,3,381,0.34266218543052673,0.06693056225776672,0.3427214026451111,"45,166,215,89,211","229,219,56,3,245",3:116:2|3:166:2|3:181:2
ckpt_300.pt,3,382,0.36241036653518677,0.07765810936689377,0.3296011686325073,"69,244,1,81,209","43,129,222,132,156",3:2:2|3:25:1|3:36:1
ckpt_300.pt,3,383,0.3513612747192383,0.05744779855012894,0.353695809841156,"111,107,156,76,123","101,182,223,254,251",3:231:2|3:883:2|3:1011:2
ckpt_300.pt,3,384,0.35532230138778687,0.06650558859109879,0.32818102836608887,"130,21,30,55,191","236,184,186,37,128",3:279:2|3:334:2|3:429:2
ckpt_300.pt,3,385,0.352083683013916,0.07252491265535355,0.3609316051006317,"199,172,83,207,41","250,31,122,56,201",3:63:2|3:233:2|3:686:2
ckpt_300.pt,3,386,0.3805899918079376,0.06674323230981827,0.33620065450668335,"141,196,209,75,109","13,105,190,133,204",3:138:2|3:329:2|3:368:2
ckpt_300.pt,3,387,0.3445514738559723,0.06532672047615051,0.345814049243927,"42,125,83,101,238","255,120,170,183,71",3:186:2|3:213:2|3:816:2
ckpt_300.pt,3,388,0.32292214035987854,0.05574074387550354,0.33214709162712097,"69,238,17,112,173","98,81,12,104,95",3:25:2|3:541:2|3:23:1
ckpt_300.pt,3,389,0.34587734937667847,0.0790620893239975,0.33797788619995117,"86,149,19,219,141","244,218,203,144,143",3:58:2|3:315:2|3:7:1
ckpt_300.pt,3,390,0.3450555205345154,0.06662497669458389,0.32990503311157227,"45,181,248,233,90","222,208,28,46,204",3:551:2|3:891:2|3:898:2
ckpt_300.pt,3,391,0.33664071559906006,0.05981368571519852,0.33710625767707825,"151,97,204,78,46","110,60,126,79,3",3:606:2|3:712:2|3:30:1
ckpt_300.pt,3,392,0.3588676154613495,0.06703408807516098,0.32218241691589355,"173,184,91,164,196","231,149,4,53,14",3:380:3|3:45:2|3:489:2
ckpt_300.pt,3,393,0.3312150835990906,0.06736845523118973,0.32107779383659363,"77,70,158,110,107","145,208,56,42,251",3:301:2|3:327:2|3:623:2
ckpt_300.pt,3,394,0.3460984528064728,0.061301082372665405,0.332535058259964,"107,234,124,62,129","130,85,13,119,63",3:119:2|3:133:2|3:156:2
ckpt_300.pt,3,395,0.33262574672698975,0.06318067759275436,0.32059791684150696,"91,59,228,27,187","46,73,220,0,33",3:152:2|3:8:1|3:25:1
ckpt_300.pt,3,396,0.3252163529396057,0.06968837976455688,0.31879425048828125,"153,49,194,110,168","196,181,245,254,33",3:202:2|3:305:2|3:745:2
ckpt_300.pt,3,397,0.33808383345603943,0.054395828396081924,0.31430116295814514,"21,4,171,239,232","117,124,93,11,143",3:882:3|3:259:2|3:350:2
ckpt_300.pt,3,398,0.32346242666244507,0.06361473351716995,0.3330933749675751,"194,142,225,104,234","43,141,86,42,6",3:282:2|3:537:2|3:12:1
ckpt_300.pt,3,399,0.3127947449684143,0.06376462429761887,0.3445584177970886,"42,129,23,202,255","237,155,146,124,3",3:603:2|3:1012:2|3:17:1
ckpt_300.pt,3,400,0.314996600151062,0.05888063833117485,0.3091151714324951,"254,231,130,68,122","206,168,40,174,42",3:935:2|3:50:1|3:59:1
ckpt_300.pt,3,401,0.3201126456260681,0.05852537602186203,0.3292500972747803,"60,71,175,212,74","203,1,198,9,135",3:587:2|3:733:2|3:0:1
ckpt_300.pt,3,402,0.3226689398288727,0.07386529445648193,0.3084232211112976,"0,93,126,38,25","128,125,81,36,205",3:111:2|3:22:1|3:30:1
ckpt_300.pt,3,403,0.3291281461715698,0.05830025300383568,0.34042149782180786,"245,253,230,252,35","106,38,249,221,54",3:185:2|3:683:2|3:1:1
ckpt_300.pt,3,404,0.3014209568500519,0.0522133894264698,0.35306236147880554,"71,45,155,173,157","205,10,159,125,164",3:129:2|3:170:2|3:205:2
ckpt_300.pt,3,405,0.3352975845336914,0.05232404172420502,0.32637593150138855,"89,180,74,181,156","56,3,21,38,153",3:806:2|3:3:1|3:10:1
ckpt_300.pt,3,406,0.3235095739364624,0.05762029066681862,0.3073854148387909,"11,189,31,214,255","223,23,172,162,82",3:692:2|3:926:2|3:932:2
ckpt_300.pt,3,407,0.33355483412742615,0.06342951953411102,0.3751586973667145,"177,244,37,46,135","221,146,2,48,47",3:453:2|3:591:2|3:705:2
ckpt_300.pt,3,408,0.3407680094242096,0.07936373353004456,0.3372878134250641,"119,37,180,52,248","36,231,96,144,136",3:705:2|3:3:1|3:24:1
ckpt_300.pt,3,409,0.3512113094329834,0.07477989047765732,0.314179003238678,"11,124,178,12,24","248,173,203,60,176",3:641:2|3:667:2|3:926:2
ckpt_300.pt,3,410,0.3330819308757782,0.05995497480034828,0.31940579414367676,"47,182,193,19,27","93,30,34,42,71",3:182:2|3:791:2|3:959:2
ckpt_300.pt,3,411,0.3343152105808258,0.06369703263044357,0.33911722898483276,"151,195,206,252,47","89,138,251,6,20",3:729:2|3:15:1|3:40:1
ckpt_300.pt,3,412,0.3181118071079254,0.05559360980987549,0.31452488899230957,"129,14,178,197,87","116,51,235,166,130",3:280:2|3:492:2|3:6:1
ckpt_300.pt,3,413,0.3320956826210022,0.07731133699417114,0.32617413997650146,"104,199,175,25,69","221,59,223,71,143",3:272:2|3:351:2|3:371:2
ckpt_300.pt,3,414,0.36732909083366394,0.0659702867269516,0.34343454241752625,"8,87,12,184,95","4,87,29,114,70",3:585:2|3:805:2|3:896:2
ckpt_300.pt,3,415,0.3353058099746704,0.05544638633728027,0.30601105093955994,"169,54,223,42,198","138,232,159,118,218",3:134:2|3:268:2|3:853:2
ckpt_300.pt,3,416,0.3319586217403412,0.0654871016740799,0.3268321752548218,"81,0,218,178,75","255,112,42,82,84",3:124:2|3:141:2|3:295:2
ckpt_300.pt,3,417,0.3232073187828064,0.05950889363884926,0.35143670439720154,"219,247,161,226,162","4,42,24,171,79",3:339:2|3:764:2|3:11:1
ckpt_300.pt,3,418,0.32183530926704407,0.0629592314362526,0.34162211418151855,"129,196,224,249,61","66,193,144,36,244",3:126:2|3:138:2|3:998:2
ckpt_300.pt,3,419,0.34358686208724976,0.070181705057621,0.35303202271461487,"221,117,100,2,129","170,101,221,203,47",3:280:2|3:622:2|3:731:2
ckpt_300.pt,3,420,0.34256651997566223,0.06004169583320618,0.3310634195804596,"99,75,114,252,202","153,220,35,126,11",3:52:2|3:138:2|3:215:2
ckpt_300.pt,3,421,0.322039932012558,0.05114345997571945,0.32353803515434265,"146,27,233,230,120","191,36,223,23,195",3:230:2|3:539:2|3:972:2
ckpt_300.pt,3,422,0.3180857002735138,0.051614608615636826,0.3393957316875458,"23,155,81,31,80","216,244,221,239,123",3:2:2|3:118:2|3:226:2
ckpt_300.pt,3,423,0.3576430678367615,0.09821650385856628,0.31374648213386536,"41,59,214,148,39","79,84,41,198,243",3:309:2|3:875:2|3:1:1
ckpt_300.pt,3,424,0.3361676335334778,0.0701521560549736,0.3246415853500366,"112,131,239,7,117","143,184,131,153,249",3:14:1|3:20:1|3:25:1
ckpt_300.pt,3,425,0.3458282947540283,0.05985959619283676,0.35642480850219727,"122,97,249,163,213","148,84,69,194,232",3:955:2|3:30:1|3:33:1
ckpt_300.pt,3,426,0.3347848057746887,0.05647774785757065,0.3403818607330322,"97,92,220,63,145","12,234,123,71,28",3:233:2|3:8:1|3:30:1
ckpt_300.pt,3,427,0.3320767879486084,0.06180671975016594,0.3445509374141693,"70,62,144,17,149","163,71,85,191,153",3:4:1|3:17:1|3:22:1
ckpt_300.pt,3,428,0.3296862840652466,0.06652243435382843,0.33989423513412476,"182,133,71,200,22","27,85,136,52,74",3:0:1|3:4:1|3:42:1
ckpt_300.pt,3,429,0.33637017011642456,0.06552063673734665,0.3338302671909332,"30,143,55,24,61","188,161,231,36,207",3:384:2|3:504:2|3:701:2
ckpt_300.pt,3,430,0.3364922106266022,0.06196117401123047,0.30255135893821716,"254,241,16,182,39","126,241,199,70,69",3:210:2|3:267:2|3:477:2
ckpt_300.pt,3,431,0.34231483936309814,0.08276263624429703,0.31083470582962036,"168,65,62,219,12","17,211,230,143,34",3:240:2|3:734:2|3:918:2
ckpt_300.pt,3,432,0.3317454159259796,0.057237934321165085,0.3395163416862488,"225,208,212,28,22","194,111,243,226,244",3:282:2|3:633:2|3:0:1
ckpt_300.pt,3,433,0.364000529050827,0.06869842112064362,0.33405810594558716,"77,252,215,28,72","116,96,172,246,241",3:184:2|3:376:2|3:817:2
ckpt_300.pt,3,434,0.33239346742630005,0.05148575082421303,0.316521018743515,"72,133,25,11,115","44,35,220,41,64",3:367:2|3:594:2|3:10:1
ckpt_300.pt,3,435,0.3458607494831085,0.06844618171453476,0.3337112367153168,"35,244,76,20,17","42,137,56,8,73",3:273:2|3:501:2|3:644:2
ckpt_300.pt,3,436,0.3282957375049591,0.061089884489774704,0.33642154932022095,"213,246,172,166,111","54,243,19,237,126",3:294:2|3:513:2|3:13:1
ckpt_300.pt,3,437,0.3310546576976776,0.059300970286130905,0.33031708002090454,"42,132,155,190,204","139,7,130,184,129",3:456:2|3:644:2|3:668:2
ckpt_300.pt,3,438,0.33992913365364075,0.06381893157958984,0.3218382000923157,"34,244,74,143,232","237,61,0,198,55",3:76:2|3:325:2|3:366:2
ckpt_300.pt,3,439,0.32836389541625977,0.06390120089054108,0.3415204882621765,"220,90,41,86,18","225,68,135,63,180",3:228:2|3:233:2|3:634:2
ckpt_300.pt,3,440,0.3529209494590759,0.07309390604496002,0.33031487464904785,"23,28,216,116,85","72,106,105,5,152",3:6:1|3:19:1|3:43:1
ckpt_300.pt,3,441,0.3146830201148987,0.06521584093570709,0.33381572365760803,"156,178,189,230,246","80,67,148,186,195",3:150:2|3:2:1|3:12:1
ckpt_300.pt,3,442,0.32399889826774597,0.055562574416399,0.3117939829826355,"64,165,131,11,207","82,253,166,123,116",3:264:3|3:148:2|3:161:2
ckpt_300.pt,3,443,0.3273763656616211,0.06962577253580093,0.34211671352386475,"21,39,31,231,128","201,113,108,234,194",3:926:2|3:0:1|3:1:1
ckpt_300.pt,3,444,0.3507460653781891,0.06772896647453308,0.3377513289451599,"208,99,151,137,205","104,245,57,142,34",3:344:2|3:825:2|3:868:2
ckpt_300.pt,3,445,0.319000780582428,0.06951094418764114,0.35039079189300537,"186,180,57,234,222","106,63,104,123,143",3:117:2|3:595:2|3:759:2
ckpt_300.pt,3,446,0.3351548910140991,0.07399637997150421,0.31989264488220215,"34,144,0,29,2","103,212,153,33,32",3:609:2|3:18:1|3:24:1
ckpt_300.pt,3,447,0.3303714990615845,0.07174807041883469,0.3337738811969757,"100,188,150,6,179","175,92,40,49,21",3:21:2|3:379:2|3:4:1
ckpt_300.pt,3,448,0.3050815761089325,0.0595235601067543,0.3015141785144806,"45,79,204,21,113","250,108,159,112,177",3:690:2|3:951:2|3:46:1
ckpt_300.pt,3,449,0.3154769539833069,0.058200087398290634,0.32816463708877563,"177,145,95,247,140","150,127,99,24,253",3:7:1|3:11:1|3:15:1
ckpt_300.pt,3,450,0.3523809611797333,0.06251652538776398,0.3480863869190216,"7,166,160,53,47","162,247,73,20,58",3:15:2|3:3:1|3:6:1
ckpt_300.pt,3,451,0.346015602350235,0.05219665914773941,0.3431105613708496,"205,110,39,223,143","168,82,128,248,0",3:266:2|3:1:1|3:6:1
ckpt_300.pt,3,452,0.33091914653778076,0.057694993913173676,0.31774476170539856,"26,237,177,48,232","227,238,247,21,56",3:158:2|3:13:1|3:28:1
ckpt_300.pt,3,453,0.3507457375526428,0.06274254620075226,0.3031121492385864,"135,69,195,177,74","169,116,12,139,188",3:125:2|3:299:2|3:407:2
ckpt_300.pt,3,454,0.3405216634273529,0.05565306544303894,0.3299379348754883,"152,149,82,24,117","244,135,233,170,139",3:201:2|3:14:1|3:28:1
ckpt_300.pt,3,455,0.3282143175601959,0.06953082978725433,0.34770262241363525,"153,171,52,152,156","127,137,191,53,172",3:53:2|3:350:2|3:852:2
ckpt_300.pt,3,456,0.3375939726829529,0.05788298323750496,0.329229474067688,"140,190,136,7,204","194,108,90,80,203",3:668:3|3:437:2|3:527:2
ckpt_300.pt,3,457,0.38166940212249756,0.06860404461622238,0.3144579827785492,"255,64,156,45,227","31,60,212,2,52",3:874:2|3:16:1|3:23:1
ckpt_300.pt,3,458,0.3480748236179352,0.05554933473467827,0.3291754424571991,"33,224,168,134,29","58,115,116,90,214",3:46:2|3:684:2|3:937:2
ckpt_300.pt,3,459,0.3681465983390808,0.06749407202005386,0.3174714148044586,"228,157,208,60,26","161,238,219,18,47",3:711:2|3:11:1|3:28:1
ckpt_300.pt,3,460,0.32642117142677307,0.06916498392820358,0.3267717957496643,"58,238,76,12,163","229,29,19,155,22",3:588:2|3:815:2|3:845:2
ckpt_300.pt,3,461,0.37918007373809814,0.06555796414613724,0.33085188269615173,"179,55,154,208,243","118,18,4,218,54",3:11:2|3:113:2|3:193:2
ckpt_300.pt,3,462,0.3599051833152771,0.07125546783208847,0.3562338352203369,"231,168,141,182,92","162,91,121,219,211",3:346:2|3:723:2|3:991:2
ckpt_300.pt,3,463,0.3174772262573242,0.056413330137729645,0.32197776436805725,"123,226,188,249,114","193,97,125,54,153",3:57:2|3:627:2|3:22:1
ckpt_300.pt,3,464,0.3373112976551056,0.05572596937417984,0.3246133327484131,"203,227,28,98,97","163,102,0,88,143",3:80:2|3:23:1|3:30:1
ckpt_300.pt,3,465,0.3030878007411957,0.052503686398267746,0.33185672760009766,"212,90,128,57,68","239,34,115,7,79",3:652:2|3:0:1|3:29:1
ckpt_300.pt,3,466,0.3369296193122864,0.06249861419200897,0.33467164635658264,"254,176,36,186,12","154,123,128,11,133",3:103:2|3:338:2|3:654:2
ckpt_300.pt,3,467,0.3450407385826111,0.057529110461473465,0.3402640223503113,"79,215,160,219,8","57,72,44,130,89",3:564:2|3:750:2|3:856:2
ckpt_300.pt,3,468,0.37905341386795044,0.0805259644985199,0.3284420669078827,"158,86,255,123,168","213,112,26,226,77",3:1011:2|3:10:1|3:31:1
ckpt_300.pt,3,469,0.3303738534450531,0.05246517434716225,0.3173351585865021,"32,50,242,114,159","189,88,112,80,140",3:82:2|3:695:2|3:912:2
ckpt_300.pt,3,470,0.32359808683395386,0.06514504551887512,0.3569638133049011,"196,81,62,189,25","1,20,78,232,63",3:22:2|3:223:2|3:628:2
ckpt_300.pt,3,471,0.35580509901046753,0.0671406164765358,0.36695587635040283,"41,15,38,100,114","80,140,252,182,31",3:75:2|3:695:2|3:975:2
ckpt_300.pt,3,472,0.34207606315612793,0.054818570613861084,0.34966370463371277,"76,231,102,250,146","70,44,38,49,37",3:273:2|3:845:2|3:1:1
ckpt_300.pt,3,473,0.3299226462841034,0.06054602935910225,0.315042644739151,"225,213,76,193,188","187,162,120,204,98",3:887:2|3:980:2|3:12:1
ckpt_300.pt,3,474,0.33806952834129333,0.0640864372253418,0.338609516620636,"9,216,76,195,75","130,116,184,123,142",3:125:2|3:503:2|3:524:2
ckpt_300.pt,3,475,0.3307981789112091,0.060472272336483,0.36666104197502136,"126,156,165,115,13","56,215,44,65,193",3:16:2|3:197:2|3:323:2
ckpt_300.pt,3,476,0.3324127793312073,0.06085653230547905,0.36293715238571167,"35,140,5,222,55","53,60,125,2,174",3:360:2|3:915:2|3:939:2
ckpt_300.pt,3,477,0.35272377729415894,0.06233822554349899,0.3225618004798889,"79,39,208,81,254","167,74,242,67,75",3:430:2|3:1:1|3:2:1
ckpt_300.pt,3,478,0.32453158497810364,0.06896273046731949,0.33197087049484253,"216,49,139,140,162","66,43,149,89,52",3:108:2|3:649:2|3:915:2
ckpt_300.pt,3,479,0.33682069182395935,0.06669418513774872,0.33968251943588257,"130,88,84,212,199","217,219,29,27,25",3:855:2|3:0:1|3:7:1
ckpt_300.pt,3,480,0.37247738242149353,0.061677105724811554,0.3278055191040039,"61,197,133,136,226","228,243,251,58,109",3:536:2|3:727:2|3:993:2
ckpt_300.pt,3,481,0.3540118336677551,0.05968187004327774,0.3047584593296051,"231,99,52,163,226","68,63,16,22,106",3:22:1|3:30:1|3:52:1
ckpt_300.pt,3,482,0.31738758087158203,0.067535400390625,0.3539946377277374,"61,3,244,202,195","142,132,18,239,217",3:182:2|3:356:2|3:729:2
ckpt_300.pt,3,483,0.3547038733959198,0.06642906367778778,0.33807772397994995,"228,83,128,112,196","126,3,73,176,238",3:28:2|3:313:2|3:704:2
ckpt_300.pt,3,484,0.3578392565250397,0.06035342812538147,0.35294410586357117,"159,243,67,53,254","254,187,207,109,172",3:6:1|3:9:1|3:15:1
ckpt_300.pt,3,485,0.34497350454330444,0.059042006731033325,0.3204384744167328,"145,209,9,6,18","237,70,107,192,18",3:493:2|3:671:2|3:16:1
ckpt_300.pt,3,486,0.32538479566574097,0.07582085579633713,0.34788545966148376,"205,220,94,108,83","94,93,213,240,70",3:233:2|3:655:2|3:659:2
ckpt_300.pt,3,487,0.3657132089138031,0.06957003474235535,0.3031192123889923,"139,83,137,24,20","102,230,174,161,189",3:238:2|3:531:2|3:545:2
ckpt_300.pt,3,488,0.37424126267433167,0.07264299690723419,0.333355575799942,"56,147,70,142,195","34,231,193,2,1",3:4:2|3:707:2|3:767:2
ckpt_300.pt,3,489,0.32749679684638977,0.05873621627688408,0.3110397458076477,"164,198,34,57,173","234,193,71,113,46",3:76:2|3:81:2|3:380:2
ckpt_300.pt,3,490,0.33172956109046936,0.05907218158245087,0.33293232321739197,"255,138,9,235,180","151,103,99,193,61",3:859:2|3:3:1|3:19:1
ckpt_300.pt,3,491,0.30570077896118164,0.055529505014419556,0.3356294333934784,"20,185,79,209,19","102,181,157,147,115",3:369:2|3:493:2|3:779:2
ckpt_300.pt,3,492,0.3406449258327484,0.0700925812125206,0.3270076513290405,"63,41,129,230,14","30,209,8,244,225",3:319:2|3:412:2|3:539:2
ckpt_300.pt,3,493,0.2906976342201233,0.04942473769187927,0.3189637362957001,"156,185,6,209,166","16,137,205,120,73",3:485:2|3:491:2|3:5:1
ckpt_300.pt,3,494,0.32459205389022827,0.055530305951833725,0.3170010447502136,"194,94,146,151,82","98,83,82,182,181",3:822:2|3:1:1|3:13:1
ckpt_300.pt,3,495,0.3723739981651306,0.062244199216365814,0.35093802213668823,"182,59,175,227,14","174,155,202,10,219",3:244:2|3:311:2|3:371:2
ckpt_300.pt,3,496,0.3152080178260803,0.06802815198898315,0.3476867973804474,"23,217,67,10,39","67,111,8,17,110",3:94:2|3:568:2|3:704:2
ckpt_300.pt,3,497,0.33165109157562256,0.06724829971790314,0.3180660903453827,"238,219,234,73,3","115,195,183,51,217",3:739:2|3:9:1|3:20:1
ckpt_300.pt,3,498,0.3355368673801422,0.06405869126319885,0.3013859689235687,"85,182,131,220,185","45,4,177,245,44",3:723:2|3:871:2|3:5:1
ckpt_300.pt,3,499,0.3571977913379669,0.057745177298784256,0.317352831363678,"73,171,133,198,90","234,225,93,248,187",3:259:2|3:561:2|3:9:1
ckpt_300.pt,3,500,0.32714489102363586,0.058866944164037704,0.3252055048942566,"124,38,192,34,13","214,153,117,88,75",3:698:2|3:823:2|3:24:1
ckpt_300.pt,3,501,0.3341791033744812,0.056877654045820236,0.32487761974334717,"244,173,100,70,35","213,16,112,214,124",3:170:2|3:182:2|3:379:2
ckpt_300.pt,3,502,0.33676236867904663,0.06128509342670441,0.3233555555343628,"118,223,167,85,99","109,171,57,36,158",3:519:2|3:833:2|3:43:1
ckpt_300.pt,3,503,0.3364282548427582,0.06500018388032913,0.3159670829772949,"162,15,50,75,9","100,152,146,108,198",3:174:2|3:474:2|3:695:2
ckpt_300.pt,3,504,0.39541321992874146,0.07089382410049438,0.3473895490169525,"228,30,171,82,55","11,26,85,22,4",3:384:2|3:429:2|3:701:2
ckpt_300.pt,3,505,0.3240247368812561,0.057796966284513474,0.32795268297195435,"158,82,25,235,205","127,77,195,119,58",3:549:2|3:669:2|3:799:2
ckpt_300.pt,3,506,0.3401780426502228,0.06544604152441025,0.33601704239845276,"174,203,224,228,48","145,1,50,119,83",3:89:2|3:372:2|3:753:2
ckpt_300.pt,3,507,0.3466828465461731,0.07204460352659225,0.3262120485305786,"120,156,80,179,44","183,145,12,194,109",3:258:2|3:734:2|3:885:2
ckpt_300.pt,3,508,0.3346346914768219,0.062003735452890396,0.3084522783756256,"233,245,179,168,217","4,65,12,230,21",3:84:2|3:193:2|3:568:2
ckpt_300.pt,3,509,0.32138702273368835,0.04990891367197037,0.31383177638053894,"184,130,242,233,34","134,254,62,64,49",3:59:2|3:354:2|3:992:2
ckpt_300.pt,3,510,0.3151249885559082,0.05000106617808342,0.32452496886253357,"45,107,16,132,31","27,49,9,150,231",3:0:2|3:73:2|3:808:2
ckpt_300.pt,3,511,0.33529046177864075,0.06582658737897873,0.361404150724411,"163,165,14,182,37","81,175,222,245,35",3:64:2|3:495:2|3:16:1
ckpt_300.pt,3,512,0.3226270079612732,0.06689474731683731,0.33985191583633423,"88,153,108,61,243","74,163,34,220,184",3:123:2|3:279:2|3:5:1
ckpt_300.pt,3,513,0.3224641680717468,0.057038769125938416,0.34736523032188416,"121,172,178,111,17","252,147,41,53,132",3:147:2|3:224:2|3:225:2
ckpt_300.pt,3,514,0.3384731113910675,0.06930408626794815,0.3381982147693634,"109,201,135,231,50","28,221,207,107,42",3:618:2|3:3:1|3:44:1
ckpt_300.pt,3,515,0.3439851403236389,0.0552237331867218,0.3576371967792511,"205,218,24,186,163","66,39,78,128,195",3:136:2|3:261:2|3:517:2
ckpt_300.pt,3,516,0.3288046419620514,0.060759663581848145,0.32043009996414185,"253,51,28,26,176","231,36,101,85,34",3:1:2|3:77:2|3:10:1
ckpt_300.pt,3,517,0.29402706027030945,0.058636974543333054,0.315463662147522,"54,186,24,168,173","87,34,53,240,142",3:515:2|3:942:2|3:25:1
ckpt_300.pt,3,518,0.34893369674682617,0.0578208826482296,0.3201846480369568,"110,248,88,11,74","130,122,194,140,106",3:302:2|3:551:2|3:645:2
ckpt_300.pt,3,519,0.3464275002479553,0.06509508937597275,0.31184694170951843,"57,230,167,85,89","216,145,103,161,183",3:502:2|3:749:2|3:771:2
ckpt_300.pt,3,520,0.3289392590522766,0.060193050652742386,0.3407496511936188,"126,141,84,111,215","78,84,85,5,89",3:752:2|3:7:1|3:58:1
ckpt_300.pt,3,521,0.33466604351997375,0.05976279824972153,0.33844447135925293,"126,105,153,98,9","17,89,3,13,229",3:234:2|3:874:2|3:15:1
ckpt_300.pt,3,522,0.36110249161720276,0.06529786437749863,0.34767547249794006,"87,233,196,253,118","41,93,175,68,52",3:1:1|3:10:1|3:28:1
ckpt_300.pt,3,523,0.34509679675102234,0.057829469442367554,0.3310602009296417,"56,175,120,119,32","38,28,81,137,83",3:570:2|3:3:1|3:5:1
ckpt_300.pt,3,524,0.33324968814849854,0.07875583320856094,0.3049237132072449,"195,100,75,66,197","211,28,9,107,202",3:144:2|3:474:2|3:6:1
ckpt_300.pt,3,525,0.34975141286849976,0.07041855156421661,0.3270416259765625,"111,135,173,44,105","203,32,161,175,114",3:3:1|3:13:1|3:25:1
ckpt_300.pt,3,526,0.34388187527656555,0.06794682145118713,0.3362526297569275,"75,181,172,245,206","210,98,169,189,39",3:836:2|3:853:2|3:38:1
ckpt_300.pt,3,527,0.3500957190990448,0.05835149437189102,0.32718899846076965,"136,93,7,54,105","173,213,194,150,117",3:456:2|3:651:2|3:37:1
ckpt_300.pt,3,528,0.33227187395095825,0.05796121805906296,0.3044161796569824,"125,53,27,206,84","175,211,142,55,67",3:90:2|3:213:2|3:230:2
ckpt_300.pt,3,529,0.3548475503921509,0.06639138609170914,0.3289991021156311,"171,235,147,22,240","184,153,175,212,15",3:4:2|3:659:2|3:0:1
ckpt_300.pt,3,530,0.3118365406990051,0.05261003598570824,0.3474411368370056,"245,129,170,228,65","232,119,137,208,244",3:152:2|3:568:2|3:590:2
ckpt_300.pt,3,531,0.36967769265174866,0.06591908633708954,0.3432106077671051,"137,173,20,78,22","83,37,145,225,36",3:228:2|3:487:2|3:606:2
ckpt_300.pt,3,532,0.3212311267852783,0.058840397745370865,0.3334968090057373,"69,57,218,183,107","251,0,174,4,199",3:48:2|3:325:2|3:9:1
ckpt_300.pt,3,533,0.3374995291233063,0.060948342084884644,0.29228946566581726,"180,132,229,79,228","244,126,26,39,86",3:779:2|3:850:2|3:3:1
ckpt_300.pt,3,534,0.32960546016693115,0.06032390147447586,0.32724499702453613,"187,21,74,209,67","69,130,113,56,185",3:776:2|3:20:1|3:39:1
ckpt_300.pt,3,535,0.3215368986129761,0.056666117161512375,0.3240794241428375,"43,67,171,193,110","199,71,62,210,167",3:623:2|3:645:2|3:14:1
ckpt_300.pt,3,536,0.366298645734787,0.07274594157934189,0.3407714366912842,"134,81,133,160,136","11,105,221,136,216",3:95:2|3:124:2|3:191:2
ckpt_300.pt,3,537,0.30169954895973206,0.05215587094426155,0.3307255208492279,"107,104,35,234,15","220,150,42,86,231",3:32:2|3:308:2|3:394:2
ckpt_300.pt,3,538,0.33193597197532654,0.06391657143831253,0.3211875557899475,"144,133,38,174,37","175,110,168,146,174",3:176:2|3:960:2|3:993:2
ckpt_300.pt,3,539,0.33041197061538696,0.05672316998243332,0.30337560176849365,"230,41,110,27,188","238,175,93,131,78",3:421:2|3:492:2|3:756:2
ckpt_300.pt,3,540,0.3398004174232483,0.06280366331338882,0.31232234835624695,"19,139,22,104,217","255,178,253,173,37",3:234:2|3:633:2|3:1001:2
ckpt_300.pt,3,541,0.3007385730743408,0.0576811321079731,0.28856784105300903,"69,182,238,11,123","226,85,133,55,172",3:388:2|3:984:2|3:14:1
ckpt_300.pt,3,542,0.3242886960506439,0.0665641650557518,0.3691159784793854,"221,63,216,121,207","239,253,129,235,41",3:56:2|3:237:2|3:377:2
ckpt_300.pt,3,543,0.34439337253570557,0.055304013192653656,0.30881446599960327,"176,251,39,220,139","84,206,243,56,204",3:347:2|3:665:2|3:933:2
ckpt_300.pt,3,544,0.3304074704647064,0.07392800599336624,0.31467607617378235,"109,167,204,12,96","23,2,211,185,90",3:240:2|3:588:2|3:618:2
ckpt_300.pt,3,545,0.3199668228626251,0.057565171271562576,0.3358280658721924,"35,174,116,139,24","94,88,87,167,244",3:487:2|3:677:2|3:732:2
ckpt_300.pt,3,546,0.32526224851608276,0.05336902290582657,0.3170449137687683,"99,190,228,195,18","178,58,18,146,115",3:28:2|3:152:2|3:219:2
ckpt_300.pt,3,547,0.32147136330604553,0.05901274085044861,0.30045291781425476,"234,250,147,181,47","134,157,85,164,168",3:204:2|3:358:2|3:572:2
ckpt_300.pt,3,548,0.4003646969795227,0.06450726836919785,0.36220619082450867,"48,150,37,187,226","84,21,9,134,78",3:57:2|3:300:2|3:746:2
ckpt_300.pt,3,549,0.31239303946495056,0.05780009925365448,0.30778026580810547,"224,82,142,235,170","155,243,230,105,118",3:167:2|3:505:2|3:799:2
ckpt_300.pt,3,550,0.34896838665008545,0.060553934425115585,0.30677148699760437,"96,27,126,55,53","176,9,205,57,161",3:528:2|3:6:1|3:11:1
ckpt_300.pt,3,551,0.31788259744644165,0.06259828805923462,0.3456234335899353,"248,74,245,45,13","206,201,14,255,169",3:302:2|3:390:2|3:518:2
ckpt_300.pt,3,552,0.3596496284008026,0.06403616070747375,0.34717682003974915,"66,4,156,58,251","184,213,80,194,70",3:81:2|3:133:2|3:236:2
ckpt_300.pt,3,553,0.33025500178337097,0.0520528182387352,0.3466895520687103,"37,103,251,246,75","44,48,7,237,201",3:173:2|3:269:2|3:705:2
ckpt_300.pt,3,554,0.31677332520484924,0.06004417687654495,0.32266780734062195,"76,25,119,79,237","49,54,107,240,26",3:13:1|3:22:1|3:37:1
ckpt_300.pt,3,555,0.32303234934806824,0.06994342803955078,0.3161632716655731,"62,99,225,83,32","110,166,172,43,209",3:17:2|3:133:2|3:994:2
ckpt_300.pt,3,556,0.3586379289627075,0.07526373863220215,0.32067006826400757,"114,190,53,6,130","184,74,86,174,243",3:90:2|3:232:2|3:6:1
ckpt_300.pt,3,557,0.3570815324783325,0.09034206718206406,0.33794716000556946,"9,77,27,17,102","223,33,247,46,197",3:971:2|3:19:1|3:21:1
ckpt_300.pt,3,558,0.3522001802921295,0.05854247137904167,0.3242318034172058,"2,112,118,156,10","180,178,135,171,211",3:141:2|3:16:1|3:25:1
ckpt_300.pt,3,559,0.3195244073867798,0.053065598011016846,0.31082671880722046,"124,225,223,128,207","145,83,102,188,29",3:698:2|3:12:1|3:25:1
ckpt_300.pt,3,560,0.3521757125854492,0.06636802107095718,0.36374855041503906,"190,19,224,199,227","166,165,30,18,207",3:203:2|3:341:2|3:8:1
ckpt_300.pt,3,561,0.329553484916687,0.05638178810477257,0.300653338432312,"198,228,73,17,121","14,231,86,35,213",3:499:2|3:513:2|3:971:2
ckpt_300.pt,3,562,0.3490820825099945,0.06051794812083244,0.34194037318229675,"109,219,53,150,208","203,182,115,57,214",3:87:3|3:120:2|3:268:2
ckpt_300.pt,3,563,0.34457868337631226,0.05106130614876747,0.32656654715538025,"119,12,115,250,16","7,153,77,17,227",3:257:2|3:641:2|3:648:2
ckpt_300.pt,3,564,0.32746875286102295,0.05528198182582855,0.3118854761123657,"79,27,56,249,160","18,141,5,76,10",3:218:2|3:467:2|3:646:2
ckpt_300.pt,3,565,0.3082183003425598,0.05139031261205673,0.3202078938484192,"213,196,58,6,202","48,221,37,138,3",3:571:2|3:687:2|3:793:2
ckpt_300.pt,3,566,0.35379496216773987,0.06851900368928909,0.31916311383247375,"9,125,40,36,61","121,223,253,55,205",3:210:2|3:708:2|3:1:1
ckpt_300.pt,3,567,0.3268870711326599,0.05035260692238808,0.35800227522850037,"194,37,87,97,205","91,92,203,99,160",3:332:2|3:669:2|3:895:2
ckpt_300.pt,3,568,0.326108455657959,0.07313515990972519,0.27568376064300537,"233,10,39,245,129","27,234,175,156,113",3:496:2|3:508:2|3:530:2
ckpt_300.pt,3,569,0.3401298522949219,0.0625544935464859,0.30906036496162415,"123,21,157,194,237","211,53,151,16,212",3:86:2|3:620:2|3:13:1
ckpt_300.pt,3,570,0.36333250999450684,0.07303027808666229,0.35980701446533203,"119,19,56,2,45","54,127,103,249,12",3:116:2|3:160:2|3:194:2
ckpt_300.pt,3,571,0.3377511203289032,0.06784266978502274,0.3252312242984772,"12,202,148,213,152","11,19,151,131,172",3:37:2|3:354:2|3:565:2
ckpt_300.pt,3,572,0.350297212600708,0.0689115971326828,0.3139064610004425,"248,47,143,222,147","81,75,87,133,198",3:117:2|3:266:2|3:547:2
ckpt_300.pt,3,573,0.35469672083854675,0.06730317324399948,0.30438846349716187,"52,22,155,7,113","49,209,251,123,2",3:589:2|3:4:1|3:42:1
ckpt_300.pt,3,574,0.31910833716392517,0.06490739434957504,0.33113527297973633,"149,225,30,102,53","186,176,141,71,123",3:314:3|3:283:2|3:6:1
ckpt_300.pt,3,575,0.3502348065376282,0.06626562774181366,0.31656622886657715,"248,127,1,114,250","244,150,140,48,63",3:2:2|3:137:2|3:290:2
ckpt_300.pt,3,576,0.3427155017852783,0.06115439906716347,0.3201303482055664,"49,92,132,33,163","12,90,56,138,52",3:198:2|3:221:2|3:850:2
ckpt_300.pt,3,577,0.3178250789642334,0.0514853335916996,0.32551804184913635,"93,20,215,212,149","96,177,216,85,223",3:873:2|3:0:1|3:29:1
ckpt_300.pt,3,578,0.3154295086860657,0.05353323370218277,0.32746410369873047,"114,128,173,235,19","55,204,196,47,13",3:58:2|3:605:2|3:996:2
ckpt_300.pt,3,579,0.3357314467430115,0.07766346633434296,0.3500725328922272,"187,70,222,203,38","233,146,27,194,53",3:266:2|3:4:1|3:22:1
ckpt_300.pt,3,580,0.3434031307697296,0.05226967856287956,0.33699506521224976,"171,113,48,146,254","194,172,62,237,160",3:254:2|3:894:2|3:1:1
ckpt_300.pt,3,581,0.3365459442138672,0.07070637494325638,0.34509485960006714,"29,227,244,100,172","157,45,43,95,192",3:315:2|3:501:2|3:625:2
ckpt_300.pt,3,582,0.36501744389533997,0.06334861367940903,0.3251314163208008,"244,207,137,104,254","120,224,57,194,116",3:106:2|3:374:2|3:894:2
ckpt_300.pt,3,583,0.3445342779159546,0.06640984863042831,0.33239683508872986,"106,199,125,170,211","173,163,75,13,35",3:3:1|3:7:1|3:21:1
ckpt_300.pt,3,584,0.3567008674144745,0.06648016721010208,0.3637835383415222,"218,30,135,18,215","205,224,119,152,30",3:886:2|3:3:1|3:9:1
ckpt_300.pt,3,585,0.3645496964454651,0.06138993054628372,0.32568609714508057,"150,176,137,87,184","220,11,183,121,71",3:20:2|3:284:2|3:414:2
ckpt_300.pt,3,586,0.35267212986946106,0.062185999006032944,0.31626778841018677,"107,152,148,49,53","138,56,58,220,201",3:571:2|3:6:1|3:15:1
ckpt_300.pt,3,587,0.34958013892173767,0.060469191521406174,0.3503616452217102,"212,188,74,182,65","16,145,186,30,105",3:401:2|3:0:1|3:29:1
ckpt_300.pt,3,588,0.34483590722084045,0.08733420819044113,0.3201611340045929,"12,76,109,249,228","100,207,85,154,48",3:460:2|3:544:2|3:711:2
ckpt_300.pt,3,589,0.33595508337020874,0.05956312268972397,0.344575434923172,"158,113,133,52,35","125,214,126,115,85",3:573:2|3:782:2|3:862:2
ckpt_300.pt,3,590,0.32723259925842285,0.06091048941016197,0.3193705976009369,"1,170,245,103,95","189,157,229,53,128",3:530:2|3:2:1|3:7:1
ckpt_300.pt,3,591,0.3419102728366852,0.06895332783460617,0.3206837475299835,"37,161,71,92,135","150,64,127,253,9",3:1017:3|3:407:2|3:3:1
ckpt_300.pt,3,592,0.35573992133140564,0.0746205747127533,0.33211860060691833,"199,52,196,94,238","13,47,76,166,247",3:242:2|3:601:2|3:679:2
ckpt_300.pt,3,593,0.31375566124916077,0.06986436247825623,0.30805376172065735,"129,133,168,161,193","179,12,47,43,191",3:27:2|3:40:2|3:60:1
ckpt_300.pt,3,594,0.33743008971214294,0.05550333112478256,0.37579843401908875,"252,11,23,115,149","18,109,114,141,35",3:434:2|3:634:2|3:719:2
ckpt_300.pt,3,595,0.3094872832298279,0.052546482533216476,0.3447219729423523,"172,234,57,6,153","162,221,34,88,178",3:54:2|3:445:2|3:652:2
ckpt_300.pt,3,596,0.3333587348461151,0.0706833004951477,0.3266107738018036,"57,56,240,100,143","130,157,211,146,19",3:76:2|3:325:2|3:660:2
ckpt_300.pt,3,597,0.33571556210517883,0.07073972374200821,0.32500067353248596,"7,73,165,244,72","21,97,60,140,116",3:212:2|3:978:2|3:9:1
ckpt_300.pt,3,598,0.35889312624931335,0.060616880655288696,0.3231029510498047,"137,163,6,128,38","172,121,41,225,130",3:48:2|3:713:2|3:21:1
ckpt_300.pt,3,599,0.33456456661224365,0.0707099512219429,0.31364819407463074,"35,47,223,43,10","142,39,50,225,70",3:67:2|3:677:2|3:14:1
ckpt_300.pt,3,600,0.32099488377571106,0.05727960169315338,0.344235897064209,"77,198,200,96,235","159,93,247,43,248",3:106:2|3:162:2|3:278:2
ckpt_300.pt,3,601,0.3274903893470764,0.05449224263429642,0.32058367133140564,"202,93,238,199,169","196,25,20,166,59",3:592:2|3:603:2|3:896:2
ckpt_300.pt,3,602,0.3603176474571228,0.07316669821739197,0.3306356370449066,"14,181,223,15,68","220,49,154,125,244",3:990:2|3:32:1|3:34:1
ckpt_300.pt,3,603,0.3348501920700073,0.06199197098612785,0.31953415274620056,"202,237,255,248,238","174,65,41,118,52",3:363:2|3:399:2|3:601:2
ckpt_300.pt,3,604,0.35368818044662476,0.06862978637218475,0.3128468096256256,"42,106,233,165,98","13,166,244,95,30",3:88:2|3:193:2|3:891:2
ckpt_300.pt,3,605,0.34212514758110046,0.07412075996398926,0.3021813929080963,"42,19,173,236,152","255,142,109,82,191",3:104:2|3:311:2|3:578:2
ckpt_300.pt,3,606,0.30193501710891724,0.06551038473844528,0.3243694305419922,"77,78,151,81,22","106,53,120,108,37",3:114:2|3:278:2|3:391:2
ckpt_300.pt,3,607,0.3577837646007538,0.0643380731344223,0.35612723231315613,"199,15,59,168,4","110,57,149,129,131",3:149:2|3:346:2|3:786:2
ckpt_300.pt,3,608,0.3496241569519043,0.05469409376382828,0.35299599170684814,"131,41,216,123,252","118,205,233,149,92",3:75:2|3:102:2|3:23:1
ckpt_300.pt,3,609,0.3356737792491913,0.06518037617206573,0.3159637749195099,"110,2,29,5,206","202,160,30,155,94",3:377:2|3:446:2|3:18:1
ckpt_300.pt,3,610,0.3219001889228821,0.05847517028450966,0.33356109261512756,"85,140,245,137,52","75,68,197,239,54",3:836:2|3:1016:2|3:32:1
ckpt_300.pt,3,611,0.329345166683197,0.05136089399456978,0.31691479682922363,"222,185,199,178,181","144,28,84,217,146",3:871:2|3:916:2|3:945:2
ckpt_300.pt,3,612,0.33179736137390137,0.06449441611766815,0.3118252158164978,"104,203,162,167,37","47,17,194,103,208",3:835:3|3:98:2|3:617:2
ckpt_300.pt,3,613,0.3255667984485626,0.059470947831869125,0.3295097053050995,"72,85,146,175,204","4,222,159,42,35",3:693:2|3:916:2|3:1:1
ckpt_300.pt,3,614,0.3467884361743927,0.06512380391359329,0.33792296051979065,"242,239,10,252,190","102,179,101,250,215",3:20:1|3:26:1|3:28:1
ckpt_300.pt,3,615,0.3246285915374756,0.0649445429444313,0.33118054270744324,"52,169,210,90,24","215,52,94,56,73",3:811:2|3:989:2|3:9:1
ckpt_300.pt,3,616,0.34273597598075867,0.0715431198477745,0.3241853713989258,"40,211,57,135,97","242,41,170,93,54",3:759:2|3:3:1|3:30:1
ckpt_300.pt,3,617,0.3346773087978363,0.06490769237279892,0.3314840495586395,"102,23,31,167,104","194,147,56,140,211",3:422:2|3:612:2|3:835:2
ckpt_300.pt,3,618,0.3267001509666443,0.057577334344387054,0.3146718740463257,"96,252,45,231,109","196,63,243,99,119",3:514:2|3:544:2|3:679:2
ckpt_300.pt,3,619,0.37347057461738586,0.0754685252904892,0.3410453796386719,"20,192,84,252,254","104,195,161,148,178",3:138:2|3:36:1|3:78:1
ckpt_300.pt,3,620,0.34041208028793335,0.06284823268651962,0.3204721510410309,"123,165,237,122,125","19,39,89,50,69",3:208:2|3:569:2|3:741:2
ckpt_300.pt,3,621,0.364295095205307,0.07760477811098099,0.32273179292678833,"18,255,55,33,79","13,235,245,43,149",3:11:1|3:16:1|3:27:1
ckpt_300.pt,3,622,0.3084394931793213,0.05058705434203148,0.2961001694202423,"221,180,100,185,101","88,75,69,24,213",3:186:2|3:419:2|3:3:1
ckpt_300.pt,3,623,0.3058786988258362,0.05712761729955673,0.31685563921928406,"250,110,169,43,77","143,223,187,23,219",3:327:2|3:393:2|3:535:2
ckpt_300.pt,3,624,0.35431617498397827,0.058757711201906204,0.3302094638347626,"171,106,69,7,226","189,143,131,138,161",3:3:1|3:7:1|3:22:1
ckpt_300.pt,3,625,0.3327634930610657,0.06668636202812195,0.33078211545944214,"121,227,252,172,146","108,231,38,138,213",3:65:2|3:293:2|3:513:2
ckpt_300.pt,3,626,0.3682668209075928,0.06506222486495972,0.33403632044792175,"234,171,245,66,249","113,124,117,136,60",3:30:1|3:32:1|3:38:1
ckpt_300.pt,3,627,0.32294946908950806,0.06258053332567215,0.3039870262145996,"16,123,212,75,249","64,30,194,158,214",3:0:2|3:343:2|3:463:2
ckpt_300.pt,3,628,0.33484822511672974,0.06459124386310577,0.2940569818019867,"80,25,200,81,110","210,166,60,204,199",3:2:2|3:179:2|3:422:2
ckpt_300.pt,3,629,0.3302713632583618,0.07066169381141663,0.32897868752479553,"88,113,207,192,162","167,102,79,234,215",3:860:2|3:865:2|3:7:1
ckpt_300.pt,3,630,0.3323608636856079,0.05688370391726494,0.3254423439502716,"236,18,161,191,28","52,17,195,53,146",3:252:2|3:303:2|3:304:2
ckpt_300.pt,3,631,0.344127893447876,0.0703267902135849,0.3409777879714966,"142,152,193,144,245","53,204,70,34,111",3:27:1|3:38:1|3:44:1
ckpt_300.pt,3,632,0.3336212933063507,0.05971873924136162,0.33083444833755493,"216,128,136,11,217","190,179,93,35,54",3:14:1|3:39:1|3:48:1
ckpt_300.pt,3,633,0.36035460233688354,0.06721948087215424,0.30991506576538086,"230,104,22,208,73","148,163,173,48,135",3:432:2|3:540:2|3:2:1
ckpt_300.pt,3,634,0.3392173945903778,0.0676220953464508,0.3123013973236084,"25,252,90,220,149","189,224,53,63,38",3:439:2|3:594:2|3:22:1
ckpt_300.pt,3,635,0.3475487530231476,0.07023085653781891,0.3243778645992279,"37,118,236,211,176","66,124,123,212,56",3:300:2|3:12:1|3:35:1
ckpt_300.pt,3,636,0.3276139795780182,0.06830837577581406,0.347627729177475,"147,63,4,100,35","62,158,239,155,137",3:379:2|3:501:2|3:0:1
ckpt_300.pt,3,637,0.3704078495502472,0.06206834316253662,0.3428356945514679,"137,206,67,242,203","196,14,192,212,205",3:105:3|3:82:2|3:89:2
ckpt_300.pt,3,638,0.32246634364128113,0.052679624408483505,0.3067587614059448,"192,201,86,72,157","160,116,128,8,1",3:725:2|3:10:1|3:44:1
ckpt_300.pt,3,639,0.35513919591903687,0.09259599447250366,0.32714399695396423,"18,23,81,210,199","193,155,21,141,206",3:422:2|3:991:2|3:1002:2
ckpt_300.pt,3,640,0.3014209270477295,0.06306283921003342,0.317800909280777,"8,76,40,224,73","224,129,197,59,53",3:790:2|3:934:2|3:9:1
ckpt_300.pt,3,641,0.3124297261238098,0.052449364215135574,0.3509928286075592,"11,119,147,39,12","200,233,161,68,195",3:409:2|3:563:2|3:767:2
ckpt_300.pt,3,642,0.319444477558136,0.06232826039195061,0.3454868197441101,"86,118,203,49,100","210,167,166,43,240",3:135:2|3:244:2|3:861:2
ckpt_300.pt,3,643,0.344468355178833,0.060473885387182236,0.35831624269485474,"207,134,48,98,43","200,143,241,158,40",3:80:2|3:187:2|3:201:2
ckpt_300.pt,3,644,0.3358420729637146,0.0566026046872139,0.3249373733997345,"213,155,17,244,190","128,47,88,1,61",3:94:2|3:435:2|3:437:2
ckpt_300.pt,3,645,0.3694301247596741,0.06415589898824692,0.3478129506111145,"171,110,74,85,9","202,205,13,10,39",3:259:2|3:518:2|3:535:2
ckpt_300.pt,3,646,0.3305625021457672,0.06459909677505493,0.31920158863067627,"80,169,233,56,249","198,184,255,249,170",3:218:2|3:271:2|3:342:2
ckpt_300.pt,3,647,0.33218133449554443,0.05753226950764656,0.3155280649662018,"205,104,242,38,154","208,59,39,166,6",3:924:2|3:5:1|3:30:1
ckpt_300.pt,3,648,0.3470035195350647,0.07733310014009476,0.307052880525589,"16,115,248,71,15","2,84,225,14,139",3:563:2|3:1017:2|3:0:1
ckpt_300.pt,3,649,0.3252674639225006,0.058040551841259,0.33341702818870544,"169,16,56,162,216","32,158,74,18,207",3:218:2|3:478:2|3:646:2
ckpt_300.pt,3,650,0.3282306492328644,0.05661472678184509,0.301113486289978,"27,45,13,95,167","151,127,163,77,206",3:551:2|3:7:1|3:15:1
ckpt_300.pt,3,651,0.31507137417793274,0.05421322584152222,0.32797539234161377,"54,105,197,189,188","82,37,104,212,125",3:527:2|3:840:2|3:6:1
ckpt_300.pt,3,652,0.32866913080215454,0.05588943511247635,0.3309552073478699,"39,102,6,57,90","72,163,16,11,12",3:465:2|3:595:2|3:812:2
ckpt_300.pt,3,653,0.3752727508544922,0.0721878781914711,0.32855165004730225,"236,249,32,146,24","146,188,120,123,21",3:318:2|3:357:2|3:998:2
ckpt_300.pt,3,654,0.3592943847179413,0.0713924691081047,0.33062389492988586,"204,36,254,74,242","162,221,37,231,29",3:103:2|3:466:2|3:1:1
ckpt_300.pt,3,655,0.34968727827072144,0.07790972292423248,0.3337717056274414,"83,181,179,108,29","63,69,30,35,207",3:183:2|3:486:2|3:4:1
ckpt_300.pt,3,656,0.3221185505390167,0.05679716169834137,0.3521846830844879,"151,95,236,159,90","44,143,187,54,5",3:7:1|3:15:1|3:29:1
ckpt_300.pt,3,657,0.3530462086200714,0.06411591917276382,0.3416939377784729,"93,195,14,177,5","38,12,148,69,179",3:299:2|3:453:2|3:795:2
ckpt_300.pt,3,658,0.34664809703826904,0.06211467087268829,0.3097461462020874,"240,242,84,6,7","106,111,136,161,126",3:43:2|3:64:2|3:82:2
ckpt_300.pt,3,659,0.3396078050136566,0.08698627352714539,0.3367551565170288,"108,113,205,147,240","220,125,29,140,40",3:151:2|3:251:2|3:486:2
ckpt_300.pt,3,660,0.31853005290031433,0.05984753370285034,0.34155815839767456,"186,100,204,69,143","74,124,200,180,23",3:68:2|3:184:2|3:596:2
ckpt_300.pt,3,661,0.34641149640083313,0.07769330590963364,0.305625319480896,"227,247,37,252,164","233,251,141,81,215",3:625:2|3:1017:2|3:9:1
ckpt_300.pt,3,662,0.33343881368637085,0.05557696893811226,0.34439146518707275,"2,203,179,177,47","138,185,236,76,20",3:98:2|3:958:2|3:4:1
ckpt_300.pt,3,663,0.33464759588241577,0.07453247904777527,0.33442118763923645,"63,66,218,78,219","81,32,234,23,201",3:87:2|3:802:2|3:8:1
ckpt_300.pt,3,664,0.32800957560539246,0.0672769695520401,0.32781317830085754,"142,190,192,65,18","203,182,206,34,45",3:152:2|3:546:2|3:895:2
ckpt_300.pt,3,665,0.3271459937095642,0.06383797526359558,0.33332300186157227,"172,228,39,1,220","147,229,119,175,63",3:543:2|3:755:2|3:812:2
ckpt_300.pt,3,666,0.3324659764766693,0.060538019984960556,0.3317629396915436,"208,148,62,229,143","251,249,77,132,45",3:26:2|3:762:2|3:6:1
ckpt_300.pt,3,667,0.3668758273124695,0.05906711891293526,0.31586161255836487,"70,24,135,198,124","38,195,185,222,170",3:259:2|3:276:2|3:409:2
ckpt_300.pt,3,668,0.3476245105266571,0.06660998612642288,0.34396982192993164,"93,190,204,140,104","51,118,122,149,201",3:456:3|3:437:2|3:854:2
ckpt_300.pt,3,669,0.3219953179359436,0.056098803877830505,0.31934911012649536,"25,205,194,245,163","199,226,130,32,66",3:332:2|3:505:2|3:515:2
ckpt_300.pt,3,670,0.32439926266670227,0.056990209966897964,0.3096800148487091,"123,89,58,34,201","5,56,111,212,161",3:984:2|3:4:1|3:10:1
ckpt_300.pt,3,671,0.3319985270500183,0.06746696680784225,0.33750736713409424,"94,9,170,254,18","200,93,242,80,30",3:485:2|3:1013:2|3:13:1
ckpt_300.pt,3,672,0.3573359549045563,0.07679492980241776,0.347478985786438,"226,139,92,194,119","147,156,148,206,57",3:322:2|3:332:2|3:754:2
ckpt_300.pt,3,673,0.3401506543159485,0.07242365926504135,0.31296607851982117,"24,254,103,89,60","194,162,9,168,77",3:929:2|3:1005:2|3:10:1
ckpt_300.pt,3,674,0.3586074411869049,0.07506470382213593,0.34249821305274963,"204,243,40,167,233","206,130,233,132,82",3:55:2|3:193:2|3:544:2
ckpt_300.pt,3,675,0.3037731349468231,0.057170525193214417,0.31193631887435913,"196,1,57,0,139","27,235,234,226,112",3:754:2|3:888:2|3:2:1
ckpt_300.pt,3,676,0.3518327474594116,0.06329680234193802,0.34366872906684875,"229,89,204,68,116","144,236,97,14,235",3:155:2|3:6:1|3:10:1
ckpt_300.pt,3,677,0.36248621344566345,0.06684921681880951,0.34759530425071716,"232,35,139,9,223","245,96,118,50,232",3:67:2|3:545:2|3:599:2
ckpt_300.pt,3,678,0.32354292273521423,0.05173148214817047,0.3482605218887329,"92,164,89,13,195","81,247,157,120,96",3:96:2|3:287:2|3:9:1
ckpt_300.pt,3,679,0.30970749258995056,0.061852701008319855,0.3073686361312866,"196,109,238,45,220","253,20,147,132,126",3:223:2|3:242:2|3:329:2
ckpt_300.pt,3,680,0.32870298624038696,0.05603763833642006,0.31123530864715576,"137,75,196,2,194","120,207,142,186,139",3:138:2|3:202:2|3:297:2
ckpt_300.pt,3,681,0.31415802240371704,0.06036032363772392,0.35101717710494995,"177,221,174,187,28","207,14,220,243,151",3:194:2|3:24:1|3:41:1
ckpt_300.pt,3,682,0.3236594498157501,0.0713316798210144,0.34665265679359436,"16,202,90,104,17","186,132,212,129,205",3:854:2|3:0:1|3:16:1
ckpt_300.pt,3,683,0.3195723593235016,0.05245409905910492,0.32874253392219543,"100,20,230,132,245","97,154,6,223,199",3:12:2|3:403:2|3:2:1
ckpt_300.pt,3,684,0.359780877828598,0.07305431365966797,0.32481640577316284,"28,224,121,241,168","155,67,87,125,93",3:324:2|3:330:2|3:458:2
ckpt_300.pt,3,685,0.33521944284439087,0.07100343704223633,0.32634875178337097,"215,41,250,91,229","8,89,106,113,91",3:8:1|3:19:1|3:23:1
ckpt_300.pt,3,686,0.32762035727500916,0.07051078975200653,0.33418238162994385,"184,167,172,215,199","77,163,73,63,81",3:385:2|3:20:1|3:21:1
ckpt_300.pt,3,687,0.3383910357952118,0.059975847601890564,0.32371166348457336,"213,160,60,202,182","237,234,112,199,31",3:182:2|3:248:2|3:565:2
ckpt_300.pt,3,688,0.3197823762893677,0.05842611938714981,0.2999730110168457,"106,81,135,63,75","115,7,180,74,150",3:3:2|3:416:2|3:724:2
ckpt_300.pt,3,689,0.31662875413894653,0.063833087682724,0.3421737849712372,"237,71,162,146,179","215,166,245,204,208",3:199:2|3:255:2|3:753:2
ckpt_300.pt,3,690,0.34292173385620117,0.07051919400691986,0.33135420083999634,"113,45,185,187,147","187,163,74,253,40",3:448:2|3:659:2|3:951:2
ckpt_300.pt,3,691,0.327667772769928,0.06122349947690964,0.3538821339607239,"130,243,58,148,90","125,111,199,195,248",3:37:2|3:354:2|3:875:2
ckpt_300.pt,3,692,0.37506017088890076,0.06963765621185303,0.347452312707901,"15,195,255,46,189","217,38,39,73,43",3:339:2|3:406:2|3:721:2
ckpt_300.pt,3,693,0.31492605805397034,0.057227518409490585,0.3037772476673126,"70,85,146,90,253","24,33,60,49,212",3:1:2|3:180:2|3:230:2
ckpt_300.pt,3,694,0.35740530490875244,0.06550087034702301,0.324251264333725,"225,184,126,41,163","111,188,7,200,97",3:921:2|3:12:1|3:20:1
ckpt_300.pt,3,695,0.3210381269454956,0.055212944746017456,0.330915629863739,"15,18,50,171,114","202,253,53,174,136",3:340:2|3:469:2|3:471:2
ckpt_300.pt,3,696,0.35035961866378784,0.06782033294439316,0.3271987736225128,"91,132,141,10,161","148,208,62,221,155",3:7:2|3:797:2|3:914:2
ckpt_300.pt,3,697,0.3239265978336334,0.05551514774560928,0.33945533633232117,"157,179,171,137,49","75,90,18,8,64",3:4:1|3:21:1|3:32:1
ckpt_300.pt,3,698,0.31958264112472534,0.053296200931072235,0.3616511821746826,"60,223,38,79,124","5,166,64,22,21",3:83:2|3:500:2|3:559:2
ckpt_300.pt,3,699,0.32725200057029724,0.05705367773771286,0.32858169078826904,"93,231,131,176,45","212,176,193,155,181",3:618:2|3:12:1|3:37:1
ckpt_300.pt,3,700,0.316283255815506,0.06176929548382759,0.3217751979827881,"200,183,96,80,172","200,121,83,116,180",3:44:2|3:600:2|3:628:2
ckpt_300.pt,3,701,0.3455081880092621,0.053869880735874176,0.3397635519504547,"171,30,94,208,24","211,231,6,232,150",3:429:2|3:504:2|3:940:2
ckpt_300.pt,3,702,0.31922078132629395,0.054291900247335434,0.33971092104911804,"203,197,204,30,29","234,57,102,59,237",3:46:2|3:6:1|3:11:1
ckpt_300.pt,3,703,0.3107157051563263,0.04871257767081261,0.31451600790023804,"49,189,8,192,24","134,139,80,40,63",3:790:2|3:17:1|3:19:1
ckpt_300.pt,3,704,0.334409236907959,0.07285244762897491,0.3068573772907257,"23,67,128,178,83","8,24,139,95,137",3:111:2|3:313:2|3:483:2
ckpt_300.pt,3,705,0.35429754853248596,0.062380507588386536,0.32658830285072327,"37,75,0,46,52","139,88,189,241,53",3:407:2|3:408:2|3:416:2
ckpt_300.pt,3,706,0.3300653398036957,0.061755936592817307,0.33318838477134705,"76,94,142,96,219","51,29,10,133,99",3:13:1|3:27:1|3:42:1
ckpt_300.pt,3,707,0.366141676902771,0.07192573696374893,0.3296976685523987,"218,84,147,195,50","118,51,138,191,45",3:82:2|3:128:2|3:488:2
ckpt_300.pt,3,708,0.3209286630153656,0.06231916695833206,0.32231268286705017,"125,36,136,75,251","118,188,218,244,186",3:173:2|3:553:2|3:566:2
ckpt_300.pt,3,709,0.32212522625923157,0.06359302997589111,0.3269258737564087,"141,198,225,5,230","164,136,8,92,62",3:12:2|3:983:2|3:2:1
ckpt_300.pt,3,710,0.3652802109718323,0.07534783333539963,0.3160324692726135,"121,32,55,39,149","207,4,124,37,213",3:714:2|3:963:2|3:1:1
ckpt_300.pt,3,711,0.33446940779685974,0.06183171272277832,0.3225483000278473,"228,36,57,208,12","67,176,12,22,236",3:338:2|3:459:2|3:466:2
ckpt_300.pt,3,712,0.3390263319015503,0.06311448663473129,0.304799348115921,"150,46,96,50,97","91,26,162,74,250",3:250:2|3:391:2|3:20:1
ckpt_300.pt,3,713,0.3542342782020569,0.07013435661792755,0.3393677771091461,"137,153,190,38,78","216,237,186,37,122",3:531:2|3:598:2|3:745:2
ckpt_300.pt,3,714,0.32935577630996704,0.0592215470969677,0.34664270281791687,"177,149,55,134,43","3,101,206,49,153",3:72:2|3:80:2|3:643:2
ckpt_300.pt,3,715,0.33240532875061035,0.06385426223278046,0.32612311840057373,"72,79,43,169,241","225,254,50,216,95",3:187:2|3:349:2|3:623:2
ckpt_300.pt,3,716,0.3253241181373596,0.054805688560009,0.30872076749801636,"175,207,151,200,53","26,158,216,127,225",3:733:2|3:821:2|3:944:2
ckpt_300.pt,3,717,0.36028140783309937,0.06471656262874603,0.34467223286628723,"218,121,125,148,232","128,4,52,75,210",3:237:2|3:330:2|3:366:2
ckpt_300.pt,3,718,0.35291004180908203,0.06900548189878464,0.32566553354263306,"233,85,239,92,143","217,187,155,115,175",3:259:2|3:759:2|3:891:2
ckpt_300.pt,3,719,0.33988815546035767,0.05561064928770065,0.3388870358467102,"174,53,23,115,171","255,181,238,89,179",3:24:2|3:594:2|3:949:2
ckpt_300.pt,3,720,0.3146713078022003,0.05500839278101921,0.34472543001174927,"115,9,68,114,55","155,254,104,198,158",3:75:2|3:378:2|3:10:1
ckpt_300.pt,3,721,0.3432338237762451,0.06790738552808762,0.3514927327632904,"189,60,46,180,85","153,72,25,93,237",3:110:2|3:339:2|3:692:2
ckpt_300.pt,3,722,0.34561315178871155,0.07675941288471222,0.33590638637542725,"221,130,60,116,172","2,15,242,152,91",3:6:1|3:41:1|3:54:1
ckpt_300.pt,3,723,0.3386366367340088,0.059763386845588684,0.3493863642215729,"168,60,182,220,84","183,233,62,207,65",3:462:2|3:498:2|3:687:2
ckpt_300.pt,3,724,0.32426345348358154,0.05243736878037453,0.31612253189086914,"81,58,106,177,192","157,74,142,145,35",3:216:2|3:688:2|3:2:1
ckpt_300.pt,3,725,0.32744404673576355,0.05403214320540428,0.32265838980674744,"25,146,201,154,157","194,34,243,217,150",3:638:2|3:864:2|3:1:1
ckpt_300.pt,3,726,0.33741137385368347,0.05860576033592224,0.330301970243454,"182,103,108,63,217","177,144,110,81,204",3:87:2|3:745:2|3:8:1
ckpt_300.pt,3,727,0.3405020833015442,0.06922201067209244,0.29791465401649475,"10,61,191,234,226","139,181,3,189,63",3:30:3|3:480:2|3:5:1
ckpt_300.pt,3,728,0.33705782890319824,0.061192892491817474,0.33370137214660645,"17,211,33,140,1","177,166,208,217,235",3:262:2|3:2:1|3:35:1
ckpt_300.pt,3,729,0.35565996170043945,0.07859308272600174,0.32593539357185364,"244,195,57,151,58","207,209,169,67,59",3:411:2|3:482:2|3:809:2
ckpt_300.pt,3,730,0.2982681095600128,0.06290747225284576,0.3308916985988617,"138,200,245,129,179","4,0,243,7,60",3:508:2|3:530:2|3:568:2
ckpt_300.pt,3,731,0.35477614402770996,0.07604368031024933,0.3307400047779083,"2,96,221,62,192","160,117,77,44,36",3:280:2|3:419:2|3:910:2
ckpt_300.pt,3,732,0.3386351764202118,0.0607464574277401,0.32939469814300537,"146,174,13,65,35","127,77,139,27,137",3:545:2|3:998:2|3:1:1
ckpt_300.pt,3,733,0.347474068403244,0.06805378943681717,0.30954769253730774,"175,247,74,191,53","242,205,152,53,30",3:401:2|3:716:2|3:6:1
ckpt_300.pt,3,734,0.3334820568561554,0.06240972876548767,0.33554807305336,"12,156,219,120,188","32,107,118,132,0",3:431:2|3:507:2|3:988:2
ckpt_300.pt,3,735,0.36049261689186096,0.05680257827043533,0.3433060050010681,"124,114,162,28,186","199,135,191,172,150",3:275:3|3:290:2|3:752:2
ckpt_300.pt,3,736,0.34847915172576904,0.0549718402326107,0.32424840331077576,"28,107,179,112,5","136,66,121,26,47",3:252:2|3:4:1|3:18:1
ckpt_300.pt,3,737,0.34096238017082214,0.06525413691997528,0.34876105189323425,"61,2,254,17,250","124,153,80,109,68",3:103:2|3:225:2|3:273:2
ckpt_300.pt,3,738,0.31533485651016235,0.07175414264202118,0.3261528015136719,"152,91,120,246,226","122,181,27,46,225",3:321:3|3:217:2|3:375:2
ckpt_300.pt,3,739,0.3428487181663513,0.05757198482751846,0.3456321954727173,"234,216,218,16,238","148,40,160,52,172",3:261:2|3:497:2|3:649:2
ckpt_300.pt,3,740,0.3230029344558716,0.06747233122587204,0.34664198756217957,"60,213,141,52,68","68,37,48,195,113",3:687:2|3:903:2|3:919:2
ckpt_300.pt,3,741,0.32296982407569885,0.05623317137360573,0.33320149779319763,"123,122,225,186,44","250,22,152,105,49",3:792:3|3:102:2|3:620:2
ckpt_300.pt,3,742,0.3352140784263611,0.06653362512588501,0.3494536876678467,"48,166,115,180,105","92,81,91,116,189",3:3:1|3:10:1|3:27:1
ckpt_300.pt,3,743,0.339694082736969,0.06776213645935059,0.3066335618495941,"34,156,25,247,67","193,71,99,48,134",3:47:2|3:88:2|3:776:2
ckpt_300.pt,3,744,0.35932332277297974,0.06118353083729744,0.34202006459236145,"225,47,250,98,196","119,59,239,167,95",3:374:2|3:547:2|3:12:1
ckpt_300.pt,3,745,0.3383605182170868,0.05968793109059334,0.3399910628795624,"38,217,103,153,49","145,211,135,165,160",3:192:2|3:221:2|3:396:2
ckpt_300.pt,3,746,0.3418559730052948,0.07740003615617752,0.30802688002586365,"109,37,48,59,5","161,44,144,86,232",3:548:2|3:890:2|3:900:2
ckpt_300.pt,3,747,0.32285282015800476,0.05489790067076683,0.352387398481369,"189,4,111,183,19","177,182,5,231,253",3:163:2|3:8:1|3:17:1
ckpt_300.pt,3,748,0.3550403118133545,0.06456870585680008,0.30810049176216125,"183,252,108,137,223","182,196,61,226,73",3:86:2|3:990:2|3:16:1
ckpt_300.pt,3,749,0.3238987624645233,0.05606315657496452,0.3086913228034973,"203,205,57,254,85","85,110,80,233,89",3:266:2|3:519:2|3:889:2
ckpt_300.pt,3,750,0.3411239683628082,0.05936069414019585,0.3136712908744812,"9,215,219,200,56","42,5,214,75,57",3:467:2|3:0:1|3:19:1
ckpt_300.pt,3,751,0.3252210319042206,0.060667213052511215,0.3505213260650635,"207,15,81,170,252","120,180,29,229,132",3:124:2|3:990:2|3:1017:2
ckpt_300.pt,3,752,0.3294994831085205,0.07635393738746643,0.30278030037879944,"248,84,186,28,126","202,218,147,241,29",3:275:2|3:293:2|3:520:2
ckpt_300.pt,3,753,0.35392871499061584,0.06142043694853783,0.357815682888031,"174,235,228,179,71","84,128,168,70,15",3:506:2|3:689:2|3:4:1
ckpt_300.pt,3,754,0.3213391900062561,0.05616794154047966,0.319876492023468,"226,139,87,3,57","211,66,159,73,131",3:333:2|3:672:2|3:675:2
ckpt_300.pt,3,755,0.30219078063964844,0.06747255474328995,0.32643917202949524,"228,220,236,29,199","5,198,19,16,247",3:318:2|3:665:2|3:933:2
ckpt_300.pt,3,756,0.34445127844810486,0.06544144451618195,0.31557562947273254,"41,33,192,188,145","37,152,211,213,208",3:539:2|3:23:1|3:24:1
ckpt_300.pt,3,757,0.3086550533771515,0.059659622609615326,0.32318469882011414,"40,124,66,141,212","192,210,144,117,121",3:133:2|3:213:2|3:800:2
ckpt_300.pt,3,758,0.3056458830833435,0.058582477271556854,0.34160706400871277,"74,3,103,40,75","8,121,137,128,163",3:553:2|3:20:1|3:32:1
ckpt_300.pt,3,759,0.3368180990219116,0.07171182334423065,0.32070326805114746,"233,135,143,222,57","211,1,114,18,99",3:266:2|3:325:2|3:445:2
ckpt_300.pt,3,760,0.3410319685935974,0.05620618909597397,0.3653983473777771,"175,220,134,143,102","46,135,131,157,213",3:192:2|3:347:2|3:930:2
ckpt_300.pt,3,761,0.3437114953994751,0.06502129137516022,0.3373754918575287,"136,60,210,144,121","112,129,106,153,19",3:330:2|3:9:1|3:23:1
ckpt_300.pt,3,762,0.39302200078964233,0.06871311366558075,0.354731023311615,"137,148,176,229,65","56,230,122,235,77",3:585:2|3:666:2|3:770:2
ckpt_300.pt,3,763,0.33232876658439636,0.06962502747774124,0.3372949957847595,"159,180,131,70,167","59,86,179,171,117",3:3:1|3:4:1|3:22:1
ckpt_300.pt,3,764,0.34857791662216187,0.06379973888397217,0.3405032753944397,"60,194,162,7,247","116,84,203,130,68",3:43:2|3:143:2|3:212:2
ckpt_300.pt,3,765,0.34535452723503113,0.061506155878305435,0.36129099130630493,"247,152,234,150,62","225,147,125,141,209",3:119:2|3:394:2|3:11:1
ckpt_300.pt,3,766,0.33909162878990173,0.057297538965940475,0.2994316816329956,"88,248,96,59,122","193,228,208,226,50",3:195:2|3:241:2|3:302:2
ckpt_300.pt,3,767,0.3182898461818695,0.05519517511129379,0.35858824849128723,"70,147,91,213,39","101,144,33,82,61",3:4:2|3:286:2|3:488:2
ckpt_300.pt,3,768,0.29147446155548096,0.06682172417640686,0.3240944743156433,"236,80,223,0,119","108,102,146,213,219",3:97:2|3:124:2|3:337:2
ckpt_300.pt,3,769,0.3161320388317108,0.05870402976870537,0.33723822236061096,"248,253,34,122,223","114,173,235,15,9",3:24:2|3:208:2|3:766:2
ckpt_300.pt,3,770,0.30573174357414246,0.05145043879747391,0.33213168382644653,"212,73,229,50,176","217,109,153,143,52",3:762:2|3:843:2|3:873:2
ckpt_300.pt,3,771,0.3294201195240021,0.0620027557015419,0.3366510570049286,"243,89,77,75,230","30,208,238,0,95",3:150:2|3:519:2|3:2:1
ckpt_300.pt,3,772,0.2975514531135559,0.05777015909552574,0.30282145738601685,"22,23,141,50,49","215,125,150,52,202",3:952:2|3:4:1|3:7:1
ckpt_300.pt,3,773,0.3188183307647705,0.06002981960773468,0.3271392583847046,"0,79,198,6,10","239,121,63,113,135",3:207:2|3:21:1|3:30:1
ckpt_300.pt,3,774,0.3460662066936493,0.07749622315168381,0.35098138451576233,"83,187,218,156,167","148,83,23,112,126",3:240:2|3:776:2|3:9:1
ckpt_300.pt,3,775,0.32547953724861145,0.052709776908159256,0.3252222537994385,"203,240,7,25,103","11,95,134,132,171",3:255:2|3:658:2|3:840:2
ckpt_300.pt,3,776,0.3576522469520569,0.06350330263376236,0.3552705645561218,"156,48,187,239,67","218,146,162,187,192",3:20:2|3:47:2|3:57:2
ckpt_300.pt,3,777,0.3351319432258606,0.06725777685642242,0.32914379239082336,"40,239,154,196,144","65,178,142,41,170",3:5:1|3:20:1|3:28:1
ckpt_300.pt,3,778,0.3559141755104065,0.0603826567530632,0.33142101764678955,"88,47,124,233,214","55,50,47,27,33",3:142:2|3:175:2|3:962:2
ckpt_300.pt,3,779,0.34059205651283264,0.08032962679862976,0.3204975426197052,"20,79,213,183,180","46,60,81,200,236",3:163:2|3:491:2|3:533:2
ckpt_300.pt,3,780,0.34663593769073486,0.06684167683124542,0.33944547176361084,"15,147,31,242,238","226,127,14,181,215",3:0:2|3:305:2|3:845:2
ckpt_300.pt,3,781,0.3091038465499878,0.054049234837293625,0.32376936078071594,"248,198,51,19,48","12,127,20,85,192",3:47:2|3:1:1|3:8:1
ckpt_300.pt,3,782,0.3245029151439667,0.0681108608841896,0.316024512052536,"152,67,158,76,133","165,113,184,254,210",3:589:2|3:909:2|3:980:2
ckpt_300.pt,3,783,0.33234649896621704,0.05748648941516876,0.3351403772830963,"193,234,50,45,162","0,210,68,1,222",3:247:2|3:503:2|3:27:1
ckpt_300.pt,3,784,0.3469304144382477,0.07267416268587112,0.33722519874572754,"121,0,111,239,69","85,240,61,93,131",3:351:2|3:513:2|3:882:2
ckpt_300.pt,3,785,0.3268660306930542,0.05518534779548645,0.3235647678375244,"218,55,50,221,198","80,40,203,230,99",3:707:2|3:963:2|3:9:1
ckpt_300.pt,3,786,0.33109381794929504,0.056918468326330185,0.31018054485321045,"168,132,192,233,199","49,131,139,244,98",3:346:2|3:508:2|3:607:2
ckpt_300.pt,3,787,0.33143350481987,0.07285250723361969,0.312624454498291,"36,64,95,200,217","238,243,139,60,218",3:95:2|3:0:1|3:1:1
ckpt_300.pt,3,788,0.3175484538078308,0.056025952100753784,0.32426124811172485,"201,149,13,169,80","242,236,39,173,164",3:342:2|3:646:2|3:2:1
ckpt_300.pt,3,789,0.3497776389122009,0.07215620577335358,0.35718584060668945,"0,237,137,145,221","68,253,59,153,132",3:50:2|3:89:2|3:801:2
ckpt_300.pt,3,790,0.345926970243454,0.0623464398086071,0.3371252417564392,"7,14,40,192,8","126,120,57,13,64",3:640:2|3:703:2|3:17:1
ckpt_300.pt,3,791,0.3244878351688385,0.06007147207856178,0.3034391403198242,"47,29,27,180,178","66,192,118,67,231",3:18:2|3:315:2|3:410:2
ckpt_300.pt,3,792,0.33772891759872437,0.05405500903725624,0.3148636817932129,"244,122,35,44,123","103,6,122,231,140",3:741:3|3:247:2|3:435:2
ckpt_300.pt,3,793,0.34346842765808105,0.0643395185470581,0.3221326768398285,"44,6,196,65,167","46,96,36,112,248",3:90:2|3:168:2|3:565:2
ckpt_300.pt,3,794,0.33427339792251587,0.05325176566839218,0.29051879048347473,"38,250,113,244,248","96,252,89,71,28",3:192:2|3:575:2|3:894:2
ckpt_300.pt,3,795,0.34713003039360046,0.0647638812661171,0.33865422010421753,"92,14,24,77,5","15,217,210,7,155",3:253:2|3:657:2|3:893:2
ckpt_300.pt,3,796,0.34288617968559265,0.07245305180549622,0.3193318843841553,"49,253,202,153,241","227,185,68,244,77",3:396:2|3:745:2|3:852:2
ckpt_300.pt,3,797,0.32187169790267944,0.07487452030181885,0.33168619871139526,"204,101,243,141,10","211,237,228,102,155",3:235:2|3:674:2|3:696:2
ckpt_300.pt,3,798,0.3530392646789551,0.06692659109830856,0.31857696175575256,"28,218,16,12,148","246,100,10,79,245",3:261:2|3:354:2|3:563:2
ckpt_300.pt,3,799,0.3418770432472229,0.06864145398139954,0.3310315012931824,"220,82,188,254,235","177,53,229,226,19",3:226:2|3:505:2|3:549:2
ckpt_300.pt,3,800,0.3302958607673645,0.0667395070195198,0.31261587142944336,"46,202,33,124,212","176,153,79,34,228",3:757:2|3:873:2|3:0:1
ckpt_300.pt,3,801,0.3346930146217346,0.07128826528787613,0.2895497679710388,"179,222,237,139,221","126,59,136,86,145",3:215:2|3:243:2|3:689:2
ckpt_300.pt,3,802,0.3581778109073639,0.07446702569723129,0.3338257372379303,"78,235,67,145,66","139,208,190,199,162",3:663:2|3:1009:2|3:20:1
ckpt_300.pt,3,803,0.3274051547050476,0.06110577657818794,0.3317418098449707,"247,118,94,149,207","170,221,67,233,206",3:264:2|3:11:1|3:13:1
ckpt_300.pt,3,804,0.33317092061042786,0.08062434196472168,0.35993412137031555,"117,229,177,193,104","199,4,246,252,139",3:14:1|3:27:1|3:39:1
ckpt_300.pt,3,805,0.32311680912971497,0.07059510797262192,0.35329750180244446,"12,38,184,245,92","145,13,83,52,232",3:414:2|3:8:1|3:20:1
ckpt_300.pt,3,806,0.34336960315704346,0.06549152731895447,0.3382711112499237,"200,240,180,98,181","219,239,190,96,130",3:263:2|3:405:2|3:0:1
ckpt_300.pt,3,807,0.3437283933162689,0.05483757704496384,0.3211938440799713,"228,34,161,112,214","191,194,26,177,80",3:483:2|3:24:1|3:25:1
ckpt_300.pt,3,808,0.3307258188724518,0.0747789815068245,0.3164755702018738,"31,16,176,4,152","241,44,180,93,7",3:0:2|3:118:2|3:130:2
ckpt_300.pt,3,809,0.30886003375053406,0.06215399503707886,0.3292262852191925,"244,58,59,183,63","117,110,168,135,7",3:729:2|3:872:2|3:4:1
ckpt_300.pt,3,810,0.31456395983695984,0.05450411140918732,0.3386286795139313,"91,221,152,65,231","132,119,66,121,42",3:738:2|3:829:2|3:1009:2
ckpt_300.pt,3,811,0.3358558714389801,0.06798738241195679,0.328688383102417,"169,78,190,233,210","230,196,32,168,4",3:615:2|3:646:2|3:713:2
ckpt_300.pt,3,812,0.3064514696598053,0.06228452920913696,0.3275034725666046,"141,172,57,39,2","50,87,119,224,185",3:595:2|3:652:2|3:665:2
ckpt_300.pt,3,813,0.32069116830825806,0.05846084654331207,0.33823874592781067,"245,78,76,254,233","14,219,129,25,130",3:508:2|3:568:2|3:811:2
ckpt_300.pt,3,814,0.35066667199134827,0.05969129875302315,0.3414348363876343,"124,61,3,113,176","184,5,134,76,132",3:482:2|3:951:2|3:5:1
ckpt_300.pt,3,815,0.329839289188385,0.07186703383922577,0.31463244557380676,"163,222,61,238,146","250,110,199,43,137",3:460:2|3:1:1|3:5:1
ckpt_300.pt,3,816,0.34798479080200195,0.06038044020533562,0.33299821615219116,"118,15,125,70,101","64,16,229,86,216",3:349:2|3:387:2|3:880:2
ckpt_300.pt,3,817,0.3577252924442291,0.07145571708679199,0.35120558738708496,"235,28,24,137,215","255,180,207,106,176",3:252:2|3:376:2|3:433:2
ckpt_300.pt,3,818,0.3406827747821808,0.09633564203977585,0.32833871245384216,"18,247,217,245,246","3,220,47,27,127",3:508:2|3:997:2|3:11:1
ckpt_300.pt,3,819,0.330826073884964,0.05829472839832306,0.3339653015136719,"202,223,88,62,165","166,229,48,195,241",3:17:2|3:833:2|3:7:1
ckpt_300.pt,3,820,0.3223018944263458,0.06226102262735367,0.34191590547561646,"139,124,255,203,183","239,99,24,175,12",3:276:2|3:17:1|3:25:1
ckpt_300.pt,3,821,0.3159591257572174,0.06384913623332977,0.3403209149837494,"135,53,63,39,207","40,222,150,62,54",3:87:2|3:134:2|3:298:2
ckpt_300.pt,3,822,0.33980175852775574,0.0733264908194542,0.3237043619155884,"182,17,151,118,82","28,160,243,73,38",3:109:2|3:244:2|3:316:2
ckpt_300.pt,3,823,0.328041136264801,0.07033354043960571,0.3296832740306854,"13,100,192,98,5","63,205,234,148,29",3:263:2|3:302:2|3:352:2
ckpt_300.pt,3,824,0.3477795422077179,0.062618687748909,0.3483409285545349,"204,16,207,37,131","255,182,102,117,185",3:264:2|3:300:2|3:442:2
ckpt_300.pt,3,825,0.3417229950428009,0.059434399008750916,0.34987398982048035,"37,185,151,208,121","35,227,176,133,64",3:73:2|3:444:2|3:944:2
ckpt_300.pt,3,826,0.31677380204200745,0.06508040428161621,0.33629360795021057,"57,91,34,151,222","136,190,42,199,127",3:76:2|3:445:2|3:489:2
ckpt_300.pt,3,827,0.319637656211853,0.05656489357352257,0.32462576031684875,"101,205,157,124,78","251,102,109,27,65",3:276:2|3:14:1|3:25:1
ckpt_300.pt,3,828,0.3013575077056885,0.06437771022319794,0.32845500111579895,"122,56,186,131,142","102,85,73,234,77",3:488:2|3:741:2|3:48:1
ckpt_300.pt,3,829,0.33053597807884216,0.06171846389770508,0.33761465549468994,"30,152,221,3,11","112,253,204,203,52",3:104:2|3:148:2|3:810:2
ckpt_300.pt,3,830,0.35001426935195923,0.06820239871740341,0.3121044933795929,"79,50,56,161,98","214,171,113,89,3",3:564:2|3:874:2|3:40:1
ckpt_300.pt,3,831,0.3103784918785095,0.06340716779232025,0.3056599795818329,"136,208,31,115,51","73,160,204,13,131",3:11:2|3:307:2|3:328:2
ckpt_300.pt,3,832,0.3065938949584961,0.05049602687358856,0.30463385581970215,"251,44,66,116,117","47,155,13,252,113",3:81:2|3:552:2|3:6:1
ckpt_300.pt,3,833,0.3394303023815155,0.06028895080089569,0.3291027545928955,"118,88,154,155,223","67,114,92,9,125",3:502:2|3:819:2|3:5:1
ckpt_300.pt,3,834,0.3336065113544464,0.0676134005188942,0.3053722381591797,"160,116,120,174,26","57,9,29,60,112",3:3:2|3:545:2|3:841:2
ckpt_300.pt,3,835,0.32172247767448425,0.06793638318777084,0.3090546727180481,"167,37,28,104,169","13,121,86,106,87",3:612:3|3:617:2|3:965:2
ckpt_300.pt,3,836,0.34762194752693176,0.06579647958278656,0.32085666060447693,"9,140,75,245,165","128,120,197,130,196",3:132:2|3:297:2|3:474:2
ckpt_300.pt,3,837,0.34237033128738403,0.06400904059410095,0.34321892261505127,"251,18,237,144,59","10,238,90,103,243",3:197:2|3:347:2|3:13:1
ckpt_300.pt,3,838,0.34380072355270386,0.06867512315511703,0.3150765299797058,"132,156,121,143,253","218,229,3,124,99",3:73:2|3:180:2|3:930:2
ckpt_300.pt,3,839,0.33034655451774597,0.05423388257622719,0.32858648896217346,"66,1,10,92,237","245,39,193,17,124",3:884:2|3:975:2|3:2:1
ckpt_300.pt,3,840,0.338898241519928,0.06799854338169098,0.3311071991920471,"240,188,105,103,222","230,78,241,77,165",3:651:2|3:775:2|3:32:1
ckpt_300.pt,3,841,0.3382568955421448,0.07381010800600052,0.33107152581214905,"107,121,160,88,120","215,123,254,227,75",3:3:2|3:73:2|3:306:2
ckpt_300.pt,3,842,0.3118104338645935,0.055001985281705856,0.31126895546913147,"19,171,162,44,132","169,221,201,176,159",3:199:2|3:850:2|3:7:1
ckpt_300.pt,3,843,0.3136340081691742,0.05425487831234932,0.30453237891197205,"141,150,73,176,201","42,8,168,155,66",3:361:2|3:585:2|3:770:2
ckpt_300.pt,3,844,0.3227916955947876,0.062454260885715485,0.33323365449905396,"236,96,171,40,141","238,117,138,7,186",3:757:2|3:982:2|3:7:1
ckpt_300.pt,3,845,0.36029356718063354,0.06135208159685135,0.35496506094932556,"211,31,76,238,250","19,119,210,115,33",3:35:2|3:273:2|3:305:2
ckpt_300.pt,3,846,0.35415980219841003,0.0608619786798954,0.3317200839519501,"234,86,106,216,237","80,25,50,63,182",3:125:2|3:739:2|3:894:2
ckpt_300.pt,3,847,0.33701151609420776,0.07464930415153503,0.3123636841773987,"31,76,45,36,124","18,146,238,203,74",3:510:2|3:845:2|3:926:2
ckpt_300.pt,3,848,0.31633248925209045,0.06792721152305603,0.31374219059944153,"122,144,27,35,247","147,59,121,10,235",3:792:2|3:11:1|3:25:1
ckpt_300.pt,3,849,0.36191967129707336,0.07225587218999863,0.33059951663017273,"39,42,215,188,152","207,73,25,144,202",3:311:2|3:605:2|3:873:2
ckpt_300.pt,3,850,0.3262239098548889,0.05910857021808624,0.33884814381599426,"33,229,132,64,171","165,120,245,41,139",3:51:2|3:262:2|3:340:2
ckpt_300.pt,3,851,0.3338715732097626,0.06795746833086014,0.3131026029586792,"89,241,114,233,37","176,105,205,146,92",3:953:2|3:10:1|3:13:1
ckpt_300.pt,3,852,0.32056960463523865,0.07166412472724915,0.31830212473869324,"153,52,154,107,253","94,0,246,30,22",3:18:2|3:85:2|3:455:2
ckpt_300.pt,3,853,0.3291734457015991,0.05896619334816933,0.36271971464157104,"206,223,86,169,245","49,197,74,178,26",3:254:2|3:415:2|3:526:2
ckpt_300.pt,3,854,0.3070244789123535,0.062285516411066055,0.32611674070358276,"17,60,90,204,190","226,212,139,47,157",3:437:2|3:456:2|3:644:2
ckpt_300.pt,3,855,0.3315644860267639,0.05159878358244896,0.3155968487262726,"130,51,131,199,151","168,31,192,19,84",3:868:3|3:83:2|3:161:2
ckpt_300.pt,3,856,0.3274977207183838,0.06607570499181747,0.30806776881217957,"79,190,8,121,23","133,19,34,55,119",3:61:2|3:467:2|3:17:1
ckpt_300.pt,3,857,0.35634806752204895,0.06679069250822067,0.351347953081131,"253,183,154,135,20","231,168,9,83,91",3:276:3|3:78:2|3:180:2
ckpt_300.pt,3,858,0.3378799259662628,0.06930352002382278,0.3230469226837158,"35,239,53,169,78","170,62,185,209,210",3:134:2|3:308:2|3:811:2
ckpt_300.pt,3,859,0.3375511169433594,0.06158853694796562,0.33867016434669495,"82,169,235,195,9","216,114,196,170,221",3:474:2|3:490:2|3:505:2
ckpt_300.pt,3,860,0.3360286056995392,0.07554073631763458,0.32636919617652893,"117,113,73,0,162","123,230,43,119,30",3:270:2|3:271:2|3:336:2
ckpt_300.pt,3,861,0.3114096224308014,0.050361983478069305,0.32709529995918274,"203,86,142,172,92","114,124,135,9,225",3:233:2|3:337:2|3:642:2
ckpt_300.pt,3,862,0.38201650977134705,0.07402636110782623,0.35763227939605713,"82,158,35,28,249","248,24,211,20,59",3:505:2|3:589:2|3:920:2
ckpt_300.pt,3,863,0.37907013297080994,0.0693344920873642,0.33514124155044556,"109,242,216,62,245","174,55,15,231,14",3:105:2|3:17:1|3:26:1
ckpt_300.pt,3,864,0.32618972659111023,0.06238432228565216,0.3517506718635559,"157,93,252,154,46","3,142,21,11,52",3:86:2|3:725:2|3:5:1
ckpt_300.pt,3,865,0.31636884808540344,0.062325410544872284,0.3085390627384186,"16,233,162,229,207","38,149,164,194,197",3:147:2|3:175:2|3:271:2
ckpt_300.pt,3,866,0.34747523069381714,0.05874446779489517,0.32801973819732666,"232,63,207,194,198","5,91,237,230,106",3:542:2|3:821:2|3:8:1
ckpt_300.pt,3,867,0.31881996989250183,0.05333179235458374,0.32111498713493347,"10,34,88,87,94","43,53,117,101,58",3:302:2|3:7:1|3:10:1
ckpt_300.pt,3,868,0.3154597580432892,0.05533982813358307,0.33305448293685913,"111,205,131,151,130","119,102,32,38,139",3:855:3|3:444:2|3:51:1
ckpt_300.pt,3,869,0.3204987347126007,0.06269852817058563,0.32270941138267517,"116,122,176,63,6","128,176,62,14,193",3:348:2|3:948:2|3:1008:2
ckpt_300.pt,3,870,0.34756019711494446,0.06616486608982086,0.34220895171165466,"166,104,114,238,126","250,33,48,245,207",3:23:1|3:27:1|3:39:1
ckpt_300.pt,3,871,0.34069594740867615,0.08003895729780197,0.33679232001304626,"115,185,178,192,85","170,43,252,234,27",3:498:2|3:611:2|3:969:2
ckpt_300.pt,3,872,0.30702903866767883,0.05862312391400337,0.33387649059295654,"202,173,63,183,215","130,254,14,65,58",3:17:2|3:55:2|3:166:2
ckpt_300.pt,3,873,0.33079952001571655,0.05941294878721237,0.33485159277915955,"73,152,215,212,46","51,66,65,152,242",3:140:2|3:326:2|3:577:2
ckpt_300.pt,3,874,0.32162702083587646,0.060152992606163025,0.33681967854499817,"45,56,126,64,98","156,137,128,211,113",3:116:2|3:160:2|3:194:2
ckpt_300.pt,3,875,0.33083635568618774,0.06265255808830261,0.33915162086486816,"115,214,90,131,148","40,187,123,59,191",3:75:2|3:423:2|3:691:2
ckpt_300.pt,3,876,0.337855726480484,0.07332102209329605,0.3244292140007019,"251,109,195,112,202","203,150,128,240,175",3:356:2|3:482:2|3:900:2
ckpt_300.pt,3,877,0.3479105234146118,0.07022924721240997,0.32797956466674805,"218,199,154,16,173","136,169,219,164,24",3:261:2|3:739:2|3:798:2
ckpt_300.pt,3,878,0.3429883122444153,0.07066651433706284,0.3399309813976288,"12,198,211,255,155","161,124,162,243,36",3:970:2|3:8:1|3:31:1
ckpt_300.pt,3,879,0.31856077909469604,0.062614805996418,0.3455728590488434,"68,218,191,207,159","157,250,58,139,87",3:8:1|3:9:1|3:19:1
ckpt_300.pt,3,880,0.34551623463630676,0.06026891991496086,0.3005443513393402,"125,153,140,118,7","151,107,133,51,18",3:244:2|3:285:2|3:456:2
ckpt_300.pt,3,881,0.3533218801021576,0.07144258916378021,0.3420011103153229,"66,42,174,107,99","37,131,61,78,223",3:252:2|3:18:1|3:24:1
ckpt_300.pt,3,882,0.3767329454421997,0.06500937044620514,0.32732176780700684,"184,111,239,171,21","78,117,94,120,170",3:397:3|3:20:2|3:259:2
ckpt_300.pt,3,883,0.3163875937461853,0.060677673667669296,0.3180256485939026,"32,3,76,136,111","255,147,101,137,83",3:93:2|3:383:2|3:5:1
ckpt_300.pt,3,884,0.33511438965797424,0.056972604244947433,0.31929245591163635,"10,113,1,151,122","37,211,67,29,194",3:344:2|3:839:2|3:2:1
ckpt_300.pt,3,885,0.32659560441970825,0.06119992956519127,0.34540534019470215,"75,120,114,0,179","244,243,72,186,124",3:275:2|3:416:2|3:420:2
ckpt_300.pt,3,886,0.3400373160839081,0.06957314908504486,0.3342950642108917,"18,218,36,52,223","64,13,177,61,166",3:584:2|3:1:1|3:9:1
ckpt_300.pt,3,887,0.3198542594909668,0.06393199414014816,0.3294012248516083,"66,213,93,37,76","139,56,254,112,240",3:37:2|3:115:2|3:220:2
ckpt_300.pt,3,888,0.38472774624824524,0.075011245906353,0.34566250443458557,"0,139,237,152,96","163,166,46,6,125",3:44:2|3:111:2|3:243:2
ckpt_300.pt,3,889,0.34123581647872925,0.052606984972953796,0.30985528230667114,"133,85,62,254,255","117,73,178,12,53",3:119:2|3:260:2|3:749:2
ckpt_300.pt,3,890,0.3550126254558563,0.07203398644924164,0.33698776364326477,"59,50,128,132,5","73,46,208,167,44",3:159:2|3:313:2|3:360:2
ckpt_300.pt,3,891,0.3320850431919098,0.06318552792072296,0.306951642036438,"32,92,248,233,165","168,141,216,111,109",3:390:2|3:604:2|3:718:2
ckpt_300.pt,3,892,0.3533863425254822,0.08679700642824173,0.3350640833377838,"238,68,29,35,8","63,123,65,186,139",3:136:2|3:178:2|3:17:1
ckpt_300.pt,3,893,0.365139365196228,0.07716396450996399,0.33720335364341736,"24,143,83,246,77","206,142,214,245,118",3:21:2|3:429:2|3:487:2
ckpt_300.pt,3,894,0.3725503981113434,0.05520767346024513,0.3419332206249237,"254,113,234,216,244","217,221,168,26,214",3:106:2|3:580:2|3:582:2
ckpt_300.pt,3,895,0.3261285126209259,0.05769537389278412,0.3150668442249298,"65,205,185,194,18","212,231,240,181,211",3:332:2|3:567:2|3:664:2
ckpt_300.pt,3,896,0.3300193250179291,0.0730695128440857,0.3040620982646942,"169,218,12,87,238","247,228,238,146,26",3:92:2|3:333:2|3:414:2
ckpt_300.pt,3,897,0.3199712336063385,0.06020345166325569,0.3196975886821747,"54,40,1,164,148","232,110,119,106,243",3:2:1|3:9:1|3:31:1
ckpt_300.pt,3,898,0.33343398571014404,0.06801342219114304,0.3178538680076599,"48,148,45,182,90","91,238,127,135,231",3:201:2|3:390:2|3:691:2
ckpt_300.pt,3,899,0.3247591257095337,0.05976130813360214,0.3273651599884033,"165,81,29,21,53","167,0,94,72,131",3:2:1|3:6:1|3:15:1
ckpt_300.pt,3,900,0.3470050096511841,0.06052148714661598,0.3038991689682007,"109,202,37,69,83","122,179,139,71,67",3:313:2|3:746:2|3:876:2
ckpt_300.pt,3,901,0.33889687061309814,0.07584378868341446,0.3425453007221222,"13,218,235,141,238","164,228,9,170,115",3:226:2|3:739:2|3:896:2
ckpt_300.pt,3,902,0.35699552297592163,0.07286034524440765,0.3201697766780853,"173,214,179,151,180","79,46,6,155,3",3:142:2|3:183:2|3:3:1
ckpt_300.pt,3,903,0.3522772490978241,0.06451119482517242,0.35887011885643005,"46,213,60,70,55","234,100,149,111,52",3:687:2|3:721:2|3:740:2
ckpt_300.pt,3,904,0.32931697368621826,0.0633503794670105,0.3043246269226074,"119,86,69,233,206","34,61,249,241,177",3:254:3|3:272:2|3:853:2
ckpt_300.pt,3,905,0.31079939007759094,0.058755744248628616,0.3174479305744171,"202,96,43,25,242","48,17,109,85,229",3:14:1|3:17:1|3:22:1
ckpt_300.pt,3,906,0.32336029410362244,0.05219564214348793,0.3128250539302826,"246,87,115,238,99","228,50,224,84,193",3:294:2|3:333:2|3:363:2
ckpt_300.pt,3,907,0.31184664368629456,0.06010616198182106,0.30365148186683655,"113,57,104,228,173","253,58,31,242,86",3:489:2|3:711:2|3:910:2
ckpt_300.pt,3,908,0.35909339785575867,0.06290924549102783,0.32281163334846497,"113,26,87,223,215","7,162,201,184,253",3:67:1|3:73:1|3:92:1
ckpt_300.pt,3,909,0.33078983426094055,0.06530804932117462,0.34270110726356506,"77,67,152,238,199","19,130,248,217,73",3:21:2|3:53:2|3:592:2
ckpt_300.pt,3,910,0.32122695446014404,0.07407297194004059,0.35667264461517334,"62,51,96,113,228","54,183,21,51,198",3:731:2|3:907:2|3:1:1
ckpt_300.pt,3,911,0.32263872027397156,0.05603504180908203,0.2971150577068329,"110,245,10,158,78","214,43,163,48,29",3:38:2|3:393:2|3:568:2
ckpt_300.pt,3,912,0.32113975286483765,0.06788019090890884,0.3241861164569855,"242,193,42,32,246","121,13,174,5,216",3:154:2|3:469:2|3:5:1
ckpt_300.pt,3,913,0.34216952323913574,0.055950846523046494,0.3360079824924469,"138,125,164,253,30","25,120,145,199,21",3:1:1|3:9:1|3:10:1
ckpt_300.pt,3,914,0.34110379219055176,0.08127358555793762,0.3053162395954132,"91,161,15,227,32","175,89,134,51,57",3:277:2|3:696:2|3:5:1
ckpt_300.pt,3,915,0.31024491786956787,0.06760527193546295,0.34512197971343994,"140,89,139,35,182","164,160,219,25,110",3:328:2|3:476:2|3:478:2
ckpt_300.pt,3,916,0.3273015022277832,0.058333951979875565,0.31790322065353394,"204,72,64,199,178","149,59,124,132,163",3:295:2|3:611:2|3:613:2
ckpt_300.pt,3,917,0.3412018418312073,0.07953089475631714,0.34921061992645264,"43,254,66,56,3","114,12,43,79,65",3:1004:2|3:1018:2|3:14:1
ckpt_300.pt,3,918,0.3471003472805023,0.07070000469684601,0.3408314287662506,"153,225,219,16,168","48,109,128,23,173",3:396:2|3:431:2|3:0:1
ckpt_300.pt,3,919,0.33091938495635986,0.07802138477563858,0.3209344446659088,"68,60,132,198,126","4,239,82,33,40",3:740:2|3:7:1|3:12:1
ckpt_300.pt,3,920,0.34221914410591125,0.06118088588118553,0.3315443992614746,"158,81,223,94,249","184,211,245,66,119",3:97:2|3:862:2|3:2:1
ckpt_300.pt,3,921,0.3725700378417969,0.06252603232860565,0.3625662922859192,"87,75,184,80,41","114,247,14,191,74",3:414:2|3:585:2|3:694:2
ckpt_300.pt,3,922,0.315420001745224,0.06928133964538574,0.3400101661682129,"120,87,137,102,206","68,0,159,137,135",3:321:2|3:585:2|3:637:2
ckpt_300.pt,3,923,0.3226805627346039,0.08609218895435333,0.3104563057422638,"74,49,95,102,174","232,160,66,105,153",3:299:2|3:7:1|3:15:1
ckpt_300.pt,3,924,0.3331349194049835,0.0635090246796608,0.32664087414741516,"154,119,219,205,108","41,10,182,28,80",3:86:2|3:87:2|3:101:2
ckpt_300.pt,3,925,0.33175379037857056,0.0595945380628109,0.30394041538238525,"79,207,24,137,97","72,5,254,189,177",3:487:2|3:582:2|3:817:2
ckpt_300.pt,3,926,0.3345576822757721,0.06361483782529831,0.3447118401527405,"120,11,39,124,31","43,116,38,207,26",3:406:2|3:409:2|3:443:2
ckpt_300.pt,3,927,0.364419162273407,0.05960909649729729,0.34090083837509155,"157,43,164,225,69","93,54,197,126,154",3:9:1|3:12:1|3:14:1
ckpt_300.pt,3,928,0.3549603223800659,0.06352962553501129,0.34678471088409424,"191,130,136,81,196","240,161,166,215,147",3:223:2|3:384:2|3:470:2
ckpt_300.pt,3,929,0.32657042145729065,0.06794127076864243,0.3299907147884369,"254,228,88,185,24","217,224,248,107,141",3:28:2|3:219:2|3:673:2
ckpt_300.pt,3,930,0.32488885521888733,0.06755316257476807,0.35051751136779785,"220,155,143,169,121","117,18,83,132,159",3:34:2|3:218:2|3:347:2
ckpt_300.pt,3,931,0.32758450508117676,0.08014287799596786,0.33098649978637695,"162,213,243,98,81","120,130,98,131,176",3:37:2|3:74:2|3:2:1
ckpt_300.pt,3,932,0.3131392002105713,0.05400083214044571,0.31525492668151855,"112,189,255,150,223","210,121,167,188,71",3:97:2|3:406:2|3:692:2
ckpt_300.pt,3,933,0.3494541347026825,0.062160979956388474,0.3387772738933563,"176,220,137,199,77","156,111,219,188,181",3:21:2|3:229:2|3:543:2
ckpt_300.pt,3,934,0.33954495191574097,0.06710634380578995,0.3144114911556244,"151,141,211,76,224","53,118,95,52,138",3:116:2|3:640:2|3:845:2
ckpt_300.pt,3,935,0.3271108567714691,0.05993032082915306,0.322388231754303,"122,66,130,48,89","116,255,209,219,114",3:372:2|3:400:2|3:10:1
ckpt_300.pt,3,936,0.35657861828804016,0.06117013096809387,0.3414336144924164,"58,49,162,187,143","25,224,83,178,225",3:68:2|3:247:2|3:478:2
ckpt_300.pt,3,937,0.3965183198451996,0.07210829108953476,0.34620746970176697,"168,0,239,134,170","30,183,36,12,255",3:124:2|3:458:2|3:784:2
ckpt_300.pt,3,938,0.3486761748790741,0.06586790084838867,0.3174964487552643,"169,202,220,7,59","96,47,164,30,238",3:601:2|3:930:2|3:17:1
ckpt_300.pt,3,939,0.331552654504776,0.05988764390349388,0.3203568160533905,"22,5,37,140,150","185,169,213,102,52",3:300:2|3:360:2|3:361:2
ckpt_300.pt,3,940,0.3467695415019989,0.054456550627946854,0.3315907120704651,"3,94,237,30,193","76,13,124,19,175",3:13:2|3:158:2|3:701:2
ckpt_300.pt,3,941,0.3261696994304657,0.06686892360448837,0.30952519178390503,"69,152,161,52,254","152,86,136,201,157",3:455:2|3:40:1|3:44:1
ckpt_300.pt,3,942,0.3195926547050476,0.04927695170044899,0.32376617193222046,"54,77,24,87,248","108,127,80,4,251",3:195:2|3:517:2|3:795:2
ckpt_300.pt,3,943,0.32285696268081665,0.0626421719789505,0.3193901777267456,"84,201,173,56,248","83,238,211,78,130",3:55:2|3:361:2|3:752:2
ckpt_300.pt,3,944,0.3674784302711487,0.079933300614357,0.3299914598464966,"121,33,175,151,76","99,151,201,46,36",3:51:2|3:73:2|3:716:2
ckpt_300.pt,3,945,0.3295557498931885,0.06925218552350998,0.33263298869132996,"199,246,177,41,185","1,116,125,56,18",3:63:2|3:385:2|3:611:2
ckpt_300.pt,3,946,0.3161795735359192,0.060458969324827194,0.3384315073490143,"189,167,108,231,1","177,103,16,237,13",3:62:2|3:2:1|3:16:1
ckpt_300.pt,3,947,0.32951682806015015,0.06281167268753052,0.29075106978416443,"137,187,18,243,11","118,173,2,254,189",3:197:2|3:284:2|3:9:1
ckpt_300.pt,3,948,0.3420294523239136,0.06382084637880325,0.32523083686828613,"74,86,116,46,6","50,203,156,149,6",3:348:2|3:869:2|3:6:1
ckpt_300.pt,3,949,0.3342183232307434,0.06283997744321823,0.3372661769390106,"212,255,56,174,115","252,135,216,113,109",3:307:2|3:719:2|3:0:1
ckpt_300.pt,3,950,0.34503045678138733,0.0776570588350296,0.32320961356163025,"18,190,104,87,123","5,163,83,180,51",3:304:2|3:546:2|3:664:2
ckpt_300.pt,3,951,0.35373032093048096,0.0721956416964531,0.30992844700813293,"3,113,218,45,180","180,12,0,216,111",3:141:2|3:448:2|3:690:2
ckpt_300.pt,3,952,0.3310292363166809,0.05716286972165108,0.3346169888973236,"217,141,186,232,23","52,217,41,160,138",3:496:2|3:772:2|3:7:1
ckpt_300.pt,3,953,0.33323344588279724,0.06254689395427704,0.323843777179718,"54,125,241,89,62","155,173,48,27,57",3:131:2|3:851:2|3:10:1
ckpt_300.pt,3,954,0.33870968222618103,0.06395233422517776,0.3138393759727478,"229,235,209,115,107","120,12,30,116,170",3:989:2|3:10:1|3:18:1
ckpt_300.pt,3,955,0.34868404269218445,0.06859243661165237,0.35105055570602417,"97,249,141,160,15","27,206,232,233,215",3:425:2|3:564:2|3:3:1
ckpt_300.pt,3,956,0.33980968594551086,0.06799840182065964,0.3238925337791443,"169,112,176,224,205","35,8,74,163,230",3:159:2|3:12:1|3:25:1
ckpt_300.pt,3,957,0.3102208375930786,0.08922678977251053,0.33090314269065857,"127,191,82,136,0","11,69,231,92,10",3:369:2|3:928:2|3:1019:2
ckpt_300.pt,3,958,0.36309248208999634,0.06281116604804993,0.30730560421943665,"203,47,79,65,205","254,215,118,128,249",3:266:2|3:662:2|3:749:2
ckpt_300.pt,3,959,0.31698641180992126,0.06302285194396973,0.31690478324890137,"47,221,19,74,127","89,41,108,175,159",3:56:2|3:410:2|3:2:1
ckpt_300.pt,3,960,0.3556857407093048,0.06040836498141289,0.34042054414749146,"38,64,188,102,144","54,28,158,172,41",3:192:2|3:538:2|3:30:1
ckpt_300.pt,3,961,0.31990888714790344,0.08119210600852966,0.33999401330947876,"233,127,240,49,101","107,185,232,245,4",3:1005:2|3:2:1|3:14:1
ckpt_300.pt,3,962,0.3442734181880951,0.05867081135511398,0.35816243290901184,"65,244,214,88,208","143,235,28,81,222",3:778:2|3:7:1|3:10:1
ckpt_300.pt,3,963,0.34192097187042236,0.06116730347275734,0.3394550383090973,"135,198,52,55,32","127,155,74,182,242",3:239:2|3:667:2|3:710:2
ckpt_300.pt,3,964,0.3236733078956604,0.055462390184402466,0.32164639234542847,"134,172,133,110,157","136,254,33,145,62",3:536:2|3:5:1|3:12:1
ckpt_300.pt,3,965,0.3427886664867401,0.06432096660137177,0.3264283835887909,"158,248,169,235,28","238,132,69,232,101",3:505:2|3:752:2|3:817:2
ckpt_300.pt,3,966,0.34604841470718384,0.05928192287683487,0.3378080129623413,"226,117,181,33,70","92,99,17,251,124",3:22:2|3:4:1|3:14:1
ckpt_300.pt,3,967,0.3340282142162323,0.07579147815704346,0.3233574330806732,"231,94,200,40,191","68,9,32,227,56",3:0:1|3:8:1|3:13:1
ckpt_300.pt,3,968,0.3297194540500641,0.06612563133239746,0.3162331283092499,"132,249,26,50,195","184,219,49,14,158",3:707:2|3:890:2|3:7:1
ckpt_300.pt,3,969,0.3284194767475128,0.05832315608859062,0.3162018954753876,"177,185,16,198,178","53,5,125,60,122",3:334:2|3:611:2|3:871:2
ckpt_300.pt,3,970,0.33020320534706116,0.05143219605088234,0.3159392178058624,"147,167,155,59,198","122,172,127,156,102",3:878:2|3:0:1|3:4:1
ckpt_300.pt,3,971,0.29116594791412354,0.049585580825805664,0.3524426221847534,"102,17,130,207,228","37,239,110,112,246",3:264:2|3:292:2|3:557:2
ckpt_300.pt,3,972,0.3219396471977234,0.061481278389692307,0.33380255103111267,"233,195,27,93,174","1,32,196,159,231",3:299:2|3:421:2|3:657:2
ckpt_300.pt,3,973,0.333818256855011,0.060436420142650604,0.3235917091369629,"34,63,47,148,24","60,27,183,54,151",3:8:1|3:15:1|3:24:1
ckpt_300.pt,3,974,0.35860633850097656,0.07356689870357513,0.31590279936790466,"131,2,224,246,146","119,205,137,121,241",3:1:1|3:13:1|3:36:1
ckpt_300.pt,3,975,0.2933739721775055,0.08084865659475327,0.33922702074050903,"10,114,41,72,92","11,144,166,13,137",3:75:2|3:233:2|3:471:2
ckpt_300.pt,3,976,0.3677114248275757,0.05965443328022957,0.32762330770492554,"34,254,115,194,62","59,163,27,170,225",3:889:2|3:994:2|3:1004:2
ckpt_300.pt,3,977,0.3441520929336548,0.06317654252052307,0.32378754019737244,"9,142,154,230,130","142,137,195,93,69",3:179:2|3:378:2|3:2:1
ckpt_300.pt,3,978,0.33176639676094055,0.06232130527496338,0.31155315041542053,"60,72,53,118,73","132,122,125,244,211",3:314:2|3:597:2|3:6:1
ckpt_300.pt,3,979,0.3323567807674408,0.05567110702395439,0.31060847640037537,"167,15,125,145,251","171,199,34,241,192",3:36:2|3:708:2|3:816:2
ckpt_300.pt,3,980,0.3155768811702728,0.05724337697029114,0.298441618680954,"188,169,76,116,158","219,55,23,21,255",3:218:2|3:473:2|3:782:2
ckpt_300.pt,3,981,0.33913618326187134,0.07327399402856827,0.31113049387931824,"176,206,254,137,106","187,38,207,148,111",3:254:2|3:374:2|3:466:2
ckpt_300.pt,3,982,0.3623073697090149,0.06755513697862625,0.33306071162223816,"171,75,141,112,68","19,66,55,164,125",3:386:2|3:740:2|3:844:2
ckpt_300.pt,3,983,0.3107215464115143,0.05563369020819664,0.36707231402397156,"5,101,84,230,247","157,230,62,186,135",3:709:2|3:1003:2|3:2:1
ckpt_300.pt,3,984,0.34789228439331055,0.06437346339225769,0.3044707179069519,"34,123,81,182,146","125,191,54,161,78",3:343:2|3:541:2|3:670:2
ckpt_300.pt,3,985,0.35049742460250854,0.07602865993976593,0.3490098714828491,"192,246,22,205,183","32,201,189,3,84",3:227:2|3:4:1|3:13:1
ckpt_300.pt,3,986,0.3643620014190674,0.06862618029117584,0.3414751887321472,"47,14,154,171,145","21,117,237,132,189",3:5:1|3:15:1|3:31:1
ckpt_300.pt,3,987,0.33977949619293213,0.06923103332519531,0.33301737904548645,"153,235,104,55,45","178,175,162,66,192",3:279:2|3:11:1|3:15:1
ckpt_300.pt,3,988,0.33535894751548767,0.06276209652423859,0.3382713496685028,"156,80,172,188,73","141,94,121,255,129",3:226:2|3:507:2|3:700:2
ckpt_300.pt,3,989,0.3692556917667389,0.059666819870471954,0.3380744755268097,"107,24,241,115,210","74,202,177,137,108",3:231:2|3:615:2|3:954:2
ckpt_300.pt,3,990,0.30561429262161255,0.046451084315776825,0.3042270541191101,"15,223,210,221,252","31,8,70,210,158",3:258:2|3:602:2|3:748:2
ckpt_300.pt,3,991,0.3188333213329315,0.05307989940047264,0.34267622232437134,"182,81,18,92,7","249,118,43,125,222",3:212:2|3:462:2|3:639:2
ckpt_300.pt,3,992,0.3224216103553772,0.06467346847057343,0.33270496129989624,"34,20,222,242,134","137,237,172,20,95",3:509:2|3:826:2|3:5:1
ckpt_300.pt,3,993,0.33680737018585205,0.07347414642572403,0.34373658895492554,"197,51,239,133,37","19,11,2,176,102",3:11:2|3:176:2|3:283:2
ckpt_300.pt,3,994,0.3395153880119324,0.08475255221128464,0.32570815086364746,"254,62,100,8,83","19,198,51,59,12",3:17:2|3:112:2|3:555:2
ckpt_300.pt,3,995,0.31424784660339355,0.0582902655005455,0.32272934913635254,"224,209,214,15,13","186,94,46,1,141",3:225:2|3:26:1|3:32:1
ckpt_300.pt,3,996,0.3374926447868347,0.07438581436872482,0.31563517451286316,"33,78,19,128,85","107,66,214,149,78",3:206:2|3:578:2|3:8:1
ckpt_300.pt,3,997,0.35864531993865967,0.07841141521930695,0.34676235914230347,"185,126,246,18,160","12,119,8,48,223",3:197:2|3:227:2|3:304:2
ckpt_300.pt,3,998,0.33086758852005005,0.06100154668092728,0.34968096017837524,"196,65,146,249,10","74,114,109,63,147",3:418:2|3:653:2|3:732:2
ckpt_300.pt,3,999,0.3468826115131378,0.054227687418460846,0.3287627398967743,"65,47,26,125,123","60,91,249,128,43",3:620:2|3:958:2|3:1011:2
ckpt_300.pt,3,1000,0.3330090343952179,0.05956995114684105,0.3231237530708313,"175,52,251,159,62","181,17,127,52,245",3:156:2|3:164:2|3:17:1
ckpt_300.pt,3,1001,0.33621445298194885,0.056259240955114365,0.31896036863327026,"22,217,163,45,16","120,62,240,225,93",3:343:2|3:510:2|3:540:2
ckpt_300.pt,3,1002,0.36029738187789917,0.06695478409528732,0.33536386489868164,"254,23,17,86,199","131,202,37,92,236",3:103:2|3:109:2|3:225:2
ckpt_300.pt,3,1003,0.3383704423904419,0.05531292036175728,0.33078184723854065,"101,104,4,5,199","210,55,226,56,233",3:413:2|3:607:2|3:983:2
ckpt_300.pt,3,1004,0.3217560946941376,0.05724174529314041,0.31631070375442505,"57,27,34,66,254","222,63,85,66,144",3:76:2|3:81:2|3:489:2
ckpt_300.pt,3,1005,0.35211288928985596,0.0688050389289856,0.32253241539001465,"254,103,101,220,49","70,155,180,37,6",3:33:2|3:221:2|3:229:2
ckpt_300.pt,3,1006,0.3693799376487732,0.06872648000717163,0.3196432888507843,"74,220,217,29,170","15,213,27,145,62",3:74:2|3:755:2|3:18:1
ckpt_300.pt,3,1007,0.32635366916656494,0.08232613652944565,0.3505227565765381,"108,124,8,221,253","181,113,97,88,160",3:41:2|3:1:1|3:10:1
ckpt_300.pt,3,1008,0.3035029470920563,0.05352136865258217,0.3342296779155731,"238,6,172,165,122","227,219,200,90,86",3:208:2|3:595:2|3:620:2
ckpt_300.pt,3,1009,0.3455919325351715,0.07107190042734146,0.3036588728427887,"67,91,4,231,145","184,3,243,25,203",3:375:2|3:802:2|3:810:2
ckpt_300.pt,3,1010,0.33410778641700745,0.06009240821003914,0.3441758453845978,"87,104,138,5,220","22,244,50,251,165",3:950:2|3:1003:2|3:39:1
ckpt_300.pt,3,1011,0.3413633406162262,0.07143372297286987,0.34231939911842346,"65,123,107,158,202","143,221,211,68,121",3:152:2|3:383:2|3:393:2
ckpt_300.pt,3,1012,0.3465729057788849,0.06359362602233887,0.33579856157302856,"20,202,170,188,255","89,174,27,175,71",3:399:2|3:603:2|3:17:1
ckpt_300.pt,3,1013,0.33344846963882446,0.055705536156892776,0.32506003975868225,"213,207,254,83,9","44,51,209,244,191",3:385:2|3:582:2|3:671:2
ckpt_300.pt,3,1014,0.35251307487487793,0.07607507705688477,0.3300630748271942,"94,51,6,229,205","9,70,81,50,215",3:332:2|3:486:2|3:1:1
ckpt_300.pt,3,1015,0.3242862820625305,0.05651093274354935,0.3231402039527893,"10,177,8,71,131","250,205,47,255,8",3:17:1|3:30:1|3:59:1
ckpt_300.pt,3,1016,0.35876014828681946,0.06857841461896896,0.3471118211746216,"125,112,254,245,85","159,161,16,105,166",3:210:2|3:610:2|3:749:2
ckpt_300.pt,3,1017,0.33282074332237244,0.058641307055950165,0.3026248812675476,"15,37,252,92,71","15,72,70,184,133",3:591:3|3:648:2|3:661:2
ckpt_300.pt,3,1018,0.3498307466506958,0.06024988368153572,0.32427528500556946,"93,56,3,70,11","161,98,228,183,130",3:148:2|3:220:2|3:488:2
ckpt_300.pt,3,1019,0.33254697918891907,0.05787963420152664,0.3290621340274811,"173,82,181,191,116","167,174,201,243,9",3:279:2|3:957:2|3:6:1
ckpt_300.pt,3,1020,0.3246088922023773,0.05376410484313965,0.32335492968559265,"107,114,159,92,198","97,105,233,227,2",3:469:2|3:975:2|3:18:1
ckpt_300.pt,3,1021,0.337549090385437,0.05473649129271507,0.32784298062324524,"163,70,53,94,123","245,108,90,52,224",3:198:2|3:343:2|3:4:1
ckpt_300.pt,3,1022,0.34272611141204834,0.05914437770843506,0.31573766469955444,"97,255,83,206,130","34,130,137,206,99",3:354:2|3:30:1|3:31:1
ckpt_300.pt,3,1023,0.3407701253890991,0.061035141348838806,0.3220459520816803,"76,54,37,6,154","70,100,108,212,110",3:64:2|3:887:2|3:5:1
ckpt_300.pt,4,0,0.3226257860660553,0.0592048205435276,0.33573755621910095,"206,145,25,151,121","240,13,91,119,57",4:94:2|4:165:2|4:322:2
ckpt_300.pt,4,1,0.33686044812202454,0.06148596480488777,0.34808245301246643,"176,11,252,37,82","10,225,207,143,180",4:289:2|4:728:2|4:2:1
ckpt_300.pt,4,2,0.330440491437912,0.06250076740980148,0.35158511996269226,"104,195,199,37,56","217,214,199,173,11",4:539:2|4:631:2|4:1:1
ckpt_300.pt,4,3,0.32207778096199036,0.07006329298019409,0.3357960283756256,"100,226,74,79,189","130,131,117,219,36",4:199:2|4:203:2|4:919:2
ckpt_300.pt,4,4,0.32041510939598083,0.066381074488163,0.3358919322490692,"152,198,94,229,2","147,252,174,22,165",4:348:2|4:390:2|4:709:2
ckpt_300.pt,4,5,0.3449336588382721,0.06741716712713242,0.32153865694999695,"211,182,181,3,159","83,222,102,40,16",4:308:2|4:832:2|4:1014:2
ckpt_300.pt,4,6,0.328687846660614,0.06618029624223709,0.3181163966655731,"146,112,242,165,50","181,47,76,223,179",4:656:2|4:700:2|4:21:1
ckpt_300.pt,4,7,0.3060309588909149,0.05608728155493736,0.33155637979507446,"73,128,58,201,184","249,32,80,243,29",4:774:2|4:1022:2|4:9:1
ckpt_300.pt,4,8,0.3168194890022278,0.07210683077573776,0.31001555919647217,"60,145,66,48,154","220,152,216,190,186",4:653:2|4:986:2|4:0:1
ckpt_300.pt,4,9,0.36440980434417725,0.06549613177776337,0.3343794345855713,"110,235,58,163,171","54,22,224,245,88",4:202:2|4:661:2|4:7:1
ckpt_300.pt,4,10,0.31836050748825073,0.0528068020939827,0.3261863589286804,"169,150,61,212,173","29,142,171,241,209",4:59:2|4:287:2|4:395:2
ckpt_300.pt,4,11,0.29941728711128235,0.062049467116594315,0.30882561206817627,"22,26,0,192,57","47,147,69,17,62",4:15:2|4:928:2|4:950:2
ckpt_300.pt,4,12,0.330602765083313,0.07472122460603714,0.3439537584781647,"36,88,225,107,39","214,8,5,253,4",4:302:2|4:303:2|4:419:2
ckpt_300.pt,4,13,0.3308289647102356,0.06587772071361542,0.33029207587242126,"133,203,100,144,38","155,186,120,115,71",4:477:2|4:3:1|4:18:1
ckpt_300.pt,4,14,0.3425852954387665,0.06543974578380585,0.3359912931919098,"32,15,107,150,248","120,6,27,163,70",4:79:2|4:335:2|4:582:2
ckpt_300.pt,4,15,0.34084025025367737,0.0795709639787674,0.3443908989429474,"57,192,132,200,139","245,168,27,247,14",4:11:2|4:71:2|4:928:2
ckpt_300.pt,4,16,0.35186368227005005,0.06731471419334412,0.3075418472290039,"47,56,42,99,24","165,7,25,205,172",4:162:2|4:275:2|4:807:2
ckpt_300.pt,4,17,0.36261337995529175,0.07559990882873535,0.33904778957366943,"234,121,202,159,178","233,186,123,143,64",4:383:2|4:900:2|4:929:2
ckpt_300.pt,4,18,0.31911489367485046,0.05916113406419754,0.3054676353931427,"118,133,249,248,72","205,220,206,183,100",4:294:2|4:630:2|4:13:1
ckpt_300.pt,4,19,0.30151185393333435,0.05390752851963043,0.312019407749176,"169,52,34,224,250","4,226,235,39,204",4:804:2|4:882:2|4:963:2
ckpt_300.pt,4,20,0.3345080614089966,0.06345494836568832,0.33713212609291077,"245,62,15,158,123","188,71,19,63,70",4:188:2|4:205:2|4:268:2
ckpt_300.pt,4,21,0.3525058925151825,0.06682007759809494,0.33000466227531433,"90,50,83,229,8","52,113,97,20,123",4:4:1|4:6:1|4:44:1
ckpt_300.pt,4,22,0.34097036719322205,0.06017221510410309,0.3420872092247009,"205,86,195,36,140","6,83,45,78,210",4:955:3|4:385:2|4:853:2
ckpt_300.pt,4,23,0.36880698800086975,0.09008299559354782,0.34317249059677124,"105,244,4,75,161","200,106,220,234,182",4:533:2|4:688:2|4:37:1
ckpt_300.pt,4,24,0.3609839081764221,0.06604550033807755,0.33708348870277405,"25,193,162,19,135","213,73,242,18,99",4:616:2|4:813:2|4:0:1
ckpt_300.pt,4,25,0.31908342242240906,0.053323496133089066,0.32046017050743103,"145,58,43,188,148","204,233,19,241,120",4:98:2|4:126:2|4:186:2
ckpt_300.pt,4,26,0.31339454650878906,0.08361215144395828,0.32569417357444763,"167,104,84,201,149","192,182,135,44,222",4:282:2|4:855:2|4:2:1
ckpt_300.pt,4,27,0.33854901790618896,0.07061513513326645,0.30906662344932556,"195,177,197,182,120","25,125,115,252,165",4:286:2|4:503:2|4:628:2
ckpt_300.pt,4,28,0.3398440480232239,0.060998592525720596,0.3517804443836212,"38,117,9,170,10","23,13,184,129,93",4:49:2|4:465:2|4:720:2
ckpt_300.pt,4,29,0.33289846777915955,0.05630955472588539,0.3340252935886383,"85,122,46,183,247","69,168,51,0,13",4:140:2|4:446:2|4:510:2
ckpt_300.pt,4,30,0.325446218252182,0.056273218244314194,0.301057904958725,"193,172,10,56,126","172,239,183,215,76",4:965:2|4:2:1|4:16:1
ckpt_300.pt,4,31,0.32521289587020874,0.06268854439258575,0.32548192143440247,"14,74,45,147,204","216,231,234,223,187",4:370:2|4:1020:2|4:3:1
ckpt_300.pt,4,32,0.3094290494918823,0.06586623936891556,0.3335687220096588,"182,206,193,17,249","144,215,170,201,51",4:680:2|4:832:2|4:839:2
ckpt_300.pt,4,33,0.33474013209342957,0.07200383394956589,0.32465291023254395,"95,214,43,207,31","139,177,210,187,80",4:495:2|4:593:2|4:25:1
ckpt_300.pt,4,34,0.3279447853565216,0.057084426283836365,0.3187094032764435,"84,55,226,134,37","98,190,180,242,27",4:855:2|4:1:1|4:2:1
ckpt_300.pt,4,35,0.3235248625278473,0.05129005014896393,0.31272056698799133,"20,3,251,243,67","149,98,57,253,169",4:509:2|4:584:2|4:776:2
ckpt_300.pt,4,36,0.3199170231819153,0.05775394290685654,0.3462648391723633,"116,219,227,99,243","112,227,59,208,25",4:331:2|4:369:2|4:382:2
ckpt_300.pt,4,37,0.33529478311538696,0.08013586699962616,0.3449663519859314,"128,0,70,165,75","245,208,85,28,62",4:339:2|4:692:2|4:6:1
ckpt_300.pt,4,38,0.34215566515922546,0.0501338467001915,0.33976736664772034,"213,211,67,79,73","152,208,60,210,232",4:199:2|4:3:1|4:5:1
ckpt_300.pt,4,39,0.36862537264823914,0.06372775137424469,0.3390117585659027,"115,226,86,21,249","127,52,247,133,77",4:598:2|4:635:2|4:855:2
ckpt_300.pt,4,40,0.3117087483406067,0.054486848413944244,0.29686442017555237,"114,148,88,244,124","227,146,228,110,125",4:303:2|4:315:2|4:386:2
ckpt_300.pt,4,41,0.35032278299331665,0.06591368466615677,0.33171677589416504,"128,65,163,56,187","112,56,199,158,92",4:349:2|4:508:2|4:599:2
ckpt_300.pt,4,42,0.3431133031845093,0.062413908541202545,0.35372740030288696,"101,190,130,172,31","239,188,9,124,84",4:30:1|4:33:1|4:44:1
ckpt_300.pt,4,43,0.3450639843940735,0.06624167412519455,0.3309658169746399,"114,250,14,225,46","166,36,225,205,55",4:626:2|4:750:2|4:872:2
ckpt_300.pt,4,44,0.34903669357299805,0.0688660591840744,0.32277023792266846,"31,247,225,229,161","201,48,26,3,55",4:97:2|4:4:1|4:12:1
ckpt_300.pt,4,45,0.32267478108406067,0.051996782422065735,0.3174853026866913,"228,132,186,41,196","78,44,85,69,168",4:122:2|4:516:2|4:718:2
ckpt_300.pt,4,46,0.33454203605651855,0.0517742894589901,0.3543282747268677,"233,53,237,130,126","32,29,36,133,220",4:239:2|4:30:1|4:42:1
ckpt_300.pt,4,47,0.33858126401901245,0.07267352938652039,0.3392429053783417,"127,56,182,143,81","113,184,198,174,36",4:999:3|4:316:2|4:504:2
ckpt_300.pt,4,48,0.31848207116127014,0.058405473828315735,0.32714247703552246,"62,164,32,6,189","63,136,180,68,95",4:595:2|4:624:2|4:830:2
ckpt_300.pt,4,49,0.35675951838493347,0.059573911130428314,0.31556272506713867,"10,131,117,33,226","148,142,54,30,52",4:28:2|4:276:2|4:432:2
ckpt_300.pt,4,50,0.3273657262325287,0.05742829293012619,0.3143640458583832,"83,53,120,64,212","43,188,22,84,107",4:627:2|4:10:1|4:21:1
ckpt_300.pt,4,51,0.32954978942871094,0.05960473418235779,0.2989809215068817,"138,250,253,221,82","245,106,133,154,71",4:124:2|4:328:2|4:709:2
ckpt_300.pt,4,52,0.3849513828754425,0.080610491335392,0.3449448049068451,"175,26,132,204,199","255,40,89,18,158",4:53:2|4:354:2|4:941:2
ckpt_300.pt,4,53,0.31610798835754395,0.05820246413350105,0.3092328906059265,"255,145,132,26,69","235,242,72,101,62",4:52:2|4:499:2|4:915:2
ckpt_300.pt,4,54,0.3031892776489258,0.05928128585219383,0.3435944616794586,"81,47,151,90,154","187,61,225,104,168",4:478:2|4:911:2|4:947:2
ckpt_300.pt,4,55,0.35257768630981445,0.05845993012189865,0.312940776348114,"172,150,205,200,123","241,58,87,118,117",4:617:2|4:649:2|4:945:2
ckpt_300.pt,4,56,0.34378182888031006,0.060717083513736725,0.3109772801399231,"218,136,54,161,83","82,204,49,32,163",4:137:2|4:603:2|4:620:2
ckpt_300.pt,4,57,0.35616886615753174,0.06537209451198578,0.3447677493095398,"121,238,152,78,24","7,93,13,165,212",4:222:2|4:913:2|4:1023:2
ckpt_300.pt,4,58,0.36094561219215393,0.08000126481056213,0.34324997663497925,"74,81,185,188,33","146,17,84,29,208",4:440:2|4:3:1|4:25:1
ckpt_300.pt,4,59,0.3383272886276245,0.05966484919190407,0.30950263142585754,"136,74,213,61,173","155,30,242,79,82",4:10:2|4:370:2|4:3:1
ckpt_300.pt,4,60,0.340118408203125,0.06399328261613846,0.31513771414756775,"1,107,73,27,250","198,223,66,45,68",4:626:2|4:7:1|4:12:1
ckpt_300.pt,4,61,0.3235073983669281,0.06330130249261856,0.31458786129951477,"89,207,80,150,183","185,23,104,141,14",4:313:2|4:501:2|4:798:2
ckpt_300.pt,4,62,0.3257984220981598,0.05998263135552406,0.34180110692977905,"150,6,124,63,168","115,197,68,196,217",4:107:2|4:10:1|4:14:1
ckpt_300.pt,4,63,0.33949488401412964,0.0614803284406662,0.33876487612724304,"79,240,125,118,84","63,245,235,145,222",4:3:1|4:18:1|4:26:1
ckpt_300.pt,4,64,0.3392029404640198,0.059483543038368225,0.36178967356681824,"110,116,104,73,181","63,41,165,231,92",4:202:2|4:207:2|4:1006:2
ckpt_300.pt,4,65,0.34891587495803833,0.057926032692193985,0.32497739791870117,"159,126,144,201,162","229,230,238,252,128",4:707:2|4:783:2|4:992:2
ckpt_300.pt,4,66,0.3151380121707916,0.059198278933763504,0.32092711329460144,"115,36,161,212,46","7,168,248,55,212",4:524:2|4:638:2|4:10:1
ckpt_300.pt,4,67,0.35844686627388,0.07542844861745834,0.3054322302341461,"176,108,232,144,47","227,63,254,167,194",4:885:2|4:1015:2|4:1018:2
ckpt_300.pt,4,68,0.3409591019153595,0.06806161254644394,0.32643136382102966,"219,205,188,109,247","183,165,163,35,91",4:98:2|4:138:2|4:766:2
ckpt_300.pt,4,69,0.3242563307285309,0.057351984083652496,0.3222741186618805,"167,65,107,158,34","77,175,136,252,127",4:205:2|4:485:2|4:12:1
ckpt_300.pt,4,70,0.31914907693862915,0.05659745633602142,0.3362535238265991,"53,232,116,134,166","124,88,134,76,206",4:34:1|4:36:1|4:46:1
ckpt_300.pt,4,71,0.32548636198043823,0.04940435290336609,0.3279859721660614,"234,57,180,132,224","47,122,131,55,140",4:15:2|4:306:2|4:585:2
ckpt_300.pt,4,72,0.32804372906684875,0.05904544144868851,0.3245501220226288,"131,186,23,42,71","57,19,217,221,110",4:97:2|4:916:2|4:16:1
ckpt_300.pt,4,73,0.34715479612350464,0.06078491359949112,0.3255765736103058,"142,127,146,114,141","24,174,239,135,45",4:129:2|4:242:2|4:905:2
ckpt_300.pt,4,74,0.33710038661956787,0.06245715543627739,0.31871333718299866,"168,209,208,91,149","110,29,93,27,234",4:214:2|4:26:1|4:62:1
ckpt_300.pt,4,75,0.35688039660453796,0.06677545607089996,0.3243144750595093,"143,64,210,17,33","30,126,193,207,225",4:831:2|4:1019:2|4:32:1
ckpt_300.pt,4,76,0.31627702713012695,0.06976650655269623,0.3356451690196991,"73,134,21,4,242","25,167,181,88,234",4:621:2|4:6:1|4:7:1
ckpt_300.pt,4,77,0.32765424251556396,0.0627034604549408,0.31197914481163025,"121,4,47,174,248","7,5,43,116,250",4:247:2|4:275:2|4:820:2
ckpt_300.pt,4,78,0.28210434317588806,0.05436114966869354,0.3183676600456238,"193,214,235,144,161","45,241,236,12,132",4:810:2|4:9:1|4:13:1
ckpt_300.pt,4,79,0.31455183029174805,0.05167810991406441,0.34803202748298645,"107,32,173,181,155","151,33,87,241,74",4:14:2|4:300:2|4:361:2
ckpt_300.pt,4,80,0.31081369519233704,0.058035485446453094,0.31154799461364746,"167,22,151,100,5","162,142,180,161,87",4:985:3|4:828:2|4:0:1
ckpt_300.pt,4,81,0.3244262635707855,0.06357911229133606,0.3326094150543213,"1,56,198,209,137","112,93,103,97,106",4:338:2|4:999:2|4:1011:2
ckpt_300.pt,4,82,0.33421993255615234,0.05530351400375366,0.3310399353504181,"220,14,217,158,231","249,31,128,73,236",4:491:2|4:698:2|4:767:2
ckpt_300.pt,4,83,0.32462191581726074,0.07646819204092026,0.33178967237472534,"1,18,138,58,180","242,116,140,171,29",4:143:2|4:808:2|4:7:1
ckpt_300.pt,4,84,0.3410354554653168,0.06151000037789345,0.3211415410041809,"140,221,141,124,155","198,126,41,5,37",4:328:2|4:507:2|4:22:1
ckpt_300.pt,4,85,0.3315213918685913,0.061401091516017914,0.3506309390068054,"11,30,84,187,165","212,116,190,18,173",4:89:2|4:206:2|4:729:2
ckpt_300.pt,4,86,0.34756195545196533,0.057670556008815765,0.32999664545059204,"202,238,66,74,98","101,0,209,119,151",4:149:2|4:3:1|4:8:1
ckpt_300.pt,4,87,0.2976464033126831,0.05606256425380707,0.3312835693359375,"83,95,67,117,75","241,72,19,77,174",4:204:2|4:339:2|4:1000:2
ckpt_300.pt,4,88,0.3300088346004486,0.07983033359050751,0.3336138129234314,"160,204,217,182,16","54,181,242,77,13",4:318:2|4:939:2|4:994:2
ckpt_300.pt,4,89,0.32771527767181396,0.05858797952532768,0.323362797498703,"11,84,19,154,41","104,189,76,53,58",4:85:2|4:559:2|4:1:1
ckpt_300.pt,4,90,0.3379998803138733,0.0626717060804367,0.3049459457397461,"119,206,12,80,68","210,21,227,93,85",4:687:2|4:861:2|4:0:1
ckpt_300.pt,4,91,0.34445446729660034,0.06848634779453278,0.33705979585647583,"187,109,237,120,164","86,57,98,81,20",4:723:2|4:27:1|4:41:1
ckpt_300.pt,4,92,0.33522889018058777,0.05366500839591026,0.3221871852874756,"109,162,199,27,158","89,87,57,124,151",4:612:2|4:2:1|4:20:1
ckpt_300.pt,4,93,0.3201684057712555,0.05734877288341522,0.3125554919242859,"40,12,92,27,120","124,11,126,98,120",4:690:2|4:792:2|4:27:1
ckpt_300.pt,4,94,0.33449283242225647,0.06128872558474541,0.3337416648864746,"192,151,247,121,34","246,160,206,6,146",4:0:2|4:322:2|4:526:2
ckpt_300.pt,4,95,0.29090750217437744,0.05018144100904465,0.3057483434677124,"173,83,236,250,38","62,56,131,249,145",4:230:2|4:324:2|4:968:2
ckpt_300.pt,4,96,0.3457203507423401,0.060093287378549576,0.325883686542511,"131,13,179,64,229","134,163,204,99,82",4:282:2|4:410:2|4:4:1
ckpt_300.pt,4,97,0.3328890800476074,0.0602746456861496,0.3431473672389984,"31,161,71,202,23","52,127,208,80,204",4:44:2|4:72:2|4:517:2
ckpt_300.pt,4,98,0.3513793349266052,0.06575513631105423,0.3312855064868927,"97,213,58,188,247","104,223,77,227,79",4:25:2|4:68:2|4:637:2
ckpt_300.pt,4,99,0.33975183963775635,0.055633626878261566,0.3271765410900116,"239,186,78,98,179","70,251,115,86,124",4:249:2|4:324:2|4:905:2
ckpt_300.pt,4,100,0.3205023407936096,0.05787056311964989,0.3245775103569031,"218,76,221,108,23","49,84,228,70,101",4:476:2|4:495:2|4:51:1
ckpt_300.pt,4,101,0.3065691888332367,0.059407029300928116,0.3314419984817505,"81,3,60,248,252","156,20,189,211,24",4:538:2|4:776:2|4:1:1
ckpt_300.pt,4,102,0.29807987809181213,0.06914203613996506,0.31134822964668274,"225,3,22,196,209","13,142,38,147,241",4:233:2|4:776:2|4:895:2
ckpt_300.pt,4,103,0.35347577929496765,0.07478764653205872,0.32218754291534424,"156,213,4,150,56","24,148,58,208,159",4:147:2|4:751:2|4:945:2
ckpt_300.pt,4,104,0.3249950110912323,0.0662483274936676,0.3515579104423523,"106,0,136,12,238","120,52,208,188,150",4:143:2|4:213:2|4:818:2
ckpt_300.pt,4,105,0.3401099741458893,0.0835125669836998,0.32995226979255676,"16,188,254,235,42","236,19,0,190,52",4:621:2|4:807:2|4:982:2
ckpt_300.pt,4,106,0.31008630990982056,0.059415366500616074,0.3304113447666168,"211,38,253,68,249","166,13,40,32,174",4:968:2|4:5:1|4:13:1
ckpt_300.pt,4,107,0.3256131112575531,0.06096978485584259,0.31255900859832764,"26,84,168,150,7","193,51,176,251,5",4:62:2|4:160:2|4:881:2
ckpt_300.pt,4,108,0.3540765047073364,0.06652228534221649,0.3179113268852234,"144,6,184,143,254","232,198,249,242,234",4:844:2|4:927:2|4:7:1
ckpt_300.pt,4,109,0.31206944584846497,0.05689464882016182,0.32025304436683655,"65,192,202,117,64","40,44,62,251,78",4:189:2|4:619:2|4:642:2
ckpt_300.pt,4,110,0.3005110025405884,0.06183817237615585,0.34295451641082764,"183,196,18,69,152","75,84,90,227,114",4:326:2|4:346:2|4:743:2
ckpt_300.pt,4,111,0.348314493894577,0.06069517880678177,0.3153475224971771,"176,134,211,69,162","167,252,53,96,205",4:578:2|4:728:2|4:888:2
ckpt_300.pt,4,112,0.34109219908714294,0.06395582109689713,0.34256768226623535,"250,113,103,55,101","138,12,151,153,237",4:980:2|4:19:1|4:34:1
ckpt_300.pt,4,113,0.33375459909439087,0.07198833674192429,0.3204318881034851,"65,222,185,146,13","127,150,25,80,66",4:307:2|4:6:1|4:41:1
ckpt_300.pt,4,114,0.3166022002696991,0.06200670823454857,0.33336740732192993,"0,169,131,147,9","21,201,31,196,153",4:10:1|4:11:1|4:19:1
ckpt_300.pt,4,115,0.3239402174949646,0.06262148171663284,0.31773805618286133,"195,130,118,251,42","133,126,234,226,20",4:398:2|4:2:1|4:16:1
ckpt_300.pt,4,116,0.319117933511734,0.055198464542627335,0.3165993392467499,"111,1,21,17,45","241,32,131,56,189",4:724:2|4:995:2|4:31:1
ckpt_300.pt,4,117,0.3234284818172455,0.05955727398395538,0.31864413619041443,"50,16,38,238,195","158,191,132,119,231",4:124:2|4:633:2|4:711:2
ckpt_300.pt,4,118,0.3354005813598633,0.07181670516729355,0.3414178788661957,"135,85,89,128,139","223,16,80,67,4",4:292:2|4:363:2|4:371:2
ckpt_300.pt,4,119,0.35151901841163635,0.06897053867578506,0.33416685461997986,"119,18,24,109,150","98,63,33,82,248",4:867:2|4:10:1|4:14:1
ckpt_300.pt,4,120,0.3259585499763489,0.05978011339902878,0.3129193186759949,"77,170,154,131,32","254,231,246,159,2",4:550:2|4:591:2|4:624:2
ckpt_300.pt,4,121,0.34958043694496155,0.07309533655643463,0.3254881203174591,"193,223,228,164,93","72,87,47,46,142",4:231:2|4:830:2|4:978:2
ckpt_300.pt,4,122,0.3346967101097107,0.06023305281996727,0.31538742780685425,"187,196,29,228,105","85,95,63,158,182",4:45:2|4:349:2|4:23:1
ckpt_300.pt,4,123,0.33281823992729187,0.060938961803913116,0.3220010995864868,"187,166,104,175,35","34,182,45,209,12",4:336:2|4:2:1|4:26:1
ckpt_300.pt,4,124,0.32137826085090637,0.06280629336833954,0.3405660092830658,"221,168,50,82,38","78,74,197,192,183",4:51:2|4:117:2|4:160:2
ckpt_300.pt,4,125,0.32361435890197754,0.05861609801650047,0.3300721049308777,"67,186,142,76,149","235,76,173,240,148",4:801:2|4:26:1|4:35:1
ckpt_300.pt,4,126,0.34237372875213623,0.07431813329458237,0.3271598517894745,"148,58,161,127,194","55,181,247,4,82",4:25:2|4:866:2|4:918:2
ckpt_300.pt,4,127,0.31635570526123047,0.08881128579378128,0.30579376220703125,"26,230,88,24,159","50,87,75,84,68",4:303:2|4:413:2|4:596:2
ckpt_300.pt,4,128,0.3793855905532837,0.075886070728302,0.33511507511138916,"208,73,23,253,52","95,159,75,187,129",4:345:2|4:592:2|4:803:2
ckpt_300.pt,4,129,0.30139341950416565,0.06415342539548874,0.3116950988769531,"114,164,241,141,67","207,14,178,17,103",4:73:2|4:175:2|4:198:2
ckpt_300.pt,4,130,0.34360164403915405,0.06219825521111488,0.323259562253952,"127,223,170,218,132","0,113,153,57,117",4:459:2|4:999:2|4:15:1
ckpt_300.pt,4,131,0.34259626269340515,0.05782852694392204,0.32931748032569885,"171,13,221,136,252","147,234,18,37,250",4:988:2|4:1:1|4:9:1
ckpt_300.pt,4,132,0.33814704418182373,0.06036771461367607,0.3360843360424042,"209,222,253,127,227","14,201,143,175,220",4:233:2|4:586:2|4:36:1
ckpt_300.pt,4,133,0.31734326481819153,0.0696004182100296,0.3398014008998871,"82,214,133,26,25","42,178,196,116,237",4:256:2|4:356:2|4:473:2
ckpt_300.pt,4,134,0.3529108762741089,0.05374505743384361,0.33819010853767395,"123,198,146,69,231","48,255,210,164,148",4:4:1|4:6:1|4:20:1
ckpt_300.pt,4,135,0.33428674936294556,0.07050696760416031,0.3236246109008789,"78,45,217,188,19","149,100,141,31,127",4:587:2|4:856:2|4:24:1
ckpt_300.pt,4,136,0.3090057373046875,0.053958408534526825,0.3320240080356598,"34,179,161,181,249","220,177,182,8,74",4:318:2|4:769:2|4:5:1
ckpt_300.pt,4,137,0.32126885652542114,0.05982251465320587,0.33281299471855164,"136,83,178,241,225","117,54,9,113,107",4:56:2|4:177:2|4:330:2
ckpt_300.pt,4,138,0.3563278913497925,0.0727667510509491,0.31186074018478394,"205,228,174,188,156","227,70,59,194,95",4:68:2|4:209:2|4:576:2
ckpt_300.pt,4,139,0.35822150111198425,0.056125905364751816,0.3272337317466736,"111,157,182,61,113","223,69,136,28,236",4:243:2|4:351:2|4:715:2
ckpt_300.pt,4,140,0.37959596514701843,0.0884174183011055,0.3527366816997528,"141,156,122,247,33","197,192,181,147,209",4:29:2|4:260:2|4:44:1
ckpt_300.pt,4,141,0.3214726448059082,0.05890396609902382,0.328011155128479,"134,80,228,234,75","201,161,183,116,51",4:221:2|4:257:2|4:591:2
ckpt_300.pt,4,142,0.34995120763778687,0.07398723065853119,0.323630154132843,"155,188,3,99,40","218,181,101,124,64",4:606:3|4:590:2|4:792:2
ckpt_300.pt,4,143,0.3199838399887085,0.05590038001537323,0.2975406348705292,"138,58,238,12,175","60,181,230,76,175",4:83:2|4:104:2|4:769:2
ckpt_300.pt,4,144,0.364685595035553,0.06584181636571884,0.3403727412223816,"44,67,204,221,157","235,130,75,174,116",4:493:2|4:898:2|4:31:1
ckpt_300.pt,4,145,0.3084788918495178,0.05681866779923439,0.3086338937282562,"122,252,243,206,4","66,167,217,38,36",4:826:2|4:839:2|4:0:1
ckpt_300.pt,4,146,0.3255881071090698,0.05918356403708458,0.3191179633140564,"113,20,184,110,80","152,129,185,138,183",4:207:2|4:313:2|4:544:2
ckpt_300.pt,4,147,0.32564181089401245,0.055307235568761826,0.33747029304504395,"132,120,4,213,129","218,169,120,219,101",4:103:2|4:628:2|4:795:2
ckpt_300.pt,4,148,0.32191139459609985,0.06590160727500916,0.3147139549255371,"172,242,234,216,120","247,127,89,246,173",4:177:2|4:879:2|4:6:1
ckpt_300.pt,4,149,0.316194087266922,0.05917157232761383,0.33035561442375183,"202,127,239,74,211","247,160,75,187,236",4:86:2|4:504:2|4:905:2
ckpt_300.pt,4,150,0.35025057196617126,0.06607326865196228,0.35621020197868347,"131,91,52,175,55","189,168,202,36,49",4:917:2|4:980:2|4:19:1
ckpt_300.pt,4,151,0.33852073550224304,0.0620139054954052,0.35831722617149353,"107,244,187,51,62","193,192,165,111,225",4:172:2|4:296:2|4:646:2
ckpt_300.pt,4,152,0.33857491612434387,0.06020405888557434,0.32720625400543213,"214,236,227,56,85","94,5,27,140,61",4:356:2|4:371:2|4:544:2
ckpt_300.pt,4,153,0.34096455574035645,0.05972074717283249,0.345560759305954,"154,153,5,67,51","151,68,224,226,121",4:457:2|4:796:2|4:8:1
ckpt_300.pt,4,154,0.32766690850257874,0.059282515197992325,0.34076276421546936,"6,207,76,75,64","254,221,53,174,173",4:739:2|4:23:1|4:33:1
ckpt_300.pt,4,155,0.3593478798866272,0.07088366895914078,0.3641035854816437,"59,220,4,58,104","97,94,173,252,182",4:401:2|4:438:2|4:575:2
ckpt_300.pt,4,156,0.332554429769516,0.058532215654850006,0.34860777854919434,"10,134,212,198,145","157,127,85,137,249",4:157:2|4:494:2|4:511:2
ckpt_300.pt,4,157,0.31708890199661255,0.05751696228981018,0.34612277150154114,"67,72,10,174,198","229,92,56,57,88",4:156:2|4:529:2|4:863:2
ckpt_300.pt,4,158,0.32180044054985046,0.06169202923774719,0.33419692516326904,"204,193,246,244,66","54,39,168,144,27",4:841:2|4:8:1|4:23:1
ckpt_300.pt,4,159,0.31141775846481323,0.06432897597551346,0.3159084618091583,"214,225,135,134,170","3,233,236,19,108",4:496:3|4:909:3|4:223:2
ckpt_300.pt,4,160,0.36581504344940186,0.06790193915367126,0.3307897448539734,"86,168,7,15,38","69,114,113,20,135",4:107:2|4:124:2|4:13:1
ckpt_300.pt,4,161,0.3369656801223755,0.058349933475255966,0.3418181836605072,"132,162,253,111,5","26,213,238,85,83",4:253:2|4:414:2|4:586:2
ckpt_300.pt,4,162,0.33156663179397583,0.07136721163988113,0.2999424338340759,"165,241,56,220,47","193,220,192,240,190",4:16:2|4:2:1|4:6:1
ckpt_300.pt,4,163,0.32510995864868164,0.05188598111271858,0.32315582036972046,"168,24,35,36,163","145,202,160,208,242",4:275:2|4:479:2|4:596:2
ckpt_300.pt,4,164,0.3158918619155884,0.06959856301546097,0.3196656107902527,"137,196,76,54,59","23,145,95,26,114",4:248:2|4:401:2|4:405:2
ckpt_300.pt,4,165,0.3466598391532898,0.06829110532999039,0.3066827356815338,"70,63,77,206,151","196,147,158,228,106",4:0:2|4:404:2|4:710:2
ckpt_300.pt,4,166,0.3158029615879059,0.05951946601271629,0.36316967010498047,"154,22,232,229,158","202,214,124,81,228",4:323:2|4:597:2|4:696:2
ckpt_300.pt,4,167,0.32707399129867554,0.06072648614645004,0.3209853172302246,"180,255,61,163,223","221,178,158,172,190",4:424:2|4:557:2|4:566:2
ckpt_300.pt,4,168,0.33508220314979553,0.06546985357999802,0.33086928725242615,"113,133,97,221,54","43,4,229,92,20",4:388:2|4:629:2|4:13:1
ckpt_300.pt,4,169,0.31377696990966797,0.07042458653450012,0.3526279330253601,"220,195,110,94,9","146,41,13,218,68",4:474:3|4:237:2|4:360:2
ckpt_300.pt,4,170,0.35641568899154663,0.06876187026500702,0.3283435106277466,"221,198,115,248,91","55,64,232,62,81",4:4:1|4:14:1|4:18:1
ckpt_300.pt,4,171,0.36014917492866516,0.07125180959701538,0.32161620259284973,"215,232,185,132,68","2,231,125,106,80",4:458:2|4:655:2|4:1009:2
ckpt_300.pt,4,172,0.34654557704925537,0.062101639807224274,0.29722699522972107,"107,187,200,188,21","254,16,111,36,126",4:151:2|4:487:2|4:512:2
ckpt_300.pt,4,173,0.33614417910575867,0.0750950425863266,0.33784157037734985,"133,135,123,236,234","204,134,127,140,137",4:363:2|4:394:2|4:13:1
ckpt_300.pt,4,174,0.3229477107524872,0.06545385718345642,0.31564563512802124,"96,123,216,23,154","252,120,213,139,35",4:256:2|4:605:2|4:904:2
ckpt_300.pt,4,175,0.32679811120033264,0.06246858835220337,0.3108314275741577,"241,197,248,48,114","178,160,126,73,2",4:129:2|4:201:2|4:630:2
ckpt_300.pt,4,176,0.3371392488479614,0.07260897755622864,0.3443300127983093,"188,28,251,221,163","93,24,57,42,34",4:186:2|4:9:1|4:25:1
ckpt_300.pt,4,177,0.3431027829647064,0.06739185750484467,0.3347487151622772,"241,178,14,242,216","119,145,42,74,103",4:137:2|4:148:2|4:784:2
ckpt_300.pt,4,178,0.3232075870037079,0.05286877974867821,0.32436561584472656,"107,124,102,92,184","28,25,67,173,109",4:229:2|4:622:2|4:875:2
ckpt_300.pt,4,179,0.3345797657966614,0.05750438943505287,0.36883345246315,"124,226,68,82,166","86,214,97,186,222",4:782:2|4:1:1|4:3:1
ckpt_300.pt,4,180,0.3296683728694916,0.06641608476638794,0.31245487928390503,"153,253,94,230,105","225,184,253,244,57",4:4:1|4:23:1|4:51:1
ckpt_300.pt,4,181,0.32328009605407715,0.061575040221214294,0.34845075011253357,"20,120,16,56,45","88,106,17,214,237",4:238:2|4:555:2|4:625:2
ckpt_300.pt,4,182,0.31009969115257263,0.07045930624008179,0.33772939443588257,"243,238,113,118,141","119,32,93,212,72",4:629:2|4:18:1|4:35:1
ckpt_300.pt,4,183,0.29651713371276855,0.058556534349918365,0.3152352571487427,"20,49,231,216,212","98,68,114,64,0",4:215:2|4:364:2|4:865:2
ckpt_300.pt,4,184,0.3248884677886963,0.05604136362671852,0.30349382758140564,"70,18,134,137,237","33,199,34,26,225",4:511:3|4:248:2|4:334:2
ckpt_300.pt,4,185,0.3262079060077667,0.07250726968050003,0.3634032905101776,"237,28,154,42,141","6,152,4,210,164",4:691:2|4:790:2|4:943:2
ckpt_300.pt,4,186,0.3615853190422058,0.08172459155321121,0.31378328800201416,"188,28,253,145,61","107,113,221,203,250",4:25:2|4:176:2|4:646:2
ckpt_300.pt,4,187,0.34906649589538574,0.06766308099031448,0.3346034586429596,"214,230,163,97,30","113,75,234,10,233",4:228:2|4:502:2|4:9:1
ckpt_300.pt,4,188,0.35639867186546326,0.0660565197467804,0.34033727645874023,"5,107,194,123,245","150,4,163,90,67",4:20:2|4:553:2|4:617:2
ckpt_300.pt,4,189,0.30930638313293457,0.05295899882912636,0.34266379475593567,"106,21,158,117,64","179,130,6,169,11",4:109:2|4:194:2|4:400:2
ckpt_300.pt,4,190,0.34267014265060425,0.057864878326654434,0.33958470821380615,"33,6,110,100,147","24,199,174,112,173",4:463:2|4:595:2|4:784:2
ckpt_300.pt,4,191,0.34455353021621704,0.056702252477407455,0.321187287569046,"161,102,112,84,14","41,23,36,91,132",4:264:2|4:643:2|4:1020:2
ckpt_300.pt,4,192,0.332452654838562,0.06104191020131111,0.3086293041706085,"247,228,68,129,2","216,16,97,61,175",4:298:2|4:671:2|4:705:2
ckpt_300.pt,4,193,0.33310985565185547,0.06055624037981033,0.3284853994846344,"254,81,10,80,196","104,3,133,74,95",4:28:1|4:30:1|4:45:1
ckpt_300.pt,4,194,0.33943048119544983,0.06516923755407333,0.3459163308143616,"158,21,152,161,153","26,61,64,106,38",4:189:2|4:199:2|4:696:2
ckpt_300.pt,4,195,0.3365398645401001,0.05658271536231041,0.3359450101852417,"27,140,24,9,45","79,152,60,23,212",4:227:2|4:770:2|4:1005:2
ckpt_300.pt,4,196,0.34652605652809143,0.07057903707027435,0.3239496946334839,"100,91,129,244,36","188,212,229,253,99",4:245:2|4:787:2|4:889:2
ckpt_300.pt,4,197,0.37468084692955017,0.06974788755178452,0.34246885776519775,"117,68,52,57,69","169,246,114,175,203",4:325:2|4:368:2|4:388:2
ckpt_300.pt,4,198,0.33791011571884155,0.06345763057470322,0.32245320081710815,"66,63,164,241,155","217,27,6,224,42",4:129:2|4:590:2|4:741:2
ckpt_300.pt,4,199,0.34137412905693054,0.0575559176504612,0.3118993937969208,"79,213,153,152,226","238,100,176,120,26",4:3:2|4:38:2|4:194:2
ckpt_300.pt,4,200,0.32997509837150574,0.06124845892190933,0.33073490858078003,"243,220,95,172,139","164,174,207,203,111",4:357:3|4:381:2|4:689:2
ckpt_300.pt,4,201,0.31783750653266907,0.07095189392566681,0.3170117735862732,"172,248,237,38,241","130,223,71,23,79",4:175:2|4:870:2|4:13:1
ckpt_300.pt,4,202,0.35139498114585876,0.058417972177267075,0.3550686836242676,"181,110,171,183,168","187,62,190,149,221",4:9:2|4:64:2|4:304:2
ckpt_300.pt,4,203,0.30552351474761963,0.07620182633399963,0.30055662989616394,"123,183,100,189,140","133,185,195,226,129",4:3:2|4:244:2|4:283:2
ckpt_300.pt,4,204,0.3313789367675781,0.05757874995470047,0.3256787955760956,"165,83,117,193,139","243,109,206,225,131",4:87:2|4:680:2|4:6:1
ckpt_300.pt,4,205,0.32145529985427856,0.0655473917722702,0.316493958234787,"169,245,219,167,158","243,95,123,132,16",4:20:2|4:69:2|4:485:2
ckpt_300.pt,4,206,0.36907437443733215,0.06414340436458588,0.32575923204421997,"115,222,160,11,165","195,157,138,219,109",4:85:2|4:334:2|4:1012:2
ckpt_300.pt,4,207,0.3187011480331421,0.05224590003490448,0.3214573264122009,"224,17,20,110,104","150,227,34,219,220",4:64:2|4:146:2|4:2:1
ckpt_300.pt,4,208,0.3196844756603241,0.061949215829372406,0.33544841408729553,"177,136,196,87,121","219,176,28,74,78",4:222:2|4:860:2|4:967:2
ckpt_300.pt,4,209,0.33888009190559387,0.06734403967857361,0.3169326186180115,"205,83,102,47,228","191,193,29,102,252",4:138:2|4:722:2|4:16:1
ckpt_300.pt,4,210,0.34010741114616394,0.06036973372101784,0.33631959557533264,"95,9,6,134,104","92,60,54,176,238",4:910:2|4:2:1|4:26:1
ckpt_300.pt,4,211,0.33309048414230347,0.0725761204957962,0.3473671078681946,"152,76,45,178,58","38,19,126,223,229",4:235:2|4:754:2|4:4:1
ckpt_300.pt,4,212,0.33228111267089844,0.07322194427251816,0.3363651931285858,"202,108,34,39,243","139,43,229,230,23",4:481:2|4:780:2|4:12:1
ckpt_300.pt,4,213,0.32638925313949585,0.06611829996109009,0.3494096100330353,"0,184,106,171,44","226,117,189,195,150",4:104:2|4:7:1|4:9:1
ckpt_300.pt,4,214,0.38731423020362854,0.08396190404891968,0.32434016466140747,"87,208,123,105,91","65,178,149,137,239",4:74:2|4:308:2|4:345:2
ckpt_300.pt,4,215,0.34222859144210815,0.060901790857315063,0.3358688950538635,"215,212,20,100,221","188,225,132,66,65",4:183:2|4:935:2|4:3:1
ckpt_300.pt,4,216,0.3437533676624298,0.08271263539791107,0.31221604347229004,"242,15,179,70,122","155,243,14,240,101",4:245:2|4:336:2|4:452:2
ckpt_300.pt,4,217,0.35503825545310974,0.06447050720453262,0.351951539516449,"118,107,146,212,254","215,212,11,173,208",4:262:2|4:537:2|4:6:1
ckpt_300.pt,4,218,0.34142959117889404,0.059310682117938995,0.34682729840278625,"22,68,188,111,30","131,246,184,93,216",4:227:2|4:11:1|4:25:1
ckpt_300.pt,4,219,0.31785959005355835,0.05248337984085083,0.32334887981414795,"38,128,132,158,160","223,99,70,154,100",4:230:2|4:327:2|4:400:2
ckpt_300.pt,4,220,0.32665109634399414,0.052607353776693344,0.3374577760696411,"110,21,91,61,41","247,151,1,182,86",4:9:1|4:10:1|4:39:1
ckpt_300.pt,4,221,0.3392757475376129,0.07364200055599213,0.319475919008255,"171,129,80,134,186","168,34,122,55,216",4:141:2|4:475:2|4:9:1
ckpt_300.pt,4,222,0.32347846031188965,0.08465482294559479,0.31041419506073,"121,200,210,78,177","232,158,119,200,194",4:57:2|4:208:2|4:0:1
ckpt_300.pt,4,223,0.36210817098617554,0.07187668234109879,0.3346219062805176,"15,131,225,134,174","67,23,190,138,159",4:159:2|4:496:2|4:967:2
ckpt_300.pt,4,224,0.31613415479660034,0.06139831617474556,0.2985556125640869,"189,80,243,43,8","103,79,229,23,17",4:704:2|4:834:2|4:3:1
ckpt_300.pt,4,225,0.3309190571308136,0.06151789799332619,0.30752646923065186,"203,251,156,120,223","107,89,225,136,160",4:260:2|4:266:2|4:643:2
ckpt_300.pt,4,226,0.3272933065891266,0.06315255165100098,0.3220846652984619,"207,251,109,148,166","26,122,170,119,197",4:740:2|4:925:2|4:25:1
ckpt_300.pt,4,227,0.3380540907382965,0.07038983702659607,0.33615732192993164,"27,111,9,148,22","4,155,49,233,177",4:195:2|4:218:2|4:874:2
ckpt_300.pt,4,228,0.33862102031707764,0.07086796313524246,0.334310382604599,"30,140,242,7,230","122,53,2,174,248",4:187:2|4:245:2|4:484:2
ckpt_300.pt,4,229,0.38942840695381165,0.09180086851119995,0.33719635009765625,"79,184,186,136,92","156,223,37,86,79",4:178:2|4:543:2|4:808:2
ckpt_300.pt,4,230,0.3131251633167267,0.06108745560050011,0.30913951992988586,"128,110,250,199,38","193,177,96,233,205",4:95:2|4:219:2|4:607:2
ckpt_300.pt,4,231,0.35601019859313965,0.06813526153564453,0.31208038330078125,"110,193,194,230,223","109,34,73,243,172",4:121:2|4:252:2|4:396:2
ckpt_300.pt,4,232,0.3153485655784607,0.05625772476196289,0.3331855237483978,"44,45,202,168,134","121,128,220,91,25",4:17:1|4:31:1|4:34:1
ckpt_300.pt,4,233,0.3216423988342285,0.06936497241258621,0.3174576163291931,"135,222,42,209,225","98,101,144,135,19",4:102:2|4:132:2|4:159:2
ckpt_300.pt,4,234,0.3356316089630127,0.06223079562187195,0.328723281621933,"166,157,48,73,199","165,21,143,60,252",4:589:2|4:618:2|4:750:2
ckpt_300.pt,4,235,0.33614423871040344,0.06119939684867859,0.33324089646339417,"90,235,45,242,152","176,22,49,23,51",4:211:2|4:770:2|4:947:2
ckpt_300.pt,4,236,0.33442914485931396,0.0599760003387928,0.3095984160900116,"9,215,12,64,141","114,220,227,252,171",4:337:2|4:655:2|4:975:2
ckpt_300.pt,4,237,0.3059747517108917,0.05580810457468033,0.33418503403663635,"195,68,9,227,65","13,8,208,252,118",4:169:2|4:388:2|4:655:2
ckpt_300.pt,4,238,0.32475942373275757,0.060446739196777344,0.3264371454715729,"131,116,45,211,120","144,22,235,85,197",4:181:2|4:246:2|4:375:2
ckpt_300.pt,4,239,0.35327839851379395,0.06242115795612335,0.3444536328315735,"178,91,53,233,71","38,165,136,230,141",4:46:2|4:740:2|4:903:2
ckpt_300.pt,4,240,0.3116089105606079,0.07423362135887146,0.3306416869163513,"68,204,150,243,194","218,116,125,132,191",4:655:2|4:745:2|4:10:1
ckpt_300.pt,4,241,0.3189236521720886,0.06318437308073044,0.3159801959991455,"190,39,40,153,245","163,69,81,47,43",4:302:2|4:693:2|4:1021:2
ckpt_300.pt,4,242,0.3462539315223694,0.06522760540246964,0.3235268294811249,"103,246,80,141,142","73,232,81,208,206",4:73:2|4:61:1|4:84:1
ckpt_300.pt,4,243,0.34196677803993225,0.06224849447607994,0.3075156509876251,"99,124,190,157,113","140,124,37,148,123",4:139:2|4:445:2|4:946:2
ckpt_300.pt,4,244,0.3282684087753296,0.07911340892314911,0.32223066687583923,"81,63,67,140,189","26,61,160,181,70",4:203:2|4:507:2|4:710:2
ckpt_300.pt,4,245,0.3388693630695343,0.06902704387903214,0.328667014837265,"242,179,100,30,36","227,122,106,253,74",4:196:2|4:216:2|4:228:2
ckpt_300.pt,4,246,0.329142689704895,0.07132512331008911,0.3277531862258911,"88,228,116,120,35","113,7,236,225,141",4:238:2|4:257:2|4:375:2
ckpt_300.pt,4,247,0.35860675573349,0.06316627562046051,0.32556024193763733,"169,76,4,174,89","69,172,31,252,209",4:77:2|4:471:2|4:530:2
ckpt_300.pt,4,248,0.32795166969299316,0.05737052112817764,0.33780384063720703,"134,137,239,214,196","159,238,44,191,208",4:159:2|4:164:2|4:184:2
ckpt_300.pt,4,249,0.34126389026641846,0.06061175465583801,0.3274194002151489,"122,137,239,78,58","245,163,246,97,149",4:99:2|4:248:2|4:674:2
ckpt_300.pt,4,250,0.30603110790252686,0.060634054243564606,0.3380914628505707,"251,244,122,176,145","54,126,170,3,190",4:368:2|4:885:2|4:888:2
ckpt_300.pt,4,251,0.3086823523044586,0.056916575878858566,0.32267406582832336,"224,95,85,77,226","153,11,189,12,131",4:453:2|4:3:1|4:19:1
ckpt_300.pt,4,252,0.34554818272590637,0.06478387862443924,0.32271504402160645,"62,241,193,115,194","238,162,114,115,176",4:231:2|4:636:2|4:20:1
ckpt_300.pt,4,253,0.29486167430877686,0.059586573392152786,0.32987555861473083,"144,5,177,170,111","228,40,28,254,187",4:161:2|4:414:2|4:503:2
ckpt_300.pt,4,254,0.33275291323661804,0.058745138347148895,0.32480207085609436,"77,135,84,203,67","249,6,36,88,115",4:305:2|4:404:2|4:519:2
ckpt_300.pt,4,255,0.3119874894618988,0.058355964720249176,0.3367317020893097,"241,143,233,215,131","217,134,84,187,82",4:522:2|4:609:2|4:831:2
ckpt_300.pt,4,256,0.36733296513557434,0.07551287114620209,0.33807122707366943,"23,26,36,96,82","175,33,91,130,165",4:133:2|4:174:2|4:356:2
ckpt_300.pt,4,257,0.3439364731311798,0.0737023800611496,0.3397441506385803,"20,238,134,228,35","98,28,120,160,34",4:141:2|4:246:2|4:906:2
ckpt_300.pt,4,258,0.32875436544418335,0.058535169810056686,0.34292614459991455,"112,192,170,188,176","33,44,123,146,68",4:317:2|4:684:2|4:996:2
ckpt_300.pt,4,259,0.3380792438983917,0.06683450192213058,0.3282022178173065,"21,51,186,33,47","89,152,218,66,202",4:281:2|4:797:2|4:898:2
ckpt_300.pt,4,260,0.3173862397670746,0.055151183158159256,0.32068392634391785,"122,214,156,87,120","142,34,100,166,70",4:140:2|4:225:2|4:723:2
ckpt_300.pt,4,261,0.34115198254585266,0.06416748464107513,0.3212537169456482,"209,43,49,233,179","94,117,111,175,100",4:1011:2|4:25:1|4:33:1
ckpt_300.pt,4,262,0.3081526458263397,0.05482220649719238,0.3328624665737152,"220,156,146,212,170","111,181,173,165,209",4:217:2|4:467:2|4:537:2
ckpt_300.pt,4,263,0.32318180799484253,0.054652709513902664,0.3262771666049957,"81,115,9,77,16","162,46,251,98,48",4:536:2|4:623:2|4:711:2
ckpt_300.pt,4,264,0.3703153133392334,0.06818338483572006,0.3246746063232422,"160,161,25,137,112","96,101,162,151,168",4:191:2|4:338:2|4:498:2
ckpt_300.pt,4,265,0.3406814932823181,0.0637936145067215,0.33059918880462646,"190,38,12,4,109","71,110,54,63,157",4:445:2|4:13:1|4:23:1
ckpt_300.pt,4,266,0.3348333537578583,0.06285963952541351,0.3237818777561188,"109,104,203,156,132","102,88,47,40,255",4:225:2|4:2:1|4:13:1
ckpt_300.pt,4,267,0.3446400761604309,0.07454986125230789,0.34414857625961304,"98,175,77,21,251","146,210,54,172,43",4:359:2|4:35:1|4:39:1
ckpt_300.pt,4,268,0.32426443696022034,0.0684887021780014,0.31549617648124695,"151,174,123,62,186","215,0,214,237,140",4:20:2|4:557:2|4:613:2
ckpt_300.pt,4,269,0.3284567594528198,0.06450527161359787,0.334518164396286,"55,31,116,137,194","54,12,6,112,165",4:33:1|4:34:1|4:36:1
ckpt_300.pt,4,270,0.29579055309295654,0.05159291625022888,0.30719029903411865,"92,117,223,219,58","251,120,60,117,58",4:337:2|4:543:2|4:619:2
ckpt_300.pt,4,271,0.3484254777431488,0.05734069645404816,0.3255850672721863,"53,155,154,93,100","218,51,152,129,158",4:650:2|4:790:2|4:919:2
ckpt_300.pt,4,272,0.3476790189743042,0.059601619839668274,0.3354741930961609,"224,141,111,174,117","14,13,213,87,218",4:337:2|4:19:1|4:28:1
ckpt_300.pt,4,273,0.33403006196022034,0.056897398084402084,0.32766592502593994,"46,56,162,70,84","8,175,217,58,231",4:545:2|4:692:2|4:965:2
ckpt_300.pt,4,274,0.3229197859764099,0.05440741032361984,0.35132715106010437,"92,109,215,15,35","148,210,108,98,223",4:14:1|4:20:1|4:68:1
ckpt_300.pt,4,275,0.3203945755958557,0.06286259740591049,0.3326320946216583,"24,47,163,174,133","128,157,168,162,64",4:16:2|4:77:2|4:163:2
ckpt_300.pt,4,276,0.3377223610877991,0.05866533890366554,0.33036863803863525,"76,121,5,33,117","76,74,90,10,123",4:49:2|4:322:2|4:464:2
ckpt_300.pt,4,277,0.3139459788799286,0.05102451518177986,0.31655001640319824,"208,7,233,42,194","47,85,107,88,35",4:398:2|4:441:2|4:443:2
ckpt_300.pt,4,278,0.3158171772956848,0.06495446711778641,0.3490222692489624,"143,94,66,237,158","12,93,155,216,144",4:981:2|4:4:1|4:8:1
ckpt_300.pt,4,279,0.33371371030807495,0.06468422710895538,0.3306373059749603,"43,13,42,173,26","17,212,202,133,6",4:702:2|4:834:2|4:880:2
ckpt_300.pt,4,280,0.33546021580696106,0.06393961608409882,0.34508663415908813,"87,240,218,96,213","119,187,131,245,44",4:361:2|4:380:2|4:605:2
ckpt_300.pt,4,281,0.3041362464427948,0.05778048560023308,0.32995641231536865,"59,33,183,51,175","165,63,253,74,103",4:788:3|4:259:2|4:359:2
ckpt_300.pt,4,282,0.32969507575035095,0.07147249579429626,0.3275904953479767,"13,104,201,24,131","219,150,168,63,235",4:26:2|4:96:2|4:587:2
ckpt_300.pt,4,283,0.3204902112483978,0.07150056213140488,0.3157625198364258,"68,116,157,189,123","74,238,171,228,255",4:203:2|4:451:2|4:704:2
ckpt_300.pt,4,284,0.34348779916763306,0.07200878113508224,0.33034706115722656,"181,82,0,189,125","10,30,134,55,227",4:289:2|4:1:1|4:3:1
ckpt_300.pt,4,285,0.3170079290866852,0.06351257860660553,0.32161247730255127,"9,92,214,99,67","195,72,58,238,207",4:792:2|4:823:2|4:16:1
ckpt_300.pt,4,286,0.36324286460876465,0.09366833418607712,0.3236541450023651,"182,51,120,144,46","211,59,199,66,171",4:27:2|4:383:2|4:670:2
ckpt_300.pt,4,287,0.3329029977321625,0.05757315829396248,0.30441370606422424,"169,82,243,60,61","52,191,89,3,74",4:10:2|4:395:2|4:1:1
ckpt_300.pt,4,288,0.3426480293273926,0.059109341353178024,0.3507422208786011,"197,187,178,110,0","19,217,200,149,27",4:417:2|4:661:2|4:9:1
ckpt_300.pt,4,289,0.36353227496147156,0.06239169090986252,0.316574364900589,"11,82,219,0,119","29,56,148,94,76",4:1:2|4:284:2|4:771:2
ckpt_300.pt,4,290,0.31926605105400085,0.08355937898159027,0.3492019474506378,"181,7,81,160,98","206,10,179,168,219",4:5:1|4:47:1|4:54:1
ckpt_300.pt,4,291,0.33128678798675537,0.07092686742544174,0.3441411554813385,"216,180,15,198,22","233,34,143,168,24",4:452:2|4:478:2|4:566:2
ckpt_300.pt,4,292,0.3146154582500458,0.06241174042224884,0.3209231197834015,"93,112,85,98,128","23,130,53,28,241",4:118:2|4:295:2|4:599:2
ckpt_300.pt,4,293,0.3399379849433899,0.06990734487771988,0.34022924304008484,"9,202,120,100,52","74,168,178,79,222",4:325:2|4:360:2|4:625:2
ckpt_300.pt,4,294,0.3546893894672394,0.05607375130057335,0.3296370506286621,"133,50,81,118,13","30,144,161,105,89",4:18:2|4:488:2|4:845:2
ckpt_300.pt,4,295,0.3457251489162445,0.07188988476991653,0.3258345127105713,"132,98,52,67,93","209,189,69,198,74",4:292:2|4:801:2|4:823:2
ckpt_300.pt,4,296,0.32088446617126465,0.079022116959095,0.31299668550491333,"55,244,187,43,111","15,121,207,225,157",4:151:2|4:724:2|4:23:1
ckpt_300.pt,4,297,0.3159838020801544,0.06311479210853577,0.31014665961265564,"119,223,167,43,242","74,209,142,251,83",4:656:2|4:821:2|4:6:1
ckpt_300.pt,4,298,0.3160574734210968,0.054902512580156326,0.34169429540634155,"129,182,172,68,73","83,9,212,221,255",4:192:2|4:785:2|4:5:1
ckpt_300.pt,4,299,0.33098340034484863,0.06709591299295425,0.31171271204948425,"149,60,62,200,18","178,59,114,1,104",4:558:2|4:8:1|4:15:1
ckpt_300.pt,4,300,0.3483160138130188,0.081047423183918,0.33800557255744934,"194,163,32,33,173","141,143,214,177,168",4:79:2|4:489:2|4:591:2
ckpt_300.pt,4,301,0.32279038429260254,0.08323300629854202,0.3514229357242584,"152,77,233,140,137","167,243,199,176,196",4:401:2|4:522:2|4:4:1
ckpt_300.pt,4,302,0.3390963077545166,0.05369846150279045,0.36337810754776,"245,113,36,39,216","32,93,65,112,232",4:12:2|4:241:2|4:752:2
ckpt_300.pt,4,303,0.3341432511806488,0.061120469123125076,0.3155832290649414,"88,230,114,36,176","148,206,73,175,3",4:12:2|4:40:2|4:127:2
ckpt_300.pt,4,304,0.3331637978553772,0.058816276490688324,0.34066152572631836,"148,183,86,171,99","234,124,36,41,114",4:202:2|4:331:2|4:588:2
ckpt_300.pt,4,305,0.32441139221191406,0.06111839786171913,0.31469646096229553,"84,77,90,247,182","125,208,230,65,123",4:254:2|4:785:2|4:881:2
ckpt_300.pt,4,306,0.34126976132392883,0.0518215075135231,0.32038024067878723,"209,57,234,126,182","32,147,115,233,49",4:71:2|4:757:2|4:859:2
ckpt_300.pt,4,307,0.31341665983200073,0.08957802504301071,0.3232424259185791,"194,53,105,222,65","241,133,6,7,48",4:113:2|4:897:2|4:23:1
ckpt_300.pt,4,308,0.3368871510028839,0.059204380959272385,0.36985117197036743,"105,3,19,87,182","203,125,32,212,70",4:5:2|4:214:2|4:390:2
ckpt_300.pt,4,309,0.3268521726131439,0.06267791241407394,0.30866971611976624,"167,109,20,161,52","35,66,141,49,147",4:314:2|4:325:2|4:802:2
ckpt_300.pt,4,310,0.3349243104457855,0.05879572033882141,0.32372725009918213,"248,8,31,183,78","131,147,183,118,127",4:431:2|4:816:2|4:892:2
ckpt_300.pt,4,311,0.3394414484500885,0.06892919540405273,0.32890307903289795,"16,62,130,242,206","163,53,144,244,69",4:318:2|4:341:2|4:395:2
ckpt_300.pt,4,312,0.31978175044059753,0.05687081441283226,0.3177621066570282,"189,160,235,233,139","52,239,233,115,17",4:609:2|4:3:1|4:9:1
ckpt_300.pt,4,313,0.33807551860809326,0.06072021275758743,0.32284224033355713,"183,93,113,80,199","183,255,172,178,65",4:61:2|4:146:2|4:612:2
ckpt_300.pt,4,314,0.33968672156333923,0.07172094285488129,0.32377293705940247,"20,226,179,52,255","16,172,248,108,207",4:309:2|4:410:2|4:677:2
ckpt_300.pt,4,315,0.34094491600990295,0.06681039929389954,0.3183634877204895,"148,124,73,192,24","122,44,177,65,9",4:40:2|4:619:2|4:7:1
ckpt_300.pt,4,316,0.34718674421310425,0.059292297810316086,0.3157978355884552,"71,127,81,100,54","193,21,168,152,51",4:47:2|4:3:1|4:13:1
ckpt_300.pt,4,317,0.3170381486415863,0.05884317681193352,0.2871585190296173,"194,112,45,141,170","249,32,45,34,99",4:1020:3|4:258:2|4:918:2
ckpt_300.pt,4,318,0.34732669591903687,0.06981309503316879,0.3371533155441284,"130,160,16,179,249","11,95,12,5,23",4:88:2|4:136:2|4:311:2
ckpt_300.pt,4,319,0.33914509415626526,0.05862225592136383,0.34932151436805725,"135,218,20,211,206","12,141,49,192,231",4:738:2|4:848:2|4:909:2
ckpt_300.pt,4,320,0.3157992362976074,0.06720631569623947,0.33097192645072937,"115,239,23,111,3","149,198,0,137,181",4:5:1|4:35:1|4:39:1
ckpt_300.pt,4,321,0.31383955478668213,0.06414922326803207,0.3307599127292633,"50,119,20,144,28","137,42,255,190,220",4:379:2|4:954:2|4:6:1
ckpt_300.pt,4,322,0.31534478068351746,0.07046158611774445,0.3056051433086395,"55,121,151,32,76","114,82,108,186,120",4:0:2|4:94:2|4:276:2
ckpt_300.pt,4,323,0.3315281569957733,0.06227127090096474,0.30793097615242004,"147,158,118,229,98","107,253,159,9,90",4:166:2|4:448:2|4:1012:2
ckpt_300.pt,4,324,0.34843388199806213,0.05926916375756264,0.3714536428451538,"186,16,250,236,239","151,147,81,33,169",4:95:2|4:99:2|4:718:2
ckpt_300.pt,4,325,0.3492439389228821,0.06116003170609474,0.33380651473999023,"100,161,90,52,68","101,43,80,202,145",4:197:2|4:293:2|4:309:2
ckpt_300.pt,4,326,0.34878993034362793,0.06789389997720718,0.3440420627593994,"18,152,210,193,80","232,63,166,106,43",4:110:2|4:604:2|4:611:2
ckpt_300.pt,4,327,0.3507201373577118,0.06182590126991272,0.3171699047088623,"41,64,38,70,160","193,217,231,196,178",4:219:2|4:412:2|4:13:1
ckpt_300.pt,4,328,0.3561481535434723,0.056158628314733505,0.34701400995254517,"221,82,178,232,155","78,87,33,68,198",4:51:2|4:84:2|4:124:2
ckpt_300.pt,4,329,0.3457754850387573,0.05858360975980759,0.31385818123817444,"178,179,154,140,211","196,255,38,48,211",4:563:2|4:5:1|4:8:1
ckpt_300.pt,4,330,0.3042825758457184,0.06314214318990707,0.3300287127494812,"136,84,241,176,27","241,140,90,33,243",4:137:2|4:695:2|4:847:2
ckpt_300.pt,4,331,0.3261103928089142,0.06715919822454453,0.3488022983074188,"170,227,86,22,99","2,33,34,252,156",4:36:2|4:304:2|4:483:2
ckpt_300.pt,4,332,0.32800403237342834,0.06169768422842026,0.3075489401817322,"27,218,43,4,166","127,3,10,79,65",4:662:2|4:826:2|4:942:2
ckpt_300.pt,4,333,0.30773910880088806,0.05976017192006111,0.31614160537719727,"185,71,8,167,141","115,245,15,218,64",4:21:1|4:26:1|4:58:1
ckpt_300.pt,4,334,0.3600802421569824,0.08335080742835999,0.3476281762123108,"18,237,234,165,222","11,43,170,247,66",4:764:3|4:184:2|4:206:2
ckpt_300.pt,4,335,0.32100948691368103,0.055560726672410965,0.3144102692604065,"107,90,180,248,141","108,154,107,167,180",4:14:2|4:478:2|4:12:1
ckpt_300.pt,4,336,0.30996257066726685,0.05704788118600845,0.3279300332069397,"70,166,122,175,194","225,247,96,182,6",4:123:2|4:216:2|4:636:2
ckpt_300.pt,4,337,0.3585641086101532,0.06102427467703819,0.34677091240882874,"141,12,16,117,219","214,10,142,89,218",4:236:2|4:270:2|4:272:2
ckpt_300.pt,4,338,0.34820833802223206,0.066650390625,0.36311399936676025,"160,137,13,205,198","25,83,223,41,239",4:81:2|4:264:2|4:498:2
ckpt_300.pt,4,339,0.3092115819454193,0.06742709875106812,0.3059101402759552,"74,75,117,220,128","42,50,149,79,179",4:37:2|4:87:2|4:400:2
ckpt_300.pt,4,340,0.36033105850219727,0.06400652229785919,0.31967031955718994,"146,1,95,230,201","216,66,77,197,115",4:517:2|4:705:2|4:6:1
ckpt_300.pt,4,341,0.33939963579177856,0.06313405930995941,0.3305879533290863,"46,227,130,73,16","217,37,92,141,174",4:311:2|4:318:2|4:7:1
ckpt_300.pt,4,342,0.35286930203437805,0.06800470501184464,0.3083925247192383,"103,226,182,75,34","25,205,122,141,209",4:1014:2|4:3:1|4:5:1
ckpt_300.pt,4,343,0.29776403307914734,0.04934634268283844,0.33401522040367126,"12,210,220,239,32","164,55,69,204,20",4:14:1|4:48:1|4:75:1
ckpt_300.pt,4,344,0.3355068862438202,0.07706423103809357,0.3358688950538635,"10,239,235,176,22","204,54,68,44,133",4:817:2|4:956:2|4:1:1
ckpt_300.pt,4,345,0.34904223680496216,0.0622461661696434,0.36140871047973633,"87,253,119,172,208","126,85,239,188,1",4:128:2|4:214:2|4:30:1
ckpt_300.pt,4,346,0.3585197925567627,0.08368902653455734,0.33355051279067993,"21,168,196,65,183","70,189,68,89,19",4:110:2|4:202:2|4:901:2
ckpt_300.pt,4,347,0.3181134760379791,0.06205283850431442,0.31210723519325256,"31,100,76,115,27","29,168,161,253,205",4:569:2|4:3:1|4:13:1
ckpt_300.pt,4,348,0.33339592814445496,0.060503240674734116,0.3100529611110687,"184,152,230,198,85","31,14,54,10,156",4:4:2|4:709:2|4:763:2
ckpt_300.pt,4,349,0.3476981520652771,0.0807165876030922,0.33202293515205383,"65,155,29,187,15","189,130,223,243,167",4:41:2|4:122:2|4:452:2
ckpt_300.pt,4,350,0.32434210181236267,0.05924605205655098,0.34991133213043213,"71,239,18,221,106","203,196,57,228,144",4:988:2|4:51:1|4:72:1
ckpt_300.pt,4,351,0.33120763301849365,0.05957129970192909,0.32797858119010925,"40,182,157,31,147","138,66,153,34,89",4:139:2|4:397:2|4:792:2
ckpt_300.pt,4,352,0.3007301688194275,0.06110982969403267,0.3093961775302887,"131,108,247,111,81","101,210,2,131,55",4:667:2|4:29:1|4:44:1
ckpt_300.pt,4,353,0.3197367489337921,0.054803267121315,0.298145592212677,"190,60,176,121,72","113,194,17,79,147",4:958:2|4:1023:2|4:0:1
ckpt_300.pt,4,354,0.3254232406616211,0.058765511959791183,0.3168431222438812,"132,65,175,208,16","25,113,149,54,120",4:52:2|4:800:2|4:939:2
ckpt_300.pt,4,355,0.3612707853317261,0.07668009400367737,0.29511088132858276,"225,96,9,235,238","72,235,82,25,206",4:518:2|4:711:2|4:810:2
ckpt_300.pt,4,356,0.3291698098182678,0.05464990437030792,0.31441962718963623,"214,227,158,26,23","229,93,55,187,178",4:133:2|4:152:2|4:256:2
ckpt_300.pt,4,357,0.3095494508743286,0.05706481263041496,0.3296527862548828,"81,95,243,220,183","255,187,90,100,98",4:200:3|4:369:2|4:381:2
ckpt_300.pt,4,358,0.3281494677066803,0.06115318462252617,0.3365115225315094,"220,194,78,133,120","159,188,149,182,34",4:398:2|4:761:2|4:931:2
ckpt_300.pt,4,359,0.3131293058395386,0.05072600394487381,0.3128451108932495,"251,7,175,161,51","153,4,139,67,146",4:267:2|4:281:2|4:660:2
ckpt_300.pt,4,360,0.3171367049217224,0.06440488249063492,0.32442381978034973,"220,9,254,100,255","92,51,241,137,180",4:169:2|4:293:2|4:551:2
ckpt_300.pt,4,361,0.3337429463863373,0.0664595365524292,0.3328893780708313,"96,173,218,253,107","114,235,86,125,170",4:79:2|4:280:2|4:489:2
ckpt_300.pt,4,362,0.3418802320957184,0.06348597258329391,0.34943780303001404,"235,133,128,224,62","216,46,1,29,255",4:468:2|4:488:2|4:494:2
ckpt_300.pt,4,363,0.3224950134754181,0.04897380620241165,0.3250598907470703,"135,234,239,85,192","151,221,159,164,71",4:118:2|4:173:2|4:453:2
ckpt_300.pt,4,364,0.3080224394798279,0.05615820363163948,0.3268214464187622,"20,173,49,75,94","145,115,186,141,138",4:183:2|4:4:1|4:10:1
ckpt_300.pt,4,365,0.305326908826828,0.060545891523361206,0.33169594407081604,"123,40,168,50,220","81,163,235,193,97",4:124:2|4:6:1|4:20:1
ckpt_300.pt,4,366,0.3422064185142517,0.06483206897974014,0.35978570580482483,"10,13,21,0,88","145,105,62,35,119",4:995:2|4:11:1|4:12:1
ckpt_300.pt,4,367,0.3414720892906189,0.05938229709863663,0.34458521008491516,"255,119,207,217,70","150,174,253,6,159",4:683:2|4:698:2|4:786:2
ckpt_300.pt,4,368,0.34417998790740967,0.061383187770843506,0.3301786780357361,"145,117,196,176,57","183,92,225,72,94",4:197:2|4:250:2|4:671:2
ckpt_300.pt,4,369,0.35522931814193726,0.06820891797542572,0.31289294362068176,"81,219,102,243,1","210,209,33,241,226",4:36:2|4:357:2|4:776:2
ckpt_300.pt,4,370,0.33344146609306335,0.06627646088600159,0.30984553694725037,"147,74,173,231,190","177,67,196,145,87",4:31:2|4:59:2|4:445:2
ckpt_300.pt,4,371,0.34574198722839355,0.06063473969697952,0.32945716381073,"139,72,236,85,21","250,190,81,219,184",4:118:2|4:152:2|4:448:2
ckpt_300.pt,4,372,0.3338817358016968,0.05176134780049324,0.34003233909606934,"26,220,251,6,29","226,236,13,78,187",4:941:2|4:11:1|4:35:1
ckpt_300.pt,4,373,0.3261765241622925,0.05621199309825897,0.32822802662849426,"123,52,60,35,130","80,254,14,108,26",4:8:1|4:19:1|4:20:1
ckpt_300.pt,4,374,0.3388424813747406,0.05881611257791519,0.3007745146751404,"150,99,142,53,159","202,136,218,15,243",4:660:2|4:798:2|4:5:1
ckpt_300.pt,4,375,0.33091866970062256,0.0651497095823288,0.3169495761394501,"120,116,66,165,80","51,166,160,54,184",4:238:2|4:246:2|4:385:2
ckpt_300.pt,4,376,0.3255368173122406,0.06774669140577316,0.3141312003135681,"16,136,126,34,19","92,103,13,130,181",4:555:2|4:19:1|4:24:1
ckpt_300.pt,4,377,0.3346773386001587,0.06323370337486267,0.3557499349117279,"154,199,122,108,133","81,1,150,42,44",4:500:2|4:822:2|4:2:1
ckpt_300.pt,4,378,0.31043824553489685,0.06645622849464417,0.34934478998184204,"217,27,229,30,55","250,254,163,71,164",4:684:2|4:991:2|4:4:1
ckpt_300.pt,4,379,0.3334164619445801,0.06762924045324326,0.32424280047416687,"207,20,50,185,21","103,78,67,136,184",4:321:2|4:410:2|4:981:2
ckpt_300.pt,4,380,0.3263165056705475,0.0666612982749939,0.33616867661476135,"78,155,163,218,213","142,29,93,99,175",4:280:2|4:887:2|4:9:1
ckpt_300.pt,4,381,0.3260289430618286,0.057061146944761276,0.3287758529186249,"197,103,157,220,243","56,160,243,200,114",4:200:2|4:357:2|4:513:2
ckpt_300.pt,4,382,0.3154068887233734,0.056032828986644745,0.32750824093818665,"251,50,99,219,60","77,191,176,54,136",4:36:2|4:606:2|4:799:2
ckpt_300.pt,4,383,0.317586213350296,0.06167981028556824,0.2824265956878662,"51,46,178,255,159","105,116,13,235,252",4:17:2|4:286:2|4:499:2
ckpt_300.pt,4,384,0.33504652976989746,0.05779433995485306,0.3109089732170105,"208,60,202,183,237","179,86,70,16,172",4:511:2|4:8:1|4:17:1
ckpt_300.pt,4,385,0.3272692859172821,0.0663137137889862,0.3277576267719269,"66,138,36,140,116","52,240,180,136,189",4:22:2|4:375:2|4:955:2
ckpt_300.pt,4,386,0.3118159770965576,0.06470830738544464,0.294843852519989,"244,198,124,98,232","86,111,93,63,110",4:40:2|4:600:2|4:782:2
ckpt_300.pt,4,387,0.3254563808441162,0.05657343193888664,0.3059999644756317,"178,70,133,212,247","155,39,110,213,188",4:511:2|4:979:2|4:10:1
ckpt_300.pt,4,388,0.32487818598747253,0.05687936022877693,0.3277811110019684,"133,69,221,68,227","171,203,20,178,117",4:168:2|4:197:2|4:237:2
ckpt_300.pt,4,389,0.3144826591014862,0.05491393059492111,0.3494017720222473,"51,84,34,106,122","52,207,151,22,205",4:554:2|4:640:2|4:674:2
ckpt_300.pt,4,390,0.3380226194858551,0.06357870250940323,0.3145330250263214,"3,152,94,195,19","209,1,124,252,75",4:4:2|4:169:2|4:308:2
ckpt_300.pt,4,391,0.33208417892456055,0.059825655072927475,0.3298172652721405,"46,213,47,191,192","22,19,166,59,112",4:11:1|4:15:1|4:16:1
ckpt_300.pt,4,392,0.3178159296512604,0.059439729899168015,0.30935314297676086,"223,166,147,161,184","215,139,11,180,8",4:7:1|4:23:1|4:31:1
ckpt_300.pt,4,393,0.33203116059303284,0.0642046108841896,0.31609243154525757,"155,23,51,157,195","134,158,181,99,46",4:492:2|4:867:2|4:950:2
ckpt_300.pt,4,394,0.33106932044029236,0.07457461208105087,0.33806654810905457,"39,236,32,41,123","251,200,3,60,184",4:173:2|4:451:2|4:481:2
ckpt_300.pt,4,395,0.3179732859134674,0.05375058948993683,0.33522093296051025,"94,61,130,169,62","89,34,37,247,129",4:10:2|4:287:2|4:311:2
ckpt_300.pt,4,396,0.3509930372238159,0.05668719485402107,0.3125019371509552,"106,25,8,194,223","57,13,207,137,155",4:231:2|4:706:2|4:892:2
ckpt_300.pt,4,397,0.32212355732917786,0.048988282680511475,0.32441163063049316,"50,236,31,147,206","235,138,84,12,208",4:351:2|4:448:2|4:775:2
ckpt_300.pt,4,398,0.34157249331474304,0.08066564798355103,0.33385875821113586,"78,194,251,246,42","180,113,179,136,90",4:115:2|4:277:2|4:358:2
ckpt_300.pt,4,399,0.30444207787513733,0.057081546634435654,0.300690621137619,"83,188,255,246,98","97,167,201,124,100",4:424:2|4:1015:2|4:21:1
ckpt_300.pt,4,400,0.34468939900398254,0.0633464902639389,0.31741252541542053,"158,117,59,128,30","236,172,43,213,190",4:189:2|4:219:2|4:339:2
ckpt_300.pt,4,401,0.29981324076652527,0.056691404432058334,0.3387872576713562,"30,59,104,137,77","146,218,40,217,247",4:155:2|4:164:2|4:301:2
ckpt_300.pt,4,402,0.3188740015029907,0.05369214341044426,0.3169063627719879,"91,191,134,173,187","22,155,102,221,28",4:508:2|4:10:1|4:34:1
ckpt_300.pt,4,403,0.3382194936275482,0.06666048616170883,0.3511076867580414,"161,242,59,219,185","43,140,96,250,240",4:6:1|4:23:1|4:36:1
ckpt_300.pt,4,404,0.3186887800693512,0.05626647174358368,0.311470091342926,"70,65,77,254,135","51,43,221,136,116",4:165:2|4:254:2|4:24:1
ckpt_300.pt,4,405,0.3574915826320648,0.07688012719154358,0.3571116030216217,"0,17,76,202,196","227,153,179,2,125",4:164:2|4:464:2|4:929:2
ckpt_300.pt,4,406,0.3536842167377472,0.06679901480674744,0.3437122106552124,"12,193,118,185,34","154,191,209,149,94",4:18:1|4:19:1|4:24:1
ckpt_300.pt,4,407,0.35577836632728577,0.06749605387449265,0.3318755626678467,"249,195,245,8,134","146,91,234,255,141",4:578:2|4:694:2|4:824:2
ckpt_300.pt,4,408,0.33721888065338135,0.0656118169426918,0.33102256059646606,"220,10,250,140,18","15,88,12,169,108",4:19:1|4:22:1|4:28:1
ckpt_300.pt,4,409,0.3135329484939575,0.06852632015943527,0.3242540657520294,"127,35,5,42,205","57,84,222,25,3",4:699:2|4:813:2|4:905:2
ckpt_300.pt,4,410,0.3264670670032501,0.0747896358370781,0.33653175830841064,"20,237,179,13,207","60,75,155,212,242",4:96:2|4:314:2|4:379:2
ckpt_300.pt,4,411,0.3363245129585266,0.05681634694337845,0.3409743905067444,"119,59,31,6,232","226,208,40,54,84",4:639:2|4:33:1|4:42:1
ckpt_300.pt,4,412,0.3260538578033447,0.06399397552013397,0.3535501956939697,"64,95,123,160,111","34,97,132,102,60",4:327:2|4:425:2|4:922:2
ckpt_300.pt,4,413,0.32482513785362244,0.06028592213988304,0.32962456345558167,"24,196,159,229,5","76,239,56,13,202",4:127:2|4:415:2|4:418:2
ckpt_300.pt,4,414,0.29502102732658386,0.04997202381491661,0.3170507848262787,"111,5,210,241,191","38,98,33,237,6",4:161:2|4:253:2|4:667:2
ckpt_300.pt,4,415,0.36424121260643005,0.0664362907409668,0.31874310970306396,"159,86,118,135,196","155,179,225,37,17",4:413:2|4:464:2|4:821:2
ckpt_300.pt,4,416,0.33864089846611023,0.06559871882200241,0.32427406311035156,"67,138,2,8,69","82,80,64,139,205",4:4:1|4:21:1|4:35:1
ckpt_300.pt,4,417,0.32215213775634766,0.0594060905277729,0.32107827067375183,"148,187,181,232,178","89,83,44,126,249",4:288:2|4:328:2|4:5:1
ckpt_300.pt,4,418,0.35103920102119446,0.07149769365787506,0.3177028298377991,"130,229,186,253,159","186,131,31,126,252",4:413:2|4:900:2|4:4:1
ckpt_300.pt,4,419,0.30550602078437805,0.058841485530138016,0.3195000886917114,"88,107,216,168,142","104,40,174,188,135",4:12:2|4:14:1|4:40:1
ckpt_300.pt,4,420,0.34653979539871216,0.06495890021324158,0.35115376114845276,"59,120,82,63,95","16,89,176,145,230",4:1:1|4:27:1|4:33:1
ckpt_300.pt,4,421,0.3450169563293457,0.06763792037963867,0.29956910014152527,"29,106,242,46,128","4,190,46,135,197",4:759:2|4:793:2|4:947:2
ckpt_300.pt,4,422,0.3660680651664734,0.06258226186037064,0.3147914707660675,"247,69,243,55,119","154,168,167,70,66",4:526:2|4:29:1|4:34:1
ckpt_300.pt,4,423,0.34388047456741333,0.062222957611083984,0.3074154257774353,"255,168,175,227,167","22,5,148,210,229",4:596:2|4:786:2|4:868:2
ckpt_300.pt,4,424,0.3195987045764923,0.05552832409739494,0.3260705769062042,"98,180,61,246,92","58,255,214,65,155",4:167:2|4:399:2|4:808:2
ckpt_300.pt,4,425,0.3264428973197937,0.056044433265924454,0.29272252321243286,"191,227,197,95,123","30,11,118,143,189",4:412:2|4:481:2|4:20:1
ckpt_300.pt,4,426,0.3124863803386688,0.059575606137514114,0.3380831778049469,"253,182,4,70,71","59,2,240,87,22",4:636:2|4:5:1|4:23:1
ckpt_300.pt,4,427,0.3287833333015442,0.06725917011499405,0.3238082528114319,"255,114,219,134,194","129,152,7,71,114",4:553:2|4:872:2|4:918:2
ckpt_300.pt,4,428,0.35635584592819214,0.05372906103730202,0.34458398818969727,"52,177,234,117,160","39,52,127,36,170",4:197:2|4:465:2|4:524:2
ckpt_300.pt,4,429,0.3169095814228058,0.06348704546689987,0.32188183069229126,"221,109,87,25,241","179,116,180,230,201",4:0:1|4:24:1|4:51:1
ckpt_300.pt,4,430,0.34292641282081604,0.06576306372880936,0.3464953899383545,"180,36,99,64,121","137,23,98,182,31",4:725:2|4:831:2|4:853:2
ckpt_300.pt,4,431,0.3188251554965973,0.05583254247903824,0.3372954726219177,"228,31,39,183,91","191,155,233,220,88",4:310:2|4:12:1|4:29:1
ckpt_300.pt,4,432,0.32177606225013733,0.07446439564228058,0.3150261342525482,"33,10,208,130,189","223,65,180,10,57",4:49:2|4:461:2|4:748:2
ckpt_300.pt,4,433,0.33932363986968994,0.0681782141327858,0.28810977935791016,"177,96,127,43,118","80,104,120,228,21",4:18:1|4:25:1|4:27:1
ckpt_300.pt,4,434,0.3269058167934418,0.05031563341617584,0.3328574299812317,"47,223,76,10,129","188,115,97,40,19",4:663:2|4:16:1|4:28:1
ckpt_300.pt,4,435,0.32903486490249634,0.06413780897855759,0.31663617491722107,"70,237,101,79,9","129,191,158,20,137",4:184:2|4:511:2|4:692:2
ckpt_300.pt,4,436,0.33860236406326294,0.07285129278898239,0.3395075500011444,"58,17,153,124,95","145,162,77,128,21",4:500:2|4:7:1|4:9:1
ckpt_300.pt,4,437,0.3510356545448303,0.08635776489973068,0.3351287543773651,"207,101,96,198,197","190,30,41,21,49",4:571:2|4:773:2|4:4:1
ckpt_300.pt,4,438,0.30756253004074097,0.06068175286054611,0.3343178927898407,"64,232,34,104,220","140,200,158,93,48",4:155:2|4:575:2|4:2:1
ckpt_300.pt,4,439,0.349259614944458,0.05679410696029663,0.3340945541858673,"132,251,97,168,144","112,101,104,171,154",4:13:1|4:15:1|4:35:1
ckpt_300.pt,4,440,0.3124293088912964,0.07125964015722275,0.30907174944877625,"185,81,106,214,11","196,170,51,206,10",4:593:3|4:58:2|4:836:2
ckpt_300.pt,4,441,0.3264593482017517,0.06941317766904831,0.3119184672832489,"85,249,61,7,233","198,51,43,19,128",4:277:2|4:443:2|4:635:2
ckpt_300.pt,4,442,0.3427538573741913,0.05605177953839302,0.33467623591423035,"4,117,125,142,2","16,127,226,0,181",4:671:2|4:730:2|4:901:2
ckpt_300.pt,4,443,0.3087712824344635,0.05781836435198784,0.3341030776500702,"254,55,233,75,7","10,232,208,69,60",4:277:2|4:441:2|4:23:1
ckpt_300.pt,4,444,0.31065863370895386,0.0640954077243805,0.3145679533481598,"216,114,102,175,157","115,58,27,146,97",4:542:2|4:829:2|4:859:2
ckpt_300.pt,4,445,0.3328094482421875,0.06250300258398056,0.32751309871673584,"6,157,190,173,4","41,228,216,122,15",4:243:2|4:265:2|4:370:2
ckpt_300.pt,4,446,0.3608939051628113,0.06575904041528702,0.33586999773979187,"85,75,183,160,47","238,136,92,187,94",4:29:2|4:638:2|4:16:1
ckpt_300.pt,4,447,0.3722744584083557,0.07173805683851242,0.35371285676956177,"143,119,185,145,169","112,7,121,36,99",4:761:2|4:937:2|4:981:2
ckpt_300.pt,4,448,0.3321981132030487,0.06860864907503128,0.34569549560546875,"149,139,98,147,236","147,16,76,208,84",4:323:2|4:371:2|4:397:2
ckpt_300.pt,4,449,0.31819722056388855,0.06039613485336304,0.31081780791282654,"88,67,164,61,226","15,192,92,60,193",4:129:2|4:719:2|4:3:1
ckpt_300.pt,4,450,0.34797799587249756,0.06437438726425171,0.3287443518638611,"103,214,131,155,178","37,234,225,236,238",4:328:2|4:17:1|4:33:1
ckpt_300.pt,4,451,0.31187665462493896,0.05457591637969017,0.32662758231163025,"242,129,39,123,116","69,156,147,161,34",4:283:2|4:394:2|4:481:2
ckpt_300.pt,4,452,0.37673109769821167,0.08356691151857376,0.32011061906814575,"15,216,117,155,179","176,21,213,101,73",4:752:3|4:216:2|4:291:2
ckpt_300.pt,4,453,0.3332912027835846,0.06540116667747498,0.34605908393859863,"85,192,167,224,102","71,141,97,2,22",4:251:2|4:363:2|4:542:2
ckpt_300.pt,4,454,0.33668529987335205,0.06810134649276733,0.3272605538368225,"7,96,190,143,226","27,53,208,87,160",4:927:2|4:3:1|4:34:1
ckpt_300.pt,4,455,0.324713796377182,0.06164717674255371,0.3095991611480713,"213,233,180,82,100","13,25,103,201,198",4:652:2|4:966:2|4:1:1
ckpt_300.pt,4,456,0.33199018239974976,0.0722578763961792,0.3132891058921814,"106,89,91,35,211","177,26,214,42,58",4:975:2|4:5:1|4:38:1
ckpt_300.pt,4,457,0.3600757420063019,0.06333662569522858,0.3340889811515808,"93,118,168,51,153","236,224,69,20,159",4:153:2|4:977:2|4:18:1
ckpt_300.pt,4,458,0.34222856163978577,0.06013795733451843,0.31173667311668396,"235,244,132,215,167","65,246,178,20,40",4:171:2|4:570:2|4:920:2
ckpt_300.pt,4,459,0.383722186088562,0.07568756490945816,0.3392500877380371,"223,218,179,18,176","233,207,223,232,79",4:130:2|4:476:2|4:737:2
ckpt_300.pt,4,460,0.3667074739933014,0.0739443451166153,0.2990565001964569,"47,58,240,244,93","125,197,159,42,253",4:533:2|4:774:2|4:7:1
ckpt_300.pt,4,461,0.3223109245300293,0.05740522965788841,0.3124934136867523,"153,145,206,208,130","57,148,171,189,143",4:0:2|4:311:2|4:432:2
ckpt_300.pt,4,462,0.3285554349422455,0.05543860048055649,0.3384230434894562,"36,19,165,206,201","99,226,112,225,227",4:587:2|4:651:2|4:736:2
ckpt_300.pt,4,463,0.3550487756729126,0.06940340995788574,0.33225736021995544,"110,70,33,252,90","32,48,74,95,9",4:190:2|4:1:1|4:9:1
ckpt_300.pt,4,464,0.3214603364467621,0.06239745020866394,0.3326987028121948,"33,159,76,196,249","178,241,131,41,64",4:164:2|4:276:2|4:405:2
ckpt_300.pt,4,465,0.3242708444595337,0.058416906744241714,0.3402533233165741,"161,170,117,91,234","159,253,225,204,240",4:28:2|4:428:2|4:524:2
ckpt_300.pt,4,466,0.32785937190055847,0.05620026960968971,0.3128637373447418,"153,214,160,23,55","199,53,61,239,154",4:356:2|4:486:2|4:721:2
ckpt_300.pt,4,467,0.3454223573207855,0.06800825148820877,0.3423627018928528,"124,62,211,156,146","54,184,59,153,37",4:262:2|4:5:1|4:6:1
ckpt_300.pt,4,468,0.32439666986465454,0.05275345966219902,0.31556469202041626,"224,173,128,149,228","249,243,227,22,129",4:362:2|4:494:2|4:7:1
ckpt_300.pt,4,469,0.32197147607803345,0.05874447524547577,0.3357108235359192,"190,200,195,169,163","55,182,253,13,79",4:628:2|4:686:2|4:761:2
ckpt_300.pt,4,470,0.3188003897666931,0.05809836462140083,0.32717636227607727,"195,139,222,5,24","144,196,6,31,99",4:413:2|4:654:2|4:796:2
ckpt_300.pt,4,471,0.3461732268333435,0.06901312619447708,0.3211081027984619,"174,63,61,89,99","174,53,177,211,197",4:247:2|4:10:1|4:16:1
ckpt_300.pt,4,472,0.3609381914138794,0.06757698208093643,0.3299485146999359,"185,10,19,209,133","143,69,145,117,72",4:488:2|4:761:2|4:13:1
ckpt_300.pt,4,473,0.34219327569007874,0.05893735960125923,0.3441396951675415,"68,133,237,171,25","204,175,167,189,187",4:133:2|4:388:2|4:1016:2
ckpt_300.pt,4,474,0.3140583038330078,0.05635686218738556,0.3213389813899994,"1,55,110,94,9","192,218,239,103,159",4:169:3|4:578:2|4:871:2
ckpt_300.pt,4,475,0.3318521976470947,0.06150767579674721,0.3207884430885315,"40,186,103,46,171","225,78,75,190,33",4:221:2|4:549:2|4:850:2
ckpt_300.pt,4,476,0.32679659128189087,0.0576799213886261,0.3121849000453949,"218,92,36,76,176","28,27,62,202,165",4:100:2|4:303:2|4:459:2
ckpt_300.pt,4,477,0.340803861618042,0.07608161866664886,0.3281906545162201,"144,62,29,78,203","40,110,153,95,13",4:13:2|4:496:2|4:20:1
ckpt_300.pt,4,478,0.3413950204849243,0.06228461489081383,0.3150073289871216,"90,103,180,81,22","82,3,73,39,238",4:54:2|4:291:2|4:335:2
ckpt_300.pt,4,479,0.33579152822494507,0.07717171311378479,0.33938732743263245,"168,35,210,155,85","149,118,200,168,87",4:163:2|4:551:2|4:699:2
ckpt_300.pt,4,480,0.306662917137146,0.052854739129543304,0.3185740113258362,"108,219,180,113,187","63,252,217,27,230",4:612:2|4:896:2|4:944:2
ckpt_300.pt,4,481,0.34433749318122864,0.054358433932065964,0.3180079460144043,"202,39,123,227,185","205,165,157,8,251",4:212:2|4:394:2|4:425:2
ckpt_300.pt,4,482,0.29483285546302795,0.05009644106030464,0.3350227177143097,"82,201,239,133,107","135,68,76,92,181",4:133:2|4:1:1|4:7:1
ckpt_300.pt,4,483,0.3002058267593384,0.05390961095690727,0.3227875828742981,"99,170,244,12,46","38,241,116,13,3",4:331:2|4:545:2|4:787:2
ckpt_300.pt,4,484,0.3224433958530426,0.052521709352731705,0.3025142550468445,"151,103,140,114,30","159,36,178,204,255",4:228:2|4:0:1|4:22:1
ckpt_300.pt,4,485,0.3243577182292938,0.05867151916027069,0.3061021566390991,"158,49,159,167,25","12,247,153,205,218",4:69:2|4:205:2|4:696:2
ckpt_300.pt,4,486,0.369081974029541,0.06017467752099037,0.33649924397468567,"99,241,160,55,19","125,67,47,14,172",4:466:2|4:946:2|4:16:1
ckpt_300.pt,4,487,0.340497761964798,0.061882611364126205,0.3468107283115387,"211,27,126,187,21","75,71,150,202,25",4:172:2|4:5:1|4:30:1
ckpt_300.pt,4,488,0.34532976150512695,0.05982965603470802,0.33100512623786926,"50,224,150,19,133","109,237,227,215,18",4:294:2|4:362:2|4:472:2
ckpt_300.pt,4,489,0.35483691096305847,0.06304255872964859,0.3459523022174835,"173,194,96,1,167","124,131,42,54,163",4:300:2|4:361:2|4:913:2
ckpt_300.pt,4,490,0.33243700861930847,0.0511636845767498,0.31753578782081604,"88,42,8,181,20","37,173,52,55,231",4:816:2|4:5:1|4:12:1
ckpt_300.pt,4,491,0.3312412202358246,0.08293993026018143,0.3419250249862671,"231,211,120,217,174","181,22,60,142,74",4:627:3|4:82:2|4:238:2
ckpt_300.pt,4,492,0.33222976326942444,0.05963512137532234,0.3650648891925812,"157,17,18,133,155","251,116,240,120,27",4:393:2|4:867:2|4:876:2
ckpt_300.pt,4,493,0.3393627405166626,0.059006985276937485,0.34171754121780396,"67,252,47,31,204","132,221,140,180,149",4:144:2|4:663:2|4:1:1
ckpt_300.pt,4,494,0.3393257260322571,0.0650055781006813,0.3496447801589966,"128,224,10,236,212","203,166,131,6,252",4:156:2|4:362:2|4:468:2
ckpt_300.pt,4,495,0.3321993947029114,0.05658922344446182,0.3629646897315979,"221,207,172,214,108","149,76,143,168,86",4:33:2|4:100:2|4:593:2
ckpt_300.pt,4,496,0.34336674213409424,0.058782968670129776,0.3540765643119812,"78,134,203,214,225","181,176,100,73,241",4:159:3|4:223:2|4:248:2
ckpt_300.pt,4,497,0.3374764323234558,0.060041967779397964,0.33546319603919983,"66,27,28,207,117","150,87,188,215,84",4:8:1|4:28:1|4:33:1
ckpt_300.pt,4,498,0.30013173818588257,0.06023969501256943,0.3099789023399353,"169,57,137,160,249","154,43,50,157,119",4:264:2|4:318:2|4:338:2
ckpt_300.pt,4,499,0.3430830240249634,0.05473755672574043,0.32879847288131714,"172,225,255,26,178","18,40,194,41,176",4:53:2|4:137:2|4:383:2
ckpt_300.pt,4,500,0.3613799214363098,0.06984476000070572,0.3439854383468628,"199,142,95,124,122","35,69,136,171,2",4:377:2|4:436:2|4:2:1
ckpt_300.pt,4,501,0.3045617938041687,0.05303684249520302,0.3213177025318146,"89,218,80,104,255","242,96,54,205,209",4:61:2|4:2:1|4:26:1
ckpt_300.pt,4,502,0.32083871960639954,0.06020919978618622,0.3049452006816864,"115,179,231,163,214","45,82,77,224,5",4:187:2|4:623:2|4:644:2
ckpt_300.pt,4,503,0.3370659649372101,0.06432678550481796,0.3426482379436493,"177,86,114,120,111","67,73,229,221,109",4:27:2|4:253:2|4:22:1
ckpt_300.pt,4,504,0.31225425004959106,0.05693668872117996,0.33418264985084534,"143,140,202,91,127","30,28,111,94,200",4:47:2|4:149:2|4:521:2
ckpt_300.pt,4,505,0.3499322235584259,0.060203518718481064,0.3275635242462158,"58,14,237,160,196","43,22,251,250,15",4:615:2|4:678:2|4:820:2
ckpt_300.pt,4,506,0.3285423815250397,0.08179488033056259,0.3464522957801819,"17,235,107,89,121","236,122,3,185,35",4:951:2|4:0:1|4:9:1
ckpt_300.pt,4,507,0.3100427985191345,0.052502527832984924,0.3123757243156433,"122,173,140,67,155","48,141,116,219,211",4:79:2|4:84:2|4:244:2
ckpt_300.pt,4,508,0.31706365942955017,0.06158137321472168,0.33602026104927063,"128,245,187,191,234","224,69,236,166,12",4:41:2|4:402:2|4:833:2
ckpt_300.pt,4,509,0.3359024226665497,0.05530720576643944,0.3225628733634949,"36,243,92,3,174","25,242,56,235,128",4:35:2|4:476:2|4:776:2
ckpt_300.pt,4,510,0.32928845286369324,0.05562829598784447,0.3333570063114166,"0,201,183,186,122","146,206,134,201,25",4:29:2|4:705:2|4:7:1
ckpt_300.pt,4,511,0.3412797451019287,0.062102001160383224,0.3186265826225281,"237,183,134,212,70","12,200,29,56,92",4:184:3|4:156:2|4:384:2
ckpt_300.pt,4,512,0.33266904950141907,0.05304834991693497,0.3595084547996521,"37,97,200,187,19","174,0,225,248,6",4:172:2|4:1:1|4:2:1
ckpt_300.pt,4,513,0.33662721514701843,0.0698874443769455,0.32645902037620544,"134,139,197,87,157","236,98,105,120,252",4:381:2|4:15:1|4:27:1
ckpt_300.pt,4,514,0.31507566571235657,0.06147952750325203,0.3286336660385132,"142,196,66,217,39","115,174,240,105,179",4:8:1|4:12:1|4:45:1
ckpt_300.pt,4,515,0.3186531960964203,0.06811320781707764,0.34198325872421265,"255,24,199,197,49","156,201,170,73,242",4:2:1|4:16:1|4:27:1
ckpt_300.pt,4,516,0.34040775895118713,0.06690336018800735,0.31132620573043823,"200,168,41,228,189","35,59,127,91,54",4:45:2|4:686:2|4:830:2
ckpt_300.pt,4,517,0.3718395233154297,0.06621182709932327,0.3388771712779999,"95,50,202,71,230","50,107,247,160,180",4:97:2|4:340:2|4:910:2
ckpt_300.pt,4,518,0.3450557589530945,0.05700315907597542,0.3262622058391571,"217,191,53,238,225","71,162,140,184,169",4:355:2|4:12:1|4:43:1
ckpt_300.pt,4,519,0.31579190492630005,0.05703985318541527,0.309861958026886,"88,141,84,203,171","171,31,54,65,123",4:254:2|4:643:2|4:772:2
ckpt_300.pt,4,520,0.35113877058029175,0.05680564418435097,0.35408923029899597,"208,118,37,217,28","130,82,157,123,58",4:722:2|4:1:1|4:2:1
ckpt_300.pt,4,521,0.3127731680870056,0.06197284534573555,0.3495762050151825,"143,83,0,140,87","79,169,188,32,146",4:504:2|4:1000:2|4:11:1
ckpt_300.pt,4,522,0.343806654214859,0.06746163219213486,0.32890984416007996,"123,233,140,131,192","128,97,185,135,252",4:203:2|4:255:2|4:301:2
ckpt_300.pt,4,523,0.3277917802333832,0.06076453998684883,0.3260456621646881,"120,47,161,61,32","85,165,57,27,240",4:533:2|4:924:2|4:10:1
ckpt_300.pt,4,524,0.32114723324775696,0.05971405282616615,0.3193552792072296,"117,234,212,60,46","182,177,255,9,122",4:66:2|4:428:2|4:465:2
ckpt_300.pt,4,525,0.36911770701408386,0.0822141021490097,0.33513811230659485,"52,215,3,165,69","186,222,173,94,179",4:197:2|4:564:2|4:634:2
ckpt_300.pt,4,526,0.33247411251068115,0.05922486260533333,0.3228769898414612,"247,42,121,243,163","113,215,201,1,231",4:94:2|4:422:2|4:686:2
ckpt_300.pt,4,527,0.33015942573547363,0.054046422243118286,0.3352682292461395,"67,65,27,46,255","183,216,115,11,7",4:383:2|4:612:2|4:964:2
ckpt_300.pt,4,528,0.3596782982349396,0.07118882983922958,0.33150002360343933,"200,214,198,27,80","148,39,105,234,16",4:681:2|4:881:2|4:4:1
ckpt_300.pt,4,529,0.33386528491973877,0.05629584565758705,0.32129335403442383,"174,10,30,135,57","91,205,34,120,151",4:157:2|4:11:1|4:15:1
ckpt_300.pt,4,530,0.3275201916694641,0.06725891679525375,0.3301128149032593,"169,4,40,183,230","177,91,152,160,227",4:247:2|4:804:2|4:10:1
ckpt_300.pt,4,531,0.3294827342033386,0.06964755058288574,0.33808737993240356,"102,197,250,69,41","26,188,123,118,81",4:969:2|4:1005:2|4:19:1
ckpt_300.pt,4,532,0.35569968819618225,0.05954238772392273,0.32557594776153564,"139,142,54,102,79","244,197,86,118,115",4:907:2|4:1013:2|4:3:1
ckpt_300.pt,4,533,0.31420281529426575,0.06204056739807129,0.3557298183441162,"244,200,0,47,161","40,143,98,209,189",4:23:2|4:460:2|4:523:2
ckpt_300.pt,4,534,0.3614635169506073,0.06160341203212738,0.3396167755126953,"146,61,29,172,117","141,105,29,41,207",4:6:1|4:10:1|4:28:1
ckpt_300.pt,4,535,0.3376074433326721,0.08330651372671127,0.3352991044521332,"254,214,62,34,251","231,124,0,239,136",4:19:1|4:20:1|4:33:1
ckpt_300.pt,4,536,0.33783936500549316,0.05365641787648201,0.33911868929862976,"16,48,228,115,110","54,1,41,190,100",4:263:2|4:565:2|4:8:1
ckpt_300.pt,4,537,0.32088273763656616,0.061531323939561844,0.3251175284385681,"92,206,212,146,111","80,139,25,231,142",4:217:2|4:262:2|4:586:2
ckpt_300.pt,4,538,0.311581015586853,0.0519368052482605,0.3342791795730591,"60,53,248,94,106","41,188,209,210,245",4:101:2|4:714:2|4:4:1
ckpt_300.pt,4,539,0.3202960789203644,0.06141224503517151,0.3194293677806854,"104,32,54,138,195","192,240,196,70,254",4:2:2|4:620:2|4:631:2
ckpt_300.pt,4,540,0.34159430861473083,0.07018005847930908,0.33180251717567444,"97,154,78,225,244","207,125,234,34,254",4:496:2|4:664:2|4:691:2
ckpt_300.pt,4,541,0.3091375529766083,0.05644502490758896,0.3192756175994873,"39,64,224,221,69","200,49,116,132,66",4:388:2|4:12:1|4:19:1
ckpt_300.pt,4,542,0.3332681953907013,0.05843145772814751,0.3316419720649719,"157,186,115,102,167","64,170,48,198,200",4:444:2|4:453:2|4:855:2
ckpt_300.pt,4,543,0.31289157271385193,0.05830702930688858,0.3409110903739929,"79,2,58,92,96","178,27,52,212,97",4:229:2|4:270:2|4:3:1
ckpt_300.pt,4,544,0.3093477487564087,0.053518448024988174,0.3338874280452728,"113,184,236,125,227","194,2,103,46,177",4:146:2|4:152:2|4:7:1
ckpt_300.pt,4,545,0.32285505533218384,0.053850218653678894,0.3210217356681824,"12,216,31,46,162","140,207,1,246,213",4:273:2|4:483:2|4:699:2
ckpt_300.pt,4,546,0.3448622226715088,0.061928533017635345,0.32654401659965515,"91,57,37,210,219","137,55,203,105,110",4:685:2|4:1:1|4:2:1
ckpt_300.pt,4,547,0.3221200108528137,0.056524161249399185,0.3136827349662781,"243,159,173,179,104","68,69,161,27,201",4:2:1|4:5:1|4:10:1
ckpt_300.pt,4,548,0.3534022569656372,0.05878269299864769,0.3333466053009033,"80,151,166,58,102","39,215,172,222,120",4:589:2|4:0:1|4:7:1
ckpt_300.pt,4,549,0.33928805589675903,0.06627022475004196,0.34598514437675476,"50,103,247,244,186","230,253,153,77,94",4:475:2|4:718:2|4:6:1
ckpt_300.pt,4,550,0.3206121623516083,0.07030511647462845,0.32407674193382263,"240,77,48,31,32","235,2,250,47,40",4:120:2|4:750:2|4:8:1
ckpt_300.pt,4,551,0.33864158391952515,0.06939616799354553,0.38616833090782166,"155,90,9,85,254","31,158,146,120,193",4:360:2|4:479:2|4:975:2
ckpt_300.pt,4,552,0.32676222920417786,0.055367667227983475,0.3449505865573883,"106,69,116,48,10","188,185,25,227,34",4:891:2|4:8:1|4:28:1
ckpt_300.pt,4,553,0.3207217752933502,0.06064482405781746,0.348137766122818,"239,245,194,255,2","252,26,172,110,217",4:188:2|4:427:2|4:786:2
ckpt_300.pt,4,554,0.3338397443294525,0.05760101228952408,0.3357861340045929,"106,113,34,153,13","137,57,235,178,219",4:389:2|4:19:1|4:69:1
ckpt_300.pt,4,555,0.3527054190635681,0.08549468964338303,0.311458557844162,"153,215,120,19,16","196,64,32,192,164",4:181:2|4:376:2|4:627:2
ckpt_300.pt,4,556,0.3202567994594574,0.055545367300510406,0.3310035169124603,"138,83,20,176,118","151,147,115,18,229",4:1:1|4:18:1|4:21:1
ckpt_300.pt,4,557,0.31979209184646606,0.07187185436487198,0.31268611550331116,"223,143,151,123,255","108,71,209,117,40",4:167:2|4:268:2|4:633:2
ckpt_300.pt,4,558,0.3558928370475769,0.07584231346845627,0.33349913358688354,"70,74,55,200,149","79,203,46,55,23",4:840:3|4:299:2|4:878:2
ckpt_300.pt,4,559,0.3658381998538971,0.06645482033491135,0.3410179316997528,"40,154,105,19,255","5,232,60,131,31",4:89:2|4:308:2|4:8:1
ckpt_300.pt,4,560,0.3338454067707062,0.07638418674468994,0.3082422912120819,"175,163,143,105,225","134,4,252,156,212",4:849:2|4:9:1|4:12:1
ckpt_300.pt,4,561,0.33588865399360657,0.058783359825611115,0.3380650579929352,"94,114,164,243,126","247,91,195,233,61",4:129:2|4:894:2|4:1007:2
ckpt_300.pt,4,562,0.35403817892074585,0.08499112725257874,0.33396339416503906,"76,117,159,98,237","110,71,254,171,251",4:276:2|4:464:2|4:1003:2
ckpt_300.pt,4,563,0.3257162868976593,0.05640217289328575,0.32872769236564636,"101,178,211,215,186","179,133,201,253,205",4:329:2|4:735:2|4:754:2
ckpt_300.pt,4,564,0.3485119342803955,0.06124971807003021,0.32523754239082336,"227,91,215,3,72","83,193,161,84,25",4:525:2|4:573:2|4:758:2
ckpt_300.pt,4,565,0.35716742277145386,0.06962183117866516,0.3132938742637634,"16,151,173,110,44","70,65,147,145,183",4:536:2|4:582:2|4:0:1
ckpt_300.pt,4,566,0.31371840834617615,0.06380833685398102,0.3256637454032898,"198,223,180,122,71","99,105,92,8,137",4:167:2|4:291:2|4:729:2
ckpt_300.pt,4,567,0.32284536957740784,0.051214367151260376,0.3069935739040375,"243,160,100,106,190","231,76,85,225,209",4:693:2|4:714:2|4:780:2
ckpt_300.pt,4,568,0.3333584666252136,0.07119756191968918,0.3525485098361969,"49,48,131,160,136","28,187,207,220,241",4:609:2|4:862:2|4:8:1
ckpt_300.pt,4,569,0.3339868485927582,0.07139208912849426,0.3241034746170044,"159,41,90,31,115","39,7,117,144,176",4:347:2|4:783:2|4:5:1
ckpt_300.pt,4,570,0.32655879855155945,0.059559572488069534,0.32233452796936035,"37,235,7,31,244","38,210,237,226,204",4:458:2|4:993:2|4:1:1
ckpt_300.pt,4,571,0.3024924099445343,0.06421142816543579,0.31940990686416626,"120,207,189,188,96","100,203,240,127,67",4:437:2|4:773:2|4:793:2
ckpt_300.pt,4,572,0.3638805150985718,0.07880450785160065,0.31341928243637085,"230,148,18,79,208","136,7,233,51,171",4:3:1|4:25:1|4:38:1
ckpt_300.pt,4,573,0.3267933130264282,0.06195470318198204,0.3392321467399597,"227,238,149,3,220","123,3,117,31,229",4:564:2|4:606:2|4:632:2
ckpt_300.pt,4,574,0.32144010066986084,0.06478510051965714,0.32795071601867676,"164,95,180,25,81","28,169,73,95,71",4:357:2|4:478:2|4:0:1
ckpt_300.pt,4,575,0.3633039593696594,0.07105880975723267,0.3120979964733124,"104,220,155,177,27","238,29,85,244,127",4:155:2|4:438:2|4:690:2
ckpt_300.pt,4,576,0.30360499024391174,0.05642697587609291,0.3065563440322876,"103,205,38,204,174","11,241,255,153,91",4:138:2|4:971:2|4:13:1
ckpt_300.pt,4,577,0.35380345582962036,0.07570833712816238,0.3360339105129242,"41,128,51,147,105","155,189,153,33,119",4:595:2|4:7:1|4:23:1
ckpt_300.pt,4,578,0.30929112434387207,0.05752565711736679,0.3314725160598755,"134,69,94,245,110","21,235,191,56,201",4:111:2|4:169:2|4:407:2
ckpt_300.pt,4,579,0.3127877414226532,0.05922076106071472,0.315907746553421,"145,76,43,83,35","13,154,136,244,148",4:25:2|4:973:2|4:0:1
ckpt_300.pt,4,580,0.3509407937526703,0.06495971232652664,0.33864179253578186,"42,162,238,110,184","9,49,4,139,167",4:146:2|4:702:2|4:846:2
ckpt_300.pt,4,581,0.29155272245407104,0.05933693051338196,0.3269140422344208,"207,152,99,49,88","231,240,152,249,52",4:811:2|4:4:1|4:12:1
ckpt_300.pt,4,582,0.3354359269142151,0.06046263128519058,0.33126598596572876,"15,56,44,107,173","216,225,119,162,180",4:14:2|4:79:2|4:361:2
ckpt_300.pt,4,583,0.31960707902908325,0.05790737643837929,0.34222039580345154,"56,30,232,61,238","171,80,102,218,23",4:818:2|4:846:2|4:886:2
ckpt_300.pt,4,584,0.39787203073501587,0.09111487865447998,0.35192519426345825,"196,20,243,233,107","135,0,170,140,162",4:35:2|4:895:2|4:12:1
ckpt_300.pt,4,585,0.33914634585380554,0.056447215378284454,0.3395640254020691,"234,232,101,180,140","113,237,149,114,204",4:71:2|4:883:2|4:17:1
ckpt_300.pt,4,586,0.33991527557373047,0.06606733798980713,0.32132935523986816,"253,111,213,206,222","57,118,127,93,46",4:132:2|4:161:2|4:537:2
ckpt_300.pt,4,587,0.31848958134651184,0.060104936361312866,0.3463599681854248,"13,174,217,19,201","110,56,254,204,91",4:856:3|4:135:2|4:282:2
ckpt_300.pt,4,588,0.32016199827194214,0.053830549120903015,0.3146613836288452,"183,223,15,99,227","235,68,60,52,33",4:36:2|4:304:2|4:331:2
ckpt_300.pt,4,589,0.32681989669799805,0.05322806164622307,0.3057137429714203,"245,151,166,199,119","137,27,167,251,78",4:234:2|4:548:2|4:825:2
ckpt_300.pt,4,590,0.35371363162994385,0.06468963623046875,0.3465174436569214,"5,60,155,188,63","191,20,199,213,147",4:142:2|4:198:2|4:703:2
ckpt_300.pt,4,591,0.3418980836868286,0.06777962297201157,0.3452644944190979,"163,154,80,32,228","218,164,102,226,230",4:120:2|4:141:2|4:300:2
ckpt_300.pt,4,592,0.3413194715976715,0.05418607220053673,0.33073654770851135,"73,36,164,208,125","79,175,38,27,203",4:128:2|4:621:2|4:785:2
ckpt_300.pt,4,593,0.32425665855407715,0.05622420087456703,0.3144416809082031,"214,11,106,207,234","245,128,133,95,249",4:440:3|4:33:2|4:495:2
ckpt_300.pt,4,594,0.3388773500919342,0.0767119824886322,0.31615471839904785,"189,206,24,185,57","31,5,68,23,202",4:0:1|4:3:1|4:11:1
ckpt_300.pt,4,595,0.36174389719963074,0.0859965831041336,0.33240851759910583,"51,222,6,147,189","99,223,138,95,84",4:48:2|4:190:2|4:577:2
ckpt_300.pt,4,596,0.3458225429058075,0.05574403330683708,0.3118317127227783,"230,168,178,167,24","138,61,144,222,231",4:127:2|4:163:2|4:423:2
ckpt_300.pt,4,597,0.3669281005859375,0.056681398302316666,0.3247176706790924,"73,206,183,22,154","77,122,105,155,148",4:166:2|4:0:1|4:7:1
ckpt_300.pt,4,598,0.327358603477478,0.06555657088756561,0.35604435205459595,"105,58,115,69,86","148,221,227,123,154",4:39:2|4:7:1|4:9:1
ckpt_300.pt,4,599,0.34274762868881226,0.05459785461425781,0.32809579372406006,"252,56,93,57,128","56,205,125,244,73",4:41:2|4:292:2|4:1:1
ckpt_300.pt,4,600,0.35604697465896606,0.07731527835130692,0.3099116384983063,"40,98,90,232,189","189,177,184,62,196",4:386:2|4:659:2|4:1015:2
ckpt_300.pt,4,601,0.33708834648132324,0.05634177476167679,0.3379574120044708,"3,137,106,151,179","218,71,210,166,37",4:634:2|4:716:2|4:720:2
ckpt_300.pt,4,602,0.3129686117172241,0.0611264668405056,0.32318252325057983,"225,72,100,159,200","78,149,217,206,196",4:762:2|4:3:1|4:5:1
ckpt_300.pt,4,603,0.3154250681400299,0.06129278987646103,0.3184872567653656,"45,136,135,54,132","222,170,220,84,126",4:56:2|4:620:2|4:629:2
ckpt_300.pt,4,604,0.31858888268470764,0.07141848653554916,0.28970709443092346,"248,152,210,89,213","2,175,242,87,68",4:199:2|4:326:2|4:4:1
ckpt_300.pt,4,605,0.3201693296432495,0.06775793433189392,0.3552578389644623,"213,40,10,23,96","23,54,45,43,75",4:174:2|4:256:2|4:280:2
ckpt_300.pt,4,606,0.32463210821151733,0.05333265662193298,0.3486248552799225,"219,99,3,238,155","210,49,207,243,199",4:142:3|4:36:2|4:382:2
ckpt_300.pt,4,607,0.3183278441429138,0.06302724033594131,0.3216884732246399,"39,110,25,114,38","182,102,69,130,1",4:230:2|4:0:1|4:9:1
ckpt_300.pt,4,608,0.34298470616340637,0.0629790872335434,0.3612014353275299,"177,206,115,137,242","127,51,135,152,82",4:311:2|4:701:2|4:861:2
ckpt_300.pt,4,609,0.3328915238380432,0.05177877098321915,0.3431883454322815,"187,160,131,212,233","6,79,85,100,110",4:255:2|4:312:2|4:522:2
ckpt_300.pt,4,610,0.31842270493507385,0.05839921534061432,0.32664749026298523,"96,142,116,62,136","78,136,59,111,8",4:20:1|4:36:1|4:48:1
ckpt_300.pt,4,611,0.3225248456001282,0.05677517130970955,0.32297971844673157,"248,80,193,46,100","16,132,227,137,182",4:326:2|4:3:1|4:13:1
ckpt_300.pt,4,612,0.32904818654060364,0.07082875072956085,0.33727163076400757,"199,180,113,27,65","16,215,222,4,204",4:92:2|4:313:2|4:480:2
ckpt_300.pt,4,613,0.3515629768371582,0.07148522138595581,0.33642077445983887,"232,231,186,11,174","147,6,175,255,27",4:268:2|4:491:2|4:670:2
ckpt_300.pt,4,614,0.3187890648841858,0.06364109367132187,0.33510375022888184,"226,56,6,178,208","234,34,165,161,53",4:2:1|4:3:1|4:16:1
ckpt_300.pt,4,615,0.31846168637275696,0.07289325445890427,0.3318846523761749,"196,14,120,174,5","105,217,220,182,32",4:413:2|4:491:2|4:505:2
ckpt_300.pt,4,616,0.34069347381591797,0.0594409815967083,0.32460662722587585,"25,36,225,162,233","124,175,250,217,211",4:12:2|4:24:2|4:664:2
ckpt_300.pt,4,617,0.3544584810733795,0.07287606596946716,0.34344616532325745,"123,213,5,118,172","144,192,113,190,165",4:55:2|4:188:2|4:864:2
ckpt_300.pt,4,618,0.33086058497428894,0.06403768062591553,0.31736549735069275,"168,170,199,48,253","73,108,59,242,174",4:234:2|4:673:2|4:709:2
ckpt_300.pt,4,619,0.3137989640235901,0.06720200926065445,0.335044264793396,"192,117,148,90,219","121,101,135,149,77",4:109:2|4:270:2|4:315:2
ckpt_300.pt,4,620,0.31144073605537415,0.06081259250640869,0.33399221301078796,"32,136,54,243,46","115,211,65,89,111",4:56:2|4:539:2|4:603:2
ckpt_300.pt,4,621,0.3159944713115692,0.07152413576841354,0.3232231140136719,"4,188,73,235,36","50,84,210,223,227",4:76:2|4:105:2|4:592:2
ckpt_300.pt,4,622,0.32075637578964233,0.06933776289224625,0.3362659215927124,"229,184,156,140,107","235,178,89,108,179",4:178:2|4:763:2|4:883:2
ckpt_300.pt,4,623,0.3445691764354706,0.06948089599609375,0.32540035247802734,"109,77,115,214,10","123,99,20,221,90",4:263:2|4:502:2|4:28:1
ckpt_300.pt,4,624,0.3552413582801819,0.0603681243956089,0.3222883939743042,"169,32,154,6,30","10,228,157,41,234",4:48:2|4:120:2|4:591:2
ckpt_300.pt,4,625,0.31789377331733704,0.05785003677010536,0.3167421221733093,"120,169,138,100,56","136,168,238,13,10",4:181:2|4:293:2|4:628:2
ckpt_300.pt,4,626,0.3288242816925049,0.06298179179430008,0.33937346935272217,"114,250,205,1,15","3,157,232,130,80",4:43:2|4:60:2|4:742:2
ckpt_300.pt,4,627,0.36083388328552246,0.060987576842308044,0.3404841423034668,"211,174,16,120,53","65,122,52,160,253",4:491:3|4:50:2|4:181:2
ckpt_300.pt,4,628,0.3060123324394226,0.05332722142338753,0.31976819038391113,"171,120,169,195,132","117,39,151,19,195",4:27:2|4:147:2|4:469:2
ckpt_300.pt,4,629,0.3319259285926819,0.06494679301977158,0.29985418915748596,"113,136,29,54,118","120,131,48,246,63",4:56:2|4:168:2|4:182:2
ckpt_300.pt,4,630,0.32888275384902954,0.052141908556222916,0.32989227771759033,"249,84,114,202,248","49,71,125,56,234",4:18:2|4:175:2|4:744:2
ckpt_300.pt,4,631,0.35443034768104553,0.07361826300621033,0.33835136890411377,"29,212,253,195,104","232,252,53,236,216",4:2:2|4:539:2|4:10:1
ckpt_300.pt,4,632,0.3710942566394806,0.08365746587514877,0.33753398060798645,"147,180,149,3,4","195,129,158,66,75",4:448:2|4:573:2|4:5:1
ckpt_300.pt,4,633,0.32019221782684326,0.06984811276197433,0.35007444024086,"16,223,123,195,145","96,58,64,4,111",4:117:2|4:557:2|4:800:2
ckpt_300.pt,4,634,0.3184739649295807,0.05757966637611389,0.33191075921058655,"3,151,74,165,129","252,137,140,100,84",4:525:2|4:601:2|4:0:1
ckpt_300.pt,4,635,0.324636846780777,0.05791492760181427,0.2920531928539276,"61,189,54,86,249","202,129,101,7,69",4:39:2|4:441:2|4:924:2
ckpt_300.pt,4,636,0.3248305320739746,0.06899748742580414,0.3338698446750641,"194,62,70,253,242","31,98,40,160,22",4:216:2|4:252:2|4:311:2
ckpt_300.pt,4,637,0.36237049102783203,0.05943381413817406,0.3287977874279022,"83,160,247,101,213","225,206,231,191,185",4:98:2|4:21:1|4:29:1
ckpt_300.pt,4,638,0.3319200277328491,0.06102440878748894,0.3269417881965637,"160,212,91,85,161","63,170,211,109,3",4:66:2|4:264:2|4:446:2
ckpt_300.pt,4,639,0.33564847707748413,0.06486733257770538,0.3258399963378906,"119,71,25,31,224","131,221,189,255,37",4:97:2|4:411:2|4:0:1
ckpt_300.pt,4,640,0.3479522168636322,0.06773840636014938,0.3024907410144806,"55,122,45,34,57","148,23,56,120,231",4:389:2|4:11:1|4:15:1
ckpt_300.pt,4,641,0.32921406626701355,0.054847609251737595,0.3225324749946594,"14,63,23,228,146","21,54,222,126,191",4:705:2|4:921:2|4:6:1
ckpt_300.pt,4,642,0.3239738941192627,0.06289102137088776,0.33188554644584656,"151,160,117,65,236","29,115,222,130,208",4:109:2|4:428:2|4:678:2
ckpt_300.pt,4,643,0.3618111312389374,0.08831977844238281,0.345364511013031,"40,84,203,14,223","169,34,231,58,140",4:191:2|4:225:2|4:254:2
ckpt_300.pt,4,644,0.3105867803096771,0.07263181358575821,0.3046261966228485,"90,163,231,234,21","76,244,161,184,152",4:502:2|4:797:2|4:833:2
ckpt_300.pt,4,645,0.33403638005256653,0.07471324503421783,0.32528796792030334,"5,96,113,220,102","127,35,14,89,7",4:789:2|4:938:2|4:80:1
ckpt_300.pt,4,646,0.3273433446884155,0.053020525723695755,0.3326649069786072,"188,67,244,253,107","231,41,155,12,70",4:151:2|4:172:2|4:186:2
ckpt_300.pt,4,647,0.3306361138820648,0.06351926177740097,0.3126479387283325,"146,37,106,40,115","193,169,81,91,106",4:1:1|4:2:1|4:6:1
ckpt_300.pt,4,648,0.3165770173072815,0.06556272506713867,0.3141077160835266,"196,224,5,72,46","189,113,165,228,110",4:413:2|4:615:2|4:18:1
ckpt_300.pt,4,649,0.33200785517692566,0.05795520544052124,0.31547611951828003,"126,208,123,205,81","207,28,143,190,159",4:55:2|4:214:2|4:940:2
ckpt_300.pt,4,650,0.3323127329349518,0.06357372552156448,0.3075960576534271,"93,235,246,155,65","227,147,15,69,33",4:271:2|4:349:2|4:977:2
ckpt_300.pt,4,651,0.34599438309669495,0.05748632550239563,0.32971322536468506,"206,179,36,136,153","39,72,208,61,166",4:245:2|4:461:2|4:462:2
ckpt_300.pt,4,652,0.3600510060787201,0.0727832019329071,0.34555158019065857,"245,213,116,233,206","159,25,89,53,206",4:455:2|4:586:2|4:669:2
ckpt_300.pt,4,653,0.3278490900993347,0.06233356520533562,0.3432750701904297,"122,218,66,184,48","177,23,76,121,0",4:8:2|4:733:2|4:7:1
ckpt_300.pt,4,654,0.34591197967529297,0.07923945039510727,0.31886938214302063,"195,115,152,170,5","226,34,69,104,228",4:253:2|4:390:2|4:470:2
ckpt_300.pt,4,655,0.3370696008205414,0.08071877062320709,0.3606952130794525,"19,204,9,68,215","66,175,80,52,233",4:171:2|4:236:2|4:237:2
ckpt_300.pt,4,656,0.3745128810405731,0.07092317193746567,0.34231752157211304,"12,50,43,242,197","220,194,184,177,135",4:6:2|4:297:2|4:21:1
ckpt_300.pt,4,657,0.34008991718292236,0.060637157410383224,0.3232972025871277,"171,22,12,214,227","45,130,37,209,179",4:152:2|4:331:2|4:356:2
ckpt_300.pt,4,658,0.34421807527542114,0.06119612604379654,0.3580225110054016,"47,193,131,89,198","82,62,201,100,57",4:4:1|4:16:1|4:24:1
ckpt_300.pt,4,659,0.3170822858810425,0.051850151270627975,0.32573941349983215,"248,189,142,44,40","251,34,151,115,5",4:600:2|4:3:1|4:14:1
ckpt_300.pt,4,660,0.3253210783004761,0.05313725024461746,0.3357204496860504,"251,53,51,190,159","239,250,238,48,136",4:359:2|4:374:2|4:383:2
ckpt_300.pt,4,661,0.34465011954307556,0.06086411327123642,0.3385692536830902,"163,197,26,215,110","134,204,39,45,129",4:9:2|4:288:2|4:806:2
ckpt_300.pt,4,662,0.32285523414611816,0.06699145585298538,0.32724446058273315,"2,27,206,166,139","173,209,114,146,205",4:332:2|4:861:2|4:0:1
ckpt_300.pt,4,663,0.3305799067020416,0.06114722788333893,0.3182566463947296,"47,231,152,252,10","186,105,161,78,96",4:434:2|4:493:2|4:1:1
ckpt_300.pt,4,664,0.31894710659980774,0.056630127131938934,0.33279097080230713,"225,78,89,233,236","85,213,164,116,255",4:496:2|4:540:2|4:616:2
ckpt_300.pt,4,665,0.3467676341533661,0.06365588307380676,0.3198257386684418,"178,224,171,28,200","248,68,169,154,181",4:899:2|4:942:2|4:9:1
ckpt_300.pt,4,666,0.33348724246025085,0.07170122116804123,0.35256990790367126,"124,66,223,219,252","192,44,208,19,130",4:270:2|4:771:2|4:886:2
ckpt_300.pt,4,667,0.3473389148712158,0.06621139496564865,0.3311591148376465,"193,108,111,255,191","2,241,244,65,250",4:352:2|4:414:2|4:810:2
ckpt_300.pt,4,668,0.3195124864578247,0.051610562950372696,0.34769901633262634,"227,161,210,118,203","29,252,182,255,247",4:961:2|4:13:1|4:18:1
ckpt_300.pt,4,669,0.33679336309432983,0.06656264513731003,0.3472360074520111,"171,185,116,97,245","30,169,136,219,96",4:652:2|4:9:1|4:20:1
ckpt_300.pt,4,670,0.3406648635864258,0.08368103951215744,0.3418901860713959,"231,7,46,232,51","53,163,201,62,235",4:286:2|4:359:2|4:383:2
ckpt_300.pt,4,671,0.360542893409729,0.07359170913696289,0.31954485177993774,"117,242,68,176,2","206,142,228,98,1",4:192:2|4:197:2|4:368:2
ckpt_300.pt,4,672,0.34675291180610657,0.07375848293304443,0.328487753868103,"18,251,74,161,16","116,192,194,240,71",4:359:2|4:3:1|4:23:1
ckpt_300.pt,4,673,0.33565983176231384,0.062042828649282455,0.3525318205356598,"163,170,161,253,236","128,73,91,86,89",4:465:2|4:618:2|4:787:2
ckpt_300.pt,4,674,0.3360554575920105,0.0709516629576683,0.31895238161087036,"249,51,122,58,35","155,163,42,37,96",4:249:2|4:389:2|4:7:1
ckpt_300.pt,4,675,0.31912654638290405,0.061586931347846985,0.3432353734970093,"53,73,207,205,236","204,241,150,237,154",4:798:2|4:7:1|4:22:1
ckpt_300.pt,4,676,0.34450218081474304,0.06803274154663086,0.35840508341789246,"117,182,24,110,216","1,193,107,162,181",4:452:2|4:752:2|4:757:2
ckpt_300.pt,4,677,0.3359949588775635,0.07430590689182281,0.3113274872303009,"226,183,52,181,218","139,27,218,5,20",4:202:2|4:314:2|4:3:1
ckpt_300.pt,4,678,0.3417547941207886,0.06639736145734787,0.3110140562057495,"160,14,117,175,18","192,98,202,248,43",4:428:2|4:505:2|4:642:2
ckpt_300.pt,4,679,0.3352087438106537,0.0626319870352745,0.35248953104019165,"181,89,39,92,236","188,202,98,175,12",4:394:2|4:664:2|4:5:1
ckpt_300.pt,4,680,0.31085410714149475,0.05502402037382126,0.3249054551124573,"231,240,165,249,193","17,122,229,75,219",4:32:2|4:204:2|4:694:2
ckpt_300.pt,4,681,0.3128860890865326,0.060714151710271835,0.31726929545402527,"94,80,223,64,214","238,84,219,205,235",4:528:2|4:1007:2|4:4:1
ckpt_300.pt,4,682,0.33537590503692627,0.06176866218447685,0.33873990178108215,"39,244,209,61,158","97,194,91,128,83",4:10:1|4:12:1|4:20:1
ckpt_300.pt,4,683,0.32942506670951843,0.06419721990823746,0.3445727527141571,"231,118,119,255,160","88,117,109,69,29",4:367:2|4:821:2|4:18:1
ckpt_300.pt,4,684,0.3093399703502655,0.049685101956129074,0.31279730796813965,"176,112,35,229,55","58,100,110,217,77",4:258:2|4:378:2|4:1:1
ckpt_300.pt,4,685,0.31157681345939636,0.05374745652079582,0.33907458186149597,"215,219,210,24,77","45,117,220,64,75",4:546:2|4:717:2|4:959:2
ckpt_300.pt,4,686,0.3552413582801819,0.06314005702733994,0.3635489344596863,"200,243,163,85,41","190,71,33,211,45",4:469:2|4:516:2|4:526:2
ckpt_300.pt,4,687,0.31279900670051575,0.05086730793118477,0.33503618836402893,"154,119,12,204,226","80,197,105,202,6",4:90:2|4:779:2|4:3:1
ckpt_300.pt,4,688,0.34804248809814453,0.07112102955579758,0.34549880027770996,"190,75,14,105,179","105,17,55,192,161",4:23:2|4:31:1|4:37:1
ckpt_300.pt,4,689,0.32897740602493286,0.060202423483133316,0.31125202775001526,"17,218,139,91,220","111,60,141,45,147",4:200:2|4:15:1|4:32:1
ckpt_300.pt,4,690,0.3168747127056122,0.060325585305690765,0.3235172629356384,"177,27,208,12,95","3,0,206,94,59",4:93:2|4:575:2|4:991:2
ckpt_300.pt,4,691,0.3273186683654785,0.06865130364894867,0.31977301836013794,"44,78,103,42,154","148,230,88,66,174",4:185:2|4:398:2|4:540:2
ckpt_300.pt,4,692,0.36097604036331177,0.07296602427959442,0.32003530859947205,"9,128,162,70,146","139,90,199,228,235",4:37:2|4:273:2|4:435:2
ckpt_300.pt,4,693,0.33641788363456726,0.06845840811729431,0.3200703263282776,"83,100,245,141,190","192,68,74,79,134",4:241:2|4:567:2|4:862:2
ckpt_300.pt,4,694,0.3165964186191559,0.06434811651706696,0.3354663550853729,"66,249,46,240,195","143,64,222,113,150",4:407:2|4:680:2|4:923:2
ckpt_300.pt,4,695,0.339307963848114,0.06320732831954956,0.32260817289352417,"244,84,65,241,213","43,153,178,36,81",4:330:2|4:23:1|4:26:1
ckpt_300.pt,4,696,0.3376633822917938,0.059412531554698944,0.3397277295589447,"158,161,154,156,25","231,14,251,159,149",4:166:2|4:194:2|4:264:2
ckpt_300.pt,4,697,0.3278704881668091,0.053988102823495865,0.35231924057006836,"88,244,245,227,140","22,225,26,36,94",4:40:2|4:757:2|4:787:2
ckpt_300.pt,4,698,0.3458802103996277,0.06542019546031952,0.3342386484146118,"158,207,217,184,187","20,4,182,205,55",4:82:2|4:367:2|4:701:2
ckpt_300.pt,4,699,0.3967592418193817,0.07640551030635834,0.3475456237792969,"35,168,162,12,127","12,29,83,50,239",4:163:2|4:409:2|4:479:2
ckpt_300.pt,4,700,0.3481845259666443,0.055066145956516266,0.3478551506996155,"152,43,44,112,165","186,150,242,136,50",4:6:2|4:877:2|4:973:2
ckpt_300.pt,4,701,0.33651742339134216,0.07184556126594543,0.3149985373020172,"184,158,97,115,206","249,36,123,235,132",4:608:2|4:698:2|4:861:2
ckpt_300.pt,4,702,0.33171263337135315,0.06614513695240021,0.3107430040836334,"25,184,42,175,13","78,10,130,143,15",4:279:2|4:580:2|4:846:2
ckpt_300.pt,4,703,0.31899747252464294,0.05584922060370445,0.3303966224193573,"188,27,86,5,193","106,75,189,124,205",4:590:2|4:813:2|4:926:2
ckpt_300.pt,4,704,0.3382713496685028,0.06492004543542862,0.32734018564224243,"215,240,116,8,189","215,114,34,240,153",4:224:2|4:283:2|4:706:2
ckpt_300.pt,4,705,0.3525084853172302,0.05950891971588135,0.34963902831077576,"201,146,0,228,68","249,215,44,3,234",4:192:2|4:340:2|4:510:2
ckpt_300.pt,4,706,0.31885045766830444,0.05603820085525513,0.31862735748291016,"8,194,215,205,217","61,236,215,91,88",4:396:2|4:704:2|4:806:2
ckpt_300.pt,4,707,0.33722928166389465,0.06283524632453918,0.3433203101158142,"110,126,253,144,177","161,220,18,33,184",4:65:2|4:253:2|4:9:1
ckpt_300.pt,4,708,0.3420757055282593,0.06355281174182892,0.33155328035354614,"88,220,81,182,83","39,49,244,107,20",4:47:2|4:357:2|4:836:2
ckpt_300.pt,4,709,0.33086875081062317,0.07961159944534302,0.3405245542526245,"152,253,48,250,198","58,228,186,136,146",4:4:2|4:51:2|4:348:2
ckpt_300.pt,4,710,0.35909128189086914,0.06805615872144699,0.3210570514202118,"186,63,70,29,81","110,202,174,131,52",4:765:3|4:165:2|4:244:2
ckpt_300.pt,4,711,0.32353588938713074,0.0648927316069603,0.3396773636341095,"86,9,238,16,2","245,93,243,36,219",4:117:2|4:263:2|4:355:2
ckpt_300.pt,4,712,0.3575187027454376,0.05702690780162811,0.3257947564125061,"148,17,68,116,180","188,104,184,209,208",4:283:2|4:25:1|4:32:1
ckpt_300.pt,4,713,0.3257889449596405,0.06845083832740784,0.28465893864631653,"144,15,231,111,149","158,214,125,178,122",4:253:2|4:777:2|4:952:2
ckpt_300.pt,4,714,0.3326181173324585,0.09613817930221558,0.3215898871421814,"160,250,106,84,60","235,241,189,12,222",4:389:2|4:538:2|4:567:2
ckpt_300.pt,4,715,0.3108396828174591,0.06120171397924423,0.30539819598197937,"113,111,47,178,237","171,31,56,173,65",4:139:2|4:746:2|4:914:2
ckpt_300.pt,4,716,0.31622642278671265,0.06380874663591385,0.35830360651016235,"106,250,137,193,156","105,214,221,40,38",4:601:2|4:714:2|4:19:1
ckpt_300.pt,4,717,0.3041786253452301,0.06113027036190033,0.29988032579421997,"215,142,29,210,135","123,136,134,116,122",4:685:2|4:24:1|4:73:1
ckpt_300.pt,4,718,0.32814621925354004,0.060152649879455566,0.32845255732536316,"41,16,50,186,249","167,91,24,145,49",4:45:2|4:117:2|4:318:2
ckpt_300.pt,4,719,0.30870383977890015,0.05777333304286003,0.32498303055763245,"39,33,164,67,29","56,164,192,61,213",4:129:2|4:449:2|4:823:2
ckpt_300.pt,4,720,0.31309011578559875,0.06282300502061844,0.3214607834815979,"179,38,151,117,79","29,232,5,192,141",4:28:2|4:452:2|4:601:2
ckpt_300.pt,4,721,0.3276911675930023,0.06394364684820175,0.3332287073135376,"128,169,202,55,214","191,200,190,72,220",4:466:2|4:7:1|4:10:1
ckpt_300.pt,4,722,0.3360055387020111,0.0686831846833229,0.32594963908195496,"228,37,28,61,83","166,252,119,55,139",4:186:2|4:209:2|4:520:2
ckpt_300.pt,4,723,0.3414853811264038,0.054488856345415115,0.3441018760204315,"127,120,156,245,237","131,202,248,223,199",4:91:2|4:225:2|4:260:2
ckpt_300.pt,4,724,0.3790326714515686,0.07554455101490021,0.2977329194545746,"244,211,2,111,1","77,46,128,217,169",4:116:2|4:296:2|4:4:1
ckpt_300.pt,4,725,0.32811203598976135,0.07022309303283691,0.3662926256656647,"163,121,36,172,34","153,23,176,120,37",4:94:2|4:163:2|4:430:2
ckpt_300.pt,4,726,0.312576562166214,0.05327361077070236,0.32078492641448975,"12,87,14,113,214","173,47,126,35,148",4:260:2|4:657:2|4:820:2
ckpt_300.pt,4,727,0.32888635993003845,0.05523096024990082,0.33791467547416687,"147,127,171,117,219","68,161,205,21,61",4:270:2|4:337:2|4:619:2
ckpt_300.pt,4,728,0.3440377116203308,0.0757250264286995,0.34619730710983276,"196,211,176,82,227","76,208,61,36,120",4:1:2|4:111:2|4:368:2
ckpt_300.pt,4,729,0.3617432415485382,0.07068084925413132,0.323669970035553,"180,71,84,193,30","227,87,41,99,207",4:85:2|4:566:2|4:904:2
ckpt_300.pt,4,730,0.34026968479156494,0.060127127915620804,0.3309630751609802,"28,214,2,142,24","31,119,242,191,168",4:442:2|4:4:1|4:16:1
ckpt_300.pt,4,731,0.31726714968681335,0.0522429458796978,0.3237001299858093,"231,171,79,153,65","101,74,8,252,163",4:199:2|4:742:2|4:3:1
ckpt_300.pt,4,732,0.32085466384887695,0.06804749369621277,0.3037801682949066,"195,4,131,226,176","127,154,2,47,227",4:49:2|4:1:1|4:2:1
ckpt_300.pt,4,733,0.3647245764732361,0.05941480025649071,0.3522735834121704,"75,56,65,48,184","190,127,206,151,212",4:41:2|4:653:2|4:2:1
ckpt_300.pt,4,734,0.3394542932510376,0.051338452845811844,0.36062583327293396,"124,23,91,118,75","165,150,181,152,121",4:18:1|4:23:1|4:37:1
ckpt_300.pt,4,735,0.32291173934936523,0.059256769716739655,0.329250693321228,"39,199,186,242,215","116,237,74,108,87",4:451:2|4:563:2|4:805:2
ckpt_300.pt,4,736,0.3244779706001282,0.06085501238703728,0.3238089978694916,"206,88,210,169,19","55,167,92,177,185",4:462:2|4:882:2|4:994:2
ckpt_300.pt,4,737,0.3183029890060425,0.05981270596385002,0.3410743176937103,"49,176,146,19,223","186,148,3,131,243",4:459:2|4:885:2|4:1:1
ckpt_300.pt,4,738,0.34560108184814453,0.06554888188838959,0.3574560880661011,"190,55,242,218,211","178,55,142,191,84",4:319:2|4:848:2|4:5:1
ckpt_300.pt,4,739,0.30646800994873047,0.053452614694833755,0.32407745718955994,"76,2,85,6,247","81,72,147,157,80",4:29:2|4:154:2|4:192:2
ckpt_300.pt,4,740,0.31307512521743774,0.052069976925849915,0.3138081133365631,"67,233,166,178,207","16,107,117,208,60",4:226:2|4:239:2|4:17:1
ckpt_300.pt,4,741,0.3443368375301361,0.06838233023881912,0.29936590790748596,"63,31,15,11,66","226,231,36,93,171",4:771:3|4:198:2|4:1019:2
ckpt_300.pt,4,742,0.319056898355484,0.04930880293250084,0.33190053701400757,"171,159,114,79,205","229,24,234,19,65",4:626:2|4:731:2|4:992:2
ckpt_300.pt,4,743,0.33617615699768066,0.0724087804555893,0.3349780738353729,"152,6,68,176,18","201,253,20,60,190",4:110:2|4:326:2|4:459:2
ckpt_300.pt,4,744,0.3147939145565033,0.0635693371295929,0.32906490564346313,"6,173,58,84,114","120,84,113,35,246",4:445:2|4:630:2|4:774:2
ckpt_300.pt,4,745,0.3133147358894348,0.05756095051765442,0.3109310567378998,"204,68,178,106,120","138,142,16,60,251",4:240:2|4:655:2|4:779:2
ckpt_300.pt,4,746,0.3293566405773163,0.0788867399096489,0.3032934069633484,"249,19,98,111,178","209,153,8,214,103",4:715:2|4:17:1|4:18:1
ckpt_300.pt,4,747,0.33420300483703613,0.05434688180685043,0.3506355583667755,"2,242,3,118,183","140,90,147,180,173",4:671:2|4:758:2|4:821:2
ckpt_300.pt,4,748,0.31723520159721375,0.05586710199713707,0.35113096237182617,"189,204,10,23,58","250,55,17,173,92",4:432:2|4:605:2|4:3:1
ckpt_300.pt,4,749,0.33821165561676025,0.059448204934597015,0.31803297996520996,"186,173,12,160,166","11,95,136,71,131",4:10:1|4:45:1|4:59:1
ckpt_300.pt,4,750,0.34125465154647827,0.060308557003736496,0.310926616191864,"199,48,46,31,114","8,206,191,44,235",4:43:2|4:175:2|4:234:2
ckpt_300.pt,4,751,0.3181612193584442,0.06004820019006729,0.32476529479026794,"86,56,213,171,197","214,55,60,142,226",4:103:2|4:304:2|4:2:1
ckpt_300.pt,4,752,0.31539881229400635,0.05559997260570526,0.31829437613487244,"15,39,77,117,216","89,86,126,163,38",4:452:3|4:291:2|4:302:2
ckpt_300.pt,4,753,0.33694007992744446,0.06562595069408417,0.3198713958263397,"40,145,47,211,112","46,38,176,13,187",4:835:2|4:0:1|4:5:1
ckpt_300.pt,4,754,0.3307149410247803,0.06760682910680771,0.3425183892250061,"101,44,178,76,206","233,19,85,183,94",4:211:2|4:563:2|4:0:1
ckpt_300.pt,4,755,0.357154905796051,0.05822436511516571,0.35610413551330566,"248,168,246,179,205","85,49,59,226,119",4:945:2|4:14:1|4:18:1
ckpt_300.pt,4,756,0.32776808738708496,0.060765668749809265,0.33731210231781006,"37,128,126,6,102","157,171,193,103,117",4:1:1|4:2:1|4:7:1
ckpt_300.pt,4,757,0.3576417863368988,0.07118724286556244,0.33162721991539,"126,140,244,117,182","100,62,190,146,214",4:306:2|4:676:2|4:697:2
ckpt_300.pt,4,758,0.3195214569568634,0.05363018065690994,0.3354467451572418,"7,227,2,216,3","118,126,154,77,98",4:564:2|4:573:2|4:747:2
ckpt_300.pt,4,759,0.3132152557373047,0.06266070902347565,0.34777218103408813,"33,128,242,123,246","228,98,236,227,28",4:421:2|4:451:2|4:784:2
ckpt_300.pt,4,760,0.3540191352367401,0.0625561773777008,0.2968501150608063,"14,126,8,145,17","54,254,136,255,175",4:934:2|4:0:1|4:8:1
ckpt_300.pt,4,761,0.32533541321754456,0.05572956055402756,0.3176203668117523,"169,120,185,200,133","118,107,78,186,236",4:358:2|4:447:2|4:469:2
ckpt_300.pt,4,762,0.33357134461402893,0.07888052612543106,0.3196731507778168,"97,100,4,159,62","238,230,227,144,228",4:602:2|4:3:1|4:5:1
ckpt_300.pt,4,763,0.33342525362968445,0.07316221296787262,0.31401965022087097,"200,230,140,184,38","167,206,85,125,49",4:228:2|4:348:2|4:622:2
ckpt_300.pt,4,764,0.3383723199367523,0.056757036596536636,0.3069975674152374,"246,234,18,137,165","199,80,151,186,5",4:334:3|4:184:2|4:6:1
ckpt_300.pt,4,765,0.35361355543136597,0.057144250720739365,0.35957756638526917,"234,70,63,81,195","150,100,242,215,109",4:710:3|4:165:2|4:244:2
ckpt_300.pt,4,766,0.3341115117073059,0.06764183193445206,0.31359025835990906,"67,188,247,232,91","143,58,98,60,242",4:68:2|4:98:2|4:646:2
ckpt_300.pt,4,767,0.33154726028442383,0.056943632662296295,0.34269678592681885,"217,158,128,163,131","238,153,33,197,97",4:41:2|4:82:2|4:219:2
ckpt_300.pt,4,768,0.34810060262680054,0.07549341768026352,0.2952539324760437,"245,57,154,164,38","189,253,29,231,126",4:830:2|4:8:1|4:11:1
ckpt_300.pt,4,769,0.3277120590209961,0.05845395103096962,0.3287692666053772,"138,213,34,175,161","130,247,105,80,54",4:136:2|4:143:2|4:359:2
ckpt_300.pt,4,770,0.32087308168411255,0.05691087990999222,0.31089526414871216,"235,224,27,45,210","201,220,46,243,176",4:195:2|4:235:2|4:362:2
ckpt_300.pt,4,771,0.32998403906822205,0.05768340826034546,0.3258502781391144,"45,66,11,219,31","21,223,90,51,52",4:741:3|4:289:2|4:666:2
ckpt_300.pt,4,772,0.3291214406490326,0.061568375676870346,0.30674874782562256,"84,87,141,89,135","169,96,14,128,25",4:118:2|4:254:2|4:519:2
ckpt_300.pt,4,773,0.35422608256340027,0.05854075029492378,0.33365023136138916,"44,197,96,120,138","86,191,184,19,247",4:27:2|4:437:2|4:571:2
ckpt_300.pt,4,774,0.3243054151535034,0.055546294897794724,0.3369922935962677,"173,106,58,93,73","216,32,43,53,58",4:7:2|4:460:2|4:744:2
ckpt_300.pt,4,775,0.37423115968704224,0.0794200599193573,0.34143951535224915,"187,50,24,184,31","133,36,54,88,127",4:397:2|4:698:2|4:6:1
ckpt_300.pt,4,776,0.33017781376838684,0.05210563912987709,0.3348596394062042,"12,81,243,22,3","117,169,81,111,161",4:35:2|4:101:2|4:102:2
ckpt_300.pt,4,777,0.3381403088569641,0.05994872376322746,0.31556856632232666,"231,229,51,114,149","82,167,246,142,233",4:670:2|4:713:2|4:952:2
ckpt_300.pt,4,778,0.3522704839706421,0.06517969071865082,0.3291550278663635,"215,192,158,80,93","205,189,9,204,176",4:313:2|4:957:2|4:1004:2
ckpt_300.pt,4,779,0.34288662672042847,0.06020393222570419,0.3443133533000946,"60,204,73,12,178","97,156,242,161,104",4:687:2|4:745:2|4:824:2
ckpt_300.pt,4,780,0.3218670189380646,0.06432041525840759,0.33138036727905273,"34,190,243,116,67","10,16,52,215,87",4:35:2|4:36:2|4:212:2
ckpt_300.pt,4,781,0.3228946328163147,0.05746257305145264,0.3214564621448517,"209,140,73,106,210","70,123,203,110,241",4:774:2|4:782:2|4:7:1
ckpt_300.pt,4,782,0.3042605519294739,0.06279663741588593,0.3457188010215759,"98,106,124,166,210","176,218,38,217,5",4:179:2|4:386:2|4:781:2
ckpt_300.pt,4,783,0.3339466452598572,0.07945141196250916,0.3331754207611084,"103,159,18,144,41","185,224,61,136,213",4:65:2|4:569:2|4:5:1
ckpt_300.pt,4,784,0.33405908942222595,0.07530758529901505,0.32270124554634094,"178,241,147,33,246","113,79,119,115,14",4:137:2|4:177:2|4:190:2
ckpt_300.pt,4,785,0.3305726945400238,0.07027406990528107,0.3698512613773346,"73,36,77,131,182","69,158,85,16,225",4:120:2|4:298:2|4:305:2
ckpt_300.pt,4,786,0.30030933022499084,0.06782152503728867,0.3338923156261444,"175,70,255,2,205","213,245,134,195,210",4:336:2|4:367:2|4:423:2
ckpt_300.pt,4,787,0.3252173662185669,0.057191528379917145,0.33309343457221985,"170,140,244,91,236","212,241,13,80,225",4:196:2|4:465:2|4:483:2
ckpt_300.pt,4,788,0.32799503207206726,0.055776480585336685,0.3190509080886841,"183,59,33,18,107","243,171,219,82,213",4:281:3|4:110:2|4:12:1
ckpt_300.pt,4,789,0.3273901343345642,0.06764892488718033,0.32817041873931885,"102,198,5,76,182","65,254,232,12,9",4:276:2|4:645:2|4:1014:2
ckpt_300.pt,4,790,0.3355674743652344,0.05270269140601158,0.32206255197525024,"134,154,14,93,42","91,198,216,135,58",4:185:2|4:271:2|4:691:2
ckpt_300.pt,4,791,0.3351951837539673,0.05692576617002487,0.30486246943473816,"176,97,41,109,3","6,199,81,104,41",4:969:2|4:1:1|4:5:1
ckpt_300.pt,4,792,0.3109261691570282,0.059854280203580856,0.3128085732460022,"29,99,92,31,40","62,254,149,229,211",4:93:2|4:142:2|4:285:2
ckpt_300.pt,4,793,0.3366040587425232,0.061650875955820084,0.3164736330509186,"108,29,106,120,188","146,121,33,71,226",4:421:2|4:571:2|4:745:2
ckpt_300.pt,4,794,0.35332220792770386,0.06564880907535553,0.3565712571144104,"134,236,175,122,223","118,30,71,215,250",4:336:2|4:566:2|4:972:2
ckpt_300.pt,4,795,0.32282009720802307,0.06615763902664185,0.33706820011138916,"129,65,4,103,237","14,98,213,223,89",4:147:2|4:23:1|4:41:1
ckpt_300.pt,4,796,0.3551596999168396,0.06863852590322495,0.31955745816230774,"195,64,110,5,154","235,23,84,117,71",4:153:2|4:169:2|4:470:2
ckpt_300.pt,4,797,0.3373187184333801,0.05412842705845833,0.33296146988868713,"186,21,141,163,120","135,73,102,243,222",4:259:2|4:644:2|4:943:2
ckpt_300.pt,4,798,0.3248004615306854,0.052725646644830704,0.32089394330978394,"170,207,53,80,159","201,109,233,102,213",4:61:2|4:374:2|4:660:2
ckpt_300.pt,4,799,0.33013293147087097,0.06369641423225403,0.32921361923217773,"239,99,136,50,97","189,81,79,177,217",4:382:2|4:956:2|4:6:1
ckpt_300.pt,4,800,0.36517927050590515,0.06809120625257492,0.32855504751205444,"152,123,175,16,71","219,183,141,58,70",4:354:2|4:633:2|4:939:2
ckpt_300.pt,4,801,0.3543752133846283,0.06174768880009651,0.31637808680534363,"149,49,132,188,67","153,141,199,117,10",4:125:2|4:295:2|4:646:2
ckpt_300.pt,4,802,0.37253424525260925,0.06878229230642319,0.3107262849807739,"66,14,255,109,20","45,72,49,85,100",4:309:2|4:314:2|4:8:1
ckpt_300.pt,4,803,0.29939576983451843,0.05847587808966637,0.33118918538093567,"3,208,73,162,122","111,223,165,68,134",4:128:2|4:592:2|4:5:1
ckpt_300.pt,4,804,0.3240949213504791,0.06871558725833893,0.34210583567619324,"18,4,240,224,169","210,110,135,142,235",4:19:2|4:247:2|4:530:2
ckpt_300.pt,4,805,0.3295029103755951,0.059563878923654556,0.3136330246925354,"148,215,57,242,86","175,255,244,45,178",4:304:2|4:735:2|4:821:2
ckpt_300.pt,4,806,0.3966813385486603,0.08580523729324341,0.3220159411430359,"215,201,217,197,161","50,132,209,20,170",4:587:2|4:661:2|4:706:2
ckpt_300.pt,4,807,0.31197574734687805,0.065477155148983,0.3127810060977936,"209,235,47,136,42","236,113,17,45,7",4:16:2|4:105:2|4:233:2
ckpt_300.pt,4,808,0.3436753749847412,0.06812426447868347,0.34869498014450073,"75,136,180,92,1","221,153,40,56,99",4:83:2|4:229:2|4:424:2
ckpt_300.pt,4,809,0.3312225639820099,0.06792953610420227,0.3222561180591583,"163,112,150,197,241","7,51,245,246,34",4:175:2|4:661:2|4:953:2
ckpt_300.pt,4,810,0.3618980646133423,0.07200205326080322,0.3289790153503418,"193,238,235,177,108","134,209,76,64,255",4:78:2|4:355:2|4:667:2
ckpt_300.pt,4,811,0.3687555193901062,0.05936194583773613,0.3519737422466278,"241,207,218,61,152","197,125,53,217,60",4:581:2|4:4:1|4:10:1
ckpt_300.pt,4,812,0.3507893979549408,0.07055850327014923,0.3731633424758911,"117,0,251,135,84","49,160,2,211,216",4:254:2|4:772:2|4:11:1
ckpt_300.pt,4,813,0.35208970308303833,0.0638192817568779,0.32548055052757263,"40,35,5,135,193","42,164,29,159,98",4:24:2|4:409:2|4:703:2
ckpt_300.pt,4,814,0.339802622795105,0.055384185165166855,0.34096673130989075,"225,130,61,12,70","253,154,172,62,58",4:395:2|4:10:1|4:12:1
ckpt_300.pt,4,815,0.3005564510822296,0.05861228331923485,0.32553553581237793,"197,222,2,98,243","213,112,92,94,10",4:381:2|4:4:1|4:27:1
ckpt_300.pt,4,816,0.33534321188926697,0.07410798221826553,0.34567663073539734,"8,20,30,183,63","65,75,152,160,83",4:310:2|4:490:2|4:818:2
ckpt_300.pt,4,817,0.3079740107059479,0.053730402141809464,0.317455917596817,"230,22,239,237,80","128,22,54,179,68",4:344:2|4:11:1|4:46:1
ckpt_300.pt,4,818,0.35385453701019287,0.06385523080825806,0.32465553283691406,"30,201,63,136,238","63,81,247,12,122",4:104:2|4:583:2|4:816:2
ckpt_300.pt,4,819,0.3607389032840729,0.05981449782848358,0.32841458916664124,"109,107,136,147,112","93,126,203,201,42",4:843:2|4:6:1|4:12:1
ckpt_300.pt,4,820,0.31695231795310974,0.07046304643154144,0.3322978913784027,"160,248,14,87,174","70,84,171,203,14",4:77:2|4:505:2|4:615:2
ckpt_300.pt,4,821,0.336296021938324,0.07691055536270142,0.3265255391597748,"119,242,86,244,118","238,95,175,245,67",4:297:2|4:415:2|4:683:2
ckpt_300.pt,4,822,0.32439637184143066,0.06398627907037735,0.30472442507743835,"201,125,154,199,34","59,121,54,29,190",4:377:2|4:1022:2|4:2:1
ckpt_300.pt,4,823,0.32513728737831116,0.06677838414907455,0.3456321656703949,"32,9,29,67,132","11,179,192,206,195",4:285:2|4:295:2|4:719:2
ckpt_300.pt,4,824,0.3218640387058258,0.06640011817216873,0.3230113387107849,"125,204,73,245,195","188,249,145,12,184",4:407:2|4:592:2|4:779:2
ckpt_300.pt,4,825,0.3342742919921875,0.0722401812672615,0.32943961024284363,"199,110,106,245,165","170,80,223,58,203",4:230:2|4:578:2|4:589:2
ckpt_300.pt,4,826,0.33486172556877136,0.06300776451826096,0.3313308656215668,"4,27,246,252,209","20,65,153,208,98",4:145:2|4:332:2|4:1:1
ckpt_300.pt,4,827,0.3397846519947052,0.06414840370416641,0.34467893838882446,"64,93,236,253,248","4,95,204,9,98",4:673:2|4:14:1|4:18:1
ckpt_300.pt,4,828,0.3104676306247711,0.05177673324942589,0.3225421905517578,"151,39,100,146,205","97,29,185,86,148",4:80:2|4:921:2|4:0:1
ckpt_300.pt,4,829,0.3802715837955475,0.08512771129608154,0.36587780714035034,"177,74,90,175,102","40,221,98,89,50",4:444:2|4:3:1|4:21:1
ckpt_300.pt,4,830,0.33229678869247437,0.06819804012775421,0.3168598413467407,"38,189,164,228,152","231,155,165,172,75",4:48:2|4:121:2|4:516:2
ckpt_300.pt,4,831,0.33597904443740845,0.06326655298471451,0.30875474214553833,"64,233,99,58,143","75,77,43,7,17",4:75:2|4:255:2|4:430:2
ckpt_300.pt,4,832,0.3241545557975769,0.0580839067697525,0.31949400901794434,"182,78,3,193,15","157,128,161,34,236",4:5:2|4:32:2|4:308:2
ckpt_300.pt,4,833,0.3284014165401459,0.05123308673501015,0.3184162974357605,"231,206,191,234,6","163,222,50,0,168",4:508:2|4:644:2|4:906:2
ckpt_300.pt,4,834,0.31869566440582275,0.058756619691848755,0.3130950629711151,"60,78,43,13,80","170,79,191,137,53",4:224:2|4:279:2|4:880:2
ckpt_300.pt,4,835,0.37563085556030273,0.08512874692678452,0.33950260281562805,"160,28,211,40,243","123,246,142,90,186",4:567:2|4:753:2|4:5:1
ckpt_300.pt,4,836,0.3719656467437744,0.08329129219055176,0.32879936695098877,"11,182,81,1,128","17,1,223,129,199",4:47:2|4:369:2|4:440:2
ckpt_300.pt,4,837,0.33855530619621277,0.06930824369192123,0.35280534625053406,"75,93,24,19,104","116,235,227,55,27",4:282:2|4:2:1|4:16:1
ckpt_300.pt,4,838,0.3373081684112549,0.06333482265472412,0.32271111011505127,"184,196,170,91,30","227,208,59,28,7",4:465:2|4:787:2|4:7:1
ckpt_300.pt,4,839,0.3150409758090973,0.05534305423498154,0.31657102704048157,"243,122,17,67,193","237,109,13,178,23",4:32:2|4:35:2|4:145:2
ckpt_300.pt,4,840,0.3435017168521881,0.062292784452438354,0.32125791907310486,"70,55,163,149,164","113,141,228,207,13",4:558:3|4:978:2|4:9:1
ckpt_300.pt,4,841,0.3310941457748413,0.06700315326452255,0.34539398550987244,"110,244,101,119,193","134,148,2,171,190",4:158:2|4:231:2|4:821:2
ckpt_300.pt,4,842,0.3271389603614807,0.053078893572092056,0.32929426431655884,"170,102,242,93,255","247,46,193,16,102",4:879:2|4:6:1|4:28:1
ckpt_300.pt,4,843,0.3489799201488495,0.062282584607601166,0.31416696310043335,"247,107,109,210,130","234,23,137,143,161",4:68:2|4:819:2|4:12:1
ckpt_300.pt,4,844,0.3361353278160095,0.05746215954422951,0.31980395317077637,"154,2,143,99,254","71,94,161,185,134",4:108:2|4:831:2|4:919:2
ckpt_300.pt,4,845,0.33167967200279236,0.0665968507528305,0.32871878147125244,"50,56,16,52,81","239,177,146,141,51",4:47:2|4:117:2|4:181:2
ckpt_300.pt,4,846,0.33802440762519836,0.060446109622716904,0.3190750479698181,"232,238,151,42,25","206,181,4,250,88",4:0:2|4:580:2|4:583:2
ckpt_300.pt,4,847,0.35094383358955383,0.0628013089299202,0.307862788438797,"136,231,105,120,84","81,58,107,42,101",4:330:2|4:491:2|4:23:1
ckpt_300.pt,4,848,0.3244936168193817,0.07422143965959549,0.3365253508090973,"85,204,97,218,211","211,51,11,91,197",4:319:2|4:738:2|4:5:1
ckpt_300.pt,4,849,0.3628072142601013,0.06614740937948227,0.31308361887931824,"156,79,225,95,175","13,85,99,167,154",4:560:2|4:974:2|4:3:1
ckpt_300.pt,4,850,0.32113510370254517,0.05671320855617523,0.31458228826522827,"216,9,40,125,171","28,76,237,126,105",4:475:2|4:9:1|4:28:1
ckpt_300.pt,4,851,0.30081531405448914,0.07094311714172363,0.3220841884613037,"217,199,100,90,29","244,237,188,77,179",4:325:2|4:2:1|4:3:1
ckpt_300.pt,4,852,0.3414665162563324,0.0605793260037899,0.3536781966686249,"100,116,210,43,58","168,189,70,180,217",4:25:2|4:3:1|4:7:1
ckpt_300.pt,4,853,0.34511810541152954,0.06081937998533249,0.3286800682544708,"5,36,180,217,195","218,71,24,188,31",4:22:2|4:430:2|4:470:2
ckpt_300.pt,4,854,0.33885493874549866,0.06172347813844681,0.35382241010665894,"164,4,160,197,42","223,53,81,250,197",4:993:2|4:16:1|4:23:1
ckpt_300.pt,4,855,0.3724346458911896,0.06789033114910126,0.3239254355430603,"250,226,84,167,115","129,40,27,63,175",4:26:2|4:34:2|4:39:2
ckpt_300.pt,4,856,0.36787858605384827,0.07246457785367966,0.31117376685142517,"19,140,112,13,217","76,24,245,215,25",4:587:3|4:135:2|4:6:1
ckpt_300.pt,4,857,0.3276275098323822,0.059205636382102966,0.3089148998260498,"45,172,99,164,77","38,150,213,181,86",4:959:2|4:16:1|4:30:1
ckpt_300.pt,4,858,0.3292562961578369,0.06758448481559753,0.3094896376132965,"214,125,39,32,87","241,69,36,171,217",4:260:2|4:394:2|4:726:2
ckpt_300.pt,4,859,0.33058106899261475,0.05922776088118553,0.34648409485816956,"182,175,239,114,209","21,255,101,85,141",4:306:2|4:444:2|4:939:2
ckpt_300.pt,4,860,0.32327938079833984,0.057623788714408875,0.32372555136680603,"87,177,184,22,193","156,122,71,69,237",4:208:2|4:810:2|4:875:2
ckpt_300.pt,4,861,0.33263856172561646,0.060556791722774506,0.3151276111602783,"166,115,119,47,206","190,240,238,167,64",4:90:2|4:589:2|4:608:2
ckpt_300.pt,4,862,0.34147948026657104,0.061818744987249374,0.3291303217411041,"131,48,20,245,141","57,25,165,209,12",4:568:2|4:693:2|4:8:1
ckpt_300.pt,4,863,0.3345393240451813,0.06106279417872429,0.3304395079612732,"10,240,198,45,184","77,168,157,71,25",4:156:2|4:157:2|4:348:2
ckpt_300.pt,4,864,0.32198745012283325,0.0729522556066513,0.3418358266353607,"5,41,133,172,136","151,61,237,154,125",4:617:2|4:931:2|4:13:1
ckpt_300.pt,4,865,0.32562968134880066,0.054464563727378845,0.32473090291023254,"216,61,237,77,49","124,31,183,176,76",4:183:2|4:752:2|4:10:1
ckpt_300.pt,4,866,0.3544366657733917,0.07060346007347107,0.3469174802303314,"161,191,148,216,209","104,254,86,114,131",4:126:2|4:989:2|4:1017:2
ckpt_300.pt,4,867,0.34558889269828796,0.061209313571453094,0.33801209926605225,"155,23,24,18,237","112,71,83,152,76",4:119:2|4:184:2|4:334:2
ckpt_300.pt,4,868,0.37951889634132385,0.08611190319061279,0.3122280538082123,"175,9,167,4,83","32,209,131,102,167",4:423:2|4:21:1|4:23:1
ckpt_300.pt,4,869,0.34546127915382385,0.05797029286623001,0.31776028871536255,"200,42,21,46,38","121,62,110,76,174",4:172:2|4:763:2|4:13:1
ckpt_300.pt,4,870,0.33173948526382446,0.05715666338801384,0.3342965245246887,"237,173,249,241,5","214,83,37,185,207",4:201:2|4:414:2|4:968:2
ckpt_300.pt,4,871,0.32392802834510803,0.058791324496269226,0.3712030053138733,"82,228,147,1,55","11,65,39,234,62",4:474:2|4:1:1|4:31:1
ckpt_300.pt,4,872,0.3208848536014557,0.07054682075977325,0.3455941081047058,"194,108,114,225,98","159,54,14,211,186",4:43:2|4:427:2|4:902:2
ckpt_300.pt,4,873,0.3363359272480011,0.06465115398168564,0.33247965574264526,"140,110,222,255,55","75,35,207,105,139",4:474:2|4:9:1|4:22:1
ckpt_300.pt,4,874,0.37826821208000183,0.06895853579044342,0.32569175958633423,"22,27,234,156,181","65,68,89,152,151",4:227:2|4:5:1|4:11:1
ckpt_300.pt,4,875,0.330423504114151,0.06014855206012726,0.3472423255443573,"193,45,39,184,124","207,215,24,90,64",4:178:2|4:860:2|4:863:2
ckpt_300.pt,4,876,0.3587857186794281,0.06614360213279724,0.3160160183906555,"133,23,159,105,17","65,165,172,54,152",4:492:2|4:5:1|4:13:1
ckpt_300.pt,4,877,0.33906489610671997,0.06330661475658417,0.316590279340744,"128,43,21,112,71","172,120,151,97,44",4:292:2|4:700:2|4:973:2
ckpt_300.pt,4,878,0.3410148024559021,0.06277404725551605,0.3421761095523834,"70,49,200,127,140","101,13,223,185,58",4:504:2|4:558:2|4:763:2
ckpt_300.pt,4,879,0.329796701669693,0.06326957046985626,0.34052062034606934,"170,172,242,156,236","23,221,193,13,53",4:148:2|4:262:2|4:673:2
ckpt_300.pt,4,880,0.3308311104774475,0.06398939341306686,0.3493732511997223,"155,24,43,6,13","7,41,179,85,213",4:279:2|4:282:2|4:834:2
ckpt_300.pt,4,881,0.339681476354599,0.07005070894956589,0.31553488969802856,"27,150,80,182,84","205,187,243,36,25",4:61:2|4:107:2|4:305:2
ckpt_300.pt,4,882,0.3365248441696167,0.05073552578687668,0.29693910479545593,"169,19,117,6,250","51,54,48,82,59",4:19:2|4:624:2|4:736:2
ckpt_300.pt,4,883,0.35177960991859436,0.06750156730413437,0.3257943391799927,"140,150,237,229,234","11,42,170,1,81",4:334:2|4:585:2|4:622:2
ckpt_300.pt,4,884,0.33905425667762756,0.0696636214852333,0.35960227251052856,"25,108,18,181,123","202,241,12,247,225",4:1006:2|4:0:1|4:5:1
ckpt_300.pt,4,885,0.29959210753440857,0.06506737321615219,0.33190473914146423,"38,122,176,49,47","75,110,51,64,189",4:67:2|4:250:2|4:737:2
ckpt_300.pt,4,886,0.3583807945251465,0.06565070897340775,0.34154337644577026,"118,66,30,61,252","24,73,162,229,124",4:583:2|4:666:2|4:1:1
ckpt_300.pt,4,887,0.35728222131729126,0.06301634013652802,0.3538728356361389,"155,129,201,81,213","225,136,113,146,201",4:147:2|4:380:2|4:7:1
ckpt_300.pt,4,888,0.3436988890171051,0.05619107931852341,0.3175247609615326,"69,40,244,176,172","195,74,245,80,184",4:111:2|4:250:2|4:1:1
ckpt_300.pt,4,889,0.32542869448661804,0.058675240725278854,0.35104885697364807,"58,225,36,222,129","18,104,10,83,231",4:12:2|4:196:2|4:233:2
ckpt_300.pt,4,890,0.365095317363739,0.07534923404455185,0.35155194997787476,"70,54,53,173,37","110,169,203,162,168",4:1:1|4:2:1|4:10:1
ckpt_300.pt,4,891,0.30776306986808777,0.05184950679540634,0.3471083343029022,"202,3,131,10,116","35,172,117,159,229",4:49:2|4:238:2|4:552:2
ckpt_300.pt,4,892,0.3253839910030365,0.06316985934972763,0.3199140429496765,"223,85,31,177,8","156,54,85,22,104",4:310:2|4:396:2|4:21:1
ckpt_300.pt,4,893,0.32146310806274414,0.058230411261320114,0.3323931097984314,"108,224,99,74,70","7,24,88,17,77",4:558:2|4:3:1|4:16:1
ckpt_300.pt,4,894,0.3531591296195984,0.07719585299491882,0.311939537525177,"156,100,149,94,243","159,109,7,201,1",4:561:2|4:567:2|4:1007:2
ckpt_300.pt,4,895,0.3344458341598511,0.07554970681667328,0.303838312625885,"201,209,96,243,196","213,186,52,1,155",4:102:2|4:584:2|4:7:1
ckpt_300.pt,4,896,0.3605579137802124,0.06519927829504013,0.3125971555709839,"171,180,187,183,217","9,29,73,201,226",4:202:2|4:304:2|4:480:2
ckpt_300.pt,4,897,0.33577653765678406,0.07721716165542603,0.35519668459892273,"105,65,10,240,96","227,143,202,79,70",4:280:2|4:307:2|4:605:2
ckpt_300.pt,4,898,0.33995136618614197,0.07613621652126312,0.28579574823379517,"204,221,21,161,33","225,145,116,139,43",4:144:2|4:194:2|4:259:2
ckpt_300.pt,4,899,0.3255472779273987,0.06531962007284164,0.3060482144355774,"171,95,178,151,250","7,231,227,196,71",4:665:2|4:0:1|4:9:1
ckpt_300.pt,4,900,0.31060364842414856,0.06302027404308319,0.30926191806793213,"178,26,186,2,159","12,57,93,33,6",4:17:2|4:127:2|4:383:2
ckpt_300.pt,4,901,0.31874969601631165,0.07894181460142136,0.3473590612411499,"21,238,125,2,168","8,34,196,204,213",4:346:2|4:442:2|4:711:2
ckpt_300.pt,4,902,0.3150677978992462,0.06088782101869583,0.31464409828186035,"38,195,98,233,225","54,202,176,157,209",4:117:2|4:616:2|4:664:2
ckpt_300.pt,4,903,0.3479001522064209,0.07004493474960327,0.33750200271606445,"34,2,71,14,233","129,136,28,128,124",4:239:2|4:4:1|4:19:1
ckpt_300.pt,4,904,0.37029004096984863,0.07724154740571976,0.3291723132133484,"30,154,193,186,216","181,238,103,35,14",4:174:2|4:624:2|4:729:2
ckpt_300.pt,4,905,0.3285553455352783,0.06335098296403885,0.323808491230011,"98,146,127,239,5","128,66,19,130,109",4:73:2|4:99:2|4:149:2
ckpt_300.pt,4,906,0.3514489531517029,0.05527573823928833,0.3257999122142792,"6,35,85,20,231","227,166,97,141,134",4:183:2|4:257:2|4:479:2
ckpt_300.pt,4,907,0.30189117789268494,0.049452025443315506,0.360554963350296,"102,142,241,86,209","232,16,180,67,109",4:532:2|4:22:1|4:39:1
ckpt_300.pt,4,908,0.320086270570755,0.06463032960891724,0.30821332335472107,"233,144,109,73,96","95,186,233,138,68",4:7:1|4:13:1|4:38:1
ckpt_300.pt,4,909,0.34498655796051025,0.06232130154967308,0.3197994828224182,"225,135,170,167,211","167,114,250,142,155",4:159:3|4:233:2|4:319:2
ckpt_300.pt,4,910,0.3366222083568573,0.06018640846014023,0.3375094532966614,"179,95,152,50,134","23,138,71,134,160",4:210:2|4:517:2|4:4:1
ckpt_300.pt,4,911,0.3203493356704712,0.06570998579263687,0.3568159341812134,"235,81,251,154,91","206,213,172,168,235",4:54:2|4:8:1|4:9:1
ckpt_300.pt,4,912,0.31176167726516724,0.06523306667804718,0.3112117350101471,"124,158,22,238,216","60,156,168,21,86",4:166:2|4:291:2|4:11:1
ckpt_300.pt,4,913,0.33222633600234985,0.05719073489308357,0.3086303472518921,"167,24,180,96,78","103,6,114,227,223",4:57:2|4:489:2|4:596:2
ckpt_300.pt,4,914,0.29800698161125183,0.05441856384277344,0.33226269483566284,"196,111,236,225,47","25,81,43,0,231",4:102:2|4:664:2|4:715:2
ckpt_300.pt,4,915,0.3060528337955475,0.06068769469857216,0.31783029437065125,"95,69,29,255,0","181,244,21,227,226",4:53:2|4:1000:2|4:11:1
ckpt_300.pt,4,916,0.34480714797973633,0.06984827667474747,0.3227342963218689,"71,248,23,234,122","120,33,23,250,234",4:72:2|4:97:2|4:566:2
ckpt_300.pt,4,917,0.3125964403152466,0.07742127776145935,0.34116536378860474,"46,166,52,234,55","5,254,206,193,242",4:150:2|4:428:2|4:524:2
ckpt_300.pt,4,918,0.33210745453834534,0.06205836310982704,0.32792040705680847,"143,45,219,194,148","78,227,196,64,204",4:126:2|4:317:2|4:427:2
ckpt_300.pt,4,919,0.3331511318683624,0.07090369611978531,0.31697651743888855,"198,154,100,189,2","215,173,19,161,242",4:3:2|4:4:2|4:203:2
ckpt_300.pt,4,920,0.3520824611186981,0.06931231170892715,0.3414917588233948,"22,215,79,244,184","39,103,113,169,56",4:229:2|4:458:2|4:860:2
ckpt_300.pt,4,921,0.34297603368759155,0.09459689259529114,0.3345806300640106,"108,184,228,146,100","52,62,119,84,134",4:935:3|4:641:2|4:705:2
ckpt_300.pt,4,922,0.3444400429725647,0.061854638159275055,0.3286864757537842,"123,111,138,145,65","3,122,96,58,26",4:412:2|4:633:2|4:0:1
ckpt_300.pt,4,923,0.3477007746696472,0.07386733591556549,0.33484891057014465,"191,66,32,189,195","91,207,162,238,146",4:48:2|4:539:2|4:694:2
ckpt_300.pt,4,924,0.35352128744125366,0.059326618909835815,0.3075396716594696,"161,97,61,231,86","144,177,26,238,110",4:523:2|4:635:2|4:10:1
ckpt_300.pt,4,925,0.4048597812652588,0.09034683555364609,0.33941787481307983,"143,109,166,204,36","30,48,210,58,25",4:226:2|4:927:2|4:955:2
ckpt_300.pt,4,926,0.31396910548210144,0.06336570531129837,0.32422152161598206,"157,74,239,27,193","162,241,211,199,220",4:149:2|4:703:2|4:956:2
ckpt_300.pt,4,927,0.3216216266155243,0.06390046328306198,0.3415248394012451,"252,254,96,143,36","74,196,51,149,136",4:108:2|4:256:2|4:454:2
ckpt_300.pt,4,928,0.33005306124687195,0.06165342777967453,0.3168678879737854,"184,57,19,192,180","87,131,162,96,120",4:11:2|4:15:2|4:71:2
ckpt_300.pt,4,929,0.32685616612434387,0.07613871991634369,0.3387935161590576,"158,0,234,202,78","105,183,245,211,60",4:17:2|4:405:2|4:981:2
ckpt_300.pt,4,930,0.31190115213394165,0.07392850518226624,0.331512987613678,"155,16,222,114,184","86,28,56,254,140",4:939:2|4:7:1|4:40:1
ckpt_300.pt,4,931,0.30975341796875,0.05484481528401375,0.3305719196796417,"133,119,99,194,5","65,225,190,135,105",4:188:2|4:358:2|4:864:2
ckpt_300.pt,4,932,0.35303014516830444,0.0814686119556427,0.32413342595100403,"196,236,52,178,129","2,209,167,183,6",4:914:2|4:17:1|4:19:1
ckpt_300.pt,4,933,0.34513089060783386,0.06961590051651001,0.35799840092658997,"208,142,120,58,255","248,224,190,246,214",4:7:1|4:9:1|4:25:1
ckpt_300.pt,4,934,0.3440974950790405,0.0642385333776474,0.32987648248672485,"161,241,126,17,122","196,122,208,36,51",4:760:2|4:839:2|4:23:1
ckpt_300.pt,4,935,0.33307093381881714,0.05946671590209007,0.30589213967323303,"228,184,20,100,208","84,50,76,183,136",4:921:3|4:146:2|4:215:2
ckpt_300.pt,4,936,0.3626808524131775,0.06652531027793884,0.3376619815826416,"50,218,130,254,236","97,156,167,251,207",4:397:2|4:983:2|4:6:1
ckpt_300.pt,4,937,0.3327636420726776,0.056268855929374695,0.34094610810279846,"200,119,145,219,188","187,20,122,169,177",4:25:2|4:68:2|4:172:2
ckpt_300.pt,4,938,0.3467217981815338,0.08201134204864502,0.32451844215393066,"96,5,149,244,178","30,109,139,240,190",4:645:2|4:17:1|4:23:1
ckpt_300.pt,4,939,0.342648446559906,0.055770184844732285,0.3157793879508972,"182,144,222,175,16","227,237,145,116,187",4:88:2|4:286:2|4:354:2
ckpt_300.pt,4,940,0.34395989775657654,0.05793788284063339,0.3359440565109253,"182,167,215,81,126","222,195,86,221,194",4:47:2|4:306:2|4:458:2
ckpt_300.pt,4,941,0.33110055327415466,0.06333301216363907,0.307372510433197,"251,11,26,114,204","70,221,139,128,197",4:52:2|4:372:2|4:1:1
ckpt_300.pt,4,942,0.3188415765762329,0.050834596157073975,0.3278519809246063,"28,177,166,4,224","57,222,148,72,242",4:332:2|4:665:2|4:804:2
ckpt_300.pt,4,943,0.3173452913761139,0.06787513196468353,0.34166455268859863,"36,21,237,141,84","194,101,184,51,83",4:185:2|4:519:2|4:772:2
ckpt_300.pt,4,944,0.34867343306541443,0.08101201057434082,0.3623702824115753,"66,68,147,187,108","195,158,125,79,136",4:480:2|4:8:1|4:31:1
ckpt_300.pt,4,945,0.30933934450149536,0.06446004658937454,0.3469164967536926,"205,179,130,150,4","178,227,210,139,172",4:55:2|4:103:2|4:318:2
ckpt_300.pt,4,946,0.32687655091285706,0.05846957489848137,0.3437831699848175,"94,241,147,190,99","26,6,42,70,213",4:243:2|4:370:2|4:486:2
ckpt_300.pt,4,947,0.33278924226760864,0.07251033186912537,0.32767030596733093,"151,196,242,106,90","125,192,1,72,120",4:54:2|4:235:2|4:421:2
ckpt_300.pt,4,948,0.3674882650375366,0.07316485792398453,0.3394503593444824,"211,130,132,117,161","194,180,108,46,203",4:465:2|4:5:1|4:15:1
ckpt_300.pt,4,949,0.3497231900691986,0.06288313120603561,0.3263106942176819,"252,104,16,193,94","171,188,34,210,101",4:1:1|4:2:1|4:4:1
ckpt_300.pt,4,950,0.32674849033355713,0.05627095326781273,0.342367023229599,"155,157,57,22,179","200,222,33,39,147",4:11:2|4:393:2|4:452:2
ckpt_300.pt,4,951,0.3809709846973419,0.06082263961434364,0.3568716049194336,"89,178,188,50,17","21,87,89,14,164",4:506:2|4:6:1|4:17:1
ckpt_300.pt,4,952,0.3357795178890228,0.06610321253538132,0.30596497654914856,"204,231,35,192,149","175,201,51,92,142",4:713:2|4:777:2|4:906:2
ckpt_300.pt,4,953,0.33190804719924927,0.07016013562679291,0.3243630528450012,"104,161,197,205,163","5,230,103,203,14",4:661:2|4:673:2|4:806:2
ckpt_300.pt,4,954,0.34460753202438354,0.05611420422792435,0.325735867023468,"60,240,209,119,28","172,244,201,65,143",4:321:2|4:989:2|4:8:1
ckpt_300.pt,4,955,0.34932848811149597,0.060308922082185745,0.3335139751434326,"109,36,195,140,47","251,103,235,108,138",4:22:3|4:385:2|4:853:2
ckpt_300.pt,4,956,0.3040850758552551,0.053395312279462814,0.3431761562824249,"170,10,74,97,239","87,14,146,3,145",4:28:2|4:149:2|4:344:2
ckpt_300.pt,4,957,0.3400111198425293,0.0641535222530365,0.3099178075790405,"181,158,134,222,93","128,64,71,225,197",4:778:2|4:790:2|4:5:1
ckpt_300.pt,4,958,0.30725252628326416,0.06296902149915695,0.30726808309555054,"190,25,9,60,205","105,161,71,9,125",4:353:2|4:0:1|4:8:1
ckpt_300.pt,4,959,0.31744492053985596,0.06267305463552475,0.3261730968952179,"204,77,80,172,24","70,209,233,197,21",4:685:2|4:857:2|4:16:1
ckpt_300.pt,4,960,0.32982137799263,0.06370438635349274,0.3301779329776764,"247,100,164,182,98","125,127,106,236,187",4:305:2|4:3:1|4:5:1
ckpt_300.pt,4,961,0.34800586104393005,0.0693148523569107,0.3275480568408966,"13,47,154,227,210","210,190,25,94,100",4:54:2|4:668:2|4:8:1
ckpt_300.pt,4,962,0.3312475383281708,0.06030570715665817,0.32453611493110657,"236,45,36,187,32","9,109,244,108,31",4:394:2|4:12:1|4:14:1
ckpt_300.pt,4,963,0.3400994539260864,0.07475196570158005,0.3095588684082031,"250,211,13,23,224","145,223,68,146,33",4:19:2|4:5:1|4:38:1
ckpt_300.pt,4,964,0.32890942692756653,0.0602499358355999,0.3380681276321411,"65,210,170,157,27","10,177,54,55,6",4:527:2|4:612:2|4:770:2
ckpt_300.pt,4,965,0.3558655083179474,0.0653715655207634,0.34436264634132385,"84,172,122,157,56","50,21,151,9,182",4:30:2|4:273:2|4:389:2
ckpt_300.pt,4,966,0.339567095041275,0.06720991432666779,0.3349049389362335,"233,54,48,82,198","49,75,11,226,128",4:455:2|4:709:2|4:1:1
ckpt_300.pt,4,967,0.3447778820991516,0.06287893652915955,0.3452991843223572,"174,136,225,87,235","100,26,196,93,8",4:137:2|4:208:2|4:223:2
ckpt_300.pt,4,968,0.3383634388446808,0.06465980410575867,0.3299669027328491,"249,223,38,173,36","137,70,46,110,135",4:95:2|4:106:2|4:870:2
ckpt_300.pt,4,969,0.33963343501091003,0.0675698071718216,0.35066676139831543,"102,109,245,225,41","14,38,52,41,142",4:531:2|4:791:2|4:1005:2
ckpt_300.pt,4,970,0.32275593280792236,0.053171250969171524,0.329639732837677,"238,185,111,106,79","219,231,134,113,205",4:104:2|4:440:2|4:974:2
ckpt_300.pt,4,971,0.33195239305496216,0.06018481403589249,0.32538968324661255,"209,205,214,38,82","202,186,249,81,106",4:124:2|4:133:2|4:576:2
ckpt_300.pt,4,972,0.325271338224411,0.05637183412909508,0.3310462236404419,"175,207,142,134,229","128,102,60,110,27",4:794:2|4:4:1|4:21:1
ckpt_300.pt,4,973,0.3227471709251404,0.061127569526433945,0.32634639739990234,"77,112,249,43,76","181,168,74,160,95",4:464:2|4:579:2|4:700:2
ckpt_300.pt,4,974,0.33370596170425415,0.07590807229280472,0.3083207309246063,"185,79,126,204,225","169,219,224,42,57",4:849:2|4:970:2|4:3:1
ckpt_300.pt,4,975,0.33568793535232544,0.055315129458904266,0.32655131816864014,"12,91,90,9,89","80,50,202,244,186",4:236:2|4:456:2|4:551:2
ckpt_300.pt,4,976,0.33663979172706604,0.06546270102262497,0.3308514356613159,"199,15,131,135,69","15,108,173,71,74",4:223:2|4:2:1|4:14:1
ckpt_300.pt,4,977,0.32494068145751953,0.06610668450593948,0.3137257695198059,"118,246,140,93,115","163,34,207,232,197",4:457:2|4:650:2|4:18:1
ckpt_300.pt,4,978,0.32194188237190247,0.0834100991487503,0.30800172686576843,"93,103,1,164,149","64,51,157,210,175",4:121:2|4:840:2|4:980:2
ckpt_300.pt,4,979,0.34356844425201416,0.06849821656942368,0.31015127897262573,"133,109,223,67,212","91,249,108,203,88",4:387:2|4:10:1|4:13:1
ckpt_300.pt,4,980,0.3387162685394287,0.06030552461743355,0.32519248127937317,"93,55,103,175,10","200,58,33,165,122",4:112:2|4:150:2|4:978:2
ckpt_300.pt,4,981,0.35990220308303833,0.06671246141195297,0.33793309330940247,"185,158,78,143,20","137,251,96,224,186",4:278:2|4:379:2|4:447:2
ckpt_300.pt,4,982,0.30605751276016235,0.05763576179742813,0.3071880638599396,"59,52,16,188,58","75,149,203,187,43",4:25:2|4:98:2|4:105:2
ckpt_300.pt,4,983,0.33033496141433716,0.059958238154649734,0.30915194749832153,"167,218,239,2,130","69,73,96,79,212",4:553:2|4:936:2|4:4:1
ckpt_300.pt,4,984,0.36786162853240967,0.05977931618690491,0.3294983506202698,"41,219,247,62,145","77,40,233,254,156",4:68:2|4:937:2|4:0:1
ckpt_300.pt,4,985,0.3486420512199402,0.06205355376005173,0.3181396722793579,"39,5,252,167,22","143,79,32,118,242",4:80:3|4:1:1|4:11:1
ckpt_300.pt,4,986,0.32492750883102417,0.052286989986896515,0.3426418900489807,"125,130,48,145,29","150,26,156,203,189",4:8:2|4:461:2|4:0:1
ckpt_300.pt,4,987,0.355317085981369,0.06697629392147064,0.30832457542419434,"114,55,230,245,104","56,95,136,81,12",4:303:2|4:2:1|4:20:1
ckpt_300.pt,4,988,0.35837244987487793,0.06279654800891876,0.3335142731666565,"134,136,18,43,221","193,194,86,115,74",4:131:2|4:184:2|4:350:2
ckpt_300.pt,4,989,0.32264745235443115,0.051263708621263504,0.33523380756378174,"191,209,87,60,151","43,196,105,74,215",4:866:2|4:954:2|4:0:1
ckpt_300.pt,4,990,0.3579091429710388,0.06125589832663536,0.29269278049468994,"119,239,138,214,217","206,56,190,237,55",4:248:2|4:367:2|4:33:1
ckpt_300.pt,4,991,0.3368419408798218,0.06548511236906052,0.3283029794692993,"27,49,58,177,229","117,114,184,120,76",4:378:2|4:575:2|4:690:2
ckpt_300.pt,4,992,0.32356753945350647,0.06629262864589691,0.3655717968940735,"114,159,51,162,8","76,141,13,115,66",4:65:2|4:383:2|4:660:2
ckpt_300.pt,4,993,0.34139037132263184,0.06384431570768356,0.2995727062225342,"7,135,4,37,42","157,12,70,161,179",4:233:2|4:277:2|4:570:2
ckpt_300.pt,4,994,0.3566206395626068,0.07994814962148666,0.34770023822784424,"16,234,206,169,182","89,100,69,243,165",4:32:2|4:88:2|4:306:2
ckpt_300.pt,4,995,0.32393547892570496,0.06560854613780975,0.3330109715461731,"18,21,13,45,5","110,213,55,20,85",4:116:2|4:366:2|4:31:1
ckpt_300.pt,4,996,0.3189533054828644,0.049959972500801086,0.35477086901664734,"147,43,192,224,176","12,163,154,96,118",4:258:2|4:453:2|4:1:1
ckpt_300.pt,4,997,0.3501935303211212,0.06325669586658478,0.3394308090209961,"155,119,11,111,100","86,147,105,201,33",4:271:2|4:289:2|4:1:1
ckpt_300.pt,4,998,0.343357115983963,0.05861750245094299,0.33738020062446594,"126,35,195,198,28","189,17,62,208,23",4:2:1|4:4:1|4:22:1
ckpt_300.pt,4,999,0.35460132360458374,0.06919506937265396,0.354464054107666,"127,137,223,56,143","141,27,162,124,42",4:47:3|4:81:2|4:130:2
ckpt_300.pt,4,1000,0.3348177373409271,0.06223424896597862,0.33550429344177246,"0,95,83,198,208","214,88,113,182,46",4:87:2|4:521:2|4:690:2
ckpt_300.pt,4,1001,0.31936413049697876,0.05759381502866745,0.3337855339050293,"51,228,2,12,165","214,251,60,28,159",4:192:2|4:4:1|4:6:1
ckpt_300.pt,4,1002,0.317790687084198,0.05457402393221855,0.3154006600379944,"153,151,234,192,48","226,15,204,36,28",4:94:2|4:363:2|4:0:1
ckpt_300.pt,4,1003,0.3464120924472809,0.09320107847452164,0.3248089551925659,"58,98,155,237,198","7,139,126,170,20",4:386:2|4:505:2|4:562:2
ckpt_300.pt,4,1004,0.32684457302093506,0.06570573896169662,0.3576587736606598,"93,185,80,85,208","47,134,4,111,80",4:292:2|4:313:2|4:778:2
ckpt_300.pt,4,1005,0.30500319600105286,0.05256882309913635,0.32674485445022583,"24,102,194,9,41","116,93,67,214,139",4:195:2|4:531:2|4:969:2
ckpt_300.pt,4,1006,0.3258427679538727,0.07487267255783081,0.3461795747280121,"181,101,123,204,104","80,128,222,213,186",4:64:2|4:884:2|4:2:1
ckpt_300.pt,4,1007,0.3551701009273529,0.06717187166213989,0.3430137038230896,"94,243,148,142,223","227,138,23,92,13",4:561:2|4:681:2|4:894:2
ckpt_300.pt,4,1008,0.3333972990512848,0.06477194279432297,0.32067573070526123,"37,163,41,129,86","21,54,243,200,127",4:686:2|4:1:1|4:2:1
ckpt_300.pt,4,1009,0.30589035153388977,0.05784290283918381,0.3448948860168457,"239,81,215,205,132","241,80,65,201,63",4:171:2|4:458:2|4:649:2
ckpt_300.pt,4,1010,0.30564776062965393,0.06721535325050354,0.31776055693626404,"58,221,217,34,183","114,43,159,238,75",4:896:2|4:7:1|4:9:1
ckpt_300.pt,4,1011,0.37764084339141846,0.07597268372774124,0.33569037914276123,"90,56,194,179,209","198,250,124,68,236",4:81:2|4:261:2|4:2:1
ckpt_300.pt,4,1012,0.35444900393486023,0.0735335573554039,0.3179566562175751,"115,147,229,11,59","238,242,225,52,245",4:206:2|4:323:2|4:1:1
ckpt_300.pt,4,1013,0.32181328535079956,0.06003233417868614,0.3267299234867096,"79,181,26,54,205","80,68,17,255,173",4:532:2|4:742:2|4:3:1
ckpt_300.pt,4,1014,0.3222147822380066,0.062494754791259766,0.31389525532722473,"211,90,198,226,182","4,44,47,178,128",4:5:2|4:305:2|4:342:2
ckpt_300.pt,4,1015,0.3203810453414917,0.049781717360019684,0.3121267557144165,"188,3,47,98,232","160,139,0,207,236",4:67:2|4:142:2|4:386:2
ckpt_300.pt,4,1016,0.30215731263160706,0.053744155913591385,0.30597034096717834,"45,88,237,68,52","1,187,36,191,220",4:197:2|4:325:2|4:473:2
ckpt_300.pt,4,1017,0.3457375466823578,0.07399445027112961,0.34821152687072754,"217,20,161,139,148","189,95,76,82,128",4:126:2|4:309:2|4:806:2
ckpt_300.pt,4,1018,0.33331498503685,0.06927404552698135,0.3373223841190338,"51,144,39,234,47","6,121,144,150,175",4:67:2|4:259:2|4:286:2
ckpt_300.pt,4,1019,0.33624467253685,0.0666269063949585,0.35198578238487244,"3,31,11,17,64","171,248,99,71,69",4:75:2|4:741:2|4:771:2
ckpt_300.pt,4,1020,0.3296355903148651,0.05993213504552841,0.3259406089782715,"139,112,45,14,194","35,251,211,83,201",4:317:3|4:31:2|4:191:2
ckpt_300.pt,4,1021,0.3089810013771057,0.058688387274742126,0.3245905637741089,"1,245,39,112,237","133,242,217,105,215",4:241:2|4:302:2|4:723:2
ckpt_300.pt,4,1022,0.32717400789260864,0.05760263279080391,0.34813734889030457,"219,141,125,58,201","135,82,11,233,199",4:7:2|4:270:2|4:337:2
ckpt_300.pt,4,1023,0.31505391001701355,0.07073139399290085,0.3421844244003296,"94,152,121,40,190","92,35,84,115,45",4:4:2|4:57:2|4:241:2
ckpt_300.pt,5,0,0.3405437171459198,0.0578438825905323,0.3179413676261902,"87,108,249,156,174","234,42,153,10,7",5:380:2|5:798:2|5:3:1
ckpt_300.pt,5,1,0.327687531709671,0.07697845250368118,0.3109186291694641,"102,142,45,211,130","106,21,6,12,68",5:507:2|5:726:2|5:11:1
ckpt_300.pt,5,2,0.3444116711616516,0.05980074405670166,0.33194994926452637,"107,12,149,144,155","182,90,206,112,11",5:169:2|5:325:2|5:369:2
ckpt_300.pt,5,3,0.33689627051353455,0.06217268854379654,0.326886385679245,"215,177,191,202,87","74,164,213,203,190",5:240:2|5:757:2|5:893:2
ckpt_300.pt,5,4,0.3211120367050171,0.06308551132678986,0.3087972402572632,"55,18,209,183,231","153,174,38,28,117",5:417:2|5:598:2|5:763:2
ckpt_300.pt,5,5,0.30240410566329956,0.05309228599071503,0.32341039180755615,"40,78,246,84,157","58,115,128,7,192",5:320:2|5:371:2|5:448:2
ckpt_300.pt,5,6,0.3031725287437439,0.060354653745889664,0.30879098176956177,"117,218,4,173,32","210,115,113,0,73",5:468:2|5:519:2|5:685:2
ckpt_300.pt,5,7,0.3331713378429413,0.059982944279909134,0.3338611125946045,"126,219,12,197,39","69,39,161,101,78",5:90:2|5:262:2|5:977:2
ckpt_300.pt,5,8,0.3204036355018616,0.053158484399318695,0.3282129168510437,"62,150,255,155,222","6,154,78,195,100",5:215:3|5:230:2|5:609:2
ckpt_300.pt,5,9,0.3164636790752411,0.06802541017532349,0.3295782208442688,"84,94,218,88,171","14,164,148,192,62",5:92:2|5:161:2|5:486:2
ckpt_300.pt,5,10,0.3657850921154022,0.0759919136762619,0.32624468207359314,"48,103,104,61,67","232,207,85,93,114",5:307:2|5:384:2|5:803:2
ckpt_300.pt,5,11,0.33692866563796997,0.05531756952404976,0.3272109627723694,"17,254,102,235,223","189,234,150,131,173",5:603:2|5:693:2|5:1:1
ckpt_300.pt,5,12,0.3080051839351654,0.05290776491165161,0.34241947531700134,"119,103,254,77,219","63,131,128,81,108",5:184:2|5:446:2|5:576:2
ckpt_300.pt,5,13,0.3254171311855316,0.06120448559522629,0.3201833963394165,"18,244,190,128,104","44,116,250,141,34",5:15:2|5:674:2|5:756:2
ckpt_300.pt,5,14,0.32748305797576904,0.06493327021598816,0.3041689693927765,"59,80,5,224,23","123,182,117,215,174",5:182:2|5:435:2|5:786:2
ckpt_300.pt,5,15,0.3323507010936737,0.06749621778726578,0.339905709028244,"18,137,215,190,98","151,116,201,152,134",5:13:2|5:471:2|5:582:2
ckpt_300.pt,5,16,0.32201799750328064,0.06984218955039978,0.3296915292739868,"134,112,79,84,75","249,145,50,15,165",5:432:2|5:676:2|5:836:2
ckpt_300.pt,5,17,0.32188302278518677,0.056967366486787796,0.3503345251083374,"249,5,32,139,154","1,239,176,129,25",5:653:2|5:885:2|5:1003:2
ckpt_300.pt,5,18,0.35753318667411804,0.07570355385541916,0.3139614164829254,"217,127,156,232,182","106,161,19,97,143",5:789:2|5:0:1|5:24:1
ckpt_300.pt,5,19,0.31082263588905334,0.05417242646217346,0.31575682759284973,"204,203,27,253,255","242,118,20,25,53",5:813:3|5:89:2|5:8:1
ckpt_300.pt,5,20,0.32763639092445374,0.05465788394212723,0.3375624120235443,"157,117,42,116,238","28,32,110,241,123",5:227:2|5:555:2|5:625:2
ckpt_300.pt,5,21,0.32998135685920715,0.07571300119161606,0.3173638880252838,"84,231,49,251,165","61,237,63,183,168",5:117:2|5:713:2|5:4:1
ckpt_300.pt,5,22,0.33396202325820923,0.061070140451192856,0.3199383020401001,"5,86,44,113,128","109,224,237,190,126",5:374:2|5:378:2|5:592:2
ckpt_300.pt,5,23,0.33779075741767883,0.06454265862703323,0.3080250024795532,"85,141,190,8,183","186,255,34,63,0",5:29:2|5:4:1|5:13:1
ckpt_300.pt,5,24,0.38214147090911865,0.07621413469314575,0.321195513010025,"217,176,67,22,204","44,36,208,255,56",5:392:2|5:481:2|5:912:2
ckpt_300.pt,5,25,0.34221458435058594,0.05796417221426964,0.3189680576324463,"87,40,151,222,57","194,91,69,237,149",5:336:2|5:605:2|5:0:1
ckpt_300.pt,5,26,0.33098945021629333,0.052326347678899765,0.3254178464412689,"137,51,230,99,212","154,104,0,210,168",5:438:2|5:482:2|5:537:2
ckpt_300.pt,5,27,0.3270515501499176,0.0621931329369545,0.31984537839889526,"17,24,101,18,108","254,59,108,187,68",5:537:2|5:863:2|5:0:1
ckpt_300.pt,5,28,0.33059945702552795,0.07581248879432678,0.3149087429046631,"85,240,159,243,115","253,45,13,236,137",5:59:2|5:76:2|5:347:2
ckpt_300.pt,5,29,0.3271864950656891,0.0653083473443985,0.3380874991416931,"232,85,110,167,190","217,73,246,56,175",5:23:2|5:13:1|5:15:1
ckpt_300.pt,5,30,0.3224796950817108,0.07001807540655136,0.3054102063179016,"224,161,204,43,186","120,71,228,202,195",5:78:2|5:184:2|5:453:2
ckpt_300.pt,5,31,0.3355369567871094,0.059698641300201416,0.31071773171424866,"82,98,160,40,81","67,92,91,15,139",5:189:2|5:263:2|5:665:2
ckpt_300.pt,5,32,0.3415728211402893,0.0745033472776413,0.36142778396606445,"245,51,66,200,82","67,172,155,152,171",5:298:2|5:646:2|5:982:2
ckpt_300.pt,5,33,0.3305620849132538,0.06504208594560623,0.3004493713378906,"163,190,186,143,36","33,214,52,4,110",5:145:2|5:271:2|5:341:2
ckpt_300.pt,5,34,0.3271828591823578,0.0656580775976181,0.3174763321876526,"164,54,87,255,89","30,16,208,181,148",5:226:2|5:618:2|5:794:2
ckpt_300.pt,5,35,0.2945484519004822,0.0531475655734539,0.3596460223197937,"85,140,58,74,84","199,138,156,75,249",5:344:2|5:641:2|5:5:1
ckpt_300.pt,5,36,0.36185163259506226,0.06411492079496384,0.3441578447818756,"39,71,223,31,115","102,212,151,236,216",5:266:2|5:350:2|5:449:2
ckpt_300.pt,5,37,0.3053188621997833,0.07761213183403015,0.31975802779197693,"143,175,233,108,223","248,89,4,230,49",5:313:2|5:467:2|5:658:2
ckpt_300.pt,5,38,0.3321547508239746,0.06812092661857605,0.32291415333747864,"157,129,75,188,168","224,17,248,33,38",5:555:2|5:914:2|5:5:1
ckpt_300.pt,5,39,0.3437374234199524,0.06352774053812027,0.32945287227630615,"52,252,250,193,72","225,84,244,159,98",5:719:2|5:41:1|5:43:1
ckpt_300.pt,5,40,0.3380868136882782,0.07083726674318314,0.3385540246963501,"157,135,7,49,155","86,88,50,71,219",5:797:2|5:883:2|5:2:1
ckpt_300.pt,5,41,0.2955648601055145,0.048704542219638824,0.32236284017562866,"178,222,72,16,227","230,101,58,92,124",5:600:2|5:601:2|5:882:2
ckpt_300.pt,5,42,0.33405590057373047,0.05773802474141121,0.3249676525592804,"180,67,9,7,200","136,213,191,203,197",5:936:2|5:10:1|5:24:1
ckpt_300.pt,5,43,0.30456897616386414,0.05339817702770233,0.36115360260009766,"130,193,51,222,186","200,134,93,149,240",5:522:2|5:669:2|5:881:2
ckpt_300.pt,5,44,0.36367225646972656,0.06483026593923569,0.3070641756057739,"144,78,134,151,129","57,88,164,14,165",5:51:2|5:333:2|5:2:1
ckpt_300.pt,5,45,0.33220595121383667,0.06226374953985214,0.3031519055366516,"161,218,15,51,255","92,206,233,64,37",5:501:2|5:6:1|5:8:1
ckpt_300.pt,5,46,0.34665629267692566,0.06316465884447098,0.3313978910446167,"181,195,56,118,127","206,125,139,178,105",5:71:2|5:143:2|5:524:2
ckpt_300.pt,5,47,0.3286779522895813,0.06948578357696533,0.33845216035842896,"195,17,54,199,237","200,34,96,117,17",5:154:2|5:509:2|5:566:2
ckpt_300.pt,5,48,0.3288742005825043,0.06512976437807083,0.32387518882751465,"75,86,21,227,254","223,20,69,73,147",5:541:2|5:802:2|5:11:1
ckpt_300.pt,5,49,0.3352189362049103,0.06373053044080734,0.3168538808822632,"150,86,153,118,174","205,150,0,5,46",5:216:2|5:483:2|5:0:1
ckpt_300.pt,5,50,0.31007853150367737,0.04952989146113396,0.3035537600517273,"70,188,175,85,25","88,218,183,225,165",5:372:2|5:900:2|5:23:1
ckpt_300.pt,5,51,0.316872775554657,0.05272930487990379,0.3228047788143158,"25,172,134,206,144","9,52,69,170,244",5:44:2|5:230:2|5:372:2
ckpt_300.pt,5,52,0.3079705536365509,0.055081821978092194,0.3417299687862396,"29,88,117,133,119","161,221,233,79,109",5:468:2|5:712:2|5:974:2
ckpt_300.pt,5,53,0.33691293001174927,0.05965884402394295,0.3436114192008972,"221,12,179,55,78","219,92,25,7,10",5:153:2|5:840:2|5:2:1
ckpt_300.pt,5,54,0.31480446457862854,0.07035936415195465,0.3419240713119507,"208,66,114,247,226","182,54,204,249,208",5:111:2|5:155:2|5:332:2
ckpt_300.pt,5,55,0.3107956349849701,0.05615784227848053,0.3070484399795532,"127,57,213,41,97","13,35,26,238,9",5:330:2|5:524:2|5:785:2
ckpt_300.pt,5,56,0.33568713068962097,0.06341555714607239,0.3259807229042053,"24,78,117,53,136","23,255,197,149,225",5:236:2|5:291:2|5:424:2
ckpt_300.pt,5,57,0.30949029326438904,0.05725569650530815,0.32124581933021545,"245,60,161,68,230","86,1,174,108,135",5:184:2|5:494:2|5:917:2
ckpt_300.pt,5,58,0.3563147187232971,0.06755098700523376,0.35998931527137756,"140,200,231,136,198","44,6,110,144,90",5:208:2|5:342:2|5:527:2
ckpt_300.pt,5,59,0.3374744951725006,0.057967495173215866,0.319020539522171,"240,65,24,159,224","159,160,252,218,194",5:28:2|5:115:2|5:543:2
ckpt_300.pt,5,60,0.328390896320343,0.05520074442028999,0.31391626596450806,"120,250,25,209,77","32,201,150,65,9",5:244:2|5:287:2|5:4:1
ckpt_300.pt,5,61,0.323544442653656,0.058439623564481735,0.34207218885421753,"246,158,80,111,21","178,240,163,94,112",5:5:1|5:14:1|5:48:1
ckpt_300.pt,5,62,0.35012778639793396,0.05195362865924835,0.33509325981140137,"120,42,27,147,7","69,239,137,89,109",5:19:1|5:20:1|5:40:1
ckpt_300.pt,5,63,0.33892789483070374,0.06666276603937149,0.3146468997001648,"174,93,151,39,136","168,87,188,203,92",5:236:2|5:290:2|5:0:1
ckpt_300.pt,5,64,0.3534572720527649,0.07154235243797302,0.3066035807132721,"27,88,65,222,53","42,58,246,203,254",5:81:2|5:190:2|5:221:2
ckpt_300.pt,5,65,0.35074207186698914,0.07556667178869247,0.32822322845458984,"45,101,194,80,98","141,45,251,167,88",5:75:2|5:600:2|5:1:1
ckpt_300.pt,5,66,0.33717280626296997,0.06044670194387436,0.34717825055122375,"162,62,232,219,54","4,25,102,24,246",5:76:2|5:263:2|5:313:2
ckpt_300.pt,5,67,0.33652982115745544,0.05847323685884476,0.31637492775917053,"52,134,244,168,83","248,104,193,126,47",5:914:2|5:13:1|5:16:1
ckpt_300.pt,5,68,0.33807265758514404,0.06036391854286194,0.3504745364189148,"26,46,38,7,64","88,152,135,164,12",5:279:2|5:326:2|5:920:2
ckpt_300.pt,5,69,0.3199494183063507,0.056692007929086685,0.3152264356613159,"135,18,105,102,121","142,138,136,130,171",5:614:2|5:837:2|5:1:1
ckpt_300.pt,5,70,0.3626088798046112,0.07865513861179352,0.3427857756614685,"19,86,198,240,130","132,121,251,24,230",5:483:2|5:500:2|5:656:2
ckpt_300.pt,5,71,0.3311845064163208,0.054512813687324524,0.3269544541835785,"140,195,118,210,160","132,22,202,66,130",5:46:2|5:330:2|5:508:2
ckpt_300.pt,5,72,0.34424343705177307,0.06029128655791283,0.3288862109184265,"55,23,83,180,186","224,8,29,194,85",5:96:2|5:913:2|5:4:1
ckpt_300.pt,5,73,0.33982011675834656,0.07748739421367645,0.321877121925354,"114,36,51,139,157","146,106,186,90,27",5:303:2|5:5:1|5:17:1
ckpt_300.pt,5,74,0.33236163854599,0.0703936368227005,0.3303493857383728,"178,240,237,121,138","35,243,13,25,206",5:633:2|5:28:1|5:41:1
ckpt_300.pt,5,75,0.32190072536468506,0.06642550975084305,0.3192077577114105,"178,98,101,205,151","8,219,153,220,224",5:65:2|5:148:2|5:15:1
ckpt_300.pt,5,76,0.325131356716156,0.05839179456233978,0.3288649320602417,"62,177,159,115,219","8,141,188,103,48",5:28:2|5:66:2|5:381:2
ckpt_300.pt,5,77,0.3298238217830658,0.055482376366853714,0.299090176820755,"226,83,165,108,8","223,84,30,208,58",5:139:2|5:437:2|5:673:2
ckpt_300.pt,5,78,0.3381698429584503,0.0863262489438057,0.29947155714035034,"176,43,12,251,161","166,99,157,116,98",5:30:2|5:123:2|5:388:2
ckpt_300.pt,5,79,0.3328591585159302,0.06348103284835815,0.31246697902679443,"170,208,67,6,136","19,170,23,234,132",5:499:2|5:675:2|5:969:2
ckpt_300.pt,5,80,0.32139426469802856,0.05819994956254959,0.30623164772987366,"20,80,163,113,14","141,33,207,26,192",5:249:2|5:348:2|5:619:2
ckpt_300.pt,5,81,0.32469844818115234,0.06199322268366814,0.34111446142196655,"75,27,250,199,88","120,35,166,3,37",5:64:2|5:221:2|5:693:2
ckpt_300.pt,5,82,0.3455386757850647,0.060577984899282455,0.31811386346817017,"163,250,188,63,160","18,183,54,145,87",5:559:2|5:695:2|5:804:2
ckpt_300.pt,5,83,0.35006657242774963,0.06279316544532776,0.32897526025772095,"225,8,129,33,86","56,108,246,177,160",5:139:2|5:447:2|5:627:2
ckpt_300.pt,5,84,0.3251959979534149,0.06300675123929977,0.32692113518714905,"52,118,93,30,176","208,157,179,87,23",5:169:2|5:186:2|5:334:2
ckpt_300.pt,5,85,0.31985828280448914,0.056146956980228424,0.3509809970855713,"81,188,13,88,73","217,179,201,144,64",5:607:2|5:856:2|5:9:1
ckpt_300.pt,5,86,0.34316563606262207,0.061763424426317215,0.35076141357421875,"153,59,169,104,52","92,147,253,107,231",5:120:2|5:728:2|5:10:1
ckpt_300.pt,5,87,0.33363625407218933,0.05795733258128166,0.3350740969181061,"195,152,200,179,167","118,179,126,180,201",5:273:2|5:795:2|5:833:2
ckpt_300.pt,5,88,0.35209688544273376,0.0657854750752449,0.3233623802661896,"240,144,236,59,150","3,227,119,178,244",5:369:2|5:375:2|5:599:2
ckpt_300.pt,5,89,0.3493318259716034,0.052522726356983185,0.31395214796066284,"165,27,134,66,204","222,246,32,104,5",5:19:2|5:453:2|5:507:2
ckpt_300.pt,5,90,0.3330863118171692,0.0758923813700676,0.3508894145488739,"17,197,147,39,182","101,176,184,255,85",5:7:2|5:262:2|5:903:2
ckpt_300.pt,5,91,0.3029317557811737,0.055411722511053085,0.315095990896225,"250,44,208,235,82","3,242,53,10,91",5:693:2|5:714:2|5:891:2
ckpt_300.pt,5,92,0.352933794260025,0.06378073990345001,0.3679799735546112,"56,160,88,1,94","195,54,125,12,6",5:9:2|5:221:2|5:321:2
ckpt_300.pt,5,93,0.3634093403816223,0.06397102028131485,0.3521086275577545,"65,133,200,126,215","165,160,97,197,81",5:597:2|5:794:2|5:3:1
ckpt_300.pt,5,94,0.36382412910461426,0.07199200987815857,0.34551212191581726,"140,167,143,12,252","191,165,219,51,71",5:648:2|5:719:2|5:850:2
ckpt_300.pt,5,95,0.30476927757263184,0.05267031490802765,0.3176404535770416,"65,206,246,0,99","177,8,128,236,227",5:231:2|5:732:2|5:5:1
ckpt_300.pt,5,96,0.34114477038383484,0.05284011363983154,0.3247312009334564,"83,55,122,143,9","123,195,131,224,92",5:72:2|5:379:2|5:585:2
ckpt_300.pt,5,97,0.360811710357666,0.060269225388765335,0.3141706883907318,"126,222,75,235,144","159,31,59,113,117",5:2:1|5:7:1|5:8:1
ckpt_300.pt,5,98,0.3407270610332489,0.06764695048332214,0.31500443816185,"110,56,104,31,84","7,211,31,76,62",5:170:2|5:515:2|5:1021:2
ckpt_300.pt,5,99,0.3059273958206177,0.06547309458255768,0.30869242548942566,"158,124,249,110,148","127,110,58,24,95",5:744:2|5:0:1|5:17:1
ckpt_300.pt,5,100,0.3195841610431671,0.06477057188749313,0.31742292642593384,"30,185,98,248,221","234,59,148,204,129",5:160:2|5:245:2|5:586:2
ckpt_300.pt,5,101,0.3334633708000183,0.05940471589565277,0.30635061860084534,"80,104,220,234,215","83,174,130,201,37",5:234:2|5:307:2|5:909:2
ckpt_300.pt,5,102,0.3367259204387665,0.05505852401256561,0.3136729300022125,"255,9,117,111,35","191,199,153,254,4",5:353:2|5:690:2|5:823:2
ckpt_300.pt,5,103,0.3503434360027313,0.07249917834997177,0.3312307298183441,"100,137,40,17,60","177,164,103,196,158",5:5:1|5:11:1|5:15:1
ckpt_300.pt,5,104,0.3395043909549713,0.06788735091686249,0.3262186050415039,"36,183,155,240,229","183,0,246,36,60",5:402:2|5:647:2|5:2:1
ckpt_300.pt,5,105,0.3197324872016907,0.05521776154637337,0.3262934982776642,"201,87,58,237,61","146,42,170,135,158",5:272:2|5:641:2|5:760:2
ckpt_300.pt,5,106,0.3092266619205475,0.05651940405368805,0.3358054459095001,"235,49,161,249,178","86,221,9,219,220",5:117:2|5:419:2|5:566:2
ckpt_300.pt,5,107,0.32610848546028137,0.06320471316576004,0.31385064125061035,"229,170,38,160,242","148,193,201,111,248",5:278:2|5:451:2|5:695:2
ckpt_300.pt,5,108,0.3263179063796997,0.06491290777921677,0.307966411113739,"197,0,78,11,216","254,69,143,54,84",5:485:2|5:510:2|5:964:2
ckpt_300.pt,5,109,0.32945817708969116,0.06226934492588043,0.30400288105010986,"148,43,75,132,17","17,60,131,11,35",5:189:2|5:11:1|5:16:1
ckpt_300.pt,5,110,0.33815813064575195,0.07294660061597824,0.3199305236339569,"127,46,62,241,15","147,130,161,202,7",5:8:1|5:18:1|5:45:1
ckpt_300.pt,5,111,0.3163509666919708,0.04614713042974472,0.34230130910873413,"187,247,3,194,114","12,89,244,243,53",5:54:2|5:533:2|5:814:2
ckpt_300.pt,5,112,0.33692941069602966,0.06346169114112854,0.322609543800354,"38,131,161,55,168","222,119,180,76,9",5:816:2|5:875:2|5:4:1
ckpt_300.pt,5,113,0.33204004168510437,0.07014858722686768,0.32150784134864807,"80,131,68,33,93","75,81,225,93,105",5:465:2|5:722:2|5:965:2
ckpt_300.pt,5,114,0.31585854291915894,0.05878860130906105,0.3570827841758728,"11,164,188,121,116","129,10,127,170,105",5:20:1|5:34:1|5:38:1
ckpt_300.pt,5,115,0.3278087079524994,0.05800943076610565,0.3287561535835266,"123,253,240,129,224","122,114,33,113,66",5:59:2|5:180:2|5:399:2
ckpt_300.pt,5,116,0.3182348310947418,0.06161099299788475,0.3332934081554413,"99,32,219,50,199","198,98,1,208,91",5:591:2|5:765:2|5:6:1
ckpt_300.pt,5,117,0.32537269592285156,0.06006587669253349,0.33491235971450806,"49,84,227,249,191","83,29,104,159,3",5:21:2|5:106:2|5:163:2
ckpt_300.pt,5,118,0.3601234257221222,0.072652667760849,0.32690954208374023,"85,62,106,196,249","204,85,116,133,183",5:168:2|5:707:2|5:0:1
ckpt_300.pt,5,119,0.3175656199455261,0.06569067388772964,0.31538933515548706,"194,118,189,239,136","33,97,93,73,29",5:376:2|5:826:2|5:865:2
ckpt_300.pt,5,120,0.3643040955066681,0.07165618985891342,0.3314812183380127,"52,104,111,212,189","14,89,181,97,88",5:86:2|5:229:2|5:283:2
ckpt_300.pt,5,121,0.3601459860801697,0.08118819445371628,0.32164716720581055,"177,95,234,243,178","44,160,238,162,172",5:319:2|5:629:2|5:3:1
ckpt_300.pt,5,122,0.3235200047492981,0.05566644296050072,0.3427753746509552,"232,214,34,185,121","129,136,201,69,79",5:864:2|5:18:1|5:29:1
ckpt_300.pt,5,123,0.3394574224948883,0.058057330548763275,0.3246365189552307,"79,239,94,12,176","6,173,50,117,207",5:78:2|5:153:2|5:204:2
ckpt_300.pt,5,124,0.3278826177120209,0.06583672761917114,0.34432995319366455,"78,48,176,147,68","76,129,197,251,162",5:650:2|5:949:2|5:5:1
ckpt_300.pt,5,125,0.35184410214424133,0.06974200904369354,0.3229445815086365,"96,53,108,6,137","136,235,241,53,82",5:537:2|5:951:2|5:0:1
ckpt_300.pt,5,126,0.29909253120422363,0.06863949447870255,0.35657739639282227,"101,214,219,55,234","219,2,143,249,250",5:706:2|5:782:2|5:977:2
ckpt_300.pt,5,127,0.3237006664276123,0.053266074508428574,0.3057507872581482,"163,60,130,165,227","198,45,148,154,13",5:687:2|5:1:1|5:21:1
ckpt_300.pt,5,128,0.34567174315452576,0.07659986615180969,0.3117147386074066,"247,92,16,141,161","153,218,243,196,105",5:389:2|5:419:2|5:23:1
ckpt_300.pt,5,129,0.3494913876056671,0.06103935092687607,0.3518228232860565,"218,61,217,229,254","9,232,168,223,125",5:144:2|5:431:2|5:956:2
ckpt_300.pt,5,130,0.3393329679965973,0.05682171508669853,0.33867010474205017,"123,108,225,222,21","225,2,193,165,201",5:696:2|5:767:2|5:0:1
ckpt_300.pt,5,131,0.35916900634765625,0.07409343123435974,0.3268740475177765,"251,229,250,200,37","127,74,161,244,132",5:203:2|5:303:2|5:316:2
ckpt_300.pt,5,132,0.3072018325328827,0.048483237624168396,0.317985475063324,"47,225,41,58,112","150,43,36,252,180",5:780:3|5:450:2|5:492:2
ckpt_300.pt,5,133,0.29554837942123413,0.055479034781455994,0.31963488459587097,"131,248,95,112,23","151,146,95,248,177",5:135:2|5:465:2|5:902:2
ckpt_300.pt,5,134,0.3076799213886261,0.05739007145166397,0.34740352630615234,"220,207,183,12,65","194,240,133,85,107",5:293:2|5:924:2|5:2:1
ckpt_300.pt,5,135,0.3271888792514801,0.05806243419647217,0.3408109247684479,"95,65,23,144,156","100,76,207,167,96",5:133:2|5:478:2|5:619:2
ckpt_300.pt,5,136,0.33034345507621765,0.0735224112868309,0.32635924220085144,"163,208,1,53,22","143,243,102,189,71",5:24:1|5:33:1|5:54:1
ckpt_300.pt,5,137,0.34855902194976807,0.05281675606966019,0.33778145909309387,"109,25,41,18,154","112,242,105,64,172",5:156:2|5:845:2|5:854:2
ckpt_300.pt,5,138,0.35065513849258423,0.06678317487239838,0.31110864877700806,"23,230,111,85,105","82,224,134,73,133",5:14:1|5:23:1|5:26:1
ckpt_300.pt,5,139,0.35379186272621155,0.08056207001209259,0.35431790351867676,"8,101,177,33,165","115,200,7,92,154",5:77:2|5:83:2|5:198:2
ckpt_300.pt,5,140,0.34762611985206604,0.057235609740018845,0.3205976188182831,"121,95,167,210,142","26,52,63,3,229",5:251:2|5:633:2|5:1:1
ckpt_300.pt,5,141,0.3302755057811737,0.07155586034059525,0.3164186179637909,"38,126,185,14,155","55,215,128,236,91",5:619:2|5:2:1|5:7:1
ckpt_300.pt,5,142,0.3275911808013916,0.0631202757358551,0.3232460916042328,"199,134,253,125,111","217,42,68,116,186",5:157:2|5:353:2|5:16:1
ckpt_300.pt,5,143,0.33806946873664856,0.05702937766909599,0.36742982268333435,"234,44,102,56,181","187,15,111,245,96",5:46:2|5:234:2|5:242:2
ckpt_300.pt,5,144,0.3217295706272125,0.06930124759674072,0.31131741404533386,"218,214,242,217,49","148,100,92,115,130",5:129:2|5:709:2|5:6:1
ckpt_300.pt,5,145,0.350857138633728,0.06935964524745941,0.3217097818851471,"243,190,15,226,163","74,168,3,214,209",5:33:2|5:360:2|5:459:2
ckpt_300.pt,5,146,0.3535381257534027,0.05946776643395424,0.3247380554676056,"32,27,159,55,8","68,220,108,48,37",5:685:2|5:860:2|5:861:2
ckpt_300.pt,5,147,0.32122164964675903,0.05960150435566902,0.29542461037635803,"14,23,42,87,17","68,14,9,40,87",5:0:1|5:3:1|5:11:1
ckpt_300.pt,5,148,0.3230968415737152,0.05697999149560928,0.3252391815185547,"151,178,254,47,228","62,134,82,41,149",5:75:2|5:192:2|5:259:2
ckpt_300.pt,5,149,0.3221389353275299,0.05636044219136238,0.3282444477081299,"8,156,148,181,197","217,232,207,30,82",5:331:2|5:476:2|5:1013:2
ckpt_300.pt,5,150,0.3442046046257019,0.0669267326593399,0.3437393605709076,"100,114,156,101,30","189,94,6,165,203",5:412:2|5:626:2|5:876:2
ckpt_300.pt,5,151,0.34437766671180725,0.07695849984884262,0.32645678520202637,"168,226,123,197,89","5,170,91,203,18",5:7:1|5:34:1|5:38:1
ckpt_300.pt,5,152,0.3109897971153259,0.06388749927282333,0.3367116153240204,"124,80,192,29,70","24,223,197,81,3",5:435:2|5:744:2|5:14:1
ckpt_300.pt,5,153,0.31776750087738037,0.05711296945810318,0.32677406072616577,"94,12,221,4,92","180,65,86,81,77",5:53:2|5:123:2|5:229:2
ckpt_300.pt,5,154,0.33462104201316833,0.06112578511238098,0.33324912190437317,"42,54,40,195,218","190,106,21,254,20",5:47:2|5:216:2|5:557:2
ckpt_300.pt,5,155,0.3305453956127167,0.0568145327270031,0.32440367341041565,"43,171,141,114,208","116,110,112,204,181",5:54:2|5:520:2|5:631:2
ckpt_300.pt,5,156,0.297655314207077,0.05968932434916496,0.3149213194847107,"53,25,122,109,151","36,15,99,204,195",5:137:2|5:25:1|5:44:1
ckpt_300.pt,5,157,0.333058625459671,0.06043928861618042,0.32493487000465393,"202,111,5,199,130","12,198,254,138,29",5:142:2|5:274:2|5:353:2
ckpt_300.pt,5,158,0.31472691893577576,0.0521971695125103,0.32997751235961914,"157,182,29,48,38","26,165,230,45,73",5:469:2|5:601:2|5:650:2
ckpt_300.pt,5,159,0.3248806595802307,0.056128378957509995,0.32912883162498474,"155,29,43,235,116","182,59,146,147,183",5:207:2|5:879:2|5:978:2
ckpt_300.pt,5,160,0.3322744071483612,0.06081971526145935,0.32542684674263,"2,25,98,185,233","83,214,86,30,164",5:100:2|5:226:2|5:894:2
ckpt_300.pt,5,161,0.34947842359542847,0.06401173025369644,0.30325940251350403,"185,223,218,69,171","23,75,85,13,134",5:9:2|5:386:2|5:607:2
ckpt_300.pt,5,162,0.33292630314826965,0.06463934481143951,0.33930012583732605,"135,19,52,242,224","170,63,104,150,100",5:513:2|5:752:2|5:14:1
ckpt_300.pt,5,163,0.3041525185108185,0.06660931557416916,0.3168824017047882,"227,138,84,120,223","182,50,144,70,205",5:117:2|5:427:2|5:670:2
ckpt_300.pt,5,164,0.3446929454803467,0.06998811662197113,0.3278212547302246,"64,189,131,13,12","155,22,38,173,24",5:479:2|5:662:2|5:747:2
ckpt_300.pt,5,165,0.33668139576911926,0.06504076719284058,0.3504343628883362,"196,75,153,8,229","250,60,53,157,242",5:855:2|5:16:1|5:23:1
ckpt_300.pt,5,166,0.3002989590167999,0.052087876945734024,0.3174728453159332,"213,18,172,39,255","184,148,213,57,215",5:528:2|5:531:2|5:581:2
ckpt_300.pt,5,167,0.31935200095176697,0.06044033542275429,0.33951377868652344,"134,201,174,159,160","88,199,15,188,153",5:380:2|5:702:2|5:0:1
ckpt_300.pt,5,168,0.34556105732917786,0.06232248991727829,0.32553428411483765,"196,143,213,253,85","169,237,118,248,64",5:118:2|5:734:2|5:878:2
ckpt_300.pt,5,169,0.3249894380569458,0.05359439551830292,0.3089640736579895,"173,155,93,144,30","102,181,41,88,22",5:2:2|5:84:2|5:323:2
ckpt_300.pt,5,170,0.303333580493927,0.0563206672668457,0.31065618991851807,"114,155,113,110,84","198,50,97,20,236",5:98:2|5:310:2|5:666:2
ckpt_300.pt,5,171,0.3262980580329895,0.06825146824121475,0.3380553722381592,"229,63,54,158,5","95,192,49,179,234",5:378:2|5:574:2|5:653:2
ckpt_300.pt,5,172,0.34766706824302673,0.05355767533183098,0.3351556658744812,"212,26,122,200,218","142,69,134,4,73",5:6:1|5:9:1|5:26:1
ckpt_300.pt,5,173,0.3541486859321594,0.05957677215337753,0.3400334417819977,"139,107,241,95,105","44,23,122,20,78",5:251:2|5:363:2|5:2:1
ckpt_300.pt,5,174,0.31102102994918823,0.06338071078062057,0.3273605704307556,"73,141,159,135,26","42,93,7,86,178",5:225:2|5:260:2|5:333:2
ckpt_300.pt,5,175,0.33802729845046997,0.05712001770734787,0.3243347704410553,"222,176,209,214,69","69,32,37,167,50",5:600:2|5:945:2|5:4:1
ckpt_300.pt,5,176,0.3355694115161896,0.07787410169839859,0.3509286344051361,"174,147,91,6,221","95,96,180,213,154",5:404:2|5:0:1|5:49:1
ckpt_300.pt,5,177,0.3313223719596863,0.07509393990039825,0.34009507298469543,"22,209,94,70,44","179,76,253,29,56",5:340:2|5:4:1|5:9:1
ckpt_300.pt,5,178,0.31944355368614197,0.05760606750845909,0.3207472860813141,"62,173,29,143,76","65,222,80,19,20",5:720:2|5:974:2|5:6:1
ckpt_300.pt,5,179,0.3197665214538574,0.07315147668123245,0.3494601547718048,"222,50,138,192,230","106,100,114,43,223",5:526:2|5:8:1|5:25:1
ckpt_300.pt,5,180,0.36211004853248596,0.07137875258922577,0.3358519673347473,"224,123,72,67,179","218,245,43,235,103",5:235:3|5:115:2|5:399:2
ckpt_300.pt,5,181,0.33691248297691345,0.06586206704378128,0.31448042392730713,"252,117,228,97,150","158,184,192,245,106",5:468:2|5:909:2|5:6:1
ckpt_300.pt,5,182,0.3429168164730072,0.06182495132088661,0.31209883093833923,"247,23,5,197,251","94,113,131,8,209",5:14:2|5:352:2|5:862:2
ckpt_300.pt,5,183,0.30748212337493896,0.057644378393888474,0.32608094811439514,"246,94,141,235,232","231,187,149,144,221",5:204:2|5:321:2|5:466:2
ckpt_300.pt,5,184,0.3146246373653412,0.054873835295438766,0.32765915989875793,"161,186,77,60,254","198,130,61,26,103",5:12:2|5:30:2|5:57:2
ckpt_300.pt,5,185,0.31693634390830994,0.07051921635866165,0.32397904992103577,"154,198,54,201,214","27,116,213,30,94",5:385:2|5:594:2|5:739:2
ckpt_300.pt,5,186,0.31888148188591003,0.05976797640323639,0.3245944380760193,"53,221,118,103,176","174,66,67,249,144",5:84:2|5:254:2|5:415:2
ckpt_300.pt,5,187,0.3197149932384491,0.06787484884262085,0.32281798124313354,"254,220,122,63,23","236,249,125,106,37",5:723:2|5:856:2|5:11:1
ckpt_300.pt,5,188,0.2951577305793762,0.05015956237912178,0.3307543694972992,"41,33,255,82,83","191,79,201,61,159",5:215:2|5:304:2|5:308:2
ckpt_300.pt,5,189,0.3172329366207123,0.04829231649637222,0.33374014496803284,"132,160,81,157,17","65,97,218,156,214",5:31:2|5:109:2|5:564:2
ckpt_300.pt,5,190,0.34979721903800964,0.06825534999370575,0.29856076836586,"202,65,208,88,91","143,147,189,114,228",5:64:2|5:191:2|5:365:2
ckpt_300.pt,5,191,0.32467442750930786,0.054618969559669495,0.33099597692489624,"208,91,47,19,165","200,154,158,195,178",5:190:2|5:294:2|5:921:2
ckpt_300.pt,5,192,0.3074174225330353,0.06342475116252899,0.3173621892929077,"47,155,195,64,178","110,229,178,134,73",5:148:2|5:317:2|5:351:2
ckpt_300.pt,5,193,0.33464255928993225,0.05972444638609886,0.3031996786594391,"125,240,156,88,18","28,188,30,124,220",5:358:2|5:484:2|5:759:2
ckpt_300.pt,5,194,0.3604818880558014,0.05943679437041283,0.3274073600769043,"182,244,191,13,8","96,134,117,3,214",5:565:2|5:730:2|5:738:2
ckpt_300.pt,5,195,0.3153047561645508,0.055422425270080566,0.3340568542480469,"75,44,23,90,53","174,130,212,95,124",5:217:2|5:733:2|5:737:2
ckpt_300.pt,5,196,0.34017252922058105,0.06797010451555252,0.32475557923316956,"173,84,10,164,254","123,48,18,76,111",5:5:1|5:6:1|5:9:1
ckpt_300.pt,5,197,0.34650152921676636,0.07438064366579056,0.3420582711696625,"150,189,128,201,116","190,212,211,238,27",5:606:2|5:826:2|5:8:1
ckpt_300.pt,5,198,0.3325611352920532,0.06311030685901642,0.29528573155403137,"226,101,211,177,158","191,140,72,160,56",5:139:2|5:1:1|5:3:1
ckpt_300.pt,5,199,0.29773232340812683,0.06431357562541962,0.3056826591491699,"213,11,119,73,98","114,19,195,113,208",5:301:2|5:364:2|5:546:2
ckpt_300.pt,5,200,0.32260552048683167,0.07769675552845001,0.29600462317466736,"198,79,236,63,96","218,233,20,16,3",5:951:2|5:16:1|5:58:1
ckpt_300.pt,5,201,0.3261972665786743,0.05521379038691521,0.3315637409687042,"188,208,212,174,17","127,58,196,243,229",5:708:2|5:798:2|5:831:2
ckpt_300.pt,5,202,0.32085931301116943,0.06657427549362183,0.3100276291370392,"195,93,231,245,219","64,194,191,188,90",5:220:2|5:386:2|5:421:2
ckpt_300.pt,5,203,0.3484828770160675,0.061236970126628876,0.3050011992454529,"105,176,250,37,156","108,119,16,123,217",5:131:2|5:254:2|5:678:2
ckpt_300.pt,5,204,0.3361150622367859,0.06209828332066536,0.33984822034835815,"246,239,181,147,94","206,216,127,2,176",5:123:2|5:183:2|5:725:2
ckpt_300.pt,5,205,0.33730217814445496,0.06743673235177994,0.3058817982673645,"176,218,138,25,60","53,18,40,36,255",5:901:2|5:1012:2|5:6:1
ckpt_300.pt,5,206,0.3294852077960968,0.06378047168254852,0.3485605716705322,"71,51,118,72,185","19,174,56,117,63",5:26:1|5:32:1|5:36:1
ckpt_300.pt,5,207,0.3434201776981354,0.057474106550216675,0.3421369194984436,"43,105,235,57,192","63,151,9,136,100",5:159:2|5:573:2|5:770:2
ckpt_300.pt,5,208,0.3222942650318146,0.0555071160197258,0.339034765958786,"140,212,121,198,16","215,207,153,89,62",5:58:2|5:229:2|5:280:2
ckpt_300.pt,5,209,0.3361171782016754,0.07393261045217514,0.32674187421798706,"224,168,219,104,146","161,229,123,26,101",5:258:2|5:299:2|5:644:2
ckpt_300.pt,5,210,0.35283011198043823,0.05106871575117111,0.3222595155239105,"226,225,31,152,74","169,172,244,40,206",5:362:2|5:548:2|5:946:2
ckpt_300.pt,5,211,0.3264031708240509,0.05788584053516388,0.3389902710914612,"19,156,122,228,140","73,150,93,109,184",5:275:2|5:0:1|5:18:1
ckpt_300.pt,5,212,0.3097520172595978,0.06160079315304756,0.32904601097106934,"186,165,100,3,152","144,69,83,16,187",5:1006:2|5:21:1|5:30:1
ckpt_300.pt,5,213,0.2962452471256256,0.058711446821689606,0.33236101269721985,"47,5,242,104,97","197,109,93,7,78",5:288:2|5:634:2|5:909:2
ckpt_300.pt,5,214,0.348326176404953,0.07478519529104233,0.3381401002407074,"4,170,96,76,24","100,10,240,156,202",5:570:2|5:6:1|5:27:1
ckpt_300.pt,5,215,0.3461395800113678,0.07206261157989502,0.30418074131011963,"155,255,42,222,33","183,89,207,58,141",5:8:3|5:188:2|5:460:2
ckpt_300.pt,5,216,0.313979834318161,0.05747758597135544,0.3416469395160675,"42,118,76,54,174","235,78,113,149,63",5:49:2|5:154:2|5:480:2
ckpt_300.pt,5,217,0.3203011751174927,0.06038475036621094,0.32542985677719116,"23,200,90,78,57","58,190,243,17,245",5:195:2|5:401:2|5:955:2
ckpt_300.pt,5,218,0.3146989345550537,0.05913997069001198,0.3204580545425415,"170,124,183,238,186","233,45,56,70,7",5:334:2|5:669:2|5:4:1
ckpt_300.pt,5,219,0.33159682154655457,0.06935738027095795,0.32679155468940735,"136,243,100,166,28","253,183,177,222,233",5:236:2|5:587:2|5:609:2
ckpt_300.pt,5,220,0.3398735821247101,0.07918468117713928,0.33508098125457764,"219,195,91,190,28","120,109,204,23,201",5:202:2|5:421:2|5:7:1
ckpt_300.pt,5,221,0.3134571611881256,0.0533347949385643,0.3361133337020874,"236,88,160,60,27","123,49,196,108,218",5:64:2|5:81:2|5:92:2
ckpt_300.pt,5,222,0.34299373626708984,0.057616762816905975,0.3421699106693268,"92,60,222,93,19","116,216,147,218,232",5:294:2|5:522:2|5:838:2
ckpt_300.pt,5,223,0.3631521761417389,0.06643816083669662,0.3187583088874817,"153,15,44,84,9","101,124,152,251,156",5:539:2|5:666:2|5:788:2
ckpt_300.pt,5,224,0.3481167256832123,0.06762398779392242,0.32229337096214294,"7,37,144,94,136","182,248,201,107,50",5:466:2|5:874:2|5:2:1
ckpt_300.pt,5,225,0.3473908007144928,0.0711662694811821,0.3164234161376953,"41,59,231,135,26","3,102,12,138,178",5:174:2|5:314:2|5:398:2
ckpt_300.pt,5,226,0.3085951805114746,0.05896437168121338,0.31683698296546936,"98,238,25,164,54","138,99,136,232,221",5:34:2|5:160:2|5:263:2
ckpt_300.pt,5,227,0.34456050395965576,0.0632576122879982,0.3105929493904114,"42,238,152,130,90","130,15,188,2,12",5:20:2|5:366:2|5:532:2
ckpt_300.pt,5,228,0.3520679175853729,0.05400640890002251,0.32475775480270386,"12,226,91,137,63","46,87,90,178,124",5:479:2|5:745:2|5:947:2
ckpt_300.pt,5,229,0.3389224708080292,0.052671972662210464,0.344104528427124,"221,212,189,4,140","106,183,217,246,90",5:120:2|5:153:2|5:208:2
ckpt_300.pt,5,230,0.3013840913772583,0.05635532736778259,0.30678531527519226,"57,155,25,150,134","0,65,107,250,54",5:8:2|5:51:2|5:330:2
ckpt_300.pt,5,231,0.3223358392715454,0.06857118755578995,0.2984958291053772,"29,206,0,231,190","233,105,22,113,230",5:95:2|5:4:1|5:13:1
ckpt_300.pt,5,232,0.31629350781440735,0.059296801686286926,0.3020974099636078,"202,153,166,32,146","243,232,229,95,66",5:572:2|5:587:2|5:3:1
ckpt_300.pt,5,233,0.3147983253002167,0.05919501185417175,0.3185765743255615,"154,121,38,225,87","16,65,25,145,224",5:311:2|5:530:2|5:950:2
ckpt_300.pt,5,234,0.32798194885253906,0.05578180402517319,0.3224811851978302,"37,56,116,234,80","212,189,56,187,214",5:101:2|5:143:2|5:292:2
ckpt_300.pt,5,235,0.3482508659362793,0.05983603373169899,0.3178277015686035,"123,162,72,67,134","127,202,221,141,82",5:180:3|5:685:2|5:846:2
ckpt_300.pt,5,236,0.3192664086818695,0.05613028258085251,0.3245900571346283,"93,117,136,101,28","148,122,242,143,100",5:56:2|5:63:2|5:219:2
ckpt_300.pt,5,237,0.3488621115684509,0.07139772921800613,0.30904117226600647,"237,181,141,202,47","249,107,13,186,104",5:290:2|5:326:2|5:715:2
ckpt_300.pt,5,238,0.313296377658844,0.056360382586717606,0.31400933861732483,"155,169,67,128,142","142,116,228,149,23",5:444:2|5:592:2|5:617:2
ckpt_300.pt,5,239,0.34766697883605957,0.06832564622163773,0.35091638565063477,"220,221,19,158,235","122,231,203,255,218",5:11:1|5:53:1|5:61:1
ckpt_300.pt,5,240,0.3187558948993683,0.05818568542599678,0.3407133221626282,"124,155,177,202,204","222,84,195,61,46",5:3:2|5:869:2|5:2:1
ckpt_300.pt,5,241,0.3241617977619171,0.06989791244268417,0.3281046748161316,"244,253,226,188,107","140,87,136,53,118",5:961:2|5:2:1|5:13:1
ckpt_300.pt,5,242,0.3484519422054291,0.06648264080286026,0.3293011784553528,"164,44,239,234,226","16,64,32,135,45",5:143:2|5:339:2|5:437:2
ckpt_300.pt,5,243,0.3090982437133789,0.058201681822538376,0.3456040322780609,"216,121,8,51,65","220,174,196,2,36",5:860:2|5:23:1|5:26:1
ckpt_300.pt,5,244,0.32819175720214844,0.07750149816274643,0.32555723190307617,"12,77,33,25,71","81,86,218,157,12",5:60:2|5:460:2|5:488:2
ckpt_300.pt,5,245,0.3193015158176422,0.05704880878329277,0.3298868238925934,"30,95,96,97,185","140,217,172,108,250",5:100:2|5:478:2|5:55:1
ckpt_300.pt,5,246,0.31539827585220337,0.061041396111249924,0.31997987627983093,"243,3,44,230,174","226,6,227,184,64",5:339:2|5:410:2|5:0:1
ckpt_300.pt,5,247,0.3379287123680115,0.06535572558641434,0.32855939865112305,"151,169,55,112,21","113,219,65,75,172",5:365:2|5:538:2|5:1012:2
ckpt_300.pt,5,248,0.3297143578529358,0.05596065893769264,0.3129134178161621,"79,143,174,13,34","16,79,140,138,158",5:565:2|5:790:2|5:0:1
ckpt_300.pt,5,249,0.3506835997104645,0.061884358525276184,0.31770625710487366,"49,176,159,80,14","200,120,144,231,9",5:80:2|5:547:2|5:857:2
ckpt_300.pt,5,250,0.30822888016700745,0.05628489702939987,0.3297382891178131,"5,8,45,162,185","113,44,37,40,210",5:915:2|5:928:2|5:1:1
ckpt_300.pt,5,251,0.31633278727531433,0.0569831058382988,0.31247761845588684,"210,57,88,95,241","74,180,172,89,72",5:140:2|5:173:2|5:491:2
ckpt_300.pt,5,252,0.3026571273803711,0.06049605831503868,0.3171111047267914,"121,35,69,134,208","35,189,154,82,66",5:16:1|5:44:1|5:51:1
ckpt_300.pt,5,253,0.3004750907421112,0.06496871262788773,0.3369344472885132,"24,205,102,11,139","139,217,133,41,84",5:486:2|5:543:2|5:562:2
ckpt_300.pt,5,254,0.32501012086868286,0.07150081545114517,0.3301529586315155,"139,176,28,103,37","172,152,61,98,68",5:186:2|5:203:2|5:285:2
ckpt_300.pt,5,255,0.3265399634838104,0.06008480116724968,0.295860230922699,"18,163,153,65,191","224,104,131,69,57",5:343:2|5:433:2|5:3:1
ckpt_300.pt,5,256,0.2970079481601715,0.057960040867328644,0.30952563881874084,"48,239,188,110,115","97,236,57,184,202",5:937:2|5:10:1|5:28:1
ckpt_300.pt,5,257,0.33817583322525024,0.054532695561647415,0.2970546782016754,"147,146,46,254,109","103,81,18,235,56",5:436:2|5:545:2|5:11:1
ckpt_300.pt,5,258,0.312122642993927,0.056204888969659805,0.3418218195438385,"84,144,211,224,168","241,167,12,159,88",5:209:2|5:299:2|5:724:2
ckpt_300.pt,5,259,0.3224865794181824,0.05726651847362518,0.3457292318344116,"151,31,47,36,243","129,193,48,116,181",5:148:2|5:266:2|5:597:2
ckpt_300.pt,5,260,0.3660033047199249,0.07196035981178284,0.33730947971343994,"184,135,251,141,34","103,191,83,213,120",5:174:2|5:1005:2|5:21:1
ckpt_300.pt,5,261,0.34559884667396545,0.05867251008749008,0.30960413813591003,"66,128,77,38,136","40,165,172,70,190",5:12:1|5:13:1|5:22:1
ckpt_300.pt,5,262,0.33216434717178345,0.054854538291692734,0.32526707649230957,"67,197,45,39,212","25,132,21,217,18",5:7:2|5:90:2|5:751:2
ckpt_300.pt,5,263,0.30520787835121155,0.05172651261091232,0.34424155950546265,"54,55,81,162,98","2,130,202,118,56",5:31:2|5:66:2|5:226:2
ckpt_300.pt,5,264,0.3133183419704437,0.047183770686388016,0.34503766894340515,"43,252,92,184,124","252,73,247,130,111",5:838:2|5:879:2|5:30:1
ckpt_300.pt,5,265,0.3216005265712738,0.07437588274478912,0.30403777956962585,"50,29,34,58,28","202,139,12,120,22",5:692:2|5:35:1|5:52:1
ckpt_300.pt,5,266,0.32440653443336487,0.05369973182678223,0.31836366653442383,"151,216,223,31,63","241,49,9,44,91",5:36:2|5:259:2|5:699:2
ckpt_300.pt,5,267,0.31217408180236816,0.05963347479701042,0.33688923716545105,"7,250,104,125,35","4,24,89,17,26",5:352:2|5:384:2|5:10:1
ckpt_300.pt,5,268,0.3362106382846832,0.04994675889611244,0.3203996419906616,"129,46,30,207,18","238,182,120,5,160",5:4:1|5:13:1|5:15:1
ckpt_300.pt,5,269,0.3387509286403656,0.06805244833230972,0.32236093282699585,"191,197,98,230,56","54,110,198,122,222",5:757:2|5:3:1|5:7:1
ckpt_300.pt,5,270,0.33134037256240845,0.08761940896511078,0.3080327808856964,"161,47,185,175,24","80,248,110,71,44",5:332:2|5:27:1|5:30:1
ckpt_300.pt,5,271,0.3593061566352844,0.06396609544754028,0.3366565704345703,"143,186,232,209,78","105,153,131,96,137",5:33:2|5:490:2|5:4:1
ckpt_300.pt,5,272,0.3202570974826813,0.0625872015953064,0.3411138653755188,"58,77,64,110,201","221,73,191,133,29",5:105:2|5:317:2|5:440:2
ckpt_300.pt,5,273,0.3209752142429352,0.05472399294376373,0.3286569118499756,"158,33,159,167,195","120,41,35,74,36",5:87:2|5:670:2|5:783:2
ckpt_300.pt,5,274,0.33280497789382935,0.059707995504140854,0.311638742685318,"130,199,185,217,18","188,51,53,105,73",5:157:2|5:353:2|5:850:2
ckpt_300.pt,5,275,0.3145565688610077,0.06712275743484497,0.3179260492324829,"91,140,57,62,228","45,99,101,135,47",5:211:2|5:330:2|5:356:2
ckpt_300.pt,5,276,0.3145257830619812,0.0630803257226944,0.308509886264801,"124,93,230,179,141","104,235,49,97,116",5:655:2|5:23:1|5:26:1
ckpt_300.pt,5,277,0.32131513953208923,0.06260329484939575,0.31963735818862915,"173,216,23,120,82","64,82,2,231,108",5:304:2|5:985:2|5:6:1
ckpt_300.pt,5,278,0.35913869738578796,0.061782900243997574,0.33187127113342285,"225,64,229,70,160","5,147,57,11,45",5:107:2|5:493:2|5:610:2
ckpt_300.pt,5,279,0.31621092557907104,0.05056433007121086,0.33556291460990906,"111,26,46,245,244","202,163,184,85,220",5:68:2|5:574:2|5:704:2
ckpt_300.pt,5,280,0.31769850850105286,0.06477238237857819,0.3204713761806488,"212,25,168,121,183","72,208,152,228,186",5:208:2|5:831:2|5:4:1
ckpt_300.pt,5,281,0.36232030391693115,0.07409708946943283,0.3426876366138458,"13,55,246,160,137","172,40,170,147,254",5:426:2|5:4:1|5:5:1
ckpt_300.pt,5,282,0.33158761262893677,0.056258417665958405,0.3198949694633484,"38,42,235,226,176","201,250,40,123,146",5:650:2|5:11:1|5:20:1
ckpt_300.pt,5,283,0.33098605275154114,0.057484909892082214,0.3305900990962982,"209,52,103,177,189","151,71,225,174,75",5:120:2|5:728:2|5:3:1
ckpt_300.pt,5,284,0.3414621949195862,0.06149934232234955,0.32502472400665283,"11,111,144,123,118","137,62,148,108,109",5:456:2|5:495:2|5:578:2
ckpt_300.pt,5,285,0.3322054147720337,0.05956919118762016,0.3326454162597656,"37,193,103,215,184","206,142,230,152,103",5:254:2|5:415:2|5:446:2
ckpt_300.pt,5,286,0.33034616708755493,0.06349759548902512,0.31708043813705444,"53,154,51,232,81","36,20,121,154,81",5:530:2|5:897:2|5:17:1
ckpt_300.pt,5,287,0.32836073637008667,0.06673385947942734,0.3125116229057312,"209,31,13,120,218","110,131,120,231,151",5:60:2|5:993:2|5:4:1
ckpt_300.pt,5,288,0.34507015347480774,0.0639311820268631,0.3423875868320465,"68,47,32,242,232","200,134,216,99,59",5:213:2|5:844:2|5:6:1
ckpt_300.pt,5,289,0.32885223627090454,0.052586715668439865,0.33532336354255676,"88,140,177,174,110","251,132,237,145,181",5:0:1|5:3:1|5:9:1
ckpt_300.pt,5,290,0.31481197476387024,0.05207737535238266,0.33302778005599976,"202,103,39,47,136","223,145,8,89,189",5:63:2|5:237:2|5:3:1
ckpt_300.pt,5,291,0.34226927161216736,0.06065162271261215,0.3274381458759308,"53,194,160,117,205","30,182,227,220,168",5:56:2|5:516:2|5:631:2
ckpt_300.pt,5,292,0.32816383242607117,0.06107260286808014,0.3082297146320343,"254,249,56,80,203","148,135,216,139,35",5:234:2|5:0:1|5:11:1
ckpt_300.pt,5,293,0.3375082015991211,0.061035461723804474,0.32288914918899536,"12,100,220,190,255","138,20,194,38,82",5:134:2|5:721:2|5:2:1
ckpt_300.pt,5,294,0.33212152123451233,0.06539002805948257,0.35094109177589417,"19,49,234,208,222","96,254,194,159,253",5:191:2|5:222:2|5:365:2
ckpt_300.pt,5,295,0.30837103724479675,0.062243085354566574,0.32469579577445984,"65,131,228,231,70","43,222,104,182,122",5:465:2|5:902:2|5:919:2
ckpt_300.pt,5,296,0.3364213705062866,0.05836924910545349,0.31439241766929626,"12,225,92,17,119","204,73,39,109,74",5:153:2|5:549:2|5:983:2
ckpt_300.pt,5,297,0.3557204604148865,0.06323666870594025,0.33427032828330994,"22,148,73,66,202","85,154,149,142,73",5:731:2|5:757:2|5:3:1
ckpt_300.pt,5,298,0.3189280033111572,0.055233798921108246,0.30988335609436035,"82,119,111,66,93","106,143,165,178,26",5:32:2|5:722:2|5:967:2
ckpt_300.pt,5,299,0.3258880376815796,0.06396043300628662,0.34599706530570984,"158,45,139,224,168","214,91,230,239,105",5:209:2|5:258:2|5:379:2
ckpt_300.pt,5,300,0.3229605257511139,0.06583470106124878,0.32322776317596436,"61,158,176,35,187","233,255,172,188,170",5:776:2|5:10:1|5:24:1
ckpt_300.pt,5,301,0.33207911252975464,0.05485624074935913,0.3120630383491516,"119,213,55,45,148","58,236,140,60,94",5:199:2|5:983:2|5:1:1
ckpt_300.pt,5,302,0.34315767884254456,0.058317411690950394,0.32840415835380554,"108,43,168,69,177","23,94,97,205,253",5:615:2|5:941:2|5:980:2
ckpt_300.pt,5,303,0.3444792926311493,0.06443417072296143,0.33006730675697327,"139,250,54,251,157","53,184,162,46,130",5:73:2|5:131:2|5:316:2
ckpt_300.pt,5,304,0.3192572593688965,0.0536017008125782,0.3120536506175995,"82,173,25,47,83","18,146,135,53,19",5:188:2|5:277:2|5:525:2
ckpt_300.pt,5,305,0.3281603753566742,0.05446803569793701,0.30024030804634094,"1,89,149,30,131","131,113,201,104,36",5:960:2|5:2:1|5:34:1
ckpt_300.pt,5,306,0.3382457494735718,0.06329581886529922,0.31127050518989563,"198,39,20,190,211","4,82,91,26,75",5:1:1|5:7:1|5:13:1
ckpt_300.pt,5,307,0.3265590965747833,0.06364060193300247,0.31406569480895996,"234,104,60,85,61","52,179,158,136,253",5:10:2|5:101:2|5:629:2
ckpt_300.pt,5,308,0.3399311304092407,0.06412754952907562,0.3287404179573059,"231,33,152,83,182","241,178,25,77,106",5:188:2|5:741:2|5:950:2
ckpt_300.pt,5,309,0.32338228821754456,0.05818507447838783,0.3225535452365875,"103,43,164,8,91","225,23,21,112,114",5:879:3|5:344:2|5:10:1
ckpt_300.pt,5,310,0.32537901401519775,0.06504182517528534,0.32493215799331665,"99,215,113,84,107","22,89,197,250,232",5:170:2|5:482:2|5:540:2
ckpt_300.pt,5,311,0.3270721435546875,0.05980689823627472,0.3209644556045532,"38,96,165,121,140","171,111,21,26,119",5:208:2|5:233:2|5:1023:2
ckpt_300.pt,5,312,0.3183669447898865,0.06707770377397537,0.3271474838256836,"144,208,133,56,199","177,82,146,148,225",5:2:1|5:44:1|5:46:1
ckpt_300.pt,5,313,0.3461515009403229,0.058415018022060394,0.32923194766044617,"54,36,62,223,233","235,101,22,138,202",5:37:2|5:66:2|5:451:2
ckpt_300.pt,5,314,0.33980074524879456,0.0701114684343338,0.30321550369262695,"179,41,26,110,209","15,254,163,25,182",5:225:2|5:4:1|5:29:1
ckpt_300.pt,5,315,0.32819682359695435,0.057433318346738815,0.34140169620513916,"51,206,219,151,88","61,199,86,123,132",5:623:2|5:7:1|5:9:1
ckpt_300.pt,5,316,0.3088825047016144,0.055980704724788666,0.3211106061935425,"124,168,4,251,250","87,208,205,42,6",5:131:2|5:303:2|5:667:2
ckpt_300.pt,5,317,0.31258153915405273,0.06107095256447792,0.29998648166656494,"195,138,64,69,58","70,193,232,158,185",5:192:2|5:272:2|5:670:2
ckpt_300.pt,5,318,0.3345792591571808,0.06586618721485138,0.3599839508533478,"214,123,90,171,172","5,21,145,173,95",5:399:2|5:709:2|5:739:2
ckpt_300.pt,5,319,0.3381235599517822,0.05896027386188507,0.3052995800971985,"211,234,227,243,180","166,197,86,199,60",5:121:2|5:428:2|5:504:2
ckpt_300.pt,5,320,0.34839433431625366,0.07367260754108429,0.3428305983543396,"157,195,78,8,87","82,30,83,106,246",5:5:2|5:371:2|5:476:2
ckpt_300.pt,5,321,0.3381778299808502,0.060501523315906525,0.33025044202804565,"71,140,56,94,235","69,248,240,57,234",5:92:2|5:183:2|5:449:2
ckpt_300.pt,5,322,0.33215686678886414,0.07156340777873993,0.37151628732681274,"68,117,153,109,225","44,199,163,56,6",5:494:2|5:548:2|5:690:2
ckpt_300.pt,5,323,0.35332900285720825,0.06438229233026505,0.36173897981643677,"22,155,30,92,203","145,232,201,189,171",5:169:2|5:869:2|5:978:2
ckpt_300.pt,5,324,0.3397439420223236,0.07844244688749313,0.32387852668762207,"19,236,250,223,73","147,141,54,218,125",5:761:2|5:11:1|5:36:1
ckpt_300.pt,5,325,0.321118026971817,0.05730508267879486,0.3226429224014282,"149,31,240,107,187","51,9,37,17,5",5:2:2|5:521:2|5:654:2
ckpt_300.pt,5,326,0.34170037508010864,0.05629473179578781,0.30280792713165283,"141,64,97,7,237","94,173,212,90,193",5:68:2|5:237:2|5:509:2
ckpt_300.pt,5,327,0.3287525177001953,0.05230946093797684,0.30848386883735657,"6,230,88,62,0","28,163,166,186,245",5:877:2|5:8:1|5:9:1
ckpt_300.pt,5,328,0.3264344036579132,0.06397804617881775,0.33939144015312195,"156,139,17,77,13","157,88,21,46,246",5:789:2|5:0:1|5:11:1
ckpt_300.pt,5,329,0.3428366780281067,0.06671291589736938,0.32763543725013733,"245,206,104,23,64","120,160,238,162,77",5:523:2|5:671:2|5:10:1
ckpt_300.pt,5,330,0.34052371978759766,0.06958579272031784,0.3227669596672058,"195,57,140,97,134","115,93,46,75,15",5:55:2|5:71:2|5:230:2
ckpt_300.pt,5,331,0.30811598896980286,0.05957386642694473,0.3095138967037201,"148,106,197,117,71","138,189,90,223,206",5:149:2|5:823:2|5:903:2
ckpt_300.pt,5,332,0.32317283749580383,0.08132824301719666,0.3544791042804718,"208,62,247,24,185","88,176,208,59,109",5:54:2|5:270:2|5:432:2
ckpt_300.pt,5,333,0.33440813422203064,0.06257931888103485,0.3071783185005188,"144,129,26,141,140","217,129,117,9,77",5:44:2|5:174:2|5:430:2
ckpt_300.pt,5,334,0.3479074537754059,0.05313185974955559,0.317980021238327,"52,124,183,30,223","218,215,170,4,145",5:84:2|5:218:2|5:4:1
ckpt_300.pt,5,335,0.3316594362258911,0.058617979288101196,0.33133068680763245,"160,255,167,48,7","57,253,147,101,79",5:389:2|5:752:2|5:875:2
ckpt_300.pt,5,336,0.3227137625217438,0.06647010147571564,0.30807894468307495,"57,143,151,194,32","156,239,243,23,15",5:25:2|5:459:2|5:711:2
ckpt_300.pt,5,337,0.33243629336357117,0.06697937846183777,0.32303184270858765,"10,40,138,6,133","245,170,126,59,158",5:640:2|5:670:2|5:5:1
ckpt_300.pt,5,338,0.33804166316986084,0.07220549136400223,0.3360951542854309,"219,229,211,11,148","62,108,191,0,29",5:584:2|5:612:2|5:762:2
ckpt_300.pt,5,339,0.338385671377182,0.048661813139915466,0.3184345066547394,"44,43,174,239,163","57,150,128,130,205",5:242:2|5:246:2|5:695:2
ckpt_300.pt,5,340,0.33371710777282715,0.06415679305791855,0.30548033118247986,"185,211,15,209,70","221,236,201,75,105",5:177:2|5:1:1|5:4:1
ckpt_300.pt,5,341,0.34028834104537964,0.07984960824251175,0.3246932923793793,"42,101,36,163,136","71,80,25,17,79",5:33:2|5:236:2|5:20:1
ckpt_300.pt,5,342,0.31925269961357117,0.056392852216959,0.32591724395751953,"140,14,231,24,99","147,77,127,7,14",5:58:2|5:482:2|5:4:1
ckpt_300.pt,5,343,0.34905171394348145,0.054910678416490555,0.31762486696243286,"246,252,191,229,18","94,154,45,158,56",5:255:2|5:448:2|5:3:1
ckpt_300.pt,5,344,0.32222262024879456,0.069130077958107,0.3380521237850189,"8,84,91,74,71","3,64,85,185,201",5:35:2|5:309:2|5:421:2
ckpt_300.pt,5,345,0.3376808166503906,0.06392300128936768,0.34812140464782715,"157,113,12,233,118","237,33,127,139,98",5:348:2|5:445:2|5:508:2
ckpt_300.pt,5,346,0.32493260502815247,0.06506034731864929,0.31618237495422363,"0,103,87,162,130","122,103,162,143,137",5:749:2|5:0:1|5:1:1
ckpt_300.pt,5,347,0.32966628670692444,0.06902478635311127,0.29412412643432617,"159,85,67,137,216","119,225,171,110,138",5:28:2|5:481:2|5:622:2
ckpt_300.pt,5,348,0.3167392313480377,0.05631118640303612,0.33492356538772583,"233,80,113,9,90","7,204,218,35,64",5:80:2|5:345:2|5:936:2
ckpt_300.pt,5,349,0.3104514181613922,0.0718965083360672,0.3401959240436554,"63,99,36,217,119","36,102,234,10,164",5:573:2|5:789:2|5:804:2
ckpt_300.pt,5,350,0.32509493827819824,0.05855914577841759,0.3398519456386566,"115,103,31,230,170","48,180,246,75,104",5:36:2|5:377:2|5:10:1
ckpt_300.pt,5,351,0.3075328767299652,0.05099039152264595,0.3288111388683319,"64,184,47,130,145","81,177,235,61,33",5:192:2|5:878:2|5:1:1
ckpt_300.pt,5,352,0.33284062147140503,0.0633760318160057,0.3196973502635956,"247,250,7,23,13","181,8,44,179,87",5:182:2|5:267:2|5:14:1
ckpt_300.pt,5,353,0.3231797516345978,0.06509658694267273,0.31185734272003174,"117,111,185,67,199","30,251,239,106,94",5:102:2|5:142:2|5:157:2
ckpt_300.pt,5,354,0.31657204031944275,0.06908848136663437,0.32105398178100586,"161,93,44,170,184","215,28,36,236,184",5:474:2|5:788:2|5:22:1
ckpt_300.pt,5,355,0.3104051351547241,0.054696984589099884,0.328262597322464,"186,85,68,122,97","245,251,147,244,179",5:690:2|5:23:1|5:28:1
ckpt_300.pt,5,356,0.2950007915496826,0.06824936717748642,0.322903573513031,"62,228,12,73,172","71,49,94,9,132",5:275:2|5:877:2|5:953:2
ckpt_300.pt,5,357,0.3327427804470062,0.06528022885322571,0.33159175515174866,"251,24,153,92,7","246,33,47,145,176",5:1005:2|5:21:1|5:27:1
ckpt_300.pt,5,358,0.33753836154937744,0.088913694024086,0.2948111593723297,"53,156,204,125,3","41,2,33,40,236",5:193:2|5:484:2|5:0:1
ckpt_300.pt,5,359,0.33244314789772034,0.0674889087677002,0.32583892345428467,"172,56,0,116,10","127,111,253,164,61",5:234:2|5:20:1|5:46:1
ckpt_300.pt,5,360,0.3249240815639496,0.06892622262239456,0.31919392943382263,"173,255,243,147,163","14,179,129,22,250",5:145:2|5:585:2|5:804:2
ckpt_300.pt,5,361,0.34344959259033203,0.06686902791261673,0.32798755168914795,"41,16,54,37,216","36,221,19,239,227",5:596:2|5:870:2|5:899:2
ckpt_300.pt,5,362,0.32410815358161926,0.05662528797984123,0.328082799911499,"53,31,33,74,55","77,142,204,16,169",5:210:2|5:426:2|5:444:2
ckpt_300.pt,5,363,0.32757264375686646,0.05847625806927681,0.34654131531715393,"139,123,107,213,29","25,223,123,146,208",5:173:2|5:367:2|5:2:1
ckpt_300.pt,5,364,0.32992106676101685,0.06455724686384201,0.30292418599128723,"98,198,213,51,52","115,58,47,210,94",5:199:2|5:546:2|5:594:2
ckpt_300.pt,5,365,0.31227168440818787,0.056182656437158585,0.3189447820186615,"49,151,65,112,208","63,48,97,108,210",5:190:2|5:247:2|5:294:2
ckpt_300.pt,5,366,0.343502402305603,0.06976833939552307,0.33090174198150635,"90,222,175,4,152","130,54,46,183,69",5:227:2|5:583:2|5:6:1
ckpt_300.pt,5,367,0.31005433201789856,0.06389365345239639,0.3172202706336975,"5,107,29,181,69","47,134,175,12,230",5:363:2|5:634:2|5:786:2
ckpt_300.pt,5,368,0.34683430194854736,0.054898638278245926,0.3137592077255249,"179,37,31,42,18","2,87,118,157,78",5:405:2|5:454:2|5:4:1
ckpt_300.pt,5,369,0.3255615234375,0.06716165691614151,0.30008646845817566,"144,12,150,72,203","228,251,54,184,121",5:2:2|5:88:2|5:730:2
ckpt_300.pt,5,370,0.30157485604286194,0.05407792702317238,0.31180888414382935,"100,171,132,32,9","252,125,55,137,254",5:520:2|5:6:1|5:9:1
ckpt_300.pt,5,371,0.337826132774353,0.06287280470132828,0.3144950270652771,"78,230,181,213,157","227,234,18,106,75",5:5:2|5:320:2|5:470:2
ckpt_300.pt,5,372,0.31401821970939636,0.06077619269490242,0.3243939280509949,"25,188,170,152,172","122,221,143,172,63",5:50:2|5:51:2|5:501:2
ckpt_300.pt,5,373,0.31707891821861267,0.06386801600456238,0.334713339805603,"79,240,52,182,186","53,105,71,37,247",5:414:2|5:484:2|5:16:1
ckpt_300.pt,5,374,0.3466325104236603,0.05787089094519615,0.3249190151691437,"146,5,180,86,137","3,96,122,99,148",5:22:2|5:400:2|5:791:2
ckpt_300.pt,5,375,0.31363528966903687,0.06021999195218086,0.31358373165130615,"172,162,77,236,240","51,162,142,159,60",5:88:2|5:531:2|5:599:2
ckpt_300.pt,5,376,0.3106004297733307,0.056017424911260605,0.33127501606941223,"189,211,194,115,85","249,163,140,126,166",5:28:2|5:119:2|5:377:2
ckpt_300.pt,5,377,0.35006576776504517,0.06665075570344925,0.322938472032547,"127,101,115,170,189","225,19,76,156,2",5:350:2|5:376:2|5:18:1
ckpt_300.pt,5,378,0.3353442847728729,0.06098192557692528,0.3312266170978546,"5,24,128,54,33","50,27,168,41,212",5:22:2|5:171:2|5:592:2
ckpt_300.pt,5,379,0.3452605903148651,0.0706803947687149,0.3191360533237457,"152,9,122,45,158","236,30,31,112,189",5:96:2|5:299:2|5:585:2
ckpt_300.pt,5,380,0.34493288397789,0.07460599392652512,0.3400688171386719,"174,184,249,105,159","4,175,118,239,83",5:0:2|5:167:2|5:474:2
ckpt_300.pt,5,381,0.3348945677280426,0.05613851919770241,0.308721661567688,"177,109,111,193,159","182,108,85,38,215",5:76:2|5:456:2|5:594:2
ckpt_300.pt,5,382,0.35254907608032227,0.056048501282930374,0.3407623767852783,"163,187,180,224,41","84,12,240,151,76",5:519:2|5:1002:2|5:14:1
ckpt_300.pt,5,383,0.33985018730163574,0.0647539421916008,0.35320988297462463,"117,247,179,242,240","89,37,80,195,82",5:927:2|5:6:1|5:20:1
ckpt_300.pt,5,384,0.34192416071891785,0.062362413853406906,0.3203325867652893,"171,243,250,103,104","173,212,222,230,188",5:10:2|5:267:2|5:668:2
ckpt_300.pt,5,385,0.3329917788505554,0.0765652135014534,0.3324282467365265,"198,17,84,149,201","245,34,78,171,9",5:185:2|5:919:2|5:2:1
ckpt_300.pt,5,386,0.33366936445236206,0.058501772582530975,0.34632009267807007,"218,93,102,245,185","34,164,209,2,146",5:161:2|5:202:2|5:1:1
ckpt_300.pt,5,387,0.33450379967689514,0.06398876756429672,0.334454745054245,"131,150,50,244,193","155,40,69,173,185",5:606:2|5:617:2|5:8:1
ckpt_300.pt,5,388,0.3287394344806671,0.06681563705205917,0.3244835436344147,"9,82,234,176,12","59,6,188,249,117",5:78:2|5:123:2|5:626:2
ckpt_300.pt,5,389,0.34076136350631714,0.06209121644496918,0.30858999490737915,"48,141,167,161,17","38,218,125,34,20",5:128:2|5:335:2|5:875:2
ckpt_300.pt,5,390,0.33485937118530273,0.0685196965932846,0.3293587267398834,"182,113,24,184,40","33,98,80,135,101",5:5:1|5:18:1|5:22:1
ckpt_300.pt,5,391,0.3074716031551361,0.05771632120013237,0.3328242301940918,"160,149,136,196,237","70,217,142,226,239",5:457:2|5:771:2|5:874:2
ckpt_300.pt,5,392,0.3363710641860962,0.056324224919080734,0.3514823913574219,"19,15,204,217,78","226,37,244,171,197",5:24:2|5:912:2|5:5:1
ckpt_300.pt,5,393,0.3453044295310974,0.05879354104399681,0.32126086950302124,"180,175,141,116,226","248,2,173,12,160",5:20:1|5:23:1|5:37:1
ckpt_300.pt,5,394,0.32501840591430664,0.05920614302158356,0.30417388677597046,"71,9,38,212,114","158,189,246,145,192",5:626:2|5:887:2|5:26:1
ckpt_300.pt,5,395,0.33534327149391174,0.06249997392296791,0.32188180088996887,"170,99,195,60,198","193,223,240,186,90",5:527:2|5:765:2|5:26:1
ckpt_300.pt,5,396,0.31306618452072144,0.04941747337579727,0.3234074115753174,"52,231,202,173,77","144,18,195,161,149",5:902:2|5:3:1|5:4:1
ckpt_300.pt,5,397,0.3461645245552063,0.054390791803598404,0.32154905796051025,"13,175,252,95,157","21,2,113,77,26",5:719:2|5:929:2|5:966:2
ckpt_300.pt,5,398,0.33212515711784363,0.05667106807231903,0.33173730969429016,"236,135,26,126,241","155,88,230,131,28",5:174:2|5:225:2|5:632:2
ckpt_300.pt,5,399,0.32649803161621094,0.06994058191776276,0.3288176953792572,"10,224,123,90,153","165,3,205,175,242",5:115:2|5:180:2|5:318:2
ckpt_300.pt,5,400,0.3401447534561157,0.06302864104509354,0.3112308382987976,"17,95,86,215,180","143,8,68,16,130",5:374:2|5:559:2|5:893:2
ckpt_300.pt,5,401,0.35616347193717957,0.06969543546438217,0.3361307382583618,"182,90,78,126,58","135,214,191,2,11",5:217:2|5:738:2|5:5:1
ckpt_300.pt,5,402,0.30858826637268066,0.05382297560572624,0.3133150339126587,"240,137,104,36,94","214,241,14,225,216",5:104:2|5:1014:2|5:9:1
ckpt_300.pt,5,403,0.35796070098876953,0.06359042972326279,0.3467685580253601,"194,113,218,231,225","46,112,58,106,57",5:548:2|5:4:1|5:6:1
ckpt_300.pt,5,404,0.3035014271736145,0.06376251578330994,0.34882402420043945,"229,91,6,161,198","170,17,183,156,12",5:176:2|5:421:2|5:745:2
ckpt_300.pt,5,405,0.3046579957008362,0.053693149238824844,0.3137616217136383,"121,243,179,42,198","120,21,174,138,160",5:208:2|5:368:2|5:633:2
ckpt_300.pt,5,406,0.3142753839492798,0.07009163498878479,0.33746424317359924,"242,115,183,173,34","58,131,203,163,43",5:598:2|5:790:2|5:847:2
ckpt_300.pt,5,407,0.30838602781295776,0.06712963432073593,0.32256007194519043,"219,133,141,75,201","58,229,151,26,11",5:684:2|5:7:1|5:12:1
ckpt_300.pt,5,408,0.31994226574897766,0.055405598133802414,0.3136831223964691,"61,7,124,211,32","99,222,129,46,40",5:449:2|5:858:2|5:1:1
ckpt_300.pt,5,409,0.32270678877830505,0.05524956062436104,0.30892303586006165,"10,9,87,81,243","128,181,127,245,144",5:585:2|5:754:2|5:0:1
ckpt_300.pt,5,410,0.35915860533714294,0.07185304909944534,0.32386213541030884,"135,44,223,150,243","62,103,98,33,173",5:246:2|5:606:2|5:681:2
ckpt_300.pt,5,411,0.35874632000923157,0.06831987202167511,0.3267856240272522,"49,92,37,91,87","219,5,175,183,160",5:431:2|5:759:2|5:925:2
ckpt_300.pt,5,412,0.3382922410964966,0.06641606986522675,0.3197547197341919,"156,242,44,85,114","97,23,56,114,177",5:150:2|5:683:2|5:970:2
ckpt_300.pt,5,413,0.3402774930000305,0.06341171264648438,0.3229212164878845,"183,29,149,74,228","20,94,172,43,174",5:558:2|5:919:2|5:2:1
ckpt_300.pt,5,414,0.3146054744720459,0.06179090589284897,0.31624922156333923,"98,140,186,250,79","236,114,75,182,23",5:373:2|5:15:1|5:16:1
ckpt_300.pt,5,415,0.3333720266819,0.05951378121972084,0.32156848907470703,"17,125,103,118,193","255,125,205,7,87",5:186:2|5:285:2|5:803:2
ckpt_300.pt,5,416,0.36444562673568726,0.08915018290281296,0.33581995964050293,"73,20,45,40,70","90,69,9,131,157",5:1:1|5:5:1|5:25:1
ckpt_300.pt,5,417,0.3553310036659241,0.07500568777322769,0.3367310166358948,"170,209,18,119,56","183,52,251,69,168",5:4:2|5:451:2|5:930:2
ckpt_300.pt,5,418,0.35486194491386414,0.06113769859075546,0.3331218659877777,"110,53,221,87,138","146,25,74,78,44",5:186:2|5:0:1|5:3:1
ckpt_300.pt,5,419,0.3202730715274811,0.055420372635126114,0.32644209265708923,"27,248,161,235,92","66,136,142,166,95",5:106:2|5:128:2|5:549:2
ckpt_300.pt,5,420,0.3281219005584717,0.058121293783187866,0.3123793303966522,"242,189,88,198,164","12,105,45,17,128",5:572:2|5:9:1|5:34:1
ckpt_300.pt,5,421,0.3212500810623169,0.05780850723385811,0.3152098059654236,"231,161,91,195,71","171,158,6,86,155",5:202:2|5:220:2|5:344:2
ckpt_300.pt,5,422,0.33786094188690186,0.08002754300832748,0.32444536685943604,"100,170,36,194,182","158,203,85,32,154",5:451:2|5:717:2|5:738:2
ckpt_300.pt,5,423,0.33942893147468567,0.06447744369506836,0.3082955479621887,"7,220,195,162,4","185,91,254,204,222",5:679:2|5:717:2|5:731:2
ckpt_300.pt,5,424,0.31415262818336487,0.057119615375995636,0.34382304549217224,"24,122,30,2,117","129,16,214,117,137",5:56:2|5:642:2|5:6:1
ckpt_300.pt,5,425,0.33670666813850403,0.058469049632549286,0.31786543130874634,"171,210,138,28,31","28,174,164,145,33",5:706:2|5:9:1|5:36:1
ckpt_300.pt,5,426,0.3282983601093292,0.061897434294223785,0.3400563895702362,"241,55,13,51,33","255,242,40,94,180",5:281:2|5:362:2|5:763:2
ckpt_300.pt,5,427,0.30754151940345764,0.051576681435108185,0.3290901780128479,"162,189,84,227,147","169,82,89,100,0",5:117:2|5:163:2|5:679:2
ckpt_300.pt,5,428,0.3318852484226227,0.062238436192274094,0.3405510485172272,"54,125,243,6,211","185,217,6,101,80",5:319:2|5:686:2|5:1:1
ckpt_300.pt,5,429,0.3433227837085724,0.06668413430452347,0.31677934527397156,"172,84,6,28,132","222,66,81,70,233",5:675:2|5:5:1|5:9:1
ckpt_300.pt,5,430,0.34066709876060486,0.05581348389387131,0.3327687382698059,"223,146,141,89,140","57,117,11,235,173",5:333:2|5:792:2|5:11:1
ckpt_300.pt,5,431,0.3546512722969055,0.0779220461845398,0.3237990140914917,"126,254,92,49,61","144,97,227,221,102",5:759:3|5:129:2|5:411:2
ckpt_300.pt,5,432,0.3273090124130249,0.05823099613189697,0.33605650067329407,"112,208,247,12,79","20,101,115,3,143",5:16:2|5:54:2|5:123:2
ckpt_300.pt,5,433,0.32307109236717224,0.07588303089141846,0.33506661653518677,"50,123,189,65,191","72,211,59,146,179",5:255:2|5:662:2|5:1010:2
ckpt_300.pt,5,434,0.3307546079158783,0.07648915797472,0.3498521149158478,"136,162,205,17,46","216,70,59,130,97",5:477:2|5:587:2|5:701:2
ckpt_300.pt,5,435,0.34121865034103394,0.05815243348479271,0.33092939853668213,"5,80,105,70,196","2,3,56,236,178",5:14:2|5:152:2|5:786:2
ckpt_300.pt,5,436,0.32554465532302856,0.05097603425383568,0.3179143965244293,"153,6,107,254,46","237,218,13,215,212",5:257:2|5:526:2|5:956:2
ckpt_300.pt,5,437,0.3425072431564331,0.06123017147183418,0.3507649898529053,"50,83,226,44,238","12,76,24,5,249",5:77:2|5:242:2|5:743:2
ckpt_300.pt,5,438,0.3376525342464447,0.0625566691160202,0.3026939332485199,"212,180,29,99,81","104,97,253,254,247",5:26:2|5:708:2|5:31:1
ckpt_300.pt,5,439,0.30349764227867126,0.06987902522087097,0.31931832432746887,"70,144,207,248,181","73,120,107,67,239",5:495:2|5:2:1|5:44:1
ckpt_300.pt,5,440,0.35072752833366394,0.06655354052782059,0.30299708247184753,"64,77,143,74,248","206,181,244,82,172",5:272:2|5:498:2|5:12:1
ckpt_300.pt,5,441,0.3318800926208496,0.05488966405391693,0.31463101506233215,"105,76,44,202,255","96,179,49,252,108",5:984:2|5:3:1|5:8:1
ckpt_300.pt,5,442,0.3185860812664032,0.06010498106479645,0.3136473596096039,"87,50,85,194,21","172,90,237,91,117",5:376:2|5:538:2|5:0:1
ckpt_300.pt,5,443,0.341373085975647,0.06095033511519432,0.2941710650920868,"83,199,241,19,181","250,94,44,116,13",5:591:2|5:618:2|5:46:1
ckpt_300.pt,5,444,0.3292864263057709,0.05491364002227783,0.3224644362926483,"142,67,53,33,36","233,192,0,61,45",5:238:2|5:362:2|5:1:1
ckpt_300.pt,5,445,0.34991419315338135,0.062129728496074677,0.3220934569835663,"240,118,100,233,163","85,225,13,19,163",5:345:2|5:647:2|5:28:1
ckpt_300.pt,5,446,0.34604862332344055,0.055332545191049576,0.3414677679538727,"215,103,7,199,119","91,135,141,61,133",5:12:2|5:285:2|5:3:1
ckpt_300.pt,5,447,0.3064025342464447,0.047096848487854004,0.34537172317504883,"34,33,213,86,35","188,182,124,135,33",5:83:2|5:933:2|5:22:1
ckpt_300.pt,5,448,0.34398311376571655,0.058998946100473404,0.30424055457115173,"207,118,229,246,84","69,54,144,37,236",5:5:2|5:343:2|5:515:2
ckpt_300.pt,5,449,0.35538339614868164,0.07543805986642838,0.3122559189796448,"235,61,211,115,71","26,179,118,69,61",5:36:2|5:321:2|5:376:2
ckpt_300.pt,5,450,0.3004021942615509,0.050995394587516785,0.335423082113266,"26,58,45,112,230","10,115,92,51,197",5:132:2|5:1:1|5:16:1
ckpt_300.pt,5,451,0.32704874873161316,0.06433100998401642,0.3402341604232788,"242,170,36,209,62","171,123,241,216,13",5:107:2|5:313:2|5:417:2
ckpt_300.pt,5,452,0.33535459637641907,0.07440029829740524,0.3177718222141266,"74,13,93,207,87","238,146,168,218,83",5:0:1|5:3:1|5:25:1
ckpt_300.pt,5,453,0.31549596786499023,0.05956455320119858,0.33227697014808655,"204,43,134,68,166","98,105,225,54,124",5:30:2|5:89:2|5:494:2
ckpt_300.pt,5,454,0.3648201823234558,0.06489896774291992,0.33336758613586426,"37,170,149,42,190","152,208,17,209,4",5:368:2|5:678:2|5:908:2
ckpt_300.pt,5,455,0.3355824053287506,0.06077643856406212,0.3549090027809143,"230,239,164,152,185","131,166,235,140,162",5:242:2|5:590:2|5:695:2
ckpt_300.pt,5,456,0.33761730790138245,0.06748350709676743,0.322609543800354,"111,206,153,11,193","251,224,236,129,23",5:284:2|5:381:2|5:726:2
ckpt_300.pt,5,457,0.32882392406463623,0.0526389479637146,0.3155765235424042,"223,149,160,97,28","101,13,48,109,14",5:391:2|5:761:2|5:771:2
ckpt_300.pt,5,458,0.32693925499916077,0.05344228446483612,0.3402959108352661,"158,252,114,254,234","144,93,254,229,145",5:870:2|5:940:2|5:11:1
ckpt_300.pt,5,459,0.3177441656589508,0.057717595249414444,0.3177920877933502,"143,190,189,226,57","153,9,23,56,100",5:33:2|5:145:2|5:336:2
ckpt_300.pt,5,460,0.33161839842796326,0.06755241751670837,0.30171313881874084,"233,71,33,192,42","28,168,170,14,150",5:215:2|5:244:2|5:965:2
ckpt_300.pt,5,461,0.3319861590862274,0.06016065180301666,0.32990825176239014,"106,95,186,70,28","206,248,104,29,109",5:536:2|5:30:1|5:33:1
ckpt_300.pt,5,462,0.32518723607063293,0.06608904898166656,0.3335397243499756,"162,158,37,173,203","110,112,246,32,205",5:870:2|5:6:1|5:19:1
ckpt_300.pt,5,463,0.34480640292167664,0.061080291867256165,0.3355339467525482,"103,253,97,42,173","18,161,41,37,229",5:613:2|5:6:1|5:10:1
ckpt_300.pt,5,464,0.3349129259586334,0.05551941320300102,0.3204672932624817,"8,135,82,57,29","114,204,55,70,52",5:561:2|5:748:2|5:964:2
ckpt_300.pt,5,465,0.3665814995765686,0.0657183900475502,0.33855944871902466,"228,131,248,33,14","31,132,25,223,188",5:113:2|5:133:2|5:295:2
ckpt_300.pt,5,466,0.3128764033317566,0.05609700083732605,0.331062912940979,"235,195,94,37,114","143,192,53,27,9",5:183:2|5:224:2|5:321:2
ckpt_300.pt,5,467,0.3581736385822296,0.06068134680390358,0.32335934042930603,"96,216,233,175,168","69,230,118,141,80",5:37:2|5:491:2|5:724:2
ckpt_300.pt,5,468,0.36277106404304504,0.06920726597309113,0.3338295817375183,"117,198,218,133,228","233,94,238,121,27",5:6:2|5:52:2|5:181:2
ckpt_300.pt,5,469,0.30724796652793884,0.0737442672252655,0.32647091150283813,"92,220,182,157,82","21,41,49,81,132",5:158:2|5:555:2|5:982:2
ckpt_300.pt,5,470,0.3071763515472412,0.057463422417640686,0.32240304350852966,"94,200,157,230,86","98,41,239,52,94",5:371:2|5:995:2|5:5:1
ckpt_300.pt,5,471,0.34267082810401917,0.08000791072845459,0.3244689404964447,"91,247,18,98,245","245,89,233,189,144",5:15:2|5:582:2|5:691:2
ckpt_300.pt,5,472,0.358472615480423,0.06632442772388458,0.31582093238830566,"40,173,126,232,244","212,177,243,6,227",5:475:2|5:5:1|5:6:1
ckpt_300.pt,5,473,0.37173619866371155,0.06695064157247543,0.31236639618873596,"196,95,20,38,122","188,221,184,101,175",5:892:2|5:68:1|5:80:1
ckpt_300.pt,5,474,0.30703866481781006,0.05339513719081879,0.3321434259414673,"159,161,226,184,25","154,216,62,237,6",5:354:2|5:380:2|5:788:2
ckpt_300.pt,5,475,0.32363104820251465,0.05694330111145973,0.3241101801395416,"250,162,107,126,232","178,253,109,223,179",5:66:2|5:472:2|5:2:1
ckpt_300.pt,5,476,0.31993353366851807,0.05601958930492401,0.31849128007888794,"8,156,84,195,1","160,131,0,82,175",5:149:2|5:320:2|5:344:2
ckpt_300.pt,5,477,0.3324151635169983,0.058103758841753006,0.2931423783302307,"205,172,46,63,164","139,95,176,83,161",5:434:2|5:573:2|5:828:2
ckpt_300.pt,5,478,0.3230469524860382,0.06042179837822914,0.33983156085014343,"253,185,95,48,65","158,235,239,73,1",5:135:2|5:245:2|5:10:1
ckpt_300.pt,5,479,0.31369876861572266,0.054541490972042084,0.31477904319763184,"91,64,246,12,10","206,83,191,195,158",5:164:2|5:228:2|5:624:2
ckpt_300.pt,5,480,0.33697572350502014,0.05258212611079216,0.31547459959983826,"76,118,9,187,131","56,92,112,49,255",5:216:2|5:42:1|5:46:1
ckpt_300.pt,5,481,0.3324374258518219,0.05985809117555618,0.34398147463798523,"67,85,22,56,112","115,202,140,240,227",5:24:2|5:347:2|5:544:2
ckpt_300.pt,5,482,0.30652058124542236,0.06831434369087219,0.3443770408630371,"230,99,155,107,231","200,70,157,58,93",5:2:2|5:26:2|5:310:2
ckpt_300.pt,5,483,0.3263047933578491,0.05830627679824829,0.3329025208950043,"198,86,153,212,126","192,211,157,135,50",5:49:2|5:70:2|5:208:2
ckpt_300.pt,5,484,0.330172061920166,0.06463559716939926,0.31293362379074097,"53,79,125,240,40","200,130,103,180,101",5:193:2|5:358:2|5:373:2
ckpt_300.pt,5,485,0.33277466893196106,0.07289787381887436,0.3319627642631531,"11,45,235,196,0","35,131,193,137,153",5:108:2|5:1:1|5:11:1
ckpt_300.pt,5,486,0.33211997151374817,0.05690501257777214,0.3184767961502075,"24,94,171,11,51","28,103,40,196,129",5:9:2|5:253:2|5:773:2
ckpt_300.pt,5,487,0.31559282541275024,0.06703545153141022,0.3310277760028839,"25,213,104,124,193","84,116,44,209,183",5:488:2|5:515:2|5:10:1
ckpt_300.pt,5,488,0.32536396384239197,0.06051162630319595,0.3288693428039551,"33,25,75,124,91","242,51,165,5,168",5:244:2|5:487:2|5:16:1
ckpt_300.pt,5,489,0.35897836089134216,0.0802544429898262,0.333741694688797,"215,100,216,27,201","187,35,138,109,21",5:496:2|5:826:2|5:1003:2
ckpt_300.pt,5,490,0.35345903038978577,0.055112868547439575,0.353889524936676,"42,80,143,78,28","42,158,7,150,161",5:271:2|5:5:1|5:14:1
ckpt_300.pt,5,491,0.34998124837875366,0.08423756062984467,0.32605549693107605,"88,96,210,216,10","6,45,188,153,106",5:251:2|5:467:2|5:1023:2
ckpt_300.pt,5,492,0.3547602593898773,0.06016967445611954,0.34169191122055054,"73,225,233,249,58","63,241,240,105,148",5:132:2|5:0:1|5:17:1
ckpt_300.pt,5,493,0.3219270408153534,0.05946042388677597,0.29776179790496826,"217,64,54,235,225","60,190,202,213,237",5:278:2|5:566:2|5:610:2
ckpt_300.pt,5,494,0.33184751868247986,0.0635700672864914,0.3416443467140198,"68,56,60,43,153","5,23,183,209,245",5:57:2|5:322:2|5:453:2
ckpt_300.pt,5,495,0.33608952164649963,0.06448633223772049,0.34181690216064453,"207,195,144,123,1","99,47,201,81,246",5:284:2|5:439:2|5:476:2
ckpt_300.pt,5,496,0.3635318875312805,0.0626741424202919,0.32453107833862305,"201,102,215,50,76","176,215,168,25,129",5:489:2|5:1003:2|5:1:1
ckpt_300.pt,5,497,0.3104344308376312,0.05563369020819664,0.3054479658603668,"128,240,176,196,29","214,223,120,253,88",5:13:1|5:22:1|5:24:1
ckpt_300.pt,5,498,0.3207179605960846,0.05325016751885414,0.32502827048301697,"89,64,154,248,110","67,125,194,238,10",5:272:2|5:440:2|5:17:1
ckpt_300.pt,5,499,0.4147593677043915,0.07821178436279297,0.3497923016548157,"0,74,191,67,170","230,82,53,164,13",5:79:2|5:3:1|5:10:1
ckpt_300.pt,5,500,0.3525858521461487,0.07402247935533524,0.35695981979370117,"198,19,101,160,186","222,28,201,90,148",5:70:2|5:527:2|5:27:1
ckpt_300.pt,5,501,0.3271441161632538,0.07451586425304413,0.3309285640716553,"237,51,152,170,15","201,3,50,35,102",5:45:2|5:372:2|5:566:2
ckpt_300.pt,5,502,0.3184548318386078,0.0626574382185936,0.31139087677001953,"166,245,227,103,41","107,223,33,81,165",5:523:2|5:647:2|5:966:2
ckpt_300.pt,5,503,0.297130286693573,0.04616611450910568,0.31025633215904236,"106,234,31,75,40","183,223,252,236,117",5:629:2|5:706:2|5:5:1
ckpt_300.pt,5,504,0.3157977759838104,0.057776905596256256,0.3195640742778778,"218,227,230,150,234","60,15,225,104,4",5:319:2|5:700:2|5:828:2
ckpt_300.pt,5,505,0.33828094601631165,0.05948465317487717,0.3445296883583069,"29,221,41,222,168","228,100,222,152,59",5:601:2|5:8:1|5:25:1
ckpt_300.pt,5,506,0.34621289372444153,0.06241511553525925,0.3139784634113312,"55,30,140,123,31","220,255,112,92,194",5:362:2|5:792:2|5:960:2
ckpt_300.pt,5,507,0.2933834493160248,0.06538084894418716,0.337929904460907,"27,66,102,175,142","254,172,139,128,182",5:1:2|5:89:2|5:693:2
ckpt_300.pt,5,508,0.3494235873222351,0.06736429780721664,0.3288932740688324,"158,88,160,118,113","243,167,226,65,171",5:71:2|5:92:2|5:221:2
ckpt_300.pt,5,509,0.32212603092193604,0.05406729876995087,0.3336586058139801,"97,45,237,205,54","21,5,84,97,36",5:47:2|5:326:2|5:566:2
ckpt_300.pt,5,510,0.3192793130874634,0.0554172657430172,0.31491369009017944,"0,78,208,219,36","67,223,216,254,199",5:108:2|5:568:2|5:738:2
ckpt_300.pt,5,511,0.3349488377571106,0.05623740330338478,0.31829833984375,"183,31,184,83,128","5,21,236,153,195",5:963:2|5:4:1|5:13:1
ckpt_300.pt,5,512,0.34762728214263916,0.0598989836871624,0.35375967621803284,"1,177,251,117,171","78,103,143,32,126",5:571:2|5:787:2|5:927:2
ckpt_300.pt,5,513,0.3239765763282776,0.075493723154068,0.32272133231163025,"97,16,52,19,139","34,232,90,108,235",5:162:2|5:17:1|5:39:1
ckpt_300.pt,5,514,0.3494678735733032,0.06472116708755493,0.3067440688610077,"184,177,200,248,166","240,124,103,10,136",5:3:1|5:32:1|5:42:1
ckpt_300.pt,5,515,0.3251797556877136,0.04994312673807144,0.33172497153282166,"90,124,84,104,207","173,247,226,218,181",5:98:2|5:448:2|5:487:2
ckpt_300.pt,5,516,0.3223453164100647,0.068705715239048,0.33186790347099304,"29,27,53,205,207","241,11,150,164,249",5:64:2|5:291:2|5:542:2
ckpt_300.pt,5,517,0.2991090416908264,0.057901009917259216,0.3087119460105896,"195,177,183,49,66","101,169,9,209,162",5:3:1|5:4:1|5:21:1
ckpt_300.pt,5,518,0.3110543191432953,0.06696406751871109,0.33407172560691833,"145,55,235,71,175","164,133,205,165,197",5:321:2|5:449:2|5:1004:2
ckpt_300.pt,5,519,0.3458113968372345,0.07260380685329437,0.3454185724258423,"173,180,218,139,41","195,138,51,232,105",5:6:2|5:382:2|5:543:2
ckpt_300.pt,5,520,0.3392845392227173,0.06113690510392189,0.3094090521335602,"32,171,114,105,6","229,143,24,176,101",5:155:2|5:370:2|5:711:2
ckpt_300.pt,5,521,0.30267220735549927,0.05341236665844917,0.3183067739009857,"149,187,172,191,242","25,74,151,189,215",5:325:2|5:654:2|5:893:2
ckpt_300.pt,5,522,0.32653969526290894,0.06348717957735062,0.3352520763874054,"186,217,222,237,93","253,180,25,150,189",5:43:2|5:222:2|5:583:2
ckpt_300.pt,5,523,0.31023889780044556,0.04959152266383171,0.3261216878890991,"166,20,206,245,50","208,164,168,159,147",5:329:2|5:502:2|5:32:1
ckpt_300.pt,5,524,0.32559335231781006,0.053439911454916,0.32250308990478516,"195,41,95,127,242","153,86,73,31,70",5:46:2|5:55:2|5:966:2
ckpt_300.pt,5,525,0.34438297152519226,0.06793493032455444,0.3140788674354553,"47,206,126,83,62","110,188,220,80,186",5:304:2|5:7:1|5:8:1
ckpt_300.pt,5,526,0.3193356692790985,0.06288953125476837,0.32312116026878357,"254,107,50,138,43","252,44,100,204,197",5:179:2|5:436:2|5:764:2
ckpt_300.pt,5,527,0.3114602565765381,0.07382557541131973,0.3245263397693634,"133,140,195,101,198","26,250,43,167,223",5:58:2|5:71:2|5:208:2
ckpt_300.pt,5,528,0.3417302668094635,0.06590843945741653,0.3115556240081787,"188,18,49,77,39","8,6,100,14,185",5:166:2|5:857:2|5:4:1
ckpt_300.pt,5,529,0.31563660502433777,0.06675026565790176,0.3419250547885895,"178,183,143,118,105","56,62,25,197,255",5:4:1|5:23:1|5:33:1
ckpt_300.pt,5,530,0.33670541644096375,0.0569399930536747,0.3413466513156891,"53,38,35,217,154","105,168,61,59,169",5:233:2|5:286:2|5:17:1
ckpt_300.pt,5,531,0.3410046398639679,0.053968701511621475,0.31716927886009216,"172,240,255,101,64","13,153,156,107,188",5:166:2|5:375:2|5:621:2
ckpt_300.pt,5,532,0.3349456787109375,0.06269775331020355,0.34229564666748047,"145,238,93,90,239","144,220,107,122,173",5:227:2|5:20:1|5:63:1
ckpt_300.pt,5,533,0.35587167739868164,0.06764157116413116,0.33578744530677795,"26,3,114,129,69","127,91,217,232,175",5:111:2|5:333:2|5:38:1
ckpt_300.pt,5,534,0.3218463957309723,0.05559322610497475,0.32618001103401184,"93,128,193,47,114","192,209,124,115,67",5:811:2|5:13:1|5:22:1
ckpt_300.pt,5,535,0.31041112542152405,0.06001313775777817,0.31010422110557556,"63,98,106,41,60","14,83,187,18,69",5:750:2|5:901:2|5:15:1
ckpt_300.pt,5,536,0.31085968017578125,0.05847865715622902,0.3295017182826996,"244,106,95,5,130","84,191,201,187,204",5:157:2|5:461:2|5:1:1
ckpt_300.pt,5,537,0.3358561396598816,0.06811586022377014,0.32716333866119385,"108,16,24,137,212","79,27,167,19,110",5:26:2|5:27:2|5:125:2
ckpt_300.pt,5,538,0.3911851942539215,0.07417386770248413,0.3330029547214508,"50,42,112,220,21","247,3,6,229,33",5:247:2|5:442:2|5:679:2
ckpt_300.pt,5,539,0.34423142671585083,0.061825938522815704,0.3177555203437805,"9,219,44,251,110","211,30,60,89,91",5:223:2|5:788:2|5:887:2
ckpt_300.pt,5,540,0.33056026697158813,0.070717453956604,0.3013419210910797,"84,225,215,193,2","152,182,90,132,207",5:285:2|5:310:2|5:620:2
ckpt_300.pt,5,541,0.34537407755851746,0.07079388946294785,0.3328683376312256,"74,86,231,75,61","246,118,41,138,157",5:48:2|5:697:2|5:4:1
ckpt_300.pt,5,542,0.33778664469718933,0.06828153133392334,0.3279563784599304,"205,169,211,29,26","175,12,111,239,223",5:516:2|5:1:1|5:52:1
ckpt_300.pt,5,543,0.3393620550632477,0.06385306268930435,0.35793349146842957,"24,41,206,159,139","187,81,42,84,161",5:59:2|5:253:2|5:519:2
ckpt_300.pt,5,544,0.3265010416507721,0.07615601271390915,0.3437972664833069,"78,112,61,152,22","230,139,248,67,81",5:481:2|5:5:1|5:10:1
ckpt_300.pt,5,545,0.32151415944099426,0.07002270221710205,0.34798094630241394,"112,192,109,120,254","17,252,189,51,168",5:257:2|5:843:2|5:854:2
ckpt_300.pt,5,546,0.34392663836479187,0.067661352455616,0.32128626108169556,"213,52,73,4,91","5,204,15,97,4",5:199:2|5:364:2|5:668:2
ckpt_300.pt,5,547,0.3400692343711853,0.06255090236663818,0.35560858249664307,"181,53,45,176,14","91,104,208,212,213",5:186:2|5:249:2|5:931:2
ckpt_300.pt,5,548,0.3411206305027008,0.06917598098516464,0.33139583468437195,"231,10,225,153,226","218,253,109,123,54",5:210:2|5:322:2|5:399:2
ckpt_300.pt,5,549,0.33482828736305237,0.057649191468954086,0.3098318576812744,"12,92,27,5,239","23,200,246,108,84",5:123:2|5:153:2|5:296:2
ckpt_300.pt,5,550,0.3165234327316284,0.07493190467357635,0.31531116366386414,"0,133,173,1,60","18,179,99,241,242",5:6:1|5:52:1|5:57:1
ckpt_300.pt,5,551,0.32225489616394043,0.0675261840224266,0.3205562233924866,"4,12,98,236,232","228,35,239,153,28",5:153:2|5:626:2|5:632:2
ckpt_300.pt,5,552,0.33992519974708557,0.068227119743824,0.3248414993286133,"214,155,162,246,129","60,168,90,10,80",5:978:2|5:2:1|5:5:1
ckpt_300.pt,5,553,0.3208489418029785,0.05317003279924393,0.30803242325782776,"151,99,245,123,117","9,6,55,8,214",5:685:2|5:6:1|5:20:1
ckpt_300.pt,5,554,0.32522496581077576,0.07073719054460526,0.345980703830719,"129,43,170,245,196","105,243,110,53,77",5:939:2|5:963:2|5:30:1
ckpt_300.pt,5,555,0.3112805187702179,0.0565636120736599,0.33780479431152344,"168,220,93,157,116","94,199,56,47,165",5:20:2|5:38:2|5:469:2
ckpt_300.pt,5,556,0.34512001276016235,0.051612090319395065,0.3261875808238983,"22,20,143,58,71","8,157,242,40,67",5:24:1|5:33:1|5:35:1
ckpt_300.pt,5,557,0.3309575319290161,0.060930036008358,0.3036120533943176,"42,123,40,231,210","127,215,92,228,9",5:154:2|5:4:1|5:5:1
ckpt_300.pt,5,558,0.3296826183795929,0.06967180222272873,0.3231841027736664,"187,206,228,183,14","55,225,37,163,22",5:413:2|5:465:2|5:705:2
ckpt_300.pt,5,559,0.3631073534488678,0.07734949141740799,0.33620044589042664,"215,188,163,182,95","105,201,182,104,219",5:82:2|5:400:2|5:619:2
ckpt_300.pt,5,560,0.34233495593070984,0.061092402786016464,0.32706040143966675,"39,150,3,66,15","115,246,59,94,100",5:884:2|5:7:1|5:8:1
ckpt_300.pt,5,561,0.33308327198028564,0.05882706865668297,0.32139793038368225,"101,71,15,8,29","20,224,205,167,215",5:139:2|5:344:2|5:464:2
ckpt_300.pt,5,562,0.3247917890548706,0.06283651292324066,0.3234289586544037,"21,77,102,65,11","218,17,137,108,76",5:253:2|5:576:2|5:1:1
ckpt_300.pt,5,563,0.3178025484085083,0.057124555110931396,0.3042973577976227,"224,250,147,20,142","140,198,159,190,226",5:891:2|5:1:1|5:14:1
ckpt_300.pt,5,564,0.2943304479122162,0.05756693705916405,0.29957738518714905,"250,132,45,201,157","9,12,151,224,229",5:189:2|5:303:2|5:1:1
ckpt_300.pt,5,565,0.3349805772304535,0.05973212793469429,0.32892346382141113,"34,80,16,13,8","111,98,17,161,216",5:194:2|5:248:2|5:847:2
ckpt_300.pt,5,566,0.32442063093185425,0.05731604993343353,0.31235840916633606,"237,235,54,152,161","61,133,167,46,11",5:47:2|5:106:2|5:419:2
ckpt_300.pt,5,567,0.3281330168247223,0.06639585644006729,0.32648181915283203,"123,88,224,252,121","243,120,83,109,245",5:115:2|5:180:2|5:399:2
ckpt_300.pt,5,568,0.31212756037712097,0.05268241837620735,0.32294201850891113,"0,214,161,2,36","172,219,166,222,60",5:510:2|5:30:1|5:33:1
ckpt_300.pt,5,569,0.3243396580219269,0.05980376899242401,0.3113596737384796,"65,16,124,229,118","24,129,34,247,137",5:448:2|5:41:1|5:46:1
ckpt_300.pt,5,570,0.33097246289253235,0.0626215785741806,0.31440627574920654,"70,68,170,14,96","70,182,59,32,239",5:214:2|5:602:2|5:916:2
ckpt_300.pt,5,571,0.3096550405025482,0.06254942715167999,0.31750884652137756,"165,171,29,161,177","224,42,92,120,25",5:139:2|5:512:2|5:687:2
ckpt_300.pt,5,572,0.3569236993789673,0.07353783398866653,0.33202818036079407,"231,153,164,189,166","237,190,127,145,60",5:232:2|5:420:2|5:548:2
ckpt_300.pt,5,573,0.32586294412612915,0.05246909707784653,0.3301815688610077,"119,63,164,192,57","245,40,166,41,0",5:207:2|5:349:2|5:477:2
ckpt_300.pt,5,574,0.34407785534858704,0.059814658015966415,0.3164827227592468,"5,158,238,26,245","222,233,12,44,2",5:171:2|5:279:2|5:664:2
ckpt_300.pt,5,575,0.30930718779563904,0.045380398631095886,0.3274964690208435,"127,139,129,181,190","64,163,125,11,129",5:46:2|5:639:2|5:911:2
ckpt_300.pt,5,576,0.3062470853328705,0.06337782740592957,0.3455175459384918,"65,112,219,77,203","43,153,158,163,202",5:12:2|5:365:2|5:562:2
ckpt_300.pt,5,577,0.32082808017730713,0.05742022022604942,0.3124840259552002,"142,86,154,223,90","13,93,18,3,191",5:1:1|5:11:1|5:17:1
ckpt_300.pt,5,578,0.3177051842212677,0.05122344568371773,0.29643288254737854,"173,118,101,93,11","117,134,124,12,158",5:84:2|5:169:2|5:236:2
ckpt_300.pt,5,579,0.3138449192047119,0.05853625386953354,0.31758126616477966,"11,89,2,162,104","180,65,246,55,20",5:10:1|5:13:1|5:34:1
ckpt_300.pt,5,580,0.29409241676330566,0.05557788535952568,0.326320081949234,"200,91,155,186,216","210,193,147,165,48",5:622:2|5:2:1|5:8:1
ckpt_300.pt,5,581,0.33626243472099304,0.06789831817150116,0.3184049129486084,"106,3,213,172,176","213,68,66,34,255",5:166:2|5:650:2|5:776:2
ckpt_300.pt,5,582,0.3189309537410736,0.06347852945327759,0.3385878801345825,"61,98,44,131,18","112,18,30,95,113",5:15:2|5:471:2|5:4:1
ckpt_300.pt,5,583,0.3193577229976654,0.05830937996506691,0.35773414373397827,"55,217,4,0,222","27,8,69,81,194",5:366:2|5:522:2|5:682:2
ckpt_300.pt,5,584,0.3271491527557373,0.06288529187440872,0.33137449622154236,"200,11,229,178,137","64,93,82,57,175",5:131:2|5:338:2|5:612:2
ckpt_300.pt,5,585,0.3234364688396454,0.05642644315958023,0.33261945843696594,"122,9,123,243,163","175,131,236,112,28",5:96:2|5:145:2|5:360:2
ckpt_300.pt,5,586,0.33380618691444397,0.05772408843040466,0.3258509635925293,"98,168,165,76,30","26,154,136,45,218",5:100:2|5:901:2|5:15:1
ckpt_300.pt,5,587,0.3138539493083954,0.056527361273765564,0.33872947096824646,"82,153,166,136,205","134,152,155,119,95",5:219:2|5:232:2|5:434:2
ckpt_300.pt,5,588,0.3667927384376526,0.06527937948703766,0.36476022005081177,"146,105,20,63,203","143,240,225,52,178",5:758:2|5:812:2|5:19:1
ckpt_300.pt,5,589,0.3328588306903839,0.08162909746170044,0.3390348255634308,"147,208,65,179,106","87,82,138,39,55",5:190:2|5:365:2|5:53:1
ckpt_300.pt,5,590,0.3353704512119293,0.05942004173994064,0.32769331336021423,"230,146,30,159,152","59,143,121,160,234",5:455:2|5:938:2|5:26:1
ckpt_300.pt,5,591,0.3500693738460541,0.06525850296020508,0.33612775802612305,"99,199,202,225,83","136,165,238,113,71",5:116:2|5:157:2|5:443:2
ckpt_300.pt,5,592,0.3267568349838257,0.05737162381410599,0.33881330490112305,"128,124,111,5,169","219,192,98,97,51",5:22:2|5:157:2|5:238:2
ckpt_300.pt,5,593,0.3069102466106415,0.06429120153188705,0.3109874129295349,"243,189,143,19,185","13,151,77,130,137",5:459:2|5:28:1|5:33:1
ckpt_300.pt,5,594,0.32622289657592773,0.06808873265981674,0.3108873665332794,"54,159,177,198,213","112,255,119,53,41",5:76:2|5:185:2|5:364:2
ckpt_300.pt,5,595,0.3077523112297058,0.051755040884017944,0.3056020140647888,"152,237,73,243,86","218,140,95,49,207",5:501:2|5:566:2|5:22:1
ckpt_300.pt,5,596,0.3234802484512329,0.051671870052814484,0.33828359842300415,"41,173,16,33,198","35,113,61,211,118",5:188:2|5:208:2|5:361:2
ckpt_300.pt,5,597,0.39205899834632874,0.06564326584339142,0.3527047634124756,"215,151,243,43,65","144,246,56,80,145",5:93:2|5:259:2|5:365:2
ckpt_300.pt,5,598,0.3208943009376526,0.06109556183218956,0.3240506649017334,"60,231,115,183,162","163,97,41,165,32",5:4:2|5:406:2|5:21:1
ckpt_300.pt,5,599,0.3258746564388275,0.0600973516702652,0.3227243423461914,"44,236,240,199,200","40,22,92,188,147",5:88:2|5:375:2|5:22:1
ckpt_300.pt,5,600,0.32224389910697937,0.07267821580171585,0.32722315192222595,"45,222,227,214,194","232,197,93,80,238",5:41:2|5:65:2|5:175:2
ckpt_300.pt,5,601,0.33343809843063354,0.05927617847919464,0.3220319449901581,"222,182,16,32,29","232,86,188,160,53",5:41:2|5:158:2|5:505:2
ckpt_300.pt,5,602,0.31677666306495667,0.056015532463788986,0.33101528882980347,"167,44,68,14,54","163,130,116,144,131",5:570:2|5:635:2|5:921:2
ckpt_300.pt,5,603,0.3440403342247009,0.0595419704914093,0.3462897837162018,"90,27,150,254,17","186,116,203,87,214",5:11:2|5:929:2|5:8:1
ckpt_300.pt,5,604,0.3163796067237854,0.05636516213417053,0.312105655670166,"53,136,193,34,229","101,160,48,66,28",5:1008:3|5:56:2|5:636:2
ckpt_300.pt,5,605,0.3367338180541992,0.057366542518138885,0.3171527683734894,"87,232,57,147,31","51,48,98,91,96",5:25:2|5:953:2|5:0:1
ckpt_300.pt,5,606,0.34168732166290283,0.06464087963104248,0.31507205963134766,"51,135,150,201,131","163,191,89,226,213",5:197:2|5:387:2|5:410:2
ckpt_300.pt,5,607,0.3241315484046936,0.06292568147182465,0.33147889375686646,"127,188,81,185,69","98,203,205,160,28",5:85:2|5:161:2|5:18:1
ckpt_300.pt,5,608,0.33423036336898804,0.06997279822826385,0.34125223755836487,"22,224,120,113,206","48,196,113,241,8",5:980:2|5:1022:2|5:14:1
ckpt_300.pt,5,609,0.3459046185016632,0.06273888051509857,0.3156479597091675,"166,23,155,100,150","83,125,192,143,213",5:8:2|5:219:2|5:230:2
ckpt_300.pt,5,610,0.31537264585494995,0.05485242232680321,0.3014552593231201,"126,24,16,225,64","226,216,126,19,154",5:278:2|5:493:2|5:537:2
ckpt_300.pt,5,611,0.3185252845287323,0.0629437193274498,0.3332202732563019,"245,34,67,221,249","226,19,118,237,132",5:807:2|5:0:1|5:10:1
ckpt_300.pt,5,612,0.31940126419067383,0.055410537868738174,0.30202069878578186,"229,245,147,186,11","73,66,156,138,240",5:338:2|5:584:2|5:647:2
ckpt_300.pt,5,613,0.305586040019989,0.056550513952970505,0.3177281320095062,"42,46,41,253,237","171,77,111,8,98",5:463:2|5:19:1|5:20:1
ckpt_300.pt,5,614,0.34276336431503296,0.06752648204565048,0.3102204501628876,"12,102,22,121,40","106,79,241,167,126",5:69:2|5:1:1|5:2:1
ckpt_300.pt,5,615,0.327036052942276,0.054890990257263184,0.3450915217399597,"53,177,159,69,249","110,9,72,204,251",5:76:2|5:302:2|5:380:2
ckpt_300.pt,5,616,0.3347536325454712,0.05655226111412048,0.3169465661048889,"191,51,27,64,30","152,94,246,236,198",5:662:2|5:673:2|5:773:2
ckpt_300.pt,5,617,0.293880820274353,0.05709180608391762,0.3299568295478821,"150,142,217,131,169","171,63,80,162,57",5:238:2|5:387:2|5:606:2
ckpt_300.pt,5,618,0.36548662185668945,0.08272606134414673,0.3262060582637787,"126,87,164,19,181","63,200,173,43,1",5:34:2|5:443:2|5:794:2
ckpt_300.pt,5,619,0.31473180651664734,0.0543229803442955,0.2963365316390991,"156,95,163,126,14","234,211,155,5,83",5:80:2|5:135:2|5:141:2
ckpt_300.pt,5,620,0.33547553420066833,0.06181405857205391,0.3572272062301636,"193,77,36,160,215","164,170,249,161,130",5:285:2|5:540:2|5:949:2
ckpt_300.pt,5,621,0.3343067765235901,0.07126746326684952,0.3285103142261505,"84,255,24,240,46","207,102,221,165,178",5:59:2|5:531:2|5:5:1
ckpt_300.pt,5,622,0.333952397108078,0.07540900260210037,0.330616295337677,"20,159,216,171,200","97,108,183,252,66",5:347:2|5:580:2|5:646:2
ckpt_300.pt,5,623,0.3585248291492462,0.05469945818185806,0.3061377704143524,"8,219,74,26,151","169,166,179,225,56",5:315:2|5:344:2|5:627:2
ckpt_300.pt,5,624,0.3197217881679535,0.0594167597591877,0.3484042286872864,"107,167,10,246,169","18,213,212,230,100",5:479:2|5:971:2|5:2:1
ckpt_300.pt,5,625,0.3109992444515228,0.05249844864010811,0.33166202902793884,"12,42,222,116,70","189,69,81,235,150",5:20:2|5:215:2|5:2:1
ckpt_300.pt,5,626,0.33336684107780457,0.058688368648290634,0.3486563265323639,"9,30,114,12,232","68,212,166,218,190",5:150:2|5:388:2|5:394:2
ckpt_300.pt,5,627,0.3226010203361511,0.06161817908287048,0.31846508383750916,"8,64,48,219,225","239,66,217,162,147",5:83:2|5:278:2|5:493:2
ckpt_300.pt,5,628,0.3555715084075928,0.057372093200683594,0.3323509693145752,"118,20,48,59,3","9,19,29,190,51",5:10:1|5:14:1|5:46:1
ckpt_300.pt,5,629,0.34932368993759155,0.07131709158420563,0.330207496881485,"2,95,234,61,40","53,27,68,162,90",5:121:2|5:307:2|5:503:2
ckpt_300.pt,5,630,0.3353342115879059,0.06970222294330597,0.3230961263179779,"45,239,96,219,177","210,36,27,94,116",5:76:2|5:1:1|5:3:1
ckpt_300.pt,5,631,0.35345178842544556,0.06003039702773094,0.31488195061683655,"205,208,70,114,117","192,122,194,84,88",5:54:2|5:155:2|5:291:2
ckpt_300.pt,5,632,0.31774625182151794,0.062475740909576416,0.32599490880966187,"186,26,12,236,196","226,214,175,177,205",5:398:2|5:551:2|5:2:1
ckpt_300.pt,5,633,0.34169265627861023,0.06088181957602501,0.3443332314491272,"121,178,142,184,198","206,130,3,190,110",5:74:2|5:140:2|5:208:2
ckpt_300.pt,5,634,0.361933171749115,0.06118552014231682,0.34049543738365173,"147,47,5,107,38","174,72,163,87,56",5:213:2|5:367:2|5:2:1
ckpt_300.pt,5,635,0.3391699194908142,0.06286250054836273,0.3046480119228363,"132,19,167,178,44","18,71,241,76,184",5:602:2|5:22:1|5:29:1
ckpt_300.pt,5,636,0.3266114294528961,0.0615883432328701,0.3158447742462158,"49,193,234,143,53","7,70,140,198,208",5:294:2|5:604:2|5:713:2
ckpt_300.pt,5,637,0.3345685303211212,0.06742947548627853,0.3233110010623932,"58,243,68,197,208","15,153,51,38,12",5:844:2|5:921:2|5:7:1
ckpt_300.pt,5,638,0.3447395861148834,0.05616346746683121,0.32155534625053406,"104,163,119,3,75","65,87,211,132,24",5:804:2|5:10:1|5:12:1
ckpt_300.pt,5,639,0.31227728724479675,0.05496367812156677,0.33786216378211975,"54,129,190,165,123","92,190,84,166,223",5:115:2|5:575:2|5:13:1
ckpt_300.pt,5,640,0.3278743624687195,0.066031314432621,0.3118520975112915,"110,10,40,91,54","186,158,150,108,171",5:154:2|5:337:2|5:479:2
ckpt_300.pt,5,641,0.3370611369609833,0.0675303041934967,0.33252155780792236,"61,54,172,85,58","199,237,132,13,174",5:35:2|5:105:2|5:307:2
ckpt_300.pt,5,642,0.3206935226917267,0.05736115574836731,0.3341381549835205,"113,117,2,57,234","18,163,232,140,38",5:424:2|5:629:2|5:6:1
ckpt_300.pt,5,643,0.34130606055259705,0.060920488089323044,0.34215858578681946,"128,234,238,62,22","19,173,192,121,207",5:737:2|5:1011:2|5:8:1
ckpt_300.pt,5,644,0.3673906922340393,0.08260452002286911,0.3184751868247986,"240,170,219,146,232","27,123,189,29,245",5:66:2|5:209:2|5:762:2
ckpt_300.pt,5,645,0.3266061842441559,0.054798055440187454,0.3465844690799713,"131,57,21,140,47","225,77,246,203,204",5:275:2|5:330:2|5:816:2
ckpt_300.pt,5,646,0.30448809266090393,0.048707734793424606,0.32731273770332336,"181,168,51,200,159","174,28,29,99,245",5:32:2|5:622:2|5:911:2
ckpt_300.pt,5,647,0.34207239747047424,0.07043372094631195,0.31913089752197266,"245,240,229,227,233","163,47,128,45,214",5:104:2|5:445:2|5:502:2
ckpt_300.pt,5,648,0.311210960149765,0.061642006039619446,0.32007265090942383,"152,32,140,252,198","103,116,101,154,239",5:58:2|5:94:2|5:208:2
ckpt_300.pt,5,649,0.3231685161590576,0.05704295635223389,0.3122001886367798,"32,44,198,1,183","228,120,107,47,230",5:648:2|5:4:1|5:6:1
ckpt_300.pt,5,650,0.3018193244934082,0.06195442005991936,0.3196461796760559,"224,38,106,48,176","195,24,169,55,88",5:124:2|5:158:2|5:282:2
ckpt_300.pt,5,651,0.31082218885421753,0.05298338457942009,0.34208229184150696,"199,171,188,113,180","196,19,96,57,218",5:9:1|5:22:1|5:38:1
ckpt_300.pt,5,652,0.35252609848976135,0.062299694865942,0.3335261344909668,"156,41,83,90,210","32,178,143,246,119",5:188:2|5:772:2|5:0:1
ckpt_300.pt,5,653,0.3387061655521393,0.06781235337257385,0.3273943066596985,"5,220,94,54,32","201,179,107,64,120",5:17:2|5:171:2|5:378:2
ckpt_300.pt,5,654,0.33097970485687256,0.06726203858852386,0.3311907947063446,"195,52,187,149,63","77,0,10,242,91",5:325:2|5:521:2|5:677:2
ckpt_300.pt,5,655,0.3388586938381195,0.054963454604148865,0.35683736205101013,"230,104,71,93,16","203,144,30,137,117",5:276:2|5:10:1|5:13:1
ckpt_300.pt,5,656,0.31116732954978943,0.054016463458538055,0.32942506670951843,"86,136,203,130,242","53,57,214,87,95",5:859:3|5:70:2|5:874:2
ckpt_300.pt,5,657,0.34915807843208313,0.08071856200695038,0.3249610960483551,"82,99,241,28,45","218,247,252,2,182",5:782:2|5:1:1|5:26:1
ckpt_300.pt,5,658,0.3237597644329071,0.0678066536784172,0.31983014941215515,"211,233,143,222,35","185,124,188,189,45",5:37:2|5:713:2|5:801:2
ckpt_300.pt,5,659,0.3394027650356293,0.05507488548755646,0.30966272950172424,"146,208,175,195,234","101,208,146,76,13",5:294:2|5:765:2|5:868:2
ckpt_300.pt,5,660,0.3475552201271057,0.061053309589624405,0.3302692770957947,"195,133,11,224,128","98,73,129,42,65",5:527:2|5:1011:2|5:13:1
ckpt_300.pt,5,661,0.3191874027252197,0.05635048449039459,0.3202388286590576,"85,31,116,215,52","86,44,196,154,23",5:3:1|5:15:1|5:20:1
ckpt_300.pt,5,662,0.33469095826148987,0.06893496215343475,0.35614731907844543,"64,189,125,155,191","181,77,87,105,115",5:164:2|5:192:2|5:433:2
ckpt_300.pt,5,663,0.32956641912460327,0.07544313371181488,0.3158494234085083,"190,169,160,145,202","230,194,137,58,22",5:987:2|5:3:1|5:13:1
ckpt_300.pt,5,664,0.3252393305301666,0.06276124715805054,0.317536860704422,"203,250,238,26,214","136,227,133,247,23",5:574:2|5:891:2|5:19:1
ckpt_300.pt,5,665,0.3390991985797882,0.07133899629116058,0.3420931398868561,"159,252,255,82,81","84,11,109,162,254",5:1000:3|5:31:2|5:188:2
ckpt_300.pt,5,666,0.33463260531425476,0.060385771095752716,0.3096984028816223,"84,39,114,153,235","195,210,219,205,92",5:170:2|5:223:2|5:466:2
ckpt_300.pt,5,667,0.33058226108551025,0.05179182440042496,0.31097856163978577,"100,4,133,164,250","101,57,30,186,167",5:316:2|5:6:1|5:34:1
ckpt_300.pt,5,668,0.32667702436447144,0.06387779861688614,0.34919676184654236,"84,171,213,4,243","75,169,127,157,125",5:9:2|5:384:2|5:546:2
ckpt_300.pt,5,669,0.30992650985717773,0.05621704086661339,0.3155602216720581,"186,226,156,170,130","99,120,162,194,177",5:43:2|5:218:2|5:968:2
ckpt_300.pt,5,670,0.35205063223838806,0.07834479212760925,0.3425234258174896,"6,138,33,223,195","29,129,123,77,222",5:163:2|5:273:2|5:317:2
ckpt_300.pt,5,671,0.3704381287097931,0.07582811266183853,0.3460067808628082,"113,23,137,165,245","81,8,52,229,2",5:329:2|5:691:2|5:14:1
ckpt_300.pt,5,672,0.3291904628276825,0.0711202621459961,0.32995420694351196,"93,109,96,196,171","190,228,7,54,207",5:9:1|5:63:1|5:84:1
ckpt_300.pt,5,673,0.3340325355529785,0.06935180723667145,0.325653076171875,"64,27,15,108,83","76,181,125,50,98",5:77:2|5:616:2|5:693:2
ckpt_300.pt,5,674,0.35008177161216736,0.0714973509311676,0.2996169626712799,"236,239,14,128,18","237,103,64,229,81",5:13:2|5:761:2|5:817:2
ckpt_300.pt,5,675,0.3118859529495239,0.05438444763422012,0.3294088840484619,"6,67,28,206,234","35,235,68,76,109",5:79:2|5:429:2|5:10:1
ckpt_300.pt,5,676,0.3337327241897583,0.06063369661569595,0.33966922760009766,"75,134,93,130,147","251,65,33,219,165",5:16:2|5:881:2|5:1:1
ckpt_300.pt,5,677,0.35608890652656555,0.06198321655392647,0.29534220695495605,"188,195,251,187,235","156,214,224,71,202",5:466:2|5:654:2|5:795:2
ckpt_300.pt,5,678,0.3483731150627136,0.05659601464867592,0.3268595039844513,"105,147,37,149,103","235,196,143,197,192",5:203:2|5:254:2|5:285:2
ckpt_300.pt,5,679,0.33495694398880005,0.0627514198422432,0.35757842659950256,"227,66,162,220,42","91,22,204,80,20",5:423:2|5:427:2|5:538:2
ckpt_300.pt,5,680,0.31038135290145874,0.06551560759544373,0.3560318648815155,"155,241,53,123,166","115,157,63,193,1",5:609:2|5:797:2|5:2:1
ckpt_300.pt,5,681,0.31338080763816833,0.058924946933984756,0.3369845449924469,"57,145,60,243,223","69,105,88,182,16",5:410:2|5:744:2|5:819:2
ckpt_300.pt,5,682,0.3169914186000824,0.05921918898820877,0.3317725658416748,"104,0,20,135,55","105,239,165,179,151",5:583:2|5:1021:2|5:4:1
ckpt_300.pt,5,683,0.2839111089706421,0.055778618901968,0.30464252829551697,"146,85,133,244,156","43,67,75,145,107",5:412:2|5:0:1|5:13:1
ckpt_300.pt,5,684,0.32409822940826416,0.06211666390299797,0.3390912115573883,"81,197,141,201,40","165,105,199,73,192",5:31:2|5:407:2|5:5:1
ckpt_300.pt,5,685,0.3112379312515259,0.055190227925777435,0.3172306418418884,"72,123,8,117,32","209,153,205,83,225",5:6:2|5:146:2|5:180:2
ckpt_300.pt,5,686,0.35168322920799255,0.06953176856040955,0.3240693509578705,"54,9,121,83,211","22,2,173,158,82",5:96:2|5:428:2|5:1:1
ckpt_300.pt,5,687,0.3639938533306122,0.0620143823325634,0.3420550525188446,"71,227,241,161,165","10,156,3,0,56",5:127:2|5:421:2|5:571:2
ckpt_300.pt,5,688,0.3165433704853058,0.0570482574403286,0.3501671552658081,"133,97,62,121,245","187,248,183,202,232",5:8:1|5:32:1|5:52:1
ckpt_300.pt,5,689,0.351487398147583,0.07258512824773788,0.315391480922699,"105,83,123,82,232","55,51,98,106,175",5:188:2|5:304:2|5:18:1
ckpt_300.pt,5,690,0.35407373309135437,0.06709373742341995,0.3180287480354309,"35,186,68,117,181","167,244,153,157,69",5:102:2|5:322:2|5:355:2
ckpt_300.pt,5,691,0.3518168032169342,0.08241663128137589,0.3330133259296417,"209,245,164,247,113","100,60,91,211,142",5:471:2|5:671:2|5:4:1
ckpt_300.pt,5,692,0.33140695095062256,0.06048371642827988,0.3449901342391968,"28,114,29,118,96","109,91,212,119,5",5:265:2|5:779:2|5:1023:2
ckpt_300.pt,5,693,0.3456743657588959,0.05597498267889023,0.2858339548110962,"235,250,102,27,108","68,92,211,253,34",5:11:2|5:81:2|5:91:2
ckpt_300.pt,5,694,0.3351311981678009,0.057140499353408813,0.3275352716445923,"77,41,226,2,171","49,175,93,232,79",5:9:1|5:12:1|5:54:1
ckpt_300.pt,5,695,0.31075412034988403,0.04871998727321625,0.3272213041782379,"160,163,230,38,239","182,127,198,82,228",5:82:2|5:107:2|5:339:2
ckpt_300.pt,5,696,0.3314381241798401,0.06674553453922272,0.3305358290672302,"123,108,79,244,73","142,212,7,125,178",5:767:3|5:130:2|5:0:1
ckpt_300.pt,5,697,0.3047310709953308,0.06711936742067337,0.3273013234138489,"74,38,86,49,57","183,94,227,254,108",5:541:2|5:21:1|5:22:1
ckpt_300.pt,5,698,0.3529377281665802,0.055643994361162186,0.32731175422668457,"238,217,251,131,201","205,21,59,33,112",5:606:2|5:617:2|5:739:2
ckpt_300.pt,5,699,0.313863605260849,0.06811954081058502,0.31657901406288147,"246,198,42,151,216","227,146,234,60,46",5:266:2|5:405:2|5:5:1
ckpt_300.pt,5,700,0.3134320080280304,0.06160818412899971,0.3133986294269562,"88,150,36,5,234","6,156,203,13,216",5:504:2|5:915:2|5:8:1
ckpt_300.pt,5,701,0.3153935968875885,0.06810204684734344,0.33333832025527954,"136,162,50,140,133","25,194,95,195,150",5:58:2|5:434:2|5:527:2
ckpt_300.pt,5,702,0.3533933162689209,0.059173036366701126,0.3266463279724121,"159,103,134,94,40","125,69,22,88,150",5:167:2|5:995:2|5:5:1
ckpt_300.pt,5,703,0.3237028121948242,0.06972835212945938,0.3325100243091583,"59,16,77,98,7","189,103,85,206,20",5:12:1|5:14:1|5:15:1
ckpt_300.pt,5,704,0.33145567774772644,0.053509119898080826,0.3298327326774597,"26,16,190,111,248","123,101,207,1,176",5:279:2|5:902:2|5:996:2
ckpt_300.pt,5,705,0.3147141933441162,0.055770210921764374,0.32104289531707764,"187,214,79,228,245","237,13,191,231,20",5:558:2|5:867:2|5:16:1
ckpt_300.pt,5,706,0.32520991563796997,0.05843937397003174,0.3329809308052063,"234,59,219,31,171","80,215,2,146,104",5:126:2|5:425:2|5:503:2
ckpt_300.pt,5,707,0.32366693019866943,0.05857986956834793,0.32865971326828003,"106,196,76,126,138","224,71,133,43,137",5:118:2|5:7:1|5:74:1
ckpt_300.pt,5,708,0.31035465002059937,0.06867499649524689,0.29850414395332336,"212,21,99,188,147","150,147,167,81,61",5:26:2|5:201:2|5:438:2
ckpt_300.pt,5,709,0.3363480567932129,0.06260137259960175,0.34421467781066895,"172,214,218,226,144","141,150,161,217,60",5:51:2|5:144:2|5:318:2
ckpt_300.pt,5,710,0.34735730290412903,0.08678589761257172,0.3586805760860443,"248,233,252,215,105","174,202,207,227,36",5:909:2|5:3:1|5:15:1
ckpt_300.pt,5,711,0.389595627784729,0.07145217806100845,0.3295655846595764,"114,18,32,181,143","110,32,148,96,104",5:336:2|5:520:2|5:734:2
ckpt_300.pt,5,712,0.34993985295295715,0.05588645115494728,0.3561805784702301,"133,117,180,25,39","109,172,16,3,159",5:52:2|5:468:2|5:6:1
ckpt_300.pt,5,713,0.3708200454711914,0.0661553367972374,0.3272372782230377,"233,143,49,84,109","125,61,255,234,222",5:21:2|5:37:2|5:117:2
ckpt_300.pt,5,714,0.3237071633338928,0.05560411512851715,0.3276108205318451,"218,250,123,235,159","248,4,75,138,121",5:91:2|5:693:2|5:6:1
ckpt_300.pt,5,715,0.31326064467430115,0.05659380927681923,0.3155773878097534,"237,181,43,234,38","155,119,95,243,13",5:143:2|5:237:2|5:30:1
ckpt_300.pt,5,716,0.32452279329299927,0.06178859993815422,0.3193771243095398,"208,145,227,8,14","71,94,105,25,156",5:860:2|5:921:2|5:969:2
ckpt_300.pt,5,717,0.32661449909210205,0.06623867899179459,0.32641005516052246,"117,162,194,195,100","187,130,147,161,213",5:291:2|5:422:2|5:423:2
ckpt_300.pt,5,718,0.31053227186203003,0.07008953392505646,0.3373911380767822,"144,42,160,54,238","185,229,231,181,69",5:20:2|5:154:2|5:216:2
ckpt_300.pt,5,719,0.3127628266811371,0.06565918773412704,0.3061119616031647,"252,157,72,167,78","187,188,242,39,144",5:5:2|5:39:2|5:94:2
ckpt_300.pt,5,720,0.3365309238433838,0.05434019863605499,0.309378981590271,"72,29,174,182,62","146,154,47,7,174",5:158:2|5:178:2|5:601:2
ckpt_300.pt,5,721,0.3413917124271393,0.06518153101205826,0.32029300928115845,"208,135,166,100,190","216,141,118,183,250",5:219:2|5:293:2|5:609:2
ckpt_300.pt,5,722,0.2975766658782959,0.057902008295059204,0.3114665448665619,"150,93,82,80,26","212,87,55,44,174",5:113:2|5:298:2|5:884:2
ckpt_300.pt,5,723,0.3569277822971344,0.06940019130706787,0.3341540992259979,"54,254,206,63,253","64,224,62,96,132",5:171:2|5:187:2|5:940:2
ckpt_300.pt,5,724,0.3290412425994873,0.059504225850105286,0.31755515933036804,"168,224,182,198,175","246,13,36,234,48",5:209:2|5:258:2|5:299:2
ckpt_300.pt,5,725,0.2890983819961548,0.05457857623696327,0.3411121368408203,"181,52,239,73,187","242,195,107,159,83",5:204:2|5:546:2|5:654:2
ckpt_300.pt,5,726,0.3244531750679016,0.06291376054286957,0.3240290880203247,"43,153,111,130,211","12,46,122,255,70",5:1:2|5:157:2|5:456:2
ckpt_300.pt,5,727,0.34198248386383057,0.06390145421028137,0.30957141518592834,"99,210,54,196,21","9,88,58,146,17",5:873:3|5:708:2|5:940:2
ckpt_300.pt,5,728,0.3239448666572571,0.08413020521402359,0.3289395272731781,"103,218,169,3,52","241,45,219,166,226",5:86:2|5:283:2|5:942:2
ckpt_300.pt,5,729,0.32030513882637024,0.05596357211470604,0.330556184053421,"37,245,238,47,255","200,164,127,204,86",5:574:2|5:794:2|5:1010:2
ckpt_300.pt,5,730,0.32888728380203247,0.05659864842891693,0.33195826411247253,"144,72,191,104,8","252,67,203,101,12",5:194:2|5:369:2|5:685:2
ckpt_300.pt,5,731,0.3167225420475006,0.0561080165207386,0.3135572671890259,"7,148,73,226,162","25,99,27,216,88",5:297:2|5:423:2|5:883:2
ckpt_300.pt,5,732,0.326088011264801,0.07774655520915985,0.32475587725639343,"206,246,85,222,81","12,49,178,241,189",5:95:2|5:5:1|5:8:1
ckpt_300.pt,5,733,0.3143644332885742,0.05426279455423355,0.3193052113056183,"6,44,148,90,92","184,162,206,39,246",5:195:2|5:743:2|5:22:1
ckpt_300.pt,5,734,0.3298003077507019,0.07496383041143417,0.33909785747528076,"88,114,253,202,143","164,209,18,25,251",5:168:2|5:190:2|5:711:2
ckpt_300.pt,5,735,0.3691514730453491,0.07892917096614838,0.35337308049201965,"57,85,179,7,129","22,182,185,127,151",5:23:1|5:25:1|5:28:1
ckpt_300.pt,5,736,0.33622127771377563,0.06360307335853577,0.33804112672805786,"55,44,217,103,62","20,212,202,78,205",5:583:2|5:4:1|5:8:1
ckpt_300.pt,5,737,0.3359476923942566,0.0644446536898613,0.3131010830402374,"128,75,5,53,238","153,127,13,216,89",5:22:2|5:195:2|5:378:2
ckpt_300.pt,5,738,0.3856365978717804,0.06787849217653275,0.3340490460395813,"13,133,36,182,78","169,175,132,113,202",5:194:2|5:401:2|5:422:2
ckpt_300.pt,5,739,0.33209267258644104,0.0736694410443306,0.3294776380062103,"251,91,201,90,214","1,207,118,125,148",5:185:2|5:318:2|5:698:2
ckpt_300.pt,5,740,0.3328153192996979,0.06418847292661667,0.3427848815917969,"144,138,156,89,81","149,2,14,203,127",5:135:2|5:763:2|5:0:1
ckpt_300.pt,5,741,0.32056719064712524,0.059205833822488785,0.32404443621635437,"83,194,33,227,12","56,210,120,241,169",5:188:2|5:244:2|5:308:2
ckpt_300.pt,5,742,0.3205149173736572,0.05673857778310776,0.3320181965827942,"115,251,61,149,139","60,209,157,125,199",5:303:2|5:449:2|5:979:2
ckpt_300.pt,5,743,0.3413826525211334,0.06012830510735512,0.31888699531555176,"44,92,50,71,41","1,208,198,148,170",5:437:2|5:733:2|5:753:2
ckpt_300.pt,5,744,0.32315880060195923,0.05511213839054108,0.3106391727924347,"110,145,124,80,60","168,199,237,72,245",5:99:2|5:152:2|5:681:2
ckpt_300.pt,5,745,0.3330393135547638,0.05359295383095741,0.3328281044960022,"226,139,198,91,153","69,14,243,142,235",5:228:2|5:404:2|5:483:2
ckpt_300.pt,5,746,0.3322383761405945,0.054183993488550186,0.32898539304733276,"128,76,130,41,84","64,86,55,15,148",5:817:2|5:881:2|5:1:1
ckpt_300.pt,5,747,0.342698335647583,0.07197725772857666,0.3275678753852844,"204,13,159,238,189","54,250,43,127,106",5:164:2|5:783:2|5:880:2
ckpt_300.pt,5,748,0.3315151035785675,0.06968682259321213,0.3190695643424988,"57,82,13,187,98","108,52,243,104,236",5:31:2|5:464:2|5:768:2
ckpt_300.pt,5,749,0.3171662390232086,0.05273174121975899,0.3277987241744995,"65,87,205,161,130","135,132,141,223,168",5:346:2|5:925:2|5:1019:2
ckpt_300.pt,5,750,0.3266058564186096,0.058795053511857986,0.32376039028167725,"63,219,242,192,60","54,199,142,42,189",5:535:2|5:573:2|5:7:1
ckpt_300.pt,5,751,0.3300982117652893,0.06283015757799149,0.36295294761657715,"212,39,97,7,137","215,211,58,196,76",5:26:2|5:262:2|5:326:2
ckpt_300.pt,5,752,0.3257768452167511,0.0823003500699997,0.32829156517982483,"48,39,255,135,224","85,74,26,232,150",5:162:2|5:166:2|5:335:2
ckpt_300.pt,5,753,0.32372722029685974,0.05630755424499512,0.30632832646369934,"71,45,41,35,31","180,166,32,134,75",5:36:2|5:743:2|5:905:2
ckpt_300.pt,5,754,0.3229731321334839,0.0642067939043045,0.3291481137275696,"187,42,137,10,243","201,170,40,101,209",5:405:2|5:409:2|5:824:2
ckpt_300.pt,5,755,0.31637558341026306,0.052739717066287994,0.35611578822135925,"99,10,250,64,76","252,29,182,83,237",5:479:2|5:26:1|5:39:1
ckpt_300.pt,5,756,0.33661317825317383,0.0584324412047863,0.32509657740592957,"4,140,18,251,190","149,116,114,73,125",5:13:2|5:15:2|5:229:2
ckpt_300.pt,5,757,0.3555000126361847,0.06559112668037415,0.3248714804649353,"73,197,85,202,191","32,61,18,62,83",5:3:2|5:269:2|5:297:2
ckpt_300.pt,5,758,0.3124818503856659,0.07124018669128418,0.33636701107025146,"20,241,116,109,63","39,148,217,242,152",5:588:2|5:20:1|5:80:1
ckpt_300.pt,5,759,0.3181443512439728,0.05672793090343475,0.344165563583374,"126,156,49,88,92","89,174,213,224,134",5:431:3|5:193:2|5:411:2
ckpt_300.pt,5,760,0.33548441529273987,0.06350214034318924,0.31843140721321106,"24,201,237,36,192","66,230,234,73,176",5:105:2|5:27:1|5:33:1
ckpt_300.pt,5,761,0.3267628252506256,0.07480321079492569,0.3298008143901825,"28,236,209,223,128","91,232,195,245,212",5:324:2|5:457:2|5:674:2
ckpt_300.pt,5,762,0.3256584405899048,0.05842377245426178,0.33368438482284546,"232,139,219,211,119","40,1,35,25,157",5:12:2|5:66:2|5:338:2
ckpt_300.pt,5,763,0.3175168037414551,0.05200747773051262,0.34647274017333984,"156,33,55,183,144","39,103,194,60,251",5:4:2|5:135:2|5:362:2
ckpt_300.pt,5,764,0.33685073256492615,0.06746487319469452,0.3278838098049164,"11,57,50,254,18","142,186,185,55,215",5:526:2|5:4:1|5:11:1
ckpt_300.pt,5,765,0.3419480621814728,0.0739300474524498,0.3039318919181824,"32,195,89,99,208","245,93,4,230,212",5:116:2|5:395:2|5:659:2
ckpt_300.pt,5,766,0.33953940868377686,0.06717178225517273,0.3298945426940918,"71,102,164,28,66","147,117,190,149,49",5:507:2|5:1:1|5:11:1
ckpt_300.pt,5,767,0.3075728416442871,0.05600489303469658,0.3319760859012604,"109,108,123,92,79","91,121,52,129,218",5:696:3|5:130:2|5:854:2
ckpt_300.pt,5,768,0.35223835706710815,0.06129482761025429,0.31897544860839844,"13,187,125,254,15","110,14,158,117,155",5:748:2|5:783:2|5:929:2
ckpt_300.pt,5,769,0.291331946849823,0.05613037198781967,0.3046986758708954,"210,0,201,211,85","175,167,136,16,56",5:376:2|5:826:2|5:1:1
ckpt_300.pt,5,770,0.34657710790634155,0.06313026696443558,0.33303406834602356,"244,192,211,66,43","15,199,109,171,137",5:207:2|5:726:2|5:1:1
ckpt_300.pt,5,771,0.3550562560558319,0.06384967267513275,0.32582592964172363,"133,197,160,149,114","136,122,90,200,219",5:391:2|5:457:2|5:2:1
ckpt_300.pt,5,772,0.3519964814186096,0.07227465510368347,0.3183547854423523,"83,10,208,242,90","140,113,52,196,143",5:399:2|5:652:2|5:923:2
ckpt_300.pt,5,773,0.33642521500587463,0.06427806615829468,0.3229909837245941,"48,51,94,244,64","141,9,69,152,37",5:486:2|5:616:2|5:627:2
ckpt_300.pt,5,774,0.3441292643547058,0.06925910711288452,0.3360476791858673,"252,222,115,155,88","98,78,99,226,58",5:8:2|5:64:2|5:215:2
ckpt_300.pt,5,775,0.3342840075492859,0.0769885927438736,0.32801347970962524,"204,8,154,160,157","75,23,68,112,215",5:189:2|5:320:2|5:950:2
ckpt_300.pt,5,776,0.32662642002105713,0.0614079125225544,0.3292281925678253,"35,105,234,3,176","205,176,61,12,172",5:203:2|5:300:2|5:388:2
ckpt_300.pt,5,777,0.3272475004196167,0.061768848448991776,0.33784011006355286,"120,56,132,152,21","108,11,157,6,49",5:46:1|5:48:1|5:60:1
ckpt_300.pt,5,778,0.3361639380455017,0.08799661695957184,0.3408392667770386,"63,37,89,228,121","180,43,89,7,158",5:800:2|5:34:1|5:69:1
ckpt_300.pt,5,779,0.313764750957489,0.06319526582956314,0.3259080946445465,"208,21,118,114,0","46,99,150,230,30",5:54:2|5:155:2|5:510:2
ckpt_300.pt,5,780,0.3241453766822815,0.0713641345500946,0.35246509313583374,"68,225,6,41,112","88,20,153,77,175",5:132:3|5:322:2|5:16:1
ckpt_300.pt,5,781,0.33593863248825073,0.06173758581280708,0.34040766954421997,"40,130,225,110,214","198,96,145,65,254",5:640:2|5:821:2|5:968:2
ckpt_300.pt,5,782,0.3241705596446991,0.05350053310394287,0.3167943060398102,"82,28,101,214,25","64,237,52,172,193",5:126:2|5:236:2|5:304:2
ckpt_300.pt,5,783,0.36014142632484436,0.07507193833589554,0.3578591048717499,"167,106,13,125,159","47,177,35,150,108",5:273:2|5:747:2|5:768:2
ckpt_300.pt,5,784,0.33085203170776367,0.07331490516662598,0.33382877707481384,"141,63,47,123,66","155,74,120,147,210",5:237:2|5:1010:2|5:23:1
ckpt_300.pt,5,785,0.32568594813346863,0.06959439069032669,0.30427584052085876,"206,57,97,249,116","211,212,162,94,206",5:55:2|5:330:2|5:0:1
ckpt_300.pt,5,786,0.32593461871147156,0.05473196133971214,0.3538272976875305,"105,69,224,131,5","88,26,58,49,160",5:14:2|5:367:2|5:435:2
ckpt_300.pt,5,787,0.30403098464012146,0.06683698296546936,0.3185916543006897,"1,61,117,94,145","173,10,136,139,106",5:92:2|5:512:2|5:972:2
ckpt_300.pt,5,788,0.30721959471702576,0.05259941890835762,0.31259721517562866,"249,161,9,226,44","17,92,56,102,120",5:106:2|5:223:2|5:242:2
ckpt_300.pt,5,789,0.3130679428577423,0.05351295694708824,0.2913646399974823,"206,77,217,156,119","51,161,136,146,58",5:12:2|5:18:2|5:328:2
ckpt_300.pt,5,790,0.3529885709285736,0.061394352465867996,0.3240475058555603,"79,78,173,34,215","124,28,254,84,230",5:248:2|5:406:2|5:847:2
ckpt_300.pt,5,791,0.30930134654045105,0.050586603581905365,0.33528363704681396,"222,137,58,248,146","190,143,97,6,86",5:374:2|5:8:1|5:15:1
ckpt_300.pt,5,792,0.313122421503067,0.05337483808398247,0.3279494047164917,"31,140,89,8,239","118,120,154,37,133",5:430:2|5:506:2|5:23:1
ckpt_300.pt,5,793,0.31294628977775574,0.07057709991931915,0.3413461744785309,"240,21,18,73,134","133,90,228,22,14",5:193:2|5:845:2|5:997:2
ckpt_300.pt,5,794,0.3245273232460022,0.07157982140779495,0.3427460491657257,"126,255,133,87,238","182,17,47,229,152",5:34:2|5:93:2|5:618:2
ckpt_300.pt,5,795,0.3323814868927002,0.0659949779510498,0.32887956500053406,"235,195,54,111,179","233,160,45,222,162",5:47:2|5:87:2|5:154:2
ckpt_300.pt,5,796,0.3362385332584381,0.0744604840874672,0.34721073508262634,"163,145,123,121,0","173,81,149,94,33",5:567:2|5:585:2|5:846:2
ckpt_300.pt,5,797,0.32498258352279663,0.05824398994445801,0.3405136466026306,"166,7,170,45,155","70,133,202,97,198",5:40:2|5:609:2|5:680:2
ckpt_300.pt,5,798,0.34483540058135986,0.06445331126451492,0.3355805277824402,"104,174,212,144,108","169,141,247,228,156",5:0:2|5:120:2|5:201:2
ckpt_300.pt,5,799,0.353329062461853,0.07955267280340195,0.3244777023792267,"0,149,158,193,26","194,1,248,144,139",5:574:2|5:895:2|5:2:1
ckpt_300.pt,5,800,0.32361727952957153,0.06379129737615585,0.32449987530708313,"28,63,37,10,77","145,123,172,62,238",5:254:2|5:778:2|5:12:1
ckpt_300.pt,5,801,0.3114739954471588,0.0657733827829361,0.3351617455482483,"134,143,233,204,48","152,193,126,184,146",5:37:2|5:89:2|5:453:2
ckpt_300.pt,5,802,0.36121392250061035,0.07624548673629761,0.31519418954849243,"227,58,226,254,108","197,151,73,10,202",5:48:2|5:77:2|5:929:2
ckpt_300.pt,5,803,0.3084191083908081,0.058241378515958786,0.29702314734458923,"17,67,106,118,104","222,191,8,46,164",5:10:2|5:415:2|5:907:2
ckpt_300.pt,5,804,0.3325802981853485,0.05729888379573822,0.319945365190506,"63,147,119,163,132","109,207,127,91,226",5:82:2|5:349:2|5:360:2
ckpt_300.pt,5,805,0.3148617446422577,0.054087523370981216,0.33912840485572815,"125,181,184,109,133","107,252,233,28,172",5:854:2|5:46:1|5:52:1
ckpt_300.pt,5,806,0.3294294774532318,0.05314556136727333,0.3234518766403198,"135,78,75,77,192","35,69,237,227,83",5:5:1|5:12:1|5:16:1
ckpt_300.pt,5,807,0.3335740268230438,0.0664578303694725,0.3044542670249939,"67,249,183,26,167","60,77,209,225,68",5:611:2|5:0:1|5:4:1
ckpt_300.pt,5,808,0.30807527899742126,0.054122209548950195,0.3236830532550812,"145,218,75,182,87","157,181,19,159,216",5:950:2|5:0:1|5:3:1
ckpt_300.pt,5,809,0.3375858664512634,0.06172344833612442,0.3227854073047638,"3,96,183,199,123","201,34,203,57,186",5:821:2|5:4:1|5:23:1
ckpt_300.pt,5,810,0.3741298317909241,0.06295673549175262,0.3426000475883484,"229,94,216,30,176","88,217,81,1,77",5:84:2|5:123:2|5:1019:2
ckpt_300.pt,5,811,0.3238102197647095,0.056723348796367645,0.296371191740036,"193,47,87,1,82","60,180,101,141,84",5:304:2|5:534:2|5:0:1
ckpt_300.pt,5,812,0.3241020143032074,0.077125184237957,0.31284037232398987,"240,105,1,112,203","151,175,103,143,19",5:576:2|5:588:2|5:843:2
ckpt_300.pt,5,813,0.3240704834461212,0.06890814751386642,0.3156130611896515,"45,203,195,255,27","223,155,128,40,44",5:19:3|5:868:2|5:1:1
ckpt_300.pt,5,814,0.32375290989875793,0.06380601227283478,0.3191972076892853,"176,203,177,3,247","74,198,154,107,232",5:111:2|5:581:2|5:776:2
ckpt_300.pt,5,815,0.3398716151714325,0.06101492419838905,0.3191220760345459,"47,146,219,84,160","68,215,143,231,175",5:209:2|5:644:2|5:5:1
ckpt_300.pt,5,816,0.29447606205940247,0.05581226944923401,0.3148695230484009,"64,55,57,198,131","206,235,51,115,50",5:112:2|5:164:2|5:645:2
ckpt_300.pt,5,817,0.34869176149368286,0.057332202792167664,0.36339452862739563,"76,162,128,14,137","18,28,78,133,196",5:674:2|5:746:2|5:13:1
ckpt_300.pt,5,818,0.3165800869464874,0.051365096122026443,0.327648401260376,"248,165,35,80,57","216,209,249,189,166",5:1006:2|5:14:1|5:21:1
ckpt_300.pt,5,819,0.37494269013404846,0.06753931194543839,0.3282729983329773,"3,60,57,189,255","151,204,105,58,128",5:459:2|5:681:2|5:899:2
ckpt_300.pt,5,820,0.3295438289642334,0.06324467062950134,0.327004611492157,"243,64,221,162,90","8,66,109,72,58",5:28:1|5:53:1|5:66:1
ckpt_300.pt,5,821,0.31798967719078064,0.05100874975323677,0.32276850938796997,"1,130,214,123,96","73,86,58,2,15",5:318:2|5:495:2|5:781:2
ckpt_300.pt,5,822,0.3197977840900421,0.06315090507268906,0.35932260751724243,"57,111,156,171,172","152,234,208,227,239",5:318:2|5:836:2|5:872:2
ckpt_300.pt,5,823,0.31200143694877625,0.05661366134881973,0.31229543685913086,"15,14,148,35,117","36,27,29,71,243",5:102:2|5:331:2|5:690:2
ckpt_300.pt,5,824,0.34956109523773193,0.05764300376176834,0.3230293095111847,"143,101,231,137,187","254,79,239,228,97",5:754:2|5:4:1|5:15:1
ckpt_300.pt,5,825,0.30093419551849365,0.048646409064531326,0.3330945670604706,"156,157,173,54,163","18,193,82,106,221",5:303:2|5:360:2|5:619:2
ckpt_300.pt,5,826,0.3233858644962311,0.060933031141757965,0.31694814562797546,"27,189,210,118,201","196,189,31,225,72",5:71:2|5:119:2|5:197:2
ckpt_300.pt,5,827,0.32903215289115906,0.055257443338632584,0.31467896699905396,"119,33,14,172,110","250,53,134,190,68",5:465:2|5:830:2|5:981:2
ckpt_300.pt,5,828,0.32900553941726685,0.0590449720621109,0.3124094009399414,"230,150,120,46,63","142,74,135,191,167",5:477:2|5:504:2|5:8:1
ckpt_300.pt,5,829,0.3296017050743103,0.06480882316827774,0.30931007862091064,"153,211,156,195,78","57,102,71,80,127",5:320:2|5:476:2|5:726:2
ckpt_300.pt,5,830,0.34912246465682983,0.06000862643122673,0.33035504817962646,"14,119,20,67,202","95,246,91,120,82",5:80:2|5:827:2|5:3:1
ckpt_300.pt,5,831,0.3383415639400482,0.07454484701156616,0.3296900689601898,"178,174,212,172,25","128,212,106,251,14",5:51:2|5:201:2|5:280:2
ckpt_300.pt,5,832,0.335066020488739,0.06437022238969803,0.33833473920822144,"15,247,73,136,222","104,72,23,83,210",5:8:1|5:25:1|5:41:1
ckpt_300.pt,5,833,0.3110283613204956,0.06141402944922447,0.33610907196998596,"126,191,169,179,152","177,230,167,46,204",5:87:2|5:3:1|5:7:1
ckpt_300.pt,5,834,0.3358190655708313,0.058842405676841736,0.289213627576828,"223,49,248,238,96","5,170,155,3,139",5:11:1|5:20:1|5:21:1
ckpt_300.pt,5,835,0.36115744709968567,0.05666574835777283,0.3364628553390503,"235,172,131,120,136","54,117,249,34,89",5:11:1|5:51:1|5:56:1
ckpt_300.pt,5,836,0.31639111042022705,0.06986378878355026,0.320393443107605,"248,134,171,156,84","226,177,185,81,215",5:9:2|5:16:2|5:476:2
ckpt_300.pt,5,837,0.3232172131538391,0.061716560274362564,0.32256805896759033,"135,18,216,212,219","116,213,159,201,158",5:69:2|5:4:1|5:7:1
ckpt_300.pt,5,838,0.2979421615600586,0.06243336573243141,0.30592823028564453,"207,250,92,60,184","103,172,174,136,71",5:222:2|5:264:2|5:954:2
ckpt_300.pt,5,839,0.32083988189697266,0.05426366254687309,0.3392826020717621,"183,133,64,5,79","157,22,21,236,144",5:4:1|5:14:1|5:16:1
ckpt_300.pt,5,840,0.3315756618976593,0.06770707666873932,0.30633631348609924,"78,231,55,163,96","219,240,85,238,82",5:4:2|5:53:2|5:1015:2
ckpt_300.pt,5,841,0.34446606040000916,0.07327773422002792,0.31126871705055237,"214,85,98,5,127","59,123,101,155,223",5:14:1|5:15:1|5:17:1
ckpt_300.pt,5,842,0.32772329449653625,0.05365903303027153,0.3277531862258911,"5,179,83,229,146","131,195,155,223,37",5:171:2|5:374:2|5:14:1
ckpt_300.pt,5,843,0.33484774827957153,0.08059077709913254,0.3357270658016205,"203,180,112,109,34","123,107,6,40,214",5:545:2|5:576:2|5:812:2
ckpt_300.pt,5,844,0.3161303699016571,0.05691048875451088,0.32640767097473145,"68,5,58,171,232","181,173,162,229,200",5:288:2|5:637:2|5:9:1
ckpt_300.pt,5,845,0.3090490996837616,0.07022271305322647,0.3099271059036255,"21,245,141,18,154","177,114,65,158,204",5:137:2|5:471:2|5:793:2
ckpt_300.pt,5,846,0.3103066086769104,0.0661202222108841,0.312123566865921,"123,223,161,145,162","254,54,69,8,197",5:235:2|5:681:2|5:796:2
ckpt_300.pt,5,847,0.34789857268333435,0.07497668266296387,0.3430940508842468,"173,171,80,34,65","252,247,188,55,33",5:406:2|5:565:2|5:790:2
ckpt_300.pt,5,848,0.3139079511165619,0.057203274220228195,0.32387131452560425,"237,221,5,102,241","8,15,57,73,93",5:973:2|5:1:1|5:11:1
ckpt_300.pt,5,849,0.3244587182998657,0.0599115826189518,0.31262707710266113,"130,247,125,169,56","235,204,182,145,33",5:1:1|5:43:1|5:46:1
ckpt_300.pt,5,850,0.3443562388420105,0.06580919772386551,0.3315001130104065,"167,185,199,242,252","59,75,22,195,84",5:94:2|5:274:2|5:353:2
ckpt_300.pt,5,851,0.32440200448036194,0.06428205966949463,0.3351346254348755,"218,170,232,9,221","28,175,17,133,23",5:626:2|5:644:2|5:6:1
ckpt_300.pt,5,852,0.30514127016067505,0.046500250697135925,0.31896576285362244,"126,238,74,240,98","65,197,209,38,82",5:226:2|5:794:2|5:7:1
ckpt_300.pt,5,853,0.32515430450439453,0.05141039192676544,0.31618067622184753,"132,245,59,8,70","183,112,34,219,146",5:14:1|5:23:1|5:32:1
ckpt_300.pt,5,854,0.3081350028514862,0.054777733981609344,0.3169667422771454,"123,120,109,41,181","212,198,247,168,4",5:137:2|5:545:2|5:767:2
ckpt_300.pt,5,855,0.3262457847595215,0.05824432522058487,0.3306436836719513,"171,229,153,134,152","62,163,251,107,114",5:165:2|5:836:2|5:910:2
ckpt_300.pt,5,856,0.29736557602882385,0.04585345461964607,0.29647746682167053,"63,188,139,73,220","23,236,67,148,86",5:82:2|5:85:2|5:187:2
ckpt_300.pt,5,857,0.3603830635547638,0.07218676805496216,0.3156575560569763,"18,49,169,114,176","146,201,19,16,231",5:249:2|5:528:2|5:711:2
ckpt_300.pt,5,858,0.33105558156967163,0.060267120599746704,0.3621203303337097,"211,74,150,164,124","127,32,83,141,207",5:408:2|5:916:2|5:922:2
ckpt_300.pt,5,859,0.3329067826271057,0.06295695900917053,0.30712661147117615,"130,203,223,136,21","227,58,92,18,196",5:656:3|5:874:2|5:1:1
ckpt_300.pt,5,860,0.3132380247116089,0.052786774933338165,0.32723677158355713,"227,39,32,8,65","63,20,34,137,14",5:146:2|5:243:2|5:685:2
ckpt_300.pt,5,861,0.3442624807357788,0.054634347558021545,0.3234914541244507,"32,80,106,159,64","45,253,60,99,93",5:146:2|5:249:2|5:783:2
ckpt_300.pt,5,862,0.35512396693229675,0.0643470361828804,0.33564701676368713,"5,65,178,23,10","169,158,104,239,255",5:14:2|5:135:2|5:182:2
ckpt_300.pt,5,863,0.3229103088378906,0.06226368993520737,0.3314691185951233,"24,142,108,78,149","162,193,148,24,106",5:27:2|5:56:2|5:537:2
ckpt_300.pt,5,864,0.3550230860710144,0.062419503927230835,0.33446595072746277,"252,64,214,249,121","174,54,111,45,151",5:122:2|5:567:2|5:0:1
ckpt_300.pt,5,865,0.3041122853755951,0.06420108675956726,0.32548198103904724,"189,61,106,48,194","219,30,205,47,199",5:10:2|5:119:2|5:376:2
ckpt_300.pt,5,866,0.31719520688056946,0.056902796030044556,0.3047231137752533,"231,72,7,223,80","16,116,64,91,60",5:4:1|5:11:1|5:14:1
ckpt_300.pt,5,867,0.32430052757263184,0.06130208075046539,0.32018646597862244,"52,228,187,82,84","228,84,207,64,249",5:886:3|5:558:2|5:654:2
ckpt_300.pt,5,868,0.33764126896858215,0.07666738331317902,0.3570384383201599,"76,27,146,195,252","154,182,17,86,112",5:659:2|5:813:2|5:19:1
ckpt_300.pt,5,869,0.3331342339515686,0.05280357599258423,0.3186745345592499,"167,203,59,124,155","115,218,2,244,133",5:240:2|5:323:2|5:2:1
ckpt_300.pt,5,870,0.3282652795314789,0.056536249816417694,0.32718685269355774,"158,37,216,114,213","241,17,131,69,125",5:361:2|5:458:2|5:462:2
ckpt_300.pt,5,871,0.33682775497436523,0.07113437354564667,0.3361622989177704,"81,239,181,119,244","225,26,175,128,63",5:204:2|5:725:2|5:12:1
ckpt_300.pt,5,872,0.3314296305179596,0.061645716428756714,0.31867292523384094,"237,225,172,111,61","12,55,91,241,221",5:105:2|5:641:2|5:822:2
ckpt_300.pt,5,873,0.324495404958725,0.06404470652341843,0.3044646978378296,"210,151,196,54,94","38,192,183,137,57",5:727:3|5:653:2|5:940:2
ckpt_300.pt,5,874,0.3524208664894104,0.07024502754211426,0.3155234754085541,"136,130,144,168,196","92,53,51,31,152",5:224:2|5:258:2|5:391:2
ckpt_300.pt,5,875,0.32931405305862427,0.0651991218328476,0.3151892125606537,"167,48,168,64,55","227,186,118,237,86",5:112:2|5:335:2|5:389:2
ckpt_300.pt,5,876,0.3196565806865692,0.07331729680299759,0.3327868580818176,"100,21,249,166,30","113,29,249,59,186",5:150:2|5:219:2|5:609:2
ckpt_300.pt,5,877,0.305846631526947,0.06049544736742973,0.352116197347641,"12,6,62,32,89","69,77,178,141,222",5:327:2|5:356:2|5:520:2
ckpt_300.pt,5,878,0.32735908031463623,0.08123746514320374,0.3252473771572113,"213,85,184,145,56","241,98,17,62,100",5:168:2|5:351:2|5:481:2
ckpt_300.pt,5,879,0.3322523236274719,0.0779106467962265,0.30125463008880615,"8,235,164,43,184","96,65,177,118,27",5:309:3|5:159:2|5:207:2
ckpt_300.pt,5,880,0.336653470993042,0.06717958301305771,0.31972479820251465,"253,213,13,189,2","54,49,223,77,205",5:164:2|5:168:2|5:747:2
ckpt_300.pt,5,881,0.3296188414096832,0.05793840065598488,0.30389341711997986,"84,75,130,193,228","136,245,220,43,141",5:16:2|5:43:2|5:540:2
ckpt_300.pt,5,882,0.30793094635009766,0.053637728095054626,0.31634384393692017,"198,169,222,227,98","189,166,211,50,179",5:41:2|5:364:2|5:600:2
ckpt_300.pt,5,883,0.31958863139152527,0.0770912691950798,0.3147903382778168,"226,62,135,183,7","196,245,217,145,81",5:40:2|5:731:2|5:4:1
ckpt_300.pt,5,884,0.346977561712265,0.0661555752158165,0.3145628869533539,"15,150,122,82,155","116,92,105,173,117",5:8:2|5:230:2|5:560:2
ckpt_300.pt,5,885,0.33546239137649536,0.06076052039861679,0.3365451693534851,"59,32,191,5,168","98,102,101,106,115",5:14:2|5:17:2|5:653:2
ckpt_300.pt,5,886,0.3305779695510864,0.07243094593286514,0.33232107758522034,"196,82,187,84,239","20,126,254,125,238",5:867:3|5:725:2|5:748:2
ckpt_300.pt,5,887,0.31664350628852844,0.06653138995170593,0.3071509301662445,"71,9,94,254,110","127,75,108,210,134",5:321:2|5:394:2|5:539:2
ckpt_300.pt,5,888,0.3189750909805298,0.057976964861154556,0.3306804597377777,"167,5,108,211,48","93,48,149,141,214",5:335:2|5:389:2|5:875:2
ckpt_300.pt,5,889,0.35289284586906433,0.06822150200605392,0.33282673358917236,"135,253,168,120,160","118,82,81,202,146",5:19:1|5:31:1|5:38:1
ckpt_300.pt,5,890,0.3186328411102295,0.06901612877845764,0.3143828511238098,"24,247,51,107,127","96,76,231,119,50",5:332:2|5:486:2|5:2:1
ckpt_300.pt,5,891,0.3276962339878082,0.054345425218343735,0.3231622874736786,"238,224,250,82,127","111,160,3,13,195",5:91:2|5:563:2|5:664:2
ckpt_300.pt,5,892,0.3225742280483246,0.06604515761137009,0.32895562052726746,"149,20,95,72,76","27,203,157,81,137",5:473:2|5:917:2|5:2:1
ckpt_300.pt,5,893,0.3235529065132141,0.059409961104393005,0.3178921937942505,"32,215,191,95,187","251,225,15,106,182",5:3:2|5:400:2|5:521:2
ckpt_300.pt,5,894,0.3098641335964203,0.05400018021464348,0.32930824160575867,"165,164,7,233,2","77,172,83,148,211",5:160:2|5:21:1|5:34:1
ckpt_300.pt,5,895,0.32880014181137085,0.06918790936470032,0.3390252888202667,"15,107,0,240,26","114,49,186,11,131",5:325:2|5:799:2|5:900:2
ckpt_300.pt,5,896,0.3307946026325226,0.08342941105365753,0.3646363317966461,"108,237,72,230,215","241,11,74,149,220",5:917:2|5:973:2|5:0:1
ckpt_300.pt,5,897,0.3673560321331024,0.063802070915699,0.31918227672576904,"175,51,103,122,81","228,140,250,15,113",5:286:2|5:10:1|5:12:1
ckpt_300.pt,5,898,0.34404683113098145,0.05515510216355324,0.3259294033050537,"244,212,177,31,163","102,165,38,209,152",5:3:1|5:13:1|5:26:1
ckpt_300.pt,5,899,0.3395923972129822,0.06000679358839989,0.3099665343761444,"41,134,3,37,189","249,11,76,252,147",5:361:2|5:819:2|5:995:2
ckpt_300.pt,5,900,0.33788567781448364,0.05872775986790657,0.32969361543655396,"25,85,26,107,237","143,157,240,170,234",5:50:2|5:895:2|5:2:1
ckpt_300.pt,5,901,0.3321568965911865,0.06089502200484276,0.3181324005126953,"98,138,60,235,168","213,62,216,59,132",5:205:2|5:535:2|5:586:2
ckpt_300.pt,5,902,0.3293285667896271,0.07796504348516464,0.30097365379333496,"16,202,248,131,231","170,189,89,61,173",5:133:2|5:295:2|5:396:2
ckpt_300.pt,5,903,0.3167029917240143,0.056771911680698395,0.3096970021724701,"117,210,182,249,197","68,137,32,202,49",5:90:2|5:331:2|5:0:1
ckpt_300.pt,5,904,0.34716087579727173,0.06315670162439346,0.33416077494621277,"107,196,77,230,172","179,170,77,217,240",5:375:2|5:482:2|5:2:1
ckpt_300.pt,5,905,0.31392621994018555,0.05605330690741539,0.33052900433540344,"31,65,58,35,142","93,194,185,67,124",5:753:2|5:946:2|5:958:2
ckpt_300.pt,5,906,0.2920726239681244,0.05185773968696594,0.2956749498844147,"183,222,189,197,53","12,169,132,232,223",5:64:2|5:4:1|5:7:1
ckpt_300.pt,5,907,0.3089761435985565,0.053684163838624954,0.3192978501319885,"118,17,50,49,152","23,27,172,157,169",5:415:2|5:803:2|5:11:1
ckpt_300.pt,5,908,0.35607993602752686,0.06255143135786057,0.33135953545570374,"190,229,119,212,42","1,66,111,246,228",5:454:2|5:12:1|5:13:1
ckpt_300.pt,5,909,0.31995102763175964,0.055736150592565536,0.3265920579433441,"104,215,97,143,252","81,230,184,162,172",5:94:2|5:101:2|5:181:2
ckpt_300.pt,5,910,0.30760645866394043,0.049740903079509735,0.3088177740573883,"193,171,228,94,153","22,61,183,124,29",5:9:2|5:456:2|5:486:2
ckpt_300.pt,5,911,0.3497450053691864,0.07742304354906082,0.32710134983062744,"181,246,168,236,127","117,173,114,91,172",5:46:2|5:204:2|5:575:2
ckpt_300.pt,5,912,0.30617013573646545,0.06085522472858429,0.3344147205352783,"217,204,249,17,163","193,60,12,33,11",5:24:2|5:392:2|5:0:1
ckpt_300.pt,5,913,0.3485078811645508,0.06271924078464508,0.3251270055770874,"36,73,186,83,39","89,228,145,166,83",5:33:2|5:72:2|5:7:1
ckpt_300.pt,5,914,0.32509422302246094,0.06280205398797989,0.3283301889896393,"52,112,168,129,199","18,115,107,47,124",5:38:2|5:67:2|5:16:1
ckpt_300.pt,5,915,0.32117944955825806,0.07528334110975266,0.3140600621700287,"162,48,205,5,234","246,164,60,228,17",5:250:2|5:434:2|5:700:2
ckpt_300.pt,5,916,0.33357757329940796,0.06516430526971817,0.3148883581161499,"164,145,211,170,68","28,148,58,152,46",5:570:2|5:858:2|5:1:1
ckpt_300.pt,5,917,0.323330819606781,0.061139948666095734,0.3238530457019806,"72,236,68,95,230","83,202,180,101,173",5:57:2|5:892:2|5:896:2
ckpt_300.pt,5,918,0.3127762973308563,0.06359971314668655,0.3297349214553833,"4,192,125,218,190","234,220,242,198,235",5:6:2|5:756:2|5:920:2
ckpt_300.pt,5,919,0.34262463450431824,0.05964764207601547,0.345291405916214,"228,149,53,65,198","206,188,247,184,35",5:64:2|5:295:2|5:385:2
ckpt_300.pt,5,920,0.34015655517578125,0.0672670304775238,0.3111974596977234,"46,163,218,4,7","129,11,152,63,201",5:6:2|5:68:2|5:423:2
ckpt_300.pt,5,921,0.3029572367668152,0.052912525832653046,0.3110629916191101,"208,19,14,68,200","111,236,81,67,38",5:191:2|5:294:2|5:570:2
ckpt_300.pt,5,922,0.3292211890220642,0.05768640339374542,0.2996465265750885,"60,95,74,36,211","17,41,224,183,130",5:858:2|5:1:1|5:33:1
ckpt_300.pt,5,923,0.32117578387260437,0.06401585042476654,0.3043522834777832,"208,54,130,127,10","90,31,174,249,219",5:640:2|5:772:2|5:1:1
ckpt_300.pt,5,924,0.31061434745788574,0.05879445746541023,0.3486536145210266,"220,179,13,183,144","20,116,65,41,233",5:134:2|5:763:2|5:2:1
ckpt_300.pt,5,925,0.32271602749824524,0.0633939802646637,0.31017109751701355,"217,134,87,92,65","113,138,225,240,166",5:411:2|5:749:2|5:0:1
ckpt_300.pt,5,926,0.3008178174495697,0.06748247891664505,0.34459805488586426,"17,211,240,103,167","39,55,81,6,224",5:389:2|5:415:2|5:888:2
ckpt_300.pt,5,927,0.3297566771507263,0.06411292403936386,0.33739954233169556,"227,117,177,0,240","74,189,120,100,178",5:383:2|5:512:2|5:647:2
ckpt_300.pt,5,928,0.32983097434043884,0.05997785925865173,0.3398929238319397,"222,8,162,139,211","168,243,6,60,135",5:250:2|5:658:2|5:762:2
ckpt_300.pt,5,929,0.32581183314323425,0.07115194946527481,0.3174329400062561,"27,13,226,95,254","178,6,68,114,96",5:397:2|5:603:2|5:768:2
ckpt_300.pt,5,930,0.3153456747531891,0.058069318532943726,0.34092995524406433,"209,36,243,105,56","214,192,240,208,197",5:259:2|5:417:2|5:451:2
ckpt_300.pt,5,931,0.337348997592926,0.06593212485313416,0.31544026732444763,"14,95,120,40,53","90,38,192,154,209",5:484:2|5:547:2|5:619:2
ckpt_300.pt,5,932,0.3194705545902252,0.05933704227209091,0.33255735039711,"160,39,234,74,35","101,215,248,224,187",5:776:2|5:7:1|5:31:1
ckpt_300.pt,5,933,0.31734851002693176,0.06105312332510948,0.3122446537017822,"130,164,144,34,35","243,113,176,102,59",5:447:2|5:874:2|5:1:1
ckpt_300.pt,5,934,0.31979507207870483,0.06343084573745728,0.31843167543411255,"164,1,224,16,148","25,94,20,23,155",5:14:1|5:30:1|5:34:1
ckpt_300.pt,5,935,0.3213895857334137,0.07853512465953827,0.314947247505188,"57,55,1,95,190","216,88,90,241,82",5:251:2|5:459:2|5:816:2
ckpt_300.pt,5,936,0.3125409781932831,0.061391398310661316,0.3260919153690338,"113,67,9,108,185","109,13,179,135,50",5:42:2|5:348:2|5:353:2
ckpt_300.pt,5,937,0.3507327139377594,0.07212260365486145,0.3228347599506378,"47,115,182,48,159","97,94,213,92,183",5:28:2|5:76:2|5:158:2
ckpt_300.pt,5,938,0.3447414040565491,0.07133527100086212,0.3363609313964844,"68,67,230,152,177","59,41,81,230,223",5:57:2|5:455:2|5:590:2
ckpt_300.pt,5,939,0.3575340211391449,0.07151644676923752,0.3268161416053772,"14,129,184,245,56","236,36,69,152,95",5:554:2|5:878:2|5:32:1
ckpt_300.pt,5,940,0.3273285925388336,0.05747537314891815,0.3014301359653473,"196,254,54,252,119","60,86,236,186,29",5:12:2|5:458:2|5:723:2
ckpt_300.pt,5,941,0.3145621418952942,0.05647183209657669,0.3317590355873108,"232,113,191,108,69","127,217,139,185,122",5:980:3|5:302:2|5:936:2
ckpt_300.pt,5,942,0.3838103115558624,0.08204639703035355,0.3576216399669647,"3,103,250,89,27","240,236,180,170,6",5:81:2|5:384:2|5:693:2
ckpt_300.pt,5,943,0.32556775212287903,0.05283921957015991,0.3434222638607025,"40,180,176,16,254","209,119,247,239,48",5:5:1|5:11:1|5:12:1
ckpt_300.pt,5,944,0.35863617062568665,0.06956740468740463,0.32045865058898926,"91,151,9,143,17","49,112,19,203,120",5:96:2|5:336:2|5:11:1
ckpt_300.pt,5,945,0.32747718691825867,0.06913182139396667,0.3278597295284271,"195,124,214,226,222","16,10,156,139,29",5:175:2|5:600:2|5:709:2
ckpt_300.pt,5,946,0.3383675813674927,0.08351252973079681,0.32587677240371704,"31,148,152,131,58","147,94,170,181,113",5:210:2|5:905:2|5:35:1
ckpt_300.pt,5,947,0.32333365082740784,0.06198982149362564,0.3294576406478882,"134,226,139,152,137","94,23,122,113,143",5:210:2|5:228:2|5:745:2
ckpt_300.pt,5,948,0.28337377309799194,0.05864629149436951,0.30839046835899353,"169,122,105,62,214","14,176,231,217,39",5:8:1|5:66:1|5:69:1
ckpt_300.pt,5,949,0.32693299651145935,0.06396383047103882,0.32599201798439026,"215,175,176,147,160","58,101,74,76,227",5:124:2|5:620:2|5:1017:2
ckpt_300.pt,5,950,0.3343820571899414,0.05864923819899559,0.32854318618774414,"154,204,87,231,182","51,159,26,118,234",5:233:2|5:308:2|5:775:2
ckpt_300.pt,5,951,0.3160676062107086,0.05063425004482269,0.3274729549884796,"236,96,58,14,108","127,176,19,160,220",5:125:2|5:200:2|5:570:2
ckpt_300.pt,5,952,0.3534161448478699,0.062154971063137054,0.3308546245098114,"102,15,106,165,111","245,80,118,136,44",5:1:1|5:11:1|5:21:1
ckpt_300.pt,5,953,0.33813807368278503,0.07229165732860565,0.302900105714798,"153,232,87,73,62","118,253,215,81,155",5:66:2|5:356:2|5:605:2
ckpt_300.pt,5,954,0.33183377981185913,0.06392458081245422,0.30446845293045044,"204,250,58,154,92","40,116,10,226,33",5:775:2|5:838:2|5:950:2
ckpt_300.pt,5,955,0.3370796740055084,0.061548348516225815,0.3498274087905884,"131,200,12,104,57","118,136,20,229,157",5:164:2|5:217:2|5:645:2
ckpt_300.pt,5,956,0.3294319212436676,0.060531459748744965,0.32538560032844543,"107,61,128,254,202","109,17,159,243,76",5:129:2|5:431:2|5:436:2
ckpt_300.pt,5,957,0.3147636950016022,0.06367553770542145,0.29740068316459656,"66,204,207,205,35","210,27,253,26,234",5:89:2|5:516:2|5:19:1
ckpt_300.pt,5,958,0.29355505108833313,0.04648140072822571,0.3190379738807678,"51,62,31,119,35","99,62,30,220,188",5:753:2|5:905:2|5:8:1
ckpt_300.pt,5,959,0.3601870834827423,0.06906735152006149,0.33490219712257385,"69,24,55,126,5","164,146,60,75,210",5:367:2|5:378:2|5:610:2
ckpt_300.pt,5,960,0.3200535774230957,0.05377023294568062,0.32563939690589905,"30,88,134,55,89","150,10,1,196,109",5:305:2|5:506:2|5:1015:2
ckpt_300.pt,5,961,0.3492395579814911,0.06242427974939346,0.31239622831344604,"12,208,201,226,188","196,249,61,215,255",5:54:2|5:201:2|5:228:2
ckpt_300.pt,5,962,0.3393220603466034,0.07000178843736649,0.32984355092048645,"145,60,247,52,89","127,41,203,152,161",5:681:2|5:744:2|5:34:1
ckpt_300.pt,5,963,0.3448973000049591,0.06717482954263687,0.3304747939109802,"128,245,183,43,242","36,37,203,209,138",5:406:2|5:511:2|5:554:2
ckpt_300.pt,5,964,0.31092196702957153,0.06414745002985,0.33279749751091003,"78,57,197,64,82","60,182,38,78,167",5:108:2|5:217:2|5:464:2
ckpt_300.pt,5,965,0.32827338576316833,0.06585992127656937,0.322295218706131,"241,68,71,54,33","224,105,133,153,208",5:113:2|5:244:2|5:378:2
ckpt_300.pt,5,966,0.31605497002601624,0.06117348000407219,0.29009053111076355,"227,13,127,41,175","229,86,152,157,172",5:55:2|5:397:2|5:502:2
ckpt_300.pt,5,967,0.3272708058357239,0.06238699331879616,0.3388826549053192,"111,205,240,86,119","178,18,182,188,197",5:70:2|5:298:2|5:12:1
ckpt_300.pt,5,968,0.33897262811660767,0.05724525824189186,0.2977859675884247,"130,139,25,170,110","105,54,141,87,158",5:372:2|5:669:2|5:781:2
ckpt_300.pt,5,969,0.3201098144054413,0.06325500458478928,0.32373175024986267,"67,208,145,230,21","56,67,169,251,59",5:79:2|5:716:2|5:779:2
ckpt_300.pt,5,970,0.30195361375808716,0.05590638890862465,0.3152558207511902,"44,12,129,156,152","205,200,68,20,155",5:412:2|5:0:1|5:2:1
ckpt_300.pt,5,971,0.31473100185394287,0.054000649601221085,0.33650946617126465,"107,167,199,60,143","218,140,59,94,51",5:94:2|5:624:2|5:850:2
ckpt_300.pt,5,972,0.34450671076774597,0.07449133694171906,0.31645646691322327,"250,81,145,0,61","32,25,61,158,76",5:787:2|5:796:2|5:10:1
ckpt_300.pt,5,973,0.32309240102767944,0.06328768283128738,0.3511545658111572,"5,80,237,6,215","225,13,128,9,172",5:14:2|5:101:2|5:435:2
ckpt_300.pt,5,974,0.3395158350467682,0.05363894999027252,0.31128180027008057,"119,90,143,29,121","214,176,91,37,51",5:52:2|5:178:2|5:12:1
ckpt_300.pt,5,975,0.308784544467926,0.06184735521674156,0.32824161648750305,"192,185,156,111,173","243,41,213,121,107",5:353:2|5:822:2|5:825:2
ckpt_300.pt,5,976,0.3507728576660156,0.06344814598560333,0.3382129371166229,"177,100,46,246,187","107,140,147,169,63",5:3:1|5:5:1|5:61:1
ckpt_300.pt,5,977,0.32653239369392395,0.06037825718522072,0.3114766776561737,"214,219,12,37,159","150,248,70,27,203",5:7:2|5:76:2|5:126:2
ckpt_300.pt,5,978,0.3133181631565094,0.06501760333776474,0.3442797064781189,"246,29,155,92,136","101,36,152,77,189",5:159:2|5:323:2|5:552:2
ckpt_300.pt,5,979,0.33290886878967285,0.058553095906972885,0.3135601580142975,"221,61,169,115,58","57,218,153,120,62",5:105:2|5:449:2|5:641:2
ckpt_300.pt,5,980,0.3334430754184723,0.06366588920354843,0.2884116768836975,"69,108,113,224,75","71,123,122,125,126",5:941:3|5:302:2|5:608:2
ckpt_300.pt,5,981,0.31686514616012573,0.052515435963869095,0.3017544150352478,"110,216,194,33,46","132,48,33,209,164",5:741:2|5:827:2|5:29:1
ckpt_300.pt,5,982,0.3192749619483948,0.056222617626190186,0.3100220561027527,"92,245,82,136,183","243,151,164,127,192",5:32:2|5:469:2|5:587:2
ckpt_300.pt,5,983,0.31778720021247864,0.057036347687244415,0.35561978816986084,"119,43,185,213,12","35,28,78,91,103",5:78:2|5:199:2|5:296:2
ckpt_300.pt,5,984,0.3541964292526245,0.06375116109848022,0.328468382358551,"202,108,134,127,44","169,161,163,69,31",5:441:2|5:0:1|5:3:1
ckpt_300.pt,5,985,0.3102991580963135,0.07937444001436234,0.30263370275497437,"246,173,82,125,61","239,171,21,236,43",5:277:2|5:304:2|5:5:1
ckpt_300.pt,5,986,0.3334043622016907,0.06084676459431648,0.32653331756591797,"64,49,168,144,116","111,84,119,133,153",5:258:2|5:555:2|5:874:2
ckpt_300.pt,5,987,0.332560271024704,0.0619540698826313,0.3355793058872223,"177,17,145,82,190","84,51,66,97,61",5:663:2|5:1018:2|5:3:1
ckpt_300.pt,5,988,0.33430004119873047,0.07157668471336365,0.34048882126808167,"98,128,21,245,157","112,47,104,172,203",5:471:2|5:845:2|5:963:2
ckpt_300.pt,5,989,0.35546448826789856,0.07845897227525711,0.33783528208732605,"74,154,167,208,99","87,251,178,145,207",5:765:2|5:17:1|5:26:1
ckpt_300.pt,5,990,0.3068857491016388,0.05964507907629013,0.34419623017311096,"57,220,204,137,64","108,30,110,62,48",5:816:2|5:964:2|5:15:1
ckpt_300.pt,5,991,0.3050822913646698,0.05225316062569618,0.2898593842983246,"94,75,213,202,189","203,87,8,239,191",5:880:2|5:3:1|5:9:1
ckpt_300.pt,5,992,0.329313188791275,0.06290878355503082,0.32930999994277954,"23,218,58,47,203","15,124,192,149,185",5:132:2|5:6:1|5:9:1
ckpt_300.pt,5,993,0.3149776756763458,0.06107108294963837,0.30714884400367737,"218,109,84,30,120","115,111,26,203,199",5:9:2|5:163:2|5:287:2
ckpt_300.pt,5,994,0.3312206566333771,0.0658968836069107,0.3332599699497223,"200,150,183,38,138","87,223,224,208,76",5:4:1|5:8:1|5:23:1
ckpt_300.pt,5,995,0.3426520824432373,0.057569392025470734,0.33964410424232483,"41,230,19,134,94","55,11,89,84,167",5:470:2|5:702:2|5:899:2
ckpt_300.pt,5,996,0.32963353395462036,0.05801185965538025,0.3176005184650421,"235,49,210,190,16","83,219,38,60,118",5:106:2|5:704:2|5:1018:2
ckpt_300.pt,5,997,0.3184138834476471,0.061346713453531265,0.3437226414680481,"21,189,18,51,25","240,161,195,211,30",5:137:2|5:793:2|5:845:2
ckpt_300.pt,5,998,0.33881187438964844,0.07124708592891693,0.2877689599990845,"135,232,177,37,109","197,50,130,54,58",5:381:2|5:3:1|5:18:1
ckpt_300.pt,5,999,0.32101327180862427,0.05735842138528824,0.3124995529651642,"181,216,3,161,34","174,219,255,190,88",5:30:1|5:45:1|5:46:1
ckpt_300.pt,5,1000,0.32649675011634827,0.06263209134340286,0.33225953578948975,"159,151,82,81,221","172,218,151,58,226",5:665:3|5:31:2|5:25:1
ckpt_300.pt,5,1001,0.30324143171310425,0.0647357851266861,0.3253890573978424,"147,145,201,66,171","195,18,226,83,184",5:9:1|5:32:1|5:54:1
ckpt_300.pt,5,1002,0.32295551896095276,0.05966448411345482,0.33533549308776855,"180,248,129,41,164","188,27,40,240,141",5:382:2|5:519:2|5:34:1
ckpt_300.pt,5,1003,0.34597185254096985,0.06375228613615036,0.3413163721561432,"120,5,32,201,215","188,33,71,119,247",5:17:2|5:489:2|5:496:2
ckpt_300.pt,5,1004,0.3193773031234741,0.058229584246873856,0.3174530863761902,"55,194,206,31,71","197,105,119,145,181",5:36:2|5:362:2|5:506:2
ckpt_300.pt,5,1005,0.3201887309551239,0.05790076032280922,0.31404635310173035,"153,13,184,3,251","79,35,224,99,16",5:260:2|5:357:2|5:21:1
ckpt_300.pt,5,1006,0.31217706203460693,0.06495289504528046,0.3069721758365631,"152,180,165,145,57","104,120,84,228,102",5:212:2|5:681:2|5:818:2
ckpt_300.pt,5,1007,0.3261357247829437,0.06045372039079666,0.32845330238342285,"151,64,131,132,186","8,210,53,176,25",5:164:2|5:816:2|5:25:1
ckpt_300.pt,5,1008,0.31022772192955017,0.04911491274833679,0.32810452580451965,"53,171,34,152,136","106,86,80,141,229",5:604:3|5:56:2|5:847:2
ckpt_300.pt,5,1009,0.3264571726322174,0.06711295992136002,0.3318842053413391,"171,67,104,128,79","92,209,69,61,124",5:10:2|5:13:2|5:238:2
ckpt_300.pt,5,1010,0.32191407680511475,0.061626944690942764,0.33661022782325745,"123,47,191,2,238","133,108,101,186,11",5:433:2|5:729:2|5:784:2
ckpt_300.pt,5,1011,0.30872049927711487,0.06383181363344193,0.36478155851364136,"22,124,139,128,11","158,35,233,37,220",5:253:2|5:592:2|5:643:2
ckpt_300.pt,5,1012,0.3550613820552826,0.06697051972150803,0.32948556542396545,"176,138,24,112,169","65,210,33,1,7",5:205:2|5:247:2|5:857:2
ckpt_300.pt,5,1013,0.33783838152885437,0.06266133487224579,0.3297114372253418,"181,25,21,156,163","139,174,98,136,17",5:149:2|5:619:2|5:825:2
ckpt_300.pt,5,1014,0.32677656412124634,0.05993955209851265,0.3192269802093506,"240,168,33,16,94","103,123,169,92,208",5:402:2|5:596:2|5:9:1
ckpt_300.pt,5,1015,0.33981460332870483,0.06612382084131241,0.3494585454463959,"30,105,231,154,55","226,65,8,175,198",5:4:2|5:506:2|5:840:2
ckpt_300.pt,5,1016,0.3627570867538452,0.06373872607946396,0.3213016986846924,"35,211,139,1,246","49,24,48,159,246",5:658:2|5:762:2|5:928:2
ckpt_300.pt,5,1017,0.3317982256412506,0.053193941712379456,0.3291845917701721,"157,15,215,147,194","3,165,240,239,179",5:949:2|5:3:1|5:5:1
ckpt_300.pt,5,1018,0.3147501051425934,0.05577665567398071,0.3344391882419586,"16,44,177,190,144","97,148,17,172,24",5:704:2|5:987:2|5:996:2
ckpt_300.pt,5,1019,0.31168079376220703,0.05972375348210335,0.3541763722896576,"130,176,220,161,94","104,30,176,13,4",5:78:2|5:123:2|5:653:2
ckpt_300.pt,5,1020,0.30744677782058716,0.08667978644371033,0.31597283482551575,"234,179,215,219,185","160,100,126,6,1",5:101:2|5:126:2|5:706:2
ckpt_300.pt,5,1021,0.32802799344062805,0.05688653886318207,0.33236220479011536,"109,226,55,56,104","89,104,45,35,49",5:98:2|5:682:2|5:4:1
ckpt_300.pt,5,1022,0.3443664312362671,0.0602598562836647,0.3112253248691559,"193,224,103,120,239","24,180,41,67,139",5:285:2|5:415:2|5:608:2
ckpt_300.pt,5,1023,0.3202475607395172,0.05426342785358429,0.3104051649570465,"96,88,114,41,165","166,0,131,255,81",5:311:2|5:491:2|5:692:2
