checkpoint,block,neuron,fc_l2,fc_max_abs,proj_l2,top_in_dims,top_out_dims,neighbors_input
ckpt_4100.pt,0,0,0.39144548773765564,0.09239652007818222,0.3933248221874237,"154,163,123,29,116","184,45,133,18,206",0:653:2|0:6:1|0:20:1
ckpt_4100.pt,0,1,0.3502766788005829,0.07379566878080368,0.33095142245292664,"86,167,12,253,157","150,155,192,65,166",0:671:2|0:770:2|0:5:1
ckpt_4100.pt,0,2,0.4457997977733612,0.09089839458465576,0.43323343992233276,"27,44,63,231,232","200,255,98,205,154",0:369:3|0:208:2|0:791:2
ckpt_4100.pt,0,3,0.432368665933609,0.08186762779951096,0.43088483810424805,"80,217,49,207,165","209,67,128,200,205",0:104:2|0:113:2|0:117:2
ckpt_4100.pt,0,4,0.4583250880241394,0.08709381520748138,0.4524149000644684,"165,1,28,62,159","85,163,134,234,190",0:113:2|0:249:2|0:368:2
ckpt_4100.pt,0,5,0.421720951795578,0.1023954376578331,0.3858829736709595,"121,71,63,186,12","55,109,65,157,46",0:331:2|0:699:2|0:924:2
ckpt_4100.pt,0,6,0.5130391716957092,0.10451726615428925,0.44909974932670593,"116,213,113,90,94","73,156,134,27,5",0:116:3|0:595:2|0:0:1
ckpt_4100.pt,0,7,0.40106385946273804,0.06855528056621552,0.42028120160102844,"220,119,128,56,211","223,34,118,158,35",0:388:2|0:714:2|0:747:2
ckpt_4100.pt,0,8,0.3989547789096832,0.07403012365102768,0.37063735723495483,"150,60,70,115,166","161,234,220,171,145",0:120:2|0:577:2|0:918:2
ckpt_4100.pt,0,9,0.413924902677536,0.0764763206243515,0.3747771978378296,"97,23,44,69,168","148,185,246,222,99",0:482:2|0:723:2|0:2:1
ckpt_4100.pt,0,10,0.4026848077774048,0.06842666119337082,0.387133926153183,"44,191,245,26,15","171,92,93,118,129",0:143:2|0:275:2|0:2:1
ckpt_4100.pt,0,11,0.45570963621139526,0.07732847332954407,0.4478440284729004,"62,233,42,67,189","35,242,140,82,101",0:101:2|0:485:2|0:960:2
ckpt_4100.pt,0,12,0.4306807518005371,0.08797311782836914,0.417516827583313,"91,185,59,87,84","117,29,68,236,9",0:352:2|0:462:2|0:887:2
ckpt_4100.pt,0,13,0.41281914710998535,0.0816534161567688,0.401231586933136,"28,63,207,113,220","87,158,108,74,24",0:47:2|0:385:2|0:2:1
ckpt_4100.pt,0,14,0.40984922647476196,0.0649014264345169,0.40815016627311707,"36,251,4,113,129","244,119,59,22,179",0:822:2|0:889:2|0:919:2
ckpt_4100.pt,0,15,0.4367755353450775,0.10421370714902878,0.41365161538124084,"48,157,93,59,107","219,37,39,234,154",0:516:2|0:1:1|0:12:1
ckpt_4100.pt,0,16,0.41214367747306824,0.0743200033903122,0.41823673248291016,"226,255,42,10,191","124,223,62,222,11",0:282:2|0:736:2|0:1007:2
ckpt_4100.pt,0,17,0.3838326632976532,0.06574257463216782,0.4234939217567444,"102,244,180,227,106","82,97,89,4,130",0:59:2|0:302:2|0:392:2
ckpt_4100.pt,0,18,0.3445741832256317,0.059690605849027634,0.37189194560050964,"189,122,175,33,82","98,45,23,192,86",0:325:2|0:571:2|0:11:1
ckpt_4100.pt,0,19,0.4045102596282959,0.0734625831246376,0.3790898323059082,"159,34,237,239,153","214,161,238,253,46",0:362:2|0:393:2|0:748:2
ckpt_4100.pt,0,20,0.44680559635162354,0.08957888931035995,0.4471690356731415,"154,121,21,38,69","155,143,215,241,163",0:350:2|0:596:2|0:626:2
ckpt_4100.pt,0,21,0.4525874853134155,0.08044087886810303,0.46847590804100037,"172,81,147,229,105","156,219,12,2,66",0:75:2|0:226:2|0:242:2
ckpt_4100.pt,0,22,0.4109404385089874,0.09050482511520386,0.3955947458744049,"43,174,56,150,194","174,27,50,158,44",0:7:1|0:8:1|0:31:1
ckpt_4100.pt,0,23,0.41481032967567444,0.07486492395401001,0.3762410879135132,"38,47,18,89,61","171,76,231,242,213",0:20:1|0:37:1|0:42:1
ckpt_4100.pt,0,24,0.4731360375881195,0.08919265121221542,0.4198669493198395,"36,102,191,34,101","12,243,218,130,249",0:81:2|0:258:2|0:379:2
ckpt_4100.pt,0,25,0.37700167298316956,0.061443500220775604,0.38752496242523193,"205,178,206,113,239","112,88,190,127,7",0:231:2|0:325:2|0:358:2
ckpt_4100.pt,0,26,0.4076630771160126,0.07618528604507446,0.426931232213974,"241,103,90,93,8","133,123,169,24,235",0:279:2|0:549:2|0:710:2
ckpt_4100.pt,0,27,0.4614568054676056,0.10113351792097092,0.4227311313152313,"208,9,30,183,202","16,218,62,14,108",0:581:2|0:609:2|0:718:2
ckpt_4100.pt,0,28,0.35592567920684814,0.0702492967247963,0.3744763135910034,"58,127,78,57,29","31,147,203,236,176",0:326:2|0:575:2|0:991:2
ckpt_4100.pt,0,29,0.401642769575119,0.07182133942842484,0.43288683891296387,"167,189,154,40,55","207,9,66,197,45",0:185:2|0:350:2|0:653:2
ckpt_4100.pt,0,30,0.38355693221092224,0.07061991840600967,0.37109097838401794,"2,127,19,216,255","95,162,90,115,58",0:580:2|0:16:1|0:28:1
ckpt_4100.pt,0,31,0.4615742862224579,0.07661636918783188,0.43859705328941345,"139,121,237,174,135","185,174,247,12,119",0:529:2|0:698:2|0:964:2
ckpt_4100.pt,0,32,0.46901944279670715,0.09114042669534683,0.4400351047515869,"172,88,218,236,217","77,206,197,153,207",0:194:2|0:226:2|0:533:2
ckpt_4100.pt,0,33,0.41768449544906616,0.07341505587100983,0.40867137908935547,"108,245,40,33,81","7,228,85,61,206",0:76:2|0:79:2|0:10:1
ckpt_4100.pt,0,34,0.406109094619751,0.06601741164922714,0.3982529044151306,"67,25,0,112,2","95,99,4,6,24",0:218:2|0:270:2|0:308:2
ckpt_4100.pt,0,35,0.43817853927612305,0.07552376389503479,0.44341591000556946,"205,130,41,28,6","94,83,162,52,196",0:530:2|0:705:2|0:947:2
ckpt_4100.pt,0,36,0.43271908164024353,0.07531998306512833,0.44378912448883057,"143,36,5,96,66","174,234,236,238,149",0:166:2|0:419:2|0:593:2
ckpt_4100.pt,0,37,0.43748238682746887,0.07833874225616455,0.43572375178337097,"47,116,141,70,174","57,229,140,210,42",0:77:2|0:210:2|0:367:2
ckpt_4100.pt,0,38,0.44844576716423035,0.07820511609315872,0.4371495842933655,"14,163,56,204,228","5,204,154,248,125",0:102:2|0:126:2|0:196:2
ckpt_4100.pt,0,39,0.4417266249656677,0.08188824355602264,0.4267736077308655,"83,204,107,112,80","206,64,214,154,254",0:103:2|0:597:2|0:1012:2
ckpt_4100.pt,0,40,0.42586177587509155,0.08779435604810715,0.39427727460861206,"4,177,115,92,144","131,191,250,161,129",0:191:2|0:253:2|0:503:2
ckpt_4100.pt,0,41,0.48835527896881104,0.08477293699979782,0.43165090680122375,"165,252,37,99,104","126,15,151,238,138",0:268:2|0:640:2|0:948:2
ckpt_4100.pt,0,42,0.4433753490447998,0.08323438465595245,0.42367616295814514,"197,112,206,18,87","121,107,254,174,228",0:47:2|0:147:2|0:349:2
ckpt_4100.pt,0,43,0.3705056309700012,0.0657830461859703,0.35581162571907043,"248,54,189,98,181","48,180,156,73,79",0:363:2|0:427:2|0:438:2
ckpt_4100.pt,0,44,0.4366745948791504,0.10331612825393677,0.43031519651412964,"131,243,46,126,178","244,233,89,23,232",0:119:2|0:121:2|0:269:2
ckpt_4100.pt,0,45,0.3975852131843567,0.0764010101556778,0.3986051082611084,"245,232,48,201,80","124,23,43,61,249",0:590:2|0:823:2|0:837:2
ckpt_4100.pt,0,46,0.38470587134361267,0.06833440810441971,0.3847298324108124,"76,57,184,49,69","85,132,252,22,40",0:845:3|0:107:2|0:203:2
ckpt_4100.pt,0,47,0.4158826470375061,0.07569004595279694,0.43150976300239563,"214,18,220,63,87","51,116,114,73,164",0:13:2|0:42:2|0:385:2
ckpt_4100.pt,0,48,0.4264735281467438,0.07604055851697922,0.39324522018432617,"148,156,40,18,252","100,18,197,87,93",0:985:2|0:23:1|0:29:1
ckpt_4100.pt,0,49,0.4062272906303406,0.07939478754997253,0.41921401023864746,"71,230,167,231,255","199,63,11,137,95",0:129:2|0:326:2|0:374:2
ckpt_4100.pt,0,50,0.4489055573940277,0.07605835795402527,0.4156160056591034,"119,13,103,193,17","15,138,65,221,52",0:775:3|0:87:2|0:224:2
ckpt_4100.pt,0,51,0.41418784856796265,0.0657089501619339,0.41833630204200745,"206,63,171,85,106","153,234,94,8,245",0:124:2|0:288:2|0:700:2
ckpt_4100.pt,0,52,0.5179874300956726,0.11483070254325867,0.41573366522789,"161,207,30,61,168","234,185,81,41,88",0:188:2|0:581:2|0:3:1
ckpt_4100.pt,0,53,0.40867939591407776,0.08045990020036697,0.424134761095047,"139,126,3,29,158","103,188,63,155,84",0:121:2|0:173:2|0:342:2
ckpt_4100.pt,0,54,0.41701769828796387,0.06270408630371094,0.41844698786735535,"46,66,187,82,101","78,43,49,183,109",0:190:2|0:18:1|0:24:1
ckpt_4100.pt,0,55,0.405326783657074,0.06916962563991547,0.4364113211631775,"6,165,179,228,137","24,218,166,170,185",0:347:2|0:368:2|0:484:2
ckpt_4100.pt,0,56,0.43352553248405457,0.09213504940271378,0.42209652066230774,"20,37,168,11,67","174,107,49,44,90",0:70:2|0:110:2|0:217:2
ckpt_4100.pt,0,57,0.40112149715423584,0.07654879242181778,0.42253831028938293,"43,156,122,214,128","67,174,36,247,155",0:170:2|0:1014:2|0:7:1
ckpt_4100.pt,0,58,0.4504443407058716,0.0936320349574089,0.44634395837783813,"44,209,36,42,206","21,55,6,66,43",0:147:2|0:193:2|0:313:2
ckpt_4100.pt,0,59,0.4729924201965332,0.09984008967876434,0.4585164487361908,"106,208,180,254,107","174,212,197,129,30",0:17:2|0:15:1|0:27:1
ckpt_4100.pt,0,60,0.4125519394874573,0.0731762945652008,0.41775643825531006,"204,243,193,27,39","181,81,84,167,226",0:943:2|0:2:1|0:38:1
ckpt_4100.pt,0,61,0.48747941851615906,0.11565934866666794,0.4255780875682831,"224,106,26,173,83","29,184,185,145,240",0:142:2|0:303:2|0:462:2
ckpt_4100.pt,0,62,0.4040142595767975,0.07736996561288834,0.4066721200942993,"90,140,208,101,29","0,127,254,122,151",0:538:2|0:896:2|0:991:2
ckpt_4100.pt,0,63,0.4114305377006531,0.0775148943066597,0.4054878354072571,"161,248,203,175,226","180,153,117,75,213",0:260:2|0:16:1|0:18:1
ckpt_4100.pt,0,64,0.42956820130348206,0.09598374366760254,0.40996819734573364,"212,93,165,171,175","4,56,144,58,86",0:279:2|0:3:1|0:4:1
ckpt_4100.pt,0,65,0.35090717673301697,0.05741341412067413,0.3851979672908783,"19,60,95,245,96","251,202,227,170,80",0:123:2|0:569:2|0:771:2
ckpt_4100.pt,0,66,0.3398659825325012,0.06098974496126175,0.3461397588253021,"111,121,144,167,248","105,32,62,87,116",0:232:2|0:455:2|0:924:2
ckpt_4100.pt,0,67,0.4227984547615051,0.09365450590848923,0.4462721645832062,"235,131,185,152,133","36,235,112,252,14",0:347:2|0:550:2|0:779:2
ckpt_4100.pt,0,68,0.5108701586723328,0.09191540628671646,0.4989132285118103,"137,23,176,202,77","117,2,148,156,155",0:612:2|0:813:2|0:9:1
ckpt_4100.pt,0,69,0.38932177424430847,0.06736434996128082,0.41263052821159363,"134,135,230,218,104","238,87,235,123,104",0:284:2|0:304:2|0:759:2
ckpt_4100.pt,0,70,0.4069634675979614,0.07852904498577118,0.3933410942554474,"126,227,16,37,20","153,121,61,75,147",0:56:2|0:670:2|0:17:1
ckpt_4100.pt,0,71,0.3412535488605499,0.05979213863611221,0.36216506361961365,"7,153,167,175,182","254,91,232,102,19",0:234:2|0:345:2|0:414:2
ckpt_4100.pt,0,72,0.4393453896045685,0.08040811121463776,0.4201574921607971,"43,124,223,78,62","107,154,126,199,97",0:326:2|0:583:2|0:4:1
ckpt_4100.pt,0,73,0.4203578531742096,0.08139137178659439,0.3891851305961609,"7,226,90,49,75","150,222,149,170,13",0:242:2|0:327:2|0:623:2
ckpt_4100.pt,0,74,0.3902626931667328,0.08535468578338623,0.4068986177444458,"235,119,28,182,137","42,69,253,241,40",0:368:2|0:554:2|0:4:1
ckpt_4100.pt,0,75,0.3630194664001465,0.060523636639118195,0.3842197060585022,"105,158,162,147,54","137,198,186,83,172",0:21:2|0:537:2|0:43:1
ckpt_4100.pt,0,76,0.44700345396995544,0.08627838641405106,0.4412587881088257,"245,81,66,198,51","154,166,54,204,179",0:33:2|0:10:1|0:21:1
ckpt_4100.pt,0,77,0.4318828284740448,0.08161044865846634,0.429935485124588,"47,70,4,43,185","234,179,71,91,186",0:37:2|0:352:2|0:550:2
ckpt_4100.pt,0,78,0.4263211190700531,0.07929524034261703,0.4174042344093323,"247,70,22,81,169","193,222,165,90,49",0:661:2|0:8:1|0:21:1
ckpt_4100.pt,0,79,0.44817474484443665,0.08305342495441437,0.442898154258728,"40,81,73,7,186","84,194,143,175,191",0:33:2|0:141:2|0:162:2
ckpt_4100.pt,0,80,0.4097028076648712,0.07745175808668137,0.40068092942237854,"119,86,14,24,30","90,124,233,113,204",0:126:2|0:521:2|0:835:2
ckpt_4100.pt,0,81,0.43078309297561646,0.07287432998418808,0.4018389582633972,"57,166,101,36,177","220,209,146,104,151",0:24:2|0:165:2|0:379:2
ckpt_4100.pt,0,82,0.4174160361289978,0.08207593113183975,0.4148160517215729,"103,219,27,74,134","212,156,47,38,203",0:967:2|0:2:1|0:26:1
ckpt_4100.pt,0,83,0.44605737924575806,0.0744958221912384,0.4473482668399811,"180,76,231,94,43","67,22,180,11,18",0:435:2|0:464:2|0:746:2
ckpt_4100.pt,0,84,0.3997463583946228,0.06560524553060532,0.38930171728134155,"234,189,126,239,47","174,253,244,11,193",0:229:2|0:423:2|0:11:1
ckpt_4100.pt,0,85,0.43394729495048523,0.08254591375589371,0.41426652669906616,"159,125,29,32,243","220,250,112,93,106",0:872:2|0:0:1|0:4:1
ckpt_4100.pt,0,86,0.43358004093170166,0.10106814652681351,0.42932650446891785,"138,181,61,229,49","3,19,27,228,174",0:950:2|0:3:1|0:21:1
ckpt_4100.pt,0,87,0.44870278239250183,0.08592873066663742,0.4079314172267914,"178,119,193,246,216","134,30,15,4,160",0:50:2|0:514:2|0:765:2
ckpt_4100.pt,0,88,0.44233518838882446,0.08900157362222672,0.4111058712005615,"199,55,37,64,191","8,88,233,129,3",0:480:2|0:611:2|0:10:1
ckpt_4100.pt,0,89,0.36168110370635986,0.07285280525684357,0.3722131550312042,"43,188,92,175,75","254,151,213,167,235",0:296:2|0:652:2|0:673:2
ckpt_4100.pt,0,90,0.5120447278022766,0.1026499941945076,0.44294485449790955,"226,58,151,163,187","163,60,91,224,73",0:305:2|0:724:2|0:903:2
ckpt_4100.pt,0,91,0.4424276351928711,0.08470866829156876,0.4218452274799347,"11,130,39,241,158","160,80,156,234,77",0:111:2|0:178:2|0:211:2
ckpt_4100.pt,0,92,0.4219948351383209,0.07704897969961166,0.41735002398490906,"83,111,88,43,133","116,20,188,243,78",0:175:2|0:198:2|0:226:2
ckpt_4100.pt,0,93,0.4835631251335144,0.11778265982866287,0.42989373207092285,"143,191,110,11,238","13,93,20,206,43",0:414:2|0:10:1|0:16:1
ckpt_4100.pt,0,94,0.42885133624076843,0.09338220953941345,0.4332641661167145,"64,236,209,198,164","101,2,240,237,68",0:338:2|0:515:2|0:32:1
ckpt_4100.pt,0,95,0.46329498291015625,0.09905388951301575,0.4118182063102722,"4,219,202,45,79","44,191,172,28,197",0:352:2|0:494:2|0:619:2
ckpt_4100.pt,0,96,0.433014839887619,0.07939217984676361,0.4180029332637787,"192,102,220,27,150","17,236,87,227,181",0:202:2|0:416:2|0:577:2
ckpt_4100.pt,0,97,0.4519287943840027,0.0801168754696846,0.42749103903770447,"2,130,250,223,44","209,15,122,56,61",0:449:2|0:2:1|0:9:1
ckpt_4100.pt,0,98,0.4293789565563202,0.07822830229997635,0.42799168825149536,"62,119,74,105,0","120,195,20,55,115",0:127:2|0:164:2|0:265:2
ckpt_4100.pt,0,99,0.39457252621650696,0.06947877258062363,0.4009839594364166,"135,136,85,224,163","113,216,136,163,143",0:359:2|0:1015:2|0:0:1
ckpt_4100.pt,0,100,0.4444953501224518,0.08587239682674408,0.4296148717403412,"29,132,136,89,211","49,168,127,193,66",0:220:2|0:272:2|0:506:2
ckpt_4100.pt,0,101,0.48740604519844055,0.0798448994755745,0.4490630030632019,"67,233,183,166,87","236,127,160,141,115",0:11:2|0:743:2|0:756:2
ckpt_4100.pt,0,102,0.4249155819416046,0.08656901866197586,0.3768489956855774,"136,56,196,14,25","151,16,234,29,2",0:38:2|0:259:2|0:308:2
ckpt_4100.pt,0,103,0.49141305685043335,0.09289484471082687,0.45488566160202026,"204,123,112,90,187","208,19,50,191,174",0:39:2|0:242:2|0:465:2
ckpt_4100.pt,0,104,0.41268402338027954,0.07108421623706818,0.4293668866157532,"3,165,49,197,182","222,199,103,110,166",0:3:2|0:117:2|0:209:2
ckpt_4100.pt,0,105,0.3874261975288391,0.06080135703086853,0.37216150760650635,"7,210,155,173,111","149,246,113,142,53",0:531:2|0:755:2|0:61:1
ckpt_4100.pt,0,106,0.42756006121635437,0.10668966174125671,0.4120086133480072,"71,53,57,244,233","120,148,235,87,178",0:360:2|0:445:2|0:682:2
ckpt_4100.pt,0,107,0.3928653299808502,0.07682637125253677,0.414495587348938,"29,30,69,27,76","225,183,66,235,246",0:46:2|0:153:2|0:853:2
ckpt_4100.pt,0,108,0.37147337198257446,0.06207297369837761,0.4021601378917694,"175,252,162,96,193","83,179,167,19,131",0:711:2|0:931:2|0:18:1
ckpt_4100.pt,0,109,0.4320962727069855,0.06404582411050797,0.4237282872200012,"144,130,120,114,132","218,5,10,144,110",0:487:2|0:520:2|0:35:1
ckpt_4100.pt,0,110,0.37519142031669617,0.07583729922771454,0.3692663609981537,"141,194,67,219,20","195,121,113,250,204",0:56:2|0:473:2|0:11:1
ckpt_4100.pt,0,111,0.410378634929657,0.07661007344722748,0.42097875475883484,"64,241,254,226,11","28,160,205,193,165",0:91:2|0:178:2|0:206:2
ckpt_4100.pt,0,112,0.4620493948459625,0.07783567160367966,0.434745728969574,"219,58,113,87,236","44,73,249,248,91",0:184:2|0:822:2|0:908:2
ckpt_4100.pt,0,113,0.40787580609321594,0.08590123802423477,0.42276424169540405,"28,80,160,183,165","111,58,73,181,191",0:3:2|0:4:2|0:368:2
ckpt_4100.pt,0,114,0.43184947967529297,0.07529505342245102,0.4265366196632385,"27,21,100,35,25","78,201,199,204,71",0:140:2|0:171:2|0:471:2
ckpt_4100.pt,0,115,0.41656002402305603,0.07278172671794891,0.4147510826587677,"183,21,36,91,214","236,61,153,196,202",0:432:2|0:944:2|0:12:1
ckpt_4100.pt,0,116,0.45578843355178833,0.08765646070241928,0.4409756660461426,"233,2,90,116,113","112,104,201,173,28",0:6:3|0:171:2|0:367:2
ckpt_4100.pt,0,117,0.3854449987411499,0.0748705342411995,0.3970734179019928,"142,64,165,182,207","95,160,248,237,43",0:3:2|0:104:2|0:633:2
ckpt_4100.pt,0,118,0.42038288712501526,0.07207417488098145,0.443400502204895,"214,216,54,12,99","82,80,133,17,127",0:156:2|0:760:2|0:1:1
ckpt_4100.pt,0,119,0.4729065001010895,0.08518165349960327,0.4553101658821106,"75,157,77,126,243","52,248,251,246,179",0:44:2|0:566:2|0:678:2
ckpt_4100.pt,0,120,0.4161747395992279,0.06746744364500046,0.41829779744148254,"244,150,249,166,24","9,85,140,209,113",0:8:2|0:632:2|0:950:2
ckpt_4100.pt,0,121,0.45469221472740173,0.06997185200452805,0.4049244225025177,"144,126,46,45,139","147,212,129,16,115",0:44:2|0:53:2|0:192:2
ckpt_4100.pt,0,122,0.4006567597389221,0.08604124188423157,0.39881134033203125,"97,146,178,213,129","139,245,35,188,197",0:143:2|0:657:2|0:685:2
ckpt_4100.pt,0,123,0.45079901814460754,0.07627894729375839,0.4438357949256897,"18,221,95,9,60","56,123,245,255,22",0:65:2|0:8:1|0:23:1
ckpt_4100.pt,0,124,0.4058431386947632,0.07205823808908463,0.39535656571388245,"255,85,171,246,79","48,82,90,238,49",0:51:2|0:386:2|0:523:2
ckpt_4100.pt,0,125,0.46580061316490173,0.09626788645982742,0.4153158366680145,"116,128,221,1,13","81,236,9,175,253",0:206:2|0:286:2|0:442:2
ckpt_4100.pt,0,126,0.47373872995376587,0.08749029785394669,0.4168102443218231,"175,14,86,120,163","24,32,47,113,153",0:38:2|0:80:2|0:196:2
ckpt_4100.pt,0,127,0.4017040431499481,0.0744701623916626,0.43381091952323914,"74,195,157,34,105","51,229,189,159,78",0:98:2|0:265:2|0:1:1
ckpt_4100.pt,0,128,0.41695109009742737,0.09145677834749222,0.36837899684906006,"211,144,223,36,39","219,225,199,223,70",0:135:2|0:439:2|0:549:2
ckpt_4100.pt,0,129,0.4133419096469879,0.07696592062711716,0.39234834909439087,"255,49,83,71,153","144,215,207,38,171",0:49:2|0:167:2|0:505:2
ckpt_4100.pt,0,130,0.42182084918022156,0.08027751743793488,0.4348912239074707,"150,167,83,235,19","92,24,200,13,133",0:1:1|0:8:1|0:22:1
ckpt_4100.pt,0,131,0.40924760699272156,0.09812551736831665,0.4045112431049347,"133,21,176,159,168","255,185,42,198,194",0:375:2|0:4:1|0:9:1
ckpt_4100.pt,0,132,0.43129822611808777,0.08341861516237259,0.39451271295547485,"169,78,61,217,222","34,86,36,0,29",0:3:1|0:23:1|0:28:1
ckpt_4100.pt,0,133,0.43904978036880493,0.0702187567949295,0.41087806224823,"87,33,53,200,5","107,7,172,197,61",0:169:2|0:778:2|0:832:2
ckpt_4100.pt,0,134,0.44062525033950806,0.08542557060718536,0.4544743001461029,"230,237,56,32,74","121,33,90,53,175",0:186:2|0:722:2|0:7:1
ckpt_4100.pt,0,135,0.35381969809532166,0.07253329455852509,0.36356881260871887,"144,24,231,105,211","86,32,162,247,79",0:128:2|0:487:2|0:2:1
ckpt_4100.pt,0,136,0.4264873266220093,0.0908411517739296,0.3975483477115631,"25,170,15,177,81","127,42,209,126,79",0:140:2|0:776:2|0:794:2
ckpt_4100.pt,0,137,0.4852474331855774,0.08729372173547745,0.45821574330329895,"76,156,73,64,101","170,210,209,110,66",0:266:3|0:172:2|0:239:2
ckpt_4100.pt,0,138,0.44134262204170227,0.0920896977186203,0.44541287422180176,"76,219,229,255,249","167,123,143,136,245",0:291:2|0:746:2|0:16:1
ckpt_4100.pt,0,139,0.39822956919670105,0.09883227199316025,0.41046014428138733,"255,109,221,150,119","236,57,155,47,89",0:205:2|0:291:2|0:337:2
ckpt_4100.pt,0,140,0.42097318172454834,0.08618341386318207,0.3956144154071808,"146,21,25,223,170","142,9,22,248,67",0:114:2|0:136:2|0:776:2
ckpt_4100.pt,0,141,0.41219979524612427,0.07710511237382889,0.3698405921459198,"217,24,40,53,7","28,7,64,123,25",0:79:2|0:653:2|0:3:1
ckpt_4100.pt,0,142,0.41968783736228943,0.07472594827413559,0.39783644676208496,"84,26,39,83,100","66,45,126,113,176",0:61:2|0:303:2|0:831:2
ckpt_4100.pt,0,143,0.4099961519241333,0.08460373431444168,0.40001773834228516,"15,83,213,44,146","115,34,101,145,207",0:10:2|0:122:2|0:272:2
ckpt_4100.pt,0,144,0.45854246616363525,0.07332731038331985,0.41959983110427856,"63,191,8,147,33","3,26,78,203,212",0:570:3|0:409:2|0:2:1
ckpt_4100.pt,0,145,0.36356738209724426,0.06579942256212234,0.40356919169425964,"145,70,209,56,6","106,143,5,99,132",0:381:2|0:947:2|0:7:1
ckpt_4100.pt,0,146,0.39578506350517273,0.06776177138090134,0.41481098532676697,"10,18,93,250,249","122,54,153,27,155",0:349:2|0:629:2|0:876:2
ckpt_4100.pt,0,147,0.4438822567462921,0.09678243100643158,0.40606385469436646,"33,43,197,44,206","7,99,37,44,129",0:42:2|0:58:2|0:687:2
ckpt_4100.pt,0,148,0.4332350492477417,0.08760057389736176,0.417581707239151,"142,198,200,119,95","82,43,14,1,218",0:164:2|0:330:2|0:361:2
ckpt_4100.pt,0,149,0.414960116147995,0.08202455192804337,0.4187963306903839,"49,96,179,124,217","136,86,253,24,111",0:3:2|0:742:2|0:889:2
ckpt_4100.pt,0,150,0.4173610508441925,0.0768698900938034,0.4027887284755707,"181,38,192,28,215","254,116,243,97,9",0:577:2|0:635:2|0:4:1
ckpt_4100.pt,0,151,0.44182637333869934,0.07868491858243942,0.4358997642993927,"42,52,105,139,141","120,61,94,100,172",0:551:3|0:265:2|0:11:1
ckpt_4100.pt,0,152,0.4240882396697998,0.0753256231546402,0.42016008496284485,"80,99,179,135,194","165,112,69,144,103",0:317:2|0:389:2|0:394:2
ckpt_4100.pt,0,153,0.39606422185897827,0.0702560618519783,0.38457047939300537,"76,250,99,138,29","149,241,202,253,240",0:107:2|0:268:2|0:394:2
ckpt_4100.pt,0,154,0.428205281496048,0.0783054381608963,0.41637948155403137,"18,196,29,168,79","0,131,245,222,107",0:425:2|0:905:2|0:0:1
ckpt_4100.pt,0,155,0.45387759804725647,0.0779934823513031,0.4451097249984741,"33,123,124,243,222","186,130,133,129,96",0:318:2|0:371:2|0:997:2
ckpt_4100.pt,0,156,0.4394695460796356,0.07795897126197815,0.45290225744247437,"76,216,218,54,228","134,44,230,8,197",0:118:2|0:266:2|0:472:2
ckpt_4100.pt,0,157,0.4091551899909973,0.08012519031763077,0.3814866244792938,"177,248,162,53,207","16,211,47,239,10",0:415:2|0:479:2|0:844:2
ckpt_4100.pt,0,158,0.42471054196357727,0.08734036982059479,0.40557795763015747,"86,205,42,247,53","61,107,160,163,14",0:163:2|0:180:2|0:645:2
ckpt_4100.pt,0,159,0.4437898099422455,0.07746753841638565,0.4116685688495636,"134,88,15,51,60","122,26,193,209,141",0:284:2|0:757:2|0:8:1
ckpt_4100.pt,0,160,0.42805495858192444,0.07224190980195999,0.39610958099365234,"232,194,30,190,191","61,153,198,218,77",0:188:2|0:199:2|0:320:2
ckpt_4100.pt,0,161,0.44531479477882385,0.07521584630012512,0.41063863039016724,"47,98,197,148,169","76,170,168,107,58",0:281:2|0:423:2|0:526:2
ckpt_4100.pt,0,162,0.4333694279193878,0.07384160161018372,0.44220176339149475,"40,73,210,121,235","79,89,217,127,159",0:79:2|0:567:2|0:5:1
ckpt_4100.pt,0,163,0.4495990574359894,0.09061434864997864,0.4406135380268097,"205,75,86,202,185","22,150,153,30,75",0:158:2|0:352:2|0:883:2
ckpt_4100.pt,0,164,0.4154709279537201,0.07915592938661575,0.39478224515914917,"119,0,142,190,82","3,35,9,172,166",0:98:2|0:148:2|0:330:2
ckpt_4100.pt,0,165,0.42874452471733093,0.09741147607564926,0.420743465423584,"166,170,139,30,57","41,152,56,250,211",0:81:2|0:592:2|0:8:1
ckpt_4100.pt,0,166,0.45313385128974915,0.07951416820287704,0.4065566956996918,"118,36,66,103,112","218,41,193,74,163",0:36:2|0:250:2|0:745:2
ckpt_4100.pt,0,167,0.3510306775569916,0.06784161925315857,0.36862096190452576,"71,90,136,153,48","180,78,130,19,73",0:129:2|0:697:2|0:854:2
ckpt_4100.pt,0,168,0.44951924681663513,0.10129439830780029,0.4028899371623993,"27,43,136,0,38","13,246,116,53,198",0:311:2|0:2:1|0:20:1
ckpt_4100.pt,0,169,0.4538925886154175,0.08567874878644943,0.4162021279335022,"95,87,161,53,41","71,98,113,156,146",0:133:2|0:548:2|0:12:1
ckpt_4100.pt,0,170,0.46230751276016235,0.09667590260505676,0.4229925572872162,"29,202,214,122,235","116,245,107,17,27",0:57:2|0:679:2|0:903:2
ckpt_4100.pt,0,171,0.43700721859931946,0.07280659675598145,0.4107944667339325,"233,27,100,229,2","64,33,223,87,168",0:114:2|0:116:2|0:205:2
ckpt_4100.pt,0,172,0.40113988518714905,0.07898426800966263,0.40851643681526184,"64,76,7,137,195","250,224,29,42,124",0:137:2|0:266:2|0:435:2
ckpt_4100.pt,0,173,0.3955920934677124,0.08443441241979599,0.361679345369339,"192,72,29,158,173","159,197,202,113,179",0:53:2|0:376:2|0:675:2
ckpt_4100.pt,0,174,0.4456822872161865,0.07935184240341187,0.44826677441596985,"235,2,76,179,144","34,95,77,209,199",0:203:2|0:945:2|0:30:1
ckpt_4100.pt,0,175,0.4070185124874115,0.08422726392745972,0.39778974652290344,"145,75,88,111,119","156,153,39,44,163",0:92:2|0:226:2|0:499:2
ckpt_4100.pt,0,176,0.41599953174591064,0.07505729049444199,0.41460493206977844,"31,226,22,158,220","243,144,131,0,89",0:281:2|0:534:2|0:764:2
ckpt_4100.pt,0,177,0.42832785844802856,0.07093676179647446,0.4155712425708771,"241,157,123,24,134","217,157,109,162,132",0:191:2|0:292:2|0:305:2
ckpt_4100.pt,0,178,0.4515582025051117,0.08608374744653702,0.3929280638694763,"241,205,11,0,14","225,247,37,132,239",0:91:2|0:111:2|0:180:2
ckpt_4100.pt,0,179,0.37341296672821045,0.06472086161375046,0.3994526267051697,"99,150,34,172,215","124,30,155,78,122",0:448:2|0:640:2|0:657:2
ckpt_4100.pt,0,180,0.4434148669242859,0.08318248391151428,0.43226730823516846,"205,0,152,247,68","164,111,197,43,74",0:158:2|0:178:2|0:947:2
ckpt_4100.pt,0,181,0.4504443109035492,0.08088331669569016,0.3988579213619232,"116,222,177,210,151","107,203,243,213,210",0:466:2|0:861:2|0:925:2
ckpt_4100.pt,0,182,0.4177219569683075,0.08335232734680176,0.40178385376930237,"232,215,241,102,174","62,122,231,120,205",0:241:2|0:312:2|0:356:2
ckpt_4100.pt,0,183,0.45150843262672424,0.08338598161935806,0.3986196219921112,"59,110,64,147,125","188,202,175,55,94",0:560:2|0:720:2|0:923:2
ckpt_4100.pt,0,184,0.46216583251953125,0.07860197871923447,0.42437365651130676,"68,99,87,36,58","222,19,14,164,91",0:112:2|0:382:2|0:663:2
ckpt_4100.pt,0,185,0.4627034366130829,0.10482848435640335,0.4080716073513031,"180,136,86,189,40","68,17,82,163,115",0:29:2|0:325:2|0:359:2
ckpt_4100.pt,0,186,0.4061059057712555,0.07523325830698013,0.3754256069660187,"205,74,254,56,198","232,173,12,74,100",0:134:2|0:370:2|0:426:2
ckpt_4100.pt,0,187,0.4574984908103943,0.07660028338432312,0.42752358317375183,"145,59,81,74,1","220,28,40,113,180",0:4:1|0:12:1|0:15:1
ckpt_4100.pt,0,188,0.4103993773460388,0.08250846713781357,0.39156028628349304,"30,190,240,102,61","160,64,157,124,247",0:52:2|0:160:2|0:320:2
ckpt_4100.pt,0,189,0.44540083408355713,0.08673107624053955,0.4200293719768524,"169,85,226,108,24","160,57,22,181,209",0:305:2|0:332:2|0:534:2
ckpt_4100.pt,0,190,0.336932510137558,0.06913833320140839,0.37008342146873474,"184,108,101,66,174","100,233,167,43,115",0:54:2|0:824:2|0:22:1
ckpt_4100.pt,0,191,0.42943844199180603,0.06308931112289429,0.39247027039527893,"92,99,177,241,123","157,91,108,52,122",0:40:2|0:177:2|0:468:2
ckpt_4100.pt,0,192,0.4249526858329773,0.06709786504507065,0.43065810203552246,"1,126,254,96,144","216,113,196,135,228",0:121:2|0:206:2|0:525:2
ckpt_4100.pt,0,193,0.4944574236869812,0.0940205454826355,0.4339476525783539,"158,209,98,36,62","154,170,58,2,194",0:58:2|0:281:2|0:522:2
ckpt_4100.pt,0,194,0.3933846950531006,0.06676193326711655,0.37653350830078125,"70,74,218,236,160","121,230,122,161,177",0:32:2|0:8:1|0:37:1
ckpt_4100.pt,0,195,0.4397645890712738,0.06837443262338638,0.43334072828292847,"16,220,206,123,82","130,185,238,82,147",0:460:2|0:818:2|0:978:2
ckpt_4100.pt,0,196,0.4169919788837433,0.07442484050989151,0.40665245056152344,"14,163,28,152,89","188,57,89,14,26",0:38:2|0:126:2|0:328:2
ckpt_4100.pt,0,197,0.4103778302669525,0.07176442444324493,0.3976649045944214,"249,117,169,72,210","85,185,213,23,44",0:78:1|0:105:1|0:120:1
ckpt_4100.pt,0,198,0.4139940142631531,0.07048419117927551,0.4270504117012024,"113,111,225,133,230","16,56,10,215,99",0:92:2|0:600:2|0:621:2
ckpt_4100.pt,0,199,0.4359866976737976,0.07717115432024002,0.41041919589042664,"170,194,186,190,253","128,83,212,55,254",0:882:3|0:160:2|0:548:2
ckpt_4100.pt,0,200,0.46524205803871155,0.0839821994304657,0.45028895139694214,"111,217,123,41,229","122,81,246,26,224",0:0:1|0:3:1|0:21:1
ckpt_4100.pt,0,201,0.4481447637081146,0.07799063622951508,0.42468592524528503,"4,0,124,158,41","108,226,26,216,198",0:415:2|0:532:2|0:548:2
ckpt_4100.pt,0,202,0.41747257113456726,0.07178987562656403,0.40998703241348267,"102,124,150,97,50","37,57,11,59,79",0:96:2|0:8:1|0:9:1
ckpt_4100.pt,0,203,0.44820135831832886,0.07597406953573227,0.4345438778400421,"76,240,144,49,225","68,107,112,10,245",0:46:2|0:174:2|0:287:2
ckpt_4100.pt,0,204,0.38762789964675903,0.061428848654031754,0.3785889744758606,"54,69,250,45,85","1,198,42,44,61",0:576:2|0:833:2|0:9:1
ckpt_4100.pt,0,205,0.34964197874069214,0.05968574061989784,0.36960774660110474,"27,255,233,221,28","199,245,254,26,79",0:139:2|0:171:2|0:282:2
ckpt_4100.pt,0,206,0.4045153856277466,0.06760770827531815,0.39524078369140625,"1,221,254,241,161","122,188,250,182,1",0:111:2|0:125:2|0:192:2
ckpt_4100.pt,0,207,0.4678518772125244,0.08217574656009674,0.4449924826622009,"98,44,219,218,224","26,188,22,185,155",0:341:2|0:369:2|0:513:2
ckpt_4100.pt,0,208,0.4366973340511322,0.08790883421897888,0.4384390711784363,"53,27,44,208,166","243,181,117,202,110",0:2:2|0:434:2|0:815:2
ckpt_4100.pt,0,209,0.38896238803863525,0.08249735087156296,0.41056331992149353,"217,197,165,153,163","96,241,149,78,106",0:3:2|0:104:2|0:533:2
ckpt_4100.pt,0,210,0.432603120803833,0.08899913728237152,0.3938135504722595,"126,112,230,174,116","145,107,33,183,254",0:37:2|0:268:2|0:367:2
ckpt_4100.pt,0,211,0.4532056152820587,0.07506074756383896,0.4472082555294037,"9,175,39,241,255","143,229,185,35,51",0:91:2|0:323:2|0:333:2
ckpt_4100.pt,0,212,0.39844319224357605,0.08144453912973404,0.4229626953601837,"200,81,250,154,41","250,22,229,195,61",0:833:2|0:0:1|0:20:1
ckpt_4100.pt,0,213,0.47043049335479736,0.09801604598760605,0.4323992431163788,"194,116,167,96,240","15,222,9,241,36",0:329:2|0:599:2|0:692:2
ckpt_4100.pt,0,214,0.4345470368862152,0.10117710381746292,0.41477757692337036,"173,247,232,230,12","133,177,90,72,125",0:403:2|0:624:2|0:818:2
ckpt_4100.pt,0,215,0.41607865691185,0.07475468516349792,0.384097695350647,"144,205,25,154,216","160,42,102,121,215",0:350:2|0:528:2|0:0:1
ckpt_4100.pt,0,216,0.4121454656124115,0.07025453448295593,0.4264267385005951,"82,182,139,2,148","121,10,148,174,234",0:18:1|0:30:1|0:31:1
ckpt_4100.pt,0,217,0.42315438389778137,0.08999750763177872,0.4202730059623718,"37,210,27,168,96","155,115,40,13,178",0:56:2|0:246:2|0:581:2
ckpt_4100.pt,0,218,0.4481889307498932,0.12745384871959686,0.3944094777107239,"67,228,254,151,25","44,149,188,232,83",0:34:2|0:247:2|0:358:2
ckpt_4100.pt,0,219,0.4142509400844574,0.07523398101329803,0.39374610781669617,"56,83,241,142,250","251,12,68,161,202",0:303:2|0:710:2|0:772:2
ckpt_4100.pt,0,220,0.41270485520362854,0.09314239770174026,0.43982768058776855,"35,29,10,199,132","87,12,16,35,233",0:100:2|0:566:2|0:676:2
ckpt_4100.pt,0,221,0.4046136140823364,0.07918347418308258,0.41119030117988586,"159,2,169,54,240","208,56,8,103,206",0:308:2|0:4:1|0:19:1
ckpt_4100.pt,0,222,0.3934982419013977,0.0678909569978714,0.4173443019390106,"244,66,95,246,125","110,44,209,231,198",0:17:1|0:36:1|0:54:1
ckpt_4100.pt,0,223,0.4736884534358978,0.08693458139896393,0.4196728765964508,"129,47,77,92,26","226,189,57,215,48",0:303:2|0:387:2|0:638:2
ckpt_4100.pt,0,224,0.39450332522392273,0.07782594859600067,0.38914787769317627,"41,17,10,119,225","123,172,45,57,48",0:50:2|0:261:2|0:379:2
ckpt_4100.pt,0,225,0.4282448887825012,0.09128911048173904,0.43867233395576477,"179,190,231,45,182","193,97,65,189,122",0:817:3|0:245:2|0:495:2
ckpt_4100.pt,0,226,0.40371179580688477,0.06933440268039703,0.3627230226993561,"43,88,145,172,105","135,25,189,74,13",0:21:2|0:32:2|0:92:2
ckpt_4100.pt,0,227,0.46185624599456787,0.08258388191461563,0.43918919563293457,"202,84,81,113,151","65,186,235,35,236",0:313:2|0:418:2|0:971:2
ckpt_4100.pt,0,228,0.46223345398902893,0.10702073574066162,0.41940560936927795,"131,140,69,81,187","8,120,123,205,204",0:242:2|0:469:2|0:676:2
ckpt_4100.pt,0,229,0.4971272945404053,0.10542187094688416,0.4495379328727722,"160,189,242,210,47","45,224,231,35,175",0:84:2|0:246:2|0:264:2
ckpt_4100.pt,0,230,0.39413338899612427,0.10101481527090073,0.4110798239707947,"236,205,43,190,49","226,11,218,207,191",0:255:2|0:285:2|0:530:2
ckpt_4100.pt,0,231,0.5017991065979004,0.10086839646100998,0.41721829771995544,"113,239,61,218,25","248,231,62,125,20",0:25:2|0:6:1|0:13:1
ckpt_4100.pt,0,232,0.4853869080543518,0.09560491889715195,0.4574664235115051,"248,167,147,72,58","196,136,106,61,203",0:66:2|0:455:2|0:587:2
ckpt_4100.pt,0,233,0.3998580873012543,0.07299073040485382,0.38526421785354614,"19,225,5,223,114","95,113,4,8,174",0:854:2|0:30:1|0:36:1
ckpt_4100.pt,0,234,0.45479559898376465,0.09707286208868027,0.4232228398323059,"229,44,28,175,153","81,46,213,136,112",0:71:2|0:652:2|0:969:2
ckpt_4100.pt,0,235,0.4210105240345001,0.1043865978717804,0.40038537979125977,"0,35,92,174,69","6,42,51,117,170",0:922:2|0:9:1|0:20:1
ckpt_4100.pt,0,236,0.4575849175453186,0.08993060886859894,0.41537654399871826,"106,110,131,51,42","124,203,0,137,1",0:881:2|0:11:1|0:16:1
ckpt_4100.pt,0,237,0.4255513846874237,0.06816180795431137,0.421726256608963,"159,130,181,191,99","218,228,86,38,72",0:422:2|0:570:2|0:4:1
ckpt_4100.pt,0,238,0.46245190501213074,0.08923836052417755,0.40080592036247253,"146,4,151,61,2","36,157,175,165,156",0:781:2|0:955:2|0:14:1
ckpt_4100.pt,0,239,0.4168562591075897,0.08262619376182556,0.40751874446868896,"101,104,4,223,76","154,217,193,27,7",0:274:3|0:137:2|0:759:2
ckpt_4100.pt,0,240,0.45993760228157043,0.09900391101837158,0.41306108236312866,"209,50,68,93,163","195,31,168,62,69",0:0:1|0:15:1|0:26:1
ckpt_4100.pt,0,241,0.47074294090270996,0.09453298151493073,0.458421915769577,"105,104,232,167,102","175,168,23,164,238",0:182:2|0:392:2|0:602:2
ckpt_4100.pt,0,242,0.43192315101623535,0.07895039767026901,0.4274100959300995,"90,229,75,187,81","19,224,158,175,157",0:21:2|0:73:2|0:103:2
ckpt_4100.pt,0,243,0.4184786379337311,0.07356084138154984,0.4217083156108856,"104,108,139,60,34","125,192,102,94,106",0:8:1|0:19:1|0:24:1
ckpt_4100.pt,0,244,0.35735759139060974,0.07552913576364517,0.3719383776187897,"44,86,84,106,134","115,99,234,77,137",0:418:2|0:507:2|0:1:1
ckpt_4100.pt,0,245,0.41675540804862976,0.07930293679237366,0.4098759591579437,"3,181,182,20,190","42,66,208,254,240",0:104:2|0:225:2|0:561:2
ckpt_4100.pt,0,246,0.41415444016456604,0.08583814650774002,0.4160400927066803,"210,154,109,37,242","220,9,91,170,11",0:217:2|0:229:2|0:667:2
ckpt_4100.pt,0,247,0.48295536637306213,0.11850176751613617,0.43301013112068176,"254,215,179,95,25","101,110,149,30,119",0:218:2|0:378:2|0:996:2
ckpt_4100.pt,0,248,0.3967114984989166,0.062204256653785706,0.3994135856628418,"191,93,204,144,97","83,69,245,137,195",0:330:2|0:972:2|0:9:1
ckpt_4100.pt,0,249,0.41472363471984863,0.07160573452711105,0.41713616251945496,"28,214,247,62,179","13,131,228,21,237",0:4:2|0:351:2|0:760:2
ckpt_4100.pt,0,250,0.4513455033302307,0.07462451606988907,0.4517173171043396,"13,114,103,112,145","131,128,208,18,52",0:50:2|0:166:2|0:499:2
ckpt_4100.pt,0,251,0.44547319412231445,0.08520058542490005,0.42605602741241455,"52,100,199,80,7","237,65,58,38,167",0:623:2|0:830:2|0:3:1
ckpt_4100.pt,0,252,0.4391392767429352,0.08449910581111908,0.42211052775382996,"153,46,60,8,138","113,169,118,164,96",0:677:2|0:8:1|0:19:1
ckpt_4100.pt,0,253,0.41840025782585144,0.07745633274316788,0.41318732500076294,"115,51,52,144,55","244,251,189,118,13",0:40:2|0:623:2|0:713:2
ckpt_4100.pt,0,254,0.37775081396102905,0.06139475852251053,0.4051671326160431,"161,68,122,16,121","167,107,40,85,232",0:5:1|0:18:1|0:20:1
ckpt_4100.pt,0,255,0.446320503950119,0.08015158027410507,0.40007835626602173,"120,49,205,245,17","37,115,106,56,36",0:230:2|0:377:2|0:450:2
ckpt_4100.pt,0,256,0.4178708493709564,0.07685013115406036,0.4011036455631256,"18,24,55,1,182","74,32,52,41,96",0:4:1|0:23:1|0:29:1
ckpt_4100.pt,0,257,0.49491411447525024,0.1003735363483429,0.4310623109340668,"164,251,128,82,173","55,133,101,91,126",0:490:2|0:715:2|0:749:2
ckpt_4100.pt,0,258,0.4387587010860443,0.07540298998355865,0.42782679200172424,"191,49,160,102,4","235,66,159,63,162",0:24:2|0:606:2|0:860:2
ckpt_4100.pt,0,259,0.43095049262046814,0.07519306987524033,0.4071851372718811,"38,196,23,66,14","234,36,181,68,213",0:102:2|0:395:2|0:688:2
ckpt_4100.pt,0,260,0.4095218777656555,0.07623891532421112,0.398968368768692,"116,248,175,100,217","47,15,173,103,254",0:63:2|0:438:2|0:471:2
ckpt_4100.pt,0,261,0.4387836754322052,0.07872675359249115,0.3981553316116333,"119,101,158,17,207","134,230,173,203,38",0:50:2|0:224:2|0:379:2
ckpt_4100.pt,0,262,0.4103546738624573,0.0819266065955162,0.39782559871673584,"80,166,167,78,88","154,254,226,80,89",0:1:1|0:3:1|0:8:1
ckpt_4100.pt,0,263,0.44420358538627625,0.08722962439060211,0.42739200592041016,"241,140,49,3,87","208,254,56,237,171",0:104:2|0:307:2|0:450:2
ckpt_4100.pt,0,264,0.40518292784690857,0.06725853681564331,0.41100531816482544,"5,160,47,179,232","92,111,13,240,103",0:229:2|0:2:1|0:23:1
ckpt_4100.pt,0,265,0.45013952255249023,0.07601215690374374,0.4461427927017212,"42,121,115,74,105","207,75,133,91,33",0:98:2|0:127:2|0:151:2
ckpt_4100.pt,0,266,0.4411340653896332,0.09616097062826157,0.42332926392555237,"67,76,218,73,64","182,233,66,23,60",0:137:3|0:156:2|0:172:2
ckpt_4100.pt,0,267,0.46377453207969666,0.08690669387578964,0.41935017704963684,"198,184,18,251,247","191,183,57,147,40",0:14:1|0:23:1|0:42:1
ckpt_4100.pt,0,268,0.409150630235672,0.0920238122344017,0.41382837295532227,"174,29,104,99,112","150,64,144,118,114",0:41:2|0:153:2|0:210:2
ckpt_4100.pt,0,269,0.4090169668197632,0.07300662994384766,0.4236253798007965,"126,131,34,253,2","90,245,212,63,222",0:44:2|0:574:2|0:603:2
ckpt_4100.pt,0,270,0.33501631021499634,0.0832919180393219,0.3578542470932007,"10,209,67,39,2","0,198,186,26,86",0:34:2|0:308:2|0:309:2
ckpt_4100.pt,0,271,0.4474332630634308,0.07749173790216446,0.4210084080696106,"65,9,106,192,94","116,185,117,144,30",0:402:2|0:735:2|0:6:1
ckpt_4100.pt,0,272,0.44488707184791565,0.08884453773498535,0.4440166652202606,"89,83,54,146,136","85,165,223,131,80",0:100:2|0:143:2|0:598:2
ckpt_4100.pt,0,273,0.44145724177360535,0.09082500636577606,0.44664400815963745,"185,114,138,249,224","35,250,134,71,124",0:462:3|0:463:2|0:464:2
ckpt_4100.pt,0,274,0.42471790313720703,0.0807788074016571,0.4140147268772125,"76,1,213,223,104","79,158,85,98,88",0:239:3|0:449:2|0:759:2
ckpt_4100.pt,0,275,0.4200156629085541,0.08421852439641953,0.4048229157924652,"26,232,66,15,235","162,63,34,158,206",0:10:2|0:312:2|0:315:2
ckpt_4100.pt,0,276,0.4894903004169464,0.0989990159869194,0.4688876271247864,"237,104,222,157,69","11,85,159,79,222",0:516:2|0:723:2|0:1:1
ckpt_4100.pt,0,277,0.37808364629745483,0.07049140334129333,0.4006471633911133,"33,17,100,176,223","147,97,219,84,146",0:341:2|0:377:2|0:471:2
ckpt_4100.pt,0,278,0.35309723019599915,0.07792750746011734,0.3797585070133209,"41,102,32,198,202","239,164,113,247,192",0:602:2|0:736:2|0:844:2
ckpt_4100.pt,0,279,0.39819222688674927,0.06833218783140182,0.3851816654205322,"175,118,65,93,8","213,80,199,36,96",0:26:2|0:64:2|0:866:2
ckpt_4100.pt,0,280,0.43144431710243225,0.0850938931107521,0.42494678497314453,"99,139,128,78,202","11,49,236,51,46",0:644:2|0:663:2|0:7:1
ckpt_4100.pt,0,281,0.40795814990997314,0.06950470805168152,0.402892529964447,"158,153,47,22,98","36,3,181,124,92",0:161:2|0:176:2|0:193:2
ckpt_4100.pt,0,282,0.4252616763114929,0.0715109184384346,0.4131735563278198,"28,255,237,166,42","185,174,17,125,140",0:16:2|0:205:2|0:509:2
ckpt_4100.pt,0,283,0.4276743531227112,0.07648022472858429,0.3905901610851288,"251,74,96,146,185","151,86,235,110,0",0:550:2|0:12:1|0:14:1
ckpt_4100.pt,0,284,0.4205787777900696,0.07564887404441833,0.4368840456008911,"94,134,15,153,230","95,37,53,17,168",0:69:2|0:159:2|0:362:2
ckpt_4100.pt,0,285,0.4237896203994751,0.06750478595495224,0.4055554270744324,"190,205,223,32,131","93,71,171,37,16",0:230:2|0:982:2|0:25:1
ckpt_4100.pt,0,286,0.4304790198802948,0.08699517697095871,0.41829776763916016,"1,34,226,128,186","215,149,239,123,245",0:125:2|0:988:2|0:1001:2
ckpt_4100.pt,0,287,0.4493045508861542,0.07500604540109634,0.44257882237434387,"62,53,240,144,234","248,161,110,163,165",0:203:2|0:745:2|0:873:2
ckpt_4100.pt,0,288,0.3324848711490631,0.05527288839221001,0.3538784980773926,"34,10,106,151,63","192,14,182,251,157",0:51:2|0:2:1|0:5:1
ckpt_4100.pt,0,289,0.41925209760665894,0.06854313611984253,0.41035816073417664,"40,19,208,74,4","135,198,233,29,109",0:556:2|0:690:2|0:962:2
ckpt_4100.pt,0,290,0.4032743573188782,0.07522538304328918,0.3725520670413971,"205,235,78,197,143","123,138,182,175,135",0:25:1|0:28:1|0:35:1
ckpt_4100.pt,0,291,0.40837395191192627,0.08176872134208679,0.43720725178718567,"255,215,223,249,221","46,188,227,2,136",0:138:2|0:139:2|0:205:2
ckpt_4100.pt,0,292,0.47141164541244507,0.09760261327028275,0.45561352372169495,"178,157,24,117,225","223,240,166,227,177",0:177:2|0:1:1|0:15:1
ckpt_4100.pt,0,293,0.4342387318611145,0.06997568160295486,0.4274596571922302,"24,236,232,50,20","169,231,206,203,126",0:306:2|0:354:2|0:791:2
ckpt_4100.pt,0,294,0.38062846660614014,0.0711439922451973,0.38096532225608826,"10,83,165,36,97","28,62,74,167,10",0:874:2|0:981:2|0:3:1
ckpt_4100.pt,0,295,0.41184166073799133,0.07439695298671722,0.3669629991054535,"13,152,244,219,101","56,136,216,226,239",0:647:2|0:843:2|0:991:2
ckpt_4100.pt,0,296,0.4009218215942383,0.08221884071826935,0.39669522643089294,"92,100,103,75,158","78,84,251,225,88",0:89:2|0:341:2|0:417:2
ckpt_4100.pt,0,297,0.36974436044692993,0.0685543343424797,0.3812299072742462,"41,65,211,239,142","210,78,179,34,20",0:808:2|0:7:1|0:19:1
ckpt_4100.pt,0,298,0.3946632444858551,0.07654096931219101,0.37343472242355347,"55,9,7,50,205","43,104,36,73,180",0:370:2|0:630:2|0:25:1
ckpt_4100.pt,0,299,0.48528993129730225,0.10735725611448288,0.48277217149734497,"203,127,246,118,138","220,68,74,130,247",0:765:2|0:28:1|0:30:1
ckpt_4100.pt,0,300,0.4304834306240082,0.08841975778341293,0.41775763034820557,"238,107,95,131,46","248,58,64,227,210",0:44:2|0:816:2|0:970:2
ckpt_4100.pt,0,301,0.4386235475540161,0.10217911750078201,0.37369346618652344,"101,42,198,227,80","173,122,58,31,8",0:426:2|0:488:2|0:3:1
ckpt_4100.pt,0,302,0.4399164021015167,0.08358867466449738,0.41121596097946167,"153,106,212,247,227","158,161,91,83,129",0:17:2|0:651:2|0:19:1
ckpt_4100.pt,0,303,0.41390472650527954,0.07860897481441498,0.4015284776687622,"251,142,83,77,26","95,137,160,9,131",0:61:2|0:142:2|0:219:2
ckpt_4100.pt,0,304,0.46080005168914795,0.10445687174797058,0.4463266134262085,"198,239,135,203,230","177,198,217,214,113",0:69:2|0:19:1|0:25:1
ckpt_4100.pt,0,305,0.47831374406814575,0.08224565535783768,0.45233166217803955,"24,226,58,233,241","248,53,4,211,148",0:90:2|0:111:2|0:177:2
ckpt_4100.pt,0,306,0.43218111991882324,0.07894344627857208,0.41021955013275146,"116,214,245,236,50","163,206,130,150,135",0:293:2|0:557:2|0:842:2
ckpt_4100.pt,0,307,0.43540048599243164,0.0750049576163292,0.4000714123249054,"241,140,220,71,77","116,188,200,102,34",0:263:2|0:955:2|0:983:2
ckpt_4100.pt,0,308,0.3911817669868469,0.07545577734708786,0.3998926877975464,"136,240,10,25,2","107,73,115,64,88",0:34:2|0:102:2|0:221:2
ckpt_4100.pt,0,309,0.3420330286026001,0.07845314592123032,0.3730963170528412,"67,184,59,113,10","224,170,62,181,99",0:270:2|0:358:2|0:485:2
ckpt_4100.pt,0,310,0.4391043782234192,0.08460178971290588,0.4293416440486908,"213,138,216,252,115","113,58,173,204,149",0:434:2|0:501:2|0:544:2
ckpt_4100.pt,0,311,0.47012972831726074,0.08227740973234177,0.4436565637588501,"0,156,136,207,95","12,38,175,20,26",0:168:2|0:3:1|0:13:1
ckpt_4100.pt,0,312,0.4506191611289978,0.09150594472885132,0.44189903140068054,"232,67,26,253,241","105,0,231,145,134",0:182:2|0:275:2|0:768:2
ckpt_4100.pt,0,313,0.41971877217292786,0.08307579159736633,0.3935314416885376,"209,84,202,252,42","7,91,142,152,111",0:58:2|0:227:2|0:418:2
ckpt_4100.pt,0,314,0.3835141658782959,0.06321462243795395,0.4094688296318054,"188,60,16,69,99","134,224,66,81,58",0:393:2|0:481:2|0:626:2
ckpt_4100.pt,0,315,0.42519035935401917,0.07337480783462524,0.4004705846309662,"208,66,24,15,186","155,106,66,226,200",0:275:2|0:798:2|0:949:2
ckpt_4100.pt,0,316,0.38318103551864624,0.07168400287628174,0.3834426701068878,"254,156,19,112,209","154,240,204,196,147",0:372:2|0:429:2|0:614:2
ckpt_4100.pt,0,317,0.39887240529060364,0.08249210566282272,0.4096888601779938,"173,49,194,99,171","31,33,99,9,75",0:152:2|0:510:2|0:700:2
ckpt_4100.pt,0,318,0.4068356156349182,0.07926830649375916,0.41108518838882446,"123,136,160,33,169","3,25,190,238,22",0:155:2|0:343:2|0:440:2
ckpt_4100.pt,0,319,0.39337992668151855,0.07317466288805008,0.40562358498573303,"16,201,167,179,238","73,76,80,247,114",0:378:2|0:1:1|0:29:1
ckpt_4100.pt,0,320,0.4009074568748474,0.08709445595741272,0.4008498787879944,"30,16,246,120,190","222,196,54,6,199",0:160:2|0:188:2|0:981:2
ckpt_4100.pt,0,321,0.4019832909107208,0.06975498050451279,0.40636056661605835,"169,200,244,146,241","222,203,3,162,21",0:657:2|0:740:2|0:856:2
ckpt_4100.pt,0,322,0.4311300814151764,0.08998610079288483,0.4561386704444885,"117,102,66,177,29","100,104,219,174,126",0:518:2|0:727:2|0:0:1
ckpt_4100.pt,0,323,0.3859657943248749,0.06334860622882843,0.35709360241889954,"158,95,175,255,99","58,86,176,81,151",0:211:2|0:931:2|0:16:1
ckpt_4100.pt,0,324,0.4141625463962555,0.09912028908729553,0.3907458782196045,"228,166,232,149,16","234,78,171,125,68",0:484:2|0:796:2|0:895:2
ckpt_4100.pt,0,325,0.38818874955177307,0.07794000953435898,0.4000275135040283,"189,205,175,136,206","112,167,43,155,172",0:18:2|0:25:2|0:185:2
ckpt_4100.pt,0,326,0.40294578671455383,0.06837250292301178,0.4028511643409729,"231,255,29,223,78","177,185,56,126,94",0:28:2|0:49:2|0:72:2
ckpt_4100.pt,0,327,0.4724341928958893,0.07812338322401047,0.41804400086402893,"237,243,6,90,7","145,217,231,31,74",0:73:2|0:768:2|0:807:2
ckpt_4100.pt,0,328,0.3980637192726135,0.06414510309696198,0.41431736946105957,"163,241,127,183,152","142,173,86,26,83",0:196:2|0:0:1|0:26:1
ckpt_4100.pt,0,329,0.43609607219696045,0.08703815191984177,0.4166308045387268,"115,194,143,116,37","236,5,38,152,156",0:213:2|0:367:2|0:622:2
ckpt_4100.pt,0,330,0.38054418563842773,0.08579815924167633,0.3966617286205292,"93,97,114,119,142","249,3,180,198,179",0:633:3|0:148:2|0:164:2
ckpt_4100.pt,0,331,0.3744161128997803,0.06574127823114395,0.37006545066833496,"177,105,71,173,63","214,247,61,227,37",0:5:2|0:857:2|0:926:2
ckpt_4100.pt,0,332,0.45807331800460815,0.08885012567043304,0.42962563037872314,"143,169,220,195,108","252,144,45,81,243",0:189:2|0:627:2|0:703:2
ckpt_4100.pt,0,333,0.4482985734939575,0.0841020867228508,0.4372207820415497,"138,232,9,255,214","14,153,19,56,191",0:211:2|0:351:2|0:510:2
ckpt_4100.pt,0,334,0.48702046275138855,0.09358493238687515,0.42023882269859314,"212,54,152,204,230","110,171,176,78,247",0:504:2|0:552:2|0:989:2
ckpt_4100.pt,0,335,0.45929932594299316,0.0870785117149353,0.41317835450172424,"123,121,172,3,252","235,136,159,49,17",0:640:2|0:680:2|0:738:2
ckpt_4100.pt,0,336,0.4345111846923828,0.08428962528705597,0.42697668075561523,"246,90,60,11,194","252,211,128,172,179",0:365:2|0:432:2|0:518:2
ckpt_4100.pt,0,337,0.4013960659503937,0.08878260850906372,0.3886610269546509,"71,119,165,221,170","92,231,98,200,94",0:139:2|0:347:2|0:682:2
ckpt_4100.pt,0,338,0.4818086326122284,0.09288047254085541,0.42108169198036194,"215,164,3,209,9","245,217,133,186,243",0:94:2|0:351:2|0:522:2
ckpt_4100.pt,0,339,0.3950297236442566,0.07091223448514938,0.3874097168445587,"50,187,207,134,67","127,120,108,141,40",0:407:2|0:777:2|0:3:1
ckpt_4100.pt,0,340,0.4467366933822632,0.08137664198875427,0.413650244474411,"139,87,125,133,47","173,26,114,218,223",0:550:2|0:618:2|0:638:2
ckpt_4100.pt,0,341,0.3907724618911743,0.07235455513000488,0.3932589888572693,"224,218,17,75,100","183,60,11,43,136",0:207:2|0:277:2|0:296:2
ckpt_4100.pt,0,342,0.4876312017440796,0.10277527570724487,0.4467756450176239,"247,126,100,187,29","112,181,176,47,63",0:53:2|0:574:2|0:0:1
ckpt_4100.pt,0,343,0.391414999961853,0.07855390757322311,0.40850162506103516,"231,160,169,37,156","159,146,248,228,13",0:318:2|0:594:2|0:668:2
ckpt_4100.pt,0,344,0.4195616841316223,0.06614759564399719,0.40887439250946045,"20,8,148,142,68","146,158,199,191,137",0:936:2|0:26:1|0:48:1
ckpt_4100.pt,0,345,0.4183577597141266,0.08434128761291504,0.40877121686935425,"172,167,41,182,160","143,249,136,39,206",0:71:2|0:587:2|0:957:2
ckpt_4100.pt,0,346,0.5165349245071411,0.0873260572552681,0.4292338192462921,"220,237,33,76,141","104,248,110,216,71",0:400:2|0:609:2|0:627:2
ckpt_4100.pt,0,347,0.4066454768180847,0.10202354937791824,0.3685281574726105,"165,228,235,221,185","35,89,208,62,250",0:55:2|0:67:2|0:337:2
ckpt_4100.pt,0,348,0.4549996852874756,0.07724012434482574,0.4174261689186096,"89,31,213,44,70","209,33,99,250,11",0:143:2|0:381:2|0:424:2
ckpt_4100.pt,0,349,0.4401834309101105,0.08588287234306335,0.4324420988559723,"249,206,26,240,18","229,37,174,57,172",0:42:2|0:146:2|0:546:2
ckpt_4100.pt,0,350,0.4283074140548706,0.06711285561323166,0.42419514060020447,"154,144,238,40,21","211,213,37,87,55",0:20:2|0:29:2|0:215:2
ckpt_4100.pt,0,351,0.42662906646728516,0.07227940857410431,0.40818431973457336,"214,164,9,147,179","146,198,135,125,194",0:249:2|0:333:2|0:338:2
ckpt_4100.pt,0,352,0.4237222969532013,0.07175871729850769,0.4121748208999634,"91,4,202,136,185","90,25,181,240,217",0:12:2|0:77:2|0:95:2
ckpt_4100.pt,0,353,0.4626471996307373,0.08564229309558868,0.45807141065597534,"255,116,254,73,132","18,186,33,45,43",0:679:2|0:863:2|0:886:2
ckpt_4100.pt,0,354,0.4342268407344818,0.0842558816075325,0.41659727692604065,"229,80,50,96,20","114,237,152,228,49",0:293:2|0:407:2|0:715:2
ckpt_4100.pt,0,355,0.48151206970214844,0.08822020888328552,0.4338393807411194,"15,41,34,92,146","118,55,247,226,242",0:143:2|0:384:2|0:656:2
ckpt_4100.pt,0,356,0.4438161849975586,0.08875254541635513,0.4296335279941559,"215,129,205,102,134","64,119,98,48,73",0:182:2|0:589:2|0:930:2
ckpt_4100.pt,0,357,0.3428540527820587,0.05968526005744934,0.3585151433944702,"126,92,201,171,14","221,164,181,159,31",0:364:2|0:38:1|0:40:1
ckpt_4100.pt,0,358,0.41537922620773315,0.0836140587925911,0.43622714281082153,"41,113,67,178,228","40,137,42,197,206",0:25:2|0:218:2|0:309:2
ckpt_4100.pt,0,359,0.40781745314598083,0.07163973897695541,0.40021219849586487,"148,180,1,136,85","225,227,123,49,114",0:99:2|0:185:2|0:442:2
ckpt_4100.pt,0,360,0.4064778685569763,0.07804318517446518,0.41030025482177734,"58,38,244,155,53","64,33,240,104,180",0:106:2|0:718:2|0:17:1
ckpt_4100.pt,0,361,0.39376842975616455,0.0693357065320015,0.38648563623428345,"178,142,244,99,198","32,148,168,250,105",0:148:2|0:553:2|0:17:1
ckpt_4100.pt,0,362,0.4399438500404358,0.08832956850528717,0.3996182382106781,"73,15,237,123,153","223,40,52,156,233",0:19:2|0:284:2|0:798:2
ckpt_4100.pt,0,363,0.4325549900531769,0.07411481440067291,0.4298299252986908,"169,187,248,104,189","93,130,0,74,218",0:43:2|0:960:2|0:11:1
ckpt_4100.pt,0,364,0.4148784279823303,0.07696545124053955,0.40441247820854187,"92,214,219,250,201","34,77,17,221,93",0:357:2|0:907:2|0:40:1
ckpt_4100.pt,0,365,0.37884628772735596,0.07506109774112701,0.38004153966903687,"34,107,136,246,11","99,81,154,74,191",0:336:2|0:15:1|0:19:1
ckpt_4100.pt,0,366,0.37154969573020935,0.06675557792186737,0.39335834980010986,"234,26,130,123,197","224,142,208,54,56",0:0:1|0:10:1|0:35:1
ckpt_4100.pt,0,367,0.4850175380706787,0.08874410390853882,0.4100293219089508,"116,2,71,37,174","26,107,237,227,86",0:37:2|0:116:2|0:210:2
ckpt_4100.pt,0,368,0.43695151805877686,0.08027370274066925,0.43306246399879456,"28,50,165,137,65","28,241,68,221,103",0:4:2|0:55:2|0:74:2
ckpt_4100.pt,0,369,0.4108629822731018,0.08202891051769257,0.40237104892730713,"63,44,232,118,224","166,35,87,86,212",0:2:3|0:207:2|0:565:2
ckpt_4100.pt,0,370,0.40150901675224304,0.06355760991573334,0.37662795186042786,"112,205,240,56,50","152,88,82,112,216",0:186:2|0:298:2|0:630:2
ckpt_4100.pt,0,371,0.3882468342781067,0.08189398795366287,0.3713982105255127,"243,71,45,33,150","118,172,140,221,75",0:155:2|0:609:2|0:5:1
ckpt_4100.pt,0,372,0.47985079884529114,0.07845918089151382,0.4202200472354889,"209,254,177,237,133","147,165,189,221,220",0:316:2|0:479:2|0:544:2
ckpt_4100.pt,0,373,0.3999207615852356,0.07557390630245209,0.38680216670036316,"63,9,102,139,21","224,77,58,5,143",0:428:2|0:524:2|0:735:2
ckpt_4100.pt,0,374,0.4493545889854431,0.09751440584659576,0.4151526689529419,"43,255,5,14,230","171,122,97,54,144",0:49:2|0:552:2|0:600:2
ckpt_4100.pt,0,375,0.4176422655582428,0.06663650274276733,0.44115498661994934,"213,159,186,176,86","215,57,16,124,34",0:131:2|0:1:1|0:4:1
ckpt_4100.pt,0,376,0.4052003026008606,0.06886441260576248,0.4011250436306,"154,185,192,72,156","89,167,20,32,181",0:173:2|0:620:2|0:799:2
ckpt_4100.pt,0,377,0.4296691417694092,0.07749193161725998,0.43279707431793213,"233,33,17,120,29","238,78,130,243,211",0:255:2|0:277:2|0:463:2
ckpt_4100.pt,0,378,0.4465339481830597,0.08372726291418076,0.4015459418296814,"159,44,179,25,201","205,237,62,170,185",0:247:2|0:319:2|0:390:2
ckpt_4100.pt,0,379,0.4842541515827179,0.10498835891485214,0.44527533650398254,"41,30,101,17,36","37,58,173,40,211",0:24:2|0:81:2|0:224:2
ckpt_4100.pt,0,380,0.46260789036750793,0.09868504106998444,0.44687214493751526,"143,80,124,206,137","235,57,131,246,123",0:477:2|0:687:2|0:785:2
ckpt_4100.pt,0,381,0.4715259075164795,0.09008194506168365,0.4292845129966736,"237,145,70,44,71","232,118,29,67,115",0:783:3|0:145:2|0:348:2
ckpt_4100.pt,0,382,0.41081029176712036,0.09437976777553558,0.40104031562805176,"12,68,58,46,249","1,94,27,213,149",0:184:2|0:1:1|0:5:1
ckpt_4100.pt,0,383,0.46336808800697327,0.08105374127626419,0.4127976596355438,"185,227,95,52,225","234,139,33,207,134",0:564:2|0:12:1|0:17:1
ckpt_4100.pt,0,384,0.44995856285095215,0.0825159028172493,0.41466373205184937,"34,7,125,146,203","204,26,31,161,244",0:355:2|0:656:2|0:19:1
ckpt_4100.pt,0,385,0.40243175625801086,0.07092898339033127,0.41423338651657104,"63,116,152,220,23","226,192,82,178,78",0:13:2|0:47:2|0:725:2
ckpt_4100.pt,0,386,0.44856855273246765,0.07870418578386307,0.4415406584739685,"255,179,79,3,97","110,129,247,23,63",0:124:2|0:508:2|0:851:2
ckpt_4100.pt,0,387,0.4227848947048187,0.0621422715485096,0.42570042610168457,"64,171,47,26,184","230,231,94,251,11",0:223:2|0:638:2|0:10:1
ckpt_4100.pt,0,388,0.4234336316585541,0.09168720245361328,0.4744156301021576,"96,128,62,9,220","204,233,242,71,228",0:7:2|0:609:2|0:4:1
ckpt_4100.pt,0,389,0.43998950719833374,0.12974174320697784,0.40831854939460754,"80,163,74,55,179","181,254,156,189,238",0:152:2|0:425:2|0:823:2
ckpt_4100.pt,0,390,0.43219882249832153,0.0804796889424324,0.40587636828422546,"60,159,211,73,179","154,183,251,245,37",0:378:2|0:4:1|0:7:1
ckpt_4100.pt,0,391,0.4289649724960327,0.08178576827049255,0.44146764278411865,"204,171,89,10,203","194,142,166,88,7",0:700:2|0:901:2|0:16:1
ckpt_4100.pt,0,392,0.4789755046367645,0.08499466627836227,0.41275620460510254,"47,105,2,102,106","54,242,250,69,16",0:17:2|0:241:2|0:770:2
ckpt_4100.pt,0,393,0.4202779233455658,0.07438739389181137,0.39625218510627747,"153,16,69,43,159","28,99,195,169,209",0:19:2|0:314:2|0:4:1
ckpt_4100.pt,0,394,0.4560129940509796,0.07901417464017868,0.4487159252166748,"250,64,237,80,99","78,242,42,184,222",0:152:2|0:153:2|0:400:2
ckpt_4100.pt,0,395,0.44202470779418945,0.1013702005147934,0.40253645181655884,"14,66,215,216,59","95,54,224,34,159",0:259:2|0:949:2|0:1013:2
ckpt_4100.pt,0,396,0.4502522647380829,0.08865818381309509,0.42898109555244446,"241,240,216,80,43","174,150,55,89,58",0:456:2|0:687:2|0:3:1
ckpt_4100.pt,0,397,0.4024180769920349,0.07365581393241882,0.39726561307907104,"111,129,78,91,199","251,190,197,167,99",0:685:2|0:12:1|0:14:1
ckpt_4100.pt,0,398,0.36645135283470154,0.06861060857772827,0.37187543511390686,"119,84,186,131,195","65,209,30,191,254",0:5:1|0:7:1|0:12:1
ckpt_4100.pt,0,399,0.4558984041213989,0.08723120391368866,0.4207722544670105,"78,218,189,110,200","62,77,203,107,219",0:11:1|0:18:1|0:28:1
ckpt_4100.pt,0,400,0.44710445404052734,0.09195131063461304,0.42549383640289307,"119,237,33,225,99","201,39,82,143,181",0:224:2|0:346:2|0:394:2
ckpt_4100.pt,0,401,0.46083205938339233,0.09358899295330048,0.43270325660705566,"168,235,135,147,250","17,205,248,142,191",0:535:2|0:537:2|0:708:2
ckpt_4100.pt,0,402,0.41089946031570435,0.07674603909254074,0.42150697112083435,"65,4,9,167,122","207,215,2,0,188",0:271:2|0:735:2|0:924:2
ckpt_4100.pt,0,403,0.4360179901123047,0.07420586049556732,0.44035017490386963,"182,247,173,221,123","156,117,207,1,239",0:214:2|0:624:2|0:0:1
ckpt_4100.pt,0,404,0.4900325536727905,0.07964939624071121,0.4277127683162689,"222,126,36,88,238","54,43,98,228,108",0:925:2|0:14:1|0:24:1
ckpt_4100.pt,0,405,0.3697134256362915,0.0822964683175087,0.37196797132492065,"191,198,20,69,109","159,167,47,16,103",0:596:2|0:9:1|0:10:1
ckpt_4100.pt,0,406,0.4144603908061981,0.06462334096431732,0.39202532172203064,"137,102,71,216,122","140,15,93,215,72",0:634:2|0:844:2|0:1019:2
ckpt_4100.pt,0,407,0.4071774482727051,0.0906558632850647,0.406036913394928,"187,159,50,51,229","68,196,162,128,166",0:242:2|0:339:2|0:354:2
ckpt_4100.pt,0,408,0.47370076179504395,0.07961170375347137,0.4255389869213104,"107,145,125,20,97","53,236,30,143,27",0:9:1|0:15:1|0:39:1
ckpt_4100.pt,0,409,0.465160071849823,0.09483795613050461,0.413834810256958,"236,191,170,127,33","60,254,121,33,65",0:144:2|0:575:2|0:10:1
ckpt_4100.pt,0,410,0.41785961389541626,0.08188850432634354,0.40141773223876953,"99,56,124,213,204","255,99,248,38,28",0:38:2|0:6:1|0:7:1
ckpt_4100.pt,0,411,0.4760367274284363,0.10105438530445099,0.43871501088142395,"212,83,215,193,127","123,179,231,195,216",0:573:2|0:1010:2|0:1016:2
ckpt_4100.pt,0,412,0.4943501949310303,0.10181927680969238,0.46537500619888306,"81,162,60,174,44","110,66,228,250,174",0:2:1|0:8:1|0:9:1
ckpt_4100.pt,0,413,0.42142945528030396,0.09201018512248993,0.4012214243412018,"144,164,104,206,180","87,209,201,92,215",0:683:2|0:928:2|0:17:1
ckpt_4100.pt,0,414,0.40462175011634827,0.0652693435549736,0.4245004653930664,"7,11,167,149,110","88,110,203,177,92",0:71:2|0:93:2|0:486:2
ckpt_4100.pt,0,415,0.4082493782043457,0.06909655779600143,0.39029669761657715,"53,158,235,248,0","242,187,97,100,159",0:157:2|0:201:2|0:548:2
ckpt_4100.pt,0,416,0.4973282516002655,0.0825466737151146,0.4119027554988861,"27,145,104,150,138","0,100,116,6,157",0:96:2|0:446:2|0:2:1
ckpt_4100.pt,0,417,0.49204307794570923,0.08415757864713669,0.45257318019866943,"75,206,133,158,3","183,47,235,73,217",0:53:2|0:296:2|0:512:2
ckpt_4100.pt,0,418,0.4240133762359619,0.08158521354198456,0.40877771377563477,"84,141,202,44,169","110,33,152,176,151",0:227:2|0:244:2|0:313:2
ckpt_4100.pt,0,419,0.45430752635002136,0.09608560800552368,0.4355146884918213,"204,159,66,143,225","204,69,29,134,145",0:36:2|0:605:2|0:909:2
ckpt_4100.pt,0,420,0.4183878004550934,0.0799240693449974,0.4175742566585541,"3,155,249,183,62","237,151,224,138,84",0:542:2|0:4:1|0:11:1
ckpt_4100.pt,0,421,0.4256535470485687,0.07243505865335464,0.4182429313659668,"3,135,253,192,101","90,27,34,142,32",0:802:2|0:815:2|0:991:2
ckpt_4100.pt,0,422,0.4269598722457886,0.0702342540025711,0.42021432518959045,"181,252,69,134,130","98,47,133,89,233",0:237:2|0:670:2|0:985:2
ckpt_4100.pt,0,423,0.40681523084640503,0.07745101302862167,0.38684484362602234,"126,101,47,107,169","194,165,240,52,1",0:84:2|0:161:2|0:15:1
ckpt_4100.pt,0,424,0.48770397901535034,0.08691662549972534,0.4595854580402374,"89,17,247,107,44","230,211,62,26,11",0:348:2|0:513:2|0:651:2
ckpt_4100.pt,0,425,0.46324992179870605,0.09362082183361053,0.41382819414138794,"80,74,18,29,23","124,168,61,25,35",0:154:2|0:389:2|0:0:1
ckpt_4100.pt,0,426,0.3962448537349701,0.08784681558609009,0.3746103346347809,"253,137,42,198,74","243,58,102,119,240",0:186:2|0:265:2|0:301:2
ckpt_4100.pt,0,427,0.4038589298725128,0.07962480187416077,0.3892308473587036,"181,67,122,196,98","12,181,127,130,84",0:43:2|0:11:1|0:18:1
ckpt_4100.pt,0,428,0.45101821422576904,0.08073914796113968,0.4094174802303314,"63,107,251,216,9","111,217,57,105,131",0:373:2|0:608:2|0:889:2
ckpt_4100.pt,0,429,0.40798071026802063,0.07163599133491516,0.3996804356575012,"19,26,166,202,156","194,154,141,45,14",0:316:2|0:612:2|0:628:2
ckpt_4100.pt,0,430,0.41952452063560486,0.06950357556343079,0.4298553168773651,"35,24,103,198,52","76,45,158,82,154",0:521:2|0:552:2|0:26:1
ckpt_4100.pt,0,431,0.4701535403728485,0.08337413519620895,0.44142553210258484,"210,165,89,3,159","232,53,177,63,195",0:4:2|0:104:2|0:506:2
ckpt_4100.pt,0,432,0.42652949690818787,0.08317364007234573,0.43602633476257324,"185,60,90,214,21","234,219,249,19,222",0:115:2|0:336:2|0:760:2
ckpt_4100.pt,0,433,0.4221108555793762,0.07507943361997604,0.41864004731178284,"156,12,31,147,188","40,67,232,21,73",0:812:2|0:1:1|0:5:1
ckpt_4100.pt,0,434,0.43081167340278625,0.08605090528726578,0.3978787958621979,"75,44,115,252,208","219,113,137,82,45",0:208:2|0:310:2|0:449:2
ckpt_4100.pt,0,435,0.4294936954975128,0.07311084866523743,0.42367497086524963,"64,76,134,225,180","156,223,194,48,229",0:83:2|0:137:2|0:172:2
ckpt_4100.pt,0,436,0.4179937243461609,0.0757366418838501,0.42641282081604004,"148,216,24,237,112","32,213,243,31,136",0:722:2|0:19:1|0:30:1
ckpt_4100.pt,0,437,0.44666168093681335,0.0892704501748085,0.425164133310318,"218,220,151,179,181","12,135,248,223,28",0:539:2|0:761:2|0:956:2
ckpt_4100.pt,0,438,0.46971437335014343,0.0852232575416565,0.4488498568534851,"248,217,210,30,181","64,204,183,116,14",0:43:2|0:260:2|0:450:2
ckpt_4100.pt,0,439,0.43830522894859314,0.08552426844835281,0.41985833644866943,"241,36,207,173,144","11,33,73,183,14",0:128:2|0:528:2|0:593:2
ckpt_4100.pt,0,440,0.4460631012916565,0.08314789086580276,0.43538543581962585,"160,136,56,81,96","231,20,206,228,227",0:102:2|0:318:2|0:531:2
ckpt_4100.pt,0,441,0.4178921580314636,0.08030229061841965,0.40841227769851685,"184,114,34,209,248","168,198,69,132,7",0:515:2|0:748:2|0:19:1
ckpt_4100.pt,0,442,0.4295979142189026,0.06769274175167084,0.43019258975982666,"85,15,1,116,131","160,170,117,131,26",0:125:2|0:359:2|0:641:2
ckpt_4100.pt,0,443,0.4361974895000458,0.09322082996368408,0.42459747195243835,"237,242,205,97,126","83,202,27,132,124",0:642:2|0:726:2|0:910:2
ckpt_4100.pt,0,444,0.4484612047672272,0.09557396173477173,0.42529579997062683,"196,159,81,150,92","56,224,53,128,115",0:728:2|0:976:2|0:4:1
ckpt_4100.pt,0,445,0.42884886264801025,0.0710897445678711,0.4126438796520233,"125,253,31,57,233","94,82,63,61,164",0:106:2|0:991:2|0:1:1
ckpt_4100.pt,0,446,0.4162325859069824,0.07916397601366043,0.38343992829322815,"104,150,175,143,9","59,42,70,145,125",0:211:2|0:416:2|0:609:2
ckpt_4100.pt,0,447,0.4221329391002655,0.09053092449903488,0.40256115794181824,"31,190,56,108,69","53,245,90,1,231",0:7:1|0:9:1|0:20:1
ckpt_4100.pt,0,448,0.40059733390808105,0.07677364349365234,0.41122737526893616,"96,232,119,172,150","60,137,159,136,221",0:139:2|0:179:2|0:657:2
ckpt_4100.pt,0,449,0.4371386766433716,0.07527148723602295,0.4319879710674286,"59,223,44,75,213","25,116,246,220,82",0:97:2|0:143:2|0:274:2
ckpt_4100.pt,0,450,0.4167904257774353,0.09247583895921707,0.4027683138847351,"241,30,49,248,245","181,125,206,122,60",0:255:2|0:263:2|0:438:2
ckpt_4100.pt,0,451,0.4377351701259613,0.08332322537899017,0.42845088243484497,"213,231,13,111,98","236,7,226,72,211",0:848:2|0:984:2|0:2:1
ckpt_4100.pt,0,452,0.44717109203338623,0.09966430813074112,0.3809870183467865,"40,13,229,62,180","45,119,170,234,43",0:185:2|0:604:2|0:746:2
ckpt_4100.pt,0,453,0.47166281938552856,0.10163550078868866,0.43625473976135254,"219,114,124,159,88","116,93,55,60,65",0:744:2|0:4:1|0:19:1
ckpt_4100.pt,0,454,0.483168363571167,0.0966254472732544,0.45107442140579224,"144,82,165,9,222","55,124,78,66,64",0:474:2|0:709:2|0:3:1
ckpt_4100.pt,0,455,0.425136923789978,0.07046113908290863,0.42507630586624146,"248,67,17,167,221","188,143,46,150,21",0:66:2|0:232:2|0:471:2
ckpt_4100.pt,0,456,0.453660786151886,0.08499527722597122,0.38900816440582275,"43,21,240,40,105","102,12,56,28,47",0:1006:3|0:226:2|0:350:2
ckpt_4100.pt,0,457,0.40294522047042847,0.07697402685880661,0.4168166220188141,"120,254,66,191,98","242,169,199,100,228",0:881:2|0:10:1|0:16:1
ckpt_4100.pt,0,458,0.44273173809051514,0.116511270403862,0.40135884284973145,"112,243,238,52,196","17,222,125,237,55",0:623:2|0:34:1|0:39:1
ckpt_4100.pt,0,459,0.44771870970726013,0.09857635200023651,0.43505197763442993,"42,46,232,157,174","157,152,165,197,181",0:182:2|0:725:2|0:879:2
ckpt_4100.pt,0,460,0.39078599214553833,0.08366493880748749,0.3928704559803009,"122,147,123,220,85","66,122,113,237,98",0:195:2|0:871:2|0:0:1
ckpt_4100.pt,0,461,0.43478497862815857,0.10773319751024246,0.4164721667766571,"39,182,230,65,108","130,48,192,14,183",0:790:2|0:912:2|0:33:1
ckpt_4100.pt,0,462,0.45560207962989807,0.07819949835538864,0.44610795378685,"91,185,224,83,114","173,217,17,215,84",0:273:3|0:12:2|0:61:2
ckpt_4100.pt,0,463,0.4435351490974426,0.0721014067530632,0.42057913541793823,"224,194,33,233,185","145,143,235,238,88",0:273:2|0:377:2|0:462:2
ckpt_4100.pt,0,464,0.47139421105384827,0.09231726080179214,0.4323863983154297,"231,76,114,224,176","129,174,166,101,140",0:83:2|0:273:2|0:462:2
ckpt_4100.pt,0,465,0.45398783683776855,0.09763284772634506,0.44056954979896545,"119,204,173,189,90","98,104,89,71,17",0:103:2|0:485:2|0:775:2
ckpt_4100.pt,0,466,0.45530855655670166,0.08832111954689026,0.44306108355522156,"151,198,149,177,59","142,155,7,3,209",0:181:2|0:602:2|0:758:2
ckpt_4100.pt,0,467,0.4324670433998108,0.08268550783395767,0.4126306176185608,"32,151,25,126,19","143,243,224,72,87",0:218:2|0:30:1|0:34:1
ckpt_4100.pt,0,468,0.40264835953712463,0.0919768437743187,0.40530383586883545,"123,14,143,177,140","69,110,64,149,168",0:191:2|0:479:2|0:888:2
ckpt_4100.pt,0,469,0.4531721770763397,0.09200774133205414,0.46214401721954346,"164,81,140,141,88","220,32,101,50,40",0:228:2|0:820:2|0:21:1
ckpt_4100.pt,0,470,0.38849538564682007,0.07396107912063599,0.3801638185977936,"83,129,18,177,22","22,51,119,102,192",0:782:2|0:840:2|0:842:2
ckpt_4100.pt,0,471,0.5432844758033752,0.12067559361457825,0.4567791223526001,"17,27,248,174,100","9,122,254,210,85",0:114:2|0:171:2|0:260:2
ckpt_4100.pt,0,472,0.3590579330921173,0.0724971666932106,0.3472602963447571,"218,86,203,216,232","99,193,172,106,240",0:156:2|0:765:2|0:1:1
ckpt_4100.pt,0,473,0.3867805004119873,0.07572715729475021,0.39412906765937805,"213,194,226,32,219","78,83,106,69,176",0:110:2|0:1007:2|0:6:1
ckpt_4100.pt,0,474,0.41129130125045776,0.0747210904955864,0.42663800716400146,"76,91,86,165,9","120,166,228,159,96",0:454:2|0:1:1|0:3:1
ckpt_4100.pt,0,475,0.4483184218406677,0.09536349028348923,0.4397830069065094,"164,57,240,11,222","75,113,251,59,55",0:525:2|0:997:2|0:28:1
ckpt_4100.pt,0,476,0.4206177294254303,0.07862921804189682,0.41691142320632935,"37,33,46,97,13","173,7,30,61,14",0:714:2|0:763:2|0:787:2
ckpt_4100.pt,0,477,0.40775927901268005,0.06420455127954483,0.3952137231826782,"90,143,106,80,53","240,89,59,26,11",0:380:2|0:507:2|0:785:2
ckpt_4100.pt,0,478,0.44268864393234253,0.08025144785642624,0.46027714014053345,"151,145,96,178,33","218,168,26,148,207",0:18:1|0:25:1|0:33:1
ckpt_4100.pt,0,479,0.4354425370693207,0.0795895978808403,0.43732956051826477,"242,207,209,123,177","213,122,233,109,250",0:157:2|0:191:2|0:372:2
ckpt_4100.pt,0,480,0.4277200996875763,0.08004213869571686,0.41652441024780273,"133,13,64,55,234","213,189,240,188,75",0:88:2|0:811:2|0:29:1
ckpt_4100.pt,0,481,0.407632976770401,0.09188684076070786,0.42581743001937866,"99,80,114,71,188","104,156,120,229,95",0:152:2|0:314:2|0:394:2
ckpt_4100.pt,0,482,0.4008188843727112,0.06846411526203156,0.3879760801792145,"69,122,25,23,50","72,150,74,209,142",0:9:2|0:18:1|0:20:1
ckpt_4100.pt,0,483,0.4342084527015686,0.08768846094608307,0.4445934295654297,"180,126,225,138,209","249,74,117,51,193",0:435:2|0:825:2|0:17:1
ckpt_4100.pt,0,484,0.41520532965660095,0.07836697995662689,0.42122721672058105,"165,16,228,39,98","5,122,59,255,101",0:55:2|0:324:2|0:347:2
ckpt_4100.pt,0,485,0.4355584979057312,0.09213346987962723,0.40852418541908264,"139,189,184,119,67","233,44,248,76,12",0:11:2|0:309:2|0:465:2
ckpt_4100.pt,0,486,0.42056408524513245,0.0716307982802391,0.40795543789863586,"43,11,77,167,2","77,247,108,61,107",0:414:2|0:862:2|0:1:1
ckpt_4100.pt,0,487,0.36503955721855164,0.06435191631317139,0.40145033597946167,"231,68,132,144,49","27,42,198,114,39",0:109:2|0:135:2|0:203:2
ckpt_4100.pt,0,488,0.41433030366897583,0.07812605053186417,0.4178297519683838,"80,227,87,189,178","139,38,56,140,52",0:301:2|0:498:2|0:687:2
ckpt_4100.pt,0,489,0.4260067343711853,0.08469557762145996,0.39721930027008057,"8,94,236,27,199","171,123,191,193,124",0:2:1|0:6:1|0:26:1
ckpt_4100.pt,0,490,0.41445377469062805,0.09015779942274094,0.40259236097335815,"251,203,80,82,119","131,108,129,27,166",0:767:3|0:164:2|0:257:2
ckpt_4100.pt,0,491,0.3689887821674347,0.07138978689908981,0.35224199295043945,"160,115,64,14,135","186,190,9,101,191",0:943:2|0:951:2|0:8:1
ckpt_4100.pt,0,492,0.4310076832771301,0.07175365090370178,0.42237818241119385,"104,18,75,179,39","223,124,36,191,129",0:912:2|0:23:1|0:41:1
ckpt_4100.pt,0,493,0.40437349677085876,0.07013613730669022,0.41042575240135193,"5,146,208,197,139","103,95,138,250,100",0:514:2|0:27:1|0:31:1
ckpt_4100.pt,0,494,0.46099942922592163,0.09186671674251556,0.4423440992832184,"219,64,122,79,111","245,147,10,171,150",0:95:2|0:696:2|0:755:2
ckpt_4100.pt,0,495,0.4189055860042572,0.07582169026136398,0.4098568558692932,"182,179,29,53,178","190,122,189,176,196",0:225:2|0:778:2|0:912:2
ckpt_4100.pt,0,496,0.3976632058620453,0.07666704803705215,0.3765563666820526,"144,124,45,209,188","174,48,144,104,236",0:121:2|0:40:1|0:58:1
ckpt_4100.pt,0,497,0.40468332171440125,0.06717274338006973,0.3685644268989563,"17,40,2,251,87","7,29,177,207,161",0:517:2|0:721:2|0:810:2
ckpt_4100.pt,0,498,0.4297902286052704,0.07909274101257324,0.39480268955230713,"237,178,87,51,137","152,213,115,12,241",0:488:2|0:1019:2|0:12:1
ckpt_4100.pt,0,499,0.44175267219543457,0.08236322551965714,0.3816385269165039,"103,49,88,64,145","154,61,100,213,27",0:175:2|0:226:2|0:250:2
ckpt_4100.pt,0,500,0.4060060381889343,0.06456693261861801,0.4409562945365906,"75,53,198,30,210","51,81,226,244,230",0:438:2|0:718:2|0:1022:2
ckpt_4100.pt,0,501,0.37522825598716736,0.07227718085050583,0.3922175467014313,"115,134,216,123,105","127,52,102,59,121",0:177:2|0:265:2|0:310:2
ckpt_4100.pt,0,502,0.3903663456439972,0.06120015308260918,0.40518686175346375,"209,131,16,233,132","62,144,17,18,184",0:11:1|0:44:1|0:58:1
ckpt_4100.pt,0,503,0.4264802932739258,0.07518105208873749,0.39132294058799744,"87,4,39,152,92","60,250,105,84,218",0:40:2|0:12:1|0:14:1
ckpt_4100.pt,0,504,0.4256593585014343,0.07415386289358139,0.4015539884567261,"54,52,9,204,125","160,20,237,33,254",0:334:2|0:552:2|0:923:2
ckpt_4100.pt,0,505,0.42476770281791687,0.07814598828554153,0.41584861278533936,"38,122,255,83,88","40,59,215,145,73",0:92:2|0:129:2|0:580:2
ckpt_4100.pt,0,506,0.4261406362056732,0.08370373398065567,0.4018218219280243,"211,165,149,74,89","89,25,128,227,231",0:100:2|0:431:2|0:602:2
ckpt_4100.pt,0,507,0.4180529713630676,0.07680587470531464,0.41544970870018005,"246,12,143,106,84","124,82,126,73,62",0:244:2|0:477:2|0:688:2
ckpt_4100.pt,0,508,0.42510291934013367,0.08454450964927673,0.44408220052719116,"179,3,15,103,175","237,181,67,214,240",0:386:2|0:512:2|0:898:2
ckpt_4100.pt,0,509,0.41771313548088074,0.0777105838060379,0.40400025248527527,"181,237,160,255,8","35,145,181,11,135",0:282:2|0:16:1|0:19:1
ckpt_4100.pt,0,510,0.39198535680770874,0.08866893500089645,0.36769065260887146,"232,194,255,133,49","217,214,202,159,29",0:129:2|0:160:2|0:317:2
ckpt_4100.pt,0,511,0.36532697081565857,0.06810657680034637,0.3831578195095062,"119,82,42,36,168","245,169,242,24,157",0:58:2|0:164:2|0:490:2
ckpt_4100.pt,0,512,0.4836486279964447,0.08940958976745605,0.450066477060318,"158,205,3,140,15","33,18,62,111,233",0:53:2|0:263:2|0:417:2
ckpt_4100.pt,0,513,0.450420618057251,0.09254317730665207,0.42228445410728455,"219,71,44,107,253","55,94,81,153,113",0:207:2|0:381:2|0:424:2
ckpt_4100.pt,0,514,0.330236554145813,0.06610243767499924,0.3562009930610657,"234,139,208,246,216","172,239,184,192,253",0:87:2|0:493:2|0:745:2
ckpt_4100.pt,0,515,0.4423142075538635,0.08244045823812485,0.40494799613952637,"114,212,209,236,183","19,152,155,90,9",0:94:2|0:441:2|0:929:2
ckpt_4100.pt,0,516,0.43436235189437866,0.07203976064920425,0.4289732575416565,"107,104,157,215,202","178,214,142,235,217",0:15:2|0:276:2|0:824:2
ckpt_4100.pt,0,517,0.42662036418914795,0.08415371179580688,0.42986172437667847,"80,28,251,17,141","97,235,16,131,124",0:113:2|0:490:2|0:497:2
ckpt_4100.pt,0,518,0.46493038535118103,0.09291566163301468,0.4205804467201233,"26,194,177,11,102","219,61,194,180,93",0:322:2|0:336:2|0:10:1
ckpt_4100.pt,0,519,0.3832862675189972,0.07206948101520538,0.3931256830692291,"217,142,177,42,155","85,89,83,234,30",0:3:1|0:11:1|0:16:1
ckpt_4100.pt,0,520,0.4070272147655487,0.07491672039031982,0.376531183719635,"241,114,125,113,132","107,205,69,57,21",0:109:2|0:859:2|0:6:1
ckpt_4100.pt,0,521,0.4425075948238373,0.0699220672249794,0.4169757068157196,"176,162,24,14,35","91,47,102,115,112",0:80:2|0:430:2|0:939:2
ckpt_4100.pt,0,522,0.4818735718727112,0.08888094872236252,0.42554178833961487,"98,209,215,159,182","102,79,142,194,99",0:193:2|0:338:2|0:778:2
ckpt_4100.pt,0,523,0.42231446504592896,0.07922572642564774,0.3873221278190613,"152,203,85,79,56","255,15,249,253,11",0:124:2|0:947:2|0:7:1
ckpt_4100.pt,0,524,0.4353829026222229,0.06835240870714188,0.40840911865234375,"21,247,27,11,9","185,233,37,197,218",0:114:2|0:373:2|0:735:2
ckpt_4100.pt,0,525,0.43521761894226074,0.09842314571142197,0.4280798137187958,"1,222,96,6,11","88,73,60,59,40",0:192:2|0:475:2|0:997:2
ckpt_4100.pt,0,526,0.4376162886619568,0.09556704759597778,0.40944811701774597,"98,47,84,128,165","134,127,184,230,66",0:161:2|0:281:2|0:484:2
ckpt_4100.pt,0,527,0.49131253361701965,0.09026572853326797,0.43682926893234253,"42,216,153,57,190","170,42,12,231,191",0:645:2|0:736:2|0:11:1
ckpt_4100.pt,0,528,0.3799293339252472,0.0690266415476799,0.37676486372947693,"144,89,173,225,216","108,190,159,56,211",0:203:2|0:215:2|0:439:2
ckpt_4100.pt,0,529,0.4292910099029541,0.0852707028388977,0.42907625436782837,"163,174,166,237,169","233,213,133,130,164",0:31:2|0:282:2|0:584:2
ckpt_4100.pt,0,530,0.4377075433731079,0.07444056868553162,0.4065684676170349,"210,130,205,236,248","137,108,13,28,134",0:35:2|0:230:2|0:438:2
ckpt_4100.pt,0,531,0.4436921775341034,0.07986460626125336,0.40968361496925354,"160,81,111,173,48","162,163,46,174,45",0:105:2|0:440:2|0:755:2
ckpt_4100.pt,0,532,0.4599853754043579,0.08431664109230042,0.4297134578227997,"130,0,4,163,20","46,239,250,67,15",0:201:2|0:588:2|0:968:2
ckpt_4100.pt,0,533,0.44238126277923584,0.08153986185789108,0.4509504437446594,"30,217,163,173,172","107,181,196,220,19",0:32:2|0:209:2|0:438:2
ckpt_4100.pt,0,534,0.40326955914497375,0.07622593641281128,0.37515801191329956,"85,111,158,168,226","100,47,46,67,243",0:176:2|0:189:2|0:764:2
ckpt_4100.pt,0,535,0.42964231967926025,0.08097772300243378,0.4171578884124756,"248,26,168,211,250","129,197,74,102,89",0:401:2|0:708:2|0:7:1
ckpt_4100.pt,0,536,0.42567700147628784,0.09676851332187653,0.40653133392333984,"105,8,188,115,238","91,252,124,207,134",0:265:2|0:501:2|0:8:1
ckpt_4100.pt,0,537,0.41092449426651,0.07711517065763474,0.41011837124824524,"172,147,60,158,250","95,177,223,85,89",0:21:2|0:75:2|0:401:2
ckpt_4100.pt,0,538,0.4494432210922241,0.08235190063714981,0.4171519875526428,"225,29,191,140,246","163,181,145,1,63",0:62:2|0:841:2|0:0:1
ckpt_4100.pt,0,539,0.42563751339912415,0.08259875327348709,0.3896423876285553,"185,179,220,246,36","145,240,48,174,235",0:437:2|0:703:2|0:889:2
ckpt_4100.pt,0,540,0.40527603030204773,0.07732689380645752,0.3665575683116913,"223,248,35,237,240","158,70,14,100,81",0:585:2|0:933:2|0:19:1
ckpt_4100.pt,0,541,0.45419439673423767,0.09130736440420151,0.44335970282554626,"0,13,121,166,120","30,174,4,136,245",0:5:1|0:8:1|0:20:1
ckpt_4100.pt,0,542,0.41250166296958923,0.07744929939508438,0.41883978247642517,"169,230,3,183,206","171,99,50,81,84",0:417:2|0:420:2|0:25:1
ckpt_4100.pt,0,543,0.448236882686615,0.0858914777636528,0.4376477003097534,"130,183,100,231,31","195,78,140,137,244",0:982:2|0:2:1|0:27:1
ckpt_4100.pt,0,544,0.4203900992870331,0.07887774705886841,0.4298253655433655,"254,177,213,216,168","91,152,248,6,159",0:310:2|0:372:2|0:648:2
ckpt_4100.pt,0,545,0.42357203364372253,0.07182836532592773,0.4395260214805603,"38,188,213,202,5","86,41,114,229,52",0:6:1|0:20:1|0:23:1
ckpt_4100.pt,0,546,0.4421723484992981,0.07290760427713394,0.4303174614906311,"203,163,249,240,176","77,219,87,28,86",0:349:2|0:1015:2|0:0:1
ckpt_4100.pt,0,547,0.4506673812866211,0.08630998432636261,0.4205003082752228,"117,111,202,162,218","45,177,90,0,56",0:844:2|0:27:1|0:32:1
ckpt_4100.pt,0,548,0.46956631541252136,0.08598870038986206,0.43385815620422363,"186,158,170,41,53","45,107,202,199,145",0:169:2|0:199:2|0:201:2
ckpt_4100.pt,0,549,0.45833542943000793,0.09024737775325775,0.45273295044898987,"59,223,211,241,8","178,245,23,128,229",0:26:2|0:128:2|0:449:2
ckpt_4100.pt,0,550,0.4070873558521271,0.06531517952680588,0.39576011896133423,"62,185,74,133,47","179,224,32,52,223",0:67:2|0:77:2|0:98:2
ckpt_4100.pt,0,551,0.3528973460197449,0.06878282874822617,0.36708593368530273,"105,139,137,111,42","135,132,47,113,62",0:151:3|0:265:2|0:426:2
ckpt_4100.pt,0,552,0.4189421534538269,0.08859417587518692,0.4235408306121826,"52,204,35,5,230","235,125,153,145,111",0:334:2|0:374:2|0:430:2
ckpt_4100.pt,0,553,0.4244532883167267,0.08114195615053177,0.3804127275943756,"234,155,220,198,99","208,237,58,27,221",0:361:2|0:814:2|0:867:2
ckpt_4100.pt,0,554,0.43398401141166687,0.09451162070035934,0.42611029744148254,"222,119,117,28,251","219,61,165,69,47",0:74:2|0:490:2|0:517:2
ckpt_4100.pt,0,555,0.42228835821151733,0.07613787055015564,0.3888048231601715,"213,211,42,151,20","14,226,115,213,216",0:590:2|0:702:2|0:6:1
ckpt_4100.pt,0,556,0.404428631067276,0.07960741966962814,0.3993675708770752,"82,226,4,40,249","89,65,73,116,134",0:289:2|0:1013:2|0:14:1
ckpt_4100.pt,0,557,0.3932975232601166,0.07793962210416794,0.38235756754875183,"241,121,214,245,88","60,127,219,236,20",0:306:2|0:450:2|0:5:1
ckpt_4100.pt,0,558,0.3809641897678375,0.07320548593997955,0.38034021854400635,"114,182,251,100,214","238,83,178,129,81",0:767:2|0:14:1|0:47:1
ckpt_4100.pt,0,559,0.39780211448669434,0.06786315888166428,0.4094286262989044,"74,190,180,35,113","216,68,164,158,136",0:6:1|0:13:1|0:14:1
ckpt_4100.pt,0,560,0.4834596514701843,0.08606597036123276,0.41561129689216614,"59,114,252,147,150","255,50,14,5,149",0:183:2|0:720:2|0:8:1
ckpt_4100.pt,0,561,0.43614456057548523,0.087596595287323,0.397405743598938,"235,247,77,3,20","226,206,144,197,244",0:245:2|0:566:2|0:680:2
ckpt_4100.pt,0,562,0.3556913435459137,0.07611726969480515,0.3739131689071655,"241,177,226,209,166","168,0,209,96,148",0:81:2|0:111:2|0:191:2
ckpt_4100.pt,0,563,0.3652377426624298,0.06257153302431107,0.38580507040023804,"241,251,248,16,10","254,71,35,72,113",0:450:2|0:14:1|0:16:1
ckpt_4100.pt,0,564,0.35138586163520813,0.055254336446523666,0.3473843038082123,"177,112,249,225,185","103,38,216,171,172",0:273:2|0:383:2|0:12:1
ckpt_4100.pt,0,565,0.4003344774246216,0.07383347302675247,0.4188854694366455,"254,14,63,224,47","177,228,36,139,239",0:369:2|0:795:2|0:2:1
ckpt_4100.pt,0,566,0.4059455692768097,0.08226653188467026,0.4190850853919983,"10,157,20,77,132","201,230,166,56,224",0:119:2|0:220:2|0:561:2
ckpt_4100.pt,0,567,0.42503082752227783,0.0819786787033081,0.3895318806171417,"99,96,121,53,73","125,96,47,93,65",0:162:2|0:816:2|0:863:2
ckpt_4100.pt,0,568,0.4218699634075165,0.07025061547756195,0.43272560834884644,"49,224,237,168,119","238,204,46,127,27",0:400:2|0:511:2|0:606:2
ckpt_4100.pt,0,569,0.42410242557525635,0.07597433030605316,0.43440550565719604,"245,164,60,205,146","127,243,24,25,75",0:65:2|0:255:2|0:654:2
ckpt_4100.pt,0,570,0.3644658029079437,0.07389652729034424,0.3692190945148468,"147,8,159,216,191","228,102,105,41,183",0:144:3|0:237:2|0:801:2
ckpt_4100.pt,0,571,0.44060081243515015,0.0836394876241684,0.4514218270778656,"175,189,49,182,228","12,221,250,133,139",0:18:2|0:71:2|0:104:2
ckpt_4100.pt,0,572,0.3560304045677185,0.06877745687961578,0.4006810486316681,"51,40,123,151,39","254,253,144,183,79",0:729:2|0:0:1|0:29:1
ckpt_4100.pt,0,573,0.4175989031791687,0.07252491265535355,0.41336479783058167,"25,167,193,75,212","186,1,219,194,11",0:411:2|0:1:1|0:29:1
ckpt_4100.pt,0,574,0.4398151934146881,0.07243316620588303,0.4138670563697815,"90,34,126,247,210","233,11,86,39,230",0:269:2|0:342:2|0:674:2
ckpt_4100.pt,0,575,0.419421911239624,0.08337385207414627,0.41957351565361023,"60,127,58,191,85","246,31,76,122,192",0:28:2|0:409:2|0:636:2
ckpt_4100.pt,0,576,0.3965738117694855,0.060378577560186386,0.39867103099823,"54,153,132,250,133","127,44,72,206,159",0:204:2|0:19:1|0:43:1
ckpt_4100.pt,0,577,0.41511982679367065,0.07987410575151443,0.41477128863334656,"150,28,70,192,225","71,211,227,94,167",0:8:2|0:96:2|0:150:2
ckpt_4100.pt,0,578,0.419463187456131,0.08019393682479858,0.39247778058052063,"100,250,17,162,74","120,254,45,244,211",0:277:2|0:341:2|0:471:2
ckpt_4100.pt,0,579,0.3825411796569824,0.07659769803285599,0.3939441442489624,"191,229,113,194,71","211,173,103,209,130",0:160:2|0:917:2|0:1007:2
ckpt_4100.pt,0,580,0.38600942492485046,0.07224100828170776,0.4156892001628876,"180,255,216,38,239","89,142,21,20,169",0:30:2|0:505:2|0:16:1
ckpt_4100.pt,0,581,0.44335341453552246,0.09065277874469757,0.3828713595867157,"209,168,202,37,30","75,120,12,58,100",0:27:2|0:52:2|0:56:2
ckpt_4100.pt,0,582,0.41671010851860046,0.08492186665534973,0.389161080121994,"208,136,211,125,77","189,251,17,1,81",0:100:2|0:638:2|0:993:2
ckpt_4100.pt,0,583,0.4463762640953064,0.07444001734256744,0.45461058616638184,"228,215,115,43,223","19,30,211,205,161",0:72:2|0:291:2|0:687:2
ckpt_4100.pt,0,584,0.46633380651474,0.09742848575115204,0.45340028405189514,"225,174,86,73,169","185,36,95,208,253",0:529:2|0:1:1|0:22:1
ckpt_4100.pt,0,585,0.43115416169166565,0.07261687517166138,0.43937501311302185,"240,255,243,100,248","91,7,211,213,171",0:260:2|0:471:2|0:540:2
ckpt_4100.pt,0,586,0.3780665397644043,0.08180854469537735,0.4141508936882019,"243,154,12,199,228","103,157,235,54,0",0:843:2|0:0:1|0:1:1
ckpt_4100.pt,0,587,0.45044398307800293,0.07742052525281906,0.4408625364303589,"167,164,147,160,34","53,111,183,108,6",0:232:2|0:345:2|0:351:2
ckpt_4100.pt,0,588,0.46532267332077026,0.07987157255411148,0.4330378770828247,"49,163,20,54,114","119,61,68,143,120",0:532:2|0:854:2|0:0:1
ckpt_4100.pt,0,589,0.3456462323665619,0.055202171206474304,0.3649103343486786,"178,134,215,167,131","19,249,92,245,156",0:44:2|0:356:2|0:605:2
ckpt_4100.pt,0,590,0.46947285532951355,0.08092554658651352,0.4573712646961212,"249,211,213,232,245","149,226,54,240,72",0:45:2|0:555:2|0:634:2
ckpt_4100.pt,0,591,0.4084741771221161,0.08453498035669327,0.3860785961151123,"224,204,12,240,190","53,38,51,84,185",0:188:2|0:761:2|0:1:1
ckpt_4100.pt,0,592,0.403713196516037,0.07657631486654282,0.39037153124809265,"139,54,57,67,205","43,37,99,226,237",0:165:2|0:485:2|0:804:2
ckpt_4100.pt,0,593,0.42898625135421753,0.08434491604566574,0.38539791107177734,"36,173,93,5,104","83,18,64,225,231",0:36:2|0:439:2|0:14:1
ckpt_4100.pt,0,594,0.47443264722824097,0.08943731337785721,0.4367702305316925,"231,247,160,132,249","67,152,57,183,184",0:343:2|0:487:2|0:634:2
ckpt_4100.pt,0,595,0.39040854573249817,0.0728609710931778,0.3598768711090088,"94,110,213,47,137","221,254,145,5,193",0:6:2|0:813:2|0:23:1
ckpt_4100.pt,0,596,0.4515673518180847,0.06923403590917587,0.4267532229423523,"198,121,69,67,61","197,97,0,90,115",0:20:2|0:405:2|0:723:2
ckpt_4100.pt,0,597,0.39394277334213257,0.07426590472459793,0.39484986662864685,"223,60,80,11,83","119,231,4,144,115",0:39:2|0:336:2|0:785:2
ckpt_4100.pt,0,598,0.4205147922039032,0.06961734592914581,0.40565264225006104,"115,155,83,89,251","205,62,47,49,94",0:272:2|0:303:2|0:867:2
ckpt_4100.pt,0,599,0.4937925338745117,0.09609059989452362,0.4516361653804779,"240,158,194,17,55","79,27,20,181,3",0:213:2|0:261:2|0:630:2
ckpt_4100.pt,0,600,0.4123672842979431,0.08791130781173706,0.38931649923324585,"141,113,45,255,230","127,123,110,95,92",0:49:2|0:198:2|0:374:2
ckpt_4100.pt,0,601,0.4470956325531006,0.08774279803037643,0.4263352155685425,"58,183,54,110,103","224,231,56,135,183",0:883:2|0:926:2|0:26:1
ckpt_4100.pt,0,602,0.4301823377609253,0.10273362696170807,0.4243391752243042,"167,165,102,149,198","222,98,225,46,44",0:241:2|0:278:2|0:414:2
ckpt_4100.pt,0,603,0.4072885513305664,0.08036007732152939,0.39999082684516907,"210,172,253,216,131","218,67,138,127,235",0:269:2|0:1:1|0:21:1
ckpt_4100.pt,0,604,0.4563329219818115,0.07646007835865021,0.44871968030929565,"229,180,205,199,165","5,122,174,48,23",0:452:2|0:726:2|0:746:2
ckpt_4100.pt,0,605,0.465115487575531,0.08464226126670837,0.4144682288169861,"215,225,167,143,49","76,230,240,201,169",0:203:2|0:419:2|0:589:2
ckpt_4100.pt,0,606,0.4295777678489685,0.07331016659736633,0.4170115292072296,"49,160,224,144,223","37,56,103,87,117",0:128:2|0:203:2|0:258:2
ckpt_4100.pt,0,607,0.35588201880455017,0.061948198825120926,0.3744273781776428,"20,241,110,195,154","172,73,147,57,189",0:0:1|0:20:1|0:26:1
ckpt_4100.pt,0,608,0.4700634777545929,0.1039261668920517,0.4221018850803375,"9,107,37,5,8","251,166,181,213,69",0:428:2|0:826:2|0:1021:2
ckpt_4100.pt,0,609,0.431651771068573,0.0787966400384903,0.4030196964740753,"9,150,220,33,30","244,39,220,18,209",0:27:2|0:96:2|0:346:2
ckpt_4100.pt,0,610,0.39915111660957336,0.07400006800889969,0.35740429162979126,"160,105,83,206,30","69,61,134,231,92",0:932:2|0:21:1|0:25:1
ckpt_4100.pt,0,611,0.4113292396068573,0.08184556663036346,0.41632068157196045,"104,161,191,103,55","231,182,156,217,195",0:88:2|0:1023:2|0:10:1
ckpt_4100.pt,0,612,0.3906785249710083,0.06685774028301239,0.3870789110660553,"176,248,76,19,202","7,106,97,164,43",0:68:2|0:429:2|0:464:2
ckpt_4100.pt,0,613,0.46399450302124023,0.0938904732465744,0.431284099817276,"215,224,32,30,196","224,125,181,144,211",0:635:2|0:976:2|0:27:1
ckpt_4100.pt,0,614,0.4270325303077698,0.08890935778617859,0.4223037660121918,"249,242,86,254,209","64,152,180,212,3",0:316:2|0:372:2|0:479:2
ckpt_4100.pt,0,615,0.4448058605194092,0.07806224375963211,0.4448014199733734,"84,155,17,209,35","185,242,201,90,160",0:313:2|0:12:1|0:50:1
ckpt_4100.pt,0,616,0.4258612394332886,0.10968147218227386,0.39935997128486633,"104,115,226,65,74","222,151,240,46,38",0:265:2|0:729:2|0:821:2
ckpt_4100.pt,0,617,0.44322291016578674,0.07942210882902145,0.4068724513053894,"228,73,105,194,48","155,239,43,177,60",0:774:3|0:732:2|0:15:1
ckpt_4100.pt,0,618,0.47253522276878357,0.09681468456983566,0.42295965552330017,"211,196,87,139,171","38,1,244,242,201",0:340:2|0:721:2|0:7:1
ckpt_4100.pt,0,619,0.4578969478607178,0.08605676889419556,0.44377607107162476,"79,239,167,202,101","57,146,230,138,56",0:95:2|0:921:2|0:1:1
ckpt_4100.pt,0,620,0.4598368704319,0.08965642750263214,0.4364578425884247,"175,98,72,154,214","140,46,34,201,71",0:376:2|0:843:2|0:0:1
ckpt_4100.pt,0,621,0.4291422963142395,0.07267114520072937,0.41054829955101013,"43,13,113,225,141","205,122,236,39,35",0:198:2|0:600:2|0:6:1
ckpt_4100.pt,0,622,0.4511270523071289,0.08109426498413086,0.4522436261177063,"115,131,143,75,36","68,171,218,251,17",0:36:2|0:329:2|0:434:2
ckpt_4100.pt,0,623,0.3890884220600128,0.07008512318134308,0.39210087060928345,"52,144,49,112,7","29,145,180,216,150",0:73:2|0:203:2|0:251:2
ckpt_4100.pt,0,624,0.5695827007293701,0.1050199344754219,0.46139445900917053,"46,173,14,247,206","131,161,222,203,68",0:214:2|0:403:2|0:763:2
ckpt_4100.pt,0,625,0.451948344707489,0.07933581620454788,0.4303068518638611,"200,202,234,152,138","102,87,23,66,253",0:27:1|0:67:1|0:68:1
ckpt_4100.pt,0,626,0.4392155408859253,0.06991678476333618,0.4102324843406677,"171,236,154,60,69","178,53,232,13,218",0:20:2|0:314:2|0:788:2
ckpt_4100.pt,0,627,0.4063996374607086,0.06712933629751205,0.4361678659915924,"220,141,143,255,186","134,46,251,96,8",0:332:2|0:346:2|0:600:2
ckpt_4100.pt,0,628,0.43882617354393005,0.07905877381563187,0.43520787358283997,"113,75,148,166,26","29,123,48,122,1",0:429:2|0:717:2|0:848:2
ckpt_4100.pt,0,629,0.3160803020000458,0.06130541115999222,0.3673999309539795,"25,10,250,1,148","156,117,137,91,241",0:146:2|0:308:2|0:359:2
ckpt_4100.pt,0,630,0.426787793636322,0.07644844055175781,0.39745938777923584,"99,50,230,55,240","198,220,54,48,168",0:298:2|0:370:2|0:599:2
ckpt_4100.pt,0,631,0.39937445521354675,0.07545314729213715,0.4138612747192383,"228,14,67,84,130","41,42,161,126,84",0:38:2|0:218:2|0:358:2
ckpt_4100.pt,0,632,0.4682786464691162,0.10055255889892578,0.4323290288448334,"166,249,242,129,43","188,155,9,133,181",0:120:2|0:614:2|0:636:2
ckpt_4100.pt,0,633,0.3802150785923004,0.08042202144861221,0.4003809094429016,"97,167,119,142,64","118,139,226,21,157",0:330:3|0:117:2|0:148:2
ckpt_4100.pt,0,634,0.43058329820632935,0.07129313051700592,0.4030971825122833,"211,132,71,249,216","14,193,57,63,196",0:100:2|0:406:2|0:590:2
ckpt_4100.pt,0,635,0.4468310475349426,0.08119937777519226,0.43511566519737244,"38,41,224,215,125","161,231,64,164,117",0:150:2|0:613:2|0:20:1
ckpt_4100.pt,0,636,0.4327692687511444,0.08196666836738586,0.41279929876327515,"242,85,127,43,91","80,100,46,64,177",0:575:2|0:632:2|0:12:1
ckpt_4100.pt,0,637,0.3789856731891632,0.07950079441070557,0.3988809287548065,"213,71,225,103,67","88,217,224,183,174",0:739:2|0:743:2|0:915:2
ckpt_4100.pt,0,638,0.4293958842754364,0.08935215324163437,0.42049428820610046,"77,125,180,47,171","161,58,213,172,16",0:223:2|0:340:2|0:387:2
ckpt_4100.pt,0,639,0.42349183559417725,0.07897637784481049,0.406028151512146,"5,143,21,240,97","225,37,122,181,188",0:36:2|0:456:2|0:878:2
ckpt_4100.pt,0,640,0.42530930042266846,0.07461757957935333,0.4350094497203827,"252,120,99,197,172","113,149,26,140,131",0:41:2|0:179:2|0:335:2
ckpt_4100.pt,0,641,0.40959644317626953,0.08258949220180511,0.42270657420158386,"129,227,116,15,202","236,144,160,89,178",0:442:2|0:0:1|0:6:1
ckpt_4100.pt,0,642,0.48601680994033813,0.09318811446428299,0.4240892231464386,"188,140,199,97,126","102,44,146,232,224",0:443:2|0:9:1|0:44:1
ckpt_4100.pt,0,643,0.40605559945106506,0.08508747071027756,0.41756579279899597,"236,226,52,37,84","251,82,61,217,166",0:846:2|0:963:2|0:12:1
ckpt_4100.pt,0,644,0.43181148171424866,0.08872479200363159,0.4636608958244324,"85,202,128,154,142","168,102,222,90,125",0:704:3|0:280:2|0:1015:2
ckpt_4100.pt,0,645,0.46667608618736267,0.09256510436534882,0.4460546374320984,"45,42,57,247,146","222,190,246,204,101",0:158:2|0:527:2|0:736:2
ckpt_4100.pt,0,646,0.43936747312545776,0.07713670283555984,0.423513263463974,"123,236,95,193,45","195,55,117,249,4",0:0:1|0:32:1|0:50:1
ckpt_4100.pt,0,647,0.4092905819416046,0.07732248306274414,0.41555237770080566,"22,210,110,152,101","32,116,203,95,33",0:295:2|0:661:2|0:665:2
ckpt_4100.pt,0,648,0.39183664321899414,0.0684729516506195,0.3965896964073181,"27,33,168,167,177","48,204,248,9,100",0:217:2|0:544:2|0:900:2
ckpt_4100.pt,0,649,0.3965120017528534,0.061997558921575546,0.3914104700088501,"248,135,109,31,153","19,127,158,26,236",0:660:2|0:1023:2|0:19:1
ckpt_4100.pt,0,650,0.4327812194824219,0.0803804025053978,0.4136796295642853,"11,61,88,111,242","209,121,84,57,213",0:92:2|0:175:2|0:23:1
ckpt_4100.pt,0,651,0.4617830514907837,0.10436898469924927,0.4049668312072754,"89,247,159,212,80","0,181,145,136,250",0:302:2|0:424:2|0:431:2
ckpt_4100.pt,0,652,0.439536988735199,0.07174592465162277,0.4209912419319153,"175,28,102,242,188","0,251,170,172,69",0:89:2|0:234:2|0:966:2
ckpt_4100.pt,0,653,0.4278911054134369,0.07743752747774124,0.40671971440315247,"14,7,154,40,29","25,191,85,86,112",0:0:2|0:29:2|0:79:2
ckpt_4100.pt,0,654,0.4131365716457367,0.08551334589719772,0.4167689085006714,"165,141,146,17,245","251,190,169,71,111",0:255:2|0:517:2|0:569:2
ckpt_4100.pt,0,655,0.41969019174575806,0.08261937648057938,0.41544604301452637,"67,104,77,142,127","108,190,43,17,220",0:704:3|0:303:2|0:840:2
ckpt_4100.pt,0,656,0.4596455991268158,0.09537076205015182,0.43969830870628357,"146,91,34,252,243","218,183,37,35,53",0:355:2|0:384:2|0:685:2
ckpt_4100.pt,0,657,0.44237175583839417,0.09714054316282272,0.3912647068500519,"213,241,172,146,150","205,151,175,222,47",0:122:2|0:143:2|0:179:2
ckpt_4100.pt,0,658,0.4092387557029724,0.08666536211967468,0.4139341413974762,"87,240,133,130,247","224,240,230,68,106",0:340:2|0:945:2|0:12:1
ckpt_4100.pt,0,659,0.404416561126709,0.09374208748340607,0.42299920320510864,"15,125,140,37,201","4,228,32,152,158",0:512:2|0:776:2|0:798:2
ckpt_4100.pt,0,660,0.4991167485713959,0.10324323177337646,0.43105512857437134,"183,248,160,153,188","34,232,103,45,25",0:113:2|0:649:2|0:19:1
ckpt_4100.pt,0,661,0.4574143886566162,0.07657669484615326,0.42148640751838684,"45,22,110,187,70","217,94,243,251,154",0:78:2|0:647:2|0:676:2
ckpt_4100.pt,0,662,0.4859119653701782,0.09855639189481735,0.47087356448173523,"249,27,234,48,67","130,180,92,3,81",0:915:2|0:1005:2|0:2:1
ckpt_4100.pt,0,663,0.4430467486381531,0.07753214985132217,0.40911176800727844,"87,78,99,108,135","57,188,16,40,113",0:152:2|0:184:2|0:280:2
ckpt_4100.pt,0,664,0.4210948944091797,0.0692427009344101,0.41151127219200134,"108,70,15,219,144","64,157,101,124,137",0:865:2|0:8:1|0:10:1
ckpt_4100.pt,0,665,0.4128434956073761,0.07418600469827652,0.42866969108581543,"161,210,69,152,145","99,228,204,39,7",0:647:2|0:935:2|0:9:1
ckpt_4100.pt,0,666,0.43252086639404297,0.07392683625221252,0.43302106857299805,"35,210,1,36,49","156,11,113,174,221",0:787:2|0:1001:2|0:3:1
ckpt_4100.pt,0,667,0.411178857088089,0.0854615718126297,0.4068926274776459,"225,166,37,242,215","43,196,67,183,128",0:246:2|0:605:2|0:632:2
ckpt_4100.pt,0,668,0.45615890622138977,0.07520124316215515,0.4367286264896393,"58,160,129,247,37","27,55,15,68,130",0:343:2|0:594:2|0:932:2
ckpt_4100.pt,0,669,0.4183516204357147,0.0813591256737709,0.4075692594051361,"197,255,253,65,204","56,190,154,162,3",0:1:1|0:16:1|0:30:1
ckpt_4100.pt,0,670,0.3543616831302643,0.07167920470237732,0.36826103925704956,"227,181,194,69,126","253,222,194,66,160",0:70:2|0:422:2|0:920:2
ckpt_4100.pt,0,671,0.43694910407066345,0.08121363818645477,0.42939838767051697,"213,12,64,112,253","109,21,163,158,166",0:1:2|0:730:2|0:5:1
ckpt_4100.pt,0,672,0.4088517725467682,0.07225058972835541,0.43559345602989197,"237,219,191,200,150","4,81,251,204,103",0:8:1|0:10:1|0:16:1
ckpt_4100.pt,0,673,0.4594881534576416,0.0804438516497612,0.42887169122695923,"43,175,133,20,63","221,170,237,95,57",0:89:2|0:92:2|0:2:1
ckpt_4100.pt,0,674,0.45495283603668213,0.0870053768157959,0.43449169397354126,"210,52,250,126,79","100,19,109,145,76",0:574:2|0:755:2|0:905:2
ckpt_4100.pt,0,675,0.42425110936164856,0.07801371067762375,0.39810794591903687,"72,88,38,193,173","182,56,132,204,222",0:173:2|0:505:2|0:946:2
ckpt_4100.pt,0,676,0.4145966172218323,0.07788510620594025,0.4101593792438507,"69,187,22,199,10","101,153,20,253,216",0:220:2|0:228:2|0:661:2
ckpt_4100.pt,0,677,0.4159878194332123,0.0673067644238472,0.39667177200317383,"138,36,47,177,153","104,136,175,103,121",0:81:2|0:252:2|0:281:2
ckpt_4100.pt,0,678,0.3887549340724945,0.07503218948841095,0.4012715518474579,"157,134,77,122,227","141,166,51,197,254",0:119:2|0:177:2|0:566:2
ckpt_4100.pt,0,679,0.42135030031204224,0.07386045902967453,0.4109586775302887,"255,201,202,254,29","14,90,7,169,162",0:170:2|0:326:2|0:353:2
ckpt_4100.pt,0,680,0.4522160291671753,0.07670516520738602,0.43184879422187805,"189,172,98,20,3","246,92,102,74,163",0:43:2|0:245:2|0:335:2
ckpt_4100.pt,0,681,0.39903348684310913,0.0770275667309761,0.3625081479549408,"102,90,68,85,3","27,145,62,157,140",0:6:1|0:17:1|0:24:1
ckpt_4100.pt,0,682,0.3513723909854889,0.06434884667396545,0.38515788316726685,"71,107,221,174,233","124,98,209,96,194",0:106:2|0:205:2|0:337:2
ckpt_4100.pt,0,683,0.3599921464920044,0.06368592381477356,0.36737582087516785,"160,117,185,104,180","237,252,34,69,99",0:413:2|0:746:2|0:12:1
ckpt_4100.pt,0,684,0.4057858884334564,0.07826609909534454,0.4253186583518982,"88,79,146,115,231","218,167,102,61,136",0:713:2|0:744:2|0:2:1
ckpt_4100.pt,0,685,0.4171822667121887,0.06991378217935562,0.4040224552154541,"89,173,91,129,146","109,9,7,192,177",0:122:2|0:272:2|0:397:2
ckpt_4100.pt,0,686,0.43662944436073303,0.07437554746866226,0.41669222712516785,"152,231,75,41,16","147,78,23,210,139",0:2:1|0:35:1|0:49:1
ckpt_4100.pt,0,687,0.4094148278236389,0.0759379044175148,0.3850148022174835,"206,178,43,228,80","60,176,81,92,145",0:25:2|0:147:2|0:358:2
ckpt_4100.pt,0,688,0.45633259415626526,0.09295067191123962,0.4431825280189514,"23,196,246,143,7","143,75,42,178,161",0:259:2|0:507:2|0:841:2
ckpt_4100.pt,0,689,0.4796411097049713,0.08457361906766891,0.44610121846199036,"94,66,121,56,183","191,212,108,102,210",0:820:2|0:5:1|0:6:1
ckpt_4100.pt,0,690,0.4243164658546448,0.08255475014448166,0.4085269868373871,"74,119,165,40,58","113,78,76,43,242",0:98:2|0:289:2|0:337:2
ckpt_4100.pt,0,691,0.45315274596214294,0.09391606599092484,0.4363813102245331,"115,213,95,190,23","139,1,140,195,25",0:310:2|0:884:2|0:6:1
ckpt_4100.pt,0,692,0.43292346596717834,0.09066201001405716,0.4024982750415802,"116,167,22,131,5","17,97,115,169,177",0:213:2|0:442:2|0:589:2
ckpt_4100.pt,0,693,0.3730456829071045,0.0722084566950798,0.36583343148231506,"248,225,9,100,236","214,217,239,118,62",0:260:2|0:471:2|0:530:2
ckpt_4100.pt,0,694,0.4324662387371063,0.08393014967441559,0.4211532175540924,"47,131,3,225,229","124,9,76,136,198",0:21:1|0:23:1|0:37:1
ckpt_4100.pt,0,695,0.3256690204143524,0.0666942298412323,0.35866978764533997,"195,187,222,106,77","99,205,239,162,103",0:17:1|0:51:1|0:54:1
ckpt_4100.pt,0,696,0.41848310828208923,0.0671011358499527,0.41851919889450073,"167,64,204,219,196","103,166,63,213,212",0:494:2|0:633:2|0:943:2
ckpt_4100.pt,0,697,0.4636063873767853,0.08902540057897568,0.43366333842277527,"76,153,67,203,90","59,37,79,29,226",0:167:2|0:266:2|0:768:2
ckpt_4100.pt,0,698,0.4239329993724823,0.08071812987327576,0.43300798535346985,"130,121,90,174,230","50,158,191,160,239",0:31:2|0:210:2|0:777:2
ckpt_4100.pt,0,699,0.4473590552806854,0.07438681274652481,0.4082401990890503,"15,164,200,63,121","218,141,211,58,64",0:5:2|0:820:2|0:924:2
ckpt_4100.pt,0,700,0.3735949993133545,0.07522216439247131,0.37495365738868713,"85,162,173,171,89","201,255,17,209,2",0:51:2|0:124:2|0:317:2
ckpt_4100.pt,0,701,0.362530916929245,0.0654699057340622,0.38480377197265625,"17,239,11,45,212","62,146,106,249,85",0:817:2|0:1010:2|0:19:1
ckpt_4100.pt,0,702,0.4074881672859192,0.06374946236610413,0.41715309023857117,"239,213,42,170,31","201,219,200,205,102",0:348:2|0:555:2|0:881:2
ckpt_4100.pt,0,703,0.4370754063129425,0.09317844361066818,0.4213276207447052,"36,42,220,143,245","67,194,26,110,215",0:36:2|0:58:2|0:332:2
ckpt_4100.pt,0,704,0.4370989501476288,0.08757418394088745,0.41457992792129517,"77,142,127,128,154","44,158,223,100,144",0:644:3|0:655:3|0:303:2
ckpt_4100.pt,0,705,0.4540339708328247,0.07531549036502838,0.4284740388393402,"28,96,66,41,30","26,251,201,233,89",0:35:2|0:36:2|0:379:2
ckpt_4100.pt,0,706,0.4020238220691681,0.10083939135074615,0.40418925881385803,"211,103,240,185,173","240,100,195,94,193",0:7:1|0:12:1|0:26:1
ckpt_4100.pt,0,707,0.42245617508888245,0.09047266095876694,0.4305797517299652,"111,159,201,175,254","210,235,69,41,130",0:378:2|0:679:2|0:823:2
ckpt_4100.pt,0,708,0.46302223205566406,0.07691159099340439,0.4170243442058563,"240,172,168,236,250","12,0,69,103,180",0:873:3|0:32:2|0:401:2
ckpt_4100.pt,0,709,0.4198358356952667,0.08260885626077652,0.39860016107559204,"74,82,165,239,51","101,126,153,33,124",0:454:2|0:506:2|0:690:2
ckpt_4100.pt,0,710,0.40642639994621277,0.07536180317401886,0.3807325065135956,"56,197,241,135,90","126,69,51,49,45",0:26:2|0:219:2|0:772:2
ckpt_4100.pt,0,711,0.39158180356025696,0.08381838351488113,0.3851257562637329,"88,109,252,96,117","35,80,231,222,159",0:108:2|0:32:1|0:36:1
ckpt_4100.pt,0,712,0.4024203419685364,0.07599283754825592,0.40730372071266174,"242,78,204,236,180","184,210,241,185,140",0:989:2|0:17:1|0:28:1
ckpt_4100.pt,0,713,0.36721163988113403,0.08006144315004349,0.38652265071868896,"115,51,53,146,101","17,83,32,216,25",0:253:2|0:684:2|0:8:1
ckpt_4100.pt,0,714,0.4162643551826477,0.0717276930809021,0.4401005804538727,"97,167,37,220,211","141,152,109,228,234",0:7:2|0:476:2|0:633:2
ckpt_4100.pt,0,715,0.44609200954437256,0.08139573782682419,0.4274510145187378,"229,251,20,164,86","61,167,182,202,154",0:257:2|0:354:2|0:810:2
ckpt_4100.pt,0,716,0.4197012782096863,0.07010640949010849,0.40803807973861694,"22,224,61,128,80","218,232,37,205,139",0:3:1|0:7:1|0:23:1
ckpt_4100.pt,0,717,0.46747732162475586,0.09809118509292603,0.4068179428577423,"214,148,165,51,75","146,244,26,81,36",0:628:2|0:709:2|0:3:1
ckpt_4100.pt,0,718,0.4494689702987671,0.0823579728603363,0.4304356575012207,"58,30,252,9,53","18,114,51,53,179",0:27:2|0:360:2|0:500:2
ckpt_4100.pt,0,719,0.3413199484348297,0.06290489435195923,0.33034634590148926,"187,105,16,51,249","243,254,1,140,223",0:407:2|0:926:2|0:21:1
ckpt_4100.pt,0,720,0.4511234760284424,0.08136951923370361,0.4431406855583191,"171,128,147,98,59","146,236,17,79,231",0:183:2|0:526:2|0:560:2
ckpt_4100.pt,0,721,0.42200836539268494,0.09110674262046814,0.4325178861618042,"87,2,217,213,196","75,88,20,185,140",0:497:2|0:618:2|0:3:1
ckpt_4100.pt,0,722,0.4243108630180359,0.08578809350728989,0.42019885778427124,"32,210,112,237,254","244,172,232,60,77",0:134:2|0:316:2|0:372:2
ckpt_4100.pt,0,723,0.40648144483566284,0.0750904530286789,0.4183488190174103,"157,121,81,168,69","167,137,100,71,159",0:9:2|0:20:2|0:228:2
ckpt_4100.pt,0,724,0.44553226232528687,0.06608635187149048,0.4494228959083557,"47,163,58,17,210","68,135,145,37,187",0:90:2|0:229:2|0:0:1
ckpt_4100.pt,0,725,0.3836963474750519,0.0735689103603363,0.40832313895225525,"116,157,194,220,232","162,224,137,153,159",0:160:2|0:213:2|0:329:2
ckpt_4100.pt,0,726,0.42133089900016785,0.07878261804580688,0.38895896077156067,"76,199,237,205,59","130,209,70,34,221",0:759:3|0:346:2|0:443:2
ckpt_4100.pt,0,727,0.4566955864429474,0.09699437767267227,0.4144783020019531,"120,156,29,117,150","158,35,103,141,149",0:322:2|0:377:2|0:747:2
ckpt_4100.pt,0,728,0.46600812673568726,0.07455610483884811,0.4593406319618225,"81,118,226,180,92","210,235,81,160,23",0:444:2|0:16:1|0:17:1
ckpt_4100.pt,0,729,0.38851767778396606,0.06087713688611984,0.41217365860939026,"123,65,152,51,226","135,152,167,13,161",0:572:2|0:616:2|0:752:2
ckpt_4100.pt,0,730,0.41593465209007263,0.07872515171766281,0.3813297152519226,"171,112,109,253,98","174,162,215,227,33",0:671:2|0:720:2|0:1:1
ckpt_4100.pt,0,731,0.45909926295280457,0.07040351629257202,0.44083884358406067,"18,162,206,191,157","48,83,125,249,143",0:42:2|0:349:2|0:782:2
ckpt_4100.pt,0,732,0.42279812693595886,0.07333049923181534,0.38215115666389465,"212,194,255,81,105","92,194,41,43,142",0:21:2|0:510:2|0:617:2
ckpt_4100.pt,0,733,0.4776642620563507,0.08114412426948547,0.39608103036880493,"5,155,144,26,201","246,168,90,30,202",0:831:2|0:10:1|0:36:1
ckpt_4100.pt,0,734,0.3991469740867615,0.07967517524957657,0.399810254573822,"221,216,160,175,199","243,27,112,60,134",0:966:2|0:18:1|0:30:1
ckpt_4100.pt,0,735,0.415470153093338,0.07372171431779861,0.39802300930023193,"9,112,65,200,21","120,222,108,114,218",0:271:2|0:373:2|0:402:2
ckpt_4100.pt,0,736,0.4253202974796295,0.0876997783780098,0.39350321888923645,"41,32,57,255,42","255,164,173,52,66",0:16:2|0:278:2|0:282:2
ckpt_4100.pt,0,737,0.41934600472450256,0.07255879044532776,0.4133634567260742,"162,78,83,119,194","217,250,150,242,12",0:782:2|0:835:2|0:7:1
ckpt_4100.pt,0,738,0.42976081371307373,0.10155971348285675,0.41690653562545776,"151,129,252,121,221","55,183,41,33,68",0:335:2|0:5:1|0:14:1
ckpt_4100.pt,0,739,0.5008132457733154,0.0914100781083107,0.46894124150276184,"213,71,14,145,91","158,148,235,125,44",0:381:2|0:637:2|0:783:2
ckpt_4100.pt,0,740,0.41421380639076233,0.07204487174749374,0.39359939098358154,"157,146,30,169,131","162,57,87,115,71",0:321:2|0:904:2|0:1:1
ckpt_4100.pt,0,741,0.3658359944820404,0.07288552820682526,0.38419613242149353,"179,210,13,84,143","158,105,56,14,84",0:507:2|0:806:2|0:851:2
ckpt_4100.pt,0,742,0.4145244061946869,0.07670652866363525,0.44548556208610535,"71,96,217,244,165","151,77,160,204,125",0:3:2|0:106:2|0:149:2
ckpt_4100.pt,0,743,0.46137651801109314,0.08754157274961472,0.43397223949432373,"71,9,87,80,67","91,234,211,214,110",0:101:2|0:481:2|0:488:2
ckpt_4100.pt,0,744,0.32112812995910645,0.07355964928865433,0.3777991831302643,"79,227,124,41,88","39,126,5,7,239",0:201:2|0:453:2|0:684:2
ckpt_4100.pt,0,745,0.45436808466911316,0.08485634624958038,0.41180935502052307,"234,53,139,103,36","241,101,223,24,10",0:166:2|0:287:2|0:514:2
ckpt_4100.pt,0,746,0.4569101929664612,0.09444914758205414,0.4252689778804779,"238,76,180,229,160","61,121,152,171,16",0:83:2|0:138:2|0:435:2
ckpt_4100.pt,0,747,0.4333989918231964,0.089609295129776,0.40918484330177307,"248,29,128,119,120","61,124,145,2,223",0:7:2|0:377:2|0:727:2
ckpt_4100.pt,0,748,0.46817702054977417,0.07383401691913605,0.42241984605789185,"153,24,118,209,34","222,129,156,155,228",0:19:2|0:441:2|0:24:1
ckpt_4100.pt,0,749,0.42112258076667786,0.07695773988962173,0.38936397433280945,"138,134,164,192,82","115,238,46,150,162",0:257:2|0:18:1|0:54:1
ckpt_4100.pt,0,750,0.3833867311477661,0.06998681277036667,0.3869270384311676,"245,161,131,215,115","157,129,207,82,192",0:583:2|0:589:2|0:622:2
ckpt_4100.pt,0,751,0.4536930322647095,0.07753567397594452,0.4379269480705261,"177,101,30,91,226","108,251,46,218,197",0:81:2|0:379:2|0:562:2
ckpt_4100.pt,0,752,0.41176649928092957,0.09193234145641327,0.3919416666030884,"136,199,105,152,226","177,123,145,62,141",0:729:2|0:843:2|0:966:2
ckpt_4100.pt,0,753,0.4357646703720093,0.0788077563047409,0.42611533403396606,"22,19,26,59,69","228,104,103,13,40",0:429:2|0:676:2|0:9:1
ckpt_4100.pt,0,754,0.47388315200805664,0.10682094842195511,0.43466493487358093,"133,111,38,45,198","126,231,116,83,13",0:92:2|0:198:2|0:755:2
ckpt_4100.pt,0,755,0.3995143473148346,0.06915251910686493,0.40469470620155334,"210,79,111,48,133","3,33,38,28,147",0:92:2|0:105:2|0:198:2
ckpt_4100.pt,0,756,0.4428349435329437,0.09662934392690659,0.3916417956352234,"183,67,200,35,131","118,238,152,80,72",0:101:2|0:11:1|0:27:1
ckpt_4100.pt,0,757,0.4552554190158844,0.08098093420267105,0.4300450384616852,"246,60,15,168,142","95,163,117,177,9",0:159:2|0:336:2|0:838:2
ckpt_4100.pt,0,758,0.41206252574920654,0.07585149258375168,0.3907190263271332,"242,70,110,151,149","82,246,134,99,249",0:414:2|0:466:2|0:661:2
ckpt_4100.pt,0,759,0.40829452872276306,0.08077336847782135,0.41465631127357483,"104,199,230,76,205","245,157,62,127,252",0:726:3|0:69:2|0:239:2
ckpt_4100.pt,0,760,0.42870014905929565,0.07736950367689133,0.4167396128177643,"214,163,60,12,28","93,71,60,164,202",0:118:2|0:196:2|0:249:2
ckpt_4100.pt,0,761,0.46513718366622925,0.07830100506544113,0.4420415163040161,"218,154,224,204,181","101,61,196,22,208",0:207:2|0:341:2|0:437:2
ckpt_4100.pt,0,762,0.4418024718761444,0.07186482846736908,0.3979547321796417,"133,107,227,100,49","146,0,170,57,136",0:510:2|0:3:1|0:15:1
ckpt_4100.pt,0,763,0.43988439440727234,0.08426372706890106,0.4182760715484619,"239,46,173,97,243","176,159,100,238,183",0:44:2|0:476:2|0:624:2
ckpt_4100.pt,0,764,0.41627928614616394,0.07558924704790115,0.4092389643192291,"158,226,214,159,0","60,75,116,77,242",0:176:2|0:201:2|0:415:2
ckpt_4100.pt,0,765,0.442413330078125,0.08259830623865128,0.4529740810394287,"121,203,77,216,246","69,170,150,62,108",0:87:2|0:299:2|0:472:2
ckpt_4100.pt,0,766,0.40842607617378235,0.07058405876159668,0.4148346483707428,"177,144,172,3,193","67,19,56,49,134",0:40:2|0:335:2|0:680:2
ckpt_4100.pt,0,767,0.39241868257522583,0.07201386988162994,0.4180229604244232,"100,92,251,82,119","222,224,91,36,205",0:490:3|0:164:2|0:257:2
ckpt_4100.pt,0,768,0.42872533202171326,0.10078389197587967,0.39166340231895447,"241,243,7,67,153","26,166,250,30,228",0:71:2|0:312:2|0:327:2
ckpt_4100.pt,0,769,0.43775618076324463,0.06968993693590164,0.4227443039417267,"148,5,130,226,83","33,92,20,145,201",0:16:1|0:35:1|0:36:1
ckpt_4100.pt,0,770,0.44650620222091675,0.07462970167398453,0.43487003445625305,"102,128,86,2,12","221,26,235,34,101",0:1:2|0:392:2|0:916:2
ckpt_4100.pt,0,771,0.4046945571899414,0.0933087170124054,0.4183553457260132,"103,163,76,245,96","76,3,216,99,180",0:65:2|0:0:1|0:10:1
ckpt_4100.pt,0,772,0.414477676153183,0.07561246305704117,0.4142654538154602,"241,159,56,84,104","135,20,25,222,232",0:219:2|0:710:2|0:1023:2
ckpt_4100.pt,0,773,0.4482908844947815,0.0888352021574974,0.4378373622894287,"150,133,76,228,28","70,53,78,54,136",0:156:2|0:577:2|0:864:2
ckpt_4100.pt,0,774,0.4130300283432007,0.07022909820079803,0.41631919145584106,"194,105,217,48,220","114,194,253,229,56",0:617:3|0:725:2|0:732:2
ckpt_4100.pt,0,775,0.46980106830596924,0.08734675496816635,0.4236317574977875,"90,103,119,17,166","56,152,242,14,154",0:50:3|0:26:2|0:224:2
ckpt_4100.pt,0,776,0.44101694226264954,0.08194800466299057,0.4253492057323456,"176,25,146,15,140","122,116,119,15,198",0:813:3|0:136:2|0:140:2
ckpt_4100.pt,0,777,0.4040558636188507,0.09608828276395798,0.38361257314682007,"90,50,217,207,174","244,109,28,78,145",0:3:2|0:339:2|0:698:2
ckpt_4100.pt,0,778,0.43792352080345154,0.07404997199773788,0.41799840331077576,"53,25,5,98,182","206,25,105,145,185",0:133:2|0:495:2|0:522:2
ckpt_4100.pt,0,779,0.4241691827774048,0.07460243999958038,0.421669602394104,"152,1,72,73,131","123,2,12,126,35",0:67:2|0:442:2|0:967:2
ckpt_4100.pt,0,780,0.4118286073207855,0.06462612748146057,0.41162604093551636,"222,56,206,250,100","81,255,117,192,248",0:219:2|0:578:2|0:928:2
ckpt_4100.pt,0,781,0.4569222033023834,0.07566764205694199,0.43933460116386414,"93,150,146,2,113","175,38,190,124,40",0:116:2|0:238:2|0:657:2
ckpt_4100.pt,0,782,0.4320771396160126,0.08024382591247559,0.39567649364471436,"18,83,191,119,87","30,104,62,199,10",0:42:2|0:47:2|0:470:2
ckpt_4100.pt,0,783,0.3939703404903412,0.05901484563946724,0.36863911151885986,"145,252,71,84,237","112,89,183,240,103",0:381:3|0:313:2|0:739:2
ckpt_4100.pt,0,784,0.4602297246456146,0.09838849306106567,0.4192257225513458,"206,97,243,25,217","211,92,104,53,249",0:763:2|0:981:2|0:3:1
ckpt_4100.pt,0,785,0.45648378133773804,0.07977140694856644,0.4303041100502014,"221,80,223,143,169","26,48,63,54,152",0:291:2|0:332:2|0:380:2
ckpt_4100.pt,0,786,0.41188737750053406,0.06098050996661186,0.4022398889064789,"57,4,93,131,37","197,123,155,128,238",0:14:1|0:15:1|0:26:1
ckpt_4100.pt,0,787,0.4040786921977997,0.06305541098117828,0.4110921323299408,"33,46,35,210,105","164,57,114,13,108",0:476:2|0:666:2|0:851:2
ckpt_4100.pt,0,788,0.4222084879875183,0.07454407960176468,0.4378109872341156,"214,60,232,22,171","189,240,18,68,251",0:333:2|0:432:2|0:626:2
ckpt_4100.pt,0,789,0.4890000522136688,0.08417965471744537,0.4843556880950928,"230,150,93,121,29","41,23,49,73,230",0:698:2|0:727:2|0:781:2
ckpt_4100.pt,0,790,0.6367248296737671,0.10607881098985672,0.5042619705200195,"56,188,182,180,39","102,241,106,126,118",0:461:2|0:805:2|0:912:2
ckpt_4100.pt,0,791,0.4196337163448334,0.08899352699518204,0.3731807470321655,"214,20,52,27,232","124,160,235,41,55",0:2:2|0:293:2|0:333:2
ckpt_4100.pt,0,792,0.4485113024711609,0.1022886112332344,0.4272511303424835,"173,223,16,141,183","51,130,101,146,211",0:934:2|0:946:2|0:27:1
ckpt_4100.pt,0,793,0.33010226488113403,0.06518370658159256,0.4059036374092102,"162,10,27,197,156","130,253,200,86,182",0:2:1|0:16:1|0:42:1
ckpt_4100.pt,0,794,0.34621402621269226,0.05626564845442772,0.34728848934173584,"87,25,170,11,64","165,193,44,146,184",0:111:2|0:136:2|0:140:2
ckpt_4100.pt,0,795,0.4068719744682312,0.09306071698665619,0.3972395360469818,"47,237,217,254,43","236,42,0,16,183",0:77:2|0:372:2|0:565:2
ckpt_4100.pt,0,796,0.4663711488246918,0.10906866937875748,0.4144499599933624,"133,45,16,166,22","209,255,6,242,91",0:324:2|0:661:2|0:754:2
ckpt_4100.pt,0,797,0.4718029201030731,0.09658903628587723,0.42585834860801697,"116,88,135,9,196","154,204,205,21,241",0:834:2|0:0:1|0:6:1
ckpt_4100.pt,0,798,0.4367220103740692,0.10575950890779495,0.43436485528945923,"125,249,186,15,237","194,96,134,113,127",0:315:2|0:362:2|0:659:2
ckpt_4100.pt,0,799,0.4428290128707886,0.08376433700323105,0.4124830961227417,"192,132,128,84,72","147,213,51,23,208",0:173:2|0:376:2|0:526:2
ckpt_4100.pt,0,800,0.44358205795288086,0.07251030951738358,0.39988771080970764,"1,41,108,191,169","158,185,97,52,1",0:189:2|0:332:2|0:4:1
ckpt_4100.pt,0,801,0.47235506772994995,0.10883460938930511,0.422377347946167,"160,93,159,147,103","208,4,78,231,104",0:26:2|0:570:2|0:587:2
ckpt_4100.pt,0,802,0.3861711621284485,0.06466972082853317,0.38754117488861084,"99,24,36,192,3","225,156,3,58,206",0:184:2|0:421:2|0:1008:2
ckpt_4100.pt,0,803,0.43751510977745056,0.10350643843412399,0.3837721049785614,"111,207,151,196,82","72,162,46,47,17",0:861:2|0:956:2|0:3:1
ckpt_4100.pt,0,804,0.43371424078941345,0.07054877281188965,0.4380388557910919,"205,87,67,96,43","62,158,60,197,198",0:101:2|0:230:2|0:592:2
ckpt_4100.pt,0,805,0.3839810788631439,0.0716855451464653,0.3890288472175598,"122,13,56,41,180","21,125,107,37,18",0:452:2|0:790:2|0:7:1
ckpt_4100.pt,0,806,0.4038494825363159,0.08939369022846222,0.38389119505882263,"213,84,165,249,179","48,255,90,155,66",0:55:2|0:526:2|0:590:2
ckpt_4100.pt,0,807,0.43814796209335327,0.08371156454086304,0.42931893467903137,"156,90,109,237,119","98,110,227,58,252",0:139:2|0:327:2|0:400:2
ckpt_4100.pt,0,808,0.43803006410598755,0.1222887933254242,0.4014679491519928,"211,165,116,143,41","155,122,36,50,128",0:297:2|0:329:2|0:506:2
ckpt_4100.pt,0,809,0.41305214166641235,0.07444795966148376,0.3905748426914215,"175,21,200,205,83","217,119,20,191,235",0:325:2|0:735:2|0:18:1
ckpt_4100.pt,0,810,0.4765195846557617,0.0802716463804245,0.45613905787467957,"20,251,71,187,87","49,142,132,128,174",0:497:2|0:715:2|0:743:2
ckpt_4100.pt,0,811,0.41205817461013794,0.06634870171546936,0.3963729441165924,"146,64,234,119,161","97,28,151,115,37",0:480:2|0:633:2|0:7:1
ckpt_4100.pt,0,812,0.42896175384521484,0.06615670770406723,0.3958708941936493,"156,29,31,46,212","68,92,141,26,123",0:433:2|0:727:2|0:875:2
ckpt_4100.pt,0,813,0.448938250541687,0.07905343919992447,0.43782106041908264,"176,137,25,15,110","174,57,44,245,51",0:776:3|0:68:2|0:136:2
ckpt_4100.pt,0,814,0.4695214331150055,0.08178631961345673,0.441586434841156,"116,112,240,220,198","123,149,22,95,90",0:210:2|0:213:2|0:370:2
ckpt_4100.pt,0,815,0.4371235966682434,0.08591722697019577,0.45588409900665283,"27,35,3,253,208","205,146,69,88,3",0:114:2|0:208:2|0:421:2
ckpt_4100.pt,0,816,0.40375399589538574,0.07066132128238678,0.3812359571456909,"99,107,131,53,91","192,37,186,165,188",0:300:2|0:567:2|0:970:2
ckpt_4100.pt,0,817,0.395207017660141,0.06322631984949112,0.3794419467449188,"190,20,45,239,179","97,250,142,11,176",0:225:3|0:245:2|0:701:2
ckpt_4100.pt,0,818,0.4101894497871399,0.07309383153915405,0.4075450003147125,"170,247,230,220,16","21,84,230,171,78",0:195:2|0:214:2|0:7:1
ckpt_4100.pt,0,819,0.41113579273223877,0.0747789666056633,0.3713984489440918,"209,166,116,243,158","117,18,196,107,116",0:193:2|0:562:2|0:0:1
ckpt_4100.pt,0,820,0.4341457486152649,0.09871252626180649,0.3878491520881653,"164,50,121,141,56","244,240,195,199,155",0:370:2|0:469:2|0:689:2
ckpt_4100.pt,0,821,0.38420164585113525,0.0666409507393837,0.3822474181652069,"24,0,115,74,39","228,54,230,43,124",0:98:2|0:265:2|0:616:2
ckpt_4100.pt,0,822,0.4360123872756958,0.08011946827173233,0.3925113081932068,"236,251,4,47,219","152,150,176,128,236",0:14:2|0:77:2|0:95:2
ckpt_4100.pt,0,823,0.4766676723957062,0.09079470485448837,0.4372020363807678,"235,201,254,80,163","154,116,6,203,155",0:45:2|0:389:2|0:679:2
ckpt_4100.pt,0,824,0.39107251167297363,0.06620572507381439,0.3941323161125183,"107,174,94,104,184","156,240,5,6,18",0:190:2|0:268:2|0:516:2
ckpt_4100.pt,0,825,0.3987828493118286,0.0839056521654129,0.41364842653274536,"209,81,165,138,30","69,17,7,145,223",0:483:2|0:581:2|0:3:1
ckpt_4100.pt,0,826,0.4441373348236084,0.07974784076213837,0.4417881667613983,"37,25,138,156,9","222,174,242,168,129",0:333:2|0:343:2|0:608:2
ckpt_4100.pt,0,827,0.3415573835372925,0.06068568304181099,0.37179720401763916,"195,81,10,254,234","82,141,67,217,42",0:999:2|0:16:1|0:21:1
ckpt_4100.pt,0,828,0.35199257731437683,0.06333186477422714,0.33156323432922363,"234,141,23,109,0","12,166,246,89,49",0:9:1|0:34:1|0:37:1
ckpt_4100.pt,0,829,0.414249986410141,0.07570412009954453,0.4223867356777191,"164,93,205,246,20","102,61,56,53,147",0:569:2|0:715:2|0:15:1
ckpt_4100.pt,0,830,0.40416088700294495,0.07233656197786331,0.38726380467414856,"186,7,6,52,102","69,106,190,200,4",0:79:2|0:251:2|0:327:2
ckpt_4100.pt,0,831,0.3594564199447632,0.0722431167960167,0.35956838726997375,"43,95,5,26,100","146,117,183,103,64",0:142:2|0:374:2|0:733:2
ckpt_4100.pt,0,832,0.41483888030052185,0.07512854039669037,0.39676937460899353,"200,53,70,71,34","125,126,191,139,183",0:106:2|0:133:2|0:381:2
ckpt_4100.pt,0,833,0.3543355166912079,0.06492278724908829,0.3557278513908386,"41,45,250,197,230","122,192,163,66,18",0:204:2|0:212:2|0:600:2
ckpt_4100.pt,0,834,0.42504778504371643,0.09730655699968338,0.4178962707519531,"143,67,9,45,135","50,15,64,122,93",0:446:2|0:743:2|0:797:2
ckpt_4100.pt,0,835,0.39395633339881897,0.09237980842590332,0.3802267909049988,"83,24,51,201,119","198,38,160,179,34",0:80:2|0:737:2|0:782:2
ckpt_4100.pt,0,836,0.4440793991088867,0.09098009765148163,0.421722948551178,"242,148,206,209,137","81,82,210,63,190",0:58:2|0:380:2|0:479:2
ckpt_4100.pt,0,837,0.4574068784713745,0.0891866683959961,0.4290388226509094,"80,203,91,180,48","93,161,48,91,227",0:45:2|0:490:2|0:3:1
ckpt_4100.pt,0,838,0.394595742225647,0.06965935975313187,0.39464160799980164,"15,168,112,193,145","102,154,177,74,45",0:250:2|0:757:2|0:946:2
ckpt_4100.pt,0,839,0.3897809684276581,0.10040554404258728,0.4078545868396759,"89,178,69,65,217","29,161,36,121,196",0:3:1|0:9:1|0:20:1
ckpt_4100.pt,0,840,0.4466831684112549,0.08751703053712845,0.4053511619567871,"102,22,67,83,77","243,174,106,47,42",0:303:2|0:470:2|0:655:2
ckpt_4100.pt,0,841,0.44444841146469116,0.09158170968294144,0.4222486615180969,"7,202,225,46,246","57,58,173,84,90",0:538:2|0:688:2|0:1018:2
ckpt_4100.pt,0,842,0.4233377277851105,0.0830945074558258,0.40401071310043335,"109,18,83,116,214","44,33,109,224,9",0:47:2|0:306:2|0:470:2
ckpt_4100.pt,0,843,0.39109236001968384,0.07256699353456497,0.3989706337451935,"13,154,199,152,214","25,173,40,63,194",0:295:2|0:586:2|0:620:2
ckpt_4100.pt,0,844,0.4111836552619934,0.07836111634969711,0.39747536182403564,"162,53,202,71,102","35,96,83,197,22",0:106:2|0:157:2|0:278:2
ckpt_4100.pt,0,845,0.4323784410953522,0.08252634108066559,0.43360307812690735,"122,49,57,182,76","235,248,80,3,104",0:46:3|0:104:2|0:203:2
ckpt_4100.pt,0,846,0.46356746554374695,0.12089762836694717,0.45508667826652527,"226,25,56,37,76","210,197,144,73,185",0:102:2|0:643:2|0:826:2
ckpt_4100.pt,0,847,0.39083024859428406,0.08127419650554657,0.42025530338287354,"31,72,71,101,178","245,51,21,83,95",0:978:2|0:5:1|0:24:1
ckpt_4100.pt,0,848,0.4290246069431305,0.07739195972681046,0.4508850574493408,"111,98,75,26,52","4,145,79,167,160",0:175:2|0:451:2|0:628:2
ckpt_4100.pt,0,849,0.41709333658218384,0.07978813350200653,0.4142070710659027,"213,14,6,208,69","205,198,150,161,149",0:739:2|0:897:2|0:940:2
ckpt_4100.pt,0,850,0.46150171756744385,0.0843082070350647,0.46228286623954773,"227,136,119,98,138","141,122,46,102,116",0:965:2|0:1004:2|0:1016:2
ckpt_4100.pt,0,851,0.4077323079109192,0.08389153331518173,0.4088393747806549,"179,230,46,255,210","180,220,153,223,227",0:49:2|0:374:2|0:386:2
ckpt_4100.pt,0,852,0.4189467430114746,0.06605417281389236,0.4379592537879944,"227,33,223,56,60","68,112,83,75,176",0:277:2|0:597:2|0:933:2
ckpt_4100.pt,0,853,0.4131544232368469,0.08394354581832886,0.4062623083591461,"3,218,254,29,27","141,46,7,123,196",0:53:2|0:107:2|0:679:2
ckpt_4100.pt,0,854,0.430856853723526,0.10540369153022766,0.4076675772666931,"153,163,90,114,225","85,248,64,254,133",0:167:2|0:209:2|0:233:2
ckpt_4100.pt,0,855,0.4561862051486969,0.09720400720834732,0.41347381472587585,"185,100,43,102,189","146,244,16,162,193",0:77:2|0:831:2|0:11:1
ckpt_4100.pt,0,856,0.43434298038482666,0.07121876627206802,0.418307363986969,"169,244,113,49,171","89,194,222,35,87",0:317:2|0:321:2|0:3:1
ckpt_4100.pt,0,857,0.44224393367767334,0.10786403715610504,0.4368787705898285,"49,128,177,182,71","39,194,113,63,23",0:104:2|0:129:2|0:331:2
ckpt_4100.pt,0,858,0.44956061244010925,0.07915742695331573,0.4285852909088135,"240,243,210,128,0","142,16,197,32,42",0:585:2|0:7:1|0:34:1
ckpt_4100.pt,0,859,0.4241288900375366,0.07307940721511841,0.414755642414093,"134,78,125,113,255","182,113,210,216,124",0:326:2|0:520:2|0:600:2
ckpt_4100.pt,0,860,0.3914432227611542,0.07349876314401627,0.39979204535484314,"53,4,160,111,42","100,80,185,11,106",0:158:2|0:258:2|0:531:2
ckpt_4100.pt,0,861,0.419264554977417,0.0752093493938446,0.41511833667755127,"222,86,151,111,22","147,74,181,43,199",0:181:2|0:803:2|0:977:2
ckpt_4100.pt,0,862,0.43716901540756226,0.07802930474281311,0.4081524610519409,"129,48,77,167,148","38,227,58,90,42",0:223:2|0:486:2|0:1:1
ckpt_4100.pt,0,863,0.385037899017334,0.07807160913944244,0.4262455701828003,"53,116,73,92,232","150,214,97,31,110",0:353:2|0:567:2|0:725:2
ckpt_4100.pt,0,864,0.3987901210784912,0.07531715929508209,0.39792123436927795,"29,150,28,62,82","187,13,80,0,253",0:4:2|0:249:2|0:577:2
ckpt_4100.pt,0,865,0.4270375072956085,0.0829610526561737,0.39472368359565735,"150,113,108,29,15","200,64,52,42,239",0:664:2|0:727:2|0:781:2
ckpt_4100.pt,0,866,0.411334753036499,0.06849812716245651,0.4014475643634796,"57,122,118,8,157","46,89,109,222,165",0:279:2|0:678:2|0:845:2
ckpt_4100.pt,0,867,0.42577141523361206,0.07932639122009277,0.438055157661438,"254,99,90,155,251","236,40,56,5,55",0:553:2|0:598:2|0:6:1
ckpt_4100.pt,0,868,0.46132102608680725,0.08527541160583496,0.43426311016082764,"165,227,174,166,50","81,64,7,1,207",0:368:2|0:529:2|0:777:2
ckpt_4100.pt,0,869,0.3833909332752228,0.06756048649549484,0.37420037388801575,"73,124,245,119,63","42,45,133,172,34",0:1016:2|0:2:1|0:5:1
ckpt_4100.pt,0,870,0.3602733612060547,0.07245693355798721,0.3643556237220764,"33,121,104,35,239","19,167,25,81,26",0:787:2|0:5:1|0:18:1
ckpt_4100.pt,0,871,0.44672101736068726,0.0742848739027977,0.4397091567516327,"130,8,122,220,155","125,158,176,107,51",0:460:2|0:553:2|0:866:2
ckpt_4100.pt,0,872,0.4329519271850586,0.09269502013921738,0.4035796523094177,"219,125,227,243,63","30,139,82,60,221",0:85:2|0:2:1|0:5:1
ckpt_4100.pt,0,873,0.4252091944217682,0.07758907228708267,0.44370052218437195,"250,60,62,240,236","104,66,6,204,74",0:708:3|0:287:2|0:537:2
ckpt_4100.pt,0,874,0.42351818084716797,0.09004557132720947,0.4131525158882141,"70,2,83,10,104","101,31,190,217,199",0:270:2|0:294:2|0:308:2
ckpt_4100.pt,0,875,0.44388195872306824,0.10161484777927399,0.41355326771736145,"111,30,29,212,12","97,150,82,9,67",0:107:2|0:812:2|0:0:1
ckpt_4100.pt,0,876,0.438162237405777,0.06966061890125275,0.41845703125,"239,178,30,249,250","64,122,120,205,32",0:25:2|0:146:2|0:19:1
ckpt_4100.pt,0,877,0.4418460428714752,0.0736360102891922,0.429635226726532,"53,50,62,85,184","136,126,135,214,158",0:287:2|0:4:1|0:11:1
ckpt_4100.pt,0,878,0.3875359892845154,0.07578890025615692,0.4170728325843811,"97,174,21,117,122","218,16,123,210,56",0:639:2|0:9:1|0:18:1
ckpt_4100.pt,0,879,0.47269493341445923,0.10245950520038605,0.43559277057647705,"30,247,14,174,232","82,13,170,11,233",0:80:2|0:160:2|0:182:2
ckpt_4100.pt,0,880,0.4803498685359955,0.09413974732160568,0.44741368293762207,"20,120,169,111,182","230,244,216,250,213",0:245:2|0:56:1|0:66:1
ckpt_4100.pt,0,881,0.5466389060020447,0.0936335101723671,0.4774376451969147,"120,66,170,42,106","45,151,248,125,170",0:236:2|0:457:2|0:702:2
ckpt_4100.pt,0,882,0.44499415159225464,0.1084558367729187,0.4321223497390747,"133,253,6,190,194","229,4,189,193,109",0:199:3|0:160:2|0:510:2
ckpt_4100.pt,0,883,0.4953593313694,0.09398823976516724,0.45058295130729675,"205,1,183,103,75","168,20,54,92,95",0:163:2|0:296:2|0:601:2
ckpt_4100.pt,0,884,0.4087831974029541,0.07924741506576538,0.41966482996940613,"205,169,23,52,115","8,162,133,48,90",0:253:2|0:691:2|0:8:1
ckpt_4100.pt,0,885,0.3996564745903015,0.08187136054039001,0.40735945105552673,"212,40,149,31,237","185,20,44,110,230",0:812:2|0:978:2|0:1017:2
ckpt_4100.pt,0,886,0.43585479259490967,0.07058896124362946,0.4451879560947418,"143,70,132,112,255","38,121,132,170,154",0:353:2|0:627:2|0:8:1
ckpt_4100.pt,0,887,0.42188987135887146,0.07567992061376572,0.40203049778938293,"59,217,231,133,185","44,102,149,184,51",0:12:2|0:67:2|0:550:2
ckpt_4100.pt,0,888,0.4073343873023987,0.06987264007329941,0.3960544466972351,"177,223,101,143,245","114,163,222,72,162",0:81:2|0:239:2|0:468:2
ckpt_4100.pt,0,889,0.44138798117637634,0.06958939135074615,0.4138247072696686,"216,36,179,251,217","171,194,200,60,51",0:14:2|0:149:2|0:428:2
ckpt_4100.pt,0,890,0.3723640739917755,0.08189363777637482,0.37329739332199097,"217,86,90,6,230","125,95,85,135,150",0:327:2|0:698:2|0:777:2
ckpt_4100.pt,0,891,0.42908811569213867,0.0868152603507042,0.41593775153160095,"235,196,99,189,232","235,38,4,160,234",0:275:2|0:893:2|0:2:1
ckpt_4100.pt,0,892,0.41451093554496765,0.08978622406721115,0.42693057656288147,"58,212,48,82,55","100,118,38,169,181",0:908:2|0:15:1|0:18:1
ckpt_4100.pt,0,893,0.4251328706741333,0.0851537212729454,0.44155851006507874,"58,123,196,99,194","18,67,72,123,188",0:152:2|0:184:2|0:191:2
ckpt_4100.pt,0,894,0.424373596906662,0.08718819916248322,0.4394986033439636,"53,219,121,77,98","29,77,189,123,236",0:207:2|0:567:2|0:765:2
ckpt_4100.pt,0,895,0.4198910593986511,0.07634395360946655,0.4008210599422455,"226,145,30,228,149","106,74,131,1,119",0:324:2|0:751:2|0:16:1
ckpt_4100.pt,0,896,0.37699711322784424,0.07526735961437225,0.392249196767807,"134,226,101,251,140","195,7,82,52,198",0:62:2|0:751:2|0:14:1
ckpt_4100.pt,0,897,0.45459794998168945,0.07961783558130264,0.41107630729675293,"6,111,189,251,208","173,181,242,153,206",0:849:2|0:987:2|0:11:1
ckpt_4100.pt,0,898,0.3576752245426178,0.06977013498544693,0.3833578824996948,"231,235,15,175,241","11,171,163,18,228",0:211:2|0:275:2|0:508:2
ckpt_4100.pt,0,899,0.4464210569858551,0.09302486479282379,0.4587019085884094,"202,194,140,136,30","238,75,35,126,205",0:27:2|0:160:2|0:352:2
ckpt_4100.pt,0,900,0.39935269951820374,0.06766031682491302,0.3666946291923523,"29,27,33,6,158","251,233,137,160,156",0:53:2|0:107:2|0:173:2
ckpt_4100.pt,0,901,0.440218985080719,0.1012142077088356,0.40425291657447815,"223,171,239,100,204","232,139,95,123,57",0:277:2|0:391:2|0:19:1
ckpt_4100.pt,0,902,0.4230893850326538,0.07758977264165878,0.36796772480010986,"162,0,16,33,154","53,216,253,211,54",0:0:1|0:18:1|0:20:1
ckpt_4100.pt,0,903,0.4260872006416321,0.07088311016559601,0.3943737745285034,"187,157,151,235,122","83,213,198,139,42",0:90:2|0:170:2|0:678:2
ckpt_4100.pt,0,904,0.39211612939834595,0.07044630497694016,0.3749435544013977,"157,50,80,30,8","95,166,124,3,29",0:354:2|0:740:2|0:866:2
ckpt_4100.pt,0,905,0.472847044467926,0.10578840970993042,0.42751312255859375,"250,208,79,196,242","199,34,43,159,224",0:154:2|0:674:2|0:27:1
ckpt_4100.pt,0,906,0.43478724360466003,0.09293951839208603,0.40071767568588257,"173,67,31,58,126","50,101,213,76,122",0:11:1|0:28:1|0:34:1
ckpt_4100.pt,0,907,0.368426114320755,0.07772620022296906,0.37612295150756836,"165,201,219,232,170","251,225,146,29,241",0:45:2|0:337:2|0:364:2
ckpt_4100.pt,0,908,0.44512084126472473,0.08322262763977051,0.4252769947052002,"48,174,215,236,58","114,174,115,70,248",0:112:2|0:182:2|0:892:2
ckpt_4100.pt,0,909,0.43029534816741943,0.10051565617322922,0.42505326867103577,"147,71,159,143,135","80,195,60,48,90",0:401:2|0:419:2|0:570:2
ckpt_4100.pt,0,910,0.4304371178150177,0.09491103887557983,0.4166962802410126,"26,242,13,38,237","64,77,163,213,46",0:443:2|0:10:1|0:19:1
ckpt_4100.pt,0,911,0.3927357792854309,0.07151416689157486,0.40548568964004517,"196,11,133,178,14","118,9,40,202,166",0:102:2|0:178:2|0:259:2
ckpt_4100.pt,0,912,0.39206579327583313,0.08047465234994888,0.40305453538894653,"182,14,179,39,122","219,110,127,134,61",0:225:2|0:461:2|0:492:2
ckpt_4100.pt,0,913,0.37090814113616943,0.06676696240901947,0.37656170129776,"119,81,231,158,55","230,184,140,51,111",0:261:2|0:599:2|0:982:2
ckpt_4100.pt,0,914,0.389768123626709,0.06964807957410812,0.3656894564628601,"134,149,16,136,46","171,90,213,238,198",0:324:2|0:44:1|0:54:1
ckpt_4100.pt,0,915,0.4577917158603668,0.10155356675386429,0.4043571949005127,"225,67,44,171,27","73,35,142,47,244",0:2:2|0:208:2|0:637:2
ckpt_4100.pt,0,916,0.4387391209602356,0.08924800902605057,0.42416298389434814,"143,254,2,39,86","158,38,155,218,137",0:270:2|0:614:2|0:770:2
ckpt_4100.pt,0,917,0.4391781687736511,0.08516087383031845,0.4114074409008026,"237,71,113,209,159","166,137,193,69,2",0:19:2|0:372:2|0:381:2
ckpt_4100.pt,0,918,0.4388788938522339,0.08604279905557632,0.43746957182884216,"150,70,226,9,29","115,197,47,211,170",0:8:2|0:446:2|0:577:2
ckpt_4100.pt,0,919,0.4631406366825104,0.12275830656290054,0.42148908972740173,"69,139,46,4,36","243,50,127,119,245",0:14:2|0:121:2|0:745:2
ckpt_4100.pt,0,920,0.3606056272983551,0.07105495035648346,0.39025115966796875,"218,10,211,69,194","82,14,162,120,10",0:670:2|0:676:2|0:999:2
ckpt_4100.pt,0,921,0.4220789670944214,0.08265013992786407,0.4122101068496704,"59,144,101,202,103","48,93,95,7,1",0:619:2|0:961:2|0:12:1
ckpt_4100.pt,0,922,0.45625534653663635,0.08303170651197433,0.4288480281829834,"0,102,160,75,35","215,143,27,102,13",0:235:2|0:258:2|0:933:2
ckpt_4100.pt,0,923,0.37437573075294495,0.07236098498106003,0.4070490598678589,"106,147,142,204,125","203,55,19,125,136",0:183:2|0:504:2|0:17:1
ckpt_4100.pt,0,924,0.4398230314254761,0.07902688533067703,0.4007778465747833,"63,167,121,23,9","234,65,44,2,28",0:5:2|0:66:2|0:373:2
ckpt_4100.pt,0,925,0.38025128841400146,0.07480933517217636,0.4210006594657898,"36,222,118,116,171","249,254,74,2,216",0:166:2|0:181:2|0:404:2
ckpt_4100.pt,0,926,0.45098254084587097,0.09236826747655869,0.4227895438671112,"58,105,183,51,71","128,113,176,21,76",0:331:2|0:601:2|0:719:2
ckpt_4100.pt,0,927,0.34655699133872986,0.06644320487976074,0.3583989441394806,"191,141,253,22,221","201,99,179,215,122",0:1:1|0:10:1|0:16:1
ckpt_4100.pt,0,928,0.38060176372528076,0.07424697279930115,0.3904789984226227,"250,49,104,206,90","246,248,202,20,45",0:73:2|0:413:2|0:780:2
ckpt_4100.pt,0,929,0.3805430233478546,0.06529631465673447,0.3938847780227661,"136,209,117,53,183","194,86,181,171,128",0:515:2|0:27:1|0:58:1
ckpt_4100.pt,0,930,0.4507500231266022,0.08203110098838806,0.4091147184371948,"134,31,155,185,129","217,251,28,231,64",0:356:2|0:12:1|0:14:1
ckpt_4100.pt,0,931,0.39294153451919556,0.07106244564056396,0.38708624243736267,"47,175,36,255,162","136,98,143,70,101",0:108:2|0:211:2|0:323:2
ckpt_4100.pt,0,932,0.47743692994117737,0.10570049285888672,0.433575302362442,"17,21,105,37,160","197,249,107,207,199",0:343:2|0:456:2|0:610:2
ckpt_4100.pt,0,933,0.450297087430954,0.07141344249248505,0.39722198247909546,"60,160,35,223,40","140,198,124,131,108",0:540:2|0:597:2|0:606:2
ckpt_4100.pt,0,934,0.3949379026889801,0.08616932481527328,0.3937186598777771,"50,183,173,71,213","231,135,137,90,87",0:331:2|0:637:2|0:739:2
ckpt_4100.pt,0,935,0.42111122608184814,0.08337578922510147,0.440387099981308,"152,145,17,220,61","2,76,135,197,36",0:385:2|0:665:2|0:7:1
ckpt_4100.pt,0,936,0.3763311803340912,0.08175850659608841,0.37293580174446106,"15,251,29,20,142","41,78,85,97,243",0:303:2|0:344:2|0:715:2
ckpt_4100.pt,0,937,0.48541492223739624,0.09233558923006058,0.41375666856765747,"102,69,243,141,87","7,24,221,171,220",0:9:1|0:12:1|0:17:1
ckpt_4100.pt,0,938,0.4740973711013794,0.08312655240297318,0.44086235761642456,"145,37,246,247,50","50,121,220,44,152",0:668:2|0:962:2|0:41:1
ckpt_4100.pt,0,939,0.41045668721199036,0.08307651430368423,0.3991594612598419,"241,112,176,35,146","188,205,65,59,113",0:321:2|0:521:2|0:657:2
ckpt_4100.pt,0,940,0.4447721838951111,0.07590891420841217,0.4503146708011627,"11,158,46,208,14","166,136,203,41,167",0:91:2|0:178:2|0:624:2
ckpt_4100.pt,0,941,0.44476935267448425,0.08864891529083252,0.4061369299888611,"13,249,189,95,140","89,201,119,253,202",0:11:1|0:18:1|0:29:1
ckpt_4100.pt,0,942,0.4263538122177124,0.08313585072755814,0.4260179102420807,"237,71,155,238,152","127,98,234,178,37",0:381:2|0:783:2|0:917:2
ckpt_4100.pt,0,943,0.40917760133743286,0.07083926349878311,0.39447423815727234,"220,204,39,64,115","252,77,208,88,45",0:60:2|0:491:2|0:696:2
ckpt_4100.pt,0,944,0.3854288160800934,0.06907939165830612,0.39848434925079346,"214,141,96,41,21","172,124,250,133,41",0:115:2|0:432:2|0:705:2
ckpt_4100.pt,0,945,0.34936845302581787,0.07178928703069687,0.33939123153686523,"87,234,235,240,179","187,14,117,22,212",0:174:2|0:287:2|0:658:2
ckpt_4100.pt,0,946,0.37610888481140137,0.060991451144218445,0.41256779432296753,"145,141,173,193,108","55,197,2,199,223",0:675:2|0:792:2|0:838:2
ckpt_4100.pt,0,947,0.4144626557826996,0.10073509067296982,0.40631815791130066,"48,56,6,152,205","240,127,14,121,40",0:35:2|0:145:2|0:180:2
ckpt_4100.pt,0,948,0.3915550112724304,0.060600195080041885,0.40365320444107056,"37,165,49,38,63","131,100,179,255,164",0:3:2|0:41:2|0:104:2
ckpt_4100.pt,0,949,0.4044463038444519,0.07038136571645737,0.3959290087223053,"215,76,24,59,186","137,197,110,43,80",0:315:2|0:395:2|0:726:2
ckpt_4100.pt,0,950,0.4180561602115631,0.07432244718074799,0.4146448075771332,"16,181,229,150,244","170,80,40,22,26",0:86:2|0:120:2|0:8:1
ckpt_4100.pt,0,951,0.44454237818717957,0.08008386939764023,0.441804438829422,"223,128,51,135,14","13,6,52,226,102",0:491:2|0:7:1|0:31:1
ckpt_4100.pt,0,952,0.4073447287082672,0.06826493889093399,0.4175650477409363,"73,71,197,9,25","129,227,2,194,124",0:743:2|0:826:2|0:5:1
ckpt_4100.pt,0,953,0.4217970669269562,0.09935425221920013,0.40271905064582825,"49,5,137,142,34","16,219,27,115,193",0:1001:2|0:3:1|0:19:1
ckpt_4100.pt,0,954,0.39101341366767883,0.07954331487417221,0.3805356025695801,"63,116,231,61,40","13,15,175,148,233",0:2:2|0:385:2|0:1006:2
ckpt_4100.pt,0,955,0.44514596462249756,0.08814391493797302,0.40703749656677246,"4,140,162,151,71","16,39,215,9,251",0:238:2|0:307:2|0:844:2
ckpt_4100.pt,0,956,0.45403656363487244,0.08769388496875763,0.4316726326942444,"179,207,54,151,66","46,109,229,212,1",0:437:2|0:803:2|0:3:1
ckpt_4100.pt,0,957,0.44393375515937805,0.07404986768960953,0.4165686070919037,"37,2,160,45,172","32,123,178,6,223",0:343:2|0:345:2|0:367:2
ckpt_4100.pt,0,958,0.45998144149780273,0.07824964821338654,0.4380989372730255,"108,211,51,192,12","16,223,251,118,52",0:1:1|0:5:1|0:7:1
ckpt_4100.pt,0,959,0.4578903913497925,0.08942317962646484,0.40883731842041016,"44,25,47,49,115","13,59,149,93,234",0:378:2|0:434:2|0:2:1
ckpt_4100.pt,0,960,0.4493573307991028,0.0840250626206398,0.4338752031326294,"169,246,58,42,189","46,228,55,92,223",0:11:2|0:363:2|0:16:1
ckpt_4100.pt,0,961,0.4439133405685425,0.08609507232904434,0.39752936363220215,"59,17,123,28,101","242,231,16,207,124",0:261:2|0:379:2|0:517:2
ckpt_4100.pt,0,962,0.41592147946357727,0.08238653838634491,0.4336183965206146,"213,247,19,50,74","250,215,223,152,173",0:289:2|0:934:2|0:938:2
ckpt_4100.pt,0,963,0.4260290265083313,0.06706269830465317,0.41666796803474426,"165,37,192,60,52","137,40,76,199,95",0:41:2|0:643:2|0:948:2
ckpt_4100.pt,0,964,0.3667859733104706,0.06353305280208588,0.38652172684669495,"174,251,95,209,237","109,142,60,63,129",0:31:2|0:372:2|0:529:2
ckpt_4100.pt,0,965,0.43660619854927063,0.08128227293491364,0.42858588695526123,"247,119,136,216,147","194,144,183,3,69",0:87:2|0:570:2|0:850:2
ckpt_4100.pt,0,966,0.4467519223690033,0.07354705035686493,0.4260953962802887,"199,102,105,230,175","113,225,131,32,39",0:241:2|0:392:2|0:652:2
ckpt_4100.pt,0,967,0.42341750860214233,0.07175355404615402,0.4135380685329437,"152,1,103,27,247","205,85,59,30,108",0:82:2|0:180:2|0:524:2
ckpt_4100.pt,0,968,0.4645899534225464,0.09147755801677704,0.3926304876804352,"199,20,136,201,130","88,155,239,50,214",0:532:2|0:752:2|0:35:1
ckpt_4100.pt,0,969,0.4568184018135071,0.08662446588277817,0.42685994505882263,"44,153,222,113,89","80,164,248,179,234",0:234:2|0:348:2|0:424:2
ckpt_4100.pt,0,970,0.411864697933197,0.07022149115800858,0.4167763888835907,"141,72,107,131,156","151,194,56,62,20",0:300:2|0:376:2|0:779:2
ckpt_4100.pt,0,971,0.45808032155036926,0.0862644761800766,0.4183928668498993,"168,62,113,151,144","224,44,30,68,12",0:227:2|0:287:2|0:980:2
ckpt_4100.pt,0,972,0.40111809968948364,0.07288036495447159,0.41976433992385864,"226,162,53,93,204","245,224,17,90,123",0:157:2|0:248:2|0:844:2
ckpt_4100.pt,0,973,0.4121348261833191,0.06634864956140518,0.4049364924430847,"116,249,49,153,119","120,80,113,74,13",0:129:2|0:568:2|0:0:1
ckpt_4100.pt,0,974,0.38042402267456055,0.06326323747634888,0.3812420666217804,"236,35,47,152,206","192,151,132,254,240",0:822:2|0:23:1|0:25:1
ckpt_4100.pt,0,975,0.40295031666755676,0.08262763917446136,0.3966934084892273,"137,228,59,240,37","215,13,59,144,122",0:55:2|0:12:1|0:15:1
ckpt_4100.pt,0,976,0.443919837474823,0.0858568623661995,0.431350976228714,"30,195,179,92,196","89,91,90,71,129",0:444:2|0:613:2|0:27:1
ckpt_4100.pt,0,977,0.40413516759872437,0.06347935646772385,0.39240381121635437,"151,22,220,205,8","19,111,68,35,189",0:176:2|0:437:2|0:861:2
ckpt_4100.pt,0,978,0.4478394687175751,0.0765460878610611,0.4209940731525421,"16,31,237,71,123","173,211,16,98,158",0:195:2|0:362:2|0:381:2
ckpt_4100.pt,0,979,0.42457273602485657,0.08237498998641968,0.4327586889266968,"28,84,176,136,206","39,240,64,29,193",0:325:2|0:993:2|0:4:1
ckpt_4100.pt,0,980,0.3556574881076813,0.06090984120965004,0.3664146065711975,"182,62,144,239,187","53,82,222,174,20",0:287:2|0:971:2|0:4:1
ckpt_4100.pt,0,981,0.3763681650161743,0.06410156935453415,0.3747897148132324,"25,97,120,246,83","252,189,83,119,76",0:294:2|0:320:2|0:784:2
ckpt_4100.pt,0,982,0.4326624572277069,0.07142876833677292,0.38620704412460327,"190,231,130,55,32","143,18,106,13,202",0:225:2|0:285:2|0:543:2
ckpt_4100.pt,0,983,0.4393388628959656,0.07670900970697403,0.41050928831100464,"167,74,71,156,241","237,46,211,91,55",0:49:2|0:307:2|0:1:1
ckpt_4100.pt,0,984,0.4776846766471863,0.1045956164598465,0.41380950808525085,"98,91,231,20,159","181,191,183,120,3",0:451:2|0:522:2|0:680:2
ckpt_4100.pt,0,985,0.412762850522995,0.09572384506464005,0.39599016308784485,"248,231,252,156,69","245,71,170,28,66",0:48:2|0:343:2|0:422:2
ckpt_4100.pt,0,986,0.3881971538066864,0.07298506796360016,0.3742321729660034,"245,126,215,150,42","124,197,220,104,159",0:179:2|0:703:2|0:750:2
ckpt_4100.pt,0,987,0.44741833209991455,0.10662762075662613,0.4355800747871399,"236,67,251,111,15","201,67,48,93,239",0:822:2|0:897:2|0:936:2
ckpt_4100.pt,0,988,0.43139293789863586,0.08841794729232788,0.4187278151512146,"97,128,13,68,226","71,47,27,123,43",0:125:2|0:286:2|0:476:2
ckpt_4100.pt,0,989,0.46770697832107544,0.08871710300445557,0.4143262803554535,"48,236,217,204,230","52,239,248,55,28",0:32:2|0:334:2|0:552:2
ckpt_4100.pt,0,990,0.41578808426856995,0.07954160124063492,0.40246254205703735,"169,250,148,36,202","124,195,75,81,36",0:161:2|0:418:2|0:629:2
ckpt_4100.pt,0,991,0.3981142044067383,0.07175049185752869,0.397795170545578,"253,29,101,244,57","226,1,82,118,163",0:28:2|0:62:2|0:81:2
ckpt_4100.pt,0,992,0.42783692479133606,0.08407893776893616,0.4187450110912323,"42,47,144,16,176","6,55,247,41,73",0:11:1|0:16:1|0:23:1
ckpt_4100.pt,0,993,0.4025569558143616,0.08827874064445496,0.3963859975337982,"126,146,136,28,77","77,62,116,209,217",0:119:2|0:272:2|0:582:2
ckpt_4100.pt,0,994,0.37679818272590637,0.06106369569897652,0.3841051459312439,"38,4,157,6,23","102,100,171,9,213",0:259:2|0:1:1|0:9:1
ckpt_4100.pt,0,995,0.4244288504123688,0.07283826172351837,0.42041531205177307,"62,208,159,217,38","46,48,22,136,150",0:4:2|0:3:1|0:11:1
ckpt_4100.pt,0,996,0.4321277439594269,0.09029696881771088,0.4434467554092407,"215,190,25,251,17","246,54,190,129,21",0:247:2|0:497:2|0:517:2
ckpt_4100.pt,0,997,0.4038175046443939,0.07220139354467392,0.4096679389476776,"222,124,11,158,210","25,229,7,149,180",0:91:2|0:155:2|0:181:2
ckpt_4100.pt,0,998,0.4112418591976166,0.06537489593029022,0.40353551506996155,"27,9,153,72,115","197,82,235,30,10",0:524:2|0:2:1|0:8:1
ckpt_4100.pt,0,999,0.3459929823875427,0.09551163762807846,0.3942066729068756,"10,218,41,39,254","0,185,23,193,1",0:224:2|0:270:2|0:827:2
ckpt_4100.pt,0,1000,0.418380469083786,0.08322258293628693,0.41698551177978516,"255,56,167,246,227","93,214,174,182,121",0:49:2|0:124:2|0:852:2
ckpt_4100.pt,0,1001,0.373007208108902,0.0668870210647583,0.3902376592159271,"158,1,49,34,216","127,201,4,124,221",0:286:2|0:666:2|0:953:2
ckpt_4100.pt,0,1002,0.3804122507572174,0.0750347375869751,0.38473111391067505,"179,161,245,193,22","139,219,206,155,193",0:750:2|0:10:1|0:33:1
ckpt_4100.pt,0,1003,0.43171942234039307,0.08482608944177628,0.4441971480846405,"41,212,216,159,39","65,59,49,247,81",0:570:2|0:651:2|0:999:2
ckpt_4100.pt,0,1004,0.4219396114349365,0.08619476854801178,0.4232008755207062,"239,161,90,138,98","181,218,41,209,13",0:850:2|0:6:1|0:19:1
ckpt_4100.pt,0,1005,0.43963423371315,0.08212452381849289,0.42767834663391113,"74,67,186,30,234","215,103,116,24,40",0:662:2|0:5:1|0:11:1
ckpt_4100.pt,0,1006,0.4394342601299286,0.08268843591213226,0.3832378089427948,"231,197,43,21,40","223,84,211,77,83",0:456:3|0:83:2|0:147:2
ckpt_4100.pt,0,1007,0.4158470630645752,0.07579581439495087,0.4091280996799469,"226,165,70,194,191","197,12,173,215,206",0:16:2|0:160:2|0:473:2
ckpt_4100.pt,0,1008,0.39002105593681335,0.08157020807266235,0.38959434628486633,"3,105,151,175,36","12,177,11,115,175",0:508:2|0:802:2|0:931:2
ckpt_4100.pt,0,1009,0.4074779748916626,0.07170169800519943,0.386129230260849,"53,111,60,36,48","11,166,172,217,67",0:531:2|0:745:2|0:755:2
ckpt_4100.pt,0,1010,0.4017520248889923,0.0747242271900177,0.40448346734046936,"83,212,32,2,17","236,66,133,26,27",0:411:2|0:497:2|0:701:2
ckpt_4100.pt,0,1011,0.3950079083442688,0.0707952156662941,0.3858919143676758,"245,38,35,101,50","48,159,15,241,79",0:306:2|0:888:2|0:10:1
ckpt_4100.pt,0,1012,0.38480204343795776,0.06194137781858444,0.4039517343044281,"102,204,107,76,94","116,154,90,136,73",0:39:2|0:83:2|0:824:2
ckpt_4100.pt,0,1013,0.4176068603992462,0.0712064802646637,0.41449394822120667,"226,4,211,216,59","103,7,161,81,129",0:395:2|0:549:2|0:556:2
ckpt_4100.pt,0,1014,0.44647806882858276,0.09472397714853287,0.44078803062438965,"112,156,43,227,93","7,58,171,232,246",0:57:2|0:316:2|0:15:1
ckpt_4100.pt,0,1015,0.4156292974948883,0.07816430181264877,0.400928258895874,"143,240,202,163,85","78,170,40,218,138",0:99:2|0:546:2|0:639:2
ckpt_4100.pt,0,1016,0.4506324231624603,0.07825057208538055,0.4227621257305145,"124,215,119,136,212","236,59,62,45,237",0:411:2|0:850:2|0:869:2
ckpt_4100.pt,0,1017,0.4125555753707886,0.07509573549032211,0.3766448497772217,"212,31,187,7,85","169,52,6,61,68",0:812:2|0:885:2|0:51:1
ckpt_4100.pt,0,1018,0.42408719658851624,0.07476171106100082,0.4140876531600952,"225,219,7,142,135","177,38,58,83,9",0:841:2|0:31:1|0:69:1
ckpt_4100.pt,0,1019,0.4140744209289551,0.08583573997020721,0.42696937918663025,"169,137,178,102,19","0,92,138,114,220",0:406:2|0:498:2|0:17:1
ckpt_4100.pt,0,1020,0.3959508538246155,0.06776916980743408,0.37937313318252563,"143,212,80,14,230","193,141,30,103,242",0:334:2|0:374:2|0:380:2
ckpt_4100.pt,0,1021,0.420151025056839,0.06712159514427185,0.38885751366615295,"37,182,9,163,45","22,51,173,181,81",0:225:2|0:608:2|0:826:2
ckpt_4100.pt,0,1022,0.42867058515548706,0.0881291851401329,0.4104112684726715,"210,75,238,150,217","193,33,13,238,239",0:438:2|0:500:2|0:3:1
ckpt_4100.pt,0,1023,0.44985219836235046,0.08276112377643585,0.4513062536716461,"241,135,31,104,103","240,170,222,81,72",0:26:2|0:69:2|0:611:2
ckpt_4100.pt,1,0,0.48239579796791077,0.10784216970205307,0.4182843863964081,"167,27,31,87,96","163,40,241,32,110",1:791:2|1:912:2|1:1007:2
ckpt_4100.pt,1,1,0.4878006875514984,0.08819568902254105,0.4297525882720947,"197,189,145,137,114","178,100,122,247,22",1:13:2|1:148:2|1:435:2
ckpt_4100.pt,1,2,0.4626409411430359,0.09700088948011398,0.38777872920036316,"39,17,241,206,174","156,125,57,169,95",1:251:2|1:346:2|1:401:2
ckpt_4100.pt,1,3,0.5088945627212524,0.0842679962515831,0.4214235842227936,"201,144,178,146,168","131,45,60,161,90",1:974:2|1:14:1|1:36:1
ckpt_4100.pt,1,4,0.4933215379714966,0.09198921918869019,0.36272698640823364,"48,250,39,118,52","151,52,185,32,243",1:217:2|1:445:2|1:611:2
ckpt_4100.pt,1,5,0.417508989572525,0.06626676768064499,0.3696093261241913,"91,52,19,128,58","13,81,240,201,243",1:234:2|1:569:2|1:587:2
ckpt_4100.pt,1,6,0.4368896186351776,0.07846476137638092,0.39756515622138977,"134,234,71,39,237","97,233,254,207,164",1:140:2|1:928:2|1:2:1
ckpt_4100.pt,1,7,0.5062001943588257,0.11111687123775482,0.4163786470890045,"77,34,75,126,197","186,205,66,27,152",1:22:2|1:1:1|1:11:1
ckpt_4100.pt,1,8,0.5014722347259521,0.104657843708992,0.41012662649154663,"128,85,99,196,250","142,191,46,140,105",1:451:2|1:920:2|1:4:1
ckpt_4100.pt,1,9,0.4832199811935425,0.09010972082614899,0.42615944147109985,"220,13,160,26,7","144,11,249,212,180",1:59:2|1:364:2|1:478:2
ckpt_4100.pt,1,10,0.4675103724002838,0.10167372971773148,0.43125495314598083,"249,4,110,164,123","107,56,223,141,30",1:417:2|1:501:2|1:27:1
ckpt_4100.pt,1,11,0.4935837984085083,0.08527687191963196,0.38763371109962463,"19,136,60,238,77","208,177,111,251,189",1:322:2|1:330:2|1:5:1
ckpt_4100.pt,1,12,0.5508487224578857,0.11580942571163177,0.4749390184879303,"90,165,25,255,161","122,118,19,53,253",1:55:2|1:582:2|1:835:2
ckpt_4100.pt,1,13,0.4840228259563446,0.08777731657028198,0.4078079164028168,"217,103,197,189,208","26,167,216,160,38",1:1:2|1:22:2|1:721:2
ckpt_4100.pt,1,14,0.4344698488712311,0.08617005497217178,0.3937775194644928,"144,42,183,234,106","6,143,188,154,196",1:513:2|1:603:2|1:925:2
ckpt_4100.pt,1,15,0.5075801014900208,0.09054271876811981,0.4317935109138489,"189,29,88,36,104","8,39,251,24,31",1:365:2|1:894:2|1:1021:2
ckpt_4100.pt,1,16,0.4460049569606781,0.08811204135417938,0.3846016824245453,"77,137,160,217,88","139,91,22,189,52",1:322:2|1:483:2|1:1:1
ckpt_4100.pt,1,17,0.45244264602661133,0.09017771482467651,0.4084949195384979,"131,46,217,70,63","130,63,228,239,179",1:143:2|1:289:2|1:312:2
ckpt_4100.pt,1,18,0.45801302790641785,0.08072048425674438,0.3662105202674866,"248,75,3,46,179","23,123,89,94,210",1:181:2|1:404:2|1:519:2
ckpt_4100.pt,1,19,0.4435822367668152,0.07807940989732742,0.4019508957862854,"235,105,226,245,26","100,101,238,70,123",1:32:2|1:151:2|1:319:2
ckpt_4100.pt,1,20,0.44023191928863525,0.0733722522854805,0.36668118834495544,"95,118,239,87,60","146,213,137,32,52",1:227:2|1:229:2|1:534:2
ckpt_4100.pt,1,21,0.45567357540130615,0.07280584424734116,0.39869460463523865,"38,212,113,142,240","107,23,153,70,67",1:125:2|1:585:2|1:28:1
ckpt_4100.pt,1,22,0.46530041098594666,0.09431883692741394,0.4126957952976227,"103,197,75,228,41","108,154,210,20,48",1:7:2|1:13:2|1:397:2
ckpt_4100.pt,1,23,0.4963524639606476,0.09262964874505997,0.41524171829223633,"64,137,46,254,19","71,145,179,112,93",1:143:2|1:861:2|1:944:2
ckpt_4100.pt,1,24,0.48856523633003235,0.11055964231491089,0.4044872522354126,"149,51,236,71,127","4,222,13,225,130",1:39:2|1:332:2|1:540:2
ckpt_4100.pt,1,25,0.40859732031822205,0.07798486202955246,0.39646977186203003,"43,163,109,45,250","211,166,178,22,152",1:133:2|1:307:2|1:396:2
ckpt_4100.pt,1,26,0.48028308153152466,0.08304529637098312,0.41420742869377136,"23,191,237,218,176","11,159,15,59,189",1:338:2|1:6:1|1:36:1
ckpt_4100.pt,1,27,0.4637250304222107,0.08044914156198502,0.3763596713542938,"137,4,188,172,187","4,122,88,185,102",1:417:2|1:837:2|1:1:1
ckpt_4100.pt,1,28,0.47012603282928467,0.07407618314027786,0.4188905358314514,"57,197,96,98,240","55,205,239,96,82",1:457:2|1:541:2|1:0:1
ckpt_4100.pt,1,29,0.4928210973739624,0.10579542070627213,0.41045618057250977,"142,34,110,151,116","156,251,231,180,82",1:369:2|1:614:2|1:706:2
ckpt_4100.pt,1,30,0.4274841248989105,0.08755528181791306,0.3841201364994049,"61,66,174,229,108","156,254,164,225,32",1:735:2|1:740:2|1:756:2
ckpt_4100.pt,1,31,0.4987727999687195,0.10534712672233582,0.4252287447452545,"101,221,163,17,230","8,120,212,220,86",1:77:2|1:458:2|1:692:2
ckpt_4100.pt,1,32,0.5089758634567261,0.09802968055009842,0.41993650794029236,"157,245,108,105,113","251,171,88,199,223",1:19:2|1:151:2|1:224:2
ckpt_4100.pt,1,33,0.4561656713485718,0.1029626876115799,0.35378506779670715,"85,105,224,95,20","244,184,131,42,255",1:393:2|1:398:2|1:8:1
ckpt_4100.pt,1,34,0.44747859239578247,0.0953027531504631,0.3745431900024414,"206,50,73,126,150","129,76,182,243,208",1:804:2|1:2:1|1:7:1
ckpt_4100.pt,1,35,0.4775455594062805,0.1065855473279953,0.38897061347961426,"112,123,104,106,132","197,161,109,42,175",1:180:2|1:724:2|1:799:2
ckpt_4100.pt,1,36,0.45153695344924927,0.09918876737356186,0.41174349188804626,"179,198,255,191,146","168,200,4,117,93",1:66:2|1:294:2|1:3:1
ckpt_4100.pt,1,37,0.5041951537132263,0.09326013177633286,0.3863121271133423,"240,234,12,168,254","212,231,65,9,15",1:81:2|1:316:2|1:633:2
ckpt_4100.pt,1,38,0.500481128692627,0.08095403015613556,0.44229331612586975,"153,237,113,77,252","217,98,65,114,121",1:575:2|1:6:1|1:7:1
ckpt_4100.pt,1,39,0.4503291845321655,0.10059266537427902,0.36623552441596985,"20,149,24,13,51","160,229,243,1,121",1:24:2|1:64:2|1:106:2
ckpt_4100.pt,1,40,0.4827881157398224,0.10622496157884598,0.46341434121131897,"40,242,230,212,3","184,68,180,176,232",1:374:2|1:828:2|1:18:1
ckpt_4100.pt,1,41,0.509787380695343,0.09135507792234421,0.44571009278297424,"209,36,181,225,9","7,179,60,67,216",1:132:2|1:310:2|1:377:2
ckpt_4100.pt,1,42,0.4197542369365692,0.08055068552494049,0.39649829268455505,"199,142,137,193,36","212,177,103,140,163",1:220:2|1:303:2|1:585:2
ckpt_4100.pt,1,43,0.5113615989685059,0.09727282077074051,0.4464690089225769,"180,41,113,217,9","170,233,150,221,240",1:290:2|1:595:2|1:636:2
ckpt_4100.pt,1,44,0.4185982942581177,0.08163266628980637,0.3889036476612091,"203,80,14,145,143","90,241,26,194,124",1:111:2|1:360:2|1:361:2
ckpt_4100.pt,1,45,0.5021301507949829,0.09821587800979614,0.42811065912246704,"80,31,7,89,45","230,212,205,158,10",1:231:2|1:624:2|1:640:2
ckpt_4100.pt,1,46,0.5085616111755371,0.10306140780448914,0.4443882703781128,"209,203,15,45,122","48,87,167,233,240",1:168:2|1:635:2|1:25:1
ckpt_4100.pt,1,47,0.45584961771965027,0.09144334495067596,0.42542320489883423,"114,72,175,164,77","229,188,82,145,72",1:418:2|1:675:2|1:954:2
ckpt_4100.pt,1,48,0.4466548562049866,0.10472998768091202,0.3547772467136383,"237,122,76,112,241","254,18,92,247,136",1:558:2|1:2:1|1:6:1
ckpt_4100.pt,1,49,0.4223655164241791,0.0705176293849945,0.4166203737258911,"143,219,37,187,13","170,5,169,36,59",1:245:2|1:357:2|1:443:2
ckpt_4100.pt,1,50,0.4679199159145355,0.10983696579933167,0.37742432951927185,"116,67,73,29,43","208,116,211,70,195",1:327:2|1:804:2|1:15:1
ckpt_4100.pt,1,51,0.43614137172698975,0.09502912312746048,0.42761120200157166,"212,117,118,54,183","240,91,209,44,223",1:227:2|1:609:2|1:621:2
ckpt_4100.pt,1,52,0.43281158804893494,0.08849063515663147,0.3811851143836975,"251,43,172,165,173","135,198,48,87,144",1:517:2|1:12:1|1:25:1
ckpt_4100.pt,1,53,0.5005629062652588,0.12596052885055542,0.405729204416275,"19,73,255,93,180","232,93,188,178,224",1:63:2|1:564:2|1:569:2
ckpt_4100.pt,1,54,0.4904102683067322,0.108027383685112,0.4028697609901428,"248,86,139,97,122","49,118,69,107,133",1:626:2|1:18:1|1:46:1
ckpt_4100.pt,1,55,0.45933735370635986,0.1036539152264595,0.37578296661376953,"165,56,25,206,117","14,253,244,105,140",1:12:2|1:276:2|1:2:1
ckpt_4100.pt,1,56,0.5280565023422241,0.09870265424251556,0.4245615601539612,"235,237,195,93,137","126,196,250,80,180",1:1:1|1:6:1|1:16:1
ckpt_4100.pt,1,57,0.43396303057670593,0.06438270956277847,0.40390390157699585,"7,81,99,232,147","15,49,250,24,124",1:842:2|1:8:1|1:9:1
ckpt_4100.pt,1,58,0.4767691195011139,0.09730026870965958,0.4026423990726471,"39,246,79,4,233","97,151,45,243,42",1:149:2|1:189:2|1:247:2
ckpt_4100.pt,1,59,0.4280613660812378,0.0849536657333374,0.3620759844779968,"251,220,7,40,22","35,127,166,188,8",1:9:2|1:237:2|1:331:2
ckpt_4100.pt,1,60,0.47215503454208374,0.10576139390468597,0.422176331281662,"8,189,193,191,220","201,40,229,131,46",1:821:2|1:1:1|1:9:1
ckpt_4100.pt,1,61,0.4618871808052063,0.07671791315078735,0.4175085723400116,"199,223,175,85,228","81,248,254,223,102",1:818:2|1:8:1|1:22:1
ckpt_4100.pt,1,62,0.47022271156311035,0.08597751706838608,0.3962593674659729,"119,61,173,95,127","172,38,221,116,233",1:20:1|1:24:1|1:30:1
ckpt_4100.pt,1,63,0.4890693128108978,0.10867104679346085,0.40487611293792725,"73,204,59,117,255","60,64,28,246,209",1:53:2|1:449:2|1:12:1
ckpt_4100.pt,1,64,0.4779278039932251,0.09032312780618668,0.4269154369831085,"10,24,210,7,51","113,98,34,46,65",1:39:2|1:9:1|1:24:1
ckpt_4100.pt,1,65,0.47797757387161255,0.08885940909385681,0.3889721632003784,"16,44,53,39,114","183,88,255,138,204",1:1:1|1:2:1|1:4:1
ckpt_4100.pt,1,66,0.46699056029319763,0.1015930250287056,0.4116854667663574,"191,86,146,73,76","64,169,54,66,133",1:36:2|1:294:2|1:376:2
ckpt_4100.pt,1,67,0.4701687693595886,0.09620939940214157,0.4072710871696472,"231,159,59,233,125","158,255,31,66,41",1:82:2|1:186:2|1:229:2
ckpt_4100.pt,1,68,0.538985550403595,0.09035471081733704,0.4200006425380707,"107,157,102,18,209","54,31,50,126,115",1:293:2|1:381:2|1:419:2
ckpt_4100.pt,1,69,0.5439257025718689,0.09507022798061371,0.44683194160461426,"11,65,248,36,253","78,151,205,60,250",1:302:2|1:471:2|1:864:2
ckpt_4100.pt,1,70,0.5262258052825928,0.11797487735748291,0.439855694770813,"185,100,176,182,60","102,45,175,206,229",1:299:2|1:712:2|1:802:2
ckpt_4100.pt,1,71,0.5012255311012268,0.08858329057693481,0.4055129885673523,"98,33,221,190,60","200,128,179,136,6",1:507:2|1:661:2|1:711:2
ckpt_4100.pt,1,72,0.5023439526557922,0.08899012207984924,0.4282797574996948,"197,101,210,160,66","56,239,200,28,156",1:692:2|1:859:2|1:1:1
ckpt_4100.pt,1,73,0.4726310074329376,0.10333122313022614,0.40013569593429565,"17,65,77,98,185","159,147,43,18,204",1:457:2|1:2:1|1:7:1
ckpt_4100.pt,1,74,0.48563024401664734,0.10435047745704651,0.4192834794521332,"111,70,204,19,219","226,117,79,33,0",1:94:2|1:578:2|1:602:2
ckpt_4100.pt,1,75,0.47873419523239136,0.07635929435491562,0.3882976770401001,"99,114,150,204,144","86,47,7,72,33",1:673:3|1:561:2|1:1:1
ckpt_4100.pt,1,76,0.5107795596122742,0.09981489181518555,0.42644166946411133,"226,162,219,160,155","13,74,144,53,21",1:379:2|1:420:2|1:589:2
ckpt_4100.pt,1,77,0.4102954864501953,0.06857161223888397,0.35875505208969116,"17,163,15,79,87","157,129,203,87,51",1:31:2|1:97:2|1:144:2
ckpt_4100.pt,1,78,0.4639948010444641,0.0987691655755043,0.4143316149711609,"44,90,146,84,13","199,54,235,116,244",1:255:2|1:339:2|1:380:2
ckpt_4100.pt,1,79,0.4141610860824585,0.07178691774606705,0.40633147954940796,"0,203,114,139,195","238,29,239,160,209",1:442:2|1:648:2|1:841:2
ckpt_4100.pt,1,80,0.49769720435142517,0.07831206172704697,0.4223458468914032,"58,212,188,174,225","4,103,53,246,105",1:125:2|1:419:2|1:526:2
ckpt_4100.pt,1,81,0.47880786657333374,0.08515765517950058,0.41940200328826904,"73,234,12,83,11","188,180,230,204,24",1:37:2|1:266:2|1:316:2
ckpt_4100.pt,1,82,0.4448464810848236,0.0863410010933876,0.41299769282341003,"231,233,182,108,87","61,134,170,225,148",1:67:2|1:123:2|1:229:2
ckpt_4100.pt,1,83,0.41773614287376404,0.08203105628490448,0.4019492268562317,"56,5,208,205,183","34,146,28,47,222",1:142:2|1:464:2|1:13:1
ckpt_4100.pt,1,84,0.4938383400440216,0.0927576944231987,0.4397828280925751,"202,43,91,118,112","109,225,84,193,200",1:227:2|1:625:2|1:848:2
ckpt_4100.pt,1,85,0.404767781496048,0.07244638353586197,0.3799208998680115,"79,9,139,218,93","15,150,44,228,216",1:144:2|1:178:2|1:722:2
ckpt_4100.pt,1,86,0.4293396770954132,0.0849091187119484,0.37227141857147217,"204,201,55,215,20","114,121,243,14,241",1:174:2|1:599:2|1:927:2
ckpt_4100.pt,1,87,0.48232218623161316,0.09388977289199829,0.39536982774734497,"216,193,83,153,6","130,43,97,163,222",1:487:2|1:38:1|1:42:1
ckpt_4100.pt,1,88,0.44392529129981995,0.08494949340820312,0.3777729570865631,"84,62,23,49,76","32,221,227,124,7",1:248:2|1:26:1|1:48:1
ckpt_4100.pt,1,89,0.48836132884025574,0.09566282480955124,0.3928292691707611,"111,106,194,133,150","16,1,196,153,223",1:216:2|1:869:2|1:901:2
ckpt_4100.pt,1,90,0.46803316473960876,0.08360252529382706,0.3704726994037628,"10,202,13,87,101","232,115,175,189,151",1:364:2|1:458:2|1:791:2
ckpt_4100.pt,1,91,0.46181386709213257,0.09140849113464355,0.4146747291088104,"194,230,185,231,64","152,8,114,36,33",1:299:2|1:643:2|1:685:2
ckpt_4100.pt,1,92,0.4440421462059021,0.08429684489965439,0.3788376450538635,"97,237,44,232,62","250,125,90,15,66",1:204:2|1:604:2|1:676:2
ckpt_4100.pt,1,93,0.46245077252388,0.07488606125116348,0.3898300230503082,"47,76,115,25,50","169,154,216,161,105",1:12:1|1:34:1|1:48:1
ckpt_4100.pt,1,94,0.4734777510166168,0.09028854221105576,0.4240931272506714,"111,131,68,181,19","44,247,103,131,234",1:74:2|1:143:2|1:282:2
ckpt_4100.pt,1,95,0.45442742109298706,0.08291181176900864,0.4215129017829895,"198,155,154,109,62","142,144,63,251,213",1:235:2|1:753:2|1:25:1
ckpt_4100.pt,1,96,0.4746166467666626,0.08274951577186584,0.41119518876075745,"125,96,45,88,171","72,221,73,10,181",1:792:2|1:0:1|1:15:1
ckpt_4100.pt,1,97,0.47128015756607056,0.07598122954368591,0.42578303813934326,"178,111,67,163,87","49,31,6,163,140",1:77:2|1:774:2|1:0:1
ckpt_4100.pt,1,98,0.440311074256897,0.07801113277673721,0.3871977925300598,"230,243,132,135,229","212,102,65,204,109",1:650:2|1:745:2|1:30:1
ckpt_4100.pt,1,99,0.47839581966400146,0.08445069938898087,0.40866172313690186,"186,58,61,243,46","58,15,219,172,228",1:119:2|1:203:2|1:341:2
ckpt_4100.pt,1,100,0.4572718143463135,0.09087064862251282,0.3682514429092407,"212,219,208,220,231","240,161,226,18,40",1:161:2|1:469:2|1:793:2
ckpt_4100.pt,1,101,0.5221343636512756,0.0868799090385437,0.4450279772281647,"45,205,1,26,169","34,56,233,125,67",1:135:2|1:718:2|1:9:1
ckpt_4100.pt,1,102,0.47006335854530334,0.08209945261478424,0.3829520344734192,"2,54,74,33,153","77,25,13,102,39",1:527:2|1:819:2|1:38:1
ckpt_4100.pt,1,103,0.4705899953842163,0.08529720455408096,0.40189042687416077,"25,51,162,220,52","122,182,131,140,36",1:420:2|1:557:2|1:644:2
ckpt_4100.pt,1,104,0.46006956696510315,0.08959781378507614,0.40495920181274414,"51,67,232,132,60","171,55,83,125,154",1:758:3|1:390:2|1:669:2
ckpt_4100.pt,1,105,0.46595239639282227,0.09227695316076279,0.3978998363018036,"107,72,196,30,223","235,67,172,94,149",1:197:2|1:347:2|1:618:2
ckpt_4100.pt,1,106,0.49750375747680664,0.0887724757194519,0.43386194109916687,"13,222,20,112,191","196,3,177,118,124",1:39:2|1:320:2|1:474:2
ckpt_4100.pt,1,107,0.529673159122467,0.08929851651191711,0.44940537214279175,"181,51,116,1,65","148,249,54,178,99",1:1004:2|1:24:1|1:29:1
ckpt_4100.pt,1,108,0.4883432984352112,0.09113111346960068,0.40397030115127563,"157,12,218,96,0","122,216,157,187,48",1:900:2|1:0:1|1:26:1
ckpt_4100.pt,1,109,0.5337134599685669,0.11799950897693634,0.4369868040084839,"94,157,143,152,57","223,251,0,168,93",1:456:2|1:28:1|1:32:1
ckpt_4100.pt,1,110,0.47755858302116394,0.07738709449768066,0.41686978936195374,"43,99,102,179,174","209,100,43,71,81",1:356:2|1:622:2|1:760:2
ckpt_4100.pt,1,111,0.4846731722354889,0.10141691565513611,0.3922593891620636,"54,193,232,80,145","23,82,61,112,115",1:44:2|1:828:2|1:1:1
ckpt_4100.pt,1,112,0.4638136327266693,0.0859110951423645,0.3735503554344177,"45,101,131,226,77","252,138,126,215,175",1:7:1|1:11:1|1:16:1
ckpt_4100.pt,1,113,0.45244300365448,0.08459524810314178,0.38770177960395813,"172,22,198,142,136","144,99,116,97,25",1:303:2|1:11:1|1:21:1
ckpt_4100.pt,1,114,0.5108204483985901,0.10015366971492767,0.4315677285194397,"232,223,90,75,224","39,240,180,11,203",1:326:2|1:898:2|1:7:1
ckpt_4100.pt,1,115,0.46704813838005066,0.07172848284244537,0.37151288986206055,"5,176,6,209,210","177,217,4,135,137",1:155:2|1:429:2|1:802:2
ckpt_4100.pt,1,116,0.4320247173309326,0.07683813571929932,0.40761440992355347,"33,239,231,76,226","11,55,25,77,177",1:241:2|1:242:2|1:911:2
ckpt_4100.pt,1,117,0.40621820092201233,0.07159355282783508,0.3491721749305725,"111,134,119,25,244","247,1,100,94,47",1:201:2|1:491:2|1:565:2
ckpt_4100.pt,1,118,0.47946828603744507,0.0979546308517456,0.37912657856941223,"219,22,137,124,42","116,139,34,193,33",1:147:2|1:353:2|1:485:2
ckpt_4100.pt,1,119,0.47230350971221924,0.11027856916189194,0.40943098068237305,"58,245,152,243,28","242,255,124,104,169",1:99:2|1:145:2|1:490:2
ckpt_4100.pt,1,120,0.41632595658302307,0.07739249616861343,0.36915379762649536,"35,170,201,203,246","171,46,140,9,113",1:389:2|1:620:2|1:993:2
ckpt_4100.pt,1,121,0.5056506991386414,0.08857926726341248,0.4292142689228058,"39,88,103,61,30","236,225,26,129,83",1:251:2|1:352:2|1:589:2
ckpt_4100.pt,1,122,0.46549755334854126,0.1032886803150177,0.40989431738853455,"66,187,221,125,124","15,111,81,241,150",1:272:2|1:692:2|1:731:2
ckpt_4100.pt,1,123,0.4965440630912781,0.08869989216327667,0.42478349804878235,"231,170,202,182,248","52,226,99,205,137",1:82:2|1:422:2|1:864:2
ckpt_4100.pt,1,124,0.48223552107810974,0.11844305694103241,0.4319577217102051,"74,167,216,1,225","124,50,100,167,224",1:325:2|1:1016:2|1:0:1
ckpt_4100.pt,1,125,0.4310866892337799,0.08295588940382004,0.3722720444202423,"238,174,142,212,73","64,61,75,174,249",1:236:3|1:21:2|1:80:2
ckpt_4100.pt,1,126,0.4669870436191559,0.09090255945920944,0.40477874875068665,"194,91,229,143,153","0,26,131,48,91",1:245:2|1:587:2|1:790:2
ckpt_4100.pt,1,127,0.4692557454109192,0.1109691634774208,0.382124662399292,"103,178,219,23,240","194,141,244,113,246",1:397:2|1:485:2|1:542:2
ckpt_4100.pt,1,128,0.45729175209999084,0.09197570383548737,0.3836205303668976,"66,62,105,146,91","15,84,88,237,60",1:333:2|1:470:2|1:642:2
ckpt_4100.pt,1,129,0.46508026123046875,0.08230762183666229,0.38559746742248535,"221,57,224,241,184","17,254,202,115,79",1:425:2|1:464:2|1:690:2
ckpt_4100.pt,1,130,0.4586322605609894,0.09586988389492035,0.4277772307395935,"132,36,93,20,103","36,68,98,140,103",1:243:2|1:502:2|1:664:2
ckpt_4100.pt,1,131,0.4649006426334381,0.09119474142789841,0.41160497069358826,"146,88,20,252,141","188,105,42,175,3",1:320:2|1:621:2|1:3:1
ckpt_4100.pt,1,132,0.5219910740852356,0.10074537247419357,0.411923885345459,"36,155,247,85,181","80,36,185,67,241",1:41:2|1:367:2|1:377:2
ckpt_4100.pt,1,133,0.4963130056858063,0.09005644917488098,0.38546302914619446,"152,163,109,119,129","11,205,245,209,175",1:25:2|1:395:2|1:803:2
ckpt_4100.pt,1,134,0.4533921182155609,0.08586394041776657,0.4152412414550781,"76,158,246,43,127","131,23,247,140,73",1:357:2|1:24:1|1:25:1
ckpt_4100.pt,1,135,0.4422707259654999,0.07956326752901077,0.36619800329208374,"205,15,194,242,26","202,255,248,193,191",1:101:2|1:769:2|1:9:1
ckpt_4100.pt,1,136,0.4202018082141876,0.09652096033096313,0.3711144030094147,"113,233,148,20,28","103,178,77,108,33",1:206:2|1:320:2|1:363:2
ckpt_4100.pt,1,137,0.4155755639076233,0.07554616779088974,0.40754806995391846,"110,24,109,0,144","103,60,145,122,72",1:330:2|1:360:2|1:432:2
ckpt_4100.pt,1,138,0.4798557758331299,0.08989691734313965,0.4200647473335266,"70,227,221,7,139","105,41,210,53,144",1:9:1|1:17:1|1:31:1
ckpt_4100.pt,1,139,0.4805068075656891,0.09917379170656204,0.38789287209510803,"203,155,206,202,57","91,123,43,156,89",1:848:2|1:2:1|1:28:1
ckpt_4100.pt,1,140,0.5188335180282593,0.11901775747537613,0.41649484634399414,"249,11,134,39,180","110,107,175,181,73",1:6:2|1:563:2|1:660:2
ckpt_4100.pt,1,141,0.45734110474586487,0.08319149911403656,0.38475310802459717,"35,8,104,151,47","41,170,113,250,234",1:396:2|1:706:2|1:15:1
ckpt_4100.pt,1,142,0.4947011172771454,0.08167747408151627,0.4300699234008789,"208,8,179,5,13","232,24,84,164,107",1:83:2|1:9:1|1:13:1
ckpt_4100.pt,1,143,0.4817963242530823,0.0934046283364296,0.3973180651664734,"19,46,2,131,237","47,97,37,226,157",1:17:2|1:23:2|1:94:2
ckpt_4100.pt,1,144,0.47538384795188904,0.0873323604464531,0.4175655245780945,"9,82,151,79,15","4,39,75,49,157",1:77:2|1:85:2|1:178:2
ckpt_4100.pt,1,145,0.4280080497264862,0.08807795494794846,0.408948689699173,"228,80,28,152,229","70,114,118,18,177",1:119:2|1:310:2|1:647:2
ckpt_4100.pt,1,146,0.4853484034538269,0.08309102803468704,0.41329437494277954,"117,140,125,153,64","175,112,31,161,221",1:186:2|1:207:2|1:509:2
ckpt_4100.pt,1,147,0.462384432554245,0.08501894026994705,0.3910375237464905,"214,242,22,113,137","16,191,181,1,127",1:118:2|1:353:2|1:564:2
ckpt_4100.pt,1,148,0.4206677973270416,0.09196257591247559,0.39929306507110596,"189,121,179,114,182","244,235,171,180,174",1:1:2|1:435:2|1:460:2
ckpt_4100.pt,1,149,0.4448755979537964,0.07868994772434235,0.3786359131336212,"99,4,11,233,206","152,42,46,18,19",1:58:2|1:440:2|1:851:2
ckpt_4100.pt,1,150,0.4530685544013977,0.09650144726037979,0.3672850728034973,"42,143,79,63,111","235,168,243,33,165",1:535:3|1:1018:2|1:14:1
ckpt_4100.pt,1,151,0.4303244352340698,0.09217052906751633,0.3980737328529358,"52,26,157,174,245","103,222,62,173,95",1:19:2|1:32:2|1:691:2
ckpt_4100.pt,1,152,0.4746280610561371,0.08944861590862274,0.42591577768325806,"185,137,169,97,244","142,237,222,111,202",1:755:2|1:982:2|1:1:1
ckpt_4100.pt,1,153,0.44073858857154846,0.06891050934791565,0.38612794876098633,"142,120,148,236,253","110,14,62,92,13",1:966:2|1:21:1|1:24:1
ckpt_4100.pt,1,154,0.5216120481491089,0.12026327848434448,0.4111142158508301,"255,116,128,227,53","100,107,221,80,180",1:275:2|1:5:1|1:8:1
ckpt_4100.pt,1,155,0.5253284573554993,0.09054460376501083,0.43140438199043274,"163,210,18,6,168","160,112,71,183,100",1:115:2|1:543:2|1:649:2
ckpt_4100.pt,1,156,0.3942289352416992,0.07873983681201935,0.3769960403442383,"32,144,120,79,75","63,174,11,2,73",1:3:1|1:7:1|1:14:1
ckpt_4100.pt,1,157,0.4653835594654083,0.070343017578125,0.4017963707447052,"231,133,119,8,124","100,225,212,236,46",1:594:2|1:60:1|1:62:1
ckpt_4100.pt,1,158,0.47474047541618347,0.08144412934780121,0.37642255425453186,"80,103,241,114,136","192,68,40,115,196",1:386:2|1:516:2|1:974:2
ckpt_4100.pt,1,159,0.49046334624290466,0.08775049448013306,0.4020124673843384,"138,124,55,177,169","36,73,211,107,254",1:284:2|1:881:2|1:86:1
ckpt_4100.pt,1,160,0.4963216781616211,0.09975499659776688,0.3909175992012024,"196,95,241,149,243","209,235,141,246,199",1:840:2|1:2:1|1:8:1
ckpt_4100.pt,1,161,0.49960771203041077,0.12074324488639832,0.4169129729270935,"220,208,156,6,113","13,247,248,119,165",1:100:2|1:224:2|1:675:2
ckpt_4100.pt,1,162,0.48003068566322327,0.09540160745382309,0.3661433756351471,"44,179,246,225,92","210,77,100,197,81",1:201:2|1:416:2|1:604:2
ckpt_4100.pt,1,163,0.48057565093040466,0.09782157838344574,0.40568333864212036,"226,121,103,43,56","19,108,78,25,235",1:245:2|1:572:2|1:860:2
ckpt_4100.pt,1,164,0.47492825984954834,0.09071948379278183,0.3957156240940094,"177,46,44,192,94","164,69,107,139,115",1:570:2|1:17:1|1:18:1
ckpt_4100.pt,1,165,0.4702596068382263,0.1037050411105156,0.41120055317878723,"184,1,250,175,29","221,233,45,39,133",1:425:2|1:644:2|1:4:1
ckpt_4100.pt,1,166,0.47742170095443726,0.0860024020075798,0.41598519682884216,"18,195,161,232,14","57,14,203,196,243",1:348:2|1:12:1|1:44:1
ckpt_4100.pt,1,167,0.4422888457775116,0.09141392260789871,0.36699697375297546,"165,159,38,185,127","112,211,102,116,39",1:638:2|1:12:1|1:21:1
ckpt_4100.pt,1,168,0.45413288474082947,0.0723951905965805,0.38744205236434937,"203,181,200,15,104","1,189,48,222,188",1:46:2|1:171:2|1:185:2
ckpt_4100.pt,1,169,0.4135693907737732,0.07517878711223602,0.3829210102558136,"138,202,153,135,249","25,76,2,115,145",1:422:2|1:657:2|1:10:1
ckpt_4100.pt,1,170,0.4688319265842438,0.12029010057449341,0.3794379234313965,"168,218,141,17,33","1,252,98,233,116",1:256:2|1:670:2|1:2:1
ckpt_4100.pt,1,171,0.4672282934188843,0.09867596626281738,0.4111121892929077,"181,253,161,246,15","196,124,216,252,15",1:168:2|1:940:2|1:12:1
ckpt_4100.pt,1,172,0.45879319310188293,0.105345718562603,0.3811054229736328,"128,122,183,6,14","33,91,32,207,78",1:207:2|1:351:2|1:777:2
ckpt_4100.pt,1,173,0.47671830654144287,0.1013566106557846,0.39006346464157104,"43,32,89,233,252","11,212,115,209,207",1:239:2|1:356:2|1:615:2
ckpt_4100.pt,1,174,0.38924509286880493,0.06609010696411133,0.3566851019859314,"204,37,66,20,138","33,79,63,136,171",1:86:2|1:405:2|1:806:2
ckpt_4100.pt,1,175,0.42671385407447815,0.08113597333431244,0.36089402437210083,"128,48,134,213,47","157,218,169,96,217",1:257:2|1:632:2|1:982:2
ckpt_4100.pt,1,176,0.496031254529953,0.08985932171344757,0.39962369203567505,"34,115,206,129,74","243,250,190,145,179",1:818:2|1:2:1|1:7:1
ckpt_4100.pt,1,177,0.48343685269355774,0.09838850051164627,0.39808493852615356,"156,136,158,249,173","229,66,123,133,51",1:947:2|1:10:1|1:11:1
ckpt_4100.pt,1,178,0.44298890233039856,0.0875561460852623,0.4105249047279358,"79,9,54,171,67","174,228,233,78,213",1:85:2|1:144:2|1:680:2
ckpt_4100.pt,1,179,0.44796863198280334,0.11018867045640945,0.38418930768966675,"17,58,161,182,44","188,122,189,0,154",1:401:3|1:225:2|1:578:2
ckpt_4100.pt,1,180,0.4786478579044342,0.10269546508789062,0.4261080324649811,"74,104,201,156,106","47,108,13,138,97",1:35:2|1:724:2|1:3:1
ckpt_4100.pt,1,181,0.4144239127635956,0.07789042592048645,0.3486891984939575,"245,179,21,233,248","37,214,143,7,90",1:18:2|1:319:2|1:691:2
ckpt_4100.pt,1,182,0.4602375328540802,0.09736096113920212,0.3963928520679474,"162,229,139,23,247","78,254,153,194,88",1:442:2|1:444:2|1:841:2
ckpt_4100.pt,1,183,0.557353675365448,0.10470635443925858,0.4449165165424347,"2,8,222,131,221","201,223,232,236,212",1:143:2|1:436:2|1:527:2
ckpt_4100.pt,1,184,0.49746009707450867,0.100591741502285,0.40443167090415955,"255,211,2,23,36","211,117,61,95,216",1:664:2|1:841:2|1:12:1
ckpt_4100.pt,1,185,0.47923022508621216,0.08381848782300949,0.385875940322876,"49,25,200,87,181","244,19,100,219,72",1:168:2|1:552:2|1:0:1
ckpt_4100.pt,1,186,0.4919951856136322,0.1076328456401825,0.41848066449165344,"64,159,164,195,125","75,244,169,103,4",1:67:2|1:146:2|1:194:2
ckpt_4100.pt,1,187,0.50394606590271,0.09101301431655884,0.38936930894851685,"21,232,20,73,244","134,186,124,224,175",1:524:2|1:781:2|1:33:1
ckpt_4100.pt,1,188,0.5051023364067078,0.10623085498809814,0.4474008083343506,"73,243,64,7,240","168,251,217,66,207",1:745:2|1:771:2|1:833:2
ckpt_4100.pt,1,189,0.4830334186553955,0.08498964458703995,0.42636334896087646,"220,2,246,69,79","179,52,80,106,121",1:58:2|1:247:2|1:271:2
ckpt_4100.pt,1,190,0.4573487639427185,0.09332281351089478,0.41789233684539795,"190,57,83,113,70","175,217,158,225,142",1:639:2|1:17:1|1:21:1
ckpt_4100.pt,1,191,0.4478391706943512,0.11057012528181076,0.42868268489837646,"91,223,20,208,108","55,44,168,223,3",1:252:2|1:347:2|1:412:2
ckpt_4100.pt,1,192,0.47752082347869873,0.11506481468677521,0.4263390600681305,"31,62,8,101,9","212,157,43,238,175",1:343:2|1:0:1|1:31:1
ckpt_4100.pt,1,193,0.4386986792087555,0.09402499347925186,0.40234121680259705,"234,27,121,122,117","165,26,44,129,9",1:450:2|1:558:2|1:633:2
ckpt_4100.pt,1,194,0.5602433085441589,0.11991886049509048,0.4600030481815338,"207,64,159,235,101","85,51,165,244,89",1:186:2|1:656:2|1:771:2
ckpt_4100.pt,1,195,0.503192126750946,0.1157204732298851,0.417817622423172,"187,209,147,23,98","168,2,191,126,211",1:26:1|1:27:1|1:28:1
ckpt_4100.pt,1,196,0.4409655034542084,0.08904504030942917,0.38671767711639404,"123,236,22,24,197","164,145,140,196,242",1:316:2|1:937:2|1:1:1
ckpt_4100.pt,1,197,0.49980562925338745,0.09595958143472672,0.3927450478076935,"97,247,223,216,196","7,182,222,118,14",1:105:2|1:326:2|1:347:2
ckpt_4100.pt,1,198,0.557045578956604,0.09275957942008972,0.4476531744003296,"220,126,41,106,80","61,175,165,39,126",1:219:2|1:238:2|1:536:2
ckpt_4100.pt,1,199,0.4570732116699219,0.09408115595579147,0.4187770187854767,"169,175,82,106,120","128,173,32,116,161",1:596:2|1:688:2|1:14:1
ckpt_4100.pt,1,200,0.47950848937034607,0.08078107237815857,0.3742242455482483,"209,155,51,41,138","107,161,51,164,239",1:405:2|1:744:2|1:22:1
ckpt_4100.pt,1,201,0.4708479046821594,0.08747846633195877,0.41743943095207214,"244,44,225,120,119","13,252,195,184,204",1:117:2|1:162:2|1:204:2
ckpt_4100.pt,1,202,0.39775246381759644,0.07441098988056183,0.3592665493488312,"145,201,247,186,39","94,190,12,37,80",1:514:2|1:1:1|1:2:1
ckpt_4100.pt,1,203,0.5065702795982361,0.09336502104997635,0.4325053095817566,"221,243,38,178,61","62,166,164,189,51",1:99:2|1:511:2|1:1013:2
ckpt_4100.pt,1,204,0.41385117173194885,0.10060381144285202,0.3742660880088806,"62,44,230,244,100","244,68,138,52,185",1:92:2|1:201:2|1:255:2
ckpt_4100.pt,1,205,0.4372822940349579,0.07847046107053757,0.36980026960372925,"93,122,191,208,123","137,10,13,228,216",1:228:2|1:499:2|1:927:2
ckpt_4100.pt,1,206,0.4621971845626831,0.09230758994817734,0.3972700834274292,"233,239,29,196,113","151,118,218,197,156",1:136:2|1:8:1|1:15:1
ckpt_4100.pt,1,207,0.4786232113838196,0.09026742726564407,0.41165176033973694,"128,125,183,64,224","4,98,24,161,69",1:146:2|1:172:2|1:186:2
ckpt_4100.pt,1,208,0.4651734530925751,0.08914849162101746,0.4014834761619568,"107,79,177,29,71","254,9,103,27,40",1:247:2|1:343:2|1:461:2
ckpt_4100.pt,1,209,0.49123531579971313,0.082557812333107,0.4105273485183716,"62,200,156,188,245","19,7,221,104,100",1:473:2|1:815:2|1:19:1
ckpt_4100.pt,1,210,0.5111516714096069,0.09310606122016907,0.4349798858165741,"118,153,12,121,102","21,181,186,200,120",1:245:2|1:262:2|1:445:2
ckpt_4100.pt,1,211,0.4905625581741333,0.0777149423956871,0.39896199107170105,"184,5,92,185,255","134,202,139,213,65",1:390:2|1:464:2|1:12:1
ckpt_4100.pt,1,212,0.47490742802619934,0.11025875061750412,0.38855940103530884,"55,249,199,209,100","191,89,218,113,125",1:599:2|1:657:2|1:923:2
ckpt_4100.pt,1,213,0.4420759677886963,0.07856298983097076,0.38776895403862,"24,55,42,114,151","172,212,142,177,216",1:372:2|1:607:2|1:876:2
ckpt_4100.pt,1,214,0.4447253346443176,0.08874183148145676,0.35767486691474915,"230,237,180,28,246","0,218,245,48,208",1:344:2|1:643:2|1:840:2
ckpt_4100.pt,1,215,0.5930572748184204,0.1356584131717682,0.46824851632118225,"112,119,165,139,188","90,126,72,48,210",1:256:2|1:749:2|1:12:1
ckpt_4100.pt,1,216,0.49463021755218506,0.10401719063520432,0.41317132115364075,"255,111,194,22,144","40,172,134,179,255",1:89:2|1:226:2|1:308:2
ckpt_4100.pt,1,217,0.54864901304245,0.10454866290092468,0.43582820892333984,"2,106,101,118,52","169,153,117,227,149",1:4:2|1:688:2|1:5:1
ckpt_4100.pt,1,218,0.5204650163650513,0.10264565050601959,0.4591912627220154,"187,57,8,230,250","42,171,31,222,121",1:4:1|1:8:1|1:25:1
ckpt_4100.pt,1,219,0.524875283241272,0.08409331738948822,0.4275962710380554,"80,220,37,34,218","36,74,115,248,155",1:198:2|1:536:2|1:964:2
ckpt_4100.pt,1,220,0.4686926603317261,0.09780818969011307,0.43055984377861023,"142,36,207,77,57","91,189,150,236,129",1:42:2|1:303:2|1:403:2
ckpt_4100.pt,1,221,0.4823966324329376,0.09197188913822174,0.4011416435241699,"32,130,128,147,73","175,30,231,153,57",1:234:2|1:321:2|1:5:1
ckpt_4100.pt,1,222,0.43359705805778503,0.08442442864179611,0.39299944043159485,"145,28,200,252,163","170,244,201,44,30",1:514:2|1:593:2|1:647:2
ckpt_4100.pt,1,223,0.5121647119522095,0.09587518125772476,0.42616143822669983,"67,36,236,214,182","254,212,165,13,54",1:446:2|1:832:2|1:15:1
ckpt_4100.pt,1,224,0.49270883202552795,0.07791773229837418,0.40441054105758667,"166,140,157,156,113","255,219,50,109,87",1:32:2|1:161:2|1:675:2
ckpt_4100.pt,1,225,0.4764464497566223,0.08994507789611816,0.4298737943172455,"107,182,17,188,246","33,247,203,98,174",1:179:2|1:288:2|1:398:2
ckpt_4100.pt,1,226,0.43493136763572693,0.0836564302444458,0.3785471022129059,"22,111,93,86,245","189,55,28,51,29",1:216:2|1:243:2|1:308:2
ckpt_4100.pt,1,227,0.47864851355552673,0.08900473266839981,0.40341922640800476,"207,54,43,87,118","225,146,145,114,42",1:20:2|1:51:2|1:84:2
ckpt_4100.pt,1,228,0.4548986256122589,0.08595538884401321,0.39555156230926514,"76,242,233,123,208","3,215,204,214,96",1:654:3|1:205:2|1:615:2
ckpt_4100.pt,1,229,0.46804946660995483,0.10008400678634644,0.3789225220680237,"87,231,118,159,244","201,99,83,177,128",1:20:2|1:67:2|1:82:2
ckpt_4100.pt,1,230,0.43189483880996704,0.1022254005074501,0.37190935015678406,"254,15,124,96,41","209,175,2,47,98",1:0:1|1:22:1|1:23:1
ckpt_4100.pt,1,231,0.5050997138023376,0.10230400413274765,0.43047985434532166,"244,75,196,80,89","132,130,81,52,133",1:45:2|1:570:2|1:640:2
ckpt_4100.pt,1,232,0.46706095337867737,0.0793924629688263,0.40604156255722046,"155,65,104,223,55","126,7,145,213,216",1:479:2|1:599:2|1:771:2
ckpt_4100.pt,1,233,0.47060421109199524,0.09102136641740799,0.4185318350791931,"74,177,64,162,48","44,107,192,241,110",1:488:3|1:778:2|1:4:1
ckpt_4100.pt,1,234,0.48381319642066956,0.09252841025590897,0.4198606610298157,"25,128,19,102,147","4,95,249,34,85",1:5:2|1:221:2|1:500:2
ckpt_4100.pt,1,235,0.5043641924858093,0.08615744858980179,0.4149036109447479,"109,62,96,116,4","98,239,246,170,26",1:95:2|1:451:2|1:465:2
ckpt_4100.pt,1,236,0.47215452790260315,0.08456945419311523,0.42572760581970215,"142,54,238,241,73","27,19,222,73,148",1:125:3|1:585:2|1:934:2
ckpt_4100.pt,1,237,0.4797958731651306,0.09820029884576797,0.3937641382217407,"22,7,244,49,117","28,121,37,54,5",1:59:2|1:384:2|1:433:2
ckpt_4100.pt,1,238,0.44143056869506836,0.08809459954500198,0.3736649751663208,"126,255,190,220,86","113,23,22,122,139",1:198:2|1:751:2|1:1010:2
ckpt_4100.pt,1,239,0.446500301361084,0.08251836895942688,0.4029679000377655,"18,233,43,146,185","46,202,240,234,219",1:173:2|1:340:2|1:615:2
ckpt_4100.pt,1,240,0.5420982837677002,0.112218476831913,0.45874321460723877,"1,149,76,59,103","201,181,115,82,73",1:786:2|1:813:2|1:13:1
ckpt_4100.pt,1,241,0.5080164670944214,0.102515310049057,0.44321534037590027,"189,85,144,226,231","67,61,142,176,80",1:116:2|1:340:2|1:805:2
ckpt_4100.pt,1,242,0.4453289210796356,0.09000945091247559,0.4079584777355194,"20,68,226,33,185","223,117,95,131,232",1:116:2|1:934:2|1:19:1
ckpt_4100.pt,1,243,0.44453516602516174,0.12245333939790726,0.38699066638946533,"213,22,80,93,20","216,127,17,99,154",1:130:2|1:226:2|1:921:2
ckpt_4100.pt,1,244,0.4461991786956787,0.09267142415046692,0.3773428201675415,"129,19,90,121,158","206,61,20,203,19",1:846:2|1:885:2|1:917:2
ckpt_4100.pt,1,245,0.39861100912094116,0.069830022752285,0.3604580760002136,"43,143,219,153,121","126,182,240,246,127",1:49:2|1:126:2|1:163:2
ckpt_4100.pt,1,246,0.49810683727264404,0.09122448414564133,0.4289455711841583,"15,129,159,142,23","171,65,52,180,114",1:315:2|1:403:2|1:459:2
ckpt_4100.pt,1,247,0.48557308316230774,0.08824529498815536,0.4021991491317749,"79,245,82,177,246","133,48,76,64,93",1:461:3|1:58:2|1:144:2
ckpt_4100.pt,1,248,0.4392569065093994,0.08081711083650589,0.3607538640499115,"84,113,134,76,75","17,165,82,226,62",1:88:2|1:782:2|1:829:2
ckpt_4100.pt,1,249,0.43508800864219666,0.06796383857727051,0.3743947446346283,"108,244,78,216,107","87,215,33,178,90",1:465:2|1:30:1|1:32:1
ckpt_4100.pt,1,250,0.5695832371711731,0.10088254511356354,0.4477485716342926,"55,231,213,206,23","186,180,162,230,9",1:848:2|1:876:2|1:2:1
ckpt_4100.pt,1,251,0.5006624460220337,0.08077872544527054,0.4533863365650177,"17,40,61,39,183","13,99,153,45,248",1:2:2|1:121:2|1:883:2
ckpt_4100.pt,1,252,0.48832055926322937,0.07976871728897095,0.4119913876056671,"212,136,108,223,165","254,110,27,11,107",1:191:2|1:347:2|1:516:2
ckpt_4100.pt,1,253,0.4457152485847473,0.08179891109466553,0.3793085813522339,"169,230,75,218,252","143,111,207,165,250",1:643:2|1:688:2|1:808:2
ckpt_4100.pt,1,254,0.4504007399082184,0.09833858162164688,0.40231218934059143,"152,18,212,35,20","40,243,96,99,61",1:621:2|1:21:1|1:33:1
ckpt_4100.pt,1,255,0.47029000520706177,0.08286689221858978,0.3984576463699341,"13,218,44,100,73","42,81,161,202,38",1:78:2|1:204:2|1:576:2
ckpt_4100.pt,1,256,0.46779435873031616,0.09652398526668549,0.4081285893917084,"17,33,165,119,148","128,225,220,17,116",1:170:2|1:215:2|1:424:2
ckpt_4100.pt,1,257,0.509643018245697,0.0907754898071289,0.4282529354095459,"168,128,195,165,47","21,196,254,218,228",1:175:2|1:632:2|1:873:2
ckpt_4100.pt,1,258,0.5232411026954651,0.09411440044641495,0.44069406390190125,"14,237,89,212,95","3,251,150,156,155",1:6:1|1:20:1|1:21:1
ckpt_4100.pt,1,259,0.433023601770401,0.09518062323331833,0.3675632178783417,"74,145,255,71,40","116,251,225,100,231",1:1:1|1:6:1|1:12:1
ckpt_4100.pt,1,260,0.478794664144516,0.08570818603038788,0.40892621874809265,"99,87,112,40,180","249,197,245,93,169",1:499:2|1:1007:2|1:0:1
ckpt_4100.pt,1,261,0.4886522889137268,0.085441954433918,0.43252307176589966,"32,21,181,194,166","131,32,189,190,169",1:286:2|1:941:2|1:41:1
ckpt_4100.pt,1,262,0.43014365434646606,0.08385482430458069,0.3722057342529297,"226,153,250,201,102","175,116,128,215,39",1:210:2|1:356:2|1:445:2
ckpt_4100.pt,1,263,0.4642297029495239,0.0767962783575058,0.41401705145835876,"190,100,160,227,37","138,74,248,142,247",1:379:2|1:580:2|1:663:2
ckpt_4100.pt,1,264,0.48604825139045715,0.09915748238563538,0.42058059573173523,"23,74,121,228,32","167,222,89,218,53",1:22:1|1:26:1|1:61:1
ckpt_4100.pt,1,265,0.42811670899391174,0.08916403353214264,0.3860677182674408,"149,154,240,13,200","226,60,248,146,173",1:743:3|1:39:2|1:443:2
ckpt_4100.pt,1,266,0.49675899744033813,0.08141879737377167,0.4359273910522461,"12,43,126,11,37","193,31,50,52,120",1:81:2|1:316:2|1:520:2
ckpt_4100.pt,1,267,0.44320833683013916,0.06877860426902771,0.3618583679199219,"88,92,0,243,82","17,178,60,219,127",1:322:2|1:605:2|1:745:2
ckpt_4100.pt,1,268,0.4720076322555542,0.09263545274734497,0.41794440150260925,"56,38,241,32,199","230,175,247,14,18",1:2:1|1:21:1|1:42:1
ckpt_4100.pt,1,269,0.44298285245895386,0.08858370035886765,0.3882136344909668,"251,245,98,222,166","191,145,27,129,83",1:522:3|1:388:2|1:877:2
ckpt_4100.pt,1,270,0.49191704392433167,0.08175716549158096,0.44596046209335327,"250,220,197,206,30","248,143,142,144,112",1:352:2|1:738:2|1:821:2
ckpt_4100.pt,1,271,0.4746316373348236,0.08647195249795914,0.4223155677318573,"55,69,4,36,220","165,219,21,31,70",1:189:2|1:936:2|1:9:1
ckpt_4100.pt,1,272,0.46095430850982666,0.11146683245897293,0.410107284784317,"187,183,141,83,221","55,19,155,58,251",1:122:2|1:624:2|1:846:2
ckpt_4100.pt,1,273,0.5240588784217834,0.08336308598518372,0.4378611445426941,"142,18,29,139,39","131,204,47,28,197",1:327:2|1:369:2|1:844:2
ckpt_4100.pt,1,274,0.464548796415329,0.08944617956876755,0.3987937271595001,"203,69,211,3,97","94,139,177,140,134",1:313:2|1:408:2|1:899:2
ckpt_4100.pt,1,275,0.4965255856513977,0.08349742740392685,0.405028373003006,"116,221,119,128,72","114,232,112,122,211",1:154:2|1:465:2|1:618:2
ckpt_4100.pt,1,276,0.5046780705451965,0.08445137739181519,0.4429880380630493,"165,122,7,62,56","39,244,104,178,206",1:55:2|1:387:2|1:624:2
ckpt_4100.pt,1,277,0.4451344311237335,0.07440175116062164,0.3940558433532715,"255,45,249,195,188","210,244,5,67,11",1:278:2|1:10:1|1:12:1
ckpt_4100.pt,1,278,0.49839866161346436,0.09698890894651413,0.3939068913459778,"255,45,196,157,10","169,254,73,129,133",1:277:2|1:784:2|1:824:2
ckpt_4100.pt,1,279,0.42453622817993164,0.06705779582262039,0.354898065328598,"46,71,153,120,13","94,90,137,61,53",1:596:2|1:672:2|1:915:2
ckpt_4100.pt,1,280,0.45213788747787476,0.06836800277233124,0.38646918535232544,"140,40,227,24,32","7,94,135,212,168",1:737:2|1:39:1|1:40:1
ckpt_4100.pt,1,281,0.48532670736312866,0.08587439358234406,0.46029120683670044,"3,22,52,221,90","154,66,81,23,70",1:336:2|1:384:2|1:582:2
ckpt_4100.pt,1,282,0.47198987007141113,0.09388548880815506,0.41258710622787476,"35,131,98,19,24","131,75,148,165,58",1:94:2|1:143:2|1:547:2
ckpt_4100.pt,1,283,0.45593759417533875,0.07882438600063324,0.4093798100948334,"242,83,225,46,53","255,148,161,24,96",1:710:2|1:720:2|1:768:2
ckpt_4100.pt,1,284,0.4811412990093231,0.0948689728975296,0.39687904715538025,"158,55,124,52,188","62,235,182,73,203",1:159:2|1:460:2|1:702:2
ckpt_4100.pt,1,285,0.4674138128757477,0.07150053977966309,0.3558332324028015,"158,99,205,118,251","177,9,241,254,8",1:411:2|1:428:2|1:760:2
ckpt_4100.pt,1,286,0.4563099443912506,0.08415726572275162,0.4104398190975189,"31,181,251,21,159","149,87,13,229,91",1:261:2|1:941:2|1:0:1
ckpt_4100.pt,1,287,0.447495698928833,0.10724994540214539,0.4014568030834198,"69,194,233,162,116","219,254,102,211,96",1:299:2|1:363:2|1:29:1
ckpt_4100.pt,1,288,0.46079903841018677,0.08537734299898148,0.38476982712745667,"222,107,188,74,65","137,184,191,59,135",1:225:2|1:419:2|1:527:2
ckpt_4100.pt,1,289,0.4232129752635956,0.0776090994477272,0.3644351363182068,"103,131,17,232,63","175,211,18,73,55",1:17:2|1:375:2|1:397:2
ckpt_4100.pt,1,290,0.4686235189437866,0.07175968587398529,0.3912387490272522,"113,9,210,118,107","15,20,146,77,107",1:43:2|1:444:2|1:595:2
ckpt_4100.pt,1,291,0.5003545880317688,0.08319884538650513,0.4384044110774994,"99,227,108,45,245","38,62,24,133,144",1:32:2|1:428:2|1:473:2
ckpt_4100.pt,1,292,0.49774715304374695,0.08158155530691147,0.39083027839660645,"197,152,225,2,248","116,171,237,55,68",1:345:2|1:1:1|1:7:1
ckpt_4100.pt,1,293,0.43286123871803284,0.09902508556842804,0.3718847632408142,"107,220,60,102,167","39,201,218,32,96",1:68:2|1:0:1|1:9:1
ckpt_4100.pt,1,294,0.44072088599205017,0.107510045170784,0.3752768933773041,"198,1,187,73,146","32,66,111,27,226",1:36:2|1:66:2|1:703:2
ckpt_4100.pt,1,295,0.4714277684688568,0.10234470665454865,0.42622050642967224,"235,236,40,156,218","205,80,125,100,135",1:875:2|1:19:1|1:24:1
ckpt_4100.pt,1,296,0.4756995141506195,0.09158650785684586,0.4066636562347412,"108,74,57,182,38","77,249,40,27,71",1:82:2|1:527:2|1:21:1
ckpt_4100.pt,1,297,0.5311992764472961,0.13472992181777954,0.43488025665283203,"86,16,23,153,123","124,107,28,45,55",1:577:2|1:768:2|1:900:2
ckpt_4100.pt,1,298,0.4697161316871643,0.08266724646091461,0.3783906400203705,"45,223,219,123,79","196,253,139,174,112",1:535:3|1:997:2|1:10:1
ckpt_4100.pt,1,299,0.4661601185798645,0.08832249790430069,0.38230419158935547,"162,152,100,185,194","28,15,61,128,232",1:70:2|1:91:2|1:287:2
ckpt_4100.pt,1,300,0.5038262605667114,0.09410355985164642,0.42220810055732727,"188,24,166,91,100","204,239,150,203,227",1:839:2|1:5:1|1:27:1
ckpt_4100.pt,1,301,0.5019392967224121,0.0967162549495697,0.4250694811344147,"50,32,220,138,83","97,52,239,35,189",1:678:2|1:9:1|1:34:1
ckpt_4100.pt,1,302,0.5120067596435547,0.09732723981142044,0.4209102988243103,"172,248,25,36,218","60,178,247,100,105",1:69:2|1:600:2|1:823:2
ckpt_4100.pt,1,303,0.43776935338974,0.09982166439294815,0.3929470181465149,"36,198,227,175,142","227,224,252,45,25",1:42:2|1:113:2|1:220:2
ckpt_4100.pt,1,304,0.5084079504013062,0.08591978251934052,0.45070433616638184,"142,94,131,185,179","149,215,46,184,232",1:319:2|1:494:2|1:508:2
ckpt_4100.pt,1,305,0.43682748079299927,0.09295199811458588,0.38383686542510986,"211,61,161,209,123","212,250,232,65,101",1:501:2|1:514:2|1:883:2
ckpt_4100.pt,1,306,0.46622464060783386,0.10034921765327454,0.39637863636016846,"79,22,19,33,170","203,61,25,31,181",1:431:2|1:459:2|1:564:2
ckpt_4100.pt,1,307,0.5223802328109741,0.09689018875360489,0.43722569942474365,"45,250,237,154,86","164,235,29,154,207",1:25:2|1:572:2|1:577:2
ckpt_4100.pt,1,308,0.4951555132865906,0.09922490268945694,0.40647178888320923,"32,44,125,111,22","189,173,19,77,100",1:556:3|1:216:2|1:226:2
ckpt_4100.pt,1,309,0.47946566343307495,0.09992209821939468,0.4040971100330353,"86,55,77,245,30","116,45,226,86,181",1:226:2|1:388:2|1:572:2
ckpt_4100.pt,1,310,0.474611759185791,0.09844189882278442,0.42285633087158203,"80,36,228,9,179","179,130,196,32,94",1:41:2|1:145:2|1:463:2
ckpt_4100.pt,1,311,0.5317133069038391,0.12438071519136429,0.40562674403190613,"186,105,139,164,236","54,237,142,234,188",1:648:2|1:819:2|1:10:1
ckpt_4100.pt,1,312,0.5023683905601501,0.11106257140636444,0.4229099452495575,"28,244,210,217,70","47,3,221,62,78",1:17:2|1:482:2|1:694:2
ckpt_4100.pt,1,313,0.44403591752052307,0.08880874514579773,0.4042400121688843,"97,104,69,20,153","99,61,172,143,96",1:274:2|1:575:2|1:596:2
ckpt_4100.pt,1,314,0.48636558651924133,0.09759732335805893,0.4313749670982361,"33,92,58,244,112","175,128,82,216,139",1:652:2|1:764:2|1:798:2
ckpt_4100.pt,1,315,0.4329032897949219,0.07845057547092438,0.3869403302669525,"94,149,159,129,172","10,54,216,171,152",1:246:2|1:743:2|1:803:2
ckpt_4100.pt,1,316,0.486284077167511,0.09362678974866867,0.39181074500083923,"43,236,12,234,123","98,209,135,128,57",1:37:2|1:81:2|1:196:2
ckpt_4100.pt,1,317,0.42892900109291077,0.0811920091509819,0.3976605534553528,"110,182,31,124,118","75,112,53,70,92",1:577:2|1:938:2|1:0:1
ckpt_4100.pt,1,318,0.452678382396698,0.08128907531499863,0.38106346130371094,"102,61,185,35,125","96,153,202,76,110",1:653:2|1:30:1|1:62:1
ckpt_4100.pt,1,319,0.46700409054756165,0.0879974514245987,0.3999376595020294,"118,131,179,235,245","33,5,105,38,148",1:19:2|1:181:2|1:304:2
ckpt_4100.pt,1,320,0.4684978127479553,0.09213466942310333,0.3871367871761322,"20,252,148,112,107","68,107,13,87,227",1:106:2|1:131:2|1:136:2
ckpt_4100.pt,1,321,0.46827682852745056,0.08383290469646454,0.429860383272171,"156,169,147,58,130","94,102,90,122,47",1:221:2|1:474:2|1:581:2
ckpt_4100.pt,1,322,0.48236337304115295,0.0865914598107338,0.4160236418247223,"136,74,243,77,88","53,173,196,46,215",1:11:2|1:16:2|1:267:2
ckpt_4100.pt,1,323,0.5003905296325684,0.1121814027428627,0.4082466661930084,"252,182,196,132,23","1,253,235,202,181",1:696:2|1:8:1|1:26:1
ckpt_4100.pt,1,324,0.554373562335968,0.09415604174137115,0.485258549451828,"194,84,206,141,175","217,142,28,208,245",1:670:2|1:790:2|1:2:1
ckpt_4100.pt,1,325,0.4987529516220093,0.11452282220125198,0.3938515782356262,"1,127,74,248,243","182,219,76,166,240",1:124:2|1:322:2|1:18:1
ckpt_4100.pt,1,326,0.42846447229385376,0.07768140733242035,0.39949092268943787,"75,213,204,223,247","220,97,252,102,187",1:114:2|1:197:2|1:7:1
ckpt_4100.pt,1,327,0.5280776619911194,0.08718234300613403,0.4317687451839447,"29,139,43,59,232","63,14,21,184,37",1:50:2|1:273:2|1:365:2
ckpt_4100.pt,1,328,0.45036882162094116,0.07734077423810959,0.3633944094181061,"17,115,13,223,233","118,45,170,146,12",1:2:1|1:9:1|1:31:1
ckpt_4100.pt,1,329,0.43876418471336365,0.10076360404491425,0.3909212350845337,"71,58,110,80,239","245,203,90,64,111",1:369:2|1:633:2|1:707:2
ckpt_4100.pt,1,330,0.4736200273036957,0.08812078088521957,0.4429648816585541,"227,109,60,144,19","134,47,231,181,53",1:11:2|1:137:2|1:360:2
ckpt_4100.pt,1,331,0.4944130480289459,0.0899883583188057,0.4080217778682709,"251,40,51,219,174","100,108,233,196,98",1:59:2|1:662:2|1:2:1
ckpt_4100.pt,1,332,0.4196855425834656,0.07091539353132248,0.4095458984375,"127,140,87,51,106","18,40,237,232,252",1:24:2|1:492:2|1:509:2
ckpt_4100.pt,1,333,0.4258054196834564,0.0654757097363472,0.4070624113082886,"62,34,136,66,119","191,177,240,77,232",1:676:3|1:128:2|1:614:2
ckpt_4100.pt,1,334,0.44093742966651917,0.08872559666633606,0.4073316156864166,"102,50,186,141,67","7,194,109,80,205",1:34:1|1:50:1|1:68:1
ckpt_4100.pt,1,335,0.5194105505943298,0.10776154696941376,0.42118149995803833,"78,22,59,234,178","189,252,200,91,97",1:612:2|1:774:2|1:3:1
ckpt_4100.pt,1,336,0.43629398941993713,0.08025433123111725,0.35578951239585876,"82,22,222,3,158","180,200,81,17,19",1:281:2|1:404:2|1:448:2
ckpt_4100.pt,1,337,0.4748774468898773,0.09604934602975845,0.3799121379852295,"89,216,130,158,139","149,139,218,82,3",1:805:2|1:965:2|1:45:1
ckpt_4100.pt,1,338,0.43836644291877747,0.09031618386507034,0.4006640911102295,"114,120,23,152,176","34,7,236,48,145",1:26:2|1:477:2|1:841:2
ckpt_4100.pt,1,339,0.4552832245826721,0.10268610715866089,0.37873461842536926,"146,84,107,55,208","115,132,184,174,141",1:78:2|1:658:2|1:708:2
ckpt_4100.pt,1,340,0.5287635326385498,0.11155101656913757,0.43004462122917175,"233,94,146,85,226","121,66,139,17,175",1:239:2|1:241:2|1:3:1
ckpt_4100.pt,1,341,0.5061135292053223,0.0904262587428093,0.3932914435863495,"149,160,46,61,98","53,100,89,139,22",1:99:2|1:522:2|1:589:2
ckpt_4100.pt,1,342,0.41438600420951843,0.07057727128267288,0.35949328541755676,"233,135,228,120,27","80,28,55,164,47",1:0:1|1:22:1|1:58:1
ckpt_4100.pt,1,343,0.5408665537834167,0.08903633058071136,0.45738697052001953,"217,71,62,8,29","48,181,234,15,111",1:192:2|1:208:2|1:387:2
ckpt_4100.pt,1,344,0.48933857679367065,0.08183412253856659,0.40110042691230774,"28,241,180,188,96","125,216,36,208,148",1:214:2|1:619:2|1:815:2
ckpt_4100.pt,1,345,0.47414547204971313,0.09701570123434067,0.40003690123558044,"55,121,248,240,152","102,48,96,176,178",1:292:2|1:450:2|1:702:2
ckpt_4100.pt,1,346,0.42921480536460876,0.08106604218482971,0.39827612042427063,"254,17,189,174,69","28,40,32,145,72",1:2:2|1:359:2|1:375:2
ckpt_4100.pt,1,347,0.5030285120010376,0.08010372519493103,0.41597723960876465,"150,108,88,223,196","184,238,35,155,12",1:105:2|1:191:2|1:197:2
ckpt_4100.pt,1,348,0.4264565408229828,0.08950059115886688,0.3683740496635437,"14,41,85,19,232","184,199,217,125,85",1:166:2|1:365:2|1:889:2
ckpt_4100.pt,1,349,0.3830026686191559,0.06635405868291855,0.3709324300289154,"59,15,182,172,144","189,92,20,188,237",1:495:2|1:610:2|1:770:2
ckpt_4100.pt,1,350,0.4818117618560791,0.10260844230651855,0.41095462441444397,"100,251,19,74,236","217,116,99,216,224",1:761:2|1:811:2|1:5:1
ckpt_4100.pt,1,351,0.4750825762748718,0.09183445572853088,0.4326058328151703,"110,188,183,176,14","56,91,179,168,24",1:172:2|1:398:2|1:1015:2
ckpt_4100.pt,1,352,0.4710172712802887,0.07479670643806458,0.408071368932724,"207,206,166,103,30","191,198,246,217,197",1:121:2|1:270:2|1:670:2
ckpt_4100.pt,1,353,0.46134260296821594,0.0878513902425766,0.40587282180786133,"137,22,44,116,12","183,212,163,41,37",1:118:2|1:147:2|1:308:2
ckpt_4100.pt,1,354,0.494498610496521,0.11774268746376038,0.43698614835739136,"2,13,133,99,210","252,121,238,169,198",1:380:2|1:574:2|1:8:1
ckpt_4100.pt,1,355,0.49820950627326965,0.07777705788612366,0.44343310594558716,"220,225,5,61,207","223,175,80,188,194",1:563:2|1:797:2|1:863:2
ckpt_4100.pt,1,356,0.45211857557296753,0.08024599403142929,0.3913125693798065,"102,43,54,201,32","185,103,55,126,100",1:110:2|1:173:2|1:227:2
ckpt_4100.pt,1,357,0.4257485270500183,0.08744680136442184,0.3904561698436737,"78,127,158,219,37","123,250,27,243,70",1:49:2|1:134:2|1:24:1
ckpt_4100.pt,1,358,0.45164763927459717,0.08340948075056076,0.389712393283844,"30,119,48,144,84","132,148,53,67,202",1:374:2|1:962:2|1:3:1
ckpt_4100.pt,1,359,0.4857299029827118,0.09109196066856384,0.4086979925632477,"89,177,254,174,77","252,223,178,44,30",1:346:2|1:436:2|1:2:1
ckpt_4100.pt,1,360,0.4376893937587738,0.09251062572002411,0.3723294734954834,"144,143,14,109,222","199,80,146,93,20",1:44:2|1:137:2|1:330:2
ckpt_4100.pt,1,361,0.44199204444885254,0.07843140512704849,0.3849320113658905,"11,132,203,100,80","248,167,160,45,57",1:44:2|1:408:2|1:441:2
ckpt_4100.pt,1,362,0.44812148809432983,0.07803015410900116,0.3655845820903778,"203,183,79,178,51","247,175,80,68,148",1:635:2|1:952:2|1:984:2
ckpt_4100.pt,1,363,0.42289412021636963,0.10445696860551834,0.3713405132293701,"133,233,54,20,116","104,12,196,131,218",1:136:2|1:287:2|1:606:2
ckpt_4100.pt,1,364,0.5717054605484009,0.13441498577594757,0.46039992570877075,"220,67,13,101,151","4,224,63,115,252",1:9:2|1:90:2|1:557:2
ckpt_4100.pt,1,365,0.5166120529174805,0.09722069650888443,0.4129447638988495,"249,29,189,19,232","47,209,73,44,216",1:15:2|1:327:2|1:348:2
ckpt_4100.pt,1,366,0.5195229649543762,0.0969490185379982,0.4095284938812256,"128,176,204,125,178","194,161,195,47,16",1:207:2|1:991:2|1:1015:2
ckpt_4100.pt,1,367,0.4547363519668579,0.090436652302742,0.40196627378463745,"181,155,22,0,238","137,55,39,97,149",1:132:2|1:838:2|1:11:1
ckpt_4100.pt,1,368,0.4755319058895111,0.08550722897052765,0.4074774980545044,"212,166,158,47,51","24,231,204,6,222",1:609:2|1:929:2|1:21:1
ckpt_4100.pt,1,369,0.4501102864742279,0.11936624348163605,0.4018252193927765,"155,139,142,58,110","84,73,153,97,236",1:29:2|1:273:2|1:329:2
ckpt_4100.pt,1,370,0.4953727722167969,0.08403382450342178,0.3929433524608612,"70,223,236,168,61","19,128,178,185,69",1:371:2|1:618:2|1:863:2
ckpt_4100.pt,1,371,0.46920496225357056,0.08103427290916443,0.41502636671066284,"215,70,223,2,239","227,22,190,28,79",1:370:2|1:618:2|1:728:2
ckpt_4100.pt,1,372,0.38752126693725586,0.06061533838510513,0.3385709822177887,"154,24,191,114,107","255,133,175,5,177",1:213:2|1:595:2|1:1:1
ckpt_4100.pt,1,373,0.454555481672287,0.08082519471645355,0.40915411710739136,"151,239,115,63,82","49,250,51,90,99",1:144:2|1:448:2|1:592:2
ckpt_4100.pt,1,374,0.4872991740703583,0.08376447856426239,0.41870343685150146,"84,48,230,242,140","200,108,4,117,183",1:40:2|1:358:2|1:458:2
ckpt_4100.pt,1,375,0.470377653837204,0.08906872570514679,0.4107426106929779,"212,254,53,103,17","112,213,227,219,81",1:289:2|1:346:2|1:528:2
ckpt_4100.pt,1,376,0.4713685214519501,0.08359453827142715,0.4088585674762726,"146,39,76,228,109","24,107,216,39,220",1:66:2|1:451:2|1:486:2
ckpt_4100.pt,1,377,0.4741322100162506,0.08261951804161072,0.4206675887107849,"6,127,181,36,27","233,115,142,144,32",1:41:2|1:132:2|1:0:1
ckpt_4100.pt,1,378,0.4884120225906372,0.08636599779129028,0.40997105836868286,"220,109,181,235,108","82,52,143,3,154",1:441:2|1:536:2|1:717:2
ckpt_4100.pt,1,379,0.46368443965911865,0.0917975977063179,0.40285056829452515,"227,219,114,186,160","160,95,23,158,65",1:76:2|1:263:2|1:935:2
ckpt_4100.pt,1,380,0.511940062046051,0.11382079124450684,0.41419893503189087,"93,13,99,90,171","34,32,93,177,63",1:78:2|1:354:2|1:671:2
ckpt_4100.pt,1,381,0.505885124206543,0.11775156855583191,0.4051484167575836,"127,245,102,230,209","117,119,217,4,252",1:68:2|1:545:2|1:546:2
ckpt_4100.pt,1,382,0.45506832003593445,0.07455765455961227,0.41286391019821167,"140,61,145,6,31","117,129,96,224,88",1:514:2|1:561:2|1:843:2
ckpt_4100.pt,1,383,0.4611641764640808,0.08078151196241379,0.4336240887641907,"171,80,46,91,243","91,151,9,13,125",1:99:2|1:587:2|1:5:1
ckpt_4100.pt,1,384,0.4676577150821686,0.10378982126712799,0.4147677719593048,"156,117,49,90,221","116,193,245,106,6",1:237:2|1:281:2|1:432:2
ckpt_4100.pt,1,385,0.4872242510318756,0.08939231932163239,0.4148431718349457,"206,124,16,251,63","167,51,120,173,96",1:942:2|1:2:1|1:17:1
ckpt_4100.pt,1,386,0.49291273951530457,0.11143770068883896,0.40319666266441345,"108,103,6,13,114","2,185,89,212,142",1:158:2|1:1:1|1:9:1
ckpt_4100.pt,1,387,0.4638397991657257,0.08685362339019775,0.38805222511291504,"217,122,62,69,152","122,152,106,53,68",1:276:2|1:343:2|1:512:2
ckpt_4100.pt,1,388,0.4818718731403351,0.09027915447950363,0.4303940534591675,"218,86,98,145,245","238,56,182,13,156",1:226:2|1:269:2|1:309:2
ckpt_4100.pt,1,389,0.5009500980377197,0.09392291307449341,0.4228777587413788,"31,35,53,201,176","134,25,8,140,132",1:120:2|1:683:2|1:991:2
ckpt_4100.pt,1,390,0.4018290936946869,0.06771370023488998,0.3701643645763397,"185,218,51,255,132","26,10,94,248,143",1:758:3|1:104:2|1:211:2
ckpt_4100.pt,1,391,0.4985889792442322,0.08315185457468033,0.4332646131515503,"22,141,97,231,30","135,95,254,41,239",1:415:2|1:54:1|1:59:1
ckpt_4100.pt,1,392,0.4265102446079254,0.09316221624612808,0.4214305281639099,"31,10,185,39,136","0,235,246,171,15",1:0:1|1:2:1|1:4:1
ckpt_4100.pt,1,393,0.4811946451663971,0.1092413067817688,0.39047500491142273,"85,100,84,150,105","85,124,146,171,57",1:33:2|1:887:2|1:8:1
ckpt_4100.pt,1,394,0.5402165651321411,0.09281893819570541,0.41419798135757446,"160,58,136,184,139","95,99,15,7,204",1:369:2|1:904:2|1:965:2
ckpt_4100.pt,1,395,0.42673826217651367,0.08479119092226028,0.38560009002685547,"241,163,105,235,152","243,56,1,41,188",1:19:2|1:133:2|1:2:1
ckpt_4100.pt,1,396,0.43718552589416504,0.09280481934547424,0.3941245973110199,"43,163,47,108,8","89,61,18,152,38",1:25:2|1:141:2|1:829:2
ckpt_4100.pt,1,397,0.4428197741508484,0.08557870984077454,0.42608094215393066,"103,228,240,131,145","174,97,53,71,246",1:22:2|1:127:2|1:289:2
ckpt_4100.pt,1,398,0.49720868468284607,0.09231388568878174,0.4581570029258728,"224,105,188,176,246","223,252,250,230,61",1:33:2|1:225:2|1:351:2
ckpt_4100.pt,1,399,0.45780566334724426,0.08734670281410217,0.426578164100647,"249,77,146,227,97","250,228,156,248,163",1:3:1|1:7:1|1:10:1
ckpt_4100.pt,1,400,0.42010635137557983,0.0691637396812439,0.36597660183906555,"33,138,174,186,36","96,253,97,87,191",1:421:2|1:656:2|1:2:1
ckpt_4100.pt,1,401,0.4243204593658447,0.10223888605833054,0.38169944286346436,"241,182,44,229,17","210,4,139,182,143",1:179:3|1:2:2|1:225:2
ckpt_4100.pt,1,402,0.4238416850566864,0.08609629422426224,0.3878602385520935,"25,212,178,197,124","40,235,112,93,254",1:500:2|1:772:2|1:1015:2
ckpt_4100.pt,1,403,0.43280816078186035,0.09241531789302826,0.3907431960105896,"190,77,23,1,142","202,96,236,52,32",1:220:2|1:246:2|1:459:2
ckpt_4100.pt,1,404,0.43764448165893555,0.0810467079281807,0.39442917704582214,"248,224,3,133,82","208,50,171,25,132",1:18:2|1:336:2|1:518:2
ckpt_4100.pt,1,405,0.5252127647399902,0.09581993520259857,0.4372270107269287,"14,51,66,138,8","122,132,35,208,133",1:174:2|1:200:2|1:747:2
ckpt_4100.pt,1,406,0.49559494853019714,0.09956473857164383,0.4138895571231842,"196,154,251,25,60","33,216,120,61,128",1:794:2|1:866:2|1:969:2
ckpt_4100.pt,1,407,0.4815216660499573,0.10009568184614182,0.401692658662796,"72,5,154,89,98","126,13,156,3,136",1:503:2|1:639:2|1:866:2
ckpt_4100.pt,1,408,0.4958924353122711,0.08430727571249008,0.42618998885154724,"11,203,211,129,1","64,145,163,101,92",1:274:2|1:361:2|1:425:2
ckpt_4100.pt,1,409,0.5399531126022339,0.11036115884780884,0.454511433839798,"146,194,215,90,192","17,131,114,35,217",1:78:2|1:3:1|1:12:1
ckpt_4100.pt,1,410,0.48461854457855225,0.0812612846493721,0.3903249204158783,"138,19,144,190,31","171,2,193,208,197",1:330:2|1:770:2|1:988:2
ckpt_4100.pt,1,411,0.41831904649734497,0.08128208667039871,0.3696151077747345,"251,123,158,141,14","181,189,95,6,180",1:285:2|1:937:2|1:10:1
ckpt_4100.pt,1,412,0.5969297885894775,0.1267031729221344,0.44902488589286804,"250,61,208,42,20","35,114,63,155,179",1:191:2|1:613:2|1:863:2
ckpt_4100.pt,1,413,0.5066605806350708,0.10918906331062317,0.4231862723827362,"236,93,163,78,184","215,99,138,38,148",1:24:1|1:25:1|1:31:1
ckpt_4100.pt,1,414,0.47816282510757446,0.09623964875936508,0.40438681840896606,"161,110,99,170,162","184,49,98,185,16",1:8:1|1:10:1|1:12:1
ckpt_4100.pt,1,415,0.40823012590408325,0.07531201839447021,0.3737318813800812,"174,231,22,67,96","106,154,2,188,18",1:391:2|1:594:2|1:0:1
ckpt_4100.pt,1,416,0.5657975673675537,0.11536028981208801,0.4724978804588318,"92,70,44,200,212","55,255,35,11,210",1:162:2|1:570:2|1:578:2
ckpt_4100.pt,1,417,0.4959578812122345,0.08524008095264435,0.3927351236343384,"78,164,172,4,209","79,215,196,225,160",1:10:2|1:27:2|1:41:1
ckpt_4100.pt,1,418,0.4785417914390564,0.08997559547424316,0.42396584153175354,"218,43,231,164,72","53,31,49,112,114",1:47:2|1:675:2|1:875:2
ckpt_4100.pt,1,419,0.4745599329471588,0.08902955800294876,0.38164079189300537,"209,58,236,107,188","187,2,167,84,195",1:68:2|1:80:2|1:225:2
ckpt_4100.pt,1,420,0.4717590808868408,0.08800195902585983,0.4183282256126404,"162,25,226,205,203","38,118,167,159,59",1:76:2|1:103:2|1:972:2
ckpt_4100.pt,1,421,0.5091002583503723,0.09597017616033554,0.4304046034812927,"33,138,164,252,30","163,166,103,191,40",1:400:2|1:532:2|1:704:2
ckpt_4100.pt,1,422,0.4587076008319855,0.08374552428722382,0.3844397962093353,"202,182,55,115,153","62,172,180,148,134",1:123:2|1:169:2|1:848:2
ckpt_4100.pt,1,423,0.4790082275867462,0.08910754323005676,0.39740079641342163,"133,242,235,189,35","22,218,167,96,119",1:496:2|1:606:2|1:1:1
ckpt_4100.pt,1,424,0.4630275368690491,0.09562597423791885,0.36967402696609497,"96,165,33,163,89","158,243,238,191,11",1:256:2|1:566:2|1:0:1
ckpt_4100.pt,1,425,0.46694424748420715,0.08185675740242004,0.4062742590904236,"184,1,129,242,241","221,148,210,38,203",1:129:2|1:165:2|1:408:2
ckpt_4100.pt,1,426,0.46658363938331604,0.08715927600860596,0.4086762070655823,"213,225,131,133,155","241,124,140,191,208",1:574:2|1:17:1|1:41:1
ckpt_4100.pt,1,427,0.463428258895874,0.07860811054706573,0.4118565022945404,"152,238,84,254,43","246,13,223,237,92",1:981:2|1:11:1|1:23:1
ckpt_4100.pt,1,428,0.46182870864868164,0.08127216249704361,0.3752153813838959,"158,149,63,99,45","169,179,99,60,189",1:285:2|1:291:2|1:592:2
ckpt_4100.pt,1,429,0.48618757724761963,0.10886922478675842,0.3790845572948456,"210,46,147,60,5","242,73,30,9,195",1:115:2|1:689:2|1:870:2
ckpt_4100.pt,1,430,0.47694170475006104,0.08815999329090118,0.3935157358646393,"217,202,80,237,94","96,17,4,151,107",1:999:2|1:6:1|1:13:1
ckpt_4100.pt,1,431,0.44133424758911133,0.08999712020158768,0.3666568994522095,"46,33,37,51,22","28,145,185,141,143",1:306:2|1:448:2|1:865:2
ckpt_4100.pt,1,432,0.4568789303302765,0.0842948853969574,0.3937162458896637,"132,117,0,156,24","237,227,171,143,66",1:137:2|1:384:2|1:449:2
ckpt_4100.pt,1,433,0.49954622983932495,0.09606747329235077,0.39369726181030273,"232,109,117,217,49","71,0,13,100,57",1:237:2|1:384:2|1:472:2
ckpt_4100.pt,1,434,0.5111026167869568,0.08958051353693008,0.41756704449653625,"224,45,54,216,48","73,255,138,185,249",1:646:2|1:684:2|1:4:1
ckpt_4100.pt,1,435,0.42763254046440125,0.08863142132759094,0.35782137513160706,"189,249,114,214,234","25,215,56,104,8",1:1:2|1:148:2|1:365:2
ckpt_4100.pt,1,436,0.44481325149536133,0.08828577399253845,0.4007786810398102,"252,2,177,254,131","178,145,149,107,44",1:143:2|1:183:2|1:359:2
ckpt_4100.pt,1,437,0.4678761661052704,0.0991983562707901,0.42257535457611084,"47,111,23,154,83","177,179,225,8,155",1:665:2|1:682:2|1:26:1
ckpt_4100.pt,1,438,0.45595699548721313,0.07983068376779556,0.39875325560569763,"225,147,164,140,108","15,149,127,9,244",1:583:2|1:843:2|1:10:1
ckpt_4100.pt,1,439,0.49261200428009033,0.0863487720489502,0.40803253650665283,"147,105,54,196,184","44,161,196,32,217",1:548:2|1:764:2|1:832:2
ckpt_4100.pt,1,440,0.458112508058548,0.08575489372015,0.38400959968566895,"35,174,109,206,11","127,170,180,111,144",1:2:2|1:149:2|1:632:2
ckpt_4100.pt,1,441,0.46173977851867676,0.105766162276268,0.3935824930667877,"132,220,178,108,100","163,107,122,226,169",1:361:2|1:378:2|1:536:2
ckpt_4100.pt,1,442,0.48554643988609314,0.0912439152598381,0.38716480135917664,"139,203,23,156,20","124,210,160,191,246",1:79:2|1:182:2|1:736:2
ckpt_4100.pt,1,443,0.5108706951141357,0.10953578352928162,0.3960966467857361,"219,200,13,232,241","211,30,86,226,248",1:49:2|1:265:2|1:467:2
ckpt_4100.pt,1,444,0.4697200655937195,0.10693972557783127,0.4226708710193634,"113,229,118,139,17","241,27,36,111,223",1:182:2|1:290:2|1:401:2
ckpt_4100.pt,1,445,0.5091251730918884,0.0842483788728714,0.43538898229599,"90,250,153,144,118","255,226,48,246,168",1:4:2|1:210:2|1:262:2
ckpt_4100.pt,1,446,0.44221311807632446,0.07855004072189331,0.39225301146507263,"36,182,26,235,30","71,95,227,20,191",1:19:2|1:223:2|1:502:2
ckpt_4100.pt,1,447,0.465205579996109,0.08457544445991516,0.39169320464134216,"183,199,224,104,154","205,219,13,222,95",1:207:2|1:14:1|1:15:1
ckpt_4100.pt,1,448,0.43906548619270325,0.09556147456169128,0.4220995008945465,"229,239,46,22,82","62,142,226,205,209",1:336:2|1:373:2|1:431:2
ckpt_4100.pt,1,449,0.48735713958740234,0.0899823009967804,0.4310983121395111,"233,138,156,117,255","134,126,79,69,224",1:63:2|1:384:2|1:432:2
ckpt_4100.pt,1,450,0.4098743796348572,0.08189322054386139,0.3686924874782562,"117,240,121,241,81","147,194,204,113,195",1:193:2|1:345:2|1:2:1
ckpt_4100.pt,1,451,0.46592003107070923,0.09991320222616196,0.4150393605232239,"128,39,109,99,96","215,69,31,156,2",1:8:2|1:235:2|1:376:2
ckpt_4100.pt,1,452,0.4497183561325073,0.08823677897453308,0.4013749659061432,"147,236,234,174,249","200,239,197,131,101",1:316:2|1:435:2|1:599:2
ckpt_4100.pt,1,453,0.472342312335968,0.08072498440742493,0.40844178199768066,"174,45,23,34,180","70,231,220,90,153",1:736:2|1:2:1|1:7:1
ckpt_4100.pt,1,454,0.5183799862861633,0.08551979809999466,0.46493637561798096,"173,68,189,0,187","176,134,2,16,201",1:1005:3|1:1:1|1:13:1
ckpt_4100.pt,1,455,0.4063878059387207,0.0796864703297615,0.3677384853363037,"73,39,123,195,78","13,53,7,105,45",1:976:2|1:2:1|1:4:1
ckpt_4100.pt,1,456,0.4586648643016815,0.09017281979322433,0.41040781140327454,"143,57,44,15,86","122,241,97,115,56",1:109:2|1:28:1|1:44:1
ckpt_4100.pt,1,457,0.4938875436782837,0.09947497397661209,0.4182473123073578,"17,96,71,158,98","107,30,122,147,170",1:28:2|1:73:2|1:1001:2
ckpt_4100.pt,1,458,0.4705708622932434,0.09164679050445557,0.42407211661338806,"230,98,87,101,84","93,179,18,221,171",1:31:2|1:90:2|1:374:2
ckpt_4100.pt,1,459,0.4386172294616699,0.09529028832912445,0.35027989745140076,"142,79,23,33,85","97,103,223,29,83",1:246:2|1:306:2|1:403:2
ckpt_4100.pt,1,460,0.49191805720329285,0.0913773775100708,0.4105280339717865,"114,189,52,240,124","98,180,157,223,209",1:1:2|1:148:2|1:284:2
ckpt_4100.pt,1,461,0.481014221906662,0.09093284606933594,0.40798574686050415,"253,79,177,82,81","9,187,163,133,83",1:247:3|1:144:2|1:208:2
ckpt_4100.pt,1,462,0.4710237979888916,0.08739068359136581,0.37623387575149536,"8,154,103,15,79","99,33,29,230,114",1:77:2|1:144:2|1:1018:2
ckpt_4100.pt,1,463,0.4677610993385315,0.1071292981505394,0.3926621079444885,"236,96,9,228,91","254,183,55,227,20",1:310:2|1:742:2|1:863:2
ckpt_4100.pt,1,464,0.5052959322929382,0.10767052322626114,0.396049439907074,"56,224,5,84,184","141,227,11,216,198",1:83:2|1:129:2|1:211:2
ckpt_4100.pt,1,465,0.3782009780406952,0.06581062823534012,0.35834628343582153,"244,116,96,221,216","211,78,218,212,54",1:235:2|1:249:2|1:275:2
ckpt_4100.pt,1,466,0.44980287551879883,0.08886775374412537,0.38424304127693176,"158,58,50,183,12","98,133,166,198,17",1:505:2|1:530:2|1:633:2
ckpt_4100.pt,1,467,0.4672434628009796,0.07592381536960602,0.3836309611797333,"219,232,64,24,187","185,88,203,103,1",1:49:2|1:443:2|1:23:1
ckpt_4100.pt,1,468,0.4400041997432709,0.10073898732662201,0.40091264247894287,"176,32,10,219,169","68,115,239,223,191",1:816:2|1:26:1|1:49:1
ckpt_4100.pt,1,469,0.46781688928604126,0.08106687664985657,0.43988728523254395,"158,220,146,231,54","8,132,206,171,27",1:100:2|1:478:2|1:3:1
ckpt_4100.pt,1,470,0.47874215245246887,0.08017320930957794,0.3981054723262787,"66,245,143,105,73","95,149,96,254,181",1:19:2|1:32:2|1:128:2
ckpt_4100.pt,1,471,0.4528719484806061,0.0897110179066658,0.3832716941833496,"198,111,11,129,36","221,208,121,230,45",1:69:2|1:303:2|1:408:2
ckpt_4100.pt,1,472,0.5018040537834167,0.08412492275238037,0.43491309881210327,"117,232,227,101,98","243,44,247,59,71",1:433:2|1:458:2|1:482:2
ckpt_4100.pt,1,473,0.4738326370716095,0.08682487905025482,0.409511536359787,"245,208,62,216,227","193,216,87,131,177",1:209:2|1:291:2|1:506:2
ckpt_4100.pt,1,474,0.4943216145038605,0.1081228107213974,0.39837682247161865,"191,51,156,147,112","208,21,184,254,67",1:728:3|1:106:2|1:321:2
ckpt_4100.pt,1,475,0.4844011962413788,0.08704843372106552,0.40872353315353394,"213,165,246,61,85","124,218,107,42,122",1:921:2|1:8:1|1:12:1
ckpt_4100.pt,1,476,0.46924158930778503,0.08703195303678513,0.4169931411743164,"187,154,58,37,35","161,65,196,139,170",1:49:2|1:559:2|1:569:2
ckpt_4100.pt,1,477,0.4341315031051636,0.09769880771636963,0.3745194673538208,"196,96,79,114,176","45,23,118,167,217",1:338:2|1:566:2|1:794:2
ckpt_4100.pt,1,478,0.4980974495410919,0.09910114109516144,0.4312334656715393,"255,7,26,54,231","124,48,218,136,119",1:9:2|1:469:2|1:990:2
ckpt_4100.pt,1,479,0.4373842477798462,0.09565684199333191,0.3782665431499481,"102,55,104,135,247","158,255,214,73,85",1:232:2|1:15:1|1:35:1
ckpt_4100.pt,1,480,0.4855918884277344,0.09858298301696777,0.4227079749107361,"66,104,57,222,56","131,133,24,41,73",1:754:2|1:776:2|1:15:1
ckpt_4100.pt,1,481,0.3953056335449219,0.06762263178825378,0.38079115748405457,"233,221,5,238,191","2,152,177,169,250",1:562:2|1:11:1|1:26:1
ckpt_4100.pt,1,482,0.4680136740207672,0.08094877004623413,0.39571070671081543,"92,98,210,28,117","239,178,138,180,167",1:312:2|1:472:2|1:647:2
ckpt_4100.pt,1,483,0.4802018105983734,0.08639637380838394,0.4015427231788635,"77,147,88,63,52","194,31,39,49,62",1:16:2|1:322:2|1:959:2
ckpt_4100.pt,1,484,0.44752374291419983,0.0853109210729599,0.4330637454986572,"96,58,221,168,118","92,5,177,198,124",1:465:2|1:900:2|1:919:2
ckpt_4100.pt,1,485,0.5395177602767944,0.12302737683057785,0.4549545645713806,"5,240,219,124,49","197,6,30,186,91",1:118:2|1:127:2|1:460:2
ckpt_4100.pt,1,486,0.4730018675327301,0.09246522188186646,0.3817735016345978,"22,222,109,147,39","5,48,208,56,209",1:336:2|1:360:2|1:376:2
ckpt_4100.pt,1,487,0.4574179947376251,0.10412875562906265,0.40107086300849915,"124,85,83,181,193","38,112,48,248,173",1:87:2|1:132:2|1:573:2
ckpt_4100.pt,1,488,0.3994024097919464,0.08301184326410294,0.35728442668914795,"111,162,131,48,177","23,217,179,191,214",1:233:3|1:94:2|1:436:2
ckpt_4100.pt,1,489,0.4816484749317169,0.10268834978342056,0.4026475250720978,"189,143,89,175,243","113,228,217,187,54",1:587:2|1:1:1|1:13:1
ckpt_4100.pt,1,490,0.477518767118454,0.07879673689603806,0.40925663709640503,"152,245,242,192,116","209,172,170,189,26",1:119:2|1:564:2|1:1002:2
ckpt_4100.pt,1,491,0.48920655250549316,0.08895181864500046,0.4106293022632599,"245,70,119,114,25","205,235,100,7,106",1:117:2|1:877:2|1:1:1
ckpt_4100.pt,1,492,0.4713438153266907,0.0935886800289154,0.42082855105400085,"87,249,121,104,140","33,1,88,180,252",1:332:2|1:509:2|1:583:2
ckpt_4100.pt,1,493,0.5003263354301453,0.10017094016075134,0.37282487750053406,"154,153,213,218,175","210,31,61,104,172",1:700:2|1:26:1|1:38:1
ckpt_4100.pt,1,494,0.4740697741508484,0.0943416878581047,0.4344366788864136,"245,15,28,185,142","244,106,254,204,45",1:119:2|1:246:2|1:304:2
ckpt_4100.pt,1,495,0.4469551742076874,0.0918673574924469,0.3907308578491211,"238,59,15,95,211","238,125,197,173,161",1:349:2|1:534:2|1:11:1
ckpt_4100.pt,1,496,0.4767609238624573,0.10243029147386551,0.4089629650115967,"35,75,209,242,219","65,126,23,200,158",1:423:2|1:550:2|1:578:2
ckpt_4100.pt,1,497,0.4927782714366913,0.10118651390075684,0.4341966509819031,"224,68,171,60,31","32,127,250,21,163",1:538:2|1:991:2|1:0:1
ckpt_4100.pt,1,498,0.463169664144516,0.08124148845672607,0.3812466263771057,"100,124,43,0,2","65,232,223,149,22",1:532:2|1:580:2|1:25:1
ckpt_4100.pt,1,499,0.44239479303359985,0.09414563328027725,0.36310404539108276,"122,40,180,191,224","165,91,2,209,18",1:205:2|1:260:2|1:699:2
ckpt_4100.pt,1,500,0.4975990056991577,0.10100461542606354,0.40693390369415283,"100,102,142,25,197","227,193,132,30,225",1:234:2|1:402:2|1:772:2
ckpt_4100.pt,1,501,0.45859047770500183,0.09297870844602585,0.381685346364975,"4,211,123,107,184","34,110,106,250,22",1:10:2|1:305:2|1:851:2
ckpt_4100.pt,1,502,0.4274994730949402,0.07211800664663315,0.35872530937194824,"36,226,93,148,26","219,128,151,145,185",1:19:2|1:130:2|1:446:2
ckpt_4100.pt,1,503,0.49551448225975037,0.10928909480571747,0.39347195625305176,"89,0,72,214,185","124,22,193,251,60",1:407:2|1:719:2|1:816:2
ckpt_4100.pt,1,504,0.5090863704681396,0.08084990084171295,0.4247173070907593,"240,122,124,255,159","57,121,212,202,115",1:460:2|1:485:2|1:12:1
ckpt_4100.pt,1,505,0.45639535784721375,0.0786137804389,0.3891514539718628,"58,18,124,50,155","253,40,112,187,219",1:369:2|1:466:2|1:559:2
ckpt_4100.pt,1,506,0.41728776693344116,0.0863959789276123,0.3971368372440338,"79,62,216,39,169","10,115,30,171,88",1:58:2|1:473:2|1:642:2
ckpt_4100.pt,1,507,0.43590572476387024,0.07510872930288315,0.38974714279174805,"39,217,60,221,188","201,50,97,157,99",1:71:2|1:660:2|1:661:2
ckpt_4100.pt,1,508,0.5019037127494812,0.09332862496376038,0.4175183176994324,"231,205,94,142,181","211,154,103,220,216",1:304:2|1:762:2|1:21:1
ckpt_4100.pt,1,509,0.5044406056404114,0.09813743084669113,0.4315153956413269,"249,51,125,140,9","101,78,42,50,16",1:146:2|1:332:2|1:492:2
ckpt_4100.pt,1,510,0.46583712100982666,0.08111352473497391,0.3894497752189636,"78,198,156,128,3","3,52,5,185,36",1:5:1|1:8:1|1:18:1
ckpt_4100.pt,1,511,0.4654855728149414,0.10848084837198257,0.4041360318660736,"146,44,244,221,38","46,220,144,63,129",1:78:2|1:201:2|1:203:2
ckpt_4100.pt,1,512,0.47347813844680786,0.0852443054318428,0.38742467761039734,"122,118,69,207,89","181,104,93,190,88",1:227:2|1:387:2|1:533:2
ckpt_4100.pt,1,513,0.4717330038547516,0.1041824147105217,0.39457863569259644,"106,144,238,224,65","12,127,29,1,234",1:14:2|1:1006:2|1:3:1
ckpt_4100.pt,1,514,0.4815306067466736,0.0924505665898323,0.4252498745918274,"61,211,145,163,247","204,251,10,28,83",1:202:2|1:222:2|1:305:2
ckpt_4100.pt,1,515,0.47146064043045044,0.08499861508607864,0.40768003463745117,"105,138,167,129,40","73,123,254,107,190",1:660:2|1:0:1|1:19:1
ckpt_4100.pt,1,516,0.4839218854904175,0.07534221559762955,0.42731422185897827,"102,241,136,108,162","226,216,246,49,122",1:158:2|1:252:2|1:2:1
ckpt_4100.pt,1,517,0.451668381690979,0.0808693990111351,0.41232365369796753,"76,165,251,20,227","97,224,227,157,19",1:52:2|1:737:2|1:779:2
ckpt_4100.pt,1,518,0.48976776003837585,0.09401631355285645,0.40705376863479614,"224,134,140,3,182","11,93,189,235,62",1:404:2|1:6:1|1:18:1
ckpt_4100.pt,1,519,0.4573378562927246,0.07343176007270813,0.4171324670314789,"246,46,99,75,199","132,23,242,221,149",1:18:2|1:733:2|1:7:1
ckpt_4100.pt,1,520,0.447259783744812,0.08068853616714478,0.39786091446876526,"136,207,11,187,43","132,96,84,236,143",1:227:2|1:266:2|1:555:2
ckpt_4100.pt,1,521,0.41665130853652954,0.08636903762817383,0.3665708303451538,"59,213,65,151,19","162,127,88,139,203",1:988:2|1:5:1|1:11:1
ckpt_4100.pt,1,522,0.48416024446487427,0.0869949609041214,0.3788529336452484,"98,251,144,222,46","56,54,144,41,78",1:269:3|1:341:2|1:360:2
ckpt_4100.pt,1,523,0.4127720892429352,0.0749262273311615,0.40452176332473755,"101,144,126,208,236","58,18,136,196,12",1:863:2|1:1003:2|1:3:1
ckpt_4100.pt,1,524,0.4691036641597748,0.09712739288806915,0.4112721383571625,"232,220,21,165,48","117,152,224,200,60",1:187:2|1:4:1|1:9:1
ckpt_4100.pt,1,525,0.45580506324768066,0.07343989610671997,0.4003894627094269,"28,75,47,63,110","186,109,130,249,52",1:868:2|1:7:1|1:10:1
ckpt_4100.pt,1,526,0.4662371277809143,0.07682857662439346,0.4142080545425415,"174,145,58,210,240","204,235,68,148,3",1:80:2|1:397:2|1:919:2
ckpt_4100.pt,1,527,0.5364425182342529,0.10481513291597366,0.443547785282135,"182,154,74,222,2","166,12,187,172,81",1:102:2|1:183:2|1:288:2
ckpt_4100.pt,1,528,0.5353814363479614,0.11566904932260513,0.4429422616958618,"222,53,164,103,228","167,36,246,17,9",1:22:2|1:375:2|1:397:2
ckpt_4100.pt,1,529,0.48876047134399414,0.07971923053264618,0.40347880125045776,"168,25,81,41,185","96,102,77,30,128",1:3:1|1:12:1|1:22:1
ckpt_4100.pt,1,530,0.4933856427669525,0.11982637643814087,0.383513867855072,"137,50,139,12,133","215,246,21,77,245",1:353:2|1:466:2|1:607:2
ckpt_4100.pt,1,531,0.5118021368980408,0.08325076103210449,0.3856721818447113,"148,93,194,30,70","174,63,244,80,197",1:502:2|1:694:2|1:17:1
ckpt_4100.pt,1,532,0.4904493987560272,0.09435100108385086,0.41348129510879517,"252,87,2,0,138","233,0,216,85,33",1:421:2|1:436:2|1:498:2
ckpt_4100.pt,1,533,0.5202858448028564,0.11163441091775894,0.44070419669151306,"85,122,69,171,17","16,174,136,40,29",1:346:2|1:387:2|1:512:2
ckpt_4100.pt,1,534,0.4751112461090088,0.09260065853595734,0.425682932138443,"32,47,118,15,95","189,153,1,200,198",1:20:2|1:495:2|1:659:2
ckpt_4100.pt,1,535,0.5143042206764221,0.09376466274261475,0.46462729573249817,"42,223,123,111,79","4,146,77,228,118",1:150:3|1:298:3|1:997:2
ckpt_4100.pt,1,536,0.49046385288238525,0.10893451422452927,0.4198837876319885,"80,220,224,108,118","244,125,252,29,96",1:198:2|1:219:2|1:378:2
ckpt_4100.pt,1,537,0.46662554144859314,0.09452816098928452,0.3943857252597809,"178,222,34,73,140","255,185,88,19,68",1:561:2|1:3:1|1:7:1
ckpt_4100.pt,1,538,0.4547404646873474,0.09602006524801254,0.4260464906692505,"98,171,100,194,224","243,50,73,96,226",1:299:2|1:497:2|1:547:2
ckpt_4100.pt,1,539,0.4561768174171448,0.10744443535804749,0.4057482182979584,"163,172,205,77,31","12,23,200,2,196",1:601:2|1:871:2|1:0:1
ckpt_4100.pt,1,540,0.4362351894378662,0.10328488051891327,0.3824763894081116,"39,236,127,189,233","108,1,19,112,25",1:24:2|1:58:2|1:682:2
ckpt_4100.pt,1,541,0.49906522035598755,0.12192761898040771,0.4083874225616455,"53,57,98,12,87","88,46,250,155,185",1:28:2|1:458:2|1:705:2
ckpt_4100.pt,1,542,0.40809670090675354,0.07664003223180771,0.37457332015037537,"75,73,23,103,161","12,43,79,255,20",1:22:2|1:127:2|1:7:1
ckpt_4100.pt,1,543,0.4693219065666199,0.0752246305346489,0.4052521288394928,"76,168,163,126,192","115,153,254,75,146",1:155:2|1:3:1|1:7:1
ckpt_4100.pt,1,544,0.5196226835250854,0.08788038790225983,0.43001437187194824,"59,157,24,229,189","79,18,211,128,147",1:629:2|1:1:1|1:13:1
ckpt_4100.pt,1,545,0.45681124925613403,0.0728466659784317,0.3897368311882019,"127,102,22,101,120","13,203,44,86,164",1:381:2|1:838:2|1:939:2
ckpt_4100.pt,1,546,0.48989686369895935,0.09679775685071945,0.41373685002326965,"209,127,111,103,92","146,163,250,64,115",1:381:2|1:565:2|1:13:1
ckpt_4100.pt,1,547,0.4683763086795807,0.10443663597106934,0.4238503575325012,"39,100,83,98,35","178,122,248,128,107",1:282:2|1:538:2|1:697:2
ckpt_4100.pt,1,548,0.5201411247253418,0.09536135941743851,0.4470469057559967,"102,196,105,173,238","200,24,89,199,65",1:439:2|1:764:2|1:8:1
ckpt_4100.pt,1,549,0.47610151767730713,0.08356726169586182,0.4037541449069977,"78,110,232,233,42","180,76,148,235,236",1:976:2|1:1017:2|1:10:1
ckpt_4100.pt,1,550,0.5031263828277588,0.11359281092882156,0.39041367173194885,"35,3,25,75,160","220,245,207,226,175",1:18:2|1:496:2|1:554:2
ckpt_4100.pt,1,551,0.5309725403785706,0.09489068388938904,0.4457230865955353,"124,11,214,98,234","24,91,108,57,220",1:81:2|1:435:2|1:588:2
ckpt_4100.pt,1,552,0.464138388633728,0.06888946890830994,0.4009612202644348,"133,87,60,245,49","62,133,153,143,162",1:20:2|1:185:2|1:0:1
ckpt_4100.pt,1,553,0.466497540473938,0.07767722010612488,0.39058932662010193,"226,106,250,180,223","216,42,150,4,134",1:920:3|1:262:2|1:613:2
ckpt_4100.pt,1,554,0.47690868377685547,0.08454868942499161,0.39858490228652954,"250,160,150,75,188","55,201,107,204,227",1:550:2|1:579:2|1:825:2
ckpt_4100.pt,1,555,0.510961651802063,0.09427034854888916,0.3932305872440338,"234,207,41,136,221","79,12,135,201,212",1:520:2|1:709:2|1:973:2
ckpt_4100.pt,1,556,0.49965837597846985,0.08189702779054642,0.42760562896728516,"125,237,32,22,239","252,90,74,17,4",1:308:3|1:448:2|1:812:2
ckpt_4100.pt,1,557,0.48062342405319214,0.09267902374267578,0.4359656274318695,"101,220,162,24,98","86,235,58,139,48",1:103:2|1:282:2|1:364:2
ckpt_4100.pt,1,558,0.49795305728912354,0.10488437861204147,0.4219761788845062,"57,103,237,117,122","174,36,221,182,189",1:48:2|1:193:2|1:698:2
ckpt_4100.pt,1,559,0.42122721672058105,0.09696239233016968,0.39875221252441406,"35,72,177,58,155","150,41,133,163,203",1:369:2|1:476:2|1:505:2
ckpt_4100.pt,1,560,0.5379173159599304,0.11688203364610672,0.4623538851737976,"87,179,19,24,63","147,144,160,248,73",1:282:2|1:651:2|1:705:2
ckpt_4100.pt,1,561,0.46532219648361206,0.09210226684808731,0.42213428020477295,"34,140,114,150,145","160,246,161,164,134",1:1:2|1:75:2|1:382:2
ckpt_4100.pt,1,562,0.453021764755249,0.09300266951322556,0.3947053849697113,"239,191,212,221,138","143,154,96,98,90",1:481:2|1:627:2|1:854:2
ckpt_4100.pt,1,563,0.461875855922699,0.08989989012479782,0.37173157930374146,"180,49,220,225,11","121,249,164,149,207",1:140:2|1:355:2|1:715:2
ckpt_4100.pt,1,564,0.4881787896156311,0.09901659935712814,0.4091883599758148,"22,245,19,242,255","114,137,123,132,172",1:586:3|1:53:2|1:147:2
ckpt_4100.pt,1,565,0.44319576025009155,0.08621788024902344,0.4170409142971039,"111,53,209,119,248","239,111,2,252,161",1:117:2|1:546:2|1:962:2
ckpt_4100.pt,1,566,0.4270588457584381,0.08482415974140167,0.3871321976184845,"176,96,26,136,33","216,113,208,171,196",1:424:2|1:477:2|1:694:2
ckpt_4100.pt,1,567,0.4391111433506012,0.07499469071626663,0.4105053246021271,"148,6,254,78,105","55,24,7,34,138",1:667:2|1:910:2|1:19:1
ckpt_4100.pt,1,568,0.5157597661018372,0.08200653642416,0.451669842004776,"62,17,129,235,222","164,33,66,138,59",1:772:2|1:809:2|1:2:1
ckpt_4100.pt,1,569,0.46407249569892883,0.08525554090738297,0.4085317552089691,"163,180,58,154,19","188,13,215,240,182",1:5:2|1:53:2|1:476:2
ckpt_4100.pt,1,570,0.4840019941329956,0.08299785852432251,0.40201279520988464,"89,70,44,46,196","10,94,145,189,51",1:17:2|1:164:2|1:231:2
ckpt_4100.pt,1,571,0.5076791048049927,0.08180198818445206,0.4132579267024994,"12,107,29,136,52","182,176,96,52,6",1:208:2|1:611:2|1:628:2
ckpt_4100.pt,1,572,0.4622821509838104,0.10883655399084091,0.3794976472854614,"86,43,56,245,45","215,136,177,225,161",1:25:2|1:163:2|1:226:2
ckpt_4100.pt,1,573,0.5272413492202759,0.09308581054210663,0.428408682346344,"149,124,64,199,181","129,69,180,7,31",1:487:2|1:685:2|1:909:2
ckpt_4100.pt,1,574,0.4589622914791107,0.07626160234212875,0.4063514173030853,"13,131,151,133,29","183,125,135,42,177",1:354:2|1:364:2|1:426:2
ckpt_4100.pt,1,575,0.4864208400249481,0.11312469094991684,0.36393463611602783,"153,246,113,69,200","183,5,119,40,99",1:38:2|1:189:2|1:313:2
ckpt_4100.pt,1,576,0.47556445002555847,0.08129105716943741,0.38393059372901917,"173,100,194,59,44","76,242,9,207,139",1:204:2|1:255:2|1:299:2
ckpt_4100.pt,1,577,0.46427637338638306,0.11036950349807739,0.4102756083011627,"110,86,250,31,23","227,170,253,122,233",1:297:2|1:307:2|1:317:2
ckpt_4100.pt,1,578,0.44715070724487305,0.0906650647521019,0.3954443633556366,"75,44,58,70,219","163,189,241,109,80",1:74:2|1:179:2|1:416:2
ckpt_4100.pt,1,579,0.4576646685600281,0.08520635217428207,0.4006803035736084,"13,72,160,15,250","223,93,66,229,25",1:9:2|1:554:2|1:738:2
ckpt_4100.pt,1,580,0.47445911169052124,0.07405395060777664,0.39187324047088623,"213,2,190,109,100","220,181,82,107,164",1:263:2|1:498:2|1:982:2
ckpt_4100.pt,1,581,0.48488083481788635,0.08336328715085983,0.4086417853832245,"222,28,209,130,156","68,196,11,144,248",1:321:2|1:815:2|1:923:2
ckpt_4100.pt,1,582,0.5108820199966431,0.08167298883199692,0.42654359340667725,"3,90,165,108,191","187,67,107,106,255",1:12:2|1:252:2|1:281:2
ckpt_4100.pt,1,583,0.46399223804473877,0.09718166291713715,0.4070821702480316,"42,108,140,249,28","202,32,180,173,9",1:438:2|1:492:2|1:509:2
ckpt_4100.pt,1,584,0.5222277045249939,0.08699997514486313,0.4123722016811371,"24,109,14,255,94","92,0,162,250,251",1:137:2|1:360:2|1:12:1
ckpt_4100.pt,1,585,0.4856116473674774,0.10502444207668304,0.3967397212982178,"38,142,169,238,193","106,185,188,92,100",1:21:2|1:42:2|1:125:2
ckpt_4100.pt,1,586,0.4792919158935547,0.08588773757219315,0.43157386779785156,"255,120,242,134,19","40,77,116,252,25",1:564:3|1:53:2|1:765:2
ckpt_4100.pt,1,587,0.4136548638343811,0.06741191446781158,0.38613569736480713,"143,243,52,91,11","108,240,12,9,151",1:5:2|1:126:2|1:383:2
ckpt_4100.pt,1,588,0.4196987450122833,0.07999151200056076,0.4054074287414551,"136,123,98,214,202","106,175,221,45,66",1:551:2|1:845:2|1:10:1
ckpt_4100.pt,1,589,0.41634589433670044,0.07887032628059387,0.36234337091445923,"61,118,160,162,30","204,176,79,118,134",1:76:2|1:121:2|1:341:2
ckpt_4100.pt,1,590,0.48742178082466125,0.0829438790678978,0.41963016986846924,"154,195,43,22,225","89,64,185,179,96",1:612:2|1:641:2|1:25:1
ckpt_4100.pt,1,591,0.480260968208313,0.09122449159622192,0.4478357434272766,"2,137,252,227,184","67,79,216,96,58",1:436:2|1:532:2|1:853:2
ckpt_4100.pt,1,592,0.45895376801490784,0.07820457965135574,0.39764904975891113,"181,126,45,63,82","117,34,212,142,189",1:373:2|1:428:2|1:679:2
ckpt_4100.pt,1,593,0.4510748088359833,0.07692508399486542,0.3912488520145416,"145,47,147,200,59","124,126,90,49,78",1:222:2|1:1:1|1:44:1
ckpt_4100.pt,1,594,0.4471935033798218,0.08263953030109406,0.4085516631603241,"40,231,8,67,143","87,167,43,226,48",1:157:2|1:415:2|1:40:1
ckpt_4100.pt,1,595,0.4520430862903595,0.08070749044418335,0.3906673491001129,"113,107,217,191,207","231,73,132,83,157",1:43:2|1:290:2|1:372:2
ckpt_4100.pt,1,596,0.47834450006484985,0.08155833184719086,0.41568446159362793,"153,69,120,191,82","189,220,71,120,126",1:199:2|1:279:2|1:313:2
ckpt_4100.pt,1,597,0.522881805896759,0.09962300211191177,0.4337499737739563,"50,36,92,191,22","111,151,232,218,91",1:980:2|1:1010:2|1:15:1
ckpt_4100.pt,1,598,0.42816898226737976,0.06822583079338074,0.36452269554138184,"48,17,149,207,6","17,147,34,62,248",1:1001:2|1:2:1|1:4:1
ckpt_4100.pt,1,599,0.4814845323562622,0.09140705317258835,0.3829745054244995,"249,201,234,223,55","210,116,37,51,216",1:86:2|1:212:2|1:232:2
ckpt_4100.pt,1,600,0.4373006820678711,0.10829082876443863,0.3525884747505188,"172,89,25,30,232","136,52,240,244,91",1:302:2|1:772:2|1:12:1
ckpt_4100.pt,1,601,0.4657607674598694,0.08687327802181244,0.40766045451164246,"75,172,97,118,163","219,230,226,66,138",1:539:2|1:871:2|1:4:1
ckpt_4100.pt,1,602,0.5497426986694336,0.10614802688360214,0.451263427734375,"206,62,204,80,19","87,115,110,105,211",1:74:2|1:753:2|1:765:2
ckpt_4100.pt,1,603,0.4697801172733307,0.07045600563287735,0.37334445118904114,"92,115,183,144,171","135,238,237,120,247",1:14:2|1:817:2|1:925:2
ckpt_4100.pt,1,604,0.4924069344997406,0.10237736254930496,0.42877867817878723,"243,44,232,246,255","165,71,15,162,29",1:92:2|1:162:2|1:1013:2
ckpt_4100.pt,1,605,0.46783646941185,0.08624263107776642,0.3944568336009979,"249,0,196,82,71","109,15,7,177,84",1:267:2|1:1000:2|1:6:1
ckpt_4100.pt,1,606,0.4342547059059143,0.09226665645837784,0.3797244131565094,"35,221,154,54,133","67,61,143,35,234",1:363:2|1:423:2|1:476:2
ckpt_4100.pt,1,607,0.47631800174713135,0.08467349410057068,0.38850170373916626,"137,230,133,151,24","160,55,60,220,45",1:213:2|1:530:2|1:574:2
ckpt_4100.pt,1,608,0.44027644395828247,0.10020309686660767,0.4328087270259857,"108,42,97,115,217","249,175,178,179,36",1:583:2|1:888:2|1:13:1
ckpt_4100.pt,1,609,0.4652719497680664,0.08482903987169266,0.36529654264450073,"11,45,47,212,183","185,72,2,249,32",1:51:2|1:368:2|1:621:2
ckpt_4100.pt,1,610,0.4804118275642395,0.07830318063497543,0.40311381220817566,"59,195,56,37,182","193,163,170,30,93",1:349:2|1:754:2|1:770:2
ckpt_4100.pt,1,611,0.41659000515937805,0.08283443003892899,0.3932968080043793,"39,140,52,12,109","34,99,81,222,139",1:4:2|1:376:2|1:451:2
ckpt_4100.pt,1,612,0.4385615885257721,0.08807573467493057,0.38741612434387207,"43,22,28,78,221","180,157,36,242,69",1:281:2|1:335:2|1:590:2
ckpt_4100.pt,1,613,0.49744507670402527,0.09238200634717941,0.4602776765823364,"210,77,180,61,250","23,7,150,102,201",1:412:2|1:553:2|1:920:2
ckpt_4100.pt,1,614,0.41025474667549133,0.09324980527162552,0.4078943729400635,"35,34,110,163,62","34,11,252,23,233",1:29:2|1:333:2|1:676:2
ckpt_4100.pt,1,615,0.3878423571586609,0.07699786126613617,0.3479827344417572,"242,233,142,43,71","102,251,19,157,152",1:173:2|1:228:2|1:239:2
ckpt_4100.pt,1,616,0.5124256014823914,0.11724144965410233,0.445667564868927,"52,94,38,229,87","178,73,77,63,224",1:1007:2|1:1021:2|1:0:1
ckpt_4100.pt,1,617,0.45162060856819153,0.06795450299978256,0.39744898676872253,"18,160,252,173,71","28,29,158,2,7",1:6:1|1:9:1|1:16:1
ckpt_4100.pt,1,618,0.498015820980072,0.08697974681854248,0.4308485686779022,"116,70,32,72,223","175,243,184,129,210",1:105:2|1:275:2|1:370:2
ckpt_4100.pt,1,619,0.45361244678497314,0.082557313144207,0.36688432097435,"12,38,72,188,28","44,6,122,143,117",1:344:2|1:21:1|1:27:1
ckpt_4100.pt,1,620,0.4775398075580597,0.09058397263288498,0.38435691595077515,"246,79,13,35,239","122,68,166,205,195",1:58:2|1:120:2|1:189:2
ckpt_4100.pt,1,621,0.4990145266056061,0.09294886142015457,0.3988136351108551,"212,168,20,183,252","192,28,111,170,182",1:51:2|1:131:2|1:254:2
ckpt_4100.pt,1,622,0.4307447373867035,0.08999422937631607,0.3853551745414734,"134,43,156,214,174","87,223,196,195,31",1:110:2|1:804:2|1:829:2
ckpt_4100.pt,1,623,0.4566231667995453,0.08650524914264679,0.3783365786075592,"80,128,98,155,118","79,228,238,211,20",1:536:2|1:885:2|1:964:2
ckpt_4100.pt,1,624,0.48614561557769775,0.08352942764759064,0.3856546878814697,"141,45,187,56,7","169,215,79,183,242",1:45:2|1:272:2|1:276:2
ckpt_4100.pt,1,625,0.4868659973144531,0.10115101933479309,0.39949899911880493,"117,127,202,132,91","77,155,209,249,235",1:84:2|1:432:2|1:845:2
ckpt_4100.pt,1,626,0.40999215841293335,0.0739036500453949,0.36801183223724365,"137,59,232,86,248","123,118,40,24,173",1:54:2|1:327:2|1:918:2
ckpt_4100.pt,1,627,0.4502789080142975,0.0781482607126236,0.36427485942840576,"222,112,194,221,239","60,239,57,24,5",1:106:2|1:183:2|1:562:2
ckpt_4100.pt,1,628,0.471767395734787,0.08530449867248535,0.43030765652656555,"194,17,107,52,37","228,141,175,216,200",1:225:2|1:571:2|1:2:1
ckpt_4100.pt,1,629,0.4444003999233246,0.08358961343765259,0.3749856650829315,"189,229,20,119,121","21,228,191,107,179",1:148:2|1:544:2|1:756:2
ckpt_4100.pt,1,630,0.47645363211631775,0.08744625747203827,0.4028664231300354,"44,178,196,216,200","117,50,44,246,207",1:197:2|1:416:2|1:570:2
ckpt_4100.pt,1,631,0.4997619688510895,0.09634639322757721,0.42540180683135986,"224,115,165,145,150","167,143,103,200,112",1:561:2|1:686:2|1:874:2
ckpt_4100.pt,1,632,0.4678773581981659,0.08134201914072037,0.4048556387424469,"11,128,109,44,47","244,207,188,155,11",1:175:2|1:257:2|1:440:2
ckpt_4100.pt,1,633,0.49351567029953003,0.09878445416688919,0.4024144411087036,"58,239,27,12,234","247,215,176,49,59",1:37:2|1:81:2|1:193:2
ckpt_4100.pt,1,634,0.4488565921783447,0.07708621025085449,0.39661332964897156,"113,7,178,122,151","102,144,50,135,244",1:276:2|1:3:1|1:9:1
ckpt_4100.pt,1,635,0.42988213896751404,0.09421119838953018,0.36259037256240845,"240,15,120,51,203","36,111,98,13,226",1:46:2|1:168:2|1:362:2
ckpt_4100.pt,1,636,0.45858925580978394,0.08010260760784149,0.40070444345474243,"41,104,44,180,204","32,186,40,16,236",1:43:2|1:15:1|1:22:1
ckpt_4100.pt,1,637,0.48163121938705444,0.10649985820055008,0.4318171441555023,"211,90,119,46,50","211,180,125,212,14",1:12:1|1:17:1|1:18:1
ckpt_4100.pt,1,638,0.562671422958374,0.11061502248048782,0.44194167852401733,"85,53,185,38,222","50,192,131,36,78",1:167:2|1:528:2|1:8:1
ckpt_4100.pt,1,639,0.42446109652519226,0.11027969419956207,0.3733293414115906,"70,190,5,72,152","61,238,34,108,74",1:190:2|1:407:2|1:618:2
ckpt_4100.pt,1,640,0.4779543876647949,0.09121550619602203,0.41034141182899475,"49,137,89,80,148","149,132,248,66,140",1:45:2|1:231:2|1:1:1
ckpt_4100.pt,1,641,0.45376715064048767,0.0801389217376709,0.386027991771698,"244,156,154,189,195","175,216,9,241,194",1:590:2|1:1:1|1:13:1
ckpt_4100.pt,1,642,0.4175703823566437,0.07533757388591766,0.37081462144851685,"43,66,62,107,169","152,135,131,113,186",1:128:2|1:333:2|1:506:2
ckpt_4100.pt,1,643,0.5065798163414001,0.09681627154350281,0.4202290177345276,"230,231,28,169,111","184,57,17,204,75",1:91:2|1:214:2|1:253:2
ckpt_4100.pt,1,644,0.5024452805519104,0.09292982518672943,0.424677312374115,"250,162,51,184,31","250,163,196,44,55",1:103:2|1:165:2|1:577:2
ckpt_4100.pt,1,645,0.5181974172592163,0.09549994766712189,0.4344610273838043,"158,209,65,109,117","109,188,182,88,31",1:433:2|1:750:2|1:25:1
ckpt_4100.pt,1,646,0.49736252427101135,0.10043966770172119,0.40693217515945435,"54,209,71,224,163","132,207,57,253,197",1:434:2|1:958:2|1:6:1
ckpt_4100.pt,1,647,0.4373818337917328,0.07689638435840607,0.3754793405532837,"28,98,228,200,95","215,238,14,179,180",1:145:2|1:222:2|1:482:2
ckpt_4100.pt,1,648,0.4839264750480652,0.08304459601640701,0.4136497974395752,"167,139,210,236,0","19,237,57,48,212",1:79:2|1:311:2|1:819:2
ckpt_4100.pt,1,649,0.47558900713920593,0.084962859749794,0.40673351287841797,"163,40,171,18,250","207,218,150,205,225",1:25:2|1:155:2|1:759:2
ckpt_4100.pt,1,650,0.4332539737224579,0.07741104066371918,0.3916502892971039,"217,246,229,78,135","87,174,14,101,240",1:98:2|1:840:2|1:858:2
ckpt_4100.pt,1,651,0.46311667561531067,0.08574999868869781,0.3807998299598694,"24,217,116,19,48","1,232,71,111,246",1:282:2|1:560:2|1:4:1
ckpt_4100.pt,1,652,0.4596509635448456,0.08252463489770889,0.37948980927467346,"224,39,33,178,112","162,251,111,97,7",1:314:2|1:799:2|1:991:2
ckpt_4100.pt,1,653,0.5144533514976501,0.1043882742524147,0.44786277413368225,"61,67,13,125,146","17,32,48,16,72",1:78:2|1:318:2|1:364:2
ckpt_4100.pt,1,654,0.46827074885368347,0.08763294667005539,0.4240899682044983,"123,26,233,76,198","217,97,201,24,81",1:228:3|1:691:2|1:1017:2
ckpt_4100.pt,1,655,0.4622448682785034,0.09850543737411499,0.415416955947876,"106,126,61,204,122","195,77,80,131,36",1:198:2|1:927:2|1:7:1
ckpt_4100.pt,1,656,0.4677538573741913,0.12699571251869202,0.40021491050720215,"48,33,174,159,101","246,79,8,133,85",1:194:2|1:400:2|1:726:2
ckpt_4100.pt,1,657,0.4492279291152954,0.0899151861667633,0.38782206177711487,"199,98,145,249,138","154,97,8,178,203",1:169:2|1:212:2|1:388:2
ckpt_4100.pt,1,658,0.4466680586338043,0.08099152147769928,0.36960479617118835,"58,208,107,73,12","205,102,106,122,123",1:81:2|1:339:2|1:419:2
ckpt_4100.pt,1,659,0.4855753183364868,0.08742637187242508,0.42342090606689453,"15,171,66,120,118","93,80,130,233,19",1:534:2|1:635:2|1:752:2
ckpt_4100.pt,1,660,0.44338303804397583,0.07500356435775757,0.357195645570755,"217,167,180,138,39","206,49,199,10,44",1:43:2|1:140:2|1:507:2
ckpt_4100.pt,1,661,0.48521777987480164,0.07954113930463791,0.44376304745674133,"62,137,48,60,221","133,115,139,135,77",1:71:2|1:507:2|1:711:2
ckpt_4100.pt,1,662,0.46494343876838684,0.09476925432682037,0.3910463750362396,"51,172,40,111,19","61,198,126,162,4",1:74:2|1:94:2|1:331:2
ckpt_4100.pt,1,663,0.48262256383895874,0.09434141963720322,0.3954594135284424,"145,160,149,111,37","230,117,57,63,100",1:263:2|1:341:2|1:1:1
ckpt_4100.pt,1,664,0.479587584733963,0.09593623876571655,0.40029850602149963,"103,211,7,36,183","39,44,193,147,99",1:130:2|1:184:2|1:9:1
ckpt_4100.pt,1,665,0.49073439836502075,0.09008053690195084,0.4337450861930847,"154,203,41,111,91","180,100,44,254,31",1:437:2|1:972:2|1:5:1
ckpt_4100.pt,1,666,0.47225797176361084,0.08848337084054947,0.3963148891925812,"49,138,213,207,70","230,22,96,254,144",1:876:2|1:881:2|1:882:2
ckpt_4100.pt,1,667,0.46253907680511475,0.08430691063404083,0.4058273136615753,"254,59,71,6,26","217,82,158,159,108",1:567:2|1:820:2|1:6:1
ckpt_4100.pt,1,668,0.4787154793739319,0.08641928434371948,0.41112658381462097,"112,144,37,228,186","138,109,114,36,228",1:915:2|1:3:1|1:14:1
ckpt_4100.pt,1,669,0.5011695027351379,0.08054761588573456,0.4482196867465973,"73,60,120,56,51","23,73,121,131,61",1:104:2|1:635:2|1:696:2
ckpt_4100.pt,1,670,0.5087423324584961,0.11800041049718857,0.42021703720092773,"206,207,218,170,141","188,214,102,236,215",1:170:2|1:324:2|1:352:2
ckpt_4100.pt,1,671,0.4816237986087799,0.08986929804086685,0.4097858667373657,"154,32,90,99,3","201,37,144,30,52",1:281:2|1:380:2|1:582:2
ckpt_4100.pt,1,672,0.5081541538238525,0.08976710587739944,0.42614203691482544,"122,154,46,193,120","13,107,116,216,111",1:279:2|1:17:1|1:18:1
ckpt_4100.pt,1,673,0.4606357216835022,0.08309094607830048,0.3715256154537201,"45,33,114,150,144","32,0,159,177,198",1:75:3|1:561:2|1:792:2
ckpt_4100.pt,1,674,0.5096986889839172,0.0929788127541542,0.4307946562767029,"145,146,159,156,67","244,63,206,223,153",1:653:2|1:1:1|1:3:1
ckpt_4100.pt,1,675,0.4787970185279846,0.08701423555612564,0.4124408960342407,"163,156,113,72,164","100,212,224,13,229",1:47:2|1:161:2|1:224:2
ckpt_4100.pt,1,676,0.41231122612953186,0.07354045659303665,0.3622667193412781,"136,34,253,62,232","156,192,141,225,71",1:333:3|1:92:2|1:614:2
ckpt_4100.pt,1,677,0.45407986640930176,0.09449053555727005,0.4052290618419647,"136,100,89,170,82","11,146,22,20,96",1:11:1|1:45:1|1:70:1
ckpt_4100.pt,1,678,0.4135669469833374,0.06784448772668839,0.3573485016822815,"162,32,238,82,83","12,22,215,84,230",1:301:2|1:11:1|1:76:1
ckpt_4100.pt,1,679,0.5033707022666931,0.07889442145824432,0.4153777062892914,"183,126,225,45,129","21,47,217,228,184",1:592:2|1:609:2|1:7:1
ckpt_4100.pt,1,680,0.4229893088340759,0.0937841534614563,0.39085012674331665,"79,168,171,3,73","120,153,171,189,67",1:178:2|1:715:2|1:794:2
ckpt_4100.pt,1,681,0.49048587679862976,0.09006098657846451,0.4163590669631958,"97,62,6,110,133","91,1,216,228,36",1:92:2|1:614:2|1:707:2
ckpt_4100.pt,1,682,0.5003262162208557,0.09544166177511215,0.41391971707344055,"236,111,189,190,23","44,235,84,157,164",1:403:2|1:437:2|1:540:2
ckpt_4100.pt,1,683,0.4596444070339203,0.08348249644041061,0.39587485790252686,"176,212,233,109,53","11,148,214,122,177",1:375:2|1:389:2|1:1015:2
ckpt_4100.pt,1,684,0.532225489616394,0.10844477266073227,0.4807092547416687,"45,48,25,241,22","217,39,223,120,21",1:434:2|1:789:2|1:794:2
ckpt_4100.pt,1,685,0.43396806716918945,0.07937721163034439,0.40086761116981506,"64,185,79,199,18","192,191,59,253,120",1:91:2|1:239:2|1:573:2
ckpt_4100.pt,1,686,0.5003831386566162,0.09105835855007172,0.41383859515190125,"225,115,20,150,15","21,106,204,146,111",1:631:2|1:752:2|1:33:1
ckpt_4100.pt,1,687,0.4404994249343872,0.08411439508199692,0.36359503865242004,"44,40,135,175,137","242,222,203,155,164",1:353:2|1:1:1|1:16:1
ckpt_4100.pt,1,688,0.5003892779350281,0.08937489986419678,0.42725279927253723,"146,169,106,218,101","122,73,130,175,190",1:199:2|1:217:2|1:253:2
ckpt_4100.pt,1,689,0.4509766697883606,0.09048639237880707,0.44016382098197937,"96,60,183,210,75","151,93,141,120,99",1:429:2|1:925:2|1:0:1
ckpt_4100.pt,1,690,0.4814533293247223,0.10017350316047668,0.4153794050216675,"167,184,241,84,183","107,124,193,20,77",1:129:2|1:425:2|1:464:2
ckpt_4100.pt,1,691,0.45837876200675964,0.07868101447820663,0.38851994276046753,"233,144,26,249,245","3,80,255,242,87",1:19:2|1:151:2|1:181:2
ckpt_4100.pt,1,692,0.4540516436100006,0.0956907793879509,0.38475117087364197,"3,221,101,250,66","9,216,140,168,4",1:31:2|1:72:2|1:122:2
ckpt_4100.pt,1,693,0.4564136862754822,0.10014952719211578,0.3827514350414276,"198,51,160,147,213","34,72,147,212,253",1:474:2|1:9:1|1:16:1
ckpt_4100.pt,1,694,0.45209524035453796,0.0895712748169899,0.4163813292980194,"70,26,148,136,210","37,169,221,51,110",1:312:2|1:502:2|1:531:2
ckpt_4100.pt,1,695,0.44595298171043396,0.07551200687885284,0.38573721051216125,"93,95,182,206,69","189,54,155,44,107",1:942:3|1:800:2|1:2:1
ckpt_4100.pt,1,696,0.4690016210079193,0.09085892885923386,0.41357773542404175,"252,196,247,51,56","122,101,105,202,75",1:197:2|1:323:2|1:669:2
ckpt_4100.pt,1,697,0.49267086386680603,0.09096739441156387,0.429825097322464,"119,98,35,29,62","199,117,12,57,212",1:282:2|1:333:2|1:343:2
ckpt_4100.pt,1,698,0.4331662654876709,0.07813207805156708,0.3574552536010742,"103,171,193,174,237","89,151,209,142,98",1:558:2|1:1018:2|1:2:1
ckpt_4100.pt,1,699,0.5230953097343445,0.09077297151088715,0.42411714792251587,"63,180,161,191,234","209,179,93,167,82",1:499:2|1:700:2|1:6:1
ckpt_4100.pt,1,700,0.43742555379867554,0.06659204512834549,0.4207595884799957,"63,153,218,161,242","204,53,225,70,123",1:493:2|1:699:2|1:785:2
ckpt_4100.pt,1,701,0.5018033385276794,0.0969599112868309,0.4301773011684418,"188,162,113,90,42","164,12,233,45,16",1:12:1|1:14:1|1:21:1
ckpt_4100.pt,1,702,0.485088050365448,0.0965106189250946,0.40483781695365906,"55,158,103,240,224","230,43,74,177,201",1:127:2|1:284:2|1:345:2
ckpt_4100.pt,1,703,0.508751630783081,0.09646199643611908,0.42895713448524475,"146,1,4,199,47","130,172,233,254,5",1:294:2|1:3:1|1:10:1
ckpt_4100.pt,1,704,0.47218531370162964,0.09631094336509705,0.41457661986351013,"30,64,158,33,211","93,110,216,108,180",1:421:2|1:833:2|1:23:1
ckpt_4100.pt,1,705,0.5150887370109558,0.0963335782289505,0.4171642065048218,"12,87,173,90,63","13,211,32,218,117",1:541:2|1:560:2|1:0:1
ckpt_4100.pt,1,706,0.4443352520465851,0.08281628787517548,0.3775423467159271,"190,151,110,35,51","57,85,250,231,11",1:29:2|1:141:2|1:614:2
ckpt_4100.pt,1,707,0.4961426854133606,0.1105881780385971,0.40733131766319275,"110,8,97,152,80","237,35,114,128,7",1:145:2|1:329:2|1:681:2
ckpt_4100.pt,1,708,0.44811883568763733,0.06832458823919296,0.38196808099746704,"84,154,163,55,123","94,242,249,132,194",1:339:2|1:569:2|1:866:2
ckpt_4100.pt,1,709,0.41128480434417725,0.06893438845872879,0.3718530535697937,"232,11,221,234,10","41,154,206,36,83",1:81:2|1:551:2|1:555:2
ckpt_4100.pt,1,710,0.4666447937488556,0.0909438282251358,0.39158111810684204,"42,247,189,83,53","51,48,190,217,113",1:283:2|1:1:1|1:13:1
ckpt_4100.pt,1,711,0.4913831055164337,0.08307140320539474,0.4335082173347473,"35,60,12,162,221","191,233,210,238,92",1:71:2|1:507:2|1:606:2
ckpt_4100.pt,1,712,0.4553680717945099,0.09159716963768005,0.37510567903518677,"60,100,71,103,86","209,111,254,199,145",1:70:2|1:6:1|1:11:1
ckpt_4100.pt,1,713,0.4900606572628021,0.0844554603099823,0.4329093396663666,"79,201,200,128,174","193,163,133,27,214",1:783:2|1:2:1|1:3:1
ckpt_4100.pt,1,714,0.4176645278930664,0.08037345856428146,0.373879075050354,"61,191,105,55,48","105,218,82,147,57",1:756:2|1:883:2|1:4:1
ckpt_4100.pt,1,715,0.5193009972572327,0.08722119778394699,0.4213208258152008,"79,135,220,73,180","21,239,66,125,16",1:53:2|1:189:2|1:563:2
ckpt_4100.pt,1,716,0.4555443823337555,0.07784450054168701,0.4086873531341553,"90,124,166,109,59","4,115,21,210,79",1:916:2|1:12:1|1:25:1
ckpt_4100.pt,1,717,0.4644395709037781,0.08984923362731934,0.40027713775634766,"106,250,89,108,235","94,112,140,108,141",1:378:2|1:553:2|1:772:2
ckpt_4100.pt,1,718,0.4666273593902588,0.09469687938690186,0.41190826892852783,"45,169,213,162,7","148,178,241,170,85",1:45:2|1:101:2|1:624:2
ckpt_4100.pt,1,719,0.43816936016082764,0.07770846784114838,0.40481269359588623,"0,30,185,154,164","25,119,184,254,138",1:421:2|1:503:2|1:10:1
ckpt_4100.pt,1,720,0.46537747979164124,0.08295552432537079,0.3932359516620636,"242,48,8,206,83","46,220,11,252,195",1:283:2|1:374:2|1:800:2
ckpt_4100.pt,1,721,0.45381420850753784,0.09052732586860657,0.37574857473373413,"109,72,197,128,208","196,55,115,176,225",1:13:2|1:275:2|1:451:2
ckpt_4100.pt,1,722,0.5011181831359863,0.10162299126386642,0.40229156613349915,"55,79,246,139,222","114,170,26,178,2",1:58:2|1:85:2|1:189:2
ckpt_4100.pt,1,723,0.501620352268219,0.08845648914575577,0.4476924240589142,"95,189,213,64,94","167,61,129,93,172",1:1:1|1:13:1|1:15:1
ckpt_4100.pt,1,724,0.4529896378517151,0.0874568447470665,0.41733652353286743,"19,117,106,104,3","199,126,66,3,196",1:35:2|1:180:2|1:897:2
ckpt_4100.pt,1,725,0.45739224553108215,0.07330229878425598,0.4179823100566864,"168,202,246,169,5","213,129,200,55,47",1:890:2|1:3:1|1:37:1
ckpt_4100.pt,1,726,0.5439656376838684,0.09086939692497253,0.44722527265548706,"101,190,192,133,48","78,155,40,157,58",1:656:2|1:869:2|1:979:2
ckpt_4100.pt,1,727,0.5513681769371033,0.10088422894477844,0.4663662910461426,"102,157,228,230,15","89,171,205,67,49",1:68:2|1:381:2|1:22:1
ckpt_4100.pt,1,728,0.4845607578754425,0.08481274545192719,0.40414831042289734,"2,156,223,112,147","184,188,60,94,137",1:474:3|1:321:2|1:371:2
ckpt_4100.pt,1,729,0.4056451916694641,0.07062526792287827,0.3667525351047516,"237,84,225,37,210","202,183,60,149,216",1:919:2|1:952:2|1:6:1
ckpt_4100.pt,1,730,0.44605565071105957,0.07822006940841675,0.39935269951820374,"133,185,247,107,140","46,11,243,239,20",1:788:2|1:68:1|1:70:1
ckpt_4100.pt,1,731,0.4680112600326538,0.07496626675128937,0.41566359996795654,"125,44,118,187,6","189,176,44,6,147",1:122:2|1:308:2|1:960:2
ckpt_4100.pt,1,732,0.46757668256759644,0.10737482458353043,0.41419294476509094,"251,95,67,220,90","185,67,89,72,149",1:59:2|1:364:2|1:1016:2
ckpt_4100.pt,1,733,0.45544320344924927,0.08399723470211029,0.38029566407203674,"61,99,33,75,167","241,186,22,198,27",1:519:2|1:797:2|1:0:1
ckpt_4100.pt,1,734,0.46989381313323975,0.09044304490089417,0.3884764015674591,"67,58,206,9,211","95,233,50,131,147",1:178:2|1:2:1|1:5:1
ckpt_4100.pt,1,735,0.48440682888031006,0.0910363495349884,0.4030543863773346,"92,245,61,196,229","223,250,100,218,22",1:30:2|1:756:2|1:807:2
ckpt_4100.pt,1,736,0.4660153090953827,0.11401461064815521,0.4336223304271698,"156,71,45,23,151","161,108,255,65,235",1:442:2|1:453:2|1:6:1
ckpt_4100.pt,1,737,0.45074373483657837,0.08675293624401093,0.40361398458480835,"227,251,32,197,93","148,210,216,245,30",1:280:2|1:517:2|1:811:2
ckpt_4100.pt,1,738,0.4780348837375641,0.09137880057096481,0.39963820576667786,"30,109,222,13,250","20,34,234,208,179",1:25:2|1:106:2|1:270:2
ckpt_4100.pt,1,739,0.45252329111099243,0.08382546901702881,0.39017316699028015,"154,165,137,69,18","40,232,184,123,128",1:762:2|1:1:1|1:12:1
ckpt_4100.pt,1,740,0.47897082567214966,0.09671393781900406,0.40568462014198303,"66,4,174,234,26","220,186,30,224,12",1:30:2|1:151:2|1:452:2
ckpt_4100.pt,1,741,0.5331078171730042,0.11772957444190979,0.42349252104759216,"125,85,159,212,141","6,63,29,186,111",1:67:2|1:186:2|1:818:2
ckpt_4100.pt,1,742,0.42690691351890564,0.07937070727348328,0.38719305396080017,"228,93,68,244,91","108,157,158,203,229",1:463:2|1:1005:2|1:5:1
ckpt_4100.pt,1,743,0.43561694025993347,0.10477245599031448,0.3657608926296234,"13,149,200,116,94","96,145,47,37,20",1:265:3|1:39:2|1:315:2
ckpt_4100.pt,1,744,0.4388543963432312,0.07000582665205002,0.40012091398239136,"88,215,105,155,51","193,35,51,79,187",1:200:2|1:15:1|1:16:1
ckpt_4100.pt,1,745,0.4570794999599457,0.08624681085348129,0.4127667546272278,"132,243,101,73,82","252,58,255,240,89",1:98:2|1:188:2|1:267:2
ckpt_4100.pt,1,746,0.45652979612350464,0.07950601726770401,0.3688284754753113,"229,107,138,73,113","6,31,218,5,176",1:290:2|1:444:2|1:595:2
ckpt_4100.pt,1,747,0.5182624459266663,0.10033971816301346,0.3942800462245941,"235,66,14,239,124","220,158,122,57,16",1:122:2|1:405:2|1:881:2
ckpt_4100.pt,1,748,0.46426671743392944,0.08860507607460022,0.4165496528148651,"39,100,77,36,107","144,183,232,172,122",1:220:2|1:547:2|1:832:2
ckpt_4100.pt,1,749,0.4552152156829834,0.08267825841903687,0.39087021350860596,"146,91,205,165,119","10,65,137,71,237",1:128:2|1:215:2|1:256:2
ckpt_4100.pt,1,750,0.45492029190063477,0.0937267318367958,0.39580094814300537,"82,40,209,206,158","45,181,150,12,111",1:336:2|1:645:2|1:2:1
ckpt_4100.pt,1,751,0.4732617437839508,0.08750877529382706,0.44727376103401184,"121,190,114,214,126","48,51,24,96,67",1:148:2|1:238:2|1:435:2
ckpt_4100.pt,1,752,0.3900408148765564,0.08912783116102219,0.35623621940612793,"15,55,118,137,150","255,244,181,229,105",1:534:2|1:659:2|1:686:2
ckpt_4100.pt,1,753,0.4430193305015564,0.07234692573547363,0.3745698034763336,"57,19,67,62,198","79,49,103,190,181",1:95:2|1:602:2|1:765:2
ckpt_4100.pt,1,754,0.4663495123386383,0.08538328111171722,0.4191659390926361,"56,195,113,48,104","48,26,158,100,246",1:480:2|1:610:2|1:776:2
ckpt_4100.pt,1,755,0.4520832896232605,0.11711084842681885,0.4208858609199524,"97,109,110,244,16","27,44,155,245,213",1:137:2|1:152:2|1:681:2
ckpt_4100.pt,1,756,0.4633578658103943,0.1160336583852768,0.4274091422557831,"61,55,1,229,121","61,199,247,161,143",1:30:2|1:345:2|1:629:2
ckpt_4100.pt,1,757,0.4615100026130676,0.08399175107479095,0.4089799225330353,"171,54,179,70,78","158,233,250,223,112",1:178:2|1:759:2|1:760:2
ckpt_4100.pt,1,758,0.5342584848403931,0.1118650883436203,0.4380129277706146,"51,228,185,67,132","108,11,186,3,89",1:104:3|1:390:3|1:998:2
ckpt_4100.pt,1,759,0.44607895612716675,0.08035380393266678,0.4006609320640564,"18,78,171,12,190","185,84,24,17,175",1:649:2|1:757:2|1:37:1
ckpt_4100.pt,1,760,0.4357777237892151,0.08072353899478912,0.39045479893684387,"229,54,205,179,99","188,112,167,143,110",1:110:2|1:285:2|1:757:2
ckpt_4100.pt,1,761,0.49797964096069336,0.08949943631887436,0.43817245960235596,"100,174,222,19,27","248,218,204,1,103",1:350:2|1:0:1|1:2:1
ckpt_4100.pt,1,762,0.4582873284816742,0.08502616733312607,0.4232533872127533,"118,137,231,154,205","204,37,145,114,191",1:229:2|1:285:2|1:508:2
ckpt_4100.pt,1,763,0.4783041477203369,0.09220431745052338,0.4089667499065399,"176,102,103,3,11","76,55,15,233,199",1:13:1|1:18:1|1:22:1
ckpt_4100.pt,1,764,0.5323824286460876,0.1009087935090065,0.4333089292049408,"173,184,33,196,244","129,197,134,242,163",1:231:2|1:314:2|1:439:2
ckpt_4100.pt,1,765,0.4484243392944336,0.08392654359340668,0.40485280752182007,"19,69,62,108,134","239,167,46,48,244",1:387:2|1:586:2|1:602:2
ckpt_4100.pt,1,766,0.5449190139770508,0.12206555902957916,0.45070070028305054,"70,11,117,212,215","112,161,24,116,145",1:51:2|1:371:2|1:416:2
ckpt_4100.pt,1,767,0.5583052635192871,0.13166789710521698,0.4753437638282776,"236,125,250,154,28","241,198,180,168,124",1:307:2|1:956:2|1:4:1
ckpt_4100.pt,1,768,0.45921507477760315,0.07488448917865753,0.3932093679904938,"153,53,23,225,230","17,193,80,129,87",1:283:2|1:297:2|1:827:2
ckpt_4100.pt,1,769,0.4432292580604553,0.09215695410966873,0.3843078911304474,"242,114,30,214,15","250,18,233,144,150",1:135:2|1:147:2|1:435:2
ckpt_4100.pt,1,770,0.5230138897895813,0.09512075781822205,0.441264808177948,"56,19,144,80,182","130,128,219,43,120",1:330:2|1:349:2|1:410:2
ckpt_4100.pt,1,771,0.5750848650932312,0.10708624124526978,0.4903745651245117,"7,223,104,64,207","115,98,222,66,194",1:188:2|1:194:2|1:232:2
ckpt_4100.pt,1,772,0.41830942034721375,0.09286600351333618,0.39970865845680237,"235,222,89,25,197","197,121,254,200,114",1:402:2|1:500:2|1:568:2
ckpt_4100.pt,1,773,0.49969199299812317,0.09701234847307205,0.4390649199485779,"80,72,7,90,100","110,216,187,183,62",1:45:2|1:361:2|1:9:1
ckpt_4100.pt,1,774,0.43986114859580994,0.07463185489177704,0.41526949405670166,"178,67,84,234,169","51,31,186,115,130",1:97:2|1:335:2|1:3:1
ckpt_4100.pt,1,775,0.43308088183403015,0.08152951300144196,0.3979264795780182,"27,54,187,79,122","50,127,247,234,123",1:178:2|1:193:2|1:0:1
ckpt_4100.pt,1,776,0.4537087082862854,0.08241501450538635,0.3870469927787781,"59,104,56,118,127","99,150,122,197,248",1:480:2|1:610:2|1:754:2
ckpt_4100.pt,1,777,0.44276222586631775,0.11769245564937592,0.3825472295284271,"107,253,6,128,68","174,185,150,186,188",1:172:2|1:882:2|1:940:2
ckpt_4100.pt,1,778,0.4197715222835541,0.08906874805688858,0.37891146540641785,"48,162,135,248,26","90,81,66,252,16",1:233:2|1:488:2|1:4:1
ckpt_4100.pt,1,779,0.4609605073928833,0.08275573700666428,0.4055202305316925,"165,135,20,155,123","110,73,217,95,187",1:517:2|1:10:1|1:12:1
ckpt_4100.pt,1,780,0.48894429206848145,0.09636443853378296,0.4167439639568329,"62,180,71,176,68","124,243,44,179,64",1:343:2|1:1005:2|1:6:1
ckpt_4100.pt,1,781,0.5010789632797241,0.09896884858608246,0.45600008964538574,"244,44,191,109,73","131,217,184,10,164",1:66:2|1:187:2|1:201:2
ckpt_4100.pt,1,782,0.5208777785301208,0.08564767986536026,0.4158732295036316,"215,113,165,160,134","107,5,112,148,205",1:248:2|1:829:2|1:1002:2
ckpt_4100.pt,1,783,0.49595195055007935,0.08499608188867569,0.40575653314590454,"79,174,191,247,76","66,125,249,151,198",1:66:2|1:713:2|1:2:1
ckpt_4100.pt,1,784,0.47993776202201843,0.10245940834283829,0.4338783919811249,"58,196,209,157,201","72,176,229,236,31",1:68:2|1:278:2|1:419:2
ckpt_4100.pt,1,785,0.4590369164943695,0.08626832813024521,0.4352238178253174,"242,81,153,107,70","178,101,219,248,96",1:700:2|1:882:2|1:955:2
ckpt_4100.pt,1,786,0.4912053048610687,0.08795581758022308,0.3892236053943634,"133,128,76,103,177","50,229,202,127,116",1:240:2|1:5:1|1:8:1
ckpt_4100.pt,1,787,0.47747671604156494,0.10683062672615051,0.4290219843387604,"107,93,46,12,203","91,114,248,89,127",1:571:2|1:658:2|1:864:2
ckpt_4100.pt,1,788,0.4720824956893921,0.08198361098766327,0.39174526929855347,"85,133,37,247,116","24,165,45,152,6",1:132:2|1:363:2|1:730:2
ckpt_4100.pt,1,789,0.46688976883888245,0.0917281061410904,0.40077415108680725,"175,22,241,139,126","86,78,205,241,45",1:684:2|1:2:1|1:7:1
ckpt_4100.pt,1,790,0.4815378487110138,0.08187568187713623,0.4057895839214325,"194,72,91,84,135","112,95,109,218,178",1:126:2|1:324:2|1:5:1
ckpt_4100.pt,1,791,0.4494458734989166,0.08636171370744705,0.421034038066864,"101,87,207,39,27","72,231,250,78,157",1:0:2|1:90:2|1:194:2
ckpt_4100.pt,1,792,0.43093281984329224,0.11092645674943924,0.3963990807533264,"221,45,171,108,33","11,119,183,18,190",1:71:2|1:96:2|1:291:2
ckpt_4100.pt,1,793,0.4316476583480835,0.09469129890203476,0.32965874671936035,"212,99,224,231,111","144,29,63,26,42",1:100:2|1:643:2|1:972:2
ckpt_4100.pt,1,794,0.40589216351509094,0.08422549068927765,0.3623593747615814,"22,73,196,25,79","71,171,4,189,24",1:306:2|1:406:2|1:477:2
ckpt_4100.pt,1,795,0.42289504408836365,0.08964034169912338,0.3813762664794922,"205,70,44,179,222","228,189,116,135,230",1:162:2|1:416:2|1:570:2
ckpt_4100.pt,1,796,0.5170264840126038,0.08718890696763992,0.44290056824684143,"87,198,121,69,57","100,223,134,32,139",1:492:2|1:541:2|1:753:2
ckpt_4100.pt,1,797,0.5176149010658264,0.09425400197505951,0.40832239389419556,"87,207,150,61,33","188,160,220,218,7",1:227:2|1:355:2|1:673:2
ckpt_4100.pt,1,798,0.4657350480556488,0.08926480263471603,0.43297073245048523,"112,92,56,236,97","163,22,223,164,55",1:314:2|1:932:2|1:24:1
ckpt_4100.pt,1,799,0.46630969643592834,0.083771713078022,0.4180811047554016,"178,109,132,112,137","12,51,216,136,222",1:35:2|1:441:2|1:652:2
ckpt_4100.pt,1,800,0.4904845356941223,0.0948089212179184,0.3911943733692169,"206,54,95,83,36","33,213,131,164,49",1:695:2|1:720:2|1:832:2
ckpt_4100.pt,1,801,0.5324325561523438,0.09748798608779907,0.45038044452667236,"121,140,220,13,110","239,31,227,27,221",1:9:2|1:364:2|1:492:2
ckpt_4100.pt,1,802,0.43838927149772644,0.07681330293416977,0.36052459478378296,"99,176,5,21,100","106,118,93,217,65",1:70:2|1:115:2|1:8:1
ckpt_4100.pt,1,803,0.4368292987346649,0.07351519912481308,0.3857390880584717,"149,129,253,152,201","94,180,149,96,11",1:133:2|1:315:2|1:943:2
ckpt_4100.pt,1,804,0.42695704102516174,0.09672966599464417,0.389920175075531,"126,53,134,73,43","67,13,132,16,74",1:34:2|1:50:2|1:266:2
ckpt_4100.pt,1,805,0.4861369729042053,0.0813521072268486,0.43727266788482666,"130,89,167,231,85","38,216,232,17,209",1:241:2|1:337:2|1:0:1
ckpt_4100.pt,1,806,0.4927305281162262,0.0809328630566597,0.42272570729255676,"136,21,52,138,204","106,154,187,188,168",1:174:2|1:571:2|1:4:1
ckpt_4100.pt,1,807,0.5221514105796814,0.12535466253757477,0.4346853792667389,"13,157,92,245,182","81,182,210,79,185",1:32:2|1:151:2|1:735:2
ckpt_4100.pt,1,808,0.45372575521469116,0.12001805752515793,0.4002332389354706,"239,107,209,75,252","127,243,130,118,195",1:68:2|1:253:2|1:320:2
ckpt_4100.pt,1,809,0.4975651800632477,0.1148558035492897,0.4351969063282013,"230,62,129,144,97","51,229,53,98,71",1:92:2|1:204:2|1:568:2
ckpt_4100.pt,1,810,0.4723421037197113,0.07754825800657272,0.38187116384506226,"140,13,52,43,193","238,137,17,31,119",1:611:2|1:801:2|1:995:2
ckpt_4100.pt,1,811,0.4955471456050873,0.08967792987823486,0.42347821593284607,"100,15,93,251,133","206,60,15,196,65",1:350:2|1:737:2|1:942:2
ckpt_4100.pt,1,812,0.5457366704940796,0.11467244476079941,0.42739465832710266,"22,200,32,89,91","38,110,9,153,8",1:173:2|1:308:2|1:556:2
ckpt_4100.pt,1,813,0.4837782680988312,0.10250742733478546,0.4101621210575104,"55,103,234,1,162","216,29,195,87,189",1:240:2|1:599:2|1:702:2
ckpt_4100.pt,1,814,0.4275381565093994,0.1007239818572998,0.368908166885376,"89,59,102,226,169","1,82,195,91,32",1:262:2|1:19:1|1:45:1
ckpt_4100.pt,1,815,0.4143545627593994,0.07890862226486206,0.36598318815231323,"95,209,156,188,180","55,204,129,214,244",1:209:2|1:344:2|1:419:2
ckpt_4100.pt,1,816,0.3867075443267822,0.0792192667722702,0.372684508562088,"89,219,171,185,32","7,137,77,230,228",1:173:2|1:468:2|1:503:2
ckpt_4100.pt,1,817,0.43959513306617737,0.08077837526798248,0.3882182240486145,"0,144,44,73,92","148,120,128,170,144",1:137:2|1:162:2|1:255:2
ckpt_4100.pt,1,818,0.44977372884750366,0.08126886188983917,0.39419233798980713,"159,223,85,129,206","107,70,112,231,19",1:61:2|1:176:2|1:246:2
ckpt_4100.pt,1,819,0.5100520849227905,0.09455534815788269,0.3949224650859833,"33,196,236,139,153","90,91,21,66,48",1:102:2|1:311:2|1:648:2
ckpt_4100.pt,1,820,0.4159112274646759,0.06671787053346634,0.3616373836994171,"184,71,168,28,26","37,23,215,208,244",1:667:2|1:3:1|1:6:1
ckpt_4100.pt,1,821,0.48554813861846924,0.08947548270225525,0.4030766189098358,"8,30,205,220,106","89,25,240,96,77",1:60:2|1:198:2|1:270:2
ckpt_4100.pt,1,822,0.47175100445747375,0.08608488738536835,0.3824097812175751,"239,208,251,156,186","234,130,194,238,133",1:161:2|1:13:1|1:20:1
ckpt_4100.pt,1,823,0.46831512451171875,0.08318215608596802,0.4086016118526459,"19,218,196,36,51","173,52,174,6,40",1:302:2|1:390:2|1:662:2
ckpt_4100.pt,1,824,0.442317396402359,0.1000567153096199,0.37035974860191345,"186,127,255,89,196","136,85,248,29,218",1:231:2|1:278:2|1:570:2
ckpt_4100.pt,1,825,0.44446051120758057,0.07995808869600296,0.3563746511936188,"132,250,206,216,188","7,4,128,100,39",1:270:2|1:554:2|1:2:1
ckpt_4100.pt,1,826,0.4522991180419922,0.08049904555082321,0.3935938775539398,"242,65,227,172,196","141,79,216,195,132",1:8:1|1:27:1|1:40:1
ckpt_4100.pt,1,827,0.4623386263847351,0.08270157128572464,0.4322208762168884,"23,48,230,142,160","216,107,93,38,200",1:246:2|1:374:2|1:403:2
ckpt_4100.pt,1,828,0.5032179355621338,0.08535819500684738,0.446183979511261,"212,145,80,250,242","215,25,144,212,24",1:40:2|1:44:2|1:111:2
ckpt_4100.pt,1,829,0.4329625964164734,0.07521889358758926,0.3942258358001709,"102,43,113,8,134","162,91,87,96,233",1:110:2|1:248:2|1:356:2
ckpt_4100.pt,1,830,0.48913130164146423,0.10762933641672134,0.44459158182144165,"133,54,179,37,170","8,207,38,126,150",1:363:2|1:606:2|1:757:2
ckpt_4100.pt,1,831,0.4305219352245331,0.07692474126815796,0.38746747374534607,"170,225,166,168,75","87,39,234,120,126",1:3:1|1:7:1|1:18:1
ckpt_4100.pt,1,832,0.46701744198799133,0.08476784825325012,0.4083966016769409,"54,36,147,107,67","201,130,176,221,223",1:178:2|1:223:2|1:439:2
ckpt_4100.pt,1,833,0.48511752486228943,0.08875267207622528,0.39982450008392334,"98,60,243,64,211","219,218,22,207,107",1:71:2|1:188:2|1:704:2
ckpt_4100.pt,1,834,0.45071545243263245,0.07539087533950806,0.36929652094841003,"52,120,51,244,182","85,235,108,202,61",1:103:2|1:201:2|1:635:2
ckpt_4100.pt,1,835,0.41441261768341064,0.09255199879407883,0.38298556208610535,"65,197,165,255,32","209,24,14,176,11",1:12:2|1:737:2|1:896:2
ckpt_4100.pt,1,836,0.420217901468277,0.10197774320840836,0.4212886095046997,"86,31,200,32,173","139,192,237,176,138",1:577:2|1:812:2|1:0:1
ckpt_4100.pt,1,837,0.4557964503765106,0.08627953380346298,0.39388853311538696,"139,107,137,187,84","240,23,255,36,11",1:27:2|1:339:2|1:530:2
ckpt_4100.pt,1,838,0.4135444164276123,0.08988536894321442,0.37019240856170654,"113,22,181,101,44","63,46,57,44,248",1:147:2|1:308:2|1:353:2
ckpt_4100.pt,1,839,0.45422303676605225,0.07767093181610107,0.3850919008255005,"241,138,188,166,71","100,34,238,85,191",1:300:2|1:344:2|1:2:1
ckpt_4100.pt,1,840,0.5367916226387024,0.10467491298913956,0.4194706380367279,"78,95,246,149,180","246,181,13,75,129",1:160:2|1:214:2|1:650:2
ckpt_4100.pt,1,841,0.43891462683677673,0.07566879689693451,0.3959193229675293,"211,65,114,139,23","221,16,149,211,111",1:79:2|1:182:2|1:184:2
ckpt_4100.pt,1,842,0.44122129678726196,0.10751891136169434,0.40731310844421387,"27,58,99,7,254","44,42,139,127,98",1:57:2|1:633:2|1:0:1
ckpt_4100.pt,1,843,0.45464563369750977,0.07131538540124893,0.40500858426094055,"225,55,145,198,140","93,44,5,31,178",1:382:2|1:438:2|1:561:2
ckpt_4100.pt,1,844,0.4985174238681793,0.08445993810892105,0.43196913599967957,"228,29,205,140,39","1,255,64,148,107",1:273:2|1:376:2|1:611:2
ckpt_4100.pt,1,845,0.4930892586708069,0.08259890228509903,0.4112003445625305,"151,146,98,202,132","119,104,92,141,17",1:588:2|1:625:2|1:3:1
ckpt_4100.pt,1,846,0.4486410617828369,0.09684634208679199,0.3838740587234497,"158,83,19,221,126","20,232,181,155,220",1:244:2|1:272:2|1:879:2
ckpt_4100.pt,1,847,0.46647295355796814,0.08564313501119614,0.40879613161087036,"60,50,246,207,16","113,70,177,239,7",1:990:2|1:11:1|1:20:1
ckpt_4100.pt,1,848,0.4956464171409607,0.10861096531152725,0.43986931443214417,"57,202,23,112,55","229,104,245,253,46",1:84:2|1:139:2|1:250:2
ckpt_4100.pt,1,849,0.5009155869483948,0.07838256657123566,0.4311656057834625,"189,106,186,28,51","74,177,207,121,196",1:332:2|1:1:1|1:13:1
ckpt_4100.pt,1,850,0.4596497714519501,0.08532428741455078,0.407929003238678,"195,162,228,97,119","213,38,27,196,220",1:22:1|1:54:1|1:56:1
ckpt_4100.pt,1,851,0.5171055197715759,0.10476700961589813,0.3869327902793884,"99,184,251,4,242","45,36,0,229,89",1:149:2|1:285:2|1:425:2
ckpt_4100.pt,1,852,0.48162156343460083,0.08002983778715134,0.4300827085971832,"214,94,240,228,54","181,201,236,36,51",1:397:2|1:21:1|1:22:1
ckpt_4100.pt,1,853,0.4856206178665161,0.08847316354513168,0.4079729914665222,"216,159,137,227,109","47,222,159,87,185",1:330:2|1:473:2|1:591:2
ckpt_4100.pt,1,854,0.5035823583602905,0.10712866485118866,0.4194203317165375,"191,243,133,239,62","139,213,193,175,124",1:562:2|1:681:2|1:20:1
ckpt_4100.pt,1,855,0.46209001541137695,0.1037813201546669,0.4076848328113556,"51,0,108,172,240","55,22,221,24,61",1:635:2|1:662:2|1:21:1
ckpt_4100.pt,1,856,0.4413546323776245,0.08463283628225327,0.40336108207702637,"12,129,37,110,191","138,4,18,11,236",1:266:2|1:10:1|1:26:1
ckpt_4100.pt,1,857,0.4495231509208679,0.08176540583372116,0.40646132826805115,"209,99,159,83,131","163,219,57,46,108",1:984:2|1:8:1|1:17:1
ckpt_4100.pt,1,858,0.4399262070655823,0.07253441214561462,0.37587103247642517,"204,246,141,229,124","138,29,95,46,235",1:650:2|1:30:1|1:58:1
ckpt_4100.pt,1,859,0.464535117149353,0.09495604038238525,0.3819877505302429,"254,179,66,237,197","22,99,229,178,76",1:72:2|1:1:1|1:6:1
ckpt_4100.pt,1,860,0.4901643991470337,0.11764717847108841,0.4023057222366333,"74,85,43,103,55","191,159,114,3,164",1:163:2|1:702:2|1:813:2
ckpt_4100.pt,1,861,0.5002818703651428,0.08986599743366241,0.43647658824920654,"22,19,38,73,254","22,134,94,99,128",1:23:2|1:53:2|1:306:2
ckpt_4100.pt,1,862,0.4825626611709595,0.07731376588344574,0.4072643518447876,"180,228,26,232,47","12,41,84,188,15",1:905:2|1:9:1|1:19:1
ckpt_4100.pt,1,863,0.4687625765800476,0.08285513520240784,0.4099138677120209,"236,9,220,61,208","66,27,218,73,247",1:100:2|1:161:2|1:355:2
ckpt_4100.pt,1,864,0.496071457862854,0.08444663137197495,0.3935302197933197,"11,170,12,248,107","188,64,75,23,228",1:69:2|1:81:2|1:123:2
ckpt_4100.pt,1,865,0.46769773960113525,0.0963701605796814,0.41227227449417114,"33,22,137,215,173","19,115,195,5,220",1:118:2|1:147:2|1:306:2
ckpt_4100.pt,1,866,0.43648168444633484,0.09130734950304031,0.3650837540626526,"196,154,211,55,89","211,154,38,41,205",1:231:2|1:406:2|1:407:2
ckpt_4100.pt,1,867,0.4254719018936157,0.09421704709529877,0.36437007784843445,"114,217,91,250,201","207,89,203,73,236",1:262:2|1:920:2|1:1:1
ckpt_4100.pt,1,868,0.452705442905426,0.08801686763763428,0.3905603289604187,"103,178,63,110,82","33,52,5,156,247",1:127:2|1:289:2|1:373:2
ckpt_4100.pt,1,869,0.4712141156196594,0.08193765580654144,0.4042817950248718,"133,150,101,255,104","39,32,89,117,119",1:89:2|1:726:2|1:1020:2
ckpt_4100.pt,1,870,0.4593104124069214,0.07793673872947693,0.36305519938468933,"34,46,66,5,214","195,143,97,4,17",1:333:2|1:429:2|1:7:1
ckpt_4100.pt,1,871,0.4809020757675171,0.0943271815776825,0.4007854163646698,"172,237,118,166,205","103,142,195,60,42",1:285:2|1:539:2|1:601:2
ckpt_4100.pt,1,872,0.5218443274497986,0.10827484726905823,0.42773255705833435,"196,1,200,177,9","37,3,14,34,13",1:630:2|1:8:1|1:41:1
ckpt_4100.pt,1,873,0.41645339131355286,0.09229785948991776,0.363198846578598,"128,222,9,175,165","33,5,142,94,147",1:257:2|1:5:1|1:8:1
ckpt_4100.pt,1,874,0.4900236427783966,0.09512646496295929,0.4126040041446686,"32,224,115,249,87","58,34,175,217,160",1:950:3|1:492:2|1:631:2
ckpt_4100.pt,1,875,0.4758494794368744,0.09647810459136963,0.3848782777786255,"43,40,92,58,218","148,201,84,80,212",1:295:2|1:314:2|1:418:2
ckpt_4100.pt,1,876,0.4409424066543579,0.09378843754529953,0.3876795768737793,"213,42,70,231,24","46,50,0,110,94",1:213:2|1:250:2|1:666:2
ckpt_4100.pt,1,877,0.3941611647605896,0.08073242008686066,0.37155309319496155,"113,114,245,89,166","15,234,216,111,160",1:32:2|1:224:2|1:269:2
ckpt_4100.pt,1,878,0.4328519403934479,0.07238344103097916,0.38329455256462097,"12,184,20,158,106","39,147,243,27,169",1:466:2|1:14:1|1:33:1
ckpt_4100.pt,1,879,0.5266500115394592,0.10254387557506561,0.4210943877696991,"221,81,166,125,126","226,81,3,172,213",1:122:2|1:846:2|1:7:1
ckpt_4100.pt,1,880,0.510041356086731,0.09713608771562576,0.39465582370758057,"175,193,163,24,95","160,38,98,27,198",1:20:1|1:25:1|1:31:1
ckpt_4100.pt,1,881,0.48701757192611694,0.07749271392822266,0.41882601380348206,"235,124,70,138,164","182,87,173,129,89",1:159:2|1:421:2|1:666:2
ckpt_4100.pt,1,882,0.45522311329841614,0.08224240690469742,0.3847329020500183,"72,70,68,207,107","236,22,163,72,143",1:105:2|1:595:2|1:618:2
ckpt_4100.pt,1,883,0.4847548305988312,0.11091434210538864,0.40700098872184753,"191,61,17,209,31","8,123,67,221,226",1:251:2|1:305:2|1:382:2
ckpt_4100.pt,1,884,0.4586910009384155,0.0910603329539299,0.3832591772079468,"207,42,226,11,166","237,160,178,77,136",1:352:2|1:520:2|1:14:1
ckpt_4100.pt,1,885,0.4156011939048767,0.08029314875602722,0.38822972774505615,"128,129,118,121,65","206,181,17,8,126",1:210:2|1:244:2|1:623:2
ckpt_4100.pt,1,886,0.540294349193573,0.13402912020683289,0.4485192894935608,"208,226,52,189,62","21,71,64,67,13",1:13:2|1:241:2|1:460:2
ckpt_4100.pt,1,887,0.5132033824920654,0.08579708635807037,0.4451397955417633,"7,105,44,150,217","77,184,31,97,166",1:393:2|1:9:1|1:13:1
ckpt_4100.pt,1,888,0.4891442358493805,0.11635260283946991,0.41769692301750183,"108,18,115,110,139","56,21,123,168,93",1:273:2|1:369:2|1:608:2
ckpt_4100.pt,1,889,0.5779840350151062,0.10110558569431305,0.4827534854412079,"58,35,41,252,19","46,243,39,138,42",1:5:2|1:282:2|1:348:2
ckpt_4100.pt,1,890,0.43975767493247986,0.10077297687530518,0.3803543746471405,"251,250,169,246,71","116,176,181,81,90",1:725:2|1:4:1|1:6:1
ckpt_4100.pt,1,891,0.4835682511329651,0.07694041728973389,0.4133355915546417,"210,139,149,208,132","179,212,185,177,227",1:648:2|1:13:1|1:24:1
ckpt_4100.pt,1,892,0.47706618905067444,0.09186798334121704,0.4063633382320404,"62,5,119,91,73","2,9,93,59,250",1:128:2|1:333:2|1:697:2
ckpt_4100.pt,1,893,0.4544256627559662,0.08000365644693375,0.39381080865859985,"130,61,212,97,29","251,245,149,31,133",1:15:1|1:21:1|1:30:1
ckpt_4100.pt,1,894,0.4176786243915558,0.08073294162750244,0.3926618993282318,"88,107,197,104,113","240,98,211,118,87",1:15:2|1:290:2|1:595:2
ckpt_4100.pt,1,895,0.4568917751312256,0.0745907574892044,0.3588668406009674,"69,253,9,86,0","195,182,11,215,255",1:1000:2|1:41:1|1:43:1
ckpt_4100.pt,1,896,0.5238890647888184,0.09233782440423965,0.4677754342556,"221,252,22,255,32","14,181,126,80,211",1:173:2|1:216:2|1:281:2
ckpt_4100.pt,1,897,0.48966559767723083,0.10744919627904892,0.39529407024383545,"117,3,55,126,193","161,129,238,220,13",1:724:2|1:7:1|1:18:1
ckpt_4100.pt,1,898,0.4548761546611786,0.08507370203733444,0.3958844244480133,"248,224,179,223,6","168,20,55,65,89",1:18:2|1:114:2|1:181:2
ckpt_4100.pt,1,899,0.45436322689056396,0.10744979232549667,0.4217228889465332,"203,19,124,73,69","52,135,227,53,170",1:53:2|1:274:2|1:765:2
ckpt_4100.pt,1,900,0.5066439509391785,0.07991258800029755,0.414057195186615,"86,221,153,96,157","153,137,203,22,138",1:108:2|1:297:2|1:465:2
ckpt_4100.pt,1,901,0.47281143069267273,0.09193600714206696,0.4035622477531433,"106,34,191,113,111","86,101,69,12,60",1:89:2|1:595:2|1:7:1
ckpt_4100.pt,1,902,0.45920830965042114,0.07646693289279938,0.40128862857818604,"94,227,12,93,183","156,82,153,220,177",1:466:2|1:737:2|1:787:2
ckpt_4100.pt,1,903,0.48837748169898987,0.12866708636283875,0.42329296469688416,"31,59,5,244,112","50,65,152,233,33",1:314:2|1:0:1|1:35:1
ckpt_4100.pt,1,904,0.4815496504306793,0.09346534311771393,0.4376843571662903,"171,176,56,184,58","149,30,18,32,121",1:394:2|1:464:2|1:5:1
ckpt_4100.pt,1,905,0.45473814010620117,0.1088348999619484,0.36226925253868103,"228,117,118,49,47","248,120,58,236,176",1:51:2|1:237:2|1:384:2
ckpt_4100.pt,1,906,0.49933019280433655,0.09675711393356323,0.43481895327568054,"154,227,182,72,241","46,181,54,143,124",1:401:2|1:407:2|1:527:2
ckpt_4100.pt,1,907,0.47211286425590515,0.08750613778829575,0.4142531156539917,"158,32,59,110,224","176,36,79,224,98",1:702:2|1:874:2|1:972:2
ckpt_4100.pt,1,908,0.5079710483551025,0.11330270022153854,0.4255143404006958,"124,44,82,102,17","144,93,196,225,108",1:179:2|1:401:2|1:909:2
ckpt_4100.pt,1,909,0.43187201023101807,0.08536846190690994,0.36770907044410706,"235,19,124,82,149","11,80,96,163,45",1:573:2|1:747:2|1:881:2
ckpt_4100.pt,1,910,0.4550477862358093,0.07727757096290588,0.4051559567451477,"52,254,207,5,78","37,222,216,250,132",1:355:2|1:567:2|1:959:2
ckpt_4100.pt,1,911,0.46845945715904236,0.09852256625890732,0.38366997241973877,"76,12,194,226,80","7,141,254,101,200",1:116:2|1:19:1|1:37:1
ckpt_4100.pt,1,912,0.520811140537262,0.11349093914031982,0.4148326516151428,"167,51,44,31,113","134,162,135,161,151",1:0:2|1:644:2|1:838:2
ckpt_4100.pt,1,913,0.48316720128059387,0.08752529323101044,0.4081484079360962,"86,30,203,157,134","234,196,31,88,204",1:309:2|1:900:2|1:6:1
ckpt_4100.pt,1,914,0.5328481793403625,0.09178643673658371,0.41609063744544983,"129,242,208,32,95","75,112,225,219,129",1:228:2|1:425:2|1:534:2
ckpt_4100.pt,1,915,0.3921811282634735,0.07876411080360413,0.40491774678230286,"112,46,141,144,71","191,44,130,6,156",1:279:2|1:522:2|1:668:2
ckpt_4100.pt,1,916,0.531991720199585,0.09447287768125534,0.3871440887451172,"18,59,166,82,93","135,7,119,229,252",1:716:2|1:53:1|1:56:1
ckpt_4100.pt,1,917,0.42390963435173035,0.07256081700325012,0.36443546414375305,"38,205,129,70,19","253,222,140,241,68",1:74:2|1:244:2|1:795:2
ckpt_4100.pt,1,918,0.46706804633140564,0.08735647797584534,0.3996444344520569,"191,248,59,121,101","148,205,18,145,100",1:345:2|1:626:2|1:18:1
ckpt_4100.pt,1,919,0.4223001003265381,0.08085159212350845,0.39622995257377625,"58,84,168,123,210","209,52,47,104,62",1:155:2|1:484:2|1:526:2
ckpt_4100.pt,1,920,0.4925096929073334,0.0834784284234047,0.38924023509025574,"217,250,106,180,196","121,196,175,218,55",1:553:3|1:8:2|1:43:2
ckpt_4100.pt,1,921,0.508137583732605,0.09277714788913727,0.4386471211910248,"142,213,61,116,80","133,18,246,163,10",1:29:2|1:243:2|1:475:2
ckpt_4100.pt,1,922,0.545886754989624,0.09529970586299896,0.39783746004104614,"79,86,213,62,209","100,97,59,192,142",1:506:2|1:970:2|1:41:1
ckpt_4100.pt,1,923,0.47482845187187195,0.11497939378023148,0.3858747184276581,"249,209,124,222,52","103,41,132,242,37",1:212:2|1:284:2|1:460:2
ckpt_4100.pt,1,924,0.5133475065231323,0.1043672263622284,0.4365113079547882,"20,239,83,58,87","13,231,103,216,99",1:20:2|1:329:2|1:633:2
ckpt_4100.pt,1,925,0.5058842897415161,0.08933627605438232,0.43575319647789,"183,60,115,234,93","250,107,143,226,254",1:14:2|1:603:2|1:689:2
ckpt_4100.pt,1,926,0.4725228548049927,0.09886544197797775,0.41441258788108826,"112,240,168,90,79","146,131,136,67,192",1:37:2|1:680:2|1:3:1
ckpt_4100.pt,1,927,0.45656171441078186,0.09476024657487869,0.40486010909080505,"93,204,122,129,215","34,172,30,120,66",1:86:2|1:205:2|1:655:2
ckpt_4100.pt,1,928,0.4478757381439209,0.08775991201400757,0.3720247447490692,"46,234,98,82,39","17,21,54,221,210",1:6:2|1:341:2|1:448:2
ckpt_4100.pt,1,929,0.4995705485343933,0.07885490357875824,0.38086751103401184,"47,167,108,212,139","40,16,220,136,204",1:252:2|1:368:2|1:396:2
ckpt_4100.pt,1,930,0.48755601048469543,0.1055065393447876,0.3904576897621155,"160,178,190,200,150","154,144,2,132,96",1:263:2|1:554:2|1:630:2
ckpt_4100.pt,1,931,0.5034937262535095,0.09998095780611038,0.4081664979457855,"169,253,222,11,249","197,159,227,117,255",1:69:2|1:140:2|1:923:2
ckpt_4100.pt,1,932,0.44808268547058105,0.08709713071584702,0.4067663252353668,"82,176,97,143,236","107,131,183,82,246",1:798:2|1:991:2|1:24:1
ckpt_4100.pt,1,933,0.4675027132034302,0.09261694550514221,0.40649908781051636,"79,60,181,11,37","24,202,73,91,58",1:266:2|1:952:2|1:11:1
ckpt_4100.pt,1,934,0.5487645864486694,0.1051584780216217,0.40280479192733765,"185,238,241,226,134","17,108,169,104,145",1:236:2|1:242:2|1:2:1
ckpt_4100.pt,1,935,0.5113973617553711,0.1013595312833786,0.4426279067993164,"227,254,22,219,69","234,9,90,80,79",1:118:2|1:346:2|1:379:2
ckpt_4100.pt,1,936,0.4205825626850128,0.07356148213148117,0.37111812829971313,"4,55,202,197,56","41,158,2,222,93",1:271:2|1:422:2|1:848:2
ckpt_4100.pt,1,937,0.4626723825931549,0.07696325331926346,0.41401755809783936,"213,24,123,158,9","198,28,161,247,58",1:196:2|1:411:2|1:876:2
ckpt_4100.pt,1,938,0.48638638854026794,0.08000548183917999,0.3862720727920532,"89,142,182,124,104","39,63,49,125,200",1:317:2|1:15:1|1:21:1
ckpt_4100.pt,1,939,0.45624613761901855,0.0842214897274971,0.391042560338974,"101,122,137,22,171","155,181,133,77,25",1:118:2|1:147:2|1:353:2
ckpt_4100.pt,1,940,0.42379382252693176,0.08055805414915085,0.3787705600261688,"75,253,184,128,15","116,56,163,194,81",1:171:2|1:777:2|1:5:1
ckpt_4100.pt,1,941,0.4617663025856018,0.09736564755439758,0.39076751470565796,"21,181,41,58,69","158,8,86,166,154",1:261:2|1:286:2|1:889:2
ckpt_4100.pt,1,942,0.46939828991889954,0.0777275562286377,0.40741169452667236,"251,229,69,93,206","52,60,24,181,22",1:695:3|1:385:2|1:737:2
ckpt_4100.pt,1,943,0.4132338762283325,0.07157949358224869,0.4051070511341095,"139,180,253,129,52","136,62,108,168,166",1:803:2|1:1007:2|1:4:1
ckpt_4100.pt,1,944,0.47614195942878723,0.11860259622335434,0.4068668782711029,"19,195,128,46,194","87,98,80,218,109",1:5:2|1:23:2|1:143:2
ckpt_4100.pt,1,945,0.4588196277618408,0.1039312481880188,0.41297319531440735,"194,39,255,248,151","192,64,218,45,24",1:216:2|1:2:1|1:4:1
ckpt_4100.pt,1,946,0.48001471161842346,0.08318384736776352,0.41448473930358887,"170,59,36,210,140","155,118,255,177,43",1:1021:2|1:15:1|1:41:1
ckpt_4100.pt,1,947,0.47883307933807373,0.09808272868394852,0.38789379596710205,"34,232,116,173,156","186,164,83,119,77",1:29:2|1:177:2|1:676:2
ckpt_4100.pt,1,948,0.5178288221359253,0.09848255664110184,0.4288184344768524,"12,2,42,86,125","234,47,69,115,157",1:14:1|1:37:1|1:54:1
ckpt_4100.pt,1,949,0.45206454396247864,0.07727397233247757,0.38392728567123413,"68,66,21,123,150","18,208,201,103,61",1:10:1|1:30:1|1:34:1
ckpt_4100.pt,1,950,0.5023213624954224,0.08933115005493164,0.42567023634910583,"175,224,87,160,115","4,60,13,28,254",1:874:3|1:631:2|1:0:1
ckpt_4100.pt,1,951,0.5130304098129272,0.0881381556391716,0.4529017210006714,"158,52,122,48,104","112,19,9,33,84",1:4:2|1:284:2|1:754:2
ckpt_4100.pt,1,952,0.46965351700782776,0.08367205411195755,0.4067673683166504,"84,79,68,183,37","46,100,136,133,166",1:362:2|1:690:2|1:729:2
ckpt_4100.pt,1,953,0.44707581400871277,0.08864095062017441,0.3926161527633667,"198,44,189,96,82","192,233,195,68,136",1:908:2|1:0:1|1:1:1
ckpt_4100.pt,1,954,0.43777814507484436,0.08567609637975693,0.40812593698501587,"124,77,40,72,23","217,230,183,143,213",1:47:2|1:403:2|1:970:2
ckpt_4100.pt,1,955,0.4610458314418793,0.07644588500261307,0.38939303159713745,"242,107,142,139,147","245,47,107,78,221",1:273:2|1:369:2|1:615:2
ckpt_4100.pt,1,956,0.46019044518470764,0.08213791996240616,0.4060207009315491,"28,50,193,77,125","133,18,169,72,62",1:767:2|1:7:1|1:11:1
ckpt_4100.pt,1,957,0.4625425934791565,0.08926639705896378,0.37429043650627136,"180,13,239,57,181","125,133,26,29,215",1:620:2|1:9:1|1:20:1
ckpt_4100.pt,1,958,0.46762147545814514,0.08343756198883057,0.39214345812797546,"209,74,29,224,205","44,27,222,244,112",1:646:2|1:844:2|1:15:1
ckpt_4100.pt,1,959,0.4697258770465851,0.0994366779923439,0.37990355491638184,"52,207,77,209,150","22,248,44,239,227",1:220:2|1:483:2|1:797:2
ckpt_4100.pt,1,960,0.506659984588623,0.0832938626408577,0.4031979739665985,"62,14,118,81,44","39,238,43,239,251",1:92:2|1:204:2|1:731:2
ckpt_4100.pt,1,961,0.4309205710887909,0.06841932237148285,0.4027121663093567,"104,212,33,131,9","56,139,58,251,50",1:15:1|1:17:1|1:21:1
ckpt_4100.pt,1,962,0.48927000164985657,0.10270625352859497,0.42336300015449524,"230,108,144,53,119","149,82,221,34,242",1:358:2|1:565:2|1:768:2
ckpt_4100.pt,1,963,0.4648173749446869,0.08539548516273499,0.3836033344268799,"194,9,3,97,35","129,167,75,191,252",1:274:2|1:550:2|1:18:1
ckpt_4100.pt,1,964,0.476848304271698,0.08986051380634308,0.4144532084465027,"118,179,80,151,34","175,99,126,163,133",1:29:2|1:219:2|1:310:2
ckpt_4100.pt,1,965,0.41482269763946533,0.07867355644702911,0.3657234311103821,"230,139,88,58,216","11,20,13,195,38",1:337:2|1:369:2|1:394:2
ckpt_4100.pt,1,966,0.42696186900138855,0.07915344834327698,0.3712911903858185,"120,158,2,236,155","232,169,102,166,124",1:153:2|1:24:1|1:76:1
ckpt_4100.pt,1,967,0.48164963722229004,0.10639536380767822,0.4338268041610718,"20,13,211,168,127","147,222,25,194,122",1:39:2|1:106:2|1:621:2
ckpt_4100.pt,1,968,0.4492490291595459,0.08586137741804123,0.3613274097442627,"207,109,106,84,19","252,130,29,49,125",1:330:2|1:724:2|1:1009:2
ckpt_4100.pt,1,969,0.46437323093414307,0.10349684208631516,0.3786119818687439,"116,25,34,196,147","82,69,174,185,154",1:29:2|1:234:2|1:406:2
ckpt_4100.pt,1,970,0.4706881642341614,0.09033502638339996,0.43577781319618225,"86,50,79,124,40","99,112,249,9,140",1:505:2|1:922:2|1:954:2
ckpt_4100.pt,1,971,0.424099862575531,0.1149144396185875,0.3788907825946808,"64,253,54,67,97","176,181,193,87,93",1:178:2|1:832:2|1:23:1
ckpt_4100.pt,1,972,0.435650110244751,0.08890669047832489,0.3974236249923706,"111,224,59,162,203","224,211,46,169,139",1:420:2|1:488:2|1:665:2
ckpt_4100.pt,1,973,0.49061837792396545,0.09140822291374207,0.4055309593677521,"32,221,41,80,47","15,216,167,124,80",1:198:2|1:534:2|1:555:2
ckpt_4100.pt,1,974,0.4900597333908081,0.10485772043466568,0.43927624821662903,"103,241,144,178,90","79,147,244,106,99",1:3:2|1:127:2|1:158:2
ckpt_4100.pt,1,975,0.5064036846160889,0.1070195734500885,0.41421085596084595,"218,102,2,130,84","17,56,117,112,89",1:26:1|1:68:1|1:78:1
ckpt_4100.pt,1,976,0.5108594298362732,0.08983341604471207,0.43204265832901,"233,245,78,159,195","255,100,174,141,110",1:67:2|1:181:2|1:186:2
ckpt_4100.pt,1,977,0.3953078091144562,0.08404814451932907,0.35527220368385315,"46,139,182,58,247","127,71,38,172,102",1:99:2|1:179:2|1:182:2
ckpt_4100.pt,1,978,0.47744619846343994,0.12097484618425369,0.44367408752441406,"147,134,93,255,205","112,226,118,255,51",1:53:2|1:586:2|1:6:1
ckpt_4100.pt,1,979,0.4801415801048279,0.09034866839647293,0.41264107823371887,"101,192,220,23,217","71,64,19,78,65",1:364:2|1:557:2|1:726:2
ckpt_4100.pt,1,980,0.49809303879737854,0.09095684438943863,0.3940187990665436,"191,160,85,36,157","121,24,87,92,250",1:132:2|1:597:2|1:8:1
ckpt_4100.pt,1,981,0.48259609937667847,0.09528129547834396,0.38701480627059937,"43,107,160,209,152","57,251,163,107,3",1:68:2|1:419:2|1:427:2
ckpt_4100.pt,1,982,0.40230199694633484,0.08000843226909637,0.3394754230976105,"2,97,185,213,128","79,248,54,2,90",1:152:2|1:175:2|1:580:2
ckpt_4100.pt,1,983,0.468132883310318,0.08770588785409927,0.3907332122325897,"60,2,83,208,166","85,184,75,17,182",1:11:1|1:13:1|1:20:1
ckpt_4100.pt,1,984,0.4317966401576996,0.09278284013271332,0.3835625648498535,"79,0,99,178,83","237,234,142,93,92",1:362:2|1:857:2|1:997:2
ckpt_4100.pt,1,985,0.44945770502090454,0.08565029501914978,0.4128169119358063,"179,216,22,184,242","62,120,63,22,50",1:147:2|1:425:2|1:564:2
ckpt_4100.pt,1,986,0.46776559948921204,0.10492758452892303,0.3758156895637512,"79,73,198,212,64","70,255,153,156,90",1:125:2|1:188:2|1:294:2
ckpt_4100.pt,1,987,0.4871896505355835,0.08581466227769852,0.38757744431495667,"148,232,74,138,185","27,186,225,75,166",1:57:1|1:70:1|1:73:1
ckpt_4100.pt,1,988,0.4741242527961731,0.11108272522687912,0.4155259132385254,"65,178,194,31,19","218,144,211,96,101",1:410:2|1:521:2|1:944:2
ckpt_4100.pt,1,989,0.5164931416511536,0.10698557645082474,0.4368954002857208,"157,235,99,78,151","90,44,120,245,125",1:8:1|1:19:1|1:29:1
ckpt_4100.pt,1,990,0.48152899742126465,0.09221436083316803,0.40302395820617676,"7,50,60,231,116","117,233,112,67,100",1:478:2|1:847:2|1:9:1
ckpt_4100.pt,1,991,0.45817044377326965,0.08203471451997757,0.37375226616859436,"31,97,176,224,178","2,186,122,139,46",1:366:2|1:389:2|1:398:2
ckpt_4100.pt,1,992,0.4545656442642212,0.07967014610767365,0.4166765511035919,"250,143,194,43,92","27,233,16,180,131",1:25:2|1:126:2|1:245:2
ckpt_4100.pt,1,993,0.47870072722435,0.07623924314975739,0.4237370491027832,"170,243,163,201,226","93,69,243,100,241",1:120:2|1:262:2|1:3:1
ckpt_4100.pt,1,994,0.43457210063934326,0.07650630176067352,0.39994025230407715,"134,31,164,81,150","209,20,63,32,142",1:0:1|1:6:1|1:10:1
ckpt_4100.pt,1,995,0.47792497277259827,0.08719427138566971,0.4205334186553955,"138,13,199,60,140","198,47,205,105,85",1:657:2|1:801:2|1:810:2
ckpt_4100.pt,1,996,0.4641149938106537,0.0946185290813446,0.39567309617996216,"227,43,240,104,69","137,122,252,50,37",1:313:2|1:935:2|1:15:1
ckpt_4100.pt,1,997,0.39860618114471436,0.07407014816999435,0.3681427240371704,"123,0,79,94,208","156,9,85,26,189",1:205:2|1:228:2|1:298:2
ckpt_4100.pt,1,998,0.5108233690261841,0.09574953466653824,0.4513051509857178,"101,51,185,27,48","131,79,5,53,163",1:390:2|1:656:2|1:726:2
ckpt_4100.pt,1,999,0.5356721878051758,0.1055295467376709,0.4249535799026489,"234,217,202,232,104","215,253,29,153,163",1:430:2|1:433:2|1:709:2
ckpt_4100.pt,1,1000,0.3734529912471771,0.08146697282791138,0.33864206075668335,"73,171,82,0,69","232,54,64,50,195",1:267:2|1:533:2|1:596:2
ckpt_4100.pt,1,1001,0.45463764667510986,0.0747806504368782,0.3835829794406891,"96,92,79,6,17","138,51,78,216,110",1:77:2|1:457:2|1:477:2
ckpt_4100.pt,1,1002,0.45486724376678467,0.10737264156341553,0.42763495445251465,"116,152,165,134,176","56,94,194,16,106",1:338:2|1:490:2|1:782:2
ckpt_4100.pt,1,1003,0.42008069157600403,0.08616425842046738,0.33788150548934937,"188,126,236,48,99","250,3,187,166,182",1:419:2|1:523:2|1:4:1
ckpt_4100.pt,1,1004,0.5314469337463379,0.10016188770532608,0.43402180075645447,"162,1,51,78,176","2,112,149,128,161",1:103:2|1:107:2|1:644:2
ckpt_4100.pt,1,1005,0.5014562606811523,0.09325144439935684,0.4325063228607178,"62,68,189,187,228","235,103,218,6,117",1:454:3|1:742:2|1:780:2
ckpt_4100.pt,1,1006,0.42374634742736816,0.09551496803760529,0.38261449337005615,"255,106,144,87,11","72,75,120,227,42",1:14:2|1:216:2|1:332:2
ckpt_4100.pt,1,1007,0.4623606204986572,0.08138484507799149,0.399774432182312,"229,87,139,31,180","70,15,60,55,225",1:0:2|1:182:2|1:260:2
ckpt_4100.pt,1,1008,0.4977383017539978,0.08866241574287415,0.43811729550361633,"119,246,109,92,34","75,9,229,163,124",1:133:2|1:162:2|1:333:2
ckpt_4100.pt,1,1009,0.48854151368141174,0.09768762439489365,0.39692264795303345,"207,19,182,143,129","167,62,236,135,107",1:244:2|1:770:2|1:917:2
ckpt_4100.pt,1,1010,0.47807517647743225,0.0990118458867073,0.4093877673149109,"86,26,22,190,92","34,133,180,249,72",1:226:2|1:238:2|1:597:2
ckpt_4100.pt,1,1011,0.38687196373939514,0.07277589291334152,0.3616645634174347,"110,137,202,70,130","16,8,235,213,103",1:1:1|1:10:1|1:16:1
ckpt_4100.pt,1,1012,0.44522786140441895,0.07451450079679489,0.3877345025539398,"200,36,111,234,227","171,90,54,203,75",1:303:2|1:471:2|1:6:1
ckpt_4100.pt,1,1013,0.4746744930744171,0.07588004320859909,0.3800877034664154,"178,243,66,44,242","119,31,178,165,184",1:203:2|1:604:2|1:630:2
ckpt_4100.pt,1,1014,0.47574475407600403,0.08503439277410507,0.420237272977829,"97,239,149,190,237","2,62,69,108,155",1:92:2|1:556:2|1:6:1
ckpt_4100.pt,1,1015,0.4263332486152649,0.08078749477863312,0.3675518035888672,"212,178,176,110,45","74,210,92,219,197",1:351:2|1:366:2|1:402:2
ckpt_4100.pt,1,1016,0.4821625053882599,0.09405917674303055,0.3795064389705658,"1,170,167,95,67","116,190,0,178,98",1:124:2|1:732:2|1:0:1
ckpt_4100.pt,1,1017,0.3876223862171173,0.07231493294239044,0.36748409271240234,"76,206,233,220,78","12,101,33,255,207",1:149:2|1:228:2|1:270:2
ckpt_4100.pt,1,1018,0.49533212184906006,0.08124750852584839,0.39919060468673706,"143,171,214,103,79","89,225,54,90,253",1:150:2|1:178:2|1:462:2
ckpt_4100.pt,1,1019,0.5200046896934509,0.12568148970603943,0.4492166340351105,"124,53,14,228,245","245,177,97,2,94",1:528:2|1:747:2|1:19:1
ckpt_4100.pt,1,1020,0.45038384199142456,0.08935357630252838,0.3971758782863617,"150,119,140,80,255","23,41,237,13,229",1:561:2|1:869:2|1:12:1
ckpt_4100.pt,1,1021,0.4458410441875458,0.08399570733308792,0.38729679584503174,"210,36,29,52,38","48,32,228,188,78",1:15:2|1:571:2|1:616:2
ckpt_4100.pt,1,1022,0.4794252812862396,0.0896044597029686,0.4372048079967499,"248,65,94,102,201","6,184,249,85,29",1:69:2|1:262:2|1:356:2
ckpt_4100.pt,1,1023,0.488442987203598,0.09536212682723999,0.4327637851238251,"164,77,37,44,208","64,137,163,230,26",1:47:2|1:7:1|1:10:1
ckpt_4100.pt,2,0,0.4677215814590454,0.08972432464361191,0.3995296359062195,"31,177,239,91,235","199,56,84,78,114",2:21:1|2:28:1|2:39:1
ckpt_4100.pt,2,1,0.4684588313102722,0.08788508176803589,0.3895275592803955,"49,12,198,9,124","5,231,0,254,164",2:774:2|2:10:1|2:47:1
ckpt_4100.pt,2,2,0.4812426269054413,0.07810087502002716,0.4075726866722107,"78,228,159,127,26","34,68,156,13,85",2:177:2|2:4:1|2:8:1
ckpt_4100.pt,2,3,0.5444211363792419,0.10379103571176529,0.4679354727268219,"103,223,82,209,179","54,57,211,238,33",2:799:3|2:76:2|2:131:2
ckpt_4100.pt,2,4,0.5298874974250793,0.10149922966957092,0.4437752366065979,"128,228,156,130,106","67,89,149,57,112",2:403:2|2:441:2|2:475:2
ckpt_4100.pt,2,5,0.5169960856437683,0.10417328774929047,0.4164641499519348,"151,129,68,109,255","156,42,237,12,82",2:732:2|2:24:1|2:41:1
ckpt_4100.pt,2,6,0.5331727862358093,0.11141029000282288,0.4512605369091034,"131,126,169,207,244","7,105,251,62,103",2:63:2|2:7:1|2:9:1
ckpt_4100.pt,2,7,0.5015177726745605,0.1044614389538765,0.4042719304561615,"42,71,126,86,32","204,47,207,91,63",2:43:2|2:659:2|2:6:1
ckpt_4100.pt,2,8,0.540421187877655,0.0995023101568222,0.4346659779548645,"69,127,90,252,112","141,179,89,206,137",2:126:3|2:270:2|2:866:2
ckpt_4100.pt,2,9,0.4360927939414978,0.07686736434698105,0.369258850812912,"55,243,211,56,126","204,124,167,63,216",2:32:2|2:153:2|2:319:2
ckpt_4100.pt,2,10,0.465170294046402,0.07653570920228958,0.4110092520713806,"12,54,246,53,142","250,119,172,63,59",2:215:2|2:471:2|2:644:2
ckpt_4100.pt,2,11,0.5477851629257202,0.11045405268669128,0.46182170510292053,"116,229,201,61,234","243,229,85,214,29",2:829:2|2:55:1|2:57:1
ckpt_4100.pt,2,12,0.521797776222229,0.09059514105319977,0.43778541684150696,"168,71,114,82,44","36,71,198,112,48",2:75:2|2:387:2|2:593:2
ckpt_4100.pt,2,13,0.4563179314136505,0.09591378271579742,0.403180867433548,"100,48,250,13,205","124,209,119,144,201",2:54:2|2:557:2|2:769:2
ckpt_4100.pt,2,14,0.48842671513557434,0.09162754565477371,0.40828385949134827,"223,182,24,160,247","131,227,190,14,221",2:256:2|2:446:2|2:807:2
ckpt_4100.pt,2,15,0.5633781552314758,0.09808643907308578,0.47974684834480286,"172,107,104,122,233","17,78,184,15,215",2:111:2|2:294:2|2:496:2
ckpt_4100.pt,2,16,0.518563985824585,0.0940069779753685,0.4236155152320862,"78,39,207,241,181","150,83,248,252,242",2:614:2|2:627:2|2:850:2
ckpt_4100.pt,2,17,0.5528058409690857,0.13253799080848694,0.43337777256965637,"191,133,23,94,196","82,160,227,65,84",2:366:2|2:384:2|2:871:2
ckpt_4100.pt,2,18,0.5051010847091675,0.11197979003190994,0.42488905787467957,"128,158,50,243,46","1,146,228,41,194",2:203:2|2:441:2|2:530:2
ckpt_4100.pt,2,19,0.5147696733474731,0.0892365351319313,0.4155413508415222,"36,19,25,50,249","9,70,146,54,111",2:128:2|2:182:2|2:293:2
ckpt_4100.pt,2,20,0.47887274622917175,0.0844554528594017,0.39232543110847473,"95,144,131,29,46","24,177,250,76,99",2:49:2|2:218:2|2:466:2
ckpt_4100.pt,2,21,0.4187638461589813,0.0889304056763649,0.36393898725509644,"243,53,31,139,96","126,146,122,22,182",2:168:2|2:428:2|2:489:2
ckpt_4100.pt,2,22,0.4697279632091522,0.0832052081823349,0.39776289463043213,"121,167,107,199,152","16,169,51,248,90",2:599:2|2:646:2|2:15:1
ckpt_4100.pt,2,23,0.5166334509849548,0.0900491327047348,0.42194199562072754,"32,1,233,27,103","132,188,108,115,208",2:169:2|2:345:2|2:394:2
ckpt_4100.pt,2,24,0.5066004991531372,0.10124360024929047,0.40665358304977417,"255,207,24,231,114","51,115,172,180,123",2:5:1|2:6:1|2:12:1
ckpt_4100.pt,2,25,0.533283531665802,0.10499537736177444,0.4449634552001953,"102,82,226,101,78","14,10,146,16,125",2:726:2|2:2:1|2:3:1
ckpt_4100.pt,2,26,0.5432838201522827,0.10063425451517105,0.42668598890304565,"194,189,188,87,98","79,210,173,71,31",2:359:2|2:958:2|2:58:1
ckpt_4100.pt,2,27,0.45135703682899475,0.11602267622947693,0.40355050563812256,"27,167,47,149,157","59,131,183,234,62",2:148:2|2:261:2|2:418:2
ckpt_4100.pt,2,28,0.46007028222084045,0.09157970547676086,0.3911278247833252,"209,104,31,197,97","186,85,214,45,104",2:564:2|2:729:2|2:992:2
ckpt_4100.pt,2,29,0.4865969121456146,0.09751839935779572,0.42027747631073,"226,149,108,142,251","41,247,146,39,220",2:275:2|2:943:2|2:10:1
ckpt_4100.pt,2,30,0.5279343724250793,0.14532847702503204,0.4275956153869629,"3,19,13,162,184","147,52,3,235,131",2:554:3|2:182:2|2:272:2
ckpt_4100.pt,2,31,0.5441159605979919,0.10962781310081482,0.4213712513446808,"71,217,149,28,207","31,116,56,104,58",2:636:2|2:773:2|2:6:1
ckpt_4100.pt,2,32,0.5286000967025757,0.10857678949832916,0.42127081751823425,"126,8,108,6,243","254,156,188,30,135",2:9:2|2:131:2|2:577:2
ckpt_4100.pt,2,33,0.6734205484390259,0.12063980102539062,0.5764003396034241,"93,196,73,80,184","98,181,171,141,207",2:194:2|2:208:2|2:424:2
ckpt_4100.pt,2,34,0.5382058024406433,0.10501528531312943,0.4216635227203369,"120,152,160,41,218","60,251,212,248,41",2:14:1|2:22:1|2:39:1
ckpt_4100.pt,2,35,0.47591525316238403,0.09218374639749527,0.41307634115219116,"40,206,208,74,118","243,45,46,112,232",2:56:2|2:219:2|2:321:2
ckpt_4100.pt,2,36,0.5399515628814697,0.09140856564044952,0.4566985070705414,"97,130,13,168,155","123,7,145,135,136",2:222:2|2:301:2|2:503:2
ckpt_4100.pt,2,37,0.5335365533828735,0.10971363633871078,0.4499760866165161,"146,29,231,72,89","143,224,30,236,146",2:162:2|2:708:2|2:20:1
ckpt_4100.pt,2,38,0.5140128135681152,0.11751602590084076,0.44662711024284363,"92,111,46,191,88","241,24,212,119,177",2:165:2|2:944:2|2:17:1
ckpt_4100.pt,2,39,0.5137677788734436,0.09003672748804092,0.4294307827949524,"131,31,218,221,183","11,38,88,7,50",2:355:3|2:333:2|2:414:2
ckpt_4100.pt,2,40,0.5046785473823547,0.08786673098802567,0.416238397359848,"182,0,220,119,17","115,1,5,194,240",2:296:2|2:979:2|2:14:1
ckpt_4100.pt,2,41,0.4802270829677582,0.1168936938047409,0.4144521951675415,"161,109,73,225,134","91,32,134,75,48",2:755:2|2:840:2|2:5:1
ckpt_4100.pt,2,42,0.51898592710495,0.10273195058107376,0.43656444549560547,"90,118,179,110,182","30,141,202,129,84",2:219:2|2:568:2|2:870:2
ckpt_4100.pt,2,43,0.5258874297142029,0.10039544105529785,0.42164838314056396,"32,222,69,44,86","173,136,44,152,231",2:7:2|2:430:2|2:8:1
ckpt_4100.pt,2,44,0.4827117919921875,0.08507390320301056,0.43880629539489746,"7,163,200,128,27","199,2,212,195,188",2:60:2|2:96:2|2:169:2
ckpt_4100.pt,2,45,0.46416857838630676,0.09674832224845886,0.38526979088783264,"238,117,4,182,78","98,212,15,33,142",2:463:2|2:2:1|2:14:1
ckpt_4100.pt,2,46,0.5707725286483765,0.12164442986249924,0.44533467292785645,"236,143,111,19,154","30,248,4,22,219",2:237:2|2:865:2|2:19:1
ckpt_4100.pt,2,47,0.43114516139030457,0.07445839792490005,0.36171025037765503,"76,36,1,180,124","16,255,111,95,92",2:250:2|2:694:2|2:934:2
ckpt_4100.pt,2,48,0.44930562376976013,0.09255772083997726,0.4047847092151642,"228,109,146,34,84","229,161,133,21,134",2:668:2|2:2:1|2:4:1
ckpt_4100.pt,2,49,0.44877079129219055,0.07846209406852722,0.3691630959510803,"247,227,29,34,46","255,102,117,146,73",2:20:2|2:233:2|2:247:2
ckpt_4100.pt,2,50,0.4765724539756775,0.08251408487558365,0.4210810959339142,"104,133,19,1,9","220,83,74,159,9",2:871:2|2:931:2|2:938:2
ckpt_4100.pt,2,51,0.5196920037269592,0.08856784552335739,0.4475610554218292,"246,218,226,55,166","149,4,173,174,129",2:345:2|2:657:2|2:758:2
ckpt_4100.pt,2,52,0.5582498908042908,0.10630695521831512,0.4091006815433502,"63,216,2,26,90","228,195,85,251,175",2:822:2|2:978:2|2:2:1
ckpt_4100.pt,2,53,0.4709337651729584,0.07621384412050247,0.3800077736377716,"222,64,72,212,236","36,226,229,62,24",2:371:2|2:442:2|2:785:2
ckpt_4100.pt,2,54,0.4996383488178253,0.09964550286531448,0.4103255271911621,"250,151,48,175,182","80,175,127,219,77",2:13:2|2:103:2|2:240:2
ckpt_4100.pt,2,55,0.48089542984962463,0.09563663601875305,0.3879041075706482,"218,201,161,168,176","176,100,117,202,115",2:500:3|2:446:2|2:579:2
ckpt_4100.pt,2,56,0.4843806028366089,0.10693954676389694,0.3977367579936981,"40,119,139,206,41","20,95,189,236,177",2:35:2|2:168:2|2:945:2
ckpt_4100.pt,2,57,0.5141521692276001,0.0918610543012619,0.38105952739715576,"227,8,224,234,65","53,92,132,201,238",2:188:2|2:278:2|2:670:2
ckpt_4100.pt,2,58,0.4992063045501709,0.12024746835231781,0.4134407341480255,"98,244,227,99,21","151,219,237,192,7",2:543:3|2:466:2|2:6:1
ckpt_4100.pt,2,59,0.5141539573669434,0.09762702137231827,0.43235594034194946,"214,201,17,29,117","24,237,87,126,128",2:465:2|2:511:2|2:11:1
ckpt_4100.pt,2,60,0.45852363109588623,0.09345671534538269,0.4078642725944519,"119,158,27,209,163","235,185,160,224,82",2:44:2|2:203:2|2:607:2
ckpt_4100.pt,2,61,0.5167338848114014,0.09856263548135757,0.4561825096607208,"74,146,8,223,18","230,253,166,8,83",2:948:2|2:3:1|2:14:1
ckpt_4100.pt,2,62,0.44132527709007263,0.08005864918231964,0.3690629005432129,"197,66,90,30,149","66,146,141,148,201",2:639:2|2:8:1|2:27:1
ckpt_4100.pt,2,63,0.5254155993461609,0.10841076076030731,0.4388667643070221,"201,244,49,126,23","222,27,17,117,44",2:6:2|2:390:2|2:833:2
ckpt_4100.pt,2,64,0.5358924269676208,0.08570457994937897,0.43535730242729187,"98,56,136,249,4","207,125,245,164,116",2:9:1|2:19:1|2:26:1
ckpt_4100.pt,2,65,0.4962520897388458,0.10302220284938812,0.404242604970932,"91,52,246,209,61","81,254,22,44,45",2:227:2|2:280:2|2:829:2
ckpt_4100.pt,2,66,0.4500274062156677,0.09017860889434814,0.39947155117988586,"70,43,230,247,206","56,228,186,92,55",2:109:2|2:217:2|2:965:2
ckpt_4100.pt,2,67,0.5290435552597046,0.09118251502513885,0.4121512770652771,"188,246,6,32,182","16,147,114,53,116",2:159:2|2:345:2|2:576:2
ckpt_4100.pt,2,68,0.42594483494758606,0.07143545895814896,0.3776276111602783,"141,4,175,127,248","122,227,178,59,108",2:248:2|2:809:2|2:2:1
ckpt_4100.pt,2,69,0.49781641364097595,0.09925421327352524,0.410329669713974,"170,198,55,227,120","159,52,127,67,246",2:126:2|2:153:2|2:950:2
ckpt_4100.pt,2,70,0.4312615692615509,0.07042679935693741,0.4017066955566406,"29,253,127,64,152","93,248,11,131,114",2:71:2|2:162:2|2:524:2
ckpt_4100.pt,2,71,0.49247848987579346,0.10362667590379715,0.4436613917350769,"152,139,78,132,64","30,48,182,162,89",2:70:2|2:132:2|2:569:2
ckpt_4100.pt,2,72,0.5204182267189026,0.08370648324489594,0.4630500376224518,"7,29,206,172,197","85,148,203,115,118",2:204:2|2:735:2|2:15:1
ckpt_4100.pt,2,73,0.45541760325431824,0.08559905737638474,0.4074486792087555,"127,3,54,202,99","90,229,118,205,244",2:92:2|2:94:2|2:200:2
ckpt_4100.pt,2,74,0.5757202506065369,0.13208547234535217,0.4445097744464874,"8,94,125,87,231","111,124,65,213,63",2:267:2|2:307:2|2:17:1
ckpt_4100.pt,2,75,0.4663065969944,0.09064509719610214,0.36743465065956116,"71,56,114,8,205","248,205,52,170,93",2:12:2|2:434:2|2:7:1
ckpt_4100.pt,2,76,0.5087466835975647,0.10481119155883789,0.4071175456047058,"204,103,220,223,137","59,225,5,243,244",2:3:2|2:446:2|2:493:2
ckpt_4100.pt,2,77,0.5149190425872803,0.12174123525619507,0.42852291464805603,"149,160,86,215,175","9,65,162,255,134",2:815:2|2:928:2|2:7:1
ckpt_4100.pt,2,78,0.5300207734107971,0.10712715238332748,0.42574018239974976,"148,187,239,66,76","131,119,230,104,241",2:561:2|2:0:1|2:47:1
ckpt_4100.pt,2,79,0.5636479258537292,0.14325112104415894,0.43953564763069153,"246,241,111,145,95","255,196,58,229,25",2:111:2|2:179:2|2:304:2
ckpt_4100.pt,2,80,0.5056806206703186,0.09754078090190887,0.4156489074230194,"241,42,139,147,253","222,16,112,202,211",2:83:2|2:228:2|2:357:2
ckpt_4100.pt,2,81,0.4137077033519745,0.0781211331486702,0.36789366602897644,"110,207,91,14,68","239,152,59,156,144",2:850:2|2:1007:2|2:0:1
ckpt_4100.pt,2,82,0.48944929242134094,0.12146749347448349,0.4233919382095337,"239,223,213,99,153","30,19,224,154,89",2:172:2|2:203:2|2:392:2
ckpt_4100.pt,2,83,0.508882462978363,0.11303341388702393,0.44029778242111206,"253,129,116,247,241","200,0,93,173,22",2:80:2|2:981:2|2:5:1
ckpt_4100.pt,2,84,0.46081945300102234,0.08813920617103577,0.4143854081630707,"179,171,235,98,92","187,162,4,157,147",2:238:2|2:911:2|2:0:1
ckpt_4100.pt,2,85,0.46896564960479736,0.09317401051521301,0.4103374481201172,"120,1,200,87,114","154,132,211,39,164",2:253:2|2:12:1|2:23:1
ckpt_4100.pt,2,86,0.5279728770256042,0.12620572745800018,0.43939173221588135,"245,185,111,222,150","46,12,163,54,225",2:38:1|2:43:1|2:46:1
ckpt_4100.pt,2,87,0.44411569833755493,0.10027533769607544,0.38918498158454895,"57,230,147,14,124","128,252,214,143,73",2:104:2|2:440:2|2:652:2
ckpt_4100.pt,2,88,0.5064694881439209,0.10686413198709488,0.4313746988773346,"116,143,83,207,52","241,54,111,199,9",2:199:2|2:537:2|2:558:2
ckpt_4100.pt,2,89,0.4896564483642578,0.10200298577547073,0.3997036814689636,"106,138,112,147,144","221,39,108,96,1",2:692:2|2:4:1|2:8:1
ckpt_4100.pt,2,90,0.5554375648498535,0.1321113556623459,0.4462009370326996,"241,214,220,80,40","54,93,146,28,176",2:794:2|2:16:1|2:33:1
ckpt_4100.pt,2,91,0.5342610478401184,0.1071012020111084,0.4062000513076782,"116,27,67,203,15","204,234,203,43,35",2:155:2|2:315:2|2:409:2
ckpt_4100.pt,2,92,0.4651348292827606,0.08256543427705765,0.40281376242637634,"113,170,3,117,202","74,244,118,226,13",2:73:2|2:241:2|2:985:2
ckpt_4100.pt,2,93,0.4828965961933136,0.10739175230264664,0.41615626215934753,"243,227,175,233,89","117,196,186,34,107",2:220:2|2:365:2|2:420:2
ckpt_4100.pt,2,94,0.5040302276611328,0.0915873721241951,0.43327027559280396,"99,43,208,127,85","226,252,23,78,237",2:73:2|2:220:2|2:270:2
ckpt_4100.pt,2,95,0.4819662570953369,0.08891336619853973,0.43061450123786926,"115,32,72,163,159","52,106,85,44,93",2:430:2|2:675:2|2:680:2
ckpt_4100.pt,2,96,0.5350882411003113,0.11986606568098068,0.44579392671585083,"130,41,27,204,200","54,102,120,125,66",2:44:2|2:876:2|2:984:2
ckpt_4100.pt,2,97,0.5315570831298828,0.09047308564186096,0.4143247902393341,"178,169,167,12,57","153,95,118,101,164",2:440:2|2:740:2|2:1:1
ckpt_4100.pt,2,98,0.5280867218971252,0.10381359606981277,0.45196112990379333,"169,89,224,112,250","237,247,244,31,251",2:225:2|2:531:2|2:573:2
ckpt_4100.pt,2,99,0.5890470743179321,0.10481006652116776,0.4835190176963806,"207,74,9,173,112","244,194,96,11,201",2:252:2|2:642:2|2:670:2
ckpt_4100.pt,2,100,0.5041428804397583,0.08523222804069519,0.4196928143501282,"65,130,88,197,95","205,47,168,127,186",2:448:2|2:539:2|2:595:2
ckpt_4100.pt,2,101,0.5221300721168518,0.10421545058488846,0.4429728090763092,"151,91,140,62,203","0,56,202,244,219",2:244:2|2:0:1|2:5:1
ckpt_4100.pt,2,102,0.47337815165519714,0.08460798114538193,0.3846292793750763,"23,53,217,171,41","186,187,230,157,32",2:471:2|2:10:1|2:17:1
ckpt_4100.pt,2,103,0.42485636472702026,0.08244159817695618,0.38059163093566895,"7,66,151,48,54","85,133,229,11,20",2:54:2|2:240:2|2:367:2
ckpt_4100.pt,2,104,0.43577486276626587,0.08272122591733932,0.3809949457645416,"99,230,79,14,83","188,12,221,152,25",2:87:2|2:217:2|2:849:2
ckpt_4100.pt,2,105,0.46513107419013977,0.0994124710559845,0.37913456559181213,"97,27,8,90,33","253,223,90,11,228",2:245:2|2:693:2|2:1003:2
ckpt_4100.pt,2,106,0.531738817691803,0.10354579985141754,0.41949230432510376,"96,121,185,2,124","22,150,234,27,120",2:417:2|2:592:2|2:660:2
ckpt_4100.pt,2,107,0.47086700797080994,0.09709256887435913,0.41196340322494507,"255,164,166,170,47","57,39,76,16,208",2:5:1|2:24:1|2:27:1
ckpt_4100.pt,2,108,0.4332410991191864,0.07990548759698868,0.3672023117542267,"15,202,205,29,94","131,196,39,146,200",2:200:2|2:447:2|2:778:2
ckpt_4100.pt,2,109,0.5069733262062073,0.07367954403162003,0.44970962405204773,"79,142,70,19,247","153,232,57,119,154",2:66:2|2:124:2|2:272:2
ckpt_4100.pt,2,110,0.5350635647773743,0.10152329504489899,0.4383399784564972,"233,171,9,209,224","176,116,81,59,5",2:131:2|2:591:2|2:931:2
ckpt_4100.pt,2,111,0.4956061840057373,0.08958606421947479,0.39225876331329346,"107,246,172,111,44","221,252,117,175,52",2:15:2|2:79:2|2:294:2
ckpt_4100.pt,2,112,0.551506519317627,0.10648516565561295,0.44952815771102905,"95,11,97,139,127","102,90,180,186,3",2:205:2|2:2:1|2:8:1
ckpt_4100.pt,2,113,0.4889725148677826,0.09500416368246078,0.392764151096344,"186,139,188,93,76","230,110,99,217,194",2:259:2|2:356:2|2:424:2
ckpt_4100.pt,2,114,0.5190922021865845,0.09399265050888062,0.4045276939868927,"54,164,122,112,241","87,112,177,224,101",2:263:2|2:794:2|2:897:2
ckpt_4100.pt,2,115,0.4716012477874756,0.10448744148015976,0.38664010167121887,"167,2,48,115,241","68,155,186,21,13",2:210:2|2:342:2|2:745:2
ckpt_4100.pt,2,116,0.5354668498039246,0.1168963760137558,0.4376457631587982,"248,218,67,245,137","2,210,143,246,204",2:213:2|2:350:2|2:373:2
ckpt_4100.pt,2,117,0.4941556453704834,0.07585430145263672,0.407371461391449,"197,212,154,118,152","217,141,238,102,138",2:139:2|2:167:2|2:988:2
ckpt_4100.pt,2,118,0.46538835763931274,0.08182661980390549,0.4081518054008484,"10,222,122,20,124","112,63,175,82,193",2:189:2|2:229:2|2:578:2
ckpt_4100.pt,2,119,0.5185530781745911,0.11526304483413696,0.4721304774284363,"219,122,102,119,52","32,115,75,61,247",2:358:2|2:731:2|2:15:1
ckpt_4100.pt,2,120,0.548078179359436,0.10135287791490555,0.4318433701992035,"51,93,46,55,85","13,6,177,83,38",2:151:2|2:165:2|2:270:2
ckpt_4100.pt,2,121,0.5131533741950989,0.10722975432872772,0.4125615358352661,"39,100,4,227,252","161,191,181,241,178",2:126:2|2:188:2|2:331:2
ckpt_4100.pt,2,122,0.5214231014251709,0.1072269007563591,0.438750296831131,"27,220,185,132,16","43,30,0,130,39",2:23:1|2:27:1|2:40:1
ckpt_4100.pt,2,123,0.5510913729667664,0.08766201138496399,0.4387713670730591,"95,186,136,91,250","128,5,161,53,123",2:709:2|2:0:1|2:13:1
ckpt_4100.pt,2,124,0.5105186104774475,0.10357474535703659,0.43653422594070435,"114,79,142,224,47","56,250,17,249,42",2:109:2|2:10:1|2:12:1
ckpt_4100.pt,2,125,0.4962950646877289,0.08000713586807251,0.4325018525123596,"123,43,254,31,34","138,111,144,79,214",2:901:2|2:0:1|2:21:1
ckpt_4100.pt,2,126,0.45536085963249207,0.07991611212491989,0.39438626170158386,"120,252,127,227,112","124,253,227,91,180",2:8:3|2:69:2|2:121:2
ckpt_4100.pt,2,127,0.4650614261627197,0.07905005663633347,0.39160728454589844,"249,219,43,210,240","160,69,46,255,216",2:160:2|2:875:2|2:19:1
ckpt_4100.pt,2,128,0.5182135701179504,0.09760119765996933,0.4159671366214752,"186,14,19,25,102","252,144,249,31,11",2:19:2|2:166:2|2:282:2
ckpt_4100.pt,2,129,0.5443726181983948,0.09471514821052551,0.4385373294353485,"32,176,94,229,129","252,193,142,28,133",2:527:2|2:653:2|2:688:2
ckpt_4100.pt,2,130,0.5039445757865906,0.10947230458259583,0.40176627039909363,"220,133,213,28,62","117,203,90,53,246",2:529:2|2:547:2|2:621:2
ckpt_4100.pt,2,131,0.4518887400627136,0.09428251534700394,0.4202084243297577,"108,82,6,209,233","6,107,127,183,154",2:3:2|2:32:2|2:110:2
ckpt_4100.pt,2,132,0.5391041040420532,0.09794062376022339,0.4710528254508972,"64,132,112,226,203","226,237,78,203,62",2:71:2|2:814:2|2:830:2
ckpt_4100.pt,2,133,0.45541566610336304,0.07892429083585739,0.39260998368263245,"112,178,236,113,247","22,225,176,102,65",2:241:2|2:654:2|2:739:2
ckpt_4100.pt,2,134,0.5263161063194275,0.10048212110996246,0.45277902483940125,"205,196,96,251,204","117,34,251,227,78",2:13:1|2:17:1|2:21:1
ckpt_4100.pt,2,135,0.5409935712814331,0.1137835681438446,0.4219808280467987,"120,51,27,222,225","226,173,93,15,46",2:299:2|2:873:2|2:950:2
ckpt_4100.pt,2,136,0.5278745889663696,0.10567758977413177,0.43276676535606384,"236,181,101,94,180","81,52,165,188,122",2:267:2|2:442:2|2:609:2
ckpt_4100.pt,2,137,0.5052728652954102,0.09805409610271454,0.43516528606414795,"102,16,24,58,246","117,165,91,30,126",2:519:2|2:851:2|2:10:1
ckpt_4100.pt,2,138,0.5066389441490173,0.0949820950627327,0.43502217531204224,"117,145,33,133,147","220,142,184,48,17",2:511:2|2:613:2|2:936:2
ckpt_4100.pt,2,139,0.5178688168525696,0.0992259830236435,0.42273521423339844,"212,197,100,142,113","184,92,164,199,206",2:117:2|2:494:2|2:943:2
ckpt_4100.pt,2,140,0.5085239410400391,0.09301294386386871,0.4148258566856384,"20,207,245,113,44","154,138,225,107,239",2:241:2|2:679:2|2:851:2
ckpt_4100.pt,2,141,0.48160308599472046,0.0859791561961174,0.40287432074546814,"222,45,40,50,60","248,179,252,39,82",2:357:2|2:596:2|2:18:1
ckpt_4100.pt,2,142,0.4905473589897156,0.0865802988409996,0.3807876408100128,"121,73,129,163,122","105,176,230,135,32",2:169:2|2:305:2|2:611:2
ckpt_4100.pt,2,143,0.5050781965255737,0.08434727787971497,0.41529351472854614,"65,233,6,187,185","67,244,75,240,153",2:131:2|2:619:2|2:705:2
ckpt_4100.pt,2,144,0.4782261252403259,0.11393871158361435,0.4189129173755646,"22,239,221,146,137","33,91,164,48,112",2:426:3|2:309:2|2:404:2
ckpt_4100.pt,2,145,0.5152563452720642,0.11388333886861801,0.4575134217739105,"48,51,43,29,243","131,69,202,43,23",2:447:2|2:797:2|2:9:1
ckpt_4100.pt,2,146,0.5053595304489136,0.09921285510063171,0.43834388256073,"71,144,24,146,62","66,148,43,56,243",2:271:2|2:363:2|2:603:2
ckpt_4100.pt,2,147,0.4924115240573883,0.09774992614984512,0.41310563683509827,"14,93,97,243,151","198,181,57,128,232",2:187:2|2:264:2|2:992:2
ckpt_4100.pt,2,148,0.4477832019329071,0.10656246542930603,0.36658579111099243,"47,51,237,128,149","51,246,210,179,186",2:27:2|2:159:2|2:474:2
ckpt_4100.pt,2,149,0.5363275408744812,0.12313634157180786,0.42466220259666443,"23,79,120,65,113","112,86,115,125,191",2:416:2|2:926:2|2:985:2
ckpt_4100.pt,2,150,0.5395005345344543,0.11603525280952454,0.4460504949092865,"191,47,165,212,48","49,132,204,150,142",2:205:2|2:334:2|2:370:2
ckpt_4100.pt,2,151,0.5166118741035461,0.1072753295302391,0.4364990293979645,"98,57,24,46,51","80,104,37,46,5",2:120:2|2:165:2|2:481:2
ckpt_4100.pt,2,152,0.5599468350410461,0.09973437339067459,0.46175095438957214,"190,254,162,24,1","23,146,154,201,158",2:380:2|2:402:2|2:783:2
ckpt_4100.pt,2,153,0.4969702959060669,0.08167845755815506,0.40280744433403015,"198,243,55,223,225","201,205,80,249,240",2:9:2|2:69:2|2:460:2
ckpt_4100.pt,2,154,0.48174402117729187,0.08543259650468826,0.41743871569633484,"222,85,189,179,255","245,216,120,136,132",2:3:1|2:5:1|2:24:1
ckpt_4100.pt,2,155,0.46850404143333435,0.098307766020298,0.37856441736221313,"197,101,202,203,27","56,97,105,246,192",2:91:2|2:161:2|2:253:2
ckpt_4100.pt,2,156,0.5412651300430298,0.09741601347923279,0.45042142271995544,"242,66,102,71,232","108,71,230,53,90",2:166:2|2:538:2|2:714:2
ckpt_4100.pt,2,157,0.5668691396713257,0.08881189674139023,0.4562608599662781,"236,32,138,66,153","0,186,182,65,12",2:291:2|2:598:2|2:837:2
ckpt_4100.pt,2,158,0.47704240679740906,0.09814116358757019,0.40058016777038574,"69,18,59,174,98","193,17,84,237,107",2:636:2|2:829:2|2:8:1
ckpt_4100.pt,2,159,0.5541006922721863,0.1062130257487297,0.4543551206588745,"32,188,128,164,149","87,95,23,234,126",2:67:2|2:148:2|2:580:2
ckpt_4100.pt,2,160,0.4723658561706543,0.09523692727088928,0.39554545283317566,"227,158,219,140,240","115,63,43,31,59",2:127:2|2:878:2|2:18:1
ckpt_4100.pt,2,161,0.4846345782279968,0.07561512291431427,0.40232640504837036,"152,27,19,56,101","211,101,139,227,220",2:155:2|2:253:2|2:319:2
ckpt_4100.pt,2,162,0.48788872361183167,0.08124878257513046,0.4293501675128937,"37,101,89,127,29","249,89,52,157,95",2:37:2|2:70:2|2:2:1
ckpt_4100.pt,2,163,0.4001310169696808,0.06775306165218353,0.31432366371154785,"104,203,2,205,139","84,235,140,179,141",2:734:2|2:826:2|2:857:2
ckpt_4100.pt,2,164,0.5332457423210144,0.09564577788114548,0.39685487747192383,"38,63,137,9,81","97,20,6,207,90",2:208:2|2:931:2|2:1014:2
ckpt_4100.pt,2,165,0.46109771728515625,0.07734289765357971,0.41103824973106384,"121,88,51,74,46","81,124,143,56,224",2:38:2|2:120:2|2:151:2
ckpt_4100.pt,2,166,0.46056923270225525,0.08650859445333481,0.3937937319278717,"102,91,66,39,19","143,101,179,137,52",2:128:2|2:156:2|2:456:2
ckpt_4100.pt,2,167,0.5121653079986572,0.09851492941379547,0.4032610356807709,"169,197,15,133,152","108,180,33,168,127",2:117:2|2:183:2|2:6:1
ckpt_4100.pt,2,168,0.5087670683860779,0.09334089607000351,0.4238411784172058,"8,206,31,144,139","205,238,180,168,229",2:21:2|2:56:2|2:514:2
ckpt_4100.pt,2,169,0.5234293341636658,0.0982838049530983,0.4296131134033203,"163,7,103,1,122","57,66,112,95,67",2:23:2|2:44:2|2:142:2
ckpt_4100.pt,2,170,0.4510208070278168,0.10389173030853271,0.37360113859176636,"255,19,237,227,63","22,215,85,30,245",2:406:2|2:585:2|2:732:2
ckpt_4100.pt,2,171,0.4990297555923462,0.1075950488448143,0.4101000130176544,"94,103,185,107,77","94,142,15,234,214",2:551:2|2:844:2|2:3:1
ckpt_4100.pt,2,172,0.4832897186279297,0.10868346691131592,0.4517948031425476,"153,223,12,86,43","13,154,185,169,98",2:82:2|2:195:2|2:604:2
ckpt_4100.pt,2,173,0.4226257801055908,0.07228419929742813,0.3708721399307251,"96,136,195,52,167","183,122,7,79,147",2:930:2|2:1006:2|2:21:1
ckpt_4100.pt,2,174,0.5429602265357971,0.09468299150466919,0.4674396812915802,"122,197,62,198,39","63,96,226,134,19",2:1:1|2:15:1|2:16:1
ckpt_4100.pt,2,175,0.5426799058914185,0.11179890483617783,0.4102378487586975,"124,6,218,154,60","26,161,73,140,220",2:1:1|2:32:1|2:34:1
ckpt_4100.pt,2,176,0.5657647252082825,0.09336964040994644,0.4666655957698822,"237,125,254,247,12","95,91,201,1,101",2:399:2|2:926:2|2:1:1
ckpt_4100.pt,2,177,0.4646643102169037,0.08641262352466583,0.40695586800575256,"67,78,127,216,249","186,43,3,220,107",2:2:2|2:354:2|2:8:1
ckpt_4100.pt,2,178,0.4800882041454315,0.09547637403011322,0.4015182852745056,"99,126,195,216,5","44,20,121,180,186",2:968:2|2:6:1|2:7:1
ckpt_4100.pt,2,179,0.5410511493682861,0.08200093358755112,0.4351402521133423,"140,241,246,143,180","183,210,251,193,76",2:662:3|2:79:2|2:558:2
ckpt_4100.pt,2,180,0.49625077843666077,0.0992983728647232,0.41847455501556396,"48,120,19,122,22","110,13,154,249,129",2:13:1|2:15:1|2:19:1
ckpt_4100.pt,2,181,0.468360960483551,0.08435651659965515,0.3768083453178406,"117,178,52,237,146","26,131,76,134,34",2:356:2|2:492:2|2:678:2
ckpt_4100.pt,2,182,0.46996843814849854,0.08816714584827423,0.40664783120155334,"19,223,162,134,50","91,123,42,67,93",2:19:2|2:30:2|2:202:2
ckpt_4100.pt,2,183,0.4876156747341156,0.09048861265182495,0.4006592333316803,"252,196,15,194,169","253,9,15,56,27",2:167:2|2:207:2|2:311:2
ckpt_4100.pt,2,184,0.47102299332618713,0.0889233648777008,0.4251968264579773,"237,235,154,58,18","195,154,63,16,225",2:423:2|2:483:2|2:935:2
ckpt_4100.pt,2,185,0.4598410427570343,0.07834689319133759,0.4025723934173584,"231,46,35,142,148","35,29,208,30,104",2:683:2|2:828:2|2:1008:2
ckpt_4100.pt,2,186,0.49299356341362,0.08320701867341995,0.4247925579547882,"143,60,54,177,62","201,51,196,248,67",2:524:2|2:545:2|2:894:2
ckpt_4100.pt,2,187,0.4754579961299896,0.0787092000246048,0.4044443666934967,"151,154,161,123,243","185,107,114,243,149",2:147:2|2:289:2|2:5:1
ckpt_4100.pt,2,188,0.4793303608894348,0.10178042203187943,0.3692668378353119,"100,234,227,72,24","8,52,167,27,133",2:57:2|2:121:2|2:535:2
ckpt_4100.pt,2,189,0.4963165521621704,0.09384958446025848,0.4032362699508667,"37,222,166,20,241","202,48,53,124,140",2:118:2|2:357:2|2:737:2
ckpt_4100.pt,2,190,0.5118428468704224,0.09641056507825851,0.42175307869911194,"84,40,231,100,44","46,166,214,201,222",2:494:2|2:12:1|2:13:1
ckpt_4100.pt,2,191,0.49516749382019043,0.09017001837491989,0.4317153990268707,"60,111,194,173,33","143,71,232,219,96",2:389:2|2:452:2|2:897:2
ckpt_4100.pt,2,192,0.5011115670204163,0.08701220154762268,0.39660170674324036,"217,117,127,2,194","185,157,145,177,126",2:467:2|2:559:2|2:734:2
ckpt_4100.pt,2,193,0.4590785503387451,0.08496996015310287,0.37737733125686646,"137,1,57,93,92","64,190,158,57,201",2:380:2|2:634:2|2:647:2
ckpt_4100.pt,2,194,0.45557352900505066,0.08880409598350525,0.383185476064682,"61,196,101,93,155","93,228,122,58,72",2:33:2|2:326:2|2:424:2
ckpt_4100.pt,2,195,0.49722349643707275,0.10306958854198456,0.4108065962791443,"91,12,223,78,194","206,189,122,81,121",2:172:2|2:247:2|2:591:2
ckpt_4100.pt,2,196,0.42516303062438965,0.07859271764755249,0.3601611256599426,"96,44,149,126,83","92,131,255,17,132",2:810:2|2:6:1|2:7:1
ckpt_4100.pt,2,197,0.5205106139183044,0.11368557065725327,0.40957996249198914,"217,214,205,168,6","187,19,154,195,123",2:617:2|2:884:2|2:12:1
ckpt_4100.pt,2,198,0.4895646274089813,0.09322130680084229,0.4259755611419678,"80,75,39,124,28","217,216,206,83,27",2:340:2|2:370:2|2:592:2
ckpt_4100.pt,2,199,0.48292773962020874,0.09632594138383865,0.4112744629383087,"70,52,15,18,207","38,110,45,174,100",2:88:2|2:636:2|2:713:2
ckpt_4100.pt,2,200,0.5557073950767517,0.10717160254716873,0.4503426253795624,"231,209,205,54,202","69,171,119,9,247",2:73:2|2:108:2|2:778:2
ckpt_4100.pt,2,201,0.42504915595054626,0.08452008664608002,0.35180550813674927,"198,61,154,121,109","202,247,35,170,171",2:305:2|2:611:2|2:831:2
ckpt_4100.pt,2,202,0.5222355127334595,0.10282396525144577,0.44676846265792847,"212,181,162,50,204","84,28,214,67,143",2:182:2|2:285:2|2:907:2
ckpt_4100.pt,2,203,0.4690411388874054,0.08870982378721237,0.40065646171569824,"239,158,99,119,46","63,118,168,218,251",2:18:2|2:60:2|2:82:2
ckpt_4100.pt,2,204,0.4472492039203644,0.08402888476848602,0.37012454867362976,"235,4,7,144,197","15,54,219,182,245",2:72:2|2:234:2|2:265:2
ckpt_4100.pt,2,205,0.5285210609436035,0.11407249420881271,0.45147910714149475,"212,97,48,95,57","62,214,148,188,205",2:112:2|2:150:2|2:601:2
ckpt_4100.pt,2,206,0.5242796540260315,0.09379851073026657,0.4418067932128906,"72,155,217,208,142","114,208,108,222,111",2:10:1|2:29:1|2:31:1
ckpt_4100.pt,2,207,0.5804062485694885,0.12163984775543213,0.4385891258716583,"196,1,250,194,126","118,94,18,185,254",2:183:2|2:360:2|2:690:2
ckpt_4100.pt,2,208,0.5661386847496033,0.10488753765821457,0.45809856057167053,"63,80,103,9,93","116,93,195,88,244",2:33:2|2:164:2|2:913:2
ckpt_4100.pt,2,209,0.4962042272090912,0.10594408959150314,0.38812732696533203,"154,225,131,168,216","7,83,243,106,89",2:258:2|2:608:2|2:792:2
ckpt_4100.pt,2,210,0.4528328776359558,0.06853640824556351,0.36495301127433777,"19,2,167,145,196","244,246,252,107,134",2:115:2|2:17:1|2:19:1
ckpt_4100.pt,2,211,0.5194970369338989,0.08555816859006882,0.4360930621623993,"149,180,7,112,93","35,62,139,226,183",2:468:2|2:750:2|2:946:2
ckpt_4100.pt,2,212,0.4908751845359802,0.10698940604925156,0.4227202534675598,"48,179,166,63,163","86,115,77,69,61",2:717:2|2:827:2|2:916:2
ckpt_4100.pt,2,213,0.5300372838973999,0.11229181289672852,0.4368751049041748,"225,248,137,205,0","61,68,149,127,235",2:116:2|2:413:2|2:683:2
ckpt_4100.pt,2,214,0.5329936146736145,0.11836635321378708,0.4398147165775299,"154,239,102,248,7","128,3,127,73,207",2:388:2|2:534:2|2:748:2
ckpt_4100.pt,2,215,0.4803030788898468,0.09674070030450821,0.41108161211013794,"53,106,247,246,73","125,61,173,241,103",2:10:2|2:262:2|2:644:2
ckpt_4100.pt,2,216,0.4875590205192566,0.08982793241739273,0.3922177255153656,"177,223,199,48,4","202,239,71,89,199",2:493:2|2:528:2|2:629:2
ckpt_4100.pt,2,217,0.4970252513885498,0.10597016662359238,0.3677198588848114,"48,206,230,79,46","216,158,112,186,50",2:66:2|2:104:2|2:656:2
ckpt_4100.pt,2,218,0.5079542398452759,0.09445890039205551,0.4408867359161377,"46,250,131,72,77","66,248,23,242,45",2:20:2|2:442:2|2:842:2
ckpt_4100.pt,2,219,0.5151374340057373,0.09591317176818848,0.43010398745536804,"165,118,99,206,179","148,171,159,154,4",2:35:2|2:42:2|2:260:2
ckpt_4100.pt,2,220,0.556699275970459,0.09438903629779816,0.45662611722946167,"85,175,243,26,208","56,29,187,184,174",2:93:2|2:94:2|2:290:2
ckpt_4100.pt,2,221,0.5151861310005188,0.10118308663368225,0.4580658972263336,"40,76,182,5,12","66,140,116,196,46",2:250:2|2:410:2|2:431:2
ckpt_4100.pt,2,222,0.4157922863960266,0.07631832361221313,0.3732067048549652,"133,13,155,123,12","9,60,184,42,234",2:36:2|2:707:2|2:1:1
ckpt_4100.pt,2,223,0.5254268646240234,0.09966139495372772,0.4287160336971283,"132,4,148,88,31","12,179,173,121,231",2:0:1|2:21:1|2:28:1
ckpt_4100.pt,2,224,0.4584381878376007,0.0706484392285347,0.41025280952453613,"29,84,178,148,223","80,110,109,78,73",2:227:2|2:256:2|2:313:2
ckpt_4100.pt,2,225,0.4920465052127838,0.08340498805046082,0.4367823898792267,"216,138,172,89,169","167,127,92,51,176",2:98:2|2:382:2|2:606:2
ckpt_4100.pt,2,226,0.5431236624717712,0.10691121965646744,0.4613880515098572,"42,24,238,178,187","250,81,169,41,239",2:251:2|2:263:2|2:549:2
ckpt_4100.pt,2,227,0.5543538928031921,0.10937008261680603,0.44897687435150146,"244,178,246,84,61","63,199,181,7,209",2:65:2|2:224:2|2:859:2
ckpt_4100.pt,2,228,0.5177513957023621,0.09005578607320786,0.43792909383773804,"232,241,18,125,42","225,8,238,171,44",2:80:2|2:357:2|2:602:2
ckpt_4100.pt,2,229,0.46210071444511414,0.08621276170015335,0.3793163001537323,"20,156,13,10,73","84,93,199,59,146",2:118:2|2:627:2|2:4:1
ckpt_4100.pt,2,230,0.506364643573761,0.08512487262487411,0.412846177816391,"122,159,89,86,150","121,183,123,12,171",2:295:2|2:676:2|2:815:2
ckpt_4100.pt,2,231,0.5236452221870422,0.11391665786504745,0.42865413427352905,"255,254,241,203,26","55,140,15,121,58",2:232:2|2:311:2|2:486:2
ckpt_4100.pt,2,232,0.5733392238616943,0.09313993901014328,0.46691346168518066,"187,196,241,254,144","203,42,93,107,11",2:231:2|2:271:2|2:439:2
ckpt_4100.pt,2,233,0.533374011516571,0.10949735343456268,0.4742300808429718,"67,34,69,106,227","50,152,190,53,12",2:49:2|2:306:2|2:557:2
ckpt_4100.pt,2,234,0.5116632580757141,0.09461960941553116,0.43057355284690857,"70,99,4,112,235","199,98,126,65,200",2:204:2|2:392:2|2:600:2
ckpt_4100.pt,2,235,0.4616699516773224,0.08156834542751312,0.36779624223709106,"236,194,11,22,7","71,218,179,215,128",2:686:2|2:735:2|2:960:2
ckpt_4100.pt,2,236,0.5187858939170837,0.10418307781219482,0.43905189633369446,"152,45,3,171,0","93,161,197,247,188",2:575:2|2:1006:2|2:22:1
ckpt_4100.pt,2,237,0.5340278744697571,0.10302874445915222,0.4286649525165558,"154,19,40,99,103","143,34,173,50,221",2:46:2|2:831:2|2:3:1
ckpt_4100.pt,2,238,0.46787071228027344,0.09923956543207169,0.36587074398994446,"185,153,228,179,92","78,162,108,34,187",2:84:2|2:427:2|2:684:2
ckpt_4100.pt,2,239,0.48779407143592834,0.08102554827928543,0.4255317747592926,"40,70,49,213,189","230,11,62,91,132",2:362:2|2:616:2|2:713:2
ckpt_4100.pt,2,240,0.43249350786209106,0.07715660333633423,0.35725051164627075,"89,193,48,151,61","25,51,10,174,83",2:54:2|2:103:2|2:691:2
ckpt_4100.pt,2,241,0.5795325636863708,0.11127374321222305,0.461800754070282,"112,44,200,113,3","216,122,18,70,113",2:92:2|2:133:2|2:140:2
ckpt_4100.pt,2,242,0.551751971244812,0.11843779683113098,0.46942993998527527,"31,122,87,92,108","46,53,106,135,175",2:588:2|2:768:2|2:872:2
ckpt_4100.pt,2,243,0.526783287525177,0.08898624032735825,0.4173242449760437,"247,44,45,66,80","186,33,147,151,222",2:805:2|2:12:1|2:14:1
ckpt_4100.pt,2,244,0.4385088086128235,0.08538088202476501,0.39854055643081665,"91,119,169,106,140","45,62,213,146,54",2:101:2|2:0:1|2:4:1
ckpt_4100.pt,2,245,0.4724345803260803,0.10087426006793976,0.38884109258651733,"39,90,97,245,233","69,0,234,60,63",2:105:2|2:372:2|2:394:2
ckpt_4100.pt,2,246,0.5498490929603577,0.11002864688634872,0.4494667947292328,"64,92,94,206,186","186,225,29,43,158",2:872:3|2:259:2|2:267:2
ckpt_4100.pt,2,247,0.5126187801361084,0.08874819427728653,0.41793400049209595,"223,227,194,229,46","103,213,254,41,36",2:452:3|2:49:2|2:195:2
ckpt_4100.pt,2,248,0.4520617127418518,0.0778491273522377,0.36186471581459045,"49,211,125,248,141","75,180,124,32,187",2:68:2|2:904:2|2:1:1
ckpt_4100.pt,2,249,0.4654053747653961,0.08478791266679764,0.39827391505241394,"159,125,9,139,240","168,167,184,91,111",2:267:2|2:273:2|2:648:2
ckpt_4100.pt,2,250,0.5121245384216309,0.1002274677157402,0.4086688458919525,"180,205,76,157,5","254,83,224,5,143",2:47:2|2:221:2|2:618:2
ckpt_4100.pt,2,251,0.49801889061927795,0.08079302310943604,0.4040958881378174,"173,55,238,178,122","174,144,243,142,195",2:226:2|2:317:2|2:485:2
ckpt_4100.pt,2,252,0.5250314474105835,0.1055571436882019,0.4504077434539795,"112,129,71,74,160","112,145,242,123,15",2:99:2|2:468:2|2:617:2
ckpt_4100.pt,2,253,0.4931737780570984,0.09713241457939148,0.4028163552284241,"87,81,101,27,114","146,231,97,10,104",2:85:2|2:155:2|2:161:2
ckpt_4100.pt,2,254,0.5195320844650269,0.10099973529577255,0.44628679752349854,"87,96,236,255,105","85,125,121,144,228",2:609:2|2:724:2|2:1006:2
ckpt_4100.pt,2,255,0.4390438199043274,0.09179596602916718,0.3782973289489746,"142,234,180,71,14","138,107,58,246,151",2:387:2|2:587:2|2:593:2
ckpt_4100.pt,2,256,0.5237485766410828,0.11338191479444504,0.4267413318157196,"29,223,24,129,133","46,89,113,65,123",2:14:2|2:224:2|2:381:2
ckpt_4100.pt,2,257,0.4898332357406616,0.09025777131319046,0.4388803243637085,"239,42,69,37,224","157,252,126,105,62",2:550:2|2:0:1|2:7:1
ckpt_4100.pt,2,258,0.534338653087616,0.1039242371916771,0.3984174430370331,"154,213,145,54,216","188,45,180,151,239",2:209:2|2:545:2|2:753:2
ckpt_4100.pt,2,259,0.49348992109298706,0.08876713365316391,0.40885910391807556,"9,76,206,3,186","229,255,15,173,46",2:113:2|2:246:2|2:972:2
ckpt_4100.pt,2,260,0.47285106778144836,0.09258901327848434,0.4159119129180908,"12,165,179,119,89","1,222,210,176,144",2:219:2|2:707:2|2:1:1
ckpt_4100.pt,2,261,0.5517565608024597,0.11589641124010086,0.4646880030632019,"27,96,98,34,157","87,174,34,167,4",2:27:2|2:359:2|2:409:2
ckpt_4100.pt,2,262,0.481092631816864,0.09759601950645447,0.3831251859664917,"170,59,53,77,106","248,166,109,206,155",2:215:2|2:4:1|2:10:1
ckpt_4100.pt,2,263,0.48197484016418457,0.09544709324836731,0.38029876351356506,"41,24,112,164,42","39,36,254,107,137",2:114:2|2:226:2|2:302:2
ckpt_4100.pt,2,264,0.5383684635162354,0.09790228307247162,0.45350730419158936,"226,205,243,33,14","28,9,45,84,57",2:147:2|2:274:2|2:9:1
ckpt_4100.pt,2,265,0.55800461769104,0.1351955682039261,0.4780910909175873,"189,221,7,144,69","39,223,48,213,146",2:204:2|2:279:2|2:437:2
ckpt_4100.pt,2,266,0.5277168154716492,0.08815160393714905,0.3878215551376343,"5,150,39,138,142","46,189,183,24,252",2:387:2|2:819:2|2:847:2
ckpt_4100.pt,2,267,0.43182024359703064,0.07296504080295563,0.38729727268218994,"94,125,92,181,240","36,196,165,178,87",2:74:2|2:136:2|2:246:2
ckpt_4100.pt,2,268,0.4589213728904724,0.09053420275449753,0.4288538992404938,"171,52,68,89,30","107,86,118,83,109",2:415:2|2:931:2|2:5:1
ckpt_4100.pt,2,269,0.5163050889968872,0.10129866749048233,0.4554304778575897,"163,223,184,127,149","135,198,8,97,4",2:678:2|2:736:2|2:845:2
ckpt_4100.pt,2,270,0.5249487161636353,0.0943528264760971,0.44382432103157043,"90,127,85,93,94","255,130,231,110,221",2:521:3|2:8:2|2:94:2
ckpt_4100.pt,2,271,0.5024781823158264,0.09440520405769348,0.42857280373573303,"187,144,9,34,62","219,35,222,42,50",2:146:2|2:232:2|2:296:2
ckpt_4100.pt,2,272,0.4274642765522003,0.09183332324028015,0.37088364362716675,"19,79,49,75,13","41,13,223,157,45",2:808:3|2:30:2|2:109:2
ckpt_4100.pt,2,273,0.46705159544944763,0.0827338844537735,0.39889267086982727,"67,160,59,9,159","238,208,10,21,204",2:249:2|2:871:2|2:1:1
ckpt_4100.pt,2,274,0.470638632774353,0.08495476096868515,0.3690774440765381,"226,14,255,160,76","189,217,171,224,226",2:264:2|2:849:2|2:5:1
ckpt_4100.pt,2,275,0.5272144675254822,0.08721305429935455,0.42447662353515625,"175,184,251,69,108","35,75,250,72,25",2:29:2|2:723:2|2:8:1
ckpt_4100.pt,2,276,0.583440363407135,0.12324456125497818,0.47497913241386414,"250,107,242,187,221","17,57,125,150,142",2:338:2|2:549:2|2:701:2
ckpt_4100.pt,2,277,0.5101858377456665,0.08274228870868683,0.39540010690689087,"138,119,115,68,11","200,52,235,74,112",2:300:2|2:336:2|2:630:2
ckpt_4100.pt,2,278,0.42097827792167664,0.07150021195411682,0.3441300690174103,"159,117,168,65,234","134,110,198,99,128",2:613:3|2:57:2|2:678:2
ckpt_4100.pt,2,279,0.5001067519187927,0.09545595943927765,0.40770572423934937,"144,69,66,65,152","245,49,77,171,236",2:265:2|2:852:2|2:891:2
ckpt_4100.pt,2,280,0.4711291193962097,0.08588135242462158,0.39813488721847534,"137,88,246,125,52","239,80,78,137,188",2:898:3|2:65:2|2:309:2
ckpt_4100.pt,2,281,0.4941222667694092,0.09001186490058899,0.4012290835380554,"4,83,43,80,215","113,179,122,68,152",2:896:2|2:33:1|2:45:1
ckpt_4100.pt,2,282,0.5275265574455261,0.1059354841709137,0.4374813139438629,"174,83,25,67,186","127,108,96,253,12",2:128:2|2:425:2|2:525:2
ckpt_4100.pt,2,283,0.3844597339630127,0.06751533597707748,0.3541865944862366,"134,154,215,158,117","101,247,126,148,204",2:454:2|2:467:2|2:734:2
ckpt_4100.pt,2,284,0.4952179491519928,0.09484004974365234,0.41947296261787415,"152,11,102,254,96","145,56,202,244,54",2:720:2|2:998:2|2:21:1
ckpt_4100.pt,2,285,0.5154544115066528,0.09627413749694824,0.44414272904396057,"31,50,74,181,76","188,181,44,219,15",2:202:2|2:401:2|2:637:2
ckpt_4100.pt,2,286,0.4501635432243347,0.09751462191343307,0.37838315963745117,"82,141,134,42,180","161,78,217,128,80",2:488:2|2:652:2|2:750:2
ckpt_4100.pt,2,287,0.47680479288101196,0.08156783878803253,0.4065183401107788,"64,219,99,130,69","9,19,34,83,111",2:4:1|2:8:1|2:36:1
ckpt_4100.pt,2,288,0.5222027897834778,0.112207792699337,0.4264862835407257,"215,201,103,31,65","98,252,118,143,236",2:542:2|2:637:2|2:899:2
ckpt_4100.pt,2,289,0.5183593034744263,0.0951402336359024,0.435681015253067,"254,151,161,17,67","237,50,207,83,193",2:187:2|2:315:2|2:324:2
ckpt_4100.pt,2,290,0.5071328282356262,0.10770794004201889,0.43589311838150024,"215,85,26,167,16","110,122,19,51,25",2:220:2|2:335:2|2:519:2
ckpt_4100.pt,2,291,0.5150123238563538,0.08099662512540817,0.42606642842292786,"230,67,32,66,183","168,212,14,58,42",2:157:2|2:579:2|2:828:2
ckpt_4100.pt,2,292,0.49877896904945374,0.09612920880317688,0.45093291997909546,"34,104,149,235,206","123,202,227,196,99",2:418:2|2:498:2|2:706:2
ckpt_4100.pt,2,293,0.4604867994785309,0.0787261426448822,0.38178256154060364,"209,66,249,199,50","94,221,39,195,158",2:19:2|2:3:1|2:18:1
ckpt_4100.pt,2,294,0.5591259002685547,0.10165321826934814,0.4351850152015686,"107,172,62,200,241","240,212,44,88,170",2:15:2|2:111:2|2:439:2
ckpt_4100.pt,2,295,0.4912225008010864,0.07804311811923981,0.42157161235809326,"86,216,129,236,159","89,126,208,161,218",2:230:2|2:325:2|2:676:2
ckpt_4100.pt,2,296,0.4753018617630005,0.10380648821592331,0.4186954200267792,"144,220,9,17,205","18,101,152,203,197",2:40:2|2:271:2|2:712:2
ckpt_4100.pt,2,297,0.5078812837600708,0.12000933289527893,0.4143761992454529,"107,151,182,115,210","154,121,230,15,78",2:54:2|2:599:2|2:773:2
ckpt_4100.pt,2,298,0.4760185480117798,0.09034250676631927,0.3993481993675232,"51,162,214,121,255","62,197,17,59,196",2:165:2|2:883:2|2:5:1
ckpt_4100.pt,2,299,0.44432440400123596,0.08642779290676117,0.37807777523994446,"51,81,77,222,215","30,141,196,173,115",2:135:2|2:335:2|2:551:2
ckpt_4100.pt,2,300,0.46434420347213745,0.08911275863647461,0.39752039313316345,"73,50,217,138,115","119,17,179,195,132",2:277:2|2:476:2|2:584:2
ckpt_4100.pt,2,301,0.4794193506240845,0.08237455040216446,0.4190097451210022,"7,168,31,2,13","53,117,163,179,216",2:36:2|2:342:2|2:367:2
ckpt_4100.pt,2,302,0.4482388496398926,0.08262274414300919,0.3972264230251312,"87,41,90,163,42","254,252,227,33,0",2:263:2|2:602:2|2:958:2
ckpt_4100.pt,2,303,0.4820975065231323,0.12119746208190918,0.4296330511569977,"44,192,119,99,233","252,241,55,64,18",2:203:2|2:12:1|2:15:1
ckpt_4100.pt,2,304,0.5609220266342163,0.11327771842479706,0.47803962230682373,"36,111,246,152,149","129,132,16,155,80",2:79:2|2:111:2|2:318:2
ckpt_4100.pt,2,305,0.46472805738449097,0.09956268966197968,0.39173004031181335,"3,56,121,122,109","42,119,106,163,149",2:142:2|2:201:2|2:611:2
ckpt_4100.pt,2,306,0.5993267297744751,0.12557896971702576,0.44947075843811035,"26,225,14,34,106","55,105,201,123,33",2:233:2|2:755:2|2:2:1
ckpt_4100.pt,2,307,0.5783897042274475,0.11457537859678268,0.4797801971435547,"125,231,134,194,193","19,184,188,56,125",2:74:2|2:648:2|2:24:1
ckpt_4100.pt,2,308,0.48599275946617126,0.08016598969697952,0.40387046337127686,"188,85,200,218,250","0,186,113,244,2",2:317:2|2:573:2|2:13:1
ckpt_4100.pt,2,309,0.4968234598636627,0.11455538868904114,0.4308724105358124,"221,133,137,88,224","49,22,239,196,144",2:144:2|2:280:2|2:429:2
ckpt_4100.pt,2,310,0.46416258811950684,0.09926515817642212,0.3863021731376648,"237,0,31,207,121","7,177,36,12,16",2:483:2|2:746:2|2:899:2
ckpt_4100.pt,2,311,0.44280415773391724,0.09283743798732758,0.39670875668525696,"255,137,169,26,252","77,32,44,61,147",2:183:2|2:231:2|2:724:2
ckpt_4100.pt,2,312,0.4685156047344208,0.07659438997507095,0.4145898222923279,"49,173,65,1,177","98,4,19,80,170",2:0:1|2:1:1|2:23:1
ckpt_4100.pt,2,313,0.47250017523765564,0.08496773988008499,0.41798916459083557,"86,29,102,84,240","108,126,214,31,191",2:224:2|2:605:2|2:7:1
ckpt_4100.pt,2,314,0.5007098317146301,0.09137391299009323,0.4221663475036621,"58,176,152,89,47","89,115,210,134,119",2:816:2|2:891:2|2:22:1
ckpt_4100.pt,2,315,0.5190796852111816,0.09478543698787689,0.4391338527202606,"215,15,67,184,254","118,185,128,169,198",2:91:2|2:289:2|2:454:2
ckpt_4100.pt,2,316,0.46213266253471375,0.10578573495149612,0.3941706418991089,"123,233,120,56,247","209,152,166,103,107",2:9:1|2:14:1|2:15:1
ckpt_4100.pt,2,317,0.4766134023666382,0.08798683434724808,0.41201111674308777,"200,238,141,122,188","36,127,206,161,254",2:251:2|2:308:2|2:15:1
ckpt_4100.pt,2,318,0.4681609570980072,0.08826271444559097,0.37691542506217957,"239,74,36,138,149","204,48,231,198,41",2:304:2|2:520:2|2:666:2
ckpt_4100.pt,2,319,0.5171993374824524,0.09961480647325516,0.4153324365615845,"184,19,56,126,218","56,72,90,33,168",2:9:2|2:30:2|2:161:2
ckpt_4100.pt,2,320,0.5330945253372192,0.09666965156793594,0.46492648124694824,"125,15,60,108,155","107,183,93,108,154",2:1011:2|2:29:1|2:32:1
ckpt_4100.pt,2,321,0.5179845690727234,0.07637688517570496,0.4413757920265198,"234,43,208,74,141","123,255,172,57,59",2:35:2|2:94:2|2:11:1
ckpt_4100.pt,2,322,0.4295184016227722,0.08065316081047058,0.3456140458583832,"91,185,73,28,176","204,24,64,120,81",2:775:2|2:0:1|2:31:1
ckpt_4100.pt,2,323,0.5210792422294617,0.08358927816152573,0.42767149209976196,"120,44,252,242,101","206,77,57,213,147",2:450:3|2:126:2|2:331:2
ckpt_4100.pt,2,324,0.5804886221885681,0.12060381472110748,0.4426741898059845,"67,76,228,103,17","56,129,154,187,59",2:289:2|2:2:1|2:3:1
ckpt_4100.pt,2,325,0.5783528089523315,0.1150345578789711,0.4546751379966736,"184,216,204,120,159","209,219,203,165,156",2:295:2|2:716:2|2:835:2
ckpt_4100.pt,2,326,0.5092973113059998,0.10951720923185349,0.42463865876197815,"245,196,0,101,52","255,27,236,47,107",2:194:2|2:726:2|2:17:1
ckpt_4100.pt,2,327,0.48902130126953125,0.10944604873657227,0.4412718117237091,"138,125,113,75,180","122,27,18,22,144",2:352:2|2:408:2|2:462:2
ckpt_4100.pt,2,328,0.5063849687576294,0.1063748225569725,0.409512460231781,"185,210,133,76,242","149,135,14,183,237",2:17:1|2:47:1|2:50:1
ckpt_4100.pt,2,329,0.4865623712539673,0.10459397733211517,0.40343260765075684,"144,57,94,136,110","240,155,33,165,133",2:562:2|2:955:2|2:17:1
ckpt_4100.pt,2,330,0.566199004650116,0.11688745766878128,0.44548097252845764,"121,135,181,95,164","13,189,202,139,210",2:410:2|2:448:2|2:627:2
ckpt_4100.pt,2,331,0.4744141399860382,0.10439031571149826,0.405809223651886,"32,252,120,76,4","183,168,107,174,1",2:121:2|2:126:2|2:323:2
ckpt_4100.pt,2,332,0.5480504035949707,0.11862537264823914,0.40565958619117737,"136,209,36,18,137","52,182,199,87,228",2:566:2|2:3:1|2:19:1
ckpt_4100.pt,2,333,0.47921139001846313,0.09207047522068024,0.40517792105674744,"119,218,16,14,131","55,244,49,61,209",2:39:2|2:586:2|2:6:1
ckpt_4100.pt,2,334,0.475208580493927,0.10831218212842941,0.429973840713501,"216,191,221,165,234","15,150,252,77,78",2:150:2|2:944:2|2:11:1
ckpt_4100.pt,2,335,0.4723774492740631,0.09516476094722748,0.399452269077301,"215,168,51,167,36","250,179,152,160,41",2:290:2|2:299:2|2:811:2
ckpt_4100.pt,2,336,0.46097347140312195,0.08965941518545151,0.3778925836086273,"161,11,68,101,56","226,32,175,173,118",2:161:2|2:277:2|2:412:2
ckpt_4100.pt,2,337,0.4649507999420166,0.10519465804100037,0.4116126596927643,"232,132,58,41,39","158,78,238,22,188",2:351:2|2:372:2|2:398:2
ckpt_4100.pt,2,338,0.4875330626964569,0.10789535939693451,0.3900968134403229,"137,187,2,152,242","153,163,244,63,248",2:276:2|2:798:2|2:888:2
ckpt_4100.pt,2,339,0.5140856504440308,0.09273222088813782,0.44190770387649536,"214,124,72,202,254","251,180,134,234,116",2:353:2|2:841:2|2:1012:2
ckpt_4100.pt,2,340,0.49422916769981384,0.09993138909339905,0.39836403727531433,"196,75,4,124,34","110,70,139,44,219",2:198:2|2:472:2|2:504:2
ckpt_4100.pt,2,341,0.5121030807495117,0.0986550822854042,0.39821791648864746,"71,224,161,17,115","69,22,195,176,205",2:289:2|2:495:2|2:528:2
ckpt_4100.pt,2,342,0.4429216980934143,0.10122920572757721,0.40140077471733093,"2,241,7,123,109","7,22,117,123,213",2:115:2|2:301:2|2:761:2
ckpt_4100.pt,2,343,0.4560152292251587,0.09388869255781174,0.3880338966846466,"19,254,195,150,166","161,145,253,233,164",2:490:2|2:737:2|2:19:1
ckpt_4100.pt,2,344,0.4961939752101898,0.08660873025655746,0.4243493676185608,"111,201,182,91,135","167,62,147,188,163",2:0:1|2:11:1|2:14:1
ckpt_4100.pt,2,345,0.521250307559967,0.0886848121881485,0.43899640440940857,"240,226,246,32,103","152,4,178,138,202",2:23:2|2:51:2|2:67:2
ckpt_4100.pt,2,346,0.4746326506137848,0.10152902454137802,0.40387099981307983,"13,112,84,24,151","34,192,170,97,171",2:263:2|2:363:2|2:5:1
ckpt_4100.pt,2,347,0.5218315124511719,0.09931307286024094,0.4527169167995453,"97,99,2,110,25","99,147,242,243,34",2:734:2|2:968:2|2:1021:2
ckpt_4100.pt,2,348,0.4890822768211365,0.09597727656364441,0.42093515396118164,"245,123,214,15,139","74,110,106,134,77",2:607:2|2:894:2|2:21:1
ckpt_4100.pt,2,349,0.5404461622238159,0.1068224236369133,0.4395259618759155,"85,118,129,105,45","153,36,200,60,249",2:548:2|2:811:2|2:5:1
ckpt_4100.pt,2,350,0.40294861793518066,0.0732395127415657,0.3882262110710144,"67,158,229,245,131","193,183,19,214,56",2:373:3|2:116:2|2:384:2
ckpt_4100.pt,2,351,0.5177139043807983,0.11157642304897308,0.4187780022621155,"132,33,127,58,211","121,231,173,26,206",2:736:3|2:337:2|2:987:2
ckpt_4100.pt,2,352,0.47713780403137207,0.08655022084712982,0.3919333815574646,"180,75,29,190,59","222,225,7,151,175",2:327:2|2:566:2|2:967:2
ckpt_4100.pt,2,353,0.4845424294471741,0.09018422663211823,0.40878358483314514,"22,79,72,202,90","3,225,51,157,221",2:339:2|2:563:2|2:8:1
ckpt_4100.pt,2,354,0.5036920309066772,0.09277716279029846,0.410732626914978,"67,43,216,98,61","65,228,73,8,223",2:177:2|2:409:2|2:509:2
ckpt_4100.pt,2,355,0.4760669469833374,0.07983968406915665,0.4076855480670929,"255,218,220,221,183","247,250,2,144,23",2:39:3|2:5:1|2:24:1
ckpt_4100.pt,2,356,0.5297607779502869,0.09970954060554504,0.44764676690101624,"93,52,178,45,186","240,131,190,94,117",2:113:2|2:181:2|2:433:2
ckpt_4100.pt,2,357,0.5058006048202515,0.08896595239639282,0.4093606770038605,"42,60,241,36,222","28,232,146,26,103",2:80:2|2:141:2|2:189:2
ckpt_4100.pt,2,358,0.5699841976165771,0.11067582666873932,0.467546284198761,"133,219,50,119,3","140,246,218,49,132",2:119:2|2:544:2|2:754:2
ckpt_4100.pt,2,359,0.5342038869857788,0.10346152633428574,0.4540051817893982,"154,98,83,157,188","85,82,132,200,175",2:26:2|2:261:2|2:774:2
ckpt_4100.pt,2,360,0.5184788703918457,0.12225861102342606,0.41909322142601013,"206,126,196,148,21","53,4,116,112,87",2:207:2|2:702:2|2:6:1
ckpt_4100.pt,2,361,0.5136356353759766,0.10338834673166275,0.426961213350296,"178,103,85,184,79","205,247,203,74,244",2:656:2|2:678:2|2:714:2
ckpt_4100.pt,2,362,0.5241035223007202,0.10702329128980637,0.4381273686885834,"189,213,42,247,110","126,246,79,28,143",2:239:2|2:673:2|2:711:2
ckpt_4100.pt,2,363,0.448835551738739,0.07731124758720398,0.3779725134372711,"13,14,206,146,24","182,27,149,212,91",2:146:2|2:346:2|2:587:2
ckpt_4100.pt,2,364,0.4503966271877289,0.09270278364419937,0.3980295956134796,"217,252,29,38,60","221,235,218,156,174",2:1004:2|2:8:1|2:20:1
ckpt_4100.pt,2,365,0.5044739842414856,0.09098690748214722,0.4269764721393585,"252,87,233,243,218","61,99,156,24,123",2:93:2|2:450:2|2:469:2
ckpt_4100.pt,2,366,0.5161451101303101,0.09237395226955414,0.43526721000671387,"191,196,130,180,57","138,67,6,196,72",2:17:2|2:376:2|2:453:2
ckpt_4100.pt,2,367,0.517089307308197,0.0904453694820404,0.39745935797691345,"48,202,156,7,31","162,87,11,129,190",2:103:2|2:301:2|2:733:2
ckpt_4100.pt,2,368,0.5353651642799377,0.13492357730865479,0.4169484078884125,"165,195,60,232,246","88,191,28,151,129",2:611:2|2:695:2|2:900:2
ckpt_4100.pt,2,369,0.5338659286499023,0.0879753902554512,0.453336238861084,"112,218,72,38,59","178,26,87,155,138",2:517:2|2:8:1|2:34:1
ckpt_4100.pt,2,370,0.4898953139781952,0.08393602818250656,0.40297290682792664,"191,80,28,47,240","99,117,238,157,155",2:150:2|2:198:2|2:648:2
ckpt_4100.pt,2,371,0.46352046728134155,0.08226004242897034,0.3516122102737427,"39,212,74,243,236","179,64,41,145,208",2:53:2|2:546:2|2:568:2
ckpt_4100.pt,2,372,0.5252436399459839,0.08945582062005997,0.4275275468826294,"132,245,65,39,96","107,173,211,127,51",2:245:2|2:337:2|2:406:2
ckpt_4100.pt,2,373,0.5258393287658691,0.11298457533121109,0.44414427876472473,"67,229,206,245,5","32,195,63,206,229",2:350:3|2:116:2|2:384:2
ckpt_4100.pt,2,374,0.46050015091896057,0.09112662822008133,0.4022146165370941,"23,242,157,68,237","124,221,236,193,237",2:381:2|2:5:1|2:17:1
ckpt_4100.pt,2,375,0.5220971703529358,0.08609185367822647,0.4509475827217102,"145,35,114,159,116","97,42,210,110,114",2:789:2|2:2:1|2:11:1
ckpt_4100.pt,2,376,0.4890926480293274,0.0847340002655983,0.4133176803588867,"39,191,15,130,145","194,27,43,173,246",2:366:2|2:464:2|2:519:2
ckpt_4100.pt,2,377,0.5086485147476196,0.08882026374340057,0.43961769342422485,"231,55,190,181,12","107,170,9,130,178",2:1:1|2:9:1|2:10:1
ckpt_4100.pt,2,378,0.48044392466545105,0.10112927854061127,0.39918452501296997,"251,59,155,19,235","108,98,75,122,249",2:802:2|2:874:2|2:0:1
ckpt_4100.pt,2,379,0.424570769071579,0.0909804105758667,0.41390931606292725,"197,231,189,150,76","218,191,160,31,246",2:539:2|2:24:1|2:26:1
ckpt_4100.pt,2,380,0.506388783454895,0.08563893288373947,0.43525683879852295,"224,1,254,57,163","17,211,164,39,8",2:152:2|2:169:2|2:193:2
ckpt_4100.pt,2,381,0.47391220927238464,0.08574838936328888,0.41436392068862915,"68,157,35,133,24","45,84,132,248,32",2:256:2|2:374:2|2:511:2
ckpt_4100.pt,2,382,0.5436199903488159,0.10353030264377594,0.45033156871795654,"89,242,168,138,33","59,65,214,58,92",2:225:2|2:470:2|2:12:1
ckpt_4100.pt,2,383,0.49945068359375,0.09260427951812744,0.4433559775352478,"116,98,38,223,54","46,236,144,19,183",2:3:1|2:10:1|2:11:1
ckpt_4100.pt,2,384,0.5322234034538269,0.11004701256752014,0.4250059425830841,"245,172,23,229,191","41,23,30,18,170",2:17:2|2:350:2|2:373:2
ckpt_4100.pt,2,385,0.5022105574607849,0.10571722686290741,0.44096639752388,"176,135,248,158,186","226,255,12,198,75",2:18:1|2:55:1|2:60:1
ckpt_4100.pt,2,386,0.5051584243774414,0.08921819925308228,0.4267050325870514,"52,23,115,164,221","250,1,5,95,114",2:404:2|2:415:2|2:580:2
ckpt_4100.pt,2,387,0.5049359798431396,0.1085500419139862,0.4032725989818573,"39,18,82,71,142","184,162,16,62,149",2:12:2|2:255:2|2:266:2
ckpt_4100.pt,2,388,0.5085676312446594,0.10104063153266907,0.4273180365562439,"7,154,187,224,183","169,119,2,184,171",2:214:2|2:528:2|2:39:1
ckpt_4100.pt,2,389,0.49736782908439636,0.09789324551820755,0.4059719145298004,"112,115,76,194,111","42,53,54,148,87",2:191:2|2:864:2|2:897:2
ckpt_4100.pt,2,390,0.515893816947937,0.08285519480705261,0.43516311049461365,"49,210,113,97,244","144,15,19,179,162",2:63:2|2:1:1|2:6:1
ckpt_4100.pt,2,391,0.5008198022842407,0.09010910987854004,0.40427449345588684,"74,131,42,166,44","142,147,37,30,87",2:581:2|2:593:2|2:6:1
ckpt_4100.pt,2,392,0.5265395641326904,0.10832880437374115,0.437000036239624,"99,239,84,70,115","200,199,249,172,11",2:82:2|2:203:2|2:234:2
ckpt_4100.pt,2,393,0.48722347617149353,0.0849711000919342,0.4009770154953003,"78,230,98,31,68","170,17,35,99,227",2:555:2|2:640:2|2:890:2
ckpt_4100.pt,2,394,0.5058975219726562,0.09560525417327881,0.4318859279155731,"245,81,1,233,98","87,175,243,79,5",2:23:2|2:245:2|2:15:1
ckpt_4100.pt,2,395,0.4627828598022461,0.09281028807163239,0.3793642222881317,"52,16,197,229,208","106,216,31,3,207",2:443:2|2:517:2|2:558:2
ckpt_4100.pt,2,396,0.4780580699443817,0.09096069633960724,0.3966980576515198,"2,230,188,55,52","37,136,172,201,188",2:718:2|2:987:2|2:9:1
ckpt_4100.pt,2,397,0.5083533525466919,0.0875556692481041,0.4287620782852173,"137,118,123,106,150","216,149,215,148,69",2:4:1|2:35:1|2:42:1
ckpt_4100.pt,2,398,0.46576234698295593,0.07643989473581314,0.42491012811660767,"0,21,58,82,232","71,243,48,185,86",2:337:2|2:626:2|2:3:1
ckpt_4100.pt,2,399,0.48887863755226135,0.07787008583545685,0.4232153594493866,"237,247,74,65,200","223,224,205,58,107",2:176:2|2:448:2|2:613:2
ckpt_4100.pt,2,400,0.46145057678222656,0.104883573949337,0.39169809222221375,"34,23,116,7,32","125,191,0,235,134",2:929:2|2:1009:2|2:7:1
ckpt_4100.pt,2,401,0.5621845722198486,0.10268661379814148,0.47652456164360046,"31,252,116,181,119","100,157,184,31,84",2:285:2|2:846:2|2:0:1
ckpt_4100.pt,2,402,0.4835314154624939,0.09044894576072693,0.41759440302848816,"9,113,254,225,162","20,84,111,176,48",2:152:2|2:413:2|2:803:2
ckpt_4100.pt,2,403,0.4882127046585083,0.08654012531042099,0.4155801236629486,"156,62,77,4,228","82,155,97,250,18",2:4:2|2:732:2|2:2:1
ckpt_4100.pt,2,404,0.5482773184776306,0.10150023549795151,0.4402109384536743,"21,221,52,151,22","24,188,20,138,121",2:144:2|2:386:2|2:426:2
ckpt_4100.pt,2,405,0.5189100503921509,0.11307292431592941,0.42701631784439087,"204,170,228,63,195","246,53,67,201,32",2:892:2|2:981:2|2:2:1
ckpt_4100.pt,2,406,0.5315657258033752,0.11159960925579071,0.45060884952545166,"19,245,5,65,63","83,142,41,222,72",2:170:2|2:372:2|2:373:2
ckpt_4100.pt,2,407,0.46444034576416016,0.08328692615032196,0.4003610610961914,"196,146,247,31,16","223,96,118,112,191",2:0:1|2:14:1|2:17:1
ckpt_4100.pt,2,408,0.4826742708683014,0.08379727602005005,0.42200708389282227,"129,108,180,204,138","162,68,181,103,125",2:327:2|2:468:2|2:641:2
ckpt_4100.pt,2,409,0.5368325114250183,0.10045083612203598,0.4480862617492676,"145,67,55,27,98","154,208,22,70,2",2:91:2|2:261:2|2:354:2
ckpt_4100.pt,2,410,0.4811248183250427,0.0835551843047142,0.37865450978279114,"95,14,5,40,181","142,171,144,108,223",2:221:2|2:330:2|2:587:2
ckpt_4100.pt,2,411,0.4428924322128296,0.08687548339366913,0.38781312108039856,"6,248,194,215,68","188,37,48,75,20",2:451:2|2:795:2|2:5:1
ckpt_4100.pt,2,412,0.46436288952827454,0.0772923082113266,0.41202595829963684,"106,101,22,56,191","206,213,62,124,122",2:161:2|2:336:2|2:964:2
ckpt_4100.pt,2,413,0.5340989232063293,0.10293766111135483,0.4432656168937683,"85,5,248,9,225","183,146,179,72,195",2:213:2|2:402:2|2:534:2
ckpt_4100.pt,2,414,0.5506255030632019,0.10103882849216461,0.4070737659931183,"49,131,221,20,194","212,7,234,60,95",2:39:2|2:581:2|2:868:2
ckpt_4100.pt,2,415,0.48739731311798096,0.09156125783920288,0.40494126081466675,"171,121,100,52,115","169,239,255,83,10",2:268:2|2:386:2|2:746:2
ckpt_4100.pt,2,416,0.46779823303222656,0.0925980657339096,0.41133666038513184,"219,124,44,65,23","19,136,249,252,76",2:149:2|2:544:2|2:1:1
ckpt_4100.pt,2,417,0.4328470528125763,0.08843687921762466,0.3974442183971405,"66,96,174,185,224","123,248,111,2,112",2:106:2|2:693:2|2:21:1
ckpt_4100.pt,2,418,0.46926096081733704,0.10568131506443024,0.3974287807941437,"34,149,167,82,100","78,75,62,116,176",2:27:2|2:292:2|2:623:2
ckpt_4100.pt,2,419,0.5091070532798767,0.09011215716600418,0.4488259553909302,"147,244,3,86,78","37,184,110,186,195",2:510:2|2:624:2|2:859:2
ckpt_4100.pt,2,420,0.48081448674201965,0.09762641787528992,0.401588499546051,"235,243,255,118,89","117,17,223,63,52",2:93:2|2:0:1|2:5:1
ckpt_4100.pt,2,421,0.4920385181903839,0.10038353502750397,0.43444597721099854,"93,108,16,223,156","248,217,240,92,160",2:577:2|2:855:2|2:3:1
ckpt_4100.pt,2,422,0.4634179472923279,0.0754246786236763,0.38796481490135193,"202,109,17,178,251","144,102,162,17,55",2:440:2|2:771:2|2:5:1
ckpt_4100.pt,2,423,0.5496829748153687,0.10792772471904755,0.4545702040195465,"166,18,89,97,154","34,229,18,46,40",2:184:2|2:518:2|2:612:2
ckpt_4100.pt,2,424,0.48244327306747437,0.09816643595695496,0.4100721478462219,"102,196,93,48,188","251,142,7,123,148",2:33:2|2:113:2|2:194:2
ckpt_4100.pt,2,425,0.5175012946128845,0.10894647985696793,0.4424821436405182,"153,83,225,174,201","215,48,155,70,121",2:282:2|2:436:2|2:461:2
ckpt_4100.pt,2,426,0.5654086470603943,0.1216183602809906,0.4367213547229767,"147,22,239,150,221","156,113,29,117,239",2:144:3|2:404:2|2:539:2
ckpt_4100.pt,2,427,0.42873862385749817,0.10186140239238739,0.35965102910995483,"144,185,37,92,200","133,139,37,223,119",2:238:2|2:604:2|2:818:2
ckpt_4100.pt,2,428,0.45048096776008606,0.1065698117017746,0.3876873254776001,"33,96,3,24,31","247,221,62,129,76",2:21:2|2:489:2|2:998:2
ckpt_4100.pt,2,429,0.46120181679725647,0.09179455041885376,0.3930489420890808,"137,230,240,221,64","181,61,14,93,66",2:144:2|2:309:2|2:605:2
ckpt_4100.pt,2,430,0.4681200385093689,0.08995363116264343,0.40970250964164734,"179,115,139,32,44","79,138,1,173,123",2:43:2|2:95:2|2:789:2
ckpt_4100.pt,2,431,0.4769156873226166,0.08430904150009155,0.3972227871417999,"169,182,215,173,40","195,7,179,20,12",2:221:2|2:6:1|2:14:1
ckpt_4100.pt,2,432,0.5071257948875427,0.10252486914396286,0.4250389039516449,"168,22,74,110,3","219,152,108,138,41",2:482:2|2:617:2|2:885:2
ckpt_4100.pt,2,433,0.5427106022834778,0.1213577538728714,0.43958598375320435,"93,52,5,148,41","194,142,5,95,178",2:356:2|2:556:2|2:731:2
ckpt_4100.pt,2,434,0.4367516338825226,0.09966873377561569,0.3398687541484833,"56,60,114,201,129","13,136,30,24,71",2:75:2|2:5:1|2:9:1
ckpt_4100.pt,2,435,0.4482259452342987,0.07928616553544998,0.34614354372024536,"186,245,62,17,194","69,124,39,7,189",2:819:2|2:26:1|2:40:1
ckpt_4100.pt,2,436,0.44741514325141907,0.08185439556837082,0.3719385862350464,"75,84,83,192,225","76,241,138,143,243",2:425:2|2:668:2|2:41:1
ckpt_4100.pt,2,437,0.5237678289413452,0.10534294694662094,0.4166783094406128,"144,84,181,130,189","144,25,120,13,70",2:265:2|2:540:2|2:692:2
ckpt_4100.pt,2,438,0.5394319891929626,0.10053665190935135,0.4320061504840851,"73,235,146,61,254","210,145,230,233,78",2:492:2|2:0:1|2:11:1
ckpt_4100.pt,2,439,0.46742916107177734,0.08689649403095245,0.3665006458759308,"196,185,62,93,241","148,20,158,63,185",2:33:2|2:194:2|2:232:2
ckpt_4100.pt,2,440,0.5323038697242737,0.1046217530965805,0.4224790632724762,"57,109,176,230,178","58,108,213,247,243",2:87:2|2:97:2|2:422:2
ckpt_4100.pt,2,441,0.5130423903465271,0.10284349322319031,0.40767183899879456,"228,128,50,36,102","217,37,224,88,249",2:4:2|2:18:2|2:19:2
ckpt_4100.pt,2,442,0.5265213847160339,0.08517582714557648,0.40619075298309326,"72,121,236,250,180","183,199,146,175,243",2:53:2|2:136:2|2:218:2
ckpt_4100.pt,2,443,0.4980939030647278,0.09747670590877533,0.43135812878608704,"225,16,233,52,181","59,253,52,116,35",2:395:2|2:558:2|2:614:2
ckpt_4100.pt,2,444,0.5256778001785278,0.09293883293867111,0.40665489435195923,"115,191,189,184,218","131,74,9,24,79",2:319:2|2:533:2|2:554:2
ckpt_4100.pt,2,445,0.5171430110931396,0.09268919378519058,0.4431270658969879,"30,42,214,104,227","67,167,22,13,82",2:728:2|2:7:1|2:15:1
ckpt_4100.pt,2,446,0.5715810656547546,0.10232869535684586,0.49144840240478516,"176,201,137,160,223","222,24,15,78,210",2:14:2|2:55:2|2:76:2
ckpt_4100.pt,2,447,0.5412608981132507,0.12679357826709747,0.45852506160736084,"202,51,99,129,29","126,110,254,198,190",2:73:2|2:108:2|2:145:2
ckpt_4100.pt,2,448,0.5028632879257202,0.08866160362958908,0.42272329330444336,"65,121,200,95,142","210,135,244,45,90",2:100:2|2:330:2|2:399:2
ckpt_4100.pt,2,449,0.589608371257782,0.11540786921977997,0.46920281648635864,"253,97,41,128,225","71,181,223,255,157",2:757:2|2:4:1|2:18:1
ckpt_4100.pt,2,450,0.45345351099967957,0.07267320156097412,0.38606956601142883,"242,243,252,101,247","175,109,203,161,58",2:323:3|2:365:2|2:8:1
ckpt_4100.pt,2,451,0.5061141848564148,0.0957796573638916,0.43489158153533936,"84,215,248,187,8","47,159,164,202,247",2:411:2|2:542:2|2:576:2
ckpt_4100.pt,2,452,0.505113422870636,0.10277529805898666,0.41868144273757935,"240,46,229,194,173","221,135,207,218,181",2:247:3|2:191:2|2:648:2
ckpt_4100.pt,2,453,0.5234400629997253,0.09445848315954208,0.4280078709125519,"108,196,38,111,57","37,103,18,170,149",2:366:2|2:650:2|2:17:1
ckpt_4100.pt,2,454,0.5114614367485046,0.09716593474149704,0.41326335072517395,"254,215,154,17,32","147,46,42,30,217",2:283:2|2:289:2|2:315:2
ckpt_4100.pt,2,455,0.45288845896720886,0.07730332762002945,0.401585191488266,"90,73,55,245,208","229,149,96,11,47",2:245:2|2:612:2|2:8:1
ckpt_4100.pt,2,456,0.5030012726783752,0.09075168520212173,0.42717137932777405,"156,171,39,125,66","47,67,223,153,253",2:166:2|2:4:1|2:16:1
ckpt_4100.pt,2,457,0.42017126083374023,0.07951897382736206,0.4242713749408722,"44,34,12,62,73","185,10,79,178,247",2:271:2|2:1:1|2:10:1
ckpt_4100.pt,2,458,0.47089990973472595,0.09152129292488098,0.4203333854675293,"161,80,254,79,97","7,247,177,124,203",2:915:3|2:289:2|2:926:2
ckpt_4100.pt,2,459,0.5136092901229858,0.08366931974887848,0.40666502714157104,"90,165,23,178,5","42,248,232,199,75",2:496:2|2:983:2|2:8:1
ckpt_4100.pt,2,460,0.49192339181900024,0.11199294775724411,0.3960252106189728,"40,77,223,243,125","50,40,141,45,174",2:153:2|2:713:2|2:810:2
ckpt_4100.pt,2,461,0.5300739407539368,0.09219853579998016,0.4081282913684845,"174,87,47,153,232","194,227,229,216,156",2:425:2|2:26:1|2:27:1
ckpt_4100.pt,2,462,0.5032390356063843,0.09425511956214905,0.44020551443099976,"105,58,113,180,123","4,40,190,131,161",2:327:2|2:47:1|2:92:1
ckpt_4100.pt,2,463,0.4633028209209442,0.12928350269794464,0.4024641215801239,"182,5,213,161,4","96,233,220,109,121",2:45:2|2:221:2|2:500:2
ckpt_4100.pt,2,464,0.5498338937759399,0.0878152921795845,0.4196454584598541,"8,15,145,95,140","226,69,116,96,220",2:79:2|2:376:2|2:560:2
ckpt_4100.pt,2,465,0.4212567210197449,0.08987218141555786,0.3622441589832306,"56,185,17,117,53","118,38,37,86,220",2:59:2|2:812:2|2:9:1
ckpt_4100.pt,2,466,0.491401731967926,0.08216439932584763,0.44597771763801575,"98,29,227,144,122","201,214,107,142,88",2:20:2|2:49:2|2:58:2
ckpt_4100.pt,2,467,0.460662305355072,0.08829765766859055,0.3864760994911194,"158,87,117,127,197","27,223,82,71,235",2:192:2|2:283:2|2:507:2
ckpt_4100.pt,2,468,0.5316687822341919,0.12133906781673431,0.42662331461906433,"180,248,112,104,129","20,97,251,156,7",2:211:2|2:252:2|2:408:2
ckpt_4100.pt,2,469,0.5595669150352478,0.0999169647693634,0.4394446015357971,"141,233,230,228,243","216,186,102,196,203",2:93:2|2:365:2|2:742:2
ckpt_4100.pt,2,470,0.4439655840396881,0.0866745114326477,0.35229209065437317,"33,35,242,115,93","181,116,190,4,29",2:382:2|2:888:2|2:957:2
ckpt_4100.pt,2,471,0.5588485598564148,0.09616079181432724,0.4592728018760681,"171,142,222,23,54","194,191,96,136,246",2:10:2|2:102:2|2:833:2
ckpt_4100.pt,2,472,0.5650548934936523,0.09614899754524231,0.43137866258621216,"114,211,88,124,196","212,219,126,127,233",2:340:2|2:694:2|2:841:2
ckpt_4100.pt,2,473,0.5098724961280823,0.09476283937692642,0.41909751296043396,"105,241,218,99,223","20,22,193,138,103",2:82:2|2:745:2|2:907:2
ckpt_4100.pt,2,474,0.4447886347770691,0.07775197178125381,0.398912250995636,"47,207,11,51,211","44,25,174,17,144",2:148:2|2:483:2|2:630:2
ckpt_4100.pt,2,475,0.5865164399147034,0.11186670511960983,0.4613284766674042,"106,228,98,88,143","65,161,240,198,157",2:4:2|2:658:2|2:687:2
ckpt_4100.pt,2,476,0.5024118423461914,0.14542311429977417,0.4292699694633484,"73,217,141,177,236","210,69,58,31,138",2:300:2|2:598:2|2:0:1
ckpt_4100.pt,2,477,0.532569408416748,0.1416054666042328,0.4962356686592102,"108,127,128,145,202","53,202,69,155,193",2:73:2|2:2:1|2:4:1
ckpt_4100.pt,2,478,0.5161673426628113,0.10774713009595871,0.43038734793663025,"239,227,191,201,171","63,201,65,99,111",2:796:2|2:956:2|2:0:1
ckpt_4100.pt,2,479,0.5632896423339844,0.12340100854635239,0.44518834352493286,"205,51,175,129,218","28,106,166,237,78",2:447:2|2:527:2|2:618:2
ckpt_4100.pt,2,480,0.43692609667778015,0.08525653183460236,0.38001376390457153,"213,74,150,202,96","205,196,6,94,81",2:547:2|2:21:1|2:35:1
ckpt_4100.pt,2,481,0.42939499020576477,0.08604051172733307,0.34608736634254456,"51,85,98,182,8","198,105,111,191,28",2:120:2|2:151:2|2:576:2
ckpt_4100.pt,2,482,0.5077072381973267,0.09573955088853836,0.4313713312149048,"3,15,118,238,168","248,36,158,230,47",2:432:2|2:811:2|2:12:1
ckpt_4100.pt,2,483,0.4933185279369354,0.09820374101400375,0.42393410205841064,"51,32,237,207,58","24,207,137,32,96",2:148:2|2:184:2|2:310:2
ckpt_4100.pt,2,484,0.4908820390701294,0.08457202464342117,0.415039598941803,"61,213,232,177,144","186,237,178,238,183",2:567:2|2:779:2|2:0:1
ckpt_4100.pt,2,485,0.5388187766075134,0.09832337498664856,0.46090686321258545,"173,122,235,211,93","120,64,43,52,36",2:251:2|2:0:1|2:9:1
ckpt_4100.pt,2,486,0.4966813623905182,0.08657318353652954,0.42328941822052,"202,234,97,203,255","246,231,69,211,122",2:155:2|2:231:2|2:535:2
ckpt_4100.pt,2,487,0.48317840695381165,0.08036573976278305,0.41249290108680725,"0,93,54,4,131","159,89,221,162,249",2:499:2|2:6:1|2:10:1
ckpt_4100.pt,2,488,0.458368718624115,0.07858987152576447,0.4106385409832001,"105,229,179,42,82","220,204,228,115,51",2:3:2|2:286:2|2:799:2
ckpt_4100.pt,2,489,0.45865604281425476,0.08612692356109619,0.3807881474494934,"190,96,165,168,31","185,214,169,213,74",2:21:2|2:301:2|2:428:2
ckpt_4100.pt,2,490,0.49506789445877075,0.09290384501218796,0.42820775508880615,"19,139,164,254,222","254,114,149,41,77",2:343:2|2:889:2|2:989:2
ckpt_4100.pt,2,491,0.4714486002922058,0.09742685407400131,0.4133804738521576,"226,225,11,125,67","111,93,97,51,164",2:25:1|2:29:1|2:41:1
ckpt_4100.pt,2,492,0.5145499110221863,0.1260150820016861,0.40930473804473877,"229,146,73,117,219","82,30,7,145,138",2:181:2|2:438:2|2:603:2
ckpt_4100.pt,2,493,0.5422866940498352,0.12602819502353668,0.42968443036079407,"204,223,214,48,59","194,147,215,128,91",2:76:2|2:216:2|2:528:2
ckpt_4100.pt,2,494,0.5129759311676025,0.12416636198759079,0.38925495743751526,"212,193,100,44,128","32,29,251,121,197",2:139:2|2:190:2|2:4:1
ckpt_4100.pt,2,495,0.5836926102638245,0.11314917355775833,0.4967406988143921,"36,161,43,224,157","244,171,255,40,47",2:341:2|2:639:2|2:825:2
ckpt_4100.pt,2,496,0.48056158423423767,0.08746644109487534,0.3897024095058441,"90,23,172,107,136","130,200,125,241,15",2:15:2|2:111:2|2:294:2
ckpt_4100.pt,2,497,0.45460793375968933,0.08105457574129105,0.39315804839134216,"64,94,134,209,169","229,149,47,74,12",2:246:2|2:3:1|2:6:1
ckpt_4100.pt,2,498,0.46092942357063293,0.07806666195392609,0.4276808798313141,"215,141,206,1,34","30,98,15,198,141",2:292:2|2:23:1|2:35:1
ckpt_4100.pt,2,499,0.48357465863227844,0.07794511318206787,0.4086873531341553,"131,230,0,13,136","101,7,92,47,129",2:487:2|2:556:2|2:582:2
ckpt_4100.pt,2,500,0.47483229637145996,0.08403383195400238,0.39665788412094116,"218,161,213,176,149","166,28,4,105,165",2:55:3|2:463:2|2:882:2
ckpt_4100.pt,2,501,0.46143630146980286,0.08432576805353165,0.39121440052986145,"2,126,161,61,56","11,14,48,209,73",2:9:2|2:319:2|2:336:2
ckpt_4100.pt,2,502,0.5397460460662842,0.09866220504045486,0.45664316415786743,"48,233,21,172,194","70,120,71,36,254",2:15:2|2:791:2|2:13:1
ckpt_4100.pt,2,503,0.5699928998947144,0.12290185689926147,0.4556657671928406,"168,97,232,185,239","187,168,37,232,160",2:36:2|2:919:2|2:0:1
ckpt_4100.pt,2,504,0.492098867893219,0.08021270483732224,0.41064712405204773,"75,224,74,179,196","139,244,194,2,89",2:340:2|2:670:2|2:858:2
ckpt_4100.pt,2,505,0.5840476155281067,0.08844544738531113,0.474868506193161,"96,199,189,175,207","189,17,89,45,126",2:952:2|2:998:2|2:6:1
ckpt_4100.pt,2,506,0.46288201212882996,0.0883956030011177,0.40104272961616516,"19,116,170,231,65","167,214,244,104,46",2:406:2|2:11:1|2:19:1
ckpt_4100.pt,2,507,0.47230494022369385,0.08928820490837097,0.4074893295764923,"7,87,79,158,171","225,83,224,100,222",2:467:2|2:18:1|2:26:1
ckpt_4100.pt,2,508,0.4504300653934479,0.10534362494945526,0.37910252809524536,"161,178,51,18,147","110,51,199,83,250",2:41:1|2:55:1|2:61:1
ckpt_4100.pt,2,509,0.4356479048728943,0.10050143301486969,0.39465320110321045,"204,80,61,24,98","19,150,230,202,30",2:151:2|2:354:2|2:628:2
ckpt_4100.pt,2,510,0.546047031879425,0.1246708557009697,0.4553121030330658,"66,38,244,78,46","147,234,79,4,44",2:419:2|2:640:2|2:852:2
ckpt_4100.pt,2,511,0.45283326506614685,0.08266078680753708,0.39676061272621155,"133,157,214,117,226","86,137,78,13,102",2:59:2|2:138:2|2:381:2
ckpt_4100.pt,2,512,0.5216702818870544,0.09526365995407104,0.4126388132572174,"91,57,75,228,150","129,201,53,232,81",2:0:1|2:2:1|2:4:1
ckpt_4100.pt,2,513,0.48854342103004456,0.08705571293830872,0.42111846804618835,"30,180,95,102,6","96,184,215,188,83",2:865:2|2:921:2|2:20:1
ckpt_4100.pt,2,514,0.5075032114982605,0.10449716448783875,0.44600266218185425,"144,86,139,33,199","195,196,116,41,17",2:168:2|2:852:2|2:914:2
ckpt_4100.pt,2,515,0.4862516224384308,0.08992508053779602,0.38535624742507935,"153,226,133,212,18","218,4,169,191,93",2:511:2|2:871:2|2:17:1
ckpt_4100.pt,2,516,0.5082659125328064,0.08082732558250427,0.43230369687080383,"221,151,0,33,41","68,231,21,118,59",2:404:2|2:602:2|2:5:1
ckpt_4100.pt,2,517,0.4640713930130005,0.08044697344303131,0.3972431719303131,"208,114,197,112,38","178,190,128,7,50",2:369:2|2:395:2|2:564:2
ckpt_4100.pt,2,518,0.44522181153297424,0.07909351587295532,0.3682766258716583,"11,166,18,64,175","248,79,98,67,252",2:423:2|2:713:2|2:51:1
ckpt_4100.pt,2,519,0.46068093180656433,0.07900220900774002,0.38002362847328186,"16,130,24,39,215","190,16,138,123,89",2:137:2|2:290:2|2:376:2
ckpt_4100.pt,2,520,0.5503391623497009,0.10205238312482834,0.44500401616096497,"149,239,195,20,250","103,142,77,15,127",2:318:2|2:549:2|2:666:2
ckpt_4100.pt,2,521,0.5317481756210327,0.11664313077926636,0.44565263390541077,"85,90,12,212,93","59,247,139,227,17",2:270:3|2:120:2|2:546:2
ckpt_4100.pt,2,522,0.47931990027427673,0.09899959713220596,0.3809642195701599,"188,53,213,191,26","12,203,43,240,175",2:800:2|2:2:1|2:10:1
ckpt_4100.pt,2,523,0.5007014274597168,0.08799325674772263,0.4116552174091339,"232,181,117,167,15","200,146,214,64,245",2:714:2|2:749:2|2:853:2
ckpt_4100.pt,2,524,0.5051175355911255,0.0720527321100235,0.4601297378540039,"237,29,152,143,177","83,90,97,154,229",2:70:2|2:186:2|2:548:2
ckpt_4100.pt,2,525,0.5415070056915283,0.1344848871231079,0.4254511892795563,"186,92,174,36,243","185,24,102,168,45",2:872:3|2:246:2|2:282:2
ckpt_4100.pt,2,526,0.5321214199066162,0.09197553992271423,0.4130130708217621,"191,74,153,252,148","2,217,63,216,214",2:555:2|2:903:2|2:8:1
ckpt_4100.pt,2,527,0.498622864484787,0.0816587284207344,0.3969172537326813,"89,32,218,170,129","77,219,171,175,211",2:129:2|2:479:2|2:5:1
ckpt_4100.pt,2,528,0.4759868383407593,0.10315351188182831,0.40719375014305115,"223,17,224,48,183","18,86,46,96,157",2:216:2|2:341:2|2:388:2
ckpt_4100.pt,2,529,0.455277681350708,0.07811298966407776,0.4066857695579529,"28,62,192,31,38","225,37,205,100,3",2:130:2|2:590:2|2:0:1
ckpt_4100.pt,2,530,0.5082843899726868,0.09347681701183319,0.4375280737876892,"248,133,243,143,128","226,242,161,81,5",2:18:2|2:546:2|2:4:1
ckpt_4100.pt,2,531,0.5311733484268188,0.12337353080511093,0.4292389154434204,"98,240,112,121,169","34,203,39,2,93",2:98:2|2:605:2|2:610:2
ckpt_4100.pt,2,532,0.46224111318588257,0.07389366626739502,0.38811010122299194,"139,255,244,168,228","79,107,199,214,77",2:732:2|2:2:1|2:4:1
ckpt_4100.pt,2,533,0.5115941762924194,0.10475998371839523,0.43747419118881226,"189,202,191,67,138","160,91,131,73,174",2:444:2|2:17:1|2:26:1
ckpt_4100.pt,2,534,0.5335979461669922,0.10572653263807297,0.44535526633262634,"96,7,9,182,248","154,182,239,208,219",2:214:2|2:413:2|2:576:2
ckpt_4100.pt,2,535,0.4651359021663666,0.08457649499177933,0.38852357864379883,"252,24,203,234,22","48,105,184,51,50",2:188:2|2:486:2|2:751:2
ckpt_4100.pt,2,536,0.514153242111206,0.10088402032852173,0.4295854866504669,"73,96,186,179,51","229,38,236,66,107",2:952:2|2:3:1|2:21:1
ckpt_4100.pt,2,537,0.48483139276504517,0.0912431925535202,0.3886590003967285,"143,52,42,11,201","198,114,236,179,76",2:88:2|2:558:2|2:579:2
ckpt_4100.pt,2,538,0.5450097322463989,0.09530916810035706,0.42720067501068115,"242,97,102,77,162","144,180,204,217,166",2:156:2|2:25:1|2:28:1
ckpt_4100.pt,2,539,0.4495541453361511,0.08177558332681656,0.4202665686607361,"95,150,22,197,143","42,99,134,138,34",2:100:2|2:379:2|2:426:2
ckpt_4100.pt,2,540,0.5246401429176331,0.09448499977588654,0.40761879086494446,"120,188,181,43,84","208,15,43,109,22",2:437:2|2:1001:2|2:16:1
ckpt_4100.pt,2,541,0.5314872860908508,0.12090300768613815,0.4187486469745636,"196,95,59,82,4","146,235,242,35,138",2:340:2|2:601:2|2:632:2
ckpt_4100.pt,2,542,0.4964049160480499,0.09733710438013077,0.40622541308403015,"187,31,198,215,114","49,242,136,135,254",2:288:2|2:451:2|2:706:2
ckpt_4100.pt,2,543,0.5622572898864746,0.10614262521266937,0.4313028156757355,"115,99,244,98,155","92,111,39,121,155",2:58:3|2:392:2|2:6:1
ckpt_4100.pt,2,544,0.4606795012950897,0.1034768670797348,0.3744530975818634,"124,83,131,133,219","136,217,230,84,184",2:358:2|2:416:2|2:603:2
ckpt_4100.pt,2,545,0.5161588191986084,0.09967499226331711,0.4267612397670746,"154,160,66,54,62","9,195,103,3,191",2:103:2|2:186:2|2:258:2
ckpt_4100.pt,2,546,0.5467297434806824,0.12166493386030197,0.4562722444534302,"248,243,86,212,90","80,197,90,246,226",2:371:2|2:521:2|2:530:2
ckpt_4100.pt,2,547,0.5267436504364014,0.10815996676683426,0.43252718448638916,"96,28,212,213,198","229,5,61,225,122",2:130:2|2:480:2|2:621:2
ckpt_4100.pt,2,548,0.4805546998977661,0.08547291904687881,0.4264766573905945,"85,239,143,129,29","36,68,196,235,169",2:256:2|2:349:2|2:447:2
ckpt_4100.pt,2,549,0.5557239651679993,0.10407700389623642,0.45482873916625977,"38,24,187,20,250","125,34,134,196,221",2:226:2|2:276:2|2:520:2
ckpt_4100.pt,2,550,0.48988214135169983,0.08942832797765732,0.4454443156719208,"73,150,187,37,42","80,125,77,244,128",2:226:2|2:257:2|2:994:2
ckpt_4100.pt,2,551,0.5932555794715881,0.09981662034988403,0.47322389483451843,"222,107,35,77,205","110,91,118,137,149",2:171:2|2:299:2|2:596:2
ckpt_4100.pt,2,552,0.5372005701065063,0.08937572687864304,0.42600950598716736,"145,45,174,94,6","155,222,233,229,81",2:17:1|2:32:1|2:67:1
ckpt_4100.pt,2,553,0.5160753130912781,0.1099679246544838,0.43790537118911743,"123,182,128,219,187","91,162,44,170,174",2:972:2|2:4:1|2:14:1
ckpt_4100.pt,2,554,0.4734565019607544,0.08425678312778473,0.4077797830104828,"13,255,184,191,3","83,127,104,255,11",2:30:3|2:444:2|2:1006:2
ckpt_4100.pt,2,555,0.5070809125900269,0.09036998450756073,0.42488768696784973,"252,78,230,190,191","98,23,221,85,83",2:393:2|2:526:2|2:903:2
ckpt_4100.pt,2,556,0.549513041973114,0.10346774011850357,0.43626734614372253,"5,230,198,13,41","71,69,80,149,241",2:433:2|2:499:2|2:582:2
ckpt_4100.pt,2,557,0.5333194732666016,0.09091749787330627,0.44087883830070496,"69,13,234,67,250","75,100,24,101,187",2:13:2|2:233:2|2:582:2
ckpt_4100.pt,2,558,0.5125455260276794,0.10501430183649063,0.42264610528945923,"57,143,241,52,16","99,250,121,114,4",2:88:2|2:179:2|2:395:2
ckpt_4100.pt,2,559,0.46081796288490295,0.09984759986400604,0.3888644874095917,"2,127,13,18,240","244,196,8,127,73",2:192:2|2:301:2|2:698:2
ckpt_4100.pt,2,560,0.702113687992096,0.12526816129684448,0.532229483127594,"175,231,107,145,140","250,145,16,213,132",2:464:2|2:599:2|2:15:1
ckpt_4100.pt,2,561,0.5141421556472778,0.09077923744916916,0.4339964687824249,"187,18,76,132,91","5,46,248,40,3",2:78:2|2:806:2|2:0:1
ckpt_4100.pt,2,562,0.4635937213897705,0.08118125051259995,0.4063677489757538,"97,223,144,136,216","84,109,201,106,80",2:329:2|2:915:2|2:3:1
ckpt_4100.pt,2,563,0.505890429019928,0.09908247739076614,0.43575891852378845,"10,79,95,22,154","167,112,111,29,18",2:353:2|2:539:2|2:865:2
ckpt_4100.pt,2,564,0.4844073951244354,0.11496695131063461,0.3841732442378998,"197,112,162,31,20","131,230,12,247,241",2:28:2|2:517:2|2:0:1
ckpt_4100.pt,2,565,0.5435959100723267,0.09016259759664536,0.423734575510025,"58,171,90,93,200","207,203,87,118,39",2:270:2|2:521:2|2:696:2
ckpt_4100.pt,2,566,0.5023097991943359,0.1145751029253006,0.4197610020637512,"190,42,36,75,209","24,145,203,204,108",2:332:2|2:352:2|2:357:2
ckpt_4100.pt,2,567,0.5363371968269348,0.10314136743545532,0.4268917739391327,"213,137,144,157,215","203,163,232,8,250",2:484:2|2:20:1|2:27:1
ckpt_4100.pt,2,568,0.5077882409095764,0.1140071377158165,0.41637930274009705,"243,182,253,236,90","83,199,110,40,66",2:42:2|2:371:2|2:546:2
ckpt_4100.pt,2,569,0.4508934020996094,0.08729855716228485,0.3800457715988159,"152,132,191,177,183","26,90,183,238,132",2:71:2|2:524:2|2:0:1
ckpt_4100.pt,2,570,0.4583055078983307,0.08190275728702545,0.3594508171081543,"233,118,124,155,223","201,217,209,237,3",2:1:1|2:3:1|2:14:1
ckpt_4100.pt,2,571,0.45423194766044617,0.08516177535057068,0.40218332409858704,"78,232,178,120,187","44,36,40,97,227",2:226:2|2:594:2|2:756:2
ckpt_4100.pt,2,572,0.47429293394088745,0.09599557518959045,0.40221115946769714,"181,42,79,92,226","67,38,125,36,108",2:267:2|2:714:2|2:758:2
ckpt_4100.pt,2,573,0.5507187843322754,0.08701326698064804,0.39263156056404114,"218,250,253,169,3","143,57,1,27,97",2:98:2|2:308:2|2:684:2
ckpt_4100.pt,2,574,0.44648757576942444,0.08085983991622925,0.37189555168151855,"39,56,72,160,40","179,183,201,20,244",2:675:2|2:9:1|2:14:1
ckpt_4100.pt,2,575,0.49426937103271484,0.08921538293361664,0.4259835481643677,"226,44,152,228,171","226,175,8,228,19",2:236:2|2:704:2|2:2:1
ckpt_4100.pt,2,576,0.5525278449058533,0.10185955464839935,0.46142578125,"248,188,8,182,144","125,87,52,230,78",2:67:2|2:168:2|2:451:2
ckpt_4100.pt,2,577,0.5148807168006897,0.12054666876792908,0.42007309198379517,"223,212,108,6,179","12,145,22,169,111",2:3:2|2:32:2|2:131:2
ckpt_4100.pt,2,578,0.4733344316482544,0.10305353999137878,0.38442766666412354,"10,222,174,117,63","89,212,144,63,153",2:118:2|2:43:1|2:45:1
ckpt_4100.pt,2,579,0.48305919766426086,0.10720657557249069,0.38362228870391846,"32,168,201,230,143","182,79,211,127,235",2:55:2|2:291:2|2:537:2
ckpt_4100.pt,2,580,0.45169302821159363,0.0810745507478714,0.39074429869651794,"149,52,27,164,64","17,21,108,152,50",2:27:2|2:159:2|2:386:2
ckpt_4100.pt,2,581,0.5017024278640747,0.09973788261413574,0.42438578605651855,"47,236,49,74,131","131,62,53,67,230",2:371:2|2:391:2|2:414:2
ckpt_4100.pt,2,582,0.5008371472358704,0.07566432654857635,0.4328557848930359,"131,198,70,69,13","51,136,91,55,140",2:499:2|2:556:2|2:557:2
ckpt_4100.pt,2,583,0.5082356929779053,0.08005020022392273,0.4021250307559967,"161,198,237,7,245","218,223,69,74,29",2:733:2|2:856:2|2:1:1
ckpt_4100.pt,2,584,0.5473719835281372,0.09590443968772888,0.46060100197792053,"245,138,8,79,50","5,117,49,203,4",2:300:2|2:18:1|2:19:1
ckpt_4100.pt,2,585,0.43540695309638977,0.08932792395353317,0.38597649335861206,"167,21,255,237,91","63,39,75,153,239",2:170:2|2:718:2|2:886:2
ckpt_4100.pt,2,586,0.48757001757621765,0.10476978123188019,0.41517192125320435,"119,23,30,82,131","112,136,93,96,244",2:333:2|2:3:1|2:6:1
ckpt_4100.pt,2,587,0.5131060481071472,0.0954272449016571,0.42679691314697266,"14,181,253,142,24","250,156,135,47,34",2:255:2|2:363:2|2:410:2
ckpt_4100.pt,2,588,0.5227559804916382,0.0965455025434494,0.43190717697143555,"87,92,160,78,139","197,223,137,76,86",2:71:2|2:242:2|2:594:2
ckpt_4100.pt,2,589,0.540636420249939,0.08755292743444443,0.44727954268455505,"251,126,117,112,30","178,92,94,88,93",2:864:2|2:6:1|2:7:1
ckpt_4100.pt,2,590,0.5010116696357727,0.09088696539402008,0.4079049527645111,"47,31,139,29,192","174,78,190,196,143",2:21:2|2:168:2|2:529:2
ckpt_4100.pt,2,591,0.42869722843170166,0.07244080305099487,0.3408983051776886,"224,78,194,9,77","93,57,7,138,148",2:110:2|2:195:2|2:960:2
ckpt_4100.pt,2,592,0.5206272006034851,0.10724404454231262,0.454307496547699,"96,75,78,112,124","153,176,102,240,11",2:106:2|2:198:2|2:340:2
ckpt_4100.pt,2,593,0.5438002347946167,0.0944809541106224,0.450347900390625,"142,71,196,131,44","239,151,254,99,192",2:12:2|2:255:2|2:387:2
ckpt_4100.pt,2,594,0.4910191297531128,0.07609647512435913,0.4260585904121399,"178,199,92,78,24","171,89,50,111,7",2:226:2|2:571:2|2:588:2
ckpt_4100.pt,2,595,0.4727405905723572,0.10647556930780411,0.3818165361881256,"130,216,161,65,171","13,68,168,108,119",2:100:2|2:721:2|2:4:1
ckpt_4100.pt,2,596,0.537926197052002,0.10443443804979324,0.4539875090122223,"35,11,154,50,222","230,67,205,133,211",2:141:2|2:551:2|2:782:2
ckpt_4100.pt,2,597,0.49697622656822205,0.10246440023183823,0.38806337118148804,"140,255,131,242,234","94,64,37,219,9",2:486:2|2:1004:2|2:5:1
ckpt_4100.pt,2,598,0.5722877383232117,0.09682121127843857,0.4516533315181732,"73,138,21,236,14","172,199,53,226,135",2:157:2|2:300:2|2:476:2
ckpt_4100.pt,2,599,0.448930561542511,0.08421556651592255,0.3949939012527466,"231,107,199,42,151","237,30,253,244,105",2:22:2|2:297:2|2:560:2
ckpt_4100.pt,2,600,0.4848359525203705,0.11210190504789352,0.41365665197372437,"99,112,146,136,107","31,247,170,55,233",2:234:2|2:496:2|2:787:2
ckpt_4100.pt,2,601,0.5145076513290405,0.10953611880540848,0.41399261355400085,"196,212,3,95,190","226,101,150,19,108",2:205:2|2:541:2|2:17:1
ckpt_4100.pt,2,602,0.5299414992332458,0.08973710238933563,0.42567819356918335,"41,101,18,42,33","117,215,112,7,4",2:228:2|2:263:2|2:302:2
ckpt_4100.pt,2,603,0.5003682374954224,0.084340900182724,0.40283438563346863,"146,62,219,131,183","3,227,167,14,96",2:39:2|2:146:2|2:492:2
ckpt_4100.pt,2,604,0.5064055919647217,0.10229597985744476,0.41808417439460754,"185,43,223,37,1","211,7,122,152,28",2:172:2|2:427:2|2:965:2
ckpt_4100.pt,2,605,0.4999120235443115,0.10457376390695572,0.44495314359664917,"1,86,230,112,240","55,31,214,21,255",2:313:2|2:429:2|2:531:2
ckpt_4100.pt,2,606,0.4693790078163147,0.08628790825605392,0.41112834215164185,"172,198,10,138,133","250,55,206,183,17",2:225:2|2:649:2|2:730:2
ckpt_4100.pt,2,607,0.5202764272689819,0.10564278811216354,0.435981810092926,"15,212,119,163,214","6,51,255,84,72",2:60:2|2:348:2|2:914:2
ckpt_4100.pt,2,608,0.5470237135887146,0.10902564972639084,0.4338420033454895,"53,154,62,71,225","161,15,156,193,27",2:146:2|2:209:2|2:545:2
ckpt_4100.pt,2,609,0.44725027680397034,0.07919389009475708,0.35590603947639465,"29,87,236,181,179","128,229,64,255,204",2:136:2|2:254:2|2:3:1
ckpt_4100.pt,2,610,0.5175548791885376,0.09625976532697678,0.39995983242988586,"112,120,121,125,245","17,51,202,103,19",2:126:2|2:531:2|2:835:2
ckpt_4100.pt,2,611,0.44097286462783813,0.07198083400726318,0.37274739146232605,"163,109,121,246,232","160,56,22,175,28",2:142:2|2:201:2|2:305:2
ckpt_4100.pt,2,612,0.5632045865058899,0.09220301359891891,0.4451572895050049,"15,166,90,89,73","53,78,167,35,98",2:423:2|2:455:2|2:727:2
ckpt_4100.pt,2,613,0.5306617021560669,0.09128124266862869,0.42863601446151733,"247,159,33,117,65","40,89,50,159,75",2:278:3|2:138:2|2:399:2
ckpt_4100.pt,2,614,0.5254568457603455,0.08438646793365479,0.41736146807670593,"163,181,58,52,241","62,128,162,125,76",2:675:3|2:16:2|2:443:2
ckpt_4100.pt,2,615,0.4694097340106964,0.08627256006002426,0.4087981879711151,"237,182,11,233,104","87,121,6,144,161",2:15:2|2:14:1|2:23:1
ckpt_4100.pt,2,616,0.4422575831413269,0.0769295021891594,0.39548084139823914,"224,166,70,213,118","179,45,240,236,252",2:239:2|2:670:2|2:820:2
ckpt_4100.pt,2,617,0.5306280851364136,0.09998873621225357,0.45526227355003357,"74,204,6,71,168","144,164,253,99,63",2:12:2|2:197:2|2:252:2
ckpt_4100.pt,2,618,0.4856131374835968,0.0882931649684906,0.40373098850250244,"218,111,4,157,205","215,87,141,24,174",2:250:2|2:479:2|2:778:2
ckpt_4100.pt,2,619,0.5746135711669922,0.10207599401473999,0.44420093297958374,"6,8,53,187,237","15,172,200,21,114",2:32:2|2:143:2|2:451:2
ckpt_4100.pt,2,620,0.4851856827735901,0.08508359640836716,0.4019300937652588,"8,5,7,67,100","197,68,158,237,160",2:373:2|2:997:2|2:1009:2
ckpt_4100.pt,2,621,0.5315250754356384,0.08963871002197266,0.43863141536712646,"18,213,81,28,230","85,66,51,201,65",2:130:2|2:547:2|2:917:2
ckpt_4100.pt,2,622,0.5117232799530029,0.11258600652217865,0.44957128167152405,"22,193,52,116,6","146,232,230,43,238",2:88:2|2:404:2|2:846:2
ckpt_4100.pt,2,623,0.48351895809173584,0.08993113040924072,0.4138057231903076,"153,103,2,34,100","246,199,58,212,236",2:418:2|2:754:2|2:3:1
ckpt_4100.pt,2,624,0.49466755986213684,0.08154498785734177,0.43615180253982544,"244,87,3,4,63","99,107,64,226,231",2:419:2|2:6:1|2:26:1
ckpt_4100.pt,2,625,0.5171006321907043,0.08701100945472717,0.41110625863075256,"243,71,163,225,92","142,24,171,232,252",2:153:2|2:525:2|2:608:2
ckpt_4100.pt,2,626,0.4785013794898987,0.08016043901443481,0.4108023941516876,"0,21,51,241,169","79,219,223,39,75",2:398:2|2:788:2|2:6:1
ckpt_4100.pt,2,627,0.5044088959693909,0.08035513758659363,0.4332386255264282,"13,73,135,207,181","135,188,216,219,81",2:16:2|2:229:2|2:330:2
ckpt_4100.pt,2,628,0.5149062871932983,0.10826758295297623,0.4136962294578552,"61,204,35,206,192","132,218,45,141,185",2:509:2|2:905:2|2:908:2
ckpt_4100.pt,2,629,0.4945666790008545,0.09120533615350723,0.42335692048072815,"4,168,223,191,114","240,61,126,252,91",2:12:2|2:216:2|2:3:1
ckpt_4100.pt,2,630,0.5329712629318237,0.08903419226408005,0.43934834003448486,"119,80,11,207,75","232,185,169,191,36",2:198:2|2:277:2|2:474:2
ckpt_4100.pt,2,631,0.5151368975639343,0.0971730500459671,0.4006795883178711,"66,57,217,200,5","128,154,85,91,18",2:31:1|2:44:1|2:62:1
ckpt_4100.pt,2,632,0.525959312915802,0.10982267558574677,0.3922184109687805,"164,196,144,82,36","244,65,195,93,118",2:232:2|2:541:2|2:841:2
ckpt_4100.pt,2,633,0.5596698522567749,0.08669313788414001,0.4758504331111908,"98,156,101,200,163","245,119,107,112,91",2:44:2|2:4:1|2:25:1
ckpt_4100.pt,2,634,0.46281003952026367,0.08419214189052582,0.4431128203868866,"204,28,137,93,60","89,216,22,235,50",2:76:2|2:193:2|2:673:2
ckpt_4100.pt,2,635,0.4911976158618927,0.09850718826055527,0.4029574990272522,"40,33,224,141,26","122,118,57,226,110",2:2:1|2:35:1|2:52:1
ckpt_4100.pt,2,636,0.46712547540664673,0.09699303656816483,0.4180874824523926,"71,18,203,174,207","95,80,34,8,215",2:31:2|2:158:2|2:199:2
ckpt_4100.pt,2,637,0.5456138849258423,0.09919129312038422,0.4345318377017975,"74,65,31,240,12","168,234,45,93,71",2:285:2|2:288:2|2:399:2
ckpt_4100.pt,2,638,0.49870583415031433,0.09561844170093536,0.4244188368320465,"201,243,142,200,159","126,147,3,190,56",2:448:2|2:696:2|2:2:1
ckpt_4100.pt,2,639,0.5420833230018616,0.07739220559597015,0.43722957372665405,"90,36,224,146,30","112,190,39,107,3",2:62:2|2:495:2|2:8:1
ckpt_4100.pt,2,640,0.4325597584247589,0.08448852598667145,0.3763986825942993,"78,145,124,66,68","115,182,167,232,89",2:393:2|2:510:2|2:592:2
ckpt_4100.pt,2,641,0.45808979868888855,0.08919548988342285,0.3885481655597687,"204,180,143,25,167","194,86,126,224,46",2:179:2|2:408:2|2:662:2
ckpt_4100.pt,2,642,0.4749968647956848,0.08570311218500137,0.37898606061935425,"247,211,9,74,26","167,23,10,205,246",2:99:2|2:399:2|2:716:2
ckpt_4100.pt,2,643,0.5211309194564819,0.08877094835042953,0.451320081949234,"133,232,72,255,173","114,121,131,110,115",2:5:1|2:17:1|2:24:1
ckpt_4100.pt,2,644,0.5047309994697571,0.09405100345611572,0.438311904668808,"15,11,53,246,221","107,173,58,188,29",2:10:2|2:215:2|2:758:2
ckpt_4100.pt,2,645,0.5930092334747314,0.09843340516090393,0.4646679759025574,"176,246,251,154,169","255,123,162,178,183",2:851:2|2:6:1|2:10:1
ckpt_4100.pt,2,646,0.4228113889694214,0.08470403403043747,0.40952858328819275,"152,24,105,125,107","33,56,133,52,143",2:22:2|2:14:1|2:15:1
ckpt_4100.pt,2,647,0.5240979194641113,0.1025017574429512,0.44488129019737244,"92,1,72,117,161","239,119,91,71,80",2:193:2|2:23:1|2:37:1
ckpt_4100.pt,2,648,0.47870373725891113,0.09136515855789185,0.4019366204738617,"240,194,0,125,28","237,191,201,64,96",2:249:2|2:267:2|2:307:2
ckpt_4100.pt,2,649,0.5359822511672974,0.1365266889333725,0.46434640884399414,"60,138,176,172,75","67,218,2,106,28",2:225:2|2:327:2|2:606:2
ckpt_4100.pt,2,650,0.5216992497444153,0.0920606479048729,0.39362525939941406,"123,183,57,111,28","90,97,165,18,212",2:453:2|2:31:1|2:38:1
ckpt_4100.pt,2,651,0.4690834879875183,0.08909095078706741,0.3546753227710724,"157,80,179,56,150","248,137,196,75,223",2:880:2|2:911:2|2:3:1
ckpt_4100.pt,2,652,0.525671660900116,0.09375718235969543,0.4302864372730255,"82,176,124,147,141","31,119,34,65,106",2:87:2|2:286:2|2:660:2
ckpt_4100.pt,2,653,0.5673604607582092,0.09488272666931152,0.44148439168930054,"32,111,87,20,176","137,160,31,65,169",2:129:2|2:7:1|2:23:1
ckpt_4100.pt,2,654,0.5015342831611633,0.09870335459709167,0.4283483326435089,"53,247,198,113,214","242,93,104,29,254",2:133:2|2:215:2|2:1022:2
ckpt_4100.pt,2,655,0.4485474228858948,0.09616857022047043,0.3929033875465393,"19,124,232,229,64","136,33,11,91,71",2:977:2|2:1:1|2:11:1
ckpt_4100.pt,2,656,0.4806458353996277,0.1006709560751915,0.38729846477508545,"79,46,198,16,178","252,163,249,166,89",2:217:2|2:361:2|2:1010:2
ckpt_4100.pt,2,657,0.501641571521759,0.10130907595157623,0.4166100025177002,"223,72,17,226,55","166,142,48,83,224",2:51:2|2:153:2|2:528:2
ckpt_4100.pt,2,658,0.5264073014259338,0.10535647720098495,0.43815916776657104,"143,55,63,205,106","35,85,11,15,63",2:475:2|2:812:2|2:4:1
ckpt_4100.pt,2,659,0.463036447763443,0.07528074830770493,0.40142178535461426,"221,126,26,71,115","180,141,195,44,167",2:7:2|2:341:2|2:386:2
ckpt_4100.pt,2,660,0.44610947370529175,0.10168597847223282,0.3610073924064636,"138,121,124,111,141","128,116,100,117,11",2:106:2|2:652:2|2:995:2
ckpt_4100.pt,2,661,0.5400731563568115,0.12555211782455444,0.4699781537055969,"4,105,51,254,84","53,217,74,170,194",2:788:2|2:979:2|2:45:1
ckpt_4100.pt,2,662,0.4377650022506714,0.08386307209730148,0.3892268240451813,"180,126,4,143,140","251,96,116,194,55",2:179:3|2:641:2|2:6:1
ckpt_4100.pt,2,663,0.45885026454925537,0.08053745329380035,0.3846242129802704,"166,85,210,136,88","215,73,34,65,6",2:38:1|2:51:1|2:64:1
ckpt_4100.pt,2,664,0.5078805088996887,0.10790345072746277,0.4317653179168701,"175,27,19,168,12","37,136,192,102,118",2:161:2|2:919:2|2:928:2
ckpt_4100.pt,2,665,0.5298520922660828,0.09999014437198639,0.4409244656562805,"36,73,147,234,38","118,102,221,57,153",2:11:1|2:19:1|2:33:1
ckpt_4100.pt,2,666,0.4422198235988617,0.10509396344423294,0.3880962133407593,"149,54,252,162,239","184,46,204,27,102",2:318:2|2:520:2|2:741:2
ckpt_4100.pt,2,667,0.5345887541770935,0.10106568038463593,0.4191614091396332,"208,121,174,48,36","158,108,196,46,168",2:525:2|2:746:2|2:781:2
ckpt_4100.pt,2,668,0.5428369045257568,0.11500991135835648,0.4280734360218048,"34,84,65,192,81","54,140,162,56,144",2:48:2|2:436:2|2:760:2
ckpt_4100.pt,2,669,0.515504002571106,0.0980287715792656,0.4140974283218384,"95,200,110,226,62","207,176,196,67,199",2:294:2|2:448:2|2:870:2
ckpt_4100.pt,2,670,0.5987151861190796,0.12133241444826126,0.46249285340309143,"74,118,227,224,112","12,6,242,176,16",2:35:2|2:57:2|2:98:2
ckpt_4100.pt,2,671,0.5656454563140869,0.10941621661186218,0.45115992426872253,"186,162,188,201,127","124,126,252,180,204",2:113:2|2:800:2|2:904:2
ckpt_4100.pt,2,672,0.557950496673584,0.09390299767255783,0.4635493755340576,"6,234,219,151,32","78,162,25,27,39",2:67:2|2:772:2|2:5:1
ckpt_4100.pt,2,673,0.46059486269950867,0.08752626180648804,0.3913533389568329,"110,247,52,60,204","171,11,113,82,28",2:362:2|2:634:2|2:739:2
ckpt_4100.pt,2,674,0.4578390419483185,0.09044627845287323,0.3806912899017334,"248,147,150,206,77","233,41,25,175,173",2:426:2|2:35:1|2:56:1
ckpt_4100.pt,2,675,0.48330414295196533,0.0797717273235321,0.41129249334335327,"241,72,58,163,160","254,3,15,183,148",2:614:3|2:95:2|2:574:2
ckpt_4100.pt,2,676,0.4551493525505066,0.08225805312395096,0.3723657727241516,"159,112,70,86,155","47,138,141,180,14",2:230:2|2:234:2|2:295:2
ckpt_4100.pt,2,677,0.4941369593143463,0.09374328702688217,0.42881742119789124,"17,175,200,35,71","38,173,111,226,129",2:341:2|2:770:2|2:928:2
ckpt_4100.pt,2,678,0.46819308400154114,0.08483505994081497,0.4034353196620941,"223,178,117,184,234","107,253,103,248,254",2:181:2|2:224:2|2:269:2
ckpt_4100.pt,2,679,0.4370015263557434,0.10012843459844589,0.3952780067920685,"113,137,172,245,78","48,93,218,208,9",2:116:2|2:140:2|2:384:2
ckpt_4100.pt,2,680,0.5121960639953613,0.08749591559171677,0.4509239196777344,"31,72,115,102,105","255,207,151,83,94",2:95:2|2:745:2|2:0:1
ckpt_4100.pt,2,681,0.5117562413215637,0.08943413197994232,0.4263421595096588,"184,202,40,112,57","59,191,165,212,32",2:962:2|2:984:2|2:8:1
ckpt_4100.pt,2,682,0.5368589162826538,0.09578465670347214,0.4398100972175598,"184,124,147,17,80","195,3,235,232,154",2:33:2|2:87:2|2:198:2
ckpt_4100.pt,2,683,0.5029133558273315,0.08302834630012512,0.41837844252586365,"248,231,184,35,137","133,24,221,87,212",2:116:2|2:185:2|2:213:2
ckpt_4100.pt,2,684,0.5283535122871399,0.09427367150783539,0.4199032783508301,"185,228,163,3,218","71,125,191,146,121",2:238:2|2:573:2|2:717:2
ckpt_4100.pt,2,685,0.49804380536079407,0.095596082508564,0.4458514153957367,"63,29,241,142,1","214,39,9,104,254",2:927:2|2:931:2|2:10:1
ckpt_4100.pt,2,686,0.44727787375450134,0.09536602348089218,0.35895729064941406,"236,209,7,57,24","174,122,251,111,126",2:151:2|2:235:2|2:929:2
ckpt_4100.pt,2,687,0.5310016870498657,0.12808141112327576,0.4230920374393463,"29,251,88,106,113","68,188,9,178,145",2:475:2|2:4:1|2:20:1
ckpt_4100.pt,2,688,0.49652475118637085,0.09496548026800156,0.41445857286453247,"52,24,94,32,108","180,202,217,160,102",2:129:2|2:7:1|2:14:1
ckpt_4100.pt,2,689,0.5072052478790283,0.09683797508478165,0.40428298711776733,"7,220,28,177,46","229,85,76,131,244",2:130:2|2:910:2|2:0:1
ckpt_4100.pt,2,690,0.5430112481117249,0.11167878657579422,0.4483153223991394,"64,196,1,100,242","228,28,108,234,127",2:207:2|2:13:1|2:17:1
ckpt_4100.pt,2,691,0.4843197464942932,0.0852634534239769,0.41688790917396545,"61,48,149,225,212","55,149,132,190,86",2:150:2|2:205:2|2:240:2
ckpt_4100.pt,2,692,0.5344571471214294,0.10782700777053833,0.4285445213317871,"181,144,71,138,159","94,132,219,233,83",2:89:2|2:146:2|2:437:2
ckpt_4100.pt,2,693,0.4549308121204376,0.092188261449337,0.38098689913749695,"66,8,174,33,188","197,32,233,243,191",2:105:2|2:417:2|2:576:2
ckpt_4100.pt,2,694,0.534014105796814,0.11552243679761887,0.44656214118003845,"88,1,96,124,227","248,99,148,87,42",2:47:2|2:106:2|2:472:2
ckpt_4100.pt,2,695,0.5411481857299805,0.0916069895029068,0.40074583888053894,"137,232,165,8,70","90,92,159,210,204",2:368:2|2:32:1|2:57:1
ckpt_4100.pt,2,696,0.46501439809799194,0.08021029084920883,0.3952374756336212,"142,50,200,58,94","255,3,183,252,196",2:448:2|2:565:2|2:638:2
ckpt_4100.pt,2,697,0.5338557362556458,0.10754750669002533,0.3766136169433594,"179,62,67,223,221","2,23,188,89,253",2:3:2|2:577:2|2:866:2
ckpt_4100.pt,2,698,0.5423105359077454,0.09256524592638016,0.4366329610347748,"67,240,13,168,70","122,223,53,127,23",2:36:2|2:301:2|2:557:2
ckpt_4100.pt,2,699,0.46394994854927063,0.10862825065851212,0.3855864405632019,"12,134,160,240,28","240,117,132,92,253",2:370:2|2:637:2|2:648:2
ckpt_4100.pt,2,700,0.49670299887657166,0.09073211252689362,0.4331222474575043,"116,33,166,156,17","194,219,121,242,196",2:4:1|2:11:1|2:40:1
ckpt_4100.pt,2,701,0.5101402401924133,0.10102587193250656,0.3942425549030304,"117,242,221,224,128","127,201,211,197,81",2:276:2|2:309:2|2:4:1
ckpt_4100.pt,2,702,0.5732694268226624,0.09265364706516266,0.4874371290206909,"193,126,196,215,70","205,79,146,96,158",2:207:2|2:360:2|2:6:1
ckpt_4100.pt,2,703,0.46931275725364685,0.08701124042272568,0.4232970178127289,"128,173,124,80,200","53,68,82,180,18",2:44:2|2:198:2|2:682:2
ckpt_4100.pt,2,704,0.5016743540763855,0.09956031292676926,0.4252375066280365,"143,44,31,241,228","178,23,36,161,64",2:179:2|2:475:2|2:558:2
ckpt_4100.pt,2,705,0.4228013753890991,0.07358431071043015,0.35583633184432983,"9,48,47,65,185","145,1,176,27,135",2:143:2|2:150:2|2:721:2
ckpt_4100.pt,2,706,0.4790818393230438,0.08331262320280075,0.40451961755752563,"104,114,198,66,235","220,31,59,19,214",2:292:2|2:542:2|2:0:1
ckpt_4100.pt,2,707,0.5311838388442993,0.09536008536815643,0.4371955990791321,"173,196,119,12,13","191,87,248,208,147",2:222:2|2:260:2|2:975:2
ckpt_4100.pt,2,708,0.47449925541877747,0.08760098367929459,0.4192485511302948,"182,89,213,55,146","148,78,241,147,196",2:37:2|2:463:2|2:879:2
ckpt_4100.pt,2,709,0.579247236251831,0.11246316879987717,0.472530335187912,"194,95,143,16,136","154,79,171,247,200",2:123:2|2:539:2|2:558:2
ckpt_4100.pt,2,710,0.4742375910282135,0.10986361652612686,0.3971533477306366,"103,175,243,121,144","8,189,177,167,108",2:93:2|2:220:2|2:725:2
ckpt_4100.pt,2,711,0.5503498911857605,0.09313647449016571,0.40800052881240845,"231,110,32,213,103","208,99,12,107,171",2:23:2|2:345:2|2:362:2
ckpt_4100.pt,2,712,0.5114612579345703,0.09418695420026779,0.4043656885623932,"91,127,220,180,144","5,234,132,138,180",2:296:2|2:809:2|2:903:2
ckpt_4100.pt,2,713,0.4781467318534851,0.09557214379310608,0.40164321660995483,"175,125,18,40,70","53,100,180,67,188",2:199:2|2:228:2|2:239:2
ckpt_4100.pt,2,714,0.49856820702552795,0.08375756442546844,0.43798577785491943,"79,242,181,232,103","107,216,254,232,180",2:156:2|2:361:2|2:523:2
ckpt_4100.pt,2,715,0.5019346475601196,0.0933285802602768,0.40879401564598083,"0,70,229,243,108","14,123,7,133,239",2:969:3|2:32:2|2:956:2
ckpt_4100.pt,2,716,0.47299280762672424,0.09917563945055008,0.4100901186466217,"247,159,184,84,211","17,219,28,117,54",2:325:2|2:613:2|2:642:2
ckpt_4100.pt,2,717,0.5303761959075928,0.113311767578125,0.4341796040534973,"196,218,107,48,163","230,214,163,44,142",2:212:2|2:424:2|2:684:2
ckpt_4100.pt,2,718,0.5514180660247803,0.08579804748296738,0.44838976860046387,"255,188,0,55,91","113,174,146,217,152",2:396:2|2:585:2|2:0:1
ckpt_4100.pt,2,719,0.47894930839538574,0.09322609752416611,0.4018980860710144,"93,78,152,217,251","209,181,186,252,6",2:71:2|2:756:2|2:2:1
ckpt_4100.pt,2,720,0.5385957956314087,0.1257309913635254,0.4242543876171112,"224,152,229,94,254","113,155,233,66,51",2:129:2|2:284:2|2:380:2
ckpt_4100.pt,2,721,0.4713149666786194,0.08660333603620529,0.4033103883266449,"65,159,235,161,185","87,17,84,180,215",2:143:2|2:278:2|2:595:2
ckpt_4100.pt,2,722,0.4657799303531647,0.07094819098711014,0.40152865648269653,"75,39,52,106,249","212,193,146,221,27",2:198:2|2:4:1|2:16:1
ckpt_4100.pt,2,723,0.5269889235496521,0.10601087659597397,0.44111934304237366,"251,105,69,46,6","67,100,19,248,207",2:275:2|2:921:2|2:8:1
ckpt_4100.pt,2,724,0.49133288860321045,0.0977923646569252,0.4024783968925476,"255,161,182,96,137","12,120,217,67,202",2:254:2|2:311:2|2:463:2
ckpt_4100.pt,2,725,0.41171497106552124,0.07893107831478119,0.3759416341781616,"24,79,144,116,103","102,5,143,228,44",2:146:2|2:361:2|2:710:2
ckpt_4100.pt,2,726,0.499838262796402,0.11513061821460724,0.4628637135028839,"80,119,78,101,245","53,180,221,208,63",2:25:2|2:326:2|2:630:2
ckpt_4100.pt,2,727,0.5075935125350952,0.08927325159311295,0.406134694814682,"151,172,73,166,23","186,11,178,55,58",2:384:2|2:496:2|2:612:2
ckpt_4100.pt,2,728,0.511497437953949,0.09137778729200363,0.3997618854045868,"9,54,30,227,253","229,241,118,19,86",2:445:2|2:1:1|2:10:1
ckpt_4100.pt,2,729,0.5057525634765625,0.10887473076581955,0.42648908495903015,"164,111,146,209,197","185,177,217,186,114",2:28:2|2:897:2|2:3:1
ckpt_4100.pt,2,730,0.5330758094787598,0.10533594340085983,0.4631151854991913,"172,133,240,20,211","41,227,154,138,98",2:606:2|2:930:2|2:9:1
ckpt_4100.pt,2,731,0.46322813630104065,0.0916370078921318,0.3843535780906677,"52,102,163,227,93","183,145,4,16,89",2:119:2|2:356:2|2:424:2
ckpt_4100.pt,2,732,0.4125857949256897,0.07238972932100296,0.360508531332016,"228,255,68,227,62","95,188,50,150,181",2:5:2|2:170:2|2:403:2
ckpt_4100.pt,2,733,0.4813860356807709,0.08750780671834946,0.3989311158657074,"7,50,142,48,161","127,17,116,30,56",2:103:2|2:367:2|2:583:2
ckpt_4100.pt,2,734,0.44033536314964294,0.07722398638725281,0.3792763650417328,"203,99,117,2,158","248,90,210,74,177",2:163:2|2:192:2|2:203:2
ckpt_4100.pt,2,735,0.5300132036209106,0.11314074695110321,0.4382420480251312,"153,11,172,128,7","224,246,1,220,170",2:44:2|2:72:2|2:235:2
ckpt_4100.pt,2,736,0.49756550788879395,0.090562604367733,0.4130779802799225,"132,184,127,158,58","161,254,212,57,232",2:351:3|2:269:2|2:337:2
ckpt_4100.pt,2,737,0.47145548462867737,0.09496493637561798,0.4026179611682892,"166,107,20,28,19","236,198,93,212,79",2:189:2|2:343:2|2:15:1
ckpt_4100.pt,2,738,0.44261205196380615,0.06900783628225327,0.3649538457393646,"34,79,241,104,221","180,103,50,143,91",2:292:2|2:15:1|2:16:1
ckpt_4100.pt,2,739,0.5093269944190979,0.09016449004411697,0.412031888961792,"247,60,236,229,104","5,29,15,87,13",2:133:2|2:673:2|2:807:2
ckpt_4100.pt,2,740,0.4660618305206299,0.10026594996452332,0.39120250940322876,"71,167,190,178,111","143,57,156,109,111",2:97:2|2:7:1|2:12:1
ckpt_4100.pt,2,741,0.44021788239479065,0.09472730755805969,0.42628395557403564,"162,54,68,57,65","221,227,94,215,10",2:666:2|2:794:2|2:885:2
ckpt_4100.pt,2,742,0.5079426169395447,0.09027206152677536,0.4472285509109497,"32,233,228,15,229","190,31,198,142,122",2:23:2|2:129:2|2:469:2
ckpt_4100.pt,2,743,0.48367539048194885,0.08696076273918152,0.3732375502586365,"213,104,162,80,3","149,218,110,136,189",2:30:2|2:886:2|2:15:1
ckpt_4100.pt,2,744,0.4913509488105774,0.09861399978399277,0.42196032404899597,"234,195,186,123,125","119,222,146,228,52",2:1004:2|2:11:1|2:57:1
ckpt_4100.pt,2,745,0.4737177789211273,0.07922756671905518,0.41067561507225037,"136,105,241,252,115","210,78,71,151,43",2:115:2|2:473:2|2:680:2
ckpt_4100.pt,2,746,0.5002990961074829,0.08854372054338455,0.39988651871681213,"121,171,48,237,97","12,34,86,19,119",2:205:2|2:310:2|2:415:2
ckpt_4100.pt,2,747,0.4973883330821991,0.09777307510375977,0.3910910487174988,"53,201,207,55,108","190,250,249,248,189",2:6:1|2:9:1|2:10:1
ckpt_4100.pt,2,748,0.4811009466648102,0.09980157762765884,0.38858965039253235,"239,162,208,119,248","254,24,4,150,120",2:203:2|2:214:2|2:666:2
ckpt_4100.pt,2,749,0.5223568677902222,0.09153317660093307,0.47373154759407043,"42,167,117,31,189","222,133,60,255,224",2:362:2|2:523:2|2:785:2
ckpt_4100.pt,2,750,0.4824680984020233,0.10356948524713516,0.3767624497413635,"134,227,7,70,180","237,199,138,70,133",2:211:2|2:286:2|2:1019:2
ckpt_4100.pt,2,751,0.5006234049797058,0.11805697530508041,0.3983718156814575,"24,87,234,15,121","24,47,185,166,239",2:188:2|2:535:2|2:11:1
ckpt_4100.pt,2,752,0.5778342485427856,0.09815357625484467,0.501985490322113,"199,95,172,106,193","89,30,66,216,237",2:952:2|2:4:1|2:15:1
ckpt_4100.pt,2,753,0.5097713470458984,0.1046682596206665,0.422432541847229,"145,154,24,132,82","242,4,59,253,69",2:258:2|2:3:1|2:12:1
ckpt_4100.pt,2,754,0.5588927865028381,0.12557120621204376,0.44036880135536194,"219,133,34,29,2","75,76,50,247,246",2:49:2|2:256:2|2:358:2
ckpt_4100.pt,2,755,0.5310158133506775,0.10619686543941498,0.4132844805717468,"225,1,26,79,73","228,251,28,58,247",2:41:2|2:306:2|2:2:1
ckpt_4100.pt,2,756,0.4656997323036194,0.0822460949420929,0.37791913747787476,"7,78,152,42,178","180,190,46,212,86",2:71:2|2:226:2|2:571:2
ckpt_4100.pt,2,757,0.5147349238395691,0.13434165716171265,0.41258329153060913,"225,189,253,78,61","85,57,198,3,228",2:449:2|2:691:2|2:997:2
ckpt_4100.pt,2,758,0.5211793184280396,0.12406567484140396,0.3982020914554596,"226,221,238,92,246","248,226,214,17,103",2:51:2|2:345:2|2:572:2
ckpt_4100.pt,2,759,0.557112455368042,0.10232887417078018,0.4450368285179138,"251,239,244,129,43","243,141,254,128,164",2:548:2|2:802:2|2:989:2
ckpt_4100.pt,2,760,0.534565269947052,0.11961372941732407,0.4440016746520996,"126,65,172,127,192","102,114,0,49,254",2:668:2|2:2:1|2:6:1
ckpt_4100.pt,2,761,0.5125023126602173,0.11119046807289124,0.4306352138519287,"2,7,207,243,249","211,193,83,93,203",2:301:2|2:342:2|2:791:2
ckpt_4100.pt,2,762,0.57284015417099,0.10907541215419769,0.4542386531829834,"188,6,161,90,13","70,58,140,174,206",2:67:2|2:8:1|2:13:1
ckpt_4100.pt,2,763,0.5174212455749512,0.11478075385093689,0.4185270071029663,"33,100,109,88,185","162,96,118,133,91",2:779:2|2:5:1|2:13:1
ckpt_4100.pt,2,764,0.5298156142234802,0.1315208375453949,0.4575118124485016,"189,244,159,186,252","102,4,133,196,0",2:2:1|2:6:1|2:8:1
ckpt_4100.pt,2,765,0.41897034645080566,0.08557077497243881,0.35258060693740845,"232,120,91,238,205","201,212,166,112,8",2:571:2|2:0:1|2:13:1
ckpt_4100.pt,2,766,0.4798271954059601,0.09863914549350739,0.4160229563713074,"179,237,47,135,173","50,24,51,219,99",2:148:2|2:3:1|2:27:1
ckpt_4100.pt,2,767,0.5511572957038879,0.0976811945438385,0.4539353847503662,"15,186,146,44,218","157,96,16,121,17",2:12:1|2:34:1|2:37:1
ckpt_4100.pt,2,768,0.46248841285705566,0.08817137777805328,0.4053642451763153,"87,46,216,31,53","1,96,42,198,255",2:21:2|2:242:2|2:0:1
ckpt_4100.pt,2,769,0.5063310861587524,0.08593875169754028,0.41772374510765076,"100,162,13,76,53","147,87,196,191,1",2:13:2|2:30:2|2:10:1
ckpt_4100.pt,2,770,0.508518636226654,0.09220031648874283,0.39744964241981506,"17,175,193,249,176","52,239,60,209,235",2:677:2|2:928:2|2:19:1
ckpt_4100.pt,2,771,0.5218263268470764,0.11231403797864914,0.44254401326179504,"109,203,163,71,202","103,196,121,245,30",2:155:2|2:422:2|2:486:2
ckpt_4100.pt,2,772,0.43496301770210266,0.07815641909837723,0.36653703451156616,"173,234,151,53,66","176,185,98,143,59",2:103:2|2:672:2|2:5:1
ckpt_4100.pt,2,773,0.4831952750682831,0.08652161061763763,0.4074781835079193,"115,89,151,217,71","54,47,225,31,1",2:31:2|2:240:2|2:297:2
ckpt_4100.pt,2,774,0.5375837087631226,0.10864071547985077,0.4228953719139099,"12,41,188,157,9","128,195,177,217,234",2:1:2|2:359:2|2:10:1
ckpt_4100.pt,2,775,0.4553947150707245,0.09228677302598953,0.38344910740852356,"128,176,73,163,43","147,73,253,212,222",2:44:2|2:142:2|2:322:2
ckpt_4100.pt,2,776,0.4813932776451111,0.08691760897636414,0.40485745668411255,"119,168,161,145,126","167,20,35,6,61",2:55:2|2:501:2|2:884:2
ckpt_4100.pt,2,777,0.4554518163204193,0.08128345012664795,0.3962893784046173,"236,124,172,242,227","218,236,48,49,32",2:694:2|2:842:2|2:1014:2
ckpt_4100.pt,2,778,0.5035899877548218,0.10558449476957321,0.4075872302055359,"54,94,69,157,205","160,135,215,8,72",2:108:2|2:200:2|2:250:2
ckpt_4100.pt,2,779,0.5807893872261047,0.09320028871297836,0.45553839206695557,"88,61,134,33,213","216,134,167,231,3",2:484:2|2:763:2|2:11:1
ckpt_4100.pt,2,780,0.5562483668327332,0.11698288470506668,0.47371068596839905,"13,253,57,198,138","230,3,61,248,52",2:556:2|2:582:2|2:606:2
ckpt_4100.pt,2,781,0.46762847900390625,0.09935341775417328,0.3903919756412506,"156,48,135,252,36","146,228,103,131,233",2:367:2|2:667:2|2:903:2
ckpt_4100.pt,2,782,0.4582146406173706,0.07871484756469727,0.4268784821033478,"11,172,41,50,156","48,215,216,15,245",2:596:2|2:735:2|2:4:1
ckpt_4100.pt,2,783,0.46751654148101807,0.09458336234092712,0.3821002244949341,"1,231,42,162,132","128,166,118,94,46",2:152:2|2:599:2|2:814:2
ckpt_4100.pt,2,784,0.4786953926086426,0.08893952518701553,0.40383678674697876,"142,191,27,236,160","148,181,195,143,241",2:807:2|2:966:2|2:10:1
ckpt_4100.pt,2,785,0.46190395951271057,0.08871666342020035,0.41696876287460327,"222,31,212,70,42","227,83,113,136,19",2:53:2|2:357:2|2:749:2
ckpt_4100.pt,2,786,0.5504920482635498,0.09917645901441574,0.4511443078517914,"70,61,190,163,11","60,125,121,245,185",2:933:2|2:958:2|2:11:1
ckpt_4100.pt,2,787,0.4440259337425232,0.07887612283229828,0.40729787945747375,"112,107,116,249,237","107,161,191,52,96",2:600:2|2:8:1|2:11:1
ckpt_4100.pt,2,788,0.5058683753013611,0.09881224483251572,0.4407173991203308,"62,254,241,13,51","4,116,188,243,169",2:231:2|2:232:2|2:294:2
ckpt_4100.pt,2,789,0.5193440318107605,0.09083878993988037,0.42269760370254517,"179,116,162,159,115","38,150,4,148,58",2:95:2|2:375:2|2:430:2
ckpt_4100.pt,2,790,0.47971397638320923,0.08404061943292618,0.3607555627822876,"128,84,48,52,42","247,197,90,67,39",2:537:2|2:791:2|2:797:2
ckpt_4100.pt,2,791,0.5392634272575378,0.09893450140953064,0.4357736110687256,"249,48,128,194,207","215,4,23,54,227",2:502:2|2:761:2|2:790:2
ckpt_4100.pt,2,792,0.5067464113235474,0.09111350029706955,0.4150688946247101,"129,138,154,216,3","66,153,145,107,190",2:209:2|2:225:2|2:258:2
ckpt_4100.pt,2,793,0.4918045103549957,0.08066660910844803,0.3968810439109802,"195,112,71,161,181","156,196,158,242,29",2:252:2|2:341:2|2:692:2
ckpt_4100.pt,2,794,0.49126794934272766,0.10261303186416626,0.4257872700691223,"241,162,55,40,54","197,175,54,206,85",2:90:2|2:114:2|2:666:2
ckpt_4100.pt,2,795,0.4925896227359772,0.0906868726015091,0.41049566864967346,"215,240,56,6,165","157,117,237,60,32",2:411:2|2:9:1|2:32:1
ckpt_4100.pt,2,796,0.5455735325813293,0.09294471889734268,0.44857168197631836,"194,36,239,227,174","236,79,167,205,180",2:247:2|2:318:2|2:478:2
ckpt_4100.pt,2,797,0.5087465047836304,0.124916210770607,0.43200963735580444,"48,184,42,243,182","197,244,12,239,19",2:54:2|2:145:2|2:568:2
ckpt_4100.pt,2,798,0.4668249785900116,0.08429683744907379,0.41024214029312134,"242,216,59,187,147","248,167,215,160,46",2:276:2|2:338:2|2:936:2
ckpt_4100.pt,2,799,0.4601402282714844,0.08715914189815521,0.3836744427680969,"209,247,179,194,82","10,91,160,204,243",2:3:3|2:131:2|2:488:2
ckpt_4100.pt,2,800,0.513617992401123,0.10194476693868637,0.41525477170944214,"26,162,145,47,188","205,120,62,249,127",2:522:2|2:671:2|2:2:1
ckpt_4100.pt,2,801,0.4970880150794983,0.09888816624879837,0.39979127049446106,"15,116,74,248,221","169,142,127,32,143",2:91:2|2:644:2|2:904:2
ckpt_4100.pt,2,802,0.5181166529655457,0.1076192557811737,0.4263770282268524,"224,129,189,251,19","171,141,165,5,157",2:378:2|2:759:2|2:989:2
ckpt_4100.pt,2,803,0.5230250954627991,0.11692988872528076,0.43679365515708923,"50,99,9,225,15","122,84,102,55,132",2:402:2|2:413:2|2:907:2
ckpt_4100.pt,2,804,0.5159067511558533,0.09279534965753555,0.41999807953834534,"229,91,221,198,233","24,128,11,33,68",2:742:2|2:0:1|2:1:1
ckpt_4100.pt,2,805,0.4623080790042877,0.09851112216711044,0.37777745723724365,"66,68,170,80,201","244,27,187,211,203",2:243:2|2:640:2|2:5:1
ckpt_4100.pt,2,806,0.4702202081680298,0.10001777112483978,0.4215943217277527,"94,138,132,46,76","121,104,199,95,9",2:561:2|2:17:1|2:18:1
ckpt_4100.pt,2,807,0.4645131528377533,0.10189574211835861,0.40224215388298035,"160,202,247,236,212","254,134,188,115,95",2:14:2|2:53:2|2:133:2
ckpt_4100.pt,2,808,0.5600892901420593,0.10843075811862946,0.424490362405777,"134,79,49,19,84","209,208,248,45,217",2:272:3|2:109:2|2:182:2
ckpt_4100.pt,2,809,0.4674851596355438,0.10508405417203903,0.37359264492988586,"180,50,173,248,127","79,214,249,109,51",2:68:2|2:468:2|2:712:2
ckpt_4100.pt,2,810,0.48269402980804443,0.07448799908161163,0.4032903015613556,"96,243,223,110,83","27,31,139,45,90",2:21:2|2:153:2|2:196:2
ckpt_4100.pt,2,811,0.4520535469055176,0.08467744290828705,0.39843207597732544,"118,75,36,105,168","204,224,154,72,91",2:335:2|2:349:2|2:482:2
ckpt_4100.pt,2,812,0.48874562978744507,0.08902992308139801,0.389142245054245,"56,143,26,55,117","204,139,77,182,27",2:9:2|2:465:2|2:658:2
ckpt_4100.pt,2,813,0.5151160955429077,0.0893683135509491,0.4597114026546478,"126,228,141,118,38","94,128,248,175,24",2:469:2|2:2:1|2:4:1
ckpt_4100.pt,2,814,0.42175355553627014,0.0912453755736351,0.37201911211013794,"75,72,226,42,132","124,122,141,91,93",2:132:2|2:566:2|2:572:2
ckpt_4100.pt,2,815,0.5311850309371948,0.10292945802211761,0.43622779846191406,"23,187,122,215,86","20,178,114,85,188",2:77:2|2:230:2|2:451:2
ckpt_4100.pt,2,816,0.4908498525619507,0.09692782163619995,0.42918461561203003,"186,32,47,58,130","119,29,53,62,139",2:314:2|2:483:2|2:817:2
ckpt_4100.pt,2,817,0.47865813970565796,0.09884832799434662,0.43341490626335144,"243,130,58,4,36","169,53,24,50,189",2:525:2|2:816:2|2:940:2
ckpt_4100.pt,2,818,0.5074012279510498,0.0920940563082695,0.42833611369132996,"73,154,47,92,144","177,120,216,65,224",2:427:2|2:891:2|2:20:1
ckpt_4100.pt,2,819,0.5061464309692383,0.11295677721500397,0.4304625391960144,"17,142,39,90,186","251,86,162,210,214",2:245:2|2:266:2|2:387:2
ckpt_4100.pt,2,820,0.4482990503311157,0.08809198439121246,0.3568243384361267,"25,213,224,178,21","106,31,11,85,57",2:616:2|2:19:1|2:57:1
ckpt_4100.pt,2,821,0.4475318193435669,0.08148783445358276,0.37769439816474915,"106,200,3,92,177","185,184,186,99,6",2:241:2|2:427:2|2:867:2
ckpt_4100.pt,2,822,0.5855304598808289,0.11329279094934464,0.45551323890686035,"26,30,216,174,4","14,97,189,240,175",2:52:2|2:831:2|2:835:2
ckpt_4100.pt,2,823,0.4631020426750183,0.09101835638284683,0.406383752822876,"142,69,80,8,126","44,57,40,25,226",2:32:2|2:6:1|2:7:1
ckpt_4100.pt,2,824,0.43968936800956726,0.0934344008564949,0.39581963419914246,"127,46,8,210,156","41,230,46,59,237",2:2:1|2:4:1|2:8:1
ckpt_4100.pt,2,825,0.5105428099632263,0.1054251566529274,0.420457124710083,"96,36,79,75,43","62,169,34,19,156",2:272:2|2:495:2|2:566:2
ckpt_4100.pt,2,826,0.4967615604400635,0.08385838568210602,0.47012341022491455,"54,104,118,24,203","222,96,39,171,117",2:163:2|2:535:2|2:10:1
ckpt_4100.pt,2,827,0.5294219255447388,0.11725699156522751,0.437667578458786,"245,177,48,63,159","137,27,36,72,173",2:212:2|2:216:2|2:406:2
ckpt_4100.pt,2,828,0.46294355392456055,0.08400140702724457,0.4053913652896881,"142,230,183,35,22","80,100,180,109,153",2:185:2|2:291:2|2:893:2
ckpt_4100.pt,2,829,0.44236764311790466,0.10497526079416275,0.35959237813949585,"59,229,61,174,52","188,92,38,226,1",2:11:2|2:65:2|2:158:2
ckpt_4100.pt,2,830,0.47729921340942383,0.09888322651386261,0.40814387798309326,"137,132,64,189,71","13,173,191,200,65",2:71:2|2:132:2|2:429:2
ckpt_4100.pt,2,831,0.4687664210796356,0.08590413630008698,0.4163234829902649,"154,4,99,109,26","201,245,115,133,234",2:201:2|2:234:2|2:237:2
ckpt_4100.pt,2,832,0.5012609362602234,0.08429206907749176,0.4191838204860687,"189,218,43,203,171","84,194,235,206,95",2:444:2|2:26:1|2:34:1
ckpt_4100.pt,2,833,0.5632885098457336,0.099161796271801,0.45083099603652954,"154,141,244,23,142","209,195,67,231,93",2:63:2|2:471:2|2:1008:2
ckpt_4100.pt,2,834,0.49930042028427124,0.09429396688938141,0.4329133629798889,"51,175,227,159,206","44,204,153,155,111",2:93:2|2:479:2|2:912:2
ckpt_4100.pt,2,835,0.5239340662956238,0.09652872383594513,0.41974136233329773,"4,216,245,125,159","52,205,173,1,170",2:249:2|2:295:2|2:325:2
ckpt_4100.pt,2,836,0.5215905904769897,0.12680713832378387,0.4381769597530365,"179,1,176,123,227","179,177,125,216,110",2:694:2|2:3:1|2:23:1
ckpt_4100.pt,2,837,0.4466482102870941,0.08600576967000961,0.3943999707698822,"66,220,109,162,236","36,58,239,68,237",2:157:2|2:852:2|2:5:1
ckpt_4100.pt,2,838,0.4658311903476715,0.08085598051548004,0.41279295086860657,"45,205,157,166,119","171,67,109,196,200",2:250:2|2:618:2|2:778:2
ckpt_4100.pt,2,839,0.5160127878189087,0.10824328660964966,0.41777727007865906,"4,185,206,79,216","43,252,74,60,53",2:217:2|2:822:2|2:835:2
ckpt_4100.pt,2,840,0.547256588935852,0.10984041541814804,0.41507482528686523,"241,73,173,161,200","240,86,190,68,177",2:41:2|2:294:2|2:703:2
ckpt_4100.pt,2,841,0.4303041994571686,0.07051724195480347,0.3811543881893158,"15,124,254,196,82","171,244,149,242,98",2:183:2|2:232:2|2:315:2
ckpt_4100.pt,2,842,0.4635697603225708,0.07659003883600235,0.42165306210517883,"45,72,236,227,131","163,117,199,140,76",2:53:2|2:188:2|2:218:2
ckpt_4100.pt,2,843,0.4835473299026489,0.08171208947896957,0.45440593361854553,"184,115,150,176,11","231,39,111,183,74",2:277:2|2:444:2|2:962:2
ckpt_4100.pt,2,844,0.48649996519088745,0.08622466772794724,0.36718758940696716,"94,103,109,222,152","252,43,18,61,124",2:171:2|2:720:2|2:3:1
ckpt_4100.pt,2,845,0.47874659299850464,0.08402419090270996,0.3671140670776367,"182,127,163,64,114","134,84,40,54,17",2:70:2|2:269:2|2:2:1
ckpt_4100.pt,2,846,0.4666767418384552,0.07914549857378006,0.3896287679672241,"213,116,4,252,52","107,150,136,223,74",2:88:2|2:121:2|2:331:2
ckpt_4100.pt,2,847,0.4519544839859009,0.09147243946790695,0.3977975845336914,"24,39,124,150,177","3,72,211,62,113",2:198:2|2:266:2|2:519:2
ckpt_4100.pt,2,848,0.44795599579811096,0.08147040009498596,0.41228020191192627,"105,55,215,151,233","62,22,86,196,47",2:1015:2|2:5:1|2:9:1
ckpt_4100.pt,2,849,0.4882001280784607,0.12632790207862854,0.4181280732154846,"99,255,245,14,18","50,29,143,87,59",2:104:2|2:274:2|2:908:2
ckpt_4100.pt,2,850,0.4918040335178375,0.11017482727766037,0.4077117443084717,"207,130,39,35,110","31,216,33,57,154",2:16:2|2:81:2|2:376:2
ckpt_4100.pt,2,851,0.4629296362400055,0.08457615226507187,0.38588467240333557,"245,44,176,16,246","107,225,142,51,151",2:111:2|2:137:2|2:140:2
ckpt_4100.pt,2,852,0.5272078514099121,0.09737835824489594,0.4400850236415863,"78,162,66,139,144","185,21,158,248,1",2:71:2|2:168:2|2:279:2
ckpt_4100.pt,2,853,0.5038702487945557,0.09055250883102417,0.4020155966281891,"27,181,57,98,117","27,242,113,223,68",2:151:2|2:261:2|2:409:2
ckpt_4100.pt,2,854,0.4479523301124573,0.08676163107156754,0.3740994334220886,"41,109,16,175,144","20,80,146,224,191",2:710:2|2:5:1|2:20:1
ckpt_4100.pt,2,855,0.5252264142036438,0.11288383603096008,0.4178559184074402,"139,100,56,223,108","112,4,66,144,141",2:421:2|2:577:2|2:939:2
ckpt_4100.pt,2,856,0.550152599811554,0.10004144161939621,0.45934540033340454,"204,207,86,198,245","2,129,123,245,1",2:140:2|2:583:2|2:984:2
ckpt_4100.pt,2,857,0.5184281468391418,0.1459464728832245,0.41137105226516724,"84,126,160,2,203","50,127,2,220,194",2:163:2|2:501:2|2:734:2
ckpt_4100.pt,2,858,0.48315954208374023,0.09866023808717728,0.43276211619377136,"228,20,224,179,99","8,116,30,180,106",2:219:2|2:238:2|2:504:2
ckpt_4100.pt,2,859,0.47068583965301514,0.08248409628868103,0.41388165950775146,"178,118,244,149,78","251,150,79,249,213",2:227:2|2:419:2|2:510:2
ckpt_4100.pt,2,860,0.48572343587875366,0.08655888587236404,0.41103431582450867,"54,1,86,205,31","36,153,100,248,243",2:200:2|2:605:2|2:778:2
ckpt_4100.pt,2,861,0.46500471234321594,0.09927677363157272,0.4087388813495636,"177,241,70,255,97","187,140,234,29,106",2:231:2|2:486:2|2:1019:2
ckpt_4100.pt,2,862,0.5322089195251465,0.10055767744779587,0.42498350143432617,"147,153,20,39,217","67,30,232,101,102",2:977:2|2:16:1|2:31:1
ckpt_4100.pt,2,863,0.48582717776298523,0.1055380254983902,0.41968995332717896,"196,28,125,131,56","104,136,177,244,41",2:593:2|2:648:2|2:6:1
ckpt_4100.pt,2,864,0.5111135244369507,0.08177562057971954,0.4048592448234558,"115,112,30,108,134","8,246,193,238,91",2:389:2|2:589:2|2:897:2
ckpt_4100.pt,2,865,0.5870178937911987,0.1038331463932991,0.49722641706466675,"180,79,30,111,154","172,33,245,184,38",2:46:2|2:513:2|2:563:2
ckpt_4100.pt,2,866,0.5164737701416016,0.07811952382326126,0.41104090213775635,"62,167,223,90,69","183,250,32,230,145",2:8:2|2:697:2|2:922:2
ckpt_4100.pt,2,867,0.5522829294204712,0.09846188873052597,0.4644009470939636,"86,179,14,177,3","49,54,222,144,186",2:419:2|2:821:2|2:0:1
ckpt_4100.pt,2,868,0.47368186712265015,0.09244410693645477,0.422676146030426,"131,127,49,100,157","125,11,63,191,138",2:414:2|2:581:2|2:1:1
ckpt_4100.pt,2,869,0.5316413044929504,0.09374180436134338,0.462179034948349,"221,157,152,17,153","216,4,172,62,203",2:22:1|2:27:1|2:34:1
ckpt_4100.pt,2,870,0.5009750127792358,0.105197973549366,0.41938045620918274,"110,183,62,75,118","218,136,14,62,249",2:42:2|2:603:2|2:669:2
ckpt_4100.pt,2,871,0.5304182171821594,0.10130546987056732,0.4190617799758911,"59,133,226,196,9","20,38,66,63,116",2:17:2|2:50:2|2:273:2
ckpt_4100.pt,2,872,0.5203033685684204,0.10086514800786972,0.43270644545555115,"36,31,64,186,92","9,254,247,51,191",2:246:3|2:525:3|2:242:2
ckpt_4100.pt,2,873,0.5046807527542114,0.11891953647136688,0.43300727009773254,"131,72,225,200,222","238,10,208,255,152",2:53:2|2:135:2|2:209:2
ckpt_4100.pt,2,874,0.4841138422489166,0.10155513137578964,0.41710469126701355,"8,59,134,19,63","211,162,249,104,255",2:170:2|2:182:2|2:378:2
ckpt_4100.pt,2,875,0.45996105670928955,0.09578151255846024,0.39937204122543335,"219,153,159,210,105","188,234,118,54,213",2:127:2|2:980:2|2:2:1
ckpt_4100.pt,2,876,0.48784616589546204,0.09606841206550598,0.432022362947464,"146,119,200,222,204","200,225,168,241,104",2:96:2|2:873:2|2:1002:2
ckpt_4100.pt,2,877,0.47857141494750977,0.0983826145529747,0.41301265358924866,"180,26,96,64,13","30,203,61,186,198",2:934:2|2:2:1|2:13:1
ckpt_4100.pt,2,878,0.5243459343910217,0.10349006950855255,0.41853559017181396,"158,36,219,27,2","69,109,83,198,122",2:60:2|2:160:2|2:734:2
ckpt_4100.pt,2,879,0.5312309265136719,0.11864156275987625,0.42682111263275146,"79,182,38,183,89","64,177,7,31,139",2:708:2|2:14:1|2:37:1
ckpt_4100.pt,2,880,0.42722368240356445,0.07333618402481079,0.35392212867736816,"143,229,179,191,157","230,163,215,71,191",2:384:2|2:488:2|2:651:2
ckpt_4100.pt,2,881,0.49334463477134705,0.08471108973026276,0.41091373562812805,"245,41,148,39,67","248,161,174,177,198",2:116:2|2:245:2|2:337:2
ckpt_4100.pt,2,882,0.4681459367275238,0.1086755096912384,0.39118748903274536,"48,181,53,161,149","157,249,247,255,46",2:500:2|2:691:2|2:733:2
ckpt_4100.pt,2,883,0.48760128021240234,0.08922415971755981,0.40140900015830994,"99,214,188,121,137","66,186,217,162,50",2:298:2|2:22:1|2:26:1
ckpt_4100.pt,2,884,0.46987372636795044,0.08696574717760086,0.39986130595207214,"217,168,161,75,17","224,164,249,97,57",2:55:2|2:197:2|2:289:2
ckpt_4100.pt,2,885,0.5643615126609802,0.09861740469932556,0.43445661664009094,"54,74,65,226,110","222,225,99,227,135",2:399:2|2:432:2|2:637:2
ckpt_4100.pt,2,886,0.48294904828071594,0.12310943007469177,0.3946917951107025,"180,167,213,104,255","54,217,4,117,53",2:468:2|2:585:2|2:641:2
ckpt_4100.pt,2,887,0.48017796874046326,0.07930385321378708,0.42948272824287415,"101,142,133,204,43","138,131,116,114,98",2:901:2|2:10:1|2:17:1
ckpt_4100.pt,2,888,0.49237051606178284,0.10015799105167389,0.4268428087234497,"152,115,28,242,179","233,248,63,187,119",2:338:2|2:430:2|2:470:2
ckpt_4100.pt,2,889,0.5383805632591248,0.09976675361394882,0.4378652572631836,"176,222,19,96,239","143,16,179,56,87",2:490:2|2:938:2|2:0:1
ckpt_4100.pt,2,890,0.46212899684906006,0.08343037962913513,0.3789522051811218,"31,68,198,111,144","39,183,202,216,180",2:168:2|2:393:2|2:542:2
ckpt_4100.pt,2,891,0.4588416814804077,0.08759254217147827,0.40025845170021057,"47,144,22,18,152","138,126,28,117,119",2:279:2|2:314:2|2:818:2
ckpt_4100.pt,2,892,0.47290247678756714,0.08548285067081451,0.4017582833766937,"204,195,78,42,76","245,121,203,38,254",2:405:2|2:756:2|2:2:1
ckpt_4100.pt,2,893,0.47270292043685913,0.08837508410215378,0.39754194021224976,"231,22,179,117,183","200,63,64,9,78",2:828:2|2:963:2|2:3:1
ckpt_4100.pt,2,894,0.47932150959968567,0.08539669960737228,0.4236205816268921,"143,124,54,139,15","44,159,115,170,67",2:186:2|2:348:2|2:841:2
ckpt_4100.pt,2,895,0.5040597319602966,0.09102386981248856,0.41521498560905457,"1,150,70,240,152","81,31,211,62,218",2:605:2|2:698:2|2:22:1
ckpt_4100.pt,2,896,0.4883858561515808,0.10066752135753632,0.4224012494087219,"196,4,18,83,208","189,19,194,50,20",2:281:2|2:340:2|2:541:2
ckpt_4100.pt,2,897,0.5565447211265564,0.10732342302799225,0.44395679235458374,"134,111,164,173,112","63,44,21,123,248",2:99:2|2:114:2|2:191:2
ckpt_4100.pt,2,898,0.49882879853248596,0.10428720712661743,0.39619240164756775,"137,246,79,125,174","87,195,196,127,255",2:280:3|2:10:1|2:51:1
ckpt_4100.pt,2,899,0.5201197862625122,0.09735124558210373,0.41246041655540466,"31,215,207,100,52","137,156,80,34,40",2:88:2|2:199:2|2:288:2
ckpt_4100.pt,2,900,0.5098181962966919,0.10428787767887115,0.41440078616142273,"131,48,165,246,37","249,208,73,69,23",2:150:2|2:368:2|2:6:1
ckpt_4100.pt,2,901,0.5107989311218262,0.0912850946187973,0.45848843455314636,"92,142,168,43,123","73,72,180,111,121",2:125:2|2:887:2|2:10:1
ckpt_4100.pt,2,902,0.43797096610069275,0.10867177695035934,0.3606502413749695,"71,218,233,180,239","19,194,242,54,183",2:255:2|2:365:2|2:0:1
ckpt_4100.pt,2,903,0.5057855844497681,0.09981880336999893,0.4209848642349243,"144,180,191,252,48","236,19,243,197,171",2:150:2|2:366:2|2:526:2
ckpt_4100.pt,2,904,0.5422196984291077,0.11231226474046707,0.4526391625404358,"211,188,248,201,221","221,205,3,198,140",2:248:2|2:576:2|2:671:2
ckpt_4100.pt,2,905,0.4911981225013733,0.10172119736671448,0.3783669173717499,"165,61,186,60,192","58,166,87,36,48",2:368:2|2:628:2|2:11:1
ckpt_4100.pt,2,906,0.4759461283683777,0.11557301133871078,0.40871158242225647,"55,195,44,107,180","74,44,164,31,34",2:111:2|2:9:1|2:12:1
ckpt_4100.pt,2,907,0.5233718752861023,0.09740433841943741,0.439480721950531,"176,50,99,223,181","133,175,42,57,229",2:82:2|2:182:2|2:202:2
ckpt_4100.pt,2,908,0.47786208987236023,0.09096734970808029,0.4024801552295685,"99,14,206,241,61","58,182,143,197,11",2:104:2|2:219:2|2:363:2
ckpt_4100.pt,2,909,0.4817553460597992,0.08898895233869553,0.4133278727531433,"126,103,72,41,75","205,162,144,243,188",2:814:2|2:3:1|2:6:1
ckpt_4100.pt,2,910,0.49650025367736816,0.08630150556564331,0.39306241273880005,"28,141,46,15,14","66,107,108,149,249",2:689:2|2:18:1|2:20:1
ckpt_4100.pt,2,911,0.4890610873699188,0.10582773387432098,0.39785709977149963,"235,80,25,121,179","210,103,38,174,73",2:84:2|2:651:2|2:1021:2
ckpt_4100.pt,2,912,0.4960121214389801,0.07763843983411789,0.4380582273006439,"49,206,115,45,175","181,112,101,76,4",2:834:2|2:1:1|2:35:1
ckpt_4100.pt,2,913,0.45243197679519653,0.08720546215772629,0.39542558789253235,"239,12,53,80,93","61,38,28,195,228",2:10:2|2:33:2|2:208:2
ckpt_4100.pt,2,914,0.48364946246147156,0.08498526364564896,0.39292195439338684,"33,163,158,15,86","110,42,203,233,217",2:60:2|2:514:2|2:607:2
ckpt_4100.pt,2,915,0.51800137758255,0.08601479977369308,0.4218488037586212,"254,97,144,79,220","85,41,201,180,175",2:458:3|2:232:2|2:296:2
ckpt_4100.pt,2,916,0.46780890226364136,0.10044402629137039,0.37303510308265686,"191,23,163,166,203","90,166,6,101,72",2:17:2|2:212:2|2:384:2
ckpt_4100.pt,2,917,0.47521960735321045,0.0811920166015625,0.4085225462913513,"28,251,230,210,50","63,67,40,127,8",2:621:2|2:18:1|2:19:1
ckpt_4100.pt,2,918,0.5575591325759888,0.12785153090953827,0.48710694909095764,"35,253,244,196,91","233,231,99,21,224",2:0:1|2:6:1|2:17:1
ckpt_4100.pt,2,919,0.5751705765724182,0.1235465407371521,0.48184821009635925,"188,168,184,239,27","178,217,240,255,131",2:503:2|2:664:2|2:987:2
ckpt_4100.pt,2,920,0.4986029267311096,0.09708457440137863,0.37750282883644104,"89,132,97,108,246","73,156,239,117,123",2:423:2|2:10:1|2:28:1
ckpt_4100.pt,2,921,0.4697774648666382,0.09138461202383041,0.3801862895488739,"6,27,102,227,251","99,136,59,18,197",2:513:2|2:723:2|2:731:2
ckpt_4100.pt,2,922,0.5234952569007874,0.08935988694429398,0.40236037969589233,"4,167,144,160,90","37,173,69,214,24",2:204:2|2:866:2|2:8:1
ckpt_4100.pt,2,923,0.4429204761981964,0.07511568814516068,0.39014869928359985,"113,153,231,38,33","68,160,79,168,145",2:990:2|2:1003:2|2:24:1
ckpt_4100.pt,2,924,0.5134811401367188,0.10221963375806808,0.44415295124053955,"54,13,229,138,41","163,125,104,29,19",2:556:2|2:780:2|2:10:1
ckpt_4100.pt,2,925,0.496616005897522,0.09442110359668732,0.3993350565433502,"68,203,19,36,75","19,23,47,0,113",2:19:2|2:272:2|2:566:2
ckpt_4100.pt,2,926,0.47680771350860596,0.07816847413778305,0.4038972854614258,"12,120,79,254,249","177,180,130,169,171",2:149:2|2:176:2|2:458:2
ckpt_4100.pt,2,927,0.5190111398696899,0.10634160041809082,0.4144120216369629,"63,1,163,91,82","78,252,81,134,9",2:169:2|2:212:2|2:380:2
ckpt_4100.pt,2,928,0.5449830889701843,0.09535349905490875,0.43191471695899963,"19,17,98,149,175","51,197,13,44,199",2:77:2|2:664:2|2:677:2
ckpt_4100.pt,2,929,0.5601615905761719,0.09000945836305618,0.45651447772979736,"7,33,148,23,57","4,9,179,198,230",2:400:2|2:686:2|2:1008:2
ckpt_4100.pt,2,930,0.4870564639568329,0.1000441238284111,0.37866055965423584,"167,195,211,240,242","214,55,59,231,238",2:173:2|2:730:2|2:9:1
ckpt_4100.pt,2,931,0.4913800358772278,0.10451148450374603,0.4186207056045532,"9,89,1,63,171","62,143,172,128,227",2:50:2|2:110:2|2:164:2
ckpt_4100.pt,2,932,0.5192515850067139,0.08205515891313553,0.435586541891098,"216,42,117,82,123","187,191,239,235,16",2:286:2|2:488:2|2:749:2
ckpt_4100.pt,2,933,0.5131707787513733,0.09954258054494858,0.44685137271881104,"231,61,70,246,64","124,49,131,218,89",2:65:2|2:227:2|2:786:2
ckpt_4100.pt,2,934,0.5032585263252258,0.10696028918027878,0.4302891194820404,"180,26,108,252,124","144,202,223,68,159",2:47:2|2:311:2|2:408:2
ckpt_4100.pt,2,935,0.5215965509414673,0.09956969320774078,0.41975587606430054,"122,18,245,154,87","7,121,79,85,189",2:184:2|2:242:2|2:423:2
ckpt_4100.pt,2,936,0.5505046844482422,0.09845992177724838,0.4355444312095642,"216,133,233,147,47","79,129,23,46,231",2:138:2|2:798:2|2:15:1
ckpt_4100.pt,2,937,0.5294378995895386,0.10681720077991486,0.4393214285373688,"181,112,129,15,142","243,128,75,163,208",2:252:2|2:468:2|2:523:2
ckpt_4100.pt,2,938,0.5006495714187622,0.08595690876245499,0.412239134311676,"182,239,133,19,24","220,105,254,141,239",2:14:2|2:50:2|2:256:2
ckpt_4100.pt,2,939,0.49238669872283936,0.08753760159015656,0.4412701427936554,"213,220,108,56,186","91,145,200,133,135",2:130:2|2:855:2|2:9:1
ckpt_4100.pt,2,940,0.5385267734527588,0.10596589744091034,0.4207479953765869,"4,86,233,187,243","130,203,147,92,140",2:93:2|2:143:2|2:365:2
ckpt_4100.pt,2,941,0.4746726453304291,0.0859101414680481,0.402744323015213,"229,182,126,248,223","213,139,150,92,55",2:14:2|2:247:2|2:534:2
ckpt_4100.pt,2,942,0.4550008475780487,0.09060448408126831,0.3875555694103241,"167,24,128,254,68","214,126,22,28,103",2:152:2|2:381:2|2:4:1
ckpt_4100.pt,2,943,0.5147517323493958,0.08481176942586899,0.4305274486541748,"33,197,142,251,177","155,212,106,161,151",2:29:2|2:139:2|2:0:1
ckpt_4100.pt,2,944,0.48527559638023376,0.08377467840909958,0.4181715250015259,"216,111,232,191,40","68,81,112,49,30",2:38:2|2:334:2|2:17:1
ckpt_4100.pt,2,945,0.48667365312576294,0.09180392324924469,0.41136980056762695,"67,139,65,250,119","142,120,225,253,97",2:56:2|2:557:2|2:13:1
ckpt_4100.pt,2,946,0.4903718829154968,0.10744959861040115,0.40221983194351196,"93,17,180,197,168","245,99,18,182,0",2:211:2|2:884:2|2:12:1
ckpt_4100.pt,2,947,0.4974132776260376,0.09391874074935913,0.3973693251609802,"73,45,14,102,216","97,149,134,89,164",2:128:2|2:598:2|2:992:2
ckpt_4100.pt,2,948,0.5772493481636047,0.10641998052597046,0.4358100891113281,"74,244,175,223,119","205,198,244,90,188",2:61:2|2:3:1|2:6:1
ckpt_4100.pt,2,949,0.49322524666786194,0.12241510301828384,0.38881394267082214,"48,115,107,255,39","59,22,128,245,20",2:115:2|2:297:2|2:717:2
ckpt_4100.pt,2,950,0.5640369057655334,0.10817113518714905,0.45217546820640564,"110,3,55,120,27","52,205,86,113,80",2:69:2|2:135:2|2:409:2
ckpt_4100.pt,2,951,0.44249001145362854,0.07116992026567459,0.4167153537273407,"143,223,163,135,230","182,51,139,230,254",2:269:2|2:579:2|2:3:1
ckpt_4100.pt,2,952,0.4856116473674774,0.09285363554954529,0.40398815274238586,"51,96,199,171,172","250,48,96,80,100",2:505:2|2:536:2|2:752:2
ckpt_4100.pt,2,953,0.44063514471054077,0.08207085728645325,0.39888033270835876,"113,108,161,209,187","4,234,43,71,130",2:131:2|2:3:1|2:28:1
ckpt_4100.pt,2,954,0.5771335363388062,0.11941033601760864,0.4595976173877716,"200,138,37,139,143","213,41,191,56,233",2:427:2|2:894:2|2:21:1
ckpt_4100.pt,2,955,0.5708712339401245,0.11886782944202423,0.4667900502681732,"222,144,57,99,8","150,0,234,117,193",2:168:2|2:329:2|2:576:2
ckpt_4100.pt,2,956,0.4818669557571411,0.09210380911827087,0.399574875831604,"239,227,0,72,229","173,250,88,164,225",2:188:2|2:247:2|2:478:2
ckpt_4100.pt,2,957,0.4533615708351135,0.07630105316638947,0.3762206435203552,"35,201,33,217,210","110,15,52,174,73",2:470:2|2:11:1|2:31:1
ckpt_4100.pt,2,958,0.47019606828689575,0.08309657871723175,0.3741108179092407,"87,163,188,190,22","138,224,67,20,34",2:26:2|2:302:2|2:786:2
ckpt_4100.pt,2,959,0.4515189230442047,0.06756933778524399,0.386164128780365,"67,240,79,134,80","80,247,43,189,132",2:370:2|2:458:2|2:698:2
ckpt_4100.pt,2,960,0.4772430658340454,0.08221223205327988,0.3969234526157379,"28,214,236,78,194","202,170,179,254,89",2:195:2|2:235:2|2:591:2
ckpt_4100.pt,2,961,0.5001883506774902,0.10495226830244064,0.4047822058200836,"182,133,9,107,45","50,35,80,112,131",2:50:2|2:297:2|2:534:2
ckpt_4100.pt,2,962,0.5454831719398499,0.11915720999240875,0.4785466492176056,"40,125,115,10,184","135,87,101,128,46",2:444:2|2:460:2|2:681:2
ckpt_4100.pt,2,963,0.41882210969924927,0.07981297373771667,0.37284815311431885,"212,22,97,231,208","87,250,184,230,159",2:205:2|2:893:2|2:24:1
ckpt_4100.pt,2,964,0.46277865767478943,0.08628096431493759,0.3739648759365082,"124,243,56,106,197","137,154,196,135,146",2:9:2|2:412:2|2:974:2
ckpt_4100.pt,2,965,0.42264270782470703,0.08686880022287369,0.38546472787857056,"37,43,100,70,99","137,239,89,86,145",2:66:2|2:94:2|2:234:2
ckpt_4100.pt,2,966,0.5905182361602783,0.09633991867303848,0.47586265206336975,"160,36,191,199,163","47,238,211,126,113",2:675:2|2:784:2|2:916:2
ckpt_4100.pt,2,967,0.4830695688724518,0.09335044771432877,0.41721728444099426,"75,59,130,31,55","49,108,16,20,0",2:352:2|2:0:1|2:4:1
ckpt_4100.pt,2,968,0.41807907819747925,0.06550678610801697,0.35580241680145264,"216,99,22,34,25","144,66,244,11,171",2:178:2|2:347:2|2:19:1
ckpt_4100.pt,2,969,0.4912547767162323,0.08623150736093521,0.43761101365089417,"27,0,70,243,125","111,93,70,33,184",2:715:3|2:460:2|2:648:2
ckpt_4100.pt,2,970,0.46680736541748047,0.07896691560745239,0.4078707695007324,"46,118,192,12,248","220,161,95,1,45",2:1:1|2:10:1|2:18:1
ckpt_4100.pt,2,971,0.47757071256637573,0.08386079967021942,0.3845820426940918,"209,41,158,80,63","193,71,80,255,79",2:60:2|2:208:2|2:3:1
ckpt_4100.pt,2,972,0.5562987923622131,0.09478297829627991,0.45713287591934204,"219,206,182,19,9","79,27,179,147,232",2:50:2|2:259:2|2:534:2
ckpt_4100.pt,2,973,0.42679980397224426,0.09814924746751785,0.3565135598182678,"61,170,46,147,219","152,44,220,229,185",2:11:1|2:18:1|2:20:1
ckpt_4100.pt,2,974,0.47354257106781006,0.0816541314125061,0.3979262709617615,"158,197,67,243,82","148,32,215,67,185",2:18:2|2:350:2|2:467:2
ckpt_4100.pt,2,975,0.4848986566066742,0.0964004322886467,0.4320822060108185,"13,30,196,45,39","47,196,207,191,161",2:707:2|2:13:1|2:16:1
ckpt_4100.pt,2,976,0.46731528639793396,0.09177440404891968,0.40906766057014465,"133,102,139,80,207","66,122,149,59,162",2:630:2|2:6:1|2:16:1
ckpt_4100.pt,2,977,0.5076906085014343,0.11423493921756744,0.3868979513645172,"217,20,165,124,64","27,57,119,9,216",2:118:2|2:655:2|2:862:2
ckpt_4100.pt,2,978,0.4937482178211212,0.09073888510465622,0.4338380992412567,"139,2,216,59,93","230,171,243,17,159",2:52:2|2:113:2|2:163:2
ckpt_4100.pt,2,979,0.5925629734992981,0.11308954656124115,0.4819973409175873,"105,17,51,220,238","102,246,77,49,19",2:40:2|2:296:2|2:661:2
ckpt_4100.pt,2,980,0.5240653157234192,0.09848359227180481,0.442737877368927,"105,154,153,173,181","126,47,71,79,148",2:875:2|2:16:1|2:46:1
ckpt_4100.pt,2,981,0.49177753925323486,0.09613443166017532,0.4120945930480957,"247,228,154,241,170","54,98,73,156,25",2:83:2|2:405:2|2:704:2
ckpt_4100.pt,2,982,0.4687734842300415,0.11584585160017014,0.35122188925743103,"46,253,112,123,29","135,74,172,184,136",2:20:2|2:49:2|2:70:2
ckpt_4100.pt,2,983,0.5551828742027283,0.09955959767103195,0.4337017238140106,"207,178,230,194,90","66,252,130,179,122",2:440:2|2:459:2|2:791:2
ckpt_4100.pt,2,984,0.4568137526512146,0.0957256481051445,0.4104675352573395,"184,204,130,207,57","204,186,241,220,167",2:96:2|2:325:2|2:366:2
ckpt_4100.pt,2,985,0.54243004322052,0.08887112885713577,0.44471392035484314,"215,120,220,113,170","150,173,128,166,86",2:69:2|2:92:2|2:149:2
ckpt_4100.pt,2,986,0.46661514043807983,0.09456932544708252,0.37509647011756897,"126,252,208,56,102","112,251,96,231,215",2:9:2|2:319:2|2:501:2
ckpt_4100.pt,2,987,0.5093199610710144,0.09525415301322937,0.4217231869697571,"188,127,52,211,184","9,110,175,154,63",2:269:2|2:351:2|2:396:2
ckpt_4100.pt,2,988,0.5443258881568909,0.12322438508272171,0.4362366497516632,"197,154,46,91,56","217,129,163,172,42",2:117:2|2:964:2|2:0:1
ckpt_4100.pt,2,989,0.4865384101867676,0.09339513629674911,0.3653815984725952,"164,19,244,129,174","39,89,180,236,12",2:490:2|2:759:2|2:802:2
ckpt_4100.pt,2,990,0.4799594283103943,0.09473498165607452,0.40703773498535156,"129,231,33,178,128","91,61,101,214,151",2:923:2|2:4:1|2:5:1
ckpt_4100.pt,2,991,0.4866282641887665,0.08418398350477219,0.40714067220687866,"77,83,173,204,30","198,16,242,227,122",2:62:1|2:76:1|2:88:1
ckpt_4100.pt,2,992,0.5521976351737976,0.0982821136713028,0.408907949924469,"97,14,104,167,73","250,226,247,164,197",2:28:2|2:147:2|2:598:2
ckpt_4100.pt,2,993,0.5908704996109009,0.09772901237010956,0.49168840050697327,"11,92,54,207,252","153,245,186,180,168",2:474:2|2:630:2|2:666:2
ckpt_4100.pt,2,994,0.5381869077682495,0.09725842624902725,0.44725698232650757,"59,187,255,42,169","144,219,22,162,102",2:226:2|2:311:2|2:550:2
ckpt_4100.pt,2,995,0.4726754426956177,0.09156573563814163,0.40846720337867737,"239,197,124,141,153","55,23,214,99,105",2:82:2|2:652:2|2:660:2
ckpt_4100.pt,2,996,0.41044509410858154,0.08173996210098267,0.36947527527809143,"47,136,118,83,183","174,38,248,252,114",2:870:2|2:27:1|2:35:1
ckpt_4100.pt,2,997,0.48422470688819885,0.09622254222631454,0.4158845543861389,"7,61,225,5,110","121,22,138,110,113",2:413:2|2:620:2|2:691:2
ckpt_4100.pt,2,998,0.5541675090789795,0.10395966470241547,0.4211597144603729,"96,42,189,3,102","82,165,182,16,54",2:284:2|2:362:2|2:428:2
ckpt_4100.pt,2,999,0.5223395228385925,0.09449774771928787,0.4304611086845398,"141,115,97,96,129","38,97,224,169,185",2:5:1|2:21:1|2:28:1
ckpt_4100.pt,2,1000,0.47286462783813477,0.09659342467784882,0.4293490946292877,"247,111,33,52,5","33,100,61,168,3",2:191:2|2:433:2|2:613:2
ckpt_4100.pt,2,1001,0.5358150601387024,0.11477629840373993,0.40705394744873047,"43,42,88,172,181","53,97,207,166,116",2:540:2|2:572:2|2:7:1
ckpt_4100.pt,2,1002,0.484038770198822,0.08673149347305298,0.3897079825401306,"146,119,21,189,147","219,154,34,246,40",2:876:2|2:26:1|2:37:1
ckpt_4100.pt,2,1003,0.47069963812828064,0.12059266865253448,0.36942005157470703,"22,38,33,27,66","199,48,210,187,255",2:105:2|2:510:2|2:693:2
ckpt_4100.pt,2,1004,0.502109169960022,0.08924318850040436,0.39961889386177063,"217,195,60,131,234","18,1,99,11,196",2:364:2|2:368:2|2:597:2
ckpt_4100.pt,2,1005,0.409892201423645,0.07706188410520554,0.35110044479370117,"102,100,190,248,171","0,34,58,31,117",2:214:2|2:415:2|2:13:1
ckpt_4100.pt,2,1006,0.5882124304771423,0.12844805419445038,0.49669477343559265,"3,167,45,96,255","142,122,49,221,236",2:173:2|2:236:2|2:254:2
ckpt_4100.pt,2,1007,0.4571245014667511,0.11832335591316223,0.3902466893196106,"207,206,68,181,74","201,69,107,78,237",2:16:2|2:35:2|2:81:2
ckpt_4100.pt,2,1008,0.5544071793556213,0.10647967457771301,0.44818443059921265,"86,57,35,23,142","33,60,128,84,39",2:185:2|2:471:2|2:815:2
ckpt_4100.pt,2,1009,0.5204606652259827,0.11008818447589874,0.40595999360084534,"32,100,168,35,7","244,241,172,43,251",2:301:2|2:400:2|2:579:2
ckpt_4100.pt,2,1010,0.4869627058506012,0.10561776161193848,0.39876845479011536,"95,48,178,46,93","198,131,79,225,158",2:20:2|2:120:2|2:205:2
ckpt_4100.pt,2,1011,0.4257647693157196,0.08725859224796295,0.3780484199523926,"144,227,50,125,155","75,166,82,34,255",2:320:2|2:466:2|2:18:1
ckpt_4100.pt,2,1012,0.4938773810863495,0.08541686087846756,0.38988685607910156,"214,202,194,43,41","20,230,3,156,165",2:339:2|2:960:2|2:26:1
ckpt_4100.pt,2,1013,0.4953002333641052,0.09140118956565857,0.40594202280044556,"196,246,129,75,140","79,88,46,15,90",2:179:2|2:340:2|2:504:2
ckpt_4100.pt,2,1014,0.5021233558654785,0.09718309342861176,0.4046323597431183,"166,137,81,124,172","68,166,162,89,164",2:164:2|2:679:2|2:727:2
ckpt_4100.pt,2,1015,0.4266849756240845,0.06989819556474686,0.37476515769958496,"151,29,105,132,36","108,77,103,113,180",2:811:2|2:848:2|2:5:1
ckpt_4100.pt,2,1016,0.4689845144748688,0.09329710155725479,0.41089925169944763,"59,146,54,187,221","148,190,110,76,128",2:144:2|2:276:2|2:798:2
ckpt_4100.pt,2,1017,0.4759976863861084,0.08215024322271347,0.3879643976688385,"187,206,166,203,137","144,94,49,10,123",2:338:2|2:916:2|2:1014:2
ckpt_4100.pt,2,1018,0.4533731937408447,0.10916480422019958,0.39024195075035095,"57,139,230,152,104","6,98,192,144,154",2:71:2|2:87:2|2:163:2
ckpt_4100.pt,2,1019,0.5249815583229065,0.10100185871124268,0.4318048357963562,"134,62,255,70,6","74,164,212,33,162",2:732:2|2:750:2|2:861:2
ckpt_4100.pt,2,1020,0.4999370276927948,0.12198960781097412,0.42930349707603455,"113,168,240,7,229","127,17,39,73,75",2:301:2|2:452:2|2:698:2
ckpt_4100.pt,2,1021,0.5424287915229797,0.08999395370483398,0.4358980357646942,"121,25,2,181,59","41,245,30,166,45",2:106:2|2:330:2|2:347:2
ckpt_4100.pt,2,1022,0.501194953918457,0.11033649742603302,0.4217279255390167,"152,186,53,214,116","193,141,152,171,51",2:654:2|2:10:1|2:11:1
ckpt_4100.pt,2,1023,0.48550695180892944,0.0913282036781311,0.4021815061569214,"204,248,230,231,253","241,143,168,94,153",2:683:2|2:24:1|2:37:1
ckpt_4100.pt,3,0,0.45932742953300476,0.07693271338939667,0.4012528657913208,"208,212,145,130,110","55,143,73,57,248",3:539:2|3:796:2|3:9:1
ckpt_4100.pt,3,1,0.5586183071136475,0.1215609610080719,0.46005961298942566,"235,204,248,226,86","107,132,236,223,56",3:371:2|3:804:2|3:965:2
ckpt_4100.pt,3,2,0.5201679468154907,0.09725960344076157,0.4126722514629364,"181,117,40,81,80","129,8,225,171,137",3:66:2|3:191:2|3:307:2
ckpt_4100.pt,3,3,0.5354723930358887,0.09891875833272934,0.4492834508419037,"120,210,98,135,114","194,191,160,201,82",3:275:2|3:501:2|3:580:2
ckpt_4100.pt,3,4,0.5550270080566406,0.09656592458486557,0.45479798316955566,"22,216,197,135,205","167,130,98,96,244",3:182:2|3:597:2|3:646:2
ckpt_4100.pt,3,5,0.5409960746765137,0.11613993346691132,0.44962045550346375,"101,248,24,217,241","124,199,32,74,105",3:376:2|3:752:2|3:983:2
ckpt_4100.pt,3,6,0.5512933731079102,0.09256891906261444,0.4879084527492523,"75,233,80,229,23","197,52,235,30,75",3:52:2|3:553:2|3:2:1
ckpt_4100.pt,3,7,0.5247880220413208,0.0988248959183693,0.4554033577442169,"106,95,94,129,47","89,102,52,106,150",3:15:2|3:403:2|3:724:2
ckpt_4100.pt,3,8,0.5210052132606506,0.09730294346809387,0.43786150217056274,"76,227,93,63,2","80,221,203,27,67",3:96:2|3:176:2|3:228:2
ckpt_4100.pt,3,9,0.509046733379364,0.09767615795135498,0.41106802225112915,"142,210,150,208,185","105,213,222,225,156",3:271:2|3:535:2|3:562:2
ckpt_4100.pt,3,10,0.5076504945755005,0.10490734130144119,0.4513308107852936,"88,37,14,122,253","90,215,0,120,27",3:724:2|3:13:1|3:17:1
ckpt_4100.pt,3,11,0.5741909146308899,0.11799445003271103,0.4918871223926544,"147,113,118,119,251","237,118,49,56,48",3:141:3|3:251:2|3:754:2
ckpt_4100.pt,3,12,0.4633784294128418,0.08015065640211105,0.3910099267959595,"243,103,132,66,234","4,89,159,91,202",3:750:2|3:765:2|3:977:2
ckpt_4100.pt,3,13,0.5029445886611938,0.08523491770029068,0.4134462773799896,"122,29,44,245,176","79,93,144,236,6",3:130:2|3:696:2|3:872:2
ckpt_4100.pt,3,14,0.5525750517845154,0.11848070472478867,0.46022069454193115,"40,215,11,197,0","215,219,6,70,168",3:402:2|3:446:2|3:520:2
ckpt_4100.pt,3,15,0.5708619952201843,0.1498061567544937,0.43392831087112427,"47,32,53,95,164","189,31,118,162,66",3:7:2|3:172:2|3:502:2
ckpt_4100.pt,3,16,0.4290687143802643,0.08388187736272812,0.3877888023853302,"65,235,18,107,49","207,1,205,28,121",3:188:2|3:514:2|3:595:2
ckpt_4100.pt,3,17,0.5267130732536316,0.09412240982055664,0.43116259574890137,"253,182,89,93,62","211,83,231,73,12",3:379:2|3:832:2|3:8:1
ckpt_4100.pt,3,18,0.49727973341941833,0.07450106739997864,0.4305424988269806,"107,29,131,101,151","96,15,151,139,57",3:85:2|3:166:2|3:476:2
ckpt_4100.pt,3,19,0.4821733236312866,0.09692075103521347,0.3945991098880768,"212,38,250,76,191","180,245,44,185,234",3:533:2|3:967:2|3:0:1
ckpt_4100.pt,3,20,0.4705127775669098,0.08476871997117996,0.4058274030685425,"239,46,141,247,250","118,226,171,141,132",3:75:2|3:103:2|3:19:1
ckpt_4100.pt,3,21,0.5435120463371277,0.09825575351715088,0.4606185853481293,"143,89,148,113,161","232,12,172,234,213",3:47:2|3:115:2|3:760:2
ckpt_4100.pt,3,22,0.5294318199157715,0.09515812247991562,0.46772301197052,"25,152,4,92,125","6,106,50,83,84",3:321:2|3:585:2|3:631:2
ckpt_4100.pt,3,23,0.5077243447303772,0.11711050570011139,0.398621529340744,"170,3,149,128,203","244,111,213,255,148",3:788:2|3:38:1|3:40:1
ckpt_4100.pt,3,24,0.4664590358734131,0.10348154604434967,0.40184807777404785,"248,76,34,59,44","220,245,161,54,252",3:527:2|3:648:2|3:1:1
ckpt_4100.pt,3,25,0.5134784579277039,0.10221057385206223,0.45704326033592224,"175,4,112,141,249","60,135,153,65,101",3:525:2|3:632:2|3:20:1
ckpt_4100.pt,3,26,0.509306788444519,0.10450735688209534,0.41884055733680725,"190,220,19,47,197","216,190,30,62,196",3:410:2|3:463:2|3:599:2
ckpt_4100.pt,3,27,0.45369598269462585,0.07325821369886398,0.37645474076271057,"27,129,163,195,14","135,254,92,89,101",3:906:2|3:7:1|3:10:1
ckpt_4100.pt,3,28,0.5029777884483337,0.0940658450126648,0.43634024262428284,"232,228,208,196,24","27,54,23,131,125",3:107:2|3:202:2|3:795:2
ckpt_4100.pt,3,29,0.4475531578063965,0.08198253065347672,0.4272021949291229,"147,89,137,200,244","116,31,201,19,215",3:501:2|3:582:2|3:11:1
ckpt_4100.pt,3,30,0.5405513644218445,0.11560117453336716,0.45875877141952515,"10,38,220,36,215","5,185,38,235,6",3:34:2|3:94:2|3:326:2
ckpt_4100.pt,3,31,0.5120960474014282,0.10303034633398056,0.4067475199699402,"121,241,174,100,89","35,96,188,163,10",3:106:2|3:144:2|3:333:2
ckpt_4100.pt,3,32,0.565664529800415,0.12866969406604767,0.4497752785682678,"15,57,103,146,96","84,162,9,17,140",3:359:2|3:911:2|3:984:2
ckpt_4100.pt,3,33,0.48619645833969116,0.09946362674236298,0.4114774167537689,"33,97,103,101,143","25,100,247,144,29",3:41:2|3:313:2|3:726:2
ckpt_4100.pt,3,34,0.46955350041389465,0.0849597305059433,0.38413184881210327,"161,172,205,10,220","230,226,80,75,255",3:30:2|3:91:2|3:486:2
ckpt_4100.pt,3,35,0.5335693359375,0.0951816514134407,0.47009730339050293,"185,202,169,79,15","79,69,83,198,156",3:250:2|3:535:2|3:568:2
ckpt_4100.pt,3,36,0.5395649671554565,0.12584346532821655,0.44942015409469604,"209,251,146,33,18","185,99,60,22,222",3:175:2|3:342:2|3:668:2
ckpt_4100.pt,3,37,0.5377117991447449,0.12421414256095886,0.47304195165634155,"93,211,16,83,140","228,190,38,0,69",3:591:3|3:915:2|3:8:1
ckpt_4100.pt,3,38,0.5859318971633911,0.12356841564178467,0.5324262976646423,"95,110,25,203,204","203,240,196,34,124",3:287:2|3:337:2|3:451:2
ckpt_4100.pt,3,39,0.5316601991653442,0.09722669422626495,0.43135637044906616,"80,47,227,22,127","219,190,58,25,32",3:315:2|3:410:2|3:613:2
ckpt_4100.pt,3,40,0.5293269157409668,0.10378105193376541,0.43363630771636963,"161,203,13,129,153","56,113,61,99,131",3:60:2|3:89:2|3:579:2
ckpt_4100.pt,3,41,0.4496671259403229,0.07197403162717819,0.3983108103275299,"6,101,169,33,67","228,90,67,201,157",3:33:2|3:5:1|3:18:1
ckpt_4100.pt,3,42,0.5490463972091675,0.11953029036521912,0.4950583875179291,"36,51,13,106,105","120,185,146,51,222",3:688:2|3:7:1|3:30:1
ckpt_4100.pt,3,43,0.48803606629371643,0.08430173993110657,0.3937530517578125,"31,6,20,247,142","225,223,211,140,28",3:100:2|3:124:2|3:853:2
ckpt_4100.pt,3,44,0.5207131505012512,0.1031169593334198,0.40797457098960876,"183,129,86,96,152","49,36,6,210,229",3:159:2|3:1:1|3:7:1
ckpt_4100.pt,3,45,0.5347234010696411,0.09988316148519516,0.4433964192867279,"58,232,75,143,141","141,84,97,106,170",3:68:2|3:6:1|3:20:1
ckpt_4100.pt,3,46,0.5454729199409485,0.11682338267564774,0.439165323972702,"232,74,195,239,159","242,160,74,60,10",3:318:2|3:587:2|3:654:2
ckpt_4100.pt,3,47,0.5763602256774902,0.12418890744447708,0.47952425479888916,"156,48,195,113,161","246,134,109,47,180",3:21:2|3:449:2|3:11:1
ckpt_4100.pt,3,48,0.5399590730667114,0.1194184422492981,0.4255611002445221,"6,210,73,223,91","190,97,32,204,149",3:212:2|3:685:2|3:780:2
ckpt_4100.pt,3,49,0.5198502540588379,0.10188063234090805,0.45816853642463684,"85,70,143,173,217","3,35,233,217,29",3:981:2|3:5:1|3:21:1
ckpt_4100.pt,3,50,0.551003098487854,0.1164693832397461,0.46677157282829285,"160,233,19,206,79","174,180,181,125,86",3:187:2|3:273:2|3:476:2
ckpt_4100.pt,3,51,0.4650263488292694,0.08323995023965836,0.4263269305229187,"151,223,37,196,31","222,128,141,106,154",3:202:2|3:592:2|3:790:2
ckpt_4100.pt,3,52,0.5810327529907227,0.09937376528978348,0.48303985595703125,"230,75,86,189,23","18,145,230,195,110",3:6:2|3:386:2|3:526:2
ckpt_4100.pt,3,53,0.6087583303451538,0.11247630417346954,0.48949921131134033,"112,28,116,181,248","172,62,210,224,34",3:648:2|3:834:2|3:994:2
ckpt_4100.pt,3,54,0.47772398591041565,0.10119226574897766,0.41725394129753113,"100,64,88,233,126","234,100,81,73,7",3:175:2|3:6:1|3:10:1
ckpt_4100.pt,3,55,0.5350434184074402,0.09115169942378998,0.46509891748428345,"183,193,254,207,184","58,121,14,183,197",3:207:2|3:44:1|3:70:1
ckpt_4100.pt,3,56,0.5113274455070496,0.1030370369553566,0.43543967604637146,"221,48,216,244,213","209,137,36,57,33",3:123:2|3:436:2|3:478:2
ckpt_4100.pt,3,57,0.4214800000190735,0.07889584451913834,0.4010867774486542,"44,1,43,4,213","27,85,193,130,144",3:139:2|3:458:2|3:738:2
ckpt_4100.pt,3,58,0.4677615463733673,0.0930682122707367,0.3787728250026703,"100,75,63,106,66","51,5,215,58,116",3:367:2|3:524:2|3:838:2
ckpt_4100.pt,3,59,0.5295619368553162,0.081604965031147,0.4513016641139984,"11,25,38,164,217","117,125,242,60,139",3:74:2|3:236:2|3:341:2
ckpt_4100.pt,3,60,0.4898074269294739,0.09388487786054611,0.4223629832267761,"153,57,161,225,255","39,94,216,61,65",3:40:2|3:564:2|3:651:2
ckpt_4100.pt,3,61,0.5380975604057312,0.09154552966356277,0.47791966795921326,"25,73,40,190,208","84,80,92,75,65",3:203:2|3:438:2|3:0:1
ckpt_4100.pt,3,62,0.5007022023200989,0.08371705561876297,0.4209095239639282,"2,20,73,26,64","224,114,72,13,37",3:999:2|3:8:1|3:43:1
ckpt_4100.pt,3,63,0.4738159477710724,0.08111104369163513,0.4165637493133545,"211,85,112,105,189","201,40,234,44,184",3:164:2|3:703:2|3:721:2
ckpt_4100.pt,3,64,0.5380867123603821,0.11057096719741821,0.46797576546669006,"182,165,8,99,39","155,24,25,189,247",3:596:2|3:701:2|3:17:1
ckpt_4100.pt,3,65,0.6541742086410522,0.1105380728840828,0.5273183584213257,"224,146,206,181,65","254,255,233,230,58",3:231:2|3:307:2|3:390:2
ckpt_4100.pt,3,66,0.4866127073764801,0.10652732104063034,0.4022955894470215,"136,129,181,80,251","9,249,246,213,196",3:2:2|3:235:2|3:708:2
ckpt_4100.pt,3,67,0.5475626587867737,0.0972590520977974,0.44717034697532654,"84,229,223,9,226","79,233,112,167,1",3:78:2|3:179:2|3:548:2
ckpt_4100.pt,3,68,0.515670657157898,0.11103662103414536,0.42816460132598877,"162,58,143,94,88","179,111,101,176,155",3:45:2|3:429:2|3:544:2
ckpt_4100.pt,3,69,0.5023866295814514,0.09573832154273987,0.3993837535381317,"114,167,18,248,202","75,65,153,254,216",3:515:2|3:1:1|3:3:1
ckpt_4100.pt,3,70,0.494581013917923,0.0980486273765564,0.4295491576194763,"184,232,48,209,166","127,205,97,245,255",3:107:2|3:330:2|3:485:2
ckpt_4100.pt,3,71,0.4806382954120636,0.08282557874917984,0.3913250267505646,"116,32,226,178,96","114,197,154,65,195",3:769:2|3:834:2|3:1:1
ckpt_4100.pt,3,72,0.5264975428581238,0.0991438627243042,0.4339901804924011,"129,53,145,132,21","26,252,4,160,78",3:192:2|3:368:2|3:891:2
ckpt_4100.pt,3,73,0.5098146796226501,0.08423446118831635,0.4156475365161896,"163,57,209,42,156","158,241,251,122,220",3:81:2|3:112:2|3:322:2
ckpt_4100.pt,3,74,0.469992458820343,0.08946600556373596,0.40827593207359314,"217,252,175,11,56","53,37,157,117,152",3:59:2|3:114:2|3:160:2
ckpt_4100.pt,3,75,0.5182451009750366,0.11342116445302963,0.43309536576271057,"114,176,250,216,247","11,209,200,141,129",3:20:2|3:620:2|3:661:2
ckpt_4100.pt,3,76,0.544529914855957,0.10878989100456238,0.44656601548194885,"132,194,74,147,26","137,55,109,29,107",3:135:2|3:368:2|3:396:2
ckpt_4100.pt,3,77,0.5550062656402588,0.10428070276975632,0.46117717027664185,"31,117,128,79,95","107,44,69,229,92",3:237:2|3:300:2|3:329:2
ckpt_4100.pt,3,78,0.5024893879890442,0.08716950565576553,0.4154331386089325,"244,189,226,142,84","216,205,157,248,81",3:67:2|3:163:2|3:179:2
ckpt_4100.pt,3,79,0.5082725286483765,0.09469491243362427,0.4327583909034729,"75,162,48,224,24","241,204,135,227,36",3:575:3|3:338:2|3:478:2
ckpt_4100.pt,3,80,0.48907381296157837,0.08251374959945679,0.425751268863678,"56,21,227,77,97","254,235,226,117,142",3:303:2|3:479:2|3:8:1
ckpt_4100.pt,3,81,0.5649226307868958,0.11635235697031021,0.47122347354888916,"66,202,57,42,70","213,218,200,54,30",3:73:2|3:220:2|3:12:1
ckpt_4100.pt,3,82,0.5449556112289429,0.1173519641160965,0.42639291286468506,"38,93,84,216,242","239,220,0,222,16",3:105:2|3:658:2|3:860:2
ckpt_4100.pt,3,83,0.5559980273246765,0.1056564599275589,0.4364478290081024,"130,189,166,124,137","128,202,188,161,11",3:242:2|3:281:2|3:778:2
ckpt_4100.pt,3,84,0.5426060557365417,0.08684092015028,0.4811878502368927,"145,215,58,144,149","210,230,117,223,52",3:906:2|3:0:1|3:14:1
ckpt_4100.pt,3,85,0.5013208389282227,0.1210375502705574,0.43455255031585693,"107,33,213,131,142","84,156,59,181,101",3:18:2|3:398:2|3:767:2
ckpt_4100.pt,3,86,0.5271204710006714,0.10402239859104156,0.45583343505859375,"6,69,47,155,179","215,29,80,220,170",3:447:2|3:730:2|3:948:2
ckpt_4100.pt,3,87,0.5419073104858398,0.1016625463962555,0.45578905940055847,"63,108,201,192,20","68,201,146,158,44",3:428:2|3:638:2|3:820:2
ckpt_4100.pt,3,88,0.4937601685523987,0.08669806271791458,0.4123808443546295,"98,225,230,117,254","215,233,20,169,9",3:207:2|3:276:2|3:553:2
ckpt_4100.pt,3,89,0.5285921692848206,0.11368159204721451,0.4280973970890045,"49,137,77,129,203","115,138,172,57,159",3:40:2|3:218:2|3:253:2
ckpt_4100.pt,3,90,0.5805987119674683,0.11981607228517532,0.4511111378669739,"7,217,234,167,224","71,105,145,198,174",3:390:2|3:794:2|3:931:2
ckpt_4100.pt,3,91,0.5543102025985718,0.1074756607413292,0.4325423538684845,"205,56,112,139,10","170,21,36,17,197",3:34:2|3:567:2|3:874:2
ckpt_4100.pt,3,92,0.5629426836967468,0.11178068816661835,0.4900086224079132,"191,12,61,62,131","216,106,157,197,174",3:112:2|3:17:1|3:18:1
ckpt_4100.pt,3,93,0.5584944486618042,0.11343356221914291,0.4613673686981201,"154,32,3,113,217","105,147,153,32,65",3:277:2|3:509:2|3:629:2
ckpt_4100.pt,3,94,0.5203918218612671,0.08958722651004791,0.4319053888320923,"220,116,17,97,38","57,255,193,9,117",3:30:2|3:260:2|3:925:2
ckpt_4100.pt,3,95,0.4633415937423706,0.08538290858268738,0.3678949773311615,"123,7,64,1,83","131,241,16,90,18",3:212:2|3:320:2|3:344:2
ckpt_4100.pt,3,96,0.5234915018081665,0.09395559877157211,0.4164455235004425,"76,141,63,170,47","195,53,120,94,105",3:8:2|3:502:2|3:7:1
ckpt_4100.pt,3,97,0.5217439532279968,0.0948578268289566,0.458554208278656,"223,59,188,42,10","124,240,196,112,73",3:24:1|3:30:1|3:34:1
ckpt_4100.pt,3,98,0.5007106065750122,0.09242977946996689,0.41821402311325073,"149,45,216,70,47","117,25,217,80,42",3:265:2|3:427:2|3:547:2
ckpt_4100.pt,3,99,0.52034991979599,0.08982885628938675,0.4279532730579376,"204,63,17,146,160","131,133,53,206,31",3:153:2|3:240:2|3:640:2
ckpt_4100.pt,3,100,0.5559948086738586,0.12985047698020935,0.45881402492523193,"75,154,247,252,31","155,64,15,134,235",3:43:2|3:305:2|3:980:2
ckpt_4100.pt,3,101,0.4887070655822754,0.10136131197214127,0.4800109565258026,"206,53,157,234,248","162,246,229,86,242",3:117:2|3:156:2|3:231:2
ckpt_4100.pt,3,102,0.5710184574127197,0.10656210780143738,0.46262261271476746,"85,94,123,102,73","112,23,136,216,17",3:247:2|3:440:2|3:610:2
ckpt_4100.pt,3,103,0.6113296151161194,0.12154293805360794,0.4774779975414276,"36,254,45,46,239","202,34,167,198,254",3:20:2|3:194:2|3:448:2
ckpt_4100.pt,3,104,0.5841408967971802,0.11609146744012833,0.48912978172302246,"95,152,254,186,49","118,49,207,0,252",3:430:2|3:749:2|3:997:2
ckpt_4100.pt,3,105,0.493715763092041,0.08099844306707382,0.44048094749450684,"242,203,229,93,232","205,254,113,71,240",3:82:2|3:469:2|3:614:2
ckpt_4100.pt,3,106,0.5745688676834106,0.12041618674993515,0.48883262276649475,"100,96,89,26,38","185,80,39,206,133",3:31:2|3:260:2|3:994:2
ckpt_4100.pt,3,107,0.49103373289108276,0.09798260778188705,0.395734041929245,"32,80,196,232,48","210,116,70,139,156",3:28:2|3:70:2|3:202:2
ckpt_4100.pt,3,108,0.5719901919364929,0.11507083475589752,0.474932998418808,"89,80,79,156,132","46,90,240,251,103",3:535:2|3:776:2|3:856:2
ckpt_4100.pt,3,109,0.5261796712875366,0.13995608687400818,0.45100048184394836,"82,106,203,230,17","159,130,120,163,196",3:513:2|3:596:2|3:7:1
ckpt_4100.pt,3,110,0.4949124753475189,0.08956480771303177,0.40159520506858826,"21,34,31,105,87","204,81,220,150,69",3:24:1|3:42:1|3:43:1
ckpt_4100.pt,3,111,0.5300840735435486,0.1323624700307846,0.4200085997581482,"188,235,128,96,93","243,178,166,107,235",3:329:2|3:360:2|3:1:1
ckpt_4100.pt,3,112,0.5025118589401245,0.09347584843635559,0.4121568202972412,"209,51,163,62,61","212,48,157,207,15",3:73:2|3:92:2|3:711:2
ckpt_4100.pt,3,113,0.5310793519020081,0.13147659599781036,0.47802940011024475,"219,4,17,65,179","46,6,105,41,50",3:120:3|3:730:2|3:16:1
ckpt_4100.pt,3,114,0.5358752608299255,0.10649183392524719,0.41787266731262207,"81,217,53,146,56","112,62,65,117,154",3:74:2|3:160:2|3:569:2
ckpt_4100.pt,3,115,0.5185006856918335,0.08330482989549637,0.44462382793426514,"120,143,201,72,161","233,230,4,205,154",3:21:2|3:140:2|3:349:2
ckpt_4100.pt,3,116,0.5579522848129272,0.09841815382242203,0.4395260810852051,"22,180,184,102,116","143,91,150,37,99",3:613:2|3:742:2|3:763:2
ckpt_4100.pt,3,117,0.534546971321106,0.13932381570339203,0.43587008118629456,"248,234,152,174,222","82,175,155,228,90",3:101:2|3:846:2|3:1:1
ckpt_4100.pt,3,118,0.5215080380439758,0.09398368000984192,0.43086984753608704,"50,59,13,155,108","144,24,251,128,34",3:24:1|3:40:1|3:42:1
ckpt_4100.pt,3,119,0.550593376159668,0.12245778739452362,0.4423198401927948,"164,86,144,33,3","117,145,101,165,92",3:397:2|3:850:2|3:1:1
ckpt_4100.pt,3,120,0.5091200470924377,0.09346769005060196,0.4306674897670746,"219,226,75,65,4","26,85,207,145,59",3:113:3|3:169:2|3:622:2
ckpt_4100.pt,3,121,0.5137674808502197,0.09017791599035263,0.42676088213920593,"38,128,20,28,54","38,3,153,21,66",3:467:2|3:598:2|3:612:2
ckpt_4100.pt,3,122,0.5251107811927795,0.12134382873773575,0.43560439348220825,"209,40,246,203,87","85,12,227,67,170",3:369:2|3:867:2|3:908:2
ckpt_4100.pt,3,123,0.540332555770874,0.11806443333625793,0.4630250036716461,"224,216,101,244,239","74,65,205,106,45",3:56:2|3:792:2|3:4:1
ckpt_4100.pt,3,124,0.5683194994926453,0.1189812421798706,0.47705021500587463,"134,146,247,142,180","17,119,20,238,54",3:43:2|3:190:2|3:239:2
ckpt_4100.pt,3,125,0.5274890065193176,0.09427691251039505,0.4063970446586609,"166,216,123,254,145","15,46,74,217,142",3:923:2|3:0:1|3:4:1
ckpt_4100.pt,3,126,0.504356861114502,0.10301799327135086,0.43179160356521606,"129,71,120,116,61","195,172,60,252,45",3:349:2|3:395:2|3:689:2
ckpt_4100.pt,3,127,0.5410082936286926,0.11661452054977417,0.46530869603157043,"80,84,203,98,60","107,17,207,211,84",3:177:2|3:337:2|3:580:2
ckpt_4100.pt,3,128,0.5540585517883301,0.09341879189014435,0.41860583424568176,"90,158,112,150,15","137,234,191,201,90",3:903:2|3:911:2|3:9:1
ckpt_4100.pt,3,129,0.5330426096916199,0.1022816002368927,0.45195430517196655,"24,172,5,64,127","98,155,200,163,228",3:299:2|3:795:2|3:957:2
ckpt_4100.pt,3,130,0.6086015105247498,0.13983573019504547,0.5030195713043213,"176,135,122,31,107","77,179,19,155,177",3:13:2|3:766:2|3:828:2
ckpt_4100.pt,3,131,0.5508504509925842,0.10113441944122314,0.44459792971611023,"11,177,81,114,54","67,178,6,52,195",3:538:2|3:799:2|3:942:2
ckpt_4100.pt,3,132,0.564504086971283,0.11042293161153793,0.4779095947742462,"71,121,221,211,165","112,132,166,218,40",3:314:2|3:373:2|3:437:2
ckpt_4100.pt,3,133,0.5093125700950623,0.08422963321208954,0.40915408730506897,"120,188,9,12,187","138,72,161,109,85",3:139:2|3:360:2|3:557:2
ckpt_4100.pt,3,134,0.5914813876152039,0.1163911297917366,0.46268606185913086,"63,54,154,189,169","242,187,123,143,110",3:663:2|3:691:2|3:924:2
ckpt_4100.pt,3,135,0.5080954432487488,0.10776444524526596,0.454252153635025,"203,26,165,194,154","239,101,252,206,52",3:76:2|3:174:2|3:369:2
ckpt_4100.pt,3,136,0.48309317231178284,0.09163986146450043,0.39646533131599426,"80,27,26,68,86","238,140,244,109,142",3:452:2|3:1:1|3:2:1
ckpt_4100.pt,3,137,0.4664914011955261,0.10850156843662262,0.35844486951828003,"50,22,195,250,171","133,202,126,67,254",3:529:2|3:842:2|3:4:1
ckpt_4100.pt,3,138,0.5599019527435303,0.09715580940246582,0.49742498993873596,"59,196,75,129,56","161,110,76,70,46",3:386:2|3:495:2|3:503:2
ckpt_4100.pt,3,139,0.529772162437439,0.09980825334787369,0.456247478723526,"188,4,71,44,9","92,155,235,150,26",3:57:2|3:133:2|3:365:2
ckpt_4100.pt,3,140,0.518900990486145,0.10060939192771912,0.4462381899356842,"72,161,1,79,30","217,185,231,251,110",3:115:2|3:344:2|3:416:2
ckpt_4100.pt,3,141,0.5281426310539246,0.0927702933549881,0.42461323738098145,"147,118,113,138,69","178,163,199,64,36",3:11:3|3:173:2|3:251:2
ckpt_4100.pt,3,142,0.5415584444999695,0.0928337574005127,0.4507664442062378,"233,133,161,176,41","121,104,138,152,201",3:209:2|3:454:2|3:6:1
ckpt_4100.pt,3,143,0.6249710321426392,0.1210196316242218,0.5201936364173889,"145,30,169,134,73","123,134,34,91,64",3:0:1|3:35:1|3:41:1
ckpt_4100.pt,3,144,0.5183102488517761,0.09880208969116211,0.4321141541004181,"241,160,156,125,100","213,150,36,105,29",3:31:2|3:5:1|3:22:1
ckpt_4100.pt,3,145,0.5459311008453369,0.09218039363622665,0.43756526708602905,"100,1,253,207,219","159,177,182,186,208",3:379:2|3:416:2|3:10:1
ckpt_4100.pt,3,146,0.5596531629562378,0.09838247299194336,0.4701227843761444,"35,30,147,204,253","11,210,212,246,47",3:423:2|3:1:1|3:10:1
ckpt_4100.pt,3,147,0.526207685470581,0.11302033811807632,0.43125832080841064,"193,4,95,156,253","139,210,159,102,107",3:379:2|3:791:2|3:7:1
ckpt_4100.pt,3,148,0.525931179523468,0.1380433589220047,0.4269362688064575,"160,57,179,11,244","80,193,243,175,236",3:409:2|3:667:2|3:14:1
ckpt_4100.pt,3,149,0.5164765119552612,0.07954836636781693,0.4240521490573883,"38,16,149,31,65","17,34,157,174,163",3:16:1|3:19:1|3:23:1
ckpt_4100.pt,3,150,0.5024871826171875,0.10331951826810837,0.43439170718193054,"230,156,231,206,208","179,147,216,185,157",3:231:2|3:619:2|3:633:2
ckpt_4100.pt,3,151,0.5200403332710266,0.13236264884471893,0.4360305070877075,"180,173,190,147,162","55,27,17,234,86",3:210:2|3:854:2|3:964:2
ckpt_4100.pt,3,152,0.5057271122932434,0.08902103453874588,0.43326154351234436,"107,51,220,6,134","116,15,143,39,102",3:192:2|3:348:2|3:833:2
ckpt_4100.pt,3,153,0.6163092255592346,0.12876078486442566,0.4724879562854767,"171,153,196,204,160","109,217,69,224,15",3:99:2|3:370:2|3:529:2
ckpt_4100.pt,3,154,0.529897928237915,0.08505116403102875,0.4325353503227234,"142,127,214,242,70","255,120,76,144,253",3:9:1|3:39:1|3:43:1
ckpt_4100.pt,3,155,0.5512784123420715,0.105646513402462,0.4159557819366455,"199,83,111,18,197","119,13,240,194,87",3:385:3|3:639:2|3:704:2
ckpt_4100.pt,3,156,0.503449022769928,0.09742014855146408,0.45971089601516724,"32,42,112,234,206","179,245,32,169,73",3:101:2|3:311:2|3:12:1
ckpt_4100.pt,3,157,0.526305615901947,0.09304916858673096,0.42474496364593506,"225,46,138,251,226","169,252,152,178,157",3:543:2|3:624:2|3:837:2
ckpt_4100.pt,3,158,0.5104175806045532,0.09766741842031479,0.43082287907600403,"207,232,150,188,136","201,35,4,197,177",3:257:2|3:562:2|3:9:1
ckpt_4100.pt,3,159,0.4920443594455719,0.09129439294338226,0.391726016998291,"205,42,96,210,152","46,67,191,92,74",3:44:2|3:803:2|3:3:1
ckpt_4100.pt,3,160,0.49433401226997375,0.1000630334019661,0.4175627529621124,"56,244,174,45,217","69,131,130,46,93",3:74:2|3:114:2|3:729:2
ckpt_4100.pt,3,161,0.5255049467086792,0.09424997866153717,0.4395885169506073,"169,141,206,131,14","182,147,80,24,105",3:813:3|3:736:2|3:10:1
ckpt_4100.pt,3,162,0.5033460855484009,0.08498780429363251,0.42262953519821167,"38,98,136,198,184","152,18,40,140,136",3:3:1|3:19:1|3:30:1
ckpt_4100.pt,3,163,0.4781314432621002,0.07950181514024734,0.40357470512390137,"180,210,218,244,226","210,1,16,81,167",3:78:2|3:501:2|3:618:2
ckpt_4100.pt,3,164,0.5391988158226013,0.09344811737537384,0.46739619970321655,"175,189,133,186,105","190,214,138,222,47",3:63:2|3:25:1|3:42:1
ckpt_4100.pt,3,165,0.49782830476760864,0.08541128784418106,0.4187663495540619,"39,164,173,157,142","156,135,53,60,130",3:572:2|3:836:2|3:9:1
ckpt_4100.pt,3,166,0.4722839295864105,0.10177996754646301,0.42794322967529297,"101,131,170,249,168","41,252,197,108,157",3:18:2|3:245:2|3:755:2
ckpt_4100.pt,3,167,0.5057797431945801,0.08674553781747818,0.42121613025665283,"235,139,77,254,89","229,105,54,119,164",3:328:2|3:357:2|3:866:2
ckpt_4100.pt,3,168,0.5119726657867432,0.10351472347974777,0.4505429267883301,"245,167,69,65,98","181,189,96,248,74",3:173:2|3:464:2|3:647:2
ckpt_4100.pt,3,169,0.4833877682685852,0.08656245470046997,0.4056200385093689,"75,175,65,144,188","217,116,236,12,61",3:120:2|3:484:2|3:563:2
ckpt_4100.pt,3,170,0.4549509882926941,0.09126222133636475,0.3906099796295166,"157,152,83,167,44","87,50,47,104,217",3:686:2|3:774:2|3:1022:2
ckpt_4100.pt,3,171,0.5383185148239136,0.10480805486440659,0.42121434211730957,"76,174,128,225,107","93,157,42,22,185",3:348:2|3:777:2|3:1023:2
ckpt_4100.pt,3,172,0.5158304572105408,0.09026537090539932,0.43127307295799255,"251,23,32,95,224","89,159,139,124,245",3:15:2|3:418:2|3:876:2
ckpt_4100.pt,3,173,0.5879234075546265,0.11566039174795151,0.4924193024635315,"19,245,217,69,138","114,160,91,157,249",3:141:2|3:168:2|3:332:2
ckpt_4100.pt,3,174,0.6114931106567383,0.10544993728399277,0.4832667112350464,"212,26,166,154,186","148,20,13,133,7",3:135:2|3:232:2|3:997:2
ckpt_4100.pt,3,175,0.6106049418449402,0.11202151328325272,0.4875817894935608,"4,251,146,88,233","17,206,223,200,152",3:36:2|3:54:2|3:342:2
ckpt_4100.pt,3,176,0.5559248328208923,0.09256233274936676,0.46883678436279297,"227,157,2,130,109","16,58,222,106,187",3:8:2|3:228:2|3:446:2
ckpt_4100.pt,3,177,0.5008372068405151,0.09356211870908737,0.41598156094551086,"84,98,190,27,207","211,241,50,33,63",3:127:2|3:303:2|3:487:2
ckpt_4100.pt,3,178,0.534494936466217,0.10782632976770401,0.4634401500225067,"199,238,49,206,57","179,81,23,125,103",3:537:2|3:583:2|3:607:2
ckpt_4100.pt,3,179,0.5270590782165527,0.10962939262390137,0.4619859457015991,"1,226,84,171,33","19,204,161,106,212",3:67:2|3:78:2|3:232:2
ckpt_4100.pt,3,180,0.5838187336921692,0.12140468508005142,0.4535963833332062,"121,190,123,70,231","156,106,223,103,108",3:26:1|3:31:1|3:49:1
ckpt_4100.pt,3,181,0.5696734189987183,0.10938513278961182,0.4488629400730133,"93,187,50,199,247","69,164,66,92,141",3:218:2|3:8:1|3:17:1
ckpt_4100.pt,3,182,0.4886055886745453,0.09621097892522812,0.41105446219444275,"244,29,205,135,182","94,30,128,172,80",3:4:2|3:298:2|3:490:2
ckpt_4100.pt,3,183,0.4869772493839264,0.1003727987408638,0.46296456456184387,"173,145,194,232,191","8,251,118,124,216",3:304:2|3:539:2|3:0:1
ckpt_4100.pt,3,184,0.5389057993888855,0.09884598106145859,0.433537095785141,"28,213,200,252,201","220,160,249,14,176",3:290:2|3:413:2|3:519:2
ckpt_4100.pt,3,185,0.5007297992706299,0.09421899914741516,0.43358197808265686,"196,245,243,17,252","142,139,117,206,244",3:705:2|3:899:2|3:12:1
ckpt_4100.pt,3,186,0.5125229358673096,0.131728395819664,0.40734758973121643,"80,54,82,92,223","216,64,71,200,238",3:204:2|3:337:2|3:481:2
ckpt_4100.pt,3,187,0.49993813037872314,0.09000291675329208,0.44003504514694214,"224,185,233,160,201","120,104,21,39,35",3:934:3|3:50:2|3:428:2
ckpt_4100.pt,3,188,0.5478150844573975,0.0916472002863884,0.42434975504875183,"235,101,153,18,70","255,26,86,246,225",3:16:2|3:1:1|3:5:1
ckpt_4100.pt,3,189,0.4628365933895111,0.07705224305391312,0.38590189814567566,"43,92,227,250,149","173,229,89,65,149",3:204:2|3:534:2|3:8:1
ckpt_4100.pt,3,190,0.5298123955726624,0.10129264742136002,0.4529145359992981,"48,146,180,83,85","99,29,195,46,246",3:124:2|3:419:2|3:472:2
ckpt_4100.pt,3,191,0.49415871500968933,0.08805637061595917,0.40024110674858093,"134,81,229,136,117","81,244,114,152,223",3:2:2|3:451:2|3:470:2
ckpt_4100.pt,3,192,0.5136046409606934,0.10846118628978729,0.411460816860199,"51,175,53,129,6","98,253,49,32,73",3:72:2|3:152:2|3:264:2
ckpt_4100.pt,3,193,0.4881603717803955,0.08808887749910355,0.38409578800201416,"243,149,205,187,189","88,147,182,166,201",3:4:1|3:12:1|3:23:1
ckpt_4100.pt,3,194,0.574146032333374,0.08150993287563324,0.44863566756248474,"177,128,214,46,45","211,43,80,193,30",3:103:2|3:261:2|3:570:2
ckpt_4100.pt,3,195,0.5139501094818115,0.0962480753660202,0.39812925457954407,"163,181,130,179,64","156,232,132,163,182",3:217:2|3:390:2|3:0:1
ckpt_4100.pt,3,196,0.5862537622451782,0.11939943581819534,0.46309560537338257,"2,88,17,96,71","186,99,160,219,30",3:260:2|3:429:2|3:715:2
ckpt_4100.pt,3,197,0.4648668169975281,0.09089560061693192,0.41119498014450073,"126,59,147,176,141","232,187,158,46,221",3:246:2|3:405:2|3:618:2
ckpt_4100.pt,3,198,0.6016789078712463,0.1261952966451645,0.46247541904449463,"76,215,232,117,92","71,42,58,46,199",3:233:2|3:497:2|3:527:2
ckpt_4100.pt,3,199,0.5265674591064453,0.09214776754379272,0.434120774269104,"194,162,146,157,252","127,212,37,240,208",3:215:2|3:240:2|3:285:2
ckpt_4100.pt,3,200,0.48672664165496826,0.08703219145536423,0.3940933346748352,"149,113,226,24,19","115,26,48,213,216",3:205:2|3:622:2|3:697:2
ckpt_4100.pt,3,201,0.5161083936691284,0.08657023310661316,0.45485720038414,"62,152,35,64,39","238,118,91,209,139",3:296:3|3:821:2|3:17:1
ckpt_4100.pt,3,202,0.5586325526237488,0.10461053997278214,0.5035142302513123,"248,196,223,232,23","57,228,207,77,143",3:293:3|3:28:2|3:51:2
ckpt_4100.pt,3,203,0.49685168266296387,0.08534881472587585,0.41543182730674744,"190,227,45,73,222","244,119,82,215,62",3:61:2|3:438:2|3:1001:2
ckpt_4100.pt,3,204,0.5101076364517212,0.09662509709596634,0.43848568201065063,"250,120,92,80,202","113,138,87,131,205",3:186:2|3:189:2|3:646:2
ckpt_4100.pt,3,205,0.48451536893844604,0.10367165505886078,0.38947394490242004,"226,71,149,101,142","54,167,123,127,129",3:78:2|3:200:2|3:209:2
ckpt_4100.pt,3,206,0.5071069002151489,0.08345058560371399,0.39584118127822876,"87,77,33,220,152","192,163,70,28,5",3:412:2|3:426:2|3:756:2
ckpt_4100.pt,3,207,0.5364941954612732,0.0883236899971962,0.41290879249572754,"254,232,193,98,30","22,91,26,236,97",3:55:2|3:88:2|3:3:1
ckpt_4100.pt,3,208,0.501461923122406,0.11980205029249191,0.40321996808052063,"109,165,136,24,47","114,32,147,154,106",3:863:2|3:893:2|3:995:2
ckpt_4100.pt,3,209,0.4811593294143677,0.10058227926492691,0.4239303767681122,"142,71,161,56,233","42,201,205,239,181",3:142:2|3:205:2|3:564:2
ckpt_4100.pt,3,210,0.588375985622406,0.11877496540546417,0.44965660572052,"182,184,190,173,32","166,109,80,209,72",3:151:2|3:234:2|3:509:2
ckpt_4100.pt,3,211,0.5001170039176941,0.10012557357549667,0.40655994415283203,"2,106,222,132,69","231,238,42,19,159",3:356:2|3:838:2|3:7:1
ckpt_4100.pt,3,212,0.5340603590011597,0.12934744358062744,0.4370553493499756,"1,223,7,73,168","207,26,69,47,105",3:48:2|3:95:2|3:344:2
ckpt_4100.pt,3,213,0.5066306591033936,0.09696301072835922,0.41989263892173767,"125,207,78,14,109","4,39,51,35,79",3:602:2|3:643:2|3:10:1
ckpt_4100.pt,3,214,0.5198668837547302,0.11154264211654663,0.4444027245044708,"32,110,61,138,237","47,128,140,38,109",3:645:2|3:808:2|3:0:1
ckpt_4100.pt,3,215,0.5572322010993958,0.0895923376083374,0.4592064917087555,"146,51,176,228,252","250,23,15,160,142",3:199:2|3:240:2|3:831:2
ckpt_4100.pt,3,216,0.5323117971420288,0.10136283189058304,0.46785035729408264,"133,108,107,195,15","224,207,193,146,98",3:359:2|3:852:2|3:16:1
ckpt_4100.pt,3,217,0.5165131092071533,0.07985366135835648,0.4314243495464325,"213,82,163,181,79","182,85,35,13,210",3:195:2|3:235:2|3:363:2
ckpt_4100.pt,3,218,0.4787825644016266,0.08100321888923645,0.4021669924259186,"69,137,50,247,203","55,245,144,103,48",3:89:2|3:181:2|3:590:2
ckpt_4100.pt,3,219,0.46436038613319397,0.09390761703252792,0.3951035737991333,"233,99,11,170,125","220,80,179,23,167",3:6:1|3:14:1|3:22:1
ckpt_4100.pt,3,220,0.5123774409294128,0.08333645761013031,0.4302074611186981,"197,32,66,200,57","48,17,180,97,129",3:81:2|3:492:2|3:597:2
ckpt_4100.pt,3,221,0.4850579500198364,0.10440202802419662,0.3895946741104126,"49,26,218,44,243","49,223,188,159,43",3:12:1|3:13:1|3:16:1
ckpt_4100.pt,3,222,0.524708092212677,0.10582640022039413,0.4205986261367798,"24,11,252,110,63","39,14,30,167,212",3:74:2|3:413:2|3:539:2
ckpt_4100.pt,3,223,0.5728836059570312,0.10491662472486496,0.47837725281715393,"196,156,81,137,74","158,111,76,250,161",3:281:2|3:329:2|3:470:2
ckpt_4100.pt,3,224,0.4905865490436554,0.09527293592691422,0.41119369864463806,"104,26,172,255,135","220,31,1,183,219",3:490:2|3:3:1|3:4:1
ckpt_4100.pt,3,225,0.614655613899231,0.0897710919380188,0.47524091601371765,"172,21,204,73,15","62,43,197,128,147",3:604:2|3:707:2|3:1:1
ckpt_4100.pt,3,226,0.5557531118392944,0.10432744026184082,0.4613051414489746,"188,99,33,43,15","112,150,167,198,186",3:937:2|3:32:1|3:33:1
ckpt_4100.pt,3,227,0.4734017550945282,0.08478827029466629,0.39752593636512756,"35,196,200,106,164","242,250,107,69,115",3:367:2|3:380:2|3:492:2
ckpt_4100.pt,3,228,0.5401424169540405,0.1216704249382019,0.4230923652648926,"108,2,227,31,242","225,163,154,226,85",3:8:2|3:176:2|3:346:2
ckpt_4100.pt,3,229,0.4525286853313446,0.0818527564406395,0.40778645873069763,"255,254,38,18,35","128,61,65,85,49",3:457:3|3:512:2|3:621:2
ckpt_4100.pt,3,230,0.5235594511032104,0.09337583184242249,0.4275035262107849,"78,146,27,31,139","163,66,78,89,131",3:310:2|3:664:2|3:27:1
ckpt_4100.pt,3,231,0.5646046996116638,0.11650549620389938,0.4960472583770752,"206,107,156,248,146","229,147,55,1,168",3:65:2|3:101:2|3:150:2
ckpt_4100.pt,3,232,0.5102401375770569,0.08685909956693649,0.4268408417701721,"212,186,226,1,20","245,248,139,192,251",3:174:2|3:179:2|3:639:2
ckpt_4100.pt,3,233,0.5533396005630493,0.08996320515871048,0.4674401879310608,"92,190,50,117,41","197,208,143,46,82",3:198:2|3:249:2|3:347:2
ckpt_4100.pt,3,234,0.5381893515586853,0.0937044695019722,0.4621591567993164,"32,173,231,19,250","32,201,113,55,137",3:210:2|3:336:2|3:462:2
ckpt_4100.pt,3,235,0.451921284198761,0.09758197516202927,0.362898588180542,"243,129,79,181,157","171,168,52,137,29",3:66:2|3:217:2|3:287:2
ckpt_4100.pt,3,236,0.5375067591667175,0.13114263117313385,0.4574882984161377,"25,11,183,134,83","207,173,52,80,140",3:59:2|3:384:2|3:805:2
ckpt_4100.pt,3,237,0.49863848090171814,0.0906691625714302,0.4175018072128296,"138,121,213,117,128","44,107,43,235,127",3:77:2|3:300:2|3:333:2
ckpt_4100.pt,3,238,0.5041929483413696,0.09037778526544571,0.3897414803504944,"83,118,26,142,28","197,35,182,244,27",3:244:2|3:340:2|3:994:2
ckpt_4100.pt,3,239,0.5102980136871338,0.10458465665578842,0.46343401074409485,"198,189,134,207,142","109,219,25,218,159",3:78:2|3:124:2|3:932:2
ckpt_4100.pt,3,240,0.6072402000427246,0.11505615711212158,0.47724413871765137,"252,146,126,204,167","220,76,179,125,182",3:99:2|3:199:2|3:215:2
ckpt_4100.pt,3,241,0.4577838182449341,0.08497442305088043,0.39319485425949097,"230,166,95,246,36","131,67,60,198,247",3:450:2|3:466:2|3:826:2
ckpt_4100.pt,3,242,0.5628357529640198,0.1150396391749382,0.4613116979598999,"196,230,130,19,124","6,41,214,2,60",3:83:2|3:334:2|3:366:2
ckpt_4100.pt,3,243,0.6072906851768494,0.10779736191034317,0.48280763626098633,"160,174,243,237,117","231,182,179,126,198",3:734:2|3:735:2|3:769:2
ckpt_4100.pt,3,244,0.5487172603607178,0.09632285684347153,0.4466102421283722,"28,118,175,0,108","216,199,161,233,156",3:238:2|3:413:2|3:718:2
ckpt_4100.pt,3,245,0.5636587142944336,0.1005437970161438,0.4686991274356842,"249,115,168,178,247","108,129,153,213,216",3:166:2|3:875:2|3:20:1
ckpt_4100.pt,3,246,0.49673616886138916,0.0897156149148941,0.42469292879104614,"123,176,34,141,223","251,157,206,1,76",3:197:2|3:432:2|3:569:2
ckpt_4100.pt,3,247,0.5191835761070251,0.10811126232147217,0.42918726801872253,"123,187,212,193,94","76,116,96,203,10",3:102:2|3:0:1|3:7:1
ckpt_4100.pt,3,248,0.5072622895240784,0.08985808491706848,0.4071906507015228,"157,12,24,71,179","202,182,221,69,248",3:255:2|3:697:2|3:5:1
ckpt_4100.pt,3,249,0.5336167812347412,0.09979155659675598,0.46149834990501404,"23,88,41,60,92","60,93,13,144,85",3:233:2|3:306:2|3:721:2
ckpt_4100.pt,3,250,0.48228979110717773,0.0913112461566925,0.4182804822921753,"96,202,29,185,214","226,183,150,13,184",3:35:2|3:719:2|3:9:1
ckpt_4100.pt,3,251,0.5350335240364075,0.10014995187520981,0.44527074694633484,"147,243,165,118,159","22,220,131,201,113",3:11:2|3:141:2|3:754:2
ckpt_4100.pt,3,252,0.5202528238296509,0.12473548948764801,0.4573289155960083,"107,42,95,103,46","34,102,250,61,181",3:449:2|3:464:2|3:570:2
ckpt_4100.pt,3,253,0.49330371618270874,0.09012632071971893,0.44445306062698364,"238,126,77,140,137","67,173,99,126,107",3:89:2|3:29:1|3:37:1
ckpt_4100.pt,3,254,0.510155975818634,0.09686825424432755,0.4302569031715393,"119,116,210,86,174","62,247,140,216,152",3:460:2|3:552:2|3:769:2
ckpt_4100.pt,3,255,0.4856249988079071,0.09410211443901062,0.40235811471939087,"157,71,214,182,123","231,87,223,185,37",3:248:2|3:287:2|3:822:2
ckpt_4100.pt,3,256,0.5746079683303833,0.14623335003852844,0.4775031507015228,"191,230,195,160,78","93,114,168,192,11",3:19:1|3:27:1|3:46:1
ckpt_4100.pt,3,257,0.4680796265602112,0.07888641953468323,0.40383046865463257,"150,223,250,232,8","202,51,238,247,239",3:361:3|3:158:2|3:202:2
ckpt_4100.pt,3,258,0.4962455630302429,0.1298060119152069,0.4520838260650635,"223,179,26,109,8","3,179,255,152,2",3:257:2|3:361:2|3:609:2
ckpt_4100.pt,3,259,0.549036979675293,0.10027680546045303,0.4633786082267761,"186,89,223,25,39","69,129,19,161,179",3:819:2|3:17:1|3:21:1
ckpt_4100.pt,3,260,0.4995749294757843,0.09156205505132675,0.43117639422416687,"17,38,108,96,225","159,191,22,76,214",3:94:2|3:106:2|3:196:2
ckpt_4100.pt,3,261,0.5437175631523132,0.11469167470932007,0.4955204129219055,"152,16,177,172,45","243,152,176,245,20",3:194:2|3:430:2|3:530:2
ckpt_4100.pt,3,262,0.5285009741783142,0.08964225649833679,0.45308583974838257,"17,1,170,239,210","63,43,94,7,48",3:665:2|3:1012:2|3:1013:2
ckpt_4100.pt,3,263,0.5603557825088501,0.10411444306373596,0.43534186482429504,"126,123,240,113,30","27,88,142,230,234",3:659:2|3:951:2|3:11:1
ckpt_4100.pt,3,264,0.44483235478401184,0.07451589405536652,0.4076349139213562,"6,110,175,64,165","50,77,163,176,232",3:192:2|3:396:2|3:1014:2
ckpt_4100.pt,3,265,0.470289409160614,0.07731747627258301,0.4195406436920166,"107,212,0,45,70","101,224,231,199,28",3:98:2|3:401:2|3:573:2
ckpt_4100.pt,3,266,0.48646029829978943,0.08588927984237671,0.3877156376838684,"229,78,119,143,245","153,53,109,163,177",3:505:2|3:802:2|3:6:1
ckpt_4100.pt,3,267,0.4589328467845917,0.0821177288889885,0.3926139175891876,"43,61,121,10,147","224,16,40,160,91",3:289:2|3:773:2|3:797:2
ckpt_4100.pt,3,268,0.5646767616271973,0.10431262105703354,0.4477193057537079,"43,55,163,109,105","105,173,98,250,16",3:350:2|3:623:2|3:27:1
ckpt_4100.pt,3,269,0.4499149024486542,0.0868157297372818,0.3905344009399414,"254,99,114,26,158","119,21,67,25,155",3:374:2|3:994:2|3:3:1
ckpt_4100.pt,3,270,0.5325197577476501,0.10385666787624359,0.4379773736000061,"200,234,73,250,72","84,39,29,224,76",3:336:2|3:727:2|3:978:2
ckpt_4100.pt,3,271,0.5669664740562439,0.09894688427448273,0.4418982267379761,"2,136,210,95,208","78,194,177,160,208",3:9:2|3:0:1|3:3:1
ckpt_4100.pt,3,272,0.5407807230949402,0.0853312760591507,0.43412455916404724,"86,206,128,198,197","212,22,71,162,15",3:334:2|3:526:2|3:1002:2
ckpt_4100.pt,3,273,0.5653764605522156,0.12198694050312042,0.4638728201389313,"209,249,79,96,19","158,50,139,141,75",3:50:2|3:362:2|3:535:2
ckpt_4100.pt,3,274,0.5827479958534241,0.1222931519150734,0.44500067830085754,"25,215,87,111,188","113,133,189,243,129",3:335:2|3:456:2|3:562:2
ckpt_4100.pt,3,275,0.5747590065002441,0.11214940249919891,0.48416027426719666,"114,120,163,180,28","67,40,163,50,36",3:3:2|3:425:2|3:432:2
ckpt_4100.pt,3,276,0.47644278407096863,0.10875014960765839,0.4031926393508911,"230,98,162,175,128","45,57,215,109,90",3:88:2|3:885:2|3:3:1
ckpt_4100.pt,3,277,0.5394077897071838,0.09348033368587494,0.4568204879760742,"117,51,32,91,217","67,188,226,215,0",3:914:3|3:93:2|3:278:2
ckpt_4100.pt,3,278,0.4961423873901367,0.08945583552122116,0.44423380494117737,"51,100,208,77,32","253,241,108,56,37",3:277:2|3:293:2|3:0:1
ckpt_4100.pt,3,279,0.4841311275959015,0.0816047340631485,0.4070347845554352,"15,115,55,111,124","175,150,127,197,252",3:720:2|3:814:2|3:976:2
ckpt_4100.pt,3,280,0.5425527691841125,0.09429981559515,0.45367947220802307,"2,115,87,133,237","194,7,245,49,19",3:536:2|3:684:2|3:717:2
ckpt_4100.pt,3,281,0.5585622191429138,0.10236971825361252,0.4371534287929535,"82,130,185,74,137","127,25,15,123,125",3:83:2|3:223:2|3:334:2
ckpt_4100.pt,3,282,0.572038471698761,0.1085808053612709,0.45665135979652405,"233,115,207,21,47","112,86,242,134,141",3:285:2|3:730:2|3:875:2
ckpt_4100.pt,3,283,0.5073710083961487,0.12935391068458557,0.43848440051078796,"149,180,225,5,135","75,229,31,33,99",3:490:2|3:574:2|3:622:2
ckpt_4100.pt,3,284,0.5846744179725647,0.1050291359424591,0.49252229928970337,"46,97,233,120,156","160,194,228,182,4",3:475:2|3:624:2|3:3:1
ckpt_4100.pt,3,285,0.5587890148162842,0.1400097757577896,0.44323116540908813,"153,146,47,162,115","155,181,133,93,121",3:199:2|3:282:2|3:294:2
ckpt_4100.pt,3,286,0.5224608778953552,0.10924576967954636,0.4524860382080078,"22,91,211,122,69","62,120,80,212,217",3:696:2|3:781:2|3:917:2
ckpt_4100.pt,3,287,0.5827820897102356,0.09868764877319336,0.47530144453048706,"157,204,95,243,182","50,214,66,72,222",3:38:2|3:235:2|3:255:2
ckpt_4100.pt,3,288,0.5698517560958862,0.09933710843324661,0.48182475566864014,"32,72,254,163,176","55,175,118,29,168",3:425:2|3:642:2|3:13:1
ckpt_4100.pt,3,289,0.49375325441360474,0.10221252590417862,0.41133084893226624,"189,37,17,43,147","40,61,248,17,226",3:267:2|3:854:2|3:1013:2
ckpt_4100.pt,3,290,0.5785659551620483,0.09136633574962616,0.4777354300022125,"32,43,140,28,252","188,248,26,89,90",3:184:2|3:354:2|3:413:2
ckpt_4100.pt,3,291,0.4757596552371979,0.09087514132261276,0.41129592061042786,"169,142,177,32,93","174,161,237,160,137",3:657:2|3:810:2|3:8:1
ckpt_4100.pt,3,292,0.5602414011955261,0.10540835559368134,0.4489670693874359,"11,46,98,93,66","83,231,121,169,39",3:464:2|3:832:2|3:3:1
ckpt_4100.pt,3,293,0.4683990478515625,0.08302639424800873,0.3991692066192627,"23,77,232,100,248","155,68,54,251,178",3:202:3|3:278:2|3:572:2
ckpt_4100.pt,3,294,0.5417273640632629,0.09397830069065094,0.47274595499038696,"89,115,230,146,22","140,82,148,253,194",3:285:2|3:4:1|3:17:1
ckpt_4100.pt,3,295,0.49417972564697266,0.09217032045125961,0.45045772194862366,"178,81,105,225,52","14,35,96,90,126",3:411:2|3:628:2|3:660:2
ckpt_4100.pt,3,296,0.5057682991027832,0.09308257699012756,0.402067095041275,"39,64,207,38,152","58,147,232,240,193",3:201:3|3:457:2|3:19:1
ckpt_4100.pt,3,297,0.5221889615058899,0.07916327565908432,0.43556275963783264,"180,140,245,213,161","15,137,163,254,46",3:332:2|3:13:1|3:21:1
ckpt_4100.pt,3,298,0.48187556862831116,0.10684598982334137,0.3955875337123871,"182,236,144,135,53","189,233,179,236,91",3:182:2|3:490:2|3:757:2
ckpt_4100.pt,3,299,0.5105121731758118,0.08529938012361526,0.46161341667175293,"142,119,172,24,38","181,5,216,229,144",3:129:2|3:736:2|3:5:1
ckpt_4100.pt,3,300,0.5204943418502808,0.11467999964952469,0.4301226735115051,"150,167,117,128,143","165,147,146,76,230",3:77:2|3:237:2|3:313:2
ckpt_4100.pt,3,301,0.5421712398529053,0.10871899873018265,0.45892441272735596,"229,224,120,79,235","4,126,199,117,233",3:477:2|3:866:2|3:1:1
ckpt_4100.pt,3,302,0.5912121534347534,0.11836575716733932,0.45012837648391724,"180,246,145,248,91","118,129,135,99,55",3:826:2|3:940:2|3:0:1
ckpt_4100.pt,3,303,0.4975403845310211,0.09196653217077255,0.42980557680130005,"236,56,84,21,27","134,252,157,144,194",3:80:2|3:177:2|3:605:2
ckpt_4100.pt,3,304,0.5816532969474792,0.09311771392822266,0.48080602288246155,"173,67,194,236,131","221,25,114,181,96",3:183:2|3:608:2|3:18:1
ckpt_4100.pt,3,305,0.5447424054145813,0.1036858931183815,0.4605621099472046,"31,184,230,249,154","155,233,40,132,232",3:100:2|3:831:2|3:977:2
ckpt_4100.pt,3,306,0.4828270673751831,0.08667497336864471,0.41086745262145996,"60,220,249,88,12","186,37,220,155,8",3:249:2|3:479:2|3:748:2
ckpt_4100.pt,3,307,0.48406726121902466,0.10395096987485886,0.3914968967437744,"181,117,146,159,152","41,27,96,165,186",3:2:2|3:65:2|3:22:1
ckpt_4100.pt,3,308,0.5046185255050659,0.07649090141057968,0.3911065459251404,"226,72,239,11,136","207,46,28,144,216",3:434:2|3:779:2|3:1:1
ckpt_4100.pt,3,309,0.5092982053756714,0.08998310565948486,0.40438565611839294,"41,59,246,221,254","96,46,223,21,45",3:945:2|3:24:1|3:55:1
ckpt_4100.pt,3,310,0.5716743469238281,0.09313074499368668,0.4566139280796051,"185,27,204,228,139","53,142,12,158,16",3:230:2|3:522:2|3:611:2
ckpt_4100.pt,3,311,0.5182361602783203,0.1035943552851677,0.42081698775291443,"32,112,214,179,129","73,218,46,164,119",3:156:2|3:339:2|3:391:2
ckpt_4100.pt,3,312,0.619215190410614,0.10821932554244995,0.490127831697464,"236,38,114,181,227","28,59,219,253,117",3:471:2|3:655:2|3:1019:2
ckpt_4100.pt,3,313,0.4517044425010681,0.07928626239299774,0.3858291208744049,"143,80,111,128,97","129,13,206,1,199",3:33:2|3:300:2|3:405:2
ckpt_4100.pt,3,314,0.5034606456756592,0.08656333386898041,0.40993884205818176,"202,49,121,229,71","36,21,122,224,116",3:132:2|3:583:2|3:6:1
ckpt_4100.pt,3,315,0.5377547144889832,0.10136324912309647,0.46267327666282654,"47,227,235,117,58","75,129,210,102,10",3:39:2|3:431:2|3:804:2
ckpt_4100.pt,3,316,0.5519020557403564,0.09435080736875534,0.4501330256462097,"164,240,153,244,215","4,130,224,18,146",3:433:2|3:14:1|3:15:1
ckpt_4100.pt,3,317,0.5603300929069519,0.13066115975379944,0.4573248624801636,"54,17,126,84,155","43,126,33,153,158",3:860:2|3:1018:2|3:54:1
ckpt_4100.pt,3,318,0.5750713348388672,0.1098920926451683,0.49349865317344666,"232,251,1,199,159","133,115,212,94,129",3:46:2|3:11:1|3:28:1
ckpt_4100.pt,3,319,0.4734690487384796,0.0887117087841034,0.41218167543411255,"254,42,121,240,31","235,190,97,193,217",3:498:2|3:790:2|3:31:1
ckpt_4100.pt,3,320,0.5777288675308228,0.09038712084293365,0.45592251420021057,"83,132,240,1,59","52,129,122,145,76",3:95:2|3:355:2|3:991:2
ckpt_4100.pt,3,321,0.5873615145683289,0.10922207683324814,0.5011367797851562,"152,25,66,85,182","214,226,114,5,134",3:22:2|3:832:2|3:12:1
ckpt_4100.pt,3,322,0.5888039469718933,0.11173006892204285,0.49501553177833557,"107,11,156,209,124","54,22,255,7,184",3:73:2|3:231:2|3:383:2
ckpt_4100.pt,3,323,0.49191370606422424,0.10160934180021286,0.45389989018440247,"14,1,115,254,242","16,218,89,72,7",3:651:2|3:675:2|3:749:2
ckpt_4100.pt,3,324,0.5464349389076233,0.09407330304384232,0.4695506691932678,"46,194,174,71,18","39,51,76,199,191",3:464:2|3:475:2|3:506:2
ckpt_4100.pt,3,325,0.5472481846809387,0.11401538550853729,0.44602254033088684,"106,103,126,232,114","53,187,8,186,32",3:515:2|3:3:1|3:7:1
ckpt_4100.pt,3,326,0.5283349752426147,0.1026027500629425,0.4520420730113983,"203,215,158,42,36","35,179,173,194,232",3:30:2|3:14:1|3:23:1
ckpt_4100.pt,3,327,0.5724102854728699,0.11903044581413269,0.4988518953323364,"180,223,76,133,253","44,234,230,95,171",3:592:2|3:8:1|3:10:1
ckpt_4100.pt,3,328,0.5207434296607971,0.08808401972055435,0.4227108061313629,"195,122,254,214,89","153,142,58,179,138",3:167:2|3:357:2|3:400:2
ckpt_4100.pt,3,329,0.5711085796356201,0.10468427836894989,0.42611879110336304,"196,74,95,235,128","12,203,119,161,109",3:77:2|3:111:2|3:223:2
ckpt_4100.pt,3,330,0.45416465401649475,0.08869924396276474,0.4122675061225891,"232,48,204,4,170","226,156,83,21,136",3:70:2|3:107:2|3:1009:2
ckpt_4100.pt,3,331,0.5383697748184204,0.1033661887049675,0.4494936764240265,"242,164,163,15,78","133,52,54,244,108",3:669:2|3:911:2|3:15:1
ckpt_4100.pt,3,332,0.5817471742630005,0.13371381163597107,0.49461570382118225,"180,194,245,217,220","75,241,65,167,132",3:173:2|3:297:2|3:412:2
ckpt_4100.pt,3,333,0.5574156641960144,0.0927596241235733,0.4718147814273834,"213,87,241,52,121","210,227,56,43,93",3:31:2|3:237:2|3:941:2
ckpt_4100.pt,3,334,0.5361021757125854,0.1102655678987503,0.4330783486366272,"198,19,128,130,185","46,98,151,252,165",3:242:2|3:272:2|3:281:2
ckpt_4100.pt,3,335,0.5324978828430176,0.12132426351308823,0.40660369396209717,"28,87,174,215,207","25,55,237,113,201",3:274:2|3:629:2|3:680:2
ckpt_4100.pt,3,336,0.5133305788040161,0.10578421503305435,0.4422631859779358,"250,73,32,59,146","77,209,245,101,33",3:234:2|3:270:2|3:629:2
ckpt_4100.pt,3,337,0.4972875416278839,0.0940520241856575,0.415536105632782,"95,223,85,203,80","194,61,105,207,32",3:38:2|3:127:2|3:186:2
ckpt_4100.pt,3,338,0.49557000398635864,0.09684836864471436,0.4331982731819153,"25,246,162,167,48","217,166,174,225,51",3:79:2|3:478:2|3:544:2
ckpt_4100.pt,3,339,0.5357221961021423,0.09930528700351715,0.430318683385849,"179,233,214,189,40","181,249,37,67,78",3:311:2|3:470:2|3:844:2
ckpt_4100.pt,3,340,0.524890124797821,0.10578028857707977,0.40971389412879944,"28,142,184,125,155","197,206,120,62,11",3:238:2|3:631:2|3:794:2
ckpt_4100.pt,3,341,0.554042637348175,0.11701734364032745,0.4493540823459625,"94,132,217,164,161","147,252,35,193,99",3:59:2|3:633:2|3:786:2
ckpt_4100.pt,3,342,0.50857013463974,0.10120544582605362,0.4428243041038513,"233,146,18,2,119","204,208,207,72,12",3:36:2|3:175:2|3:588:2
ckpt_4100.pt,3,343,0.5158421397209167,0.09506513923406601,0.41768941283226013,"242,16,188,195,104","204,66,42,191,85",3:27:1|3:37:1|3:46:1
ckpt_4100.pt,3,344,0.5768671035766602,0.1050005629658699,0.4866383671760559,"90,1,7,72,36","124,213,107,237,30",3:95:2|3:140:2|3:212:2
ckpt_4100.pt,3,345,0.5111167430877686,0.09028565138578415,0.4424078166484833,"62,99,159,194,45","219,7,19,68,35",3:494:2|3:672:2|3:17:1
ckpt_4100.pt,3,346,0.5551174283027649,0.08829327672719955,0.45903268456459045,"108,98,168,158,242","223,149,151,209,36",3:228:2|3:468:2|3:3:1
ckpt_4100.pt,3,347,0.5045856237411499,0.11302389204502106,0.43408048152923584,"237,201,190,77,92","80,175,33,254,249",3:233:2|3:393:2|3:599:2
ckpt_4100.pt,3,348,0.49867361783981323,0.12690886855125427,0.43216222524642944,"245,6,107,76,77","62,216,57,245,189",3:152:2|3:171:2|3:1023:2
ckpt_4100.pt,3,349,0.5028144121170044,0.08906809240579605,0.4267484247684479,"15,120,70,72,129","109,175,194,69,182",3:115:2|3:126:2|3:604:2
ckpt_4100.pt,3,350,0.5531038641929626,0.10590241849422455,0.4545486271381378,"171,25,251,163,109","166,131,237,146,220",3:268:2|3:407:2|3:455:2
ckpt_4100.pt,3,351,0.42793959379196167,0.08422199636697769,0.3915373384952545,"216,175,78,8,9","3,175,196,149,115",3:996:2|3:4:1|3:25:1
ckpt_4100.pt,3,352,0.542512059211731,0.10245872288942337,0.45398980379104614,"98,0,182,73,129","76,81,152,6,194",3:3:1|3:7:1|3:14:1
ckpt_4100.pt,3,353,0.5231099724769592,0.10229833424091339,0.41988828778266907,"174,4,239,20,245","255,57,183,176,199",3:824:2|3:889:2|3:13:1
ckpt_4100.pt,3,354,0.5786029100418091,0.11871388554573059,0.4887799918651581,"252,48,12,130,32","238,15,199,17,67",3:935:3|3:107:2|3:290:2
ckpt_4100.pt,3,355,0.4888607859611511,0.07912298291921616,0.41360795497894287,"231,132,0,83,228","252,183,64,189,62",3:320:2|3:472:2|3:591:2
ckpt_4100.pt,3,356,0.4914814829826355,0.07827089726924896,0.41296955943107605,"172,75,222,69,165","26,87,22,164,237",3:211:2|3:575:2|3:899:2
ckpt_4100.pt,3,357,0.4734742045402527,0.08592855930328369,0.4261818528175354,"89,54,74,130,254","152,72,79,146,241",3:167:2|3:281:2|3:328:2
ckpt_4100.pt,3,358,0.5250562429428101,0.09980508685112,0.4632570743560791,"86,167,22,181,73","132,198,201,114,26",3:390:2|3:763:2|3:808:2
ckpt_4100.pt,3,359,0.549082338809967,0.11517240107059479,0.45421847701072693,"28,133,15,36,57","57,25,143,66,129",3:32:2|3:216:2|3:30:1
ckpt_4100.pt,3,360,0.5808132290840149,0.12363142520189285,0.47878625988960266,"196,188,187,70,128","18,75,54,137,203",3:111:2|3:133:2|3:329:2
ckpt_4100.pt,3,361,0.5341106057167053,0.10525865852832794,0.45504096150398254,"150,161,93,8,223","93,102,171,97,200",3:257:3|3:258:2|3:447:2
ckpt_4100.pt,3,362,0.44288989901542664,0.07495704293251038,0.3969299793243408,"151,98,249,2,209","30,5,43,89,248",3:273:2|3:3:1|3:8:1
ckpt_4100.pt,3,363,0.5102316737174988,0.09730224311351776,0.4016476273536682,"212,181,128,239,79","190,57,11,96,156",3:77:2|3:217:2|3:235:2
ckpt_4100.pt,3,364,0.5053290128707886,0.08653835952281952,0.40722790360450745,"105,40,17,70,224","106,129,56,75,69",3:409:2|3:584:2|3:722:2
ckpt_4100.pt,3,365,0.6160802841186523,0.11786021292209625,0.4800790846347809,"191,71,30,74,188","133,222,21,115,87",3:551:3|3:139:2|3:388:2
ckpt_4100.pt,3,366,0.5662063956260681,0.09835093468427658,0.47844934463500977,"205,168,124,19,84","65,210,102,5,91",3:242:2|3:486:2|3:4:1
ckpt_4100.pt,3,367,0.5630455017089844,0.10031174123287201,0.46371161937713623,"14,106,35,100,189","253,60,152,67,239",3:58:2|3:227:2|3:388:2
ckpt_4100.pt,3,368,0.48376065492630005,0.1283409297466278,0.4221506714820862,"131,132,147,110,53","224,205,27,207,32",3:72:2|3:76:2|3:396:2
ckpt_4100.pt,3,369,0.5712577700614929,0.09767309576272964,0.44114071130752563,"154,91,15,209,203","158,164,112,137,6",3:122:2|3:135:2|3:580:2
ckpt_4100.pt,3,370,0.5083358883857727,0.09790147840976715,0.41673213243484497,"144,171,134,5,160","177,125,208,212,146",3:153:2|3:725:2|3:50:1
ckpt_4100.pt,3,371,0.5415706038475037,0.08892537653446198,0.4585079252719879,"199,248,226,148,3","27,34,249,48,248",3:1:2|3:411:2|3:639:2
ckpt_4100.pt,3,372,0.48914647102355957,0.10935427248477936,0.4224072992801666,"48,82,124,252,155","200,149,187,216,68",3:354:2|3:397:2|3:728:2
ckpt_4100.pt,3,373,0.536903440952301,0.09710567444562912,0.4503495693206787,"235,71,35,63,221","253,143,32,86,76",3:132:2|3:848:2|3:858:2
ckpt_4100.pt,3,374,0.47624465823173523,0.08449199050664902,0.40913915634155273,"254,158,28,78,65","12,239,146,201,71",3:269:2|3:425:2|3:505:2
ckpt_4100.pt,3,375,0.47059762477874756,0.09687590599060059,0.4125807285308838,"29,67,253,61,75","199,154,243,144,4",3:689:2|3:870:2|3:6:1
ckpt_4100.pt,3,376,0.49790483713150024,0.10334836691617966,0.417570024728775,"215,217,172,248,49","44,46,129,17,152",3:5:2|3:581:2|3:752:2
ckpt_4100.pt,3,377,0.537955641746521,0.10593380779027939,0.4403671622276306,"139,0,99,72,183","87,122,189,120,178",3:642:2|3:14:1|3:44:1
ckpt_4100.pt,3,378,0.5825752019882202,0.12662871181964874,0.45343467593193054,"114,3,230,93,157","115,41,131,3,158",3:832:2|3:1020:2|3:3:1
ckpt_4100.pt,3,379,0.5650790333747864,0.12675373256206512,0.4726957082748413,"100,4,108,253,182","167,71,44,144,54",3:17:2|3:145:2|3:147:2
ckpt_4100.pt,3,380,0.405902236700058,0.07246159762144089,0.3733108639717102,"164,7,124,91,200","150,132,167,149,144",3:227:2|3:685:2|3:944:2
ckpt_4100.pt,3,381,0.5772480368614197,0.08905539661645889,0.4866763651371002,"200,165,185,215,81","219,229,91,21,54",3:582:2|3:611:2|3:806:2
ckpt_4100.pt,3,382,0.5210033655166626,0.12303868681192398,0.43130946159362793,"69,34,43,199,46","129,43,225,99,255",3:573:2|3:773:2|3:905:2
ckpt_4100.pt,3,383,0.5227568745613098,0.0969882532954216,0.4481126070022583,"107,114,156,96,207","101,223,81,123,182",3:231:2|3:322:2|3:475:2
ckpt_4100.pt,3,384,0.5703458189964294,0.10849170386791229,0.46130362153053284,"237,130,25,214,134","184,219,112,233,236",3:236:2|3:563:2|3:700:2
ckpt_4100.pt,3,385,0.45551103353500366,0.08526283502578735,0.38569730520248413,"199,83,52,111,163","144,34,50,159,31",3:155:3|3:411:2|3:815:2
ckpt_4100.pt,3,386,0.5183437466621399,0.09271436929702759,0.39998701214790344,"176,75,86,196,90","105,13,82,115,151",3:52:2|3:138:2|3:526:2
ckpt_4100.pt,3,387,0.5405568480491638,0.11135072261095047,0.46257805824279785,"42,56,221,151,99","243,104,199,253,170",3:400:2|3:587:2|3:18:1
ckpt_4100.pt,3,388,0.5446836352348328,0.09923115372657776,0.45462656021118164,"189,100,30,188,227","12,188,22,115,200",3:365:2|3:367:2|3:416:2
ckpt_4100.pt,3,389,0.5206542611122131,0.08806882053613663,0.4327434003353119,"52,86,43,133,35","241,63,251,198,225",3:592:2|3:1:1|3:44:1
ckpt_4100.pt,3,390,0.5468711853027344,0.09956295788288116,0.4444865882396698,"181,224,167,130,254","26,87,13,242,133",3:65:2|3:90:2|3:195:2
ckpt_4100.pt,3,391,0.5522137880325317,0.1079447790980339,0.4719829261302948,"67,214,79,112,124","18,60,243,97,30",3:311:2|3:394:2|3:664:2
ckpt_4100.pt,3,392,0.548858106136322,0.126300647854805,0.43033453822135925,"91,184,238,255,204","231,112,4,200,65",3:753:2|3:1:1|3:38:1
ckpt_4100.pt,3,393,0.5537756085395813,0.09572677314281464,0.44004398584365845,"196,77,216,219,237","154,208,104,56,150",3:347:2|3:676:2|3:924:2
ckpt_4100.pt,3,394,0.5056246519088745,0.08510671555995941,0.43827328085899353,"124,47,201,214,246","50,85,130,209,38",3:391:2|3:410:2|3:778:2
ckpt_4100.pt,3,395,0.4860820770263672,0.09188204258680344,0.4106901288032532,"116,154,129,12,37","34,103,149,32,46",3:126:2|3:417:2|3:495:2
ckpt_4100.pt,3,396,0.5504806637763977,0.11437030881643295,0.4388664662837982,"153,194,175,110,147","230,254,245,228,6",3:76:2|3:264:2|3:368:2
ckpt_4100.pt,3,397,0.5283852815628052,0.09258511662483215,0.4127557575702667,"155,86,171,3,252","117,239,124,252,77",3:119:2|3:372:2|3:751:2
ckpt_4100.pt,3,398,0.4873034954071045,0.08373153954744339,0.4274190664291382,"142,107,194,17,149","141,43,122,70,78",3:85:2|3:205:2|3:644:2
ckpt_4100.pt,3,399,0.526597797870636,0.0864795669913292,0.48476171493530273,"109,99,128,172,200","237,52,240,17,155",3:602:2|3:634:2|3:679:2
ckpt_4100.pt,3,400,0.551633358001709,0.10554806888103485,0.44743457436561584,"122,89,221,151,84","2,49,179,206,60",3:328:2|3:387:2|3:1018:2
ckpt_4100.pt,3,401,0.5560396313667297,0.12308209389448166,0.47277265787124634,"107,66,35,60,0","198,69,183,221,85",3:265:2|3:435:2|3:510:2
ckpt_4100.pt,3,402,0.5433028340339661,0.11192362755537033,0.4263031482696533,"0,54,40,198,152","248,128,81,212,125",3:14:2|3:2:1|3:22:1
ckpt_4100.pt,3,403,0.5528542995452881,0.1135234609246254,0.4614744484424591,"47,94,35,252,230","249,17,221,202,37",3:633:3|3:7:2|3:486:2
ckpt_4100.pt,3,404,0.4974619448184967,0.09466927498579025,0.452195405960083,"186,71,251,21,99","205,74,186,99,170",3:841:2|3:11:1|3:36:1
ckpt_4100.pt,3,405,0.5729547739028931,0.12629154324531555,0.4473631978034973,"111,2,59,97,126","39,3,115,56,149",3:868:3|3:197:2|3:313:2
ckpt_4100.pt,3,406,0.5744916200637817,0.1289544403553009,0.456058144569397,"31,127,235,233,92","38,75,216,170,141",3:415:2|3:636:2|3:961:2
ckpt_4100.pt,3,407,0.5161321759223938,0.1107925996184349,0.48536911606788635,"25,109,7,244,177","102,2,175,33,89",3:350:2|3:634:2|3:894:2
ckpt_4100.pt,3,408,0.5512582063674927,0.0975753664970398,0.4710080623626709,"119,76,149,40,64","36,227,194,117,132",3:460:2|3:588:2|3:753:2
ckpt_4100.pt,3,409,0.5625214576721191,0.10457704961299896,0.47008246183395386,"179,105,11,205,224","248,9,81,196,60",3:148:2|3:364:2|3:934:2
ckpt_4100.pt,3,410,0.5212719440460205,0.10340665280818939,0.4055956304073334,"47,22,19,119,246","162,194,119,42,97",3:26:2|3:39:2|3:394:2
ckpt_4100.pt,3,411,0.5271568298339844,0.08711331337690353,0.44967368245124817,"81,252,199,148,52","96,20,89,118,52",3:295:2|3:371:2|3:385:2
ckpt_4100.pt,3,412,0.5424230098724365,0.10829175263643265,0.43624046444892883,"40,220,217,130,33","116,245,85,31,137",3:206:2|3:332:2|3:726:2
ckpt_4100.pt,3,413,0.5354765057563782,0.09570683538913727,0.4446062743663788,"252,28,194,63,175","221,83,47,85,94",3:74:2|3:184:2|3:199:2
ckpt_4100.pt,3,414,0.5467193126678467,0.09354940056800842,0.44585713744163513,"183,35,242,51,20","39,120,87,40,4",3:857:2|3:42:1|3:43:1
ckpt_4100.pt,3,415,0.4920623004436493,0.0982646495103836,0.3988322615623474,"92,139,245,137,233","98,126,174,17,136",3:406:2|3:626:2|3:6:1
ckpt_4100.pt,3,416,0.47789594531059265,0.07544297724962234,0.39219149947166443,"218,1,100,81,30","255,112,222,128,82",3:140:2|3:145:2|3:388:2
ckpt_4100.pt,3,417,0.4750400483608246,0.07721126824617386,0.4319283664226532,"154,2,232,129,160","225,42,109,171,4",3:395:2|3:543:2|3:609:2
ckpt_4100.pt,3,418,0.49088254570961,0.10394647717475891,0.43053051829338074,"196,248,224,51,251","202,171,27,66,106",3:172:2|3:202:2|3:876:2
ckpt_4100.pt,3,419,0.5355345010757446,0.09447146207094193,0.45205041766166687,"48,95,194,212,146","133,165,203,140,37",3:190:2|3:199:2|3:449:2
ckpt_4100.pt,3,420,0.5555896759033203,0.08922158181667328,0.4446258544921875,"206,130,207,222,202","228,198,35,97,136",3:900:2|3:0:1|3:35:1
ckpt_4100.pt,3,421,0.47712069749832153,0.09726309776306152,0.41346657276153564,"233,247,140,209,109","36,154,103,223,82",3:980:2|3:995:2|3:6:1
ckpt_4100.pt,3,422,0.4924756586551666,0.1109449565410614,0.44199079275131226,"44,81,155,80,100","123,87,244,137,239",3:628:3|3:2:2|3:416:2
ckpt_4100.pt,3,423,0.5894954800605774,0.11086530983448029,0.45658889412879944,"41,196,30,9,253","146,85,3,138,105",3:146:2|3:492:2|3:676:2
ckpt_4100.pt,3,424,0.4892166256904602,0.08713018894195557,0.40830469131469727,"7,78,239,18,220","143,205,44,233,224",3:868:2|3:877:2|3:16:1
ckpt_4100.pt,3,425,0.5444771647453308,0.11905419826507568,0.4819335341453552,"97,163,28,254,249","106,194,126,195,64",3:275:2|3:288:2|3:374:2
ckpt_4100.pt,3,426,0.5270771384239197,0.09662928432226181,0.431948184967041,"157,220,87,180,30","187,230,62,203,174",3:206:2|3:332:2|3:441:2
ckpt_4100.pt,3,427,0.575258731842041,0.10323183238506317,0.4972565472126007,"70,81,216,39,118","233,44,217,145,117",3:98:2|3:743:2|3:799:2
ckpt_4100.pt,3,428,0.5623534321784973,0.09100931137800217,0.46606555581092834,"221,201,108,224,8","27,43,52,113,103",3:87:2|3:187:2|3:681:2
ckpt_4100.pt,3,429,0.595694899559021,0.11221080273389816,0.487769216299057,"143,191,30,88,17","161,188,11,95,57",3:68:2|3:196:2|3:365:2
ckpt_4100.pt,3,430,0.52928227186203,0.09927251189947128,0.405897855758667,"16,84,254,152,241","169,167,168,126,29",3:104:2|3:261:2|3:749:2
ckpt_4100.pt,3,431,0.47539153695106506,0.11018815636634827,0.37772735953330994,"168,219,51,47,58","143,231,17,62,253",3:508:3|3:315:2|3:7:1
ckpt_4100.pt,3,432,0.5823253989219666,0.1055784597992897,0.4834548234939575,"28,114,34,95,141","4,174,26,113,50",3:246:2|3:275:2|3:632:2
ckpt_4100.pt,3,433,0.5908357501029968,0.1512415111064911,0.4565545916557312,"77,164,184,153,72","78,172,186,70,99",3:316:2|3:589:2|3:909:2
ckpt_4100.pt,3,434,0.4843720495700836,0.07954399287700653,0.3908821642398834,"29,11,133,72,95","220,44,144,254,195",3:308:2|3:496:2|3:862:2
ckpt_4100.pt,3,435,0.5268638134002686,0.10910452157258987,0.44018983840942383,"244,24,0,35,155","66,73,201,116,90",3:401:2|3:783:2|3:5:1
ckpt_4100.pt,3,436,0.4954698085784912,0.08592081815004349,0.4246844947338104,"213,218,221,12,166","19,245,89,230,150",3:56:2|3:588:2|3:687:2
ckpt_4100.pt,3,437,0.5258088707923889,0.0995214655995369,0.46997639536857605,"93,179,132,121,221","130,198,201,181,150",3:132:2|3:532:2|3:542:2
ckpt_4100.pt,3,438,0.4656751751899719,0.06923817098140717,0.3790382444858551,"14,190,73,133,56","0,41,61,97,55",3:61:2|3:203:2|3:496:2
ckpt_4100.pt,3,439,0.5141025185585022,0.09475954622030258,0.46599751710891724,"32,15,8,82,162","251,181,9,180,215",3:478:2|3:709:2|3:883:2
ckpt_4100.pt,3,440,0.5380184054374695,0.10413466393947601,0.4430125951766968,"94,181,190,85,126","72,109,190,52,83",3:102:2|3:670:2|3:2:1
ckpt_4100.pt,3,441,0.47688573598861694,0.08782895654439926,0.4114142060279846,"178,156,151,87,180","27,186,80,76,137",3:791:3|3:426:2|3:587:2
ckpt_4100.pt,3,442,0.5070149302482605,0.08614908158779144,0.41563424468040466,"240,228,58,167,199","97,82,166,116,93",3:641:2|3:691:2|3:28:1
ckpt_4100.pt,3,443,0.5094926357269287,0.14134393632411957,0.4411959648132324,"39,100,21,217,202","51,128,194,238,153",3:561:2|3:912:2|3:5:1
ckpt_4100.pt,3,444,0.5018349885940552,0.10264419764280319,0.4256269335746765,"99,245,149,112,208","104,197,34,70,196",3:494:2|3:881:2|3:0:1
ckpt_4100.pt,3,445,0.48142287135124207,0.08633376657962799,0.4271472096443176,"57,186,113,176,180","180,225,204,123,27",3:466:2|3:618:2|3:649:2
ckpt_4100.pt,3,446,0.5261967778205872,0.08709987998008728,0.43063682317733765,"157,199,215,2,0","115,29,103,16,248",3:14:2|3:176:2|3:497:2
ckpt_4100.pt,3,447,0.5308444499969482,0.1110265702009201,0.47218719124794006,"179,150,6,161,229","40,54,175,250,160",3:86:2|3:361:2|3:6:1
ckpt_4100.pt,3,448,0.5455136299133301,0.10938321053981781,0.43197402358055115,"239,21,228,26,45","13,165,158,177,164",3:103:2|3:452:2|3:547:2
ckpt_4100.pt,3,449,0.4413732886314392,0.0826159343123436,0.3877474367618561,"161,95,48,103,247","109,201,46,191,76",3:47:2|3:252:2|3:419:2
ckpt_4100.pt,3,450,0.5532566905021667,0.09903073310852051,0.4764872193336487,"166,237,1,246,157","178,48,247,162,128",3:241:2|3:57:1|3:70:1
ckpt_4100.pt,3,451,0.6207858324050903,0.11444538831710815,0.5122727751731873,"81,204,33,95,229","248,164,166,82,199",3:38:2|3:191:2|3:287:2
ckpt_4100.pt,3,452,0.5099925398826599,0.10323770344257355,0.4348829388618469,"237,26,232,68,45","227,56,254,21,207",3:136:2|3:448:2|3:547:2
ckpt_4100.pt,3,453,0.5839589834213257,0.08797517418861389,0.45350125432014465,"135,245,165,232,88","28,169,159,163,36",3:715:2|3:899:2|3:3:1
ckpt_4100.pt,3,454,0.543691098690033,0.10170626640319824,0.4227692484855652,"41,212,233,63,61","244,135,191,234,41",3:142:2|3:737:2|3:0:1
ckpt_4100.pt,3,455,0.5165514349937439,0.09362807124853134,0.4448680877685547,"130,152,97,171,251","53,65,86,211,236",3:624:3|3:350:2|3:708:2
ckpt_4100.pt,3,456,0.5888773798942566,0.12058531492948532,0.4781264066696167,"98,252,188,215,121","179,157,196,76,194",3:784:3|3:274:2|3:562:2
ckpt_4100.pt,3,457,0.5865055918693542,0.11379220336675644,0.424542099237442,"64,255,38,82,254","19,209,42,55,79",3:229:3|3:296:2|3:564:2
ckpt_4100.pt,3,458,0.5785014629364014,0.12701252102851868,0.46853575110435486,"184,43,47,1,185","58,115,186,100,142",3:57:2|3:1013:2|3:7:1
ckpt_4100.pt,3,459,0.5674969553947449,0.11415772140026093,0.4171628952026367,"72,228,209,16,173","18,47,134,165,238",3:970:2|3:28:1|3:36:1
ckpt_4100.pt,3,460,0.5315782427787781,0.0921141728758812,0.44587722420692444,"29,76,163,119,116","29,200,204,246,120",3:254:2|3:408:2|3:588:2
ckpt_4100.pt,3,461,0.5183503031730652,0.10081333667039871,0.417240709066391,"154,179,182,243,208","4,90,158,168,118",3:287:2|3:822:2|3:0:1
ckpt_4100.pt,3,462,0.5271585583686829,0.09459010511636734,0.4554584324359894,"231,170,182,250,102","162,93,185,254,211",3:234:2|3:549:2|3:17:1
ckpt_4100.pt,3,463,0.5201312899589539,0.08948389440774918,0.4340944290161133,"108,47,19,36,40","97,138,40,173,193",3:26:2|3:410:2|3:566:2
ckpt_4100.pt,3,464,0.5298827886581421,0.10499905049800873,0.4477664530277252,"103,98,174,167,46","186,248,75,129,163",3:168:2|3:252:2|3:292:2
ckpt_4100.pt,3,465,0.550014853477478,0.09748274832963943,0.4513726234436035,"137,212,136,14,46","239,155,7,247,163",3:912:2|3:0:1|3:10:1
ckpt_4100.pt,3,466,0.47407466173171997,0.07532202452421188,0.4018244743347168,"36,230,241,180,176","99,71,49,182,13",3:241:2|3:445:2|3:618:2
ckpt_4100.pt,3,467,0.5357831120491028,0.11243968456983566,0.44630247354507446,"219,79,53,128,38","197,72,57,130,53",3:77:2|3:121:2|3:363:2
ckpt_4100.pt,3,468,0.5881549119949341,0.10580087453126907,0.4725053906440735,"162,156,168,123,158","144,30,232,26,129",3:346:2|3:735:2|3:776:2
ckpt_4100.pt,3,469,0.5129761099815369,0.1005794033408165,0.420791357755661,"125,113,114,203,242","88,217,189,255,80",3:105:2|3:580:2|3:3:1
ckpt_4100.pt,3,470,0.4952712953090668,0.10954529047012329,0.4346926808357239,"196,189,179,81,117","63,20,188,3,24",3:2:2|3:191:2|3:223:2
ckpt_4100.pt,3,471,0.5030405521392822,0.09977929294109344,0.4530983567237854,"15,114,41,38,165","242,252,13,42,31",3:716:3|3:312:2|3:604:2
ckpt_4100.pt,3,472,0.5425786972045898,0.11785849183797836,0.4784431755542755,"231,221,83,227,146","113,44,207,83,150",3:190:2|3:355:2|3:591:2
ckpt_4100.pt,3,473,0.5563758611679077,0.09659837931394577,0.45354369282722473,"213,185,58,231,157","204,187,6,173,162",3:522:2|3:611:2|3:772:2
ckpt_4100.pt,3,474,0.5144249200820923,0.08951494097709656,0.4273254871368408,"76,158,204,222,219","130,174,29,116,98",3:1:1|3:8:1|3:19:1
ckpt_4100.pt,3,475,0.5413921475410461,0.10975418239831924,0.47100526094436646,"96,46,156,40,18","56,193,160,65,136",3:284:2|3:324:2|3:383:2
ckpt_4100.pt,3,476,0.5113318562507629,0.10152813792228699,0.4654366970062256,"29,159,233,206,151","60,2,245,35,11",3:18:2|3:50:2|3:656:2
ckpt_4100.pt,3,477,0.5249972939491272,0.09113054722547531,0.4222666919231415,"81,208,120,157,79","1,167,242,124,46",3:235:2|3:301:2|3:0:1
ckpt_4100.pt,3,478,0.4992716312408447,0.1096549853682518,0.43778112530708313,"216,15,48,2,162","66,244,111,146,80",3:56:2|3:79:2|3:338:2
ckpt_4100.pt,3,479,0.5525781512260437,0.12050341069698334,0.4754998981952667,"88,15,56,220,227","217,143,29,219,56",3:80:2|3:306:2|3:748:2
ckpt_4100.pt,3,480,0.5590655207633972,0.12036716192960739,0.44906195998191833,"197,226,194,61,38","228,197,119,246,243",3:767:2|3:987:2|3:1:1
ckpt_4100.pt,3,481,0.5581576824188232,0.12268169969320297,0.413672536611557,"2,183,80,82,163","63,233,28,168,238",3:186:2|3:217:2|3:805:2
ckpt_4100.pt,3,482,0.5495363473892212,0.10592330247163773,0.4858907163143158,"218,3,61,19,251","200,205,39,165,142",3:829:2|3:11:1|3:23:1
ckpt_4100.pt,3,483,0.5027652382850647,0.10860130935907364,0.41847795248031616,"61,100,83,119,107","126,3,97,73,54",3:623:2|3:766:2|3:1021:2
ckpt_4100.pt,3,484,0.5564562082290649,0.09015603363513947,0.45071136951446533,"144,243,75,41,108","187,182,215,21,207",3:169:2|3:896:2|3:6:1
ckpt_4100.pt,3,485,0.519803524017334,0.08571099489927292,0.41916710138320923,"184,135,209,6,106","108,8,7,18,61",3:70:2|3:1022:2|3:3:1
ckpt_4100.pt,3,486,0.5509545803070068,0.123250812292099,0.5016672611236572,"205,124,94,220,35","203,132,94,56,40",3:34:2|3:366:2|3:403:2
ckpt_4100.pt,3,487,0.5065361261367798,0.11741561442613602,0.39733389019966125,"20,24,190,13,98","218,43,245,7,230",3:177:2|3:3:1|3:5:1
ckpt_4100.pt,3,488,0.5627007484436035,0.0974108874797821,0.4463712275028229,"215,237,142,241,14","41,231,34,151,28",3:676:2|3:5:1|3:9:1
ckpt_4100.pt,3,489,0.5008606910705566,0.09356414526700974,0.41162124276161194,"9,64,148,164,201","234,82,144,193,92",3:15:1|3:21:1|3:54:1
ckpt_4100.pt,3,490,0.5556252598762512,0.108223095536232,0.470026433467865,"180,255,135,247,182","99,214,103,202,219",3:124:2|3:182:2|3:224:2
ckpt_4100.pt,3,491,0.536963939666748,0.0808461606502533,0.44750750064849854,"154,66,219,172,33","181,157,102,130,23",3:508:2|3:924:2|3:977:2
ckpt_4100.pt,3,492,0.5085579752922058,0.10465383529663086,0.434844046831131,"196,32,136,200,41","134,244,144,10,209",3:107:2|3:220:2|3:227:2
ckpt_4100.pt,3,493,0.43944090604782104,0.0923762321472168,0.3997432589530945,"163,156,6,185,243","137,27,16,120,138",3:73:2|3:643:2|3:890:2
ckpt_4100.pt,3,494,0.5507621765136719,0.1226796954870224,0.4736648201942444,"194,235,195,112,99","168,194,230,82,83",3:345:2|3:444:2|3:524:2
ckpt_4100.pt,3,495,0.5471977591514587,0.08796911686658859,0.4590129852294922,"129,59,227,12,175","155,235,174,10,199",3:138:2|3:192:2|3:395:2
ckpt_4100.pt,3,496,0.5109233260154724,0.11968062072992325,0.47566574811935425,"189,190,14,29,11","67,17,8,158,198",3:367:2|3:434:2|3:438:2
ckpt_4100.pt,3,497,0.5499604940414429,0.08872880041599274,0.44819536805152893,"215,2,104,117,214","183,115,94,195,17",3:198:2|3:446:2|3:647:2
ckpt_4100.pt,3,498,0.5787358283996582,0.11373481154441833,0.4456632137298584,"182,121,31,248,185","205,155,135,44,4",3:319:2|3:1:1|3:5:1
ckpt_4100.pt,3,499,0.49825188517570496,0.09519486129283905,0.405274361371994,"117,41,198,3,143","234,254,93,225,61",3:233:2|3:300:2|3:706:2
ckpt_4100.pt,3,500,0.5632872581481934,0.10747772455215454,0.45363786816596985,"102,34,255,25,240","214,199,84,190,138",3:22:1|3:24:1|3:38:1
ckpt_4100.pt,3,501,0.5670771598815918,0.0890788584947586,0.4843555986881256,"244,120,89,173,210","156,213,206,158,160",3:3:2|3:29:2|3:163:2
ckpt_4100.pt,3,502,0.5463706851005554,0.10411278158426285,0.4366399347782135,"47,32,41,141,140","151,62,139,70,174",3:15:2|3:96:2|3:290:2
ckpt_4100.pt,3,503,0.5162708759307861,0.1035059466958046,0.4323420226573944,"75,162,56,49,50","196,44,21,150,214",3:79:2|3:138:2|3:783:2
ckpt_4100.pt,3,504,0.6554908156394958,0.11035826802253723,0.513740599155426,"91,173,169,187,92","22,191,121,149,207",3:615:2|3:22:1|3:35:1
ckpt_4100.pt,3,505,0.5563019514083862,0.095522440969944,0.5095841884613037,"25,245,78,212,158","75,77,239,127,13",3:266:2|3:374:2|3:836:2
ckpt_4100.pt,3,506,0.5619937181472778,0.1276901513338089,0.4569492042064667,"224,157,46,174,25","32,50,200,245,1",3:324:2|3:464:2|3:20:1
ckpt_4100.pt,3,507,0.5060088038444519,0.09704187512397766,0.41016048192977905,"80,114,179,152,53","244,27,12,145,183",3:585:3|3:695:2|3:857:2
ckpt_4100.pt,3,508,0.5088924765586853,0.10297256708145142,0.4181753098964691,"219,111,168,33,47","190,4,65,12,230",3:431:3|3:491:2|3:937:2
ckpt_4100.pt,3,509,0.49810367822647095,0.08968263864517212,0.4022578299045563,"182,242,32,217,76","74,23,110,248,222",3:93:2|3:210:2|3:277:2
ckpt_4100.pt,3,510,0.4852563440799713,0.08697488903999329,0.4151931703090668,"109,248,107,35,132","9,26,113,148,103",3:231:2|3:401:2|3:554:2
ckpt_4100.pt,3,511,0.49783745408058167,0.09248100221157074,0.45540913939476013,"163,13,151,182,10","175,81,152,142,245",3:17:1|3:18:1|3:27:1
ckpt_4100.pt,3,512,0.5350444912910461,0.09609968215227127,0.46960026025772095,"254,68,48,18,179","74,46,163,232,226",3:229:2|3:997:2|3:16:1
ckpt_4100.pt,3,513,0.5646491050720215,0.0955604836344719,0.49352362751960754,"17,203,172,191,22","252,41,37,5,53",3:109:2|3:429:2|3:4:1
ckpt_4100.pt,3,514,0.49280405044555664,0.08839568495750427,0.4196026921272278,"135,18,65,201,109","207,51,28,99,201",3:16:2|3:678:2|3:746:2
ckpt_4100.pt,3,515,0.5698645710945129,0.13455593585968018,0.5045902729034424,"167,114,70,146,232","140,1,216,78,37",3:69:2|3:240:2|3:325:2
ckpt_4100.pt,3,516,0.5063209533691406,0.11069262772798538,0.4302607774734497,"72,230,149,151,174","85,116,174,154,34",3:818:2|3:881:2|3:18:1
ckpt_4100.pt,3,517,0.4262477457523346,0.07276313751935959,0.3921698331832886,"168,186,173,54,161","34,69,174,89,144",3:21:1|3:34:1|3:40:1
ckpt_4100.pt,3,518,0.50444495677948,0.08041217178106308,0.4261462688446045,"247,156,11,73,248","94,122,130,81,66",3:231:2|3:322:2|3:1:1
ckpt_4100.pt,3,519,0.4977368712425232,0.10045170783996582,0.3990847170352936,"85,230,57,252,213","66,1,5,62,174",3:184:2|3:403:2|3:527:2
ckpt_4100.pt,3,520,0.5227580666542053,0.11878225207328796,0.4235017001628876,"20,103,215,12,197","210,235,85,78,84",3:14:2|3:4:1|3:12:1
ckpt_4100.pt,3,521,0.592362105846405,0.11507996916770935,0.49676617980003357,"180,29,23,126,216","205,229,89,17,122",3:541:2|3:4:1|3:6:1
ckpt_4100.pt,3,522,0.589902937412262,0.13358181715011597,0.4814683496952057,"27,87,185,231,233","93,101,239,41,44",3:187:2|3:310:2|3:473:2
ckpt_4100.pt,3,523,0.5618107318878174,0.09768049418926239,0.4506174325942993,"56,124,59,25,110","19,13,166,142,221",3:38:2|3:138:2|3:700:2
ckpt_4100.pt,3,524,0.46363067626953125,0.07673943787813187,0.3865586519241333,"100,195,66,80,194","116,211,176,77,42",3:58:2|3:422:2|3:494:2
ckpt_4100.pt,3,525,0.5211104154586792,0.09973712265491486,0.4269786775112152,"173,175,112,11,200","203,150,189,175,221",3:25:2|3:74:2|3:716:2
ckpt_4100.pt,3,526,0.5187103748321533,0.10916204005479813,0.4054245352745056,"75,206,88,110,86","49,109,183,90,21",3:52:2|3:272:2|3:386:2
ckpt_4100.pt,3,527,0.5499252080917358,0.10282507538795471,0.44359996914863586,"76,252,213,248,117","26,173,255,221,117",3:24:2|3:184:2|3:198:2
ckpt_4100.pt,3,528,0.5790776610374451,0.0910133570432663,0.43600955605506897,"181,125,6,147,53","87,13,69,148,97",3:192:2|3:368:2|3:586:2
ckpt_4100.pt,3,529,0.5050194263458252,0.10515789687633514,0.4327516555786133,"171,196,195,235,147","153,35,175,180,15",3:137:2|3:153:2|3:329:2
ckpt_4100.pt,3,530,0.43899857997894287,0.08136500418186188,0.42139455676078796,"141,163,152,230,45","119,110,29,126,72",3:261:2|3:20:1|3:22:1
ckpt_4100.pt,3,531,0.5660237073898315,0.10736680030822754,0.44321057200431824,"67,20,22,96,196","67,117,155,225,221",3:625:2|3:928:2|3:992:2
ckpt_4100.pt,3,532,0.5339122414588928,0.09095263481140137,0.45960795879364014,"107,50,179,147,221","93,174,214,96,71",3:437:2|3:11:1|3:16:1
ckpt_4100.pt,3,533,0.5789057612419128,0.11690136790275574,0.4321596026420593,"235,132,98,191,212","37,146,221,26,165",3:19:2|3:603:2|3:838:2
ckpt_4100.pt,3,534,0.5621739625930786,0.11944060772657394,0.4656068682670593,"187,43,66,40,227","113,69,203,72,140",3:189:2|3:917:2|3:2:1
ckpt_4100.pt,3,535,0.5390058755874634,0.09259531646966934,0.44288599491119385,"79,185,19,210,80","129,42,71,191,215",3:9:2|3:35:2|3:50:2
ckpt_4100.pt,3,536,0.5433377623558044,0.10642800480127335,0.44388025999069214,"133,23,81,87,160","221,136,105,206,45",3:280:2|3:687:2|3:2:1
ckpt_4100.pt,3,537,0.5509321093559265,0.12664902210235596,0.47133034467697144,"35,14,57,49,114","150,152,26,202,83",3:178:2|3:367:2|3:3:1
ckpt_4100.pt,3,538,0.5323410034179688,0.11768846958875656,0.438508003950119,"144,54,153,81,61","174,71,175,219,95",3:131:2|3:2:1|3:40:1
ckpt_4100.pt,3,539,0.5805275440216064,0.10843980312347412,0.4680287837982178,"145,205,173,110,252","143,175,68,31,254",3:0:2|3:183:2|3:222:2
ckpt_4100.pt,3,540,0.5418683290481567,0.10451707988977432,0.43188318610191345,"43,22,182,217,252","37,217,26,173,216",3:796:3|3:74:2|3:290:2
ckpt_4100.pt,3,541,0.5125506520271301,0.08541339635848999,0.3852621912956238,"110,180,201,79,126","85,233,172,19,75",3:521:2|3:550:2|3:568:2
ckpt_4100.pt,3,542,0.5267264246940613,0.08063755184412003,0.48030805587768555,"1,121,221,145,196","239,41,220,140,219",3:132:2|3:437:2|3:885:2
ckpt_4100.pt,3,543,0.5729584693908691,0.10470276325941086,0.4655154347419739,"2,251,46,154,47","243,84,58,200,52",3:157:2|3:417:2|3:624:2
ckpt_4100.pt,3,544,0.4914167821407318,0.08680832386016846,0.4072858393192291,"96,162,94,167,203","90,112,38,250,96",3:68:2|3:338:2|3:839:2
ckpt_4100.pt,3,545,0.5168060064315796,0.10112328082323074,0.4392807185649872,"174,139,50,189,24","236,87,62,168,179",3:5:1|3:28:1|3:31:1
ckpt_4100.pt,3,546,0.5345144271850586,0.07930179685354233,0.42118555307388306,"182,55,136,141,92","18,146,75,9,142",3:861:3|3:632:2|3:17:1
ckpt_4100.pt,3,547,0.4678087532520294,0.08333789557218552,0.37975597381591797,"121,126,45,47,26","215,85,86,164,180",3:98:2|3:448:2|3:452:2
ckpt_4100.pt,3,548,0.5466368198394775,0.11334484070539474,0.4360737204551697,"187,226,84,135,162","84,9,141,142,21",3:67:2|3:78:2|3:179:2
ckpt_4100.pt,3,549,0.484688937664032,0.0825156643986702,0.41012629866600037,"147,170,65,102,224","155,24,50,247,105",3:65:2|3:462:2|3:962:2
ckpt_4100.pt,3,550,0.6099143624305725,0.1334506869316101,0.4855462908744812,"122,126,204,79,136","76,92,197,147,15",3:240:2|3:541:2|3:696:2
ckpt_4100.pt,3,551,0.4630555212497711,0.0874793529510498,0.4022737145423889,"71,74,213,191,248","255,201,197,84,121",3:365:3|3:527:2|3:648:2
ckpt_4100.pt,3,552,0.5506535768508911,0.10658983886241913,0.4617765247821808,"165,156,210,116,234","70,28,55,207,182",3:254:2|3:743:2|3:905:2
ckpt_4100.pt,3,553,0.5409688353538513,0.12207416445016861,0.4778008759021759,"75,254,117,218,233","21,44,141,37,7",3:6:2|3:88:2|3:660:2
ckpt_4100.pt,3,554,0.4956621825695038,0.0853545144200325,0.3899834454059601,"198,25,67,132,107","197,107,54,32,141",3:510:2|3:870:2|3:12:1
ckpt_4100.pt,3,555,0.480742484331131,0.12735939025878906,0.41563472151756287,"99,129,216,83,143","71,237,166,31,110",3:760:2|3:805:2|3:855:2
ckpt_4100.pt,3,556,0.51480633020401,0.11668556928634644,0.41522344946861267,"114,170,144,97,190","174,146,74,233,184",3:631:2|3:925:2|3:3:1
ckpt_4100.pt,3,557,0.5153360366821289,0.11517012864351273,0.4211741089820862,"27,9,102,77,188","223,33,197,82,68",3:133:2|3:139:2|3:27:1
ckpt_4100.pt,3,558,0.5599579811096191,0.10202103853225708,0.4349919557571411,"132,207,74,70,31","180,36,191,139,9",3:76:2|3:565:2|3:654:2
ckpt_4100.pt,3,559,0.4747586250305176,0.07018020749092102,0.4125801622867584,"207,223,178,103,235","188,102,166,145,184",3:908:2|3:973:2|3:1005:2
ckpt_4100.pt,3,560,0.5381875038146973,0.12180033326148987,0.4720119535923004,"82,181,110,66,199","219,43,192,247,128",3:217:2|3:773:2|3:1019:2
ckpt_4100.pt,3,561,0.5431833863258362,0.10014329105615616,0.39932918548583984,"17,121,159,21,217","14,231,89,25,53",3:443:2|3:787:2|3:5:1
ckpt_4100.pt,3,562,0.5496914386749268,0.09961136430501938,0.4913051724433899,"109,188,150,208,215","76,214,75,15,66",3:9:2|3:158:2|3:274:2
ckpt_4100.pt,3,563,0.5221560597419739,0.08707939088344574,0.43965408205986023,"130,25,144,48,188","32,39,153,7,221",3:169:2|3:274:2|3:338:2
ckpt_4100.pt,3,564,0.48824816942214966,0.09883018583059311,0.41859930753707886,"224,56,255,82,161","18,87,71,93,21",3:60:2|3:209:2|3:457:2
ckpt_4100.pt,3,565,0.5414468050003052,0.10425984114408493,0.47873756289482117,"1,70,74,179,93","221,172,48,3,253",3:437:2|3:558:2|3:8:1
ckpt_4100.pt,3,566,0.5065832138061523,0.0908837765455246,0.39864835143089294,"19,36,21,103,139","51,27,218,50,116",3:463:2|3:673:2|3:12:1
ckpt_4100.pt,3,567,0.48451536893844604,0.0954522043466568,0.44023948907852173,"194,242,56,205,37","146,38,143,91,111",3:91:2|3:661:2|3:669:2
ckpt_4100.pt,3,568,0.4851209819316864,0.08366277068853378,0.3638475239276886,"175,180,182,79,15","176,71,142,163,223",3:35:2|3:490:2|3:541:2
ckpt_4100.pt,3,569,0.5429321527481079,0.10161253809928894,0.4116252064704895,"255,53,81,141,123","252,53,229,56,212",3:114:2|3:246:2|3:739:2
ckpt_4100.pt,3,570,0.5608111619949341,0.11119229346513748,0.48346376419067383,"119,206,45,46,95","173,143,212,54,141",3:103:2|3:194:2|3:252:2
ckpt_4100.pt,3,571,0.5273239612579346,0.09074489027261734,0.4243272840976715,"202,12,138,78,209","233,244,146,239,11",3:35:1|3:36:1|3:69:1
ckpt_4100.pt,3,572,0.5605982542037964,0.09586203098297119,0.4461609423160553,"248,65,164,39,23","139,169,198,4,133",3:165:2|3:202:2|3:293:2
ckpt_4100.pt,3,573,0.5095190405845642,0.08802630007266998,0.3956913650035858,"45,43,205,107,34","238,241,32,75,42",3:265:2|3:382:2|3:623:2
ckpt_4100.pt,3,574,0.5416805744171143,0.09985890239477158,0.45366063714027405,"149,103,225,14,224","71,245,95,186,3",3:283:2|3:727:2|3:750:2
ckpt_4100.pt,3,575,0.5738453269004822,0.109033964574337,0.4727141261100769,"24,137,75,222,224","150,18,149,47,54",3:79:3|3:356:2|3:771:2
ckpt_4100.pt,3,576,0.5417298674583435,0.10298313200473785,0.44619157910346985,"91,225,33,34,61","136,99,13,138,12",3:767:2|3:947:2|3:992:2
ckpt_4100.pt,3,577,0.4541824460029602,0.06913682073354721,0.4071763753890991,"180,54,238,2,9","219,109,177,174,85",3:739:2|3:8:1|3:62:1
ckpt_4100.pt,3,578,0.5191982984542847,0.09593239426612854,0.4236733317375183,"114,19,130,127,71","55,196,202,204,232",3:242:2|3:334:2|3:747:2
ckpt_4100.pt,3,579,0.4956725239753723,0.12351655215024948,0.4403128921985626,"70,13,27,203,248","27,212,53,233,217",3:40:2|3:648:2|3:1:1
ckpt_4100.pt,3,580,0.518863320350647,0.10074987262487411,0.42809993028640747,"156,203,98,114,91","194,113,172,62,237",3:3:2|3:127:2|3:369:2
ckpt_4100.pt,3,581,0.4839126467704773,0.09478022158145905,0.4183715283870697,"29,172,49,227,171","191,102,129,192,183",3:376:2|3:751:2|3:8:1
ckpt_4100.pt,3,582,0.5733280181884766,0.08973170071840286,0.43996039032936096,"81,231,137,200,122","196,231,57,106,52",3:29:2|3:223:2|3:381:2
ckpt_4100.pt,3,583,0.4806095361709595,0.0986529141664505,0.4129018783569336,"71,49,20,246,199","204,173,160,239,164",3:178:2|3:314:2|3:594:2
ckpt_4100.pt,3,584,0.6002947688102722,0.12983283400535583,0.49201247096061707,"215,17,108,40,254","0,59,180,205,251",3:14:2|3:260:2|3:364:2
ckpt_4100.pt,3,585,0.5783607363700867,0.12525519728660583,0.46691176295280457,"114,53,92,107,152","157,220,71,11,28",3:507:3|3:22:2|3:383:2
ckpt_4100.pt,3,586,0.5501802563667297,0.10220593214035034,0.4414535462856293,"148,125,247,181,131","42,49,219,201,41",3:528:2|3:620:2|3:762:2
ckpt_4100.pt,3,587,0.501742959022522,0.09440957009792328,0.4322431683540344,"232,151,99,87,74","1,186,67,228,179",3:46:2|3:387:2|3:441:2
ckpt_4100.pt,3,588,0.5420154333114624,0.12342731654644012,0.43098267912864685,"12,146,76,218,119","48,85,62,12,156",3:342:2|3:408:2|3:436:2
ckpt_4100.pt,3,589,0.5899733901023865,0.10902948677539825,0.5073432922363281,"42,78,93,184,72","216,214,52,126,255",3:433:2|3:939:2|3:8:1
ckpt_4100.pt,3,590,0.5197921991348267,0.09137977659702301,0.44010910391807556,"12,1,129,203,247","53,189,229,198,14",3:40:2|3:89:2|3:218:2
ckpt_4100.pt,3,591,0.5208778977394104,0.08958900719881058,0.4119144678115845,"161,83,211,231,93","253,150,64,85,225",3:37:3|3:355:2|3:361:2
ckpt_4100.pt,3,592,0.5087640881538391,0.10247091948986053,0.40901580452919006,"4,196,223,52,133","220,13,47,41,140",3:51:2|3:202:2|3:327:2
ckpt_4100.pt,3,593,0.4995863437652588,0.09234251081943512,0.4157545864582062,"77,129,193,236,48","47,39,43,224,139",3:89:2|3:909:2|3:7:1
ckpt_4100.pt,3,594,0.5474569797515869,0.0984291359782219,0.4944310188293457,"189,6,199,218,246","18,115,199,174,92",3:945:3|3:583:2|3:879:2
ckpt_4100.pt,3,595,0.5190158486366272,0.09235440194606781,0.47283196449279785,"128,49,234,18,212","21,88,128,154,162",3:16:2|3:363:2|3:607:2
ckpt_4100.pt,3,596,0.5176102519035339,0.08845610171556473,0.4376067817211151,"56,39,82,106,182","130,140,211,127,223",3:64:2|3:109:2|3:564:2
ckpt_4100.pt,3,597,0.5334417223930359,0.12474963068962097,0.44677868485450745,"73,66,216,197,174","99,204,60,8,173",3:4:2|3:220:2|3:12:1
ckpt_4100.pt,3,598,0.5342745780944824,0.09652543812990189,0.4354846179485321,"215,171,128,38,163","121,13,193,225,213",3:30:2|3:121:2|3:350:2
ckpt_4100.pt,3,599,0.5642089247703552,0.09484181553125381,0.46441832184791565,"103,92,47,35,190","190,43,225,62,142",3:26:2|3:233:2|3:347:2
ckpt_4100.pt,3,600,0.4474654793739319,0.07715538889169693,0.4070986211299896,"146,101,108,200,77","159,115,248,48,169",3:755:2|3:852:2|3:5:1
ckpt_4100.pt,3,601,0.5350192785263062,0.09604381024837494,0.4361009895801544,"59,199,22,79,30","205,166,134,44,202",3:140:2|3:830:2|3:856:2
ckpt_4100.pt,3,602,0.5348023772239685,0.09384199231863022,0.4396442472934723,"190,14,109,53,172","220,139,249,244,214",3:213:2|3:399:2|3:438:2
ckpt_4100.pt,3,603,0.5210592150688171,0.09487821906805038,0.4507170617580414,"215,191,238,235,55","65,155,43,52,133",3:533:2|3:1:1|3:14:1
ckpt_4100.pt,3,604,0.548492431640625,0.10477310419082642,0.4292682111263275,"204,98,15,165,70","13,230,187,245,109",3:225:2|3:349:2|3:471:2
ckpt_4100.pt,3,605,0.5802919864654541,0.1129157766699791,0.43110793828964233,"236,4,230,27,150","255,224,153,103,251",3:303:2|3:791:2|3:956:2
ckpt_4100.pt,3,606,0.4645245373249054,0.12111815065145493,0.4078100621700287,"78,221,161,152,252","230,159,3,161,180",3:21:1|3:22:1|3:34:1
ckpt_4100.pt,3,607,0.5572775602340698,0.09541701525449753,0.4768587648868561,"253,0,234,199,49","110,177,1,217,43",3:178:2|3:446:2|3:583:2
ckpt_4100.pt,3,608,0.5294044017791748,0.11519777029752731,0.45355138182640076,"131,39,175,236,102","233,92,193,205,249",3:304:2|3:18:1|3:25:1
ckpt_4100.pt,3,609,0.46894222497940063,0.09124694019556046,0.3934954106807709,"8,29,160,2,223","160,202,30,137,209",3:257:2|3:258:2|3:361:2
ckpt_4100.pt,3,610,0.4567204415798187,0.08642608672380447,0.3976716995239258,"85,18,137,123,28","99,75,223,29,164",3:102:2|3:950:2|3:16:1
ckpt_4100.pt,3,611,0.5279845595359802,0.10575038194656372,0.42205893993377686,"66,200,185,231,139","28,233,82,59,84",3:220:2|3:310:2|3:381:2
ckpt_4100.pt,3,612,0.5148081183433533,0.08730943500995636,0.4124027490615845,"28,128,35,65,237","17,93,252,191,77",3:121:2|3:374:2|3:684:2
ckpt_4100.pt,3,613,0.49771973490715027,0.09625130146741867,0.44333615899086,"22,227,25,184,111","222,199,121,91,147",3:39:2|3:116:2|3:274:2
ckpt_4100.pt,3,614,0.5937816500663757,0.11086570471525192,0.48708370327949524,"229,103,93,239,85","216,55,225,246,41",3:105:2|3:779:2|3:973:2
ckpt_4100.pt,3,615,0.46171483397483826,0.09419005364179611,0.4095477759838104,"169,52,196,201,91","215,94,15,203,32",3:504:2|3:592:2|3:785:2
ckpt_4100.pt,3,616,0.5947304368019104,0.09932516515254974,0.4654481112957001,"41,220,14,89,54","242,248,54,27,190",3:357:2|3:745:2|3:833:2
ckpt_4100.pt,3,617,0.4948723614215851,0.10852779448032379,0.4163755476474762,"167,125,128,31,195","147,56,22,211,50",3:77:2|3:300:2|3:781:2
ckpt_4100.pt,3,618,0.5057226419448853,0.0848793014883995,0.4256440997123718,"210,180,109,59,176","196,18,115,63,200",3:163:2|3:197:2|3:445:2
ckpt_4100.pt,3,619,0.5532451272010803,0.10562152415513992,0.4372541010379791,"30,71,231,252,206","104,188,255,32,195",3:150:2|3:365:2|3:955:2
ckpt_4100.pt,3,620,0.571761429309845,0.11206313222646713,0.47187158465385437,"176,123,125,247,134","50,39,93,69,124",3:75:2|3:124:2|3:246:2
ckpt_4100.pt,3,621,0.6210769414901733,0.11150731146335602,0.4920913875102997,"79,18,232,255,176","26,224,149,161,32",3:843:3|3:229:2|3:753:2
ckpt_4100.pt,3,622,0.5119391679763794,0.11865805834531784,0.4265267550945282,"51,180,149,226,4","245,88,239,147,53",3:120:2|3:163:2|3:200:2
ckpt_4100.pt,3,623,0.4617970585823059,0.09066315740346909,0.3902706503868103,"83,173,55,43,107","126,62,249,223,187",3:268:2|3:483:2|3:573:2
ckpt_4100.pt,3,624,0.5354357957839966,0.09795133024454117,0.45056232810020447,"171,178,46,251,97","131,123,19,27,120",3:455:3|3:157:2|3:284:2
ckpt_4100.pt,3,625,0.5278843641281128,0.092167928814888,0.4590606093406677,"96,36,78,45,20","108,148,32,48,171",3:103:2|3:531:2|3:911:2
ckpt_4100.pt,3,626,0.5215940475463867,0.10167493671178818,0.4190270006656647,"233,249,245,244,173","124,60,113,117,187",3:415:2|3:501:2|3:6:1
ckpt_4100.pt,3,627,0.4678519666194916,0.09466535598039627,0.3820887804031372,"62,223,16,232,249","64,138,8,106,135",3:202:2|3:257:2|3:865:2
ckpt_4100.pt,3,628,0.5013183951377869,0.08843319863080978,0.3972431719303131,"105,80,100,7,81","99,18,15,108,42",3:422:3|3:2:2|3:295:2
ckpt_4100.pt,3,629,0.532497763633728,0.10975125432014465,0.4484727084636688,"174,113,207,250,32","113,39,252,221,248",3:93:2|3:234:2|3:335:2
ckpt_4100.pt,3,630,0.5424364805221558,0.09250558167695999,0.4749370515346527,"17,58,152,233,93","17,32,151,195,204",3:6:1|3:8:1|3:17:1
ckpt_4100.pt,3,631,0.556894063949585,0.1323762983083725,0.4540395140647888,"142,144,125,190,152","70,49,91,36,75",3:22:2|3:340:2|3:556:2
ckpt_4100.pt,3,632,0.5763345956802368,0.10942643880844116,0.466791570186615,"1,92,141,34,249","142,151,159,179,43",3:25:2|3:246:2|3:432:2
ckpt_4100.pt,3,633,0.5376810431480408,0.0888301208615303,0.4315294325351715,"208,94,35,217,230","184,148,244,48,15",3:403:3|3:150:2|3:341:2
ckpt_4100.pt,3,634,0.4991266429424286,0.09894642978906631,0.40690410137176514,"200,25,90,109,37","224,189,109,233,143",3:350:2|3:399:2|3:407:2
ckpt_4100.pt,3,635,0.5220220685005188,0.0953717827796936,0.45980483293533325,"247,211,118,71,158","56,123,182,206,15",3:848:3|3:132:2|3:11:1
ckpt_4100.pt,3,636,0.5304569005966187,0.08810540288686752,0.4777665436267853,"31,227,127,54,143","82,69,221,149,48",3:39:2|3:228:2|3:406:2
ckpt_4100.pt,3,637,0.5549010038375854,0.0961047112941742,0.46208295226097107,"226,90,160,137,142","167,217,106,182,168",3:78:2|3:205:2|3:667:2
ckpt_4100.pt,3,638,0.4620128870010376,0.07726208865642548,0.3887578845024109,"93,192,201,118,132","1,149,128,48,34",3:87:2|3:437:2|3:820:2
ckpt_4100.pt,3,639,0.5791633129119873,0.14488103985786438,0.5019819736480713,"18,226,212,8,199","236,93,180,252,137",3:155:2|3:232:2|3:371:2
ckpt_4100.pt,3,640,0.44372308254241943,0.08617603778839111,0.3917587995529175,"17,23,76,53,146","112,199,160,179,17",3:99:2|3:114:2|3:588:2
ckpt_4100.pt,3,641,0.5156844854354858,0.12776175141334534,0.4456362724304199,"147,53,58,60,199","68,195,221,226,44",3:368:2|3:442:2|3:528:2
ckpt_4100.pt,3,642,0.46334072947502136,0.08523009717464447,0.43218713998794556,"99,203,48,163,72","166,36,210,66,155",3:288:2|3:377:2|3:23:1
ckpt_4100.pt,3,643,0.49944615364074707,0.0943261981010437,0.45080479979515076,"207,156,109,175,185","143,188,104,241,158",3:213:2|3:383:2|3:493:2
ckpt_4100.pt,3,644,0.5093714594841003,0.09393730014562607,0.44914257526397705,"17,28,244,194,141","194,32,119,163,246",3:398:2|3:413:2|3:432:2
ckpt_4100.pt,3,645,0.5410258173942566,0.08880024403333664,0.4550669491291046,"171,24,99,138,61","10,31,205,242,202",3:214:2|3:795:2|3:986:2
ckpt_4100.pt,3,646,0.521791934967041,0.10125236213207245,0.44129809737205505,"169,205,80,22,202","46,232,176,109,86",3:938:3|3:4:2|3:35:2
ckpt_4100.pt,3,647,0.5214420557022095,0.10593168437480927,0.43104591965675354,"205,104,69,214,98","81,108,101,9,154",3:168:2|3:497:2|3:677:2
ckpt_4100.pt,3,648,0.5347949862480164,0.11095254123210907,0.41844576597213745,"248,71,181,13,34","59,2,205,211,139",3:24:2|3:53:2|3:551:2
ckpt_4100.pt,3,649,0.5473648905754089,0.09522455930709839,0.4701398015022278,"220,169,186,180,94","18,16,23,74,71",3:332:2|3:426:2|3:445:2
ckpt_4100.pt,3,650,0.4835776686668396,0.08675004541873932,0.40120548009872437,"27,23,167,105,45","211,93,206,13,28",3:904:2|3:946:2|3:6:1
ckpt_4100.pt,3,651,0.5416365265846252,0.0944824069738388,0.4365842044353485,"197,254,57,242,153","82,237,37,201,4",3:60:2|3:220:2|3:323:2
ckpt_4100.pt,3,652,0.5070944428443909,0.08905792981386185,0.42807087302207947,"57,228,60,53,62","154,126,16,191,48",3:641:2|3:757:2|3:15:1
ckpt_4100.pt,3,653,0.5543738007545471,0.12151633948087692,0.4630839228630066,"236,32,0,146,238","15,11,134,166,62",3:336:2|3:14:1|3:15:1
ckpt_4100.pt,3,654,0.5547770857810974,0.11500222235918045,0.4664839804172516,"36,74,159,187,132","216,221,29,198,195",3:46:2|3:76:2|3:558:2
ckpt_4100.pt,3,655,0.5035390257835388,0.12050214409828186,0.4236848056316376,"181,83,113,227,115","60,62,69,166,30",3:871:3|3:312:2|3:472:2
ckpt_4100.pt,3,656,0.49727752804756165,0.12712062895298004,0.4508580267429352,"108,233,180,90,151","143,92,239,78,184",3:441:2|3:476:2|3:919:2
ckpt_4100.pt,3,657,0.5537189841270447,0.11000949144363403,0.4561443328857422,"93,177,14,95,158","38,78,212,2,28",3:291:2|3:727:2|3:862:2
ckpt_4100.pt,3,658,0.5244874358177185,0.10251517593860626,0.40890002250671387,"7,84,247,66,242","136,161,31,167,126",3:82:2|3:666:2|3:860:2
ckpt_4100.pt,3,659,0.5266678929328918,0.10364684462547302,0.4306471645832062,"113,108,247,240,49","168,134,109,85,210",3:263:2|3:11:1|3:16:1
ckpt_4100.pt,3,660,0.5116040706634521,0.09519029408693314,0.4346604645252228,"52,218,117,225,100","50,135,143,229,89",3:88:2|3:295:2|3:416:2
ckpt_4100.pt,3,661,0.5062377452850342,0.09673482179641724,0.40155988931655884,"247,164,56,114,37","50,225,26,108,133",3:75:2|3:567:2|3:792:2
ckpt_4100.pt,3,662,0.5822808742523193,0.13471807539463043,0.48994818329811096,"2,122,187,99,131","173,138,106,67,76",3:813:2|3:974:2|3:8:1
ckpt_4100.pt,3,663,0.5516610145568848,0.12384101748466492,0.44637539982795715,"70,63,126,169,43","85,40,32,235,121",3:134:2|3:872:2|3:8:1
ckpt_4100.pt,3,664,0.5229392647743225,0.09892141819000244,0.42988523840904236,"79,67,108,31,78","206,203,95,223,62",3:77:2|3:228:2|3:230:2
ckpt_4100.pt,3,665,0.5074065923690796,0.08155836164951324,0.4242026209831238,"255,154,1,241,239","211,84,15,119,175",3:262:2|3:5:1|3:20:1
ckpt_4100.pt,3,666,0.48505669832229614,0.09741368144750595,0.4066997468471527,"62,7,247,153,222","132,249,137,77,136",3:658:2|3:17:1|3:20:1
ckpt_4100.pt,3,667,0.577761173248291,0.10573550313711166,0.44452011585235596,"142,179,218,160,231","124,195,7,68,185",3:148:2|3:637:2|3:730:2
ckpt_4100.pt,3,668,0.5479624271392822,0.08969129621982574,0.43644949793815613,"201,146,209,66,254","118,46,98,8,170",3:36:2|3:917:2|3:12:1
ckpt_4100.pt,3,669,0.4889931380748749,0.09923634678125381,0.4036584794521332,"205,15,194,163,79","120,146,222,36,35",3:35:2|3:217:2|3:331:2
ckpt_4100.pt,3,670,0.5566056370735168,0.1024453267455101,0.4503469169139862,"253,174,181,190,211","56,34,57,1,241",3:440:2|3:2:1|3:10:1
ckpt_4100.pt,3,671,0.527155876159668,0.12088164687156677,0.4559582471847534,"87,170,9,37,22","186,200,28,114,233",3:754:2|3:4:1|3:10:1
ckpt_4100.pt,3,672,0.5413923263549805,0.08881044387817383,0.45143112540245056,"210,189,194,11,45","6,147,247,57,218",3:345:2|3:496:2|3:698:2
ckpt_4100.pt,3,673,0.5446130633354187,0.0982561707496643,0.4141896963119507,"19,254,51,7,103","194,99,77,163,102",3:566:2|3:12:1|3:26:1
ckpt_4100.pt,3,674,0.5924857258796692,0.11897798627614975,0.4747169017791748,"243,56,173,254,69","130,15,206,188,239",3:828:2|3:917:2|3:1000:2
ckpt_4100.pt,3,675,0.5055829286575317,0.09944816678762436,0.421556681394577,"242,161,160,1,238","22,91,160,142,229",3:140:2|3:323:2|3:761:2
ckpt_4100.pt,3,676,0.570141077041626,0.10366816073656082,0.4877597987651825,"196,237,41,215,71","219,24,156,200,107",3:393:2|3:423:2|3:488:2
ckpt_4100.pt,3,677,0.5487499237060547,0.10108555108308792,0.4670552611351013,"168,207,139,104,69","96,118,233,183,132",3:647:2|3:937:2|3:55:1
ckpt_4100.pt,3,678,0.5336904525756836,0.09540751576423645,0.44223201274871826,"223,13,195,135,201","157,89,239,174,181",3:514:2|3:3:1|3:4:1
ckpt_4100.pt,3,679,0.5461229085922241,0.11225537955760956,0.4423410892486572,"198,109,144,210,99","5,17,56,199,20",3:399:2|3:618:2|3:847:2
ckpt_4100.pt,3,680,0.44350889325141907,0.08843421936035156,0.3611374795436859,"196,75,2,215,174","186,120,66,139,142",3:138:2|3:335:2|3:386:2
ckpt_4100.pt,3,681,0.4968247711658478,0.10926413536071777,0.4363071620464325,"221,80,187,133,201","207,59,117,243,65",3:428:2|3:2:1|3:6:1
ckpt_4100.pt,3,682,0.5194900631904602,0.09789220988750458,0.435878187417984,"179,202,51,101,191","129,5,205,69,4",3:5:1|3:18:1|3:19:1
ckpt_4100.pt,3,683,0.46644389629364014,0.0784807950258255,0.41543278098106384,"58,234,245,230,100","97,126,199,57,223",3:889:2|3:12:1|3:13:1
ckpt_4100.pt,3,684,0.5273074507713318,0.10393373668193817,0.42008864879608154,"28,121,224,115,237","190,127,155,167,180",3:280:2|3:612:2|3:31:1
ckpt_4100.pt,3,685,0.609289824962616,0.13045327365398407,0.4975837171077728,"215,124,221,91,73","123,101,91,106,11",3:48:2|3:380:2|3:14:1
ckpt_4100.pt,3,686,0.5154162645339966,0.09545983374118805,0.43484005331993103,"184,201,165,83,44","81,163,194,227,77",3:170:2|3:1022:2|3:13:1
ckpt_4100.pt,3,687,0.5306090712547302,0.12906181812286377,0.4282112717628479,"213,221,209,160,23","112,106,19,223,121",3:56:2|3:436:2|3:536:2
ckpt_4100.pt,3,688,0.5238136053085327,0.10693859308958054,0.4128042459487915,"106,105,212,42,228","113,223,7,44,135",3:42:2|3:0:1|3:7:1
ckpt_4100.pt,3,689,0.5209701657295227,0.10279271006584167,0.4610159397125244,"61,16,162,29,71","60,244,48,236,222",3:126:2|3:375:2|3:865:2
ckpt_4100.pt,3,690,0.5039998888969421,0.10890527814626694,0.4111769497394562,"113,12,216,104,185","163,187,253,67,40",3:772:2|3:780:2|3:4:1
ckpt_4100.pt,3,691,0.48520711064338684,0.10007008165121078,0.4136582612991333,"167,63,222,154,58","125,225,195,229,199",3:134:2|3:442:2|3:924:2
ckpt_4100.pt,3,692,0.6225160360336304,0.12867718935012817,0.4803212583065033,"195,189,184,59,123","217,33,175,38,92",3:24:1|3:27:1|3:46:1
ckpt_4100.pt,3,693,0.5360473394393921,0.08788349479436874,0.4407416880130768,"7,245,64,36,253","26,151,24,21,189",3:95:2|3:344:2|3:815:2
ckpt_4100.pt,3,694,0.5359897017478943,0.10959172248840332,0.43409666419029236,"225,15,159,184,126","7,188,189,252,24",3:32:1|3:35:1|3:46:1
ckpt_4100.pt,3,695,0.4951559901237488,0.08700744807720184,0.41819682717323303,"211,114,50,70,80","174,85,202,48,197",3:507:2|3:515:2|3:2:1
ckpt_4100.pt,3,696,0.5570648312568665,0.1066608726978302,0.4452362060546875,"122,91,140,79,29","181,213,208,59,109",3:13:2|3:286:2|3:550:2
ckpt_4100.pt,3,697,0.4990190863609314,0.09096332639455795,0.4302137792110443,"157,113,43,179,226","90,161,123,66,254",3:200:2|3:248:2|3:1:1
ckpt_4100.pt,3,698,0.5780380368232727,0.09971320629119873,0.4680674970149994,"232,216,189,11,26","5,64,206,9,207",3:452:2|3:496:2|3:672:2
ckpt_4100.pt,3,699,0.5331175923347473,0.10020161420106888,0.41934576630592346,"131,3,190,29,66","191,212,196,176,22",3:18:2|3:496:2|3:804:2
ckpt_4100.pt,3,700,0.5007178783416748,0.07994282990694046,0.40472880005836487,"59,213,237,25,232","220,200,116,121,155",3:384:2|3:452:2|3:523:2
ckpt_4100.pt,3,701,0.5284528732299805,0.10930314660072327,0.44756072759628296,"66,30,8,39,135","185,168,21,132,150",3:64:2|3:887:2|3:3:1
ckpt_4100.pt,3,702,0.4928833842277527,0.09951833635568619,0.427875280380249,"101,112,119,203,238","102,234,75,89,154",3:869:2|3:901:2|3:1003:2
ckpt_4100.pt,3,703,0.4994303286075592,0.11210126429796219,0.39795488119125366,"189,15,85,44,253","139,80,40,134,119",3:63:2|3:721:2|3:10:1
ckpt_4100.pt,3,704,0.5593686103820801,0.11535624414682388,0.43484753370285034,"23,83,67,197,238","166,63,9,45,84",3:155:2|3:1008:2|3:4:1
ckpt_4100.pt,3,705,0.5603342652320862,0.11575425416231155,0.447658896446228,"132,17,252,52,108","239,139,129,9,4",3:185:2|3:260:2|3:411:2
ckpt_4100.pt,3,706,0.5785002112388611,0.10023824870586395,0.5045136213302612,"137,219,30,41,143","194,52,18,76,217",3:423:2|3:429:2|3:499:2
ckpt_4100.pt,3,707,0.6585688591003418,0.14709392189979553,0.5207602381706238,"204,31,19,73,74","118,232,240,45,217",3:225:2|3:558:2|3:1:1
ckpt_4100.pt,3,708,0.48652634024620056,0.08858344703912735,0.41574254631996155,"97,36,136,251,90","244,66,12,118,186",3:66:2|3:344:2|3:455:2
ckpt_4100.pt,3,709,0.5489095449447632,0.08260225504636765,0.46985924243927,"207,225,191,162,82","166,8,254,171,225",3:439:2|3:715:2|3:19:1
ckpt_4100.pt,3,710,0.5103195309638977,0.0917731523513794,0.41238752007484436,"217,87,149,229,247","207,196,124,146,249",3:818:3|3:717:2|3:745:2
ckpt_4100.pt,3,711,0.4862046241760254,0.08128122985363007,0.4233326315879822,"36,209,170,62,227","236,245,176,43,174",3:112:2|3:864:2|3:8:1
ckpt_4100.pt,3,712,0.582613468170166,0.10473485291004181,0.4656614661216736,"97,96,58,209,160","100,215,7,150,52",3:273:2|3:687:2|3:32:1
ckpt_4100.pt,3,713,0.5633170008659363,0.11851642280817032,0.4604584872722626,"2,137,38,146,223","252,31,216,196,179",3:342:2|3:609:2|3:819:2
ckpt_4100.pt,3,714,0.5188441872596741,0.08797121047973633,0.4562740921974182,"26,177,55,242,8","180,3,206,24,101",3:258:2|3:62:1|3:64:1
ckpt_4100.pt,3,715,0.5632707476615906,0.09470216184854507,0.48487046360969543,"135,17,88,225,162","50,169,111,57,216",3:68:2|3:196:2|3:260:2
ckpt_4100.pt,3,716,0.5070628523826599,0.11388031393289566,0.41231390833854675,"41,15,114,175,200","206,29,179,27,230",3:471:3|3:492:2|3:525:2
ckpt_4100.pt,3,717,0.5494508743286133,0.09376555681228638,0.47573745250701904,"237,218,247,151,87","18,163,96,120,184",3:280:2|3:441:2|3:587:2
ckpt_4100.pt,3,718,0.4864876866340637,0.12074945867061615,0.41432225704193115,"233,28,175,218,144","179,70,155,139,206",3:169:2|3:244:2|3:413:2
ckpt_4100.pt,3,719,0.4917115569114685,0.10249391198158264,0.4219794273376465,"53,214,223,185,117","232,176,43,215,238",3:250:2|3:497:2|3:2:1
ckpt_4100.pt,3,720,0.5272055268287659,0.11365052312612534,0.4556882381439209,"55,186,114,9,115","155,17,104,157,158",3:279:2|3:3:1|3:67:1
ckpt_4100.pt,3,721,0.46689915657043457,0.0987623929977417,0.4283178448677063,"60,85,189,41,46","25,194,150,119,153",3:63:2|3:249:2|3:703:2
ckpt_4100.pt,3,722,0.5489552617073059,0.10282942652702332,0.43146082758903503,"89,40,224,169,116","2,97,227,145,73",3:364:2|3:2:1|3:14:1
ckpt_4100.pt,3,723,0.47663331031799316,0.08501994609832764,0.4238917827606201,"226,59,220,91,24","183,233,62,7,161",3:200:2|3:991:2|3:1:1
ckpt_4100.pt,3,724,0.5224815607070923,0.10938886553049088,0.4285430312156677,"106,88,47,154,253","157,142,220,74,105",3:7:2|3:10:2|3:543:2
ckpt_4100.pt,3,725,0.5392231941223145,0.09121070057153702,0.43309924006462097,"216,160,171,18,4","194,34,231,243,217",3:153:2|3:370:2|3:4:1
ckpt_4100.pt,3,726,0.5359506011009216,0.1047341451048851,0.42677587270736694,"103,33,217,1,22","204,110,115,144,89",3:33:2|3:179:2|3:412:2
ckpt_4100.pt,3,727,0.5479387044906616,0.11797578632831573,0.4301011860370636,"234,14,177,149,73","104,93,139,63,107",3:270:2|3:438:2|3:574:2
ckpt_4100.pt,3,728,0.530402660369873,0.09041930735111237,0.4605924189090729,"48,211,33,233,82","217,15,103,177,2",3:372:2|3:6:1|3:33:1
ckpt_4100.pt,3,729,0.5052611231803894,0.10015452653169632,0.3934592306613922,"217,244,195,180,58","207,209,97,157,33",3:160:2|3:163:2|3:332:2
ckpt_4100.pt,3,730,0.5619857311248779,0.11202743649482727,0.4793877899646759,"47,179,4,21,142","144,118,212,104,4",3:86:2|3:113:2|3:282:2
ckpt_4100.pt,3,731,0.5593146681785583,0.11604242771863937,0.4845130443572998,"204,87,197,41,2","160,109,30,44,43",3:280:2|3:1:1|3:4:1
ckpt_4100.pt,3,732,0.6064191460609436,0.10475537925958633,0.49018216133117676,"182,63,137,86,175","254,189,77,163,128",3:413:2|3:568:2|3:877:2
ckpt_4100.pt,3,733,0.5011667013168335,0.09217312932014465,0.39568549394607544,"155,175,209,243,119","194,152,5,237,79",3:11:1|3:12:1|3:25:1
ckpt_4100.pt,3,734,0.5989823341369629,0.11719771474599838,0.49235501885414124,"160,47,237,188,208","191,224,35,63,81",3:243:2|3:562:2|3:840:2
ckpt_4100.pt,3,735,0.5703122615814209,0.10318039357662201,0.4710501730442047,"158,237,162,200,243","220,135,215,241,16",3:243:2|3:468:2|3:12:1
ckpt_4100.pt,3,736,0.5546436905860901,0.10179602354764938,0.432417094707489,"138,206,141,119,38","121,66,136,27,171",3:161:2|3:299:2|3:570:2
ckpt_4100.pt,3,737,0.5413314700126648,0.09188686311244965,0.47240132093429565,"61,2,212,190,135","86,216,195,146,202",3:454:2|3:0:1|3:3:1
ckpt_4100.pt,3,738,0.49659013748168945,0.11068221926689148,0.43157655000686646,"135,152,138,4,213","122,181,38,126,61",3:22:2|3:57:2|3:237:2
ckpt_4100.pt,3,739,0.5861350893974304,0.11956778168678284,0.4647783935070038,"123,81,205,180,2","45,160,176,216,40",3:569:2|3:577:2|3:2:1
ckpt_4100.pt,3,740,0.49240830540657043,0.08358091861009598,0.42518749833106995,"60,213,41,32,45","48,12,18,85,22",3:249:2|3:492:2|3:502:2
ckpt_4100.pt,3,741,0.5146230459213257,0.09911185503005981,0.45094913244247437,"185,172,44,186,225","22,150,250,224,6",3:9:1|3:13:1|3:24:1
ckpt_4100.pt,3,742,0.511256992816925,0.0944581851363182,0.44199222326278687,"48,180,102,115,174","65,116,81,251,244",3:116:2|3:190:2|3:31:1
ckpt_4100.pt,3,743,0.488762229681015,0.10553518682718277,0.3858436346054077,"133,118,216,116,156","35,193,52,41,194",3:427:2|3:552:2|3:769:2
ckpt_4100.pt,3,744,0.5767679810523987,0.10413946211338043,0.4528953731060028,"188,120,123,147,148","95,230,111,100,135",3:133:2|3:3:1|3:11:1
ckpt_4100.pt,3,745,0.5355923175811768,0.13838186860084534,0.44407975673675537,"217,89,149,220,102","45,121,211,186,112",3:332:2|3:412:2|3:616:2
ckpt_4100.pt,3,746,0.5411363840103149,0.11478033661842346,0.42126452922821045,"109,59,200,18,86","161,42,232,86,110",3:399:2|3:514:2|3:618:2
ckpt_4100.pt,3,747,0.5442317128181458,0.10161177814006805,0.4627450108528137,"130,232,104,107,71","215,177,129,54,109",3:578:2|3:782:2|3:843:2
ckpt_4100.pt,3,748,0.5978407859802246,0.11461331695318222,0.48293226957321167,"88,220,143,124,250","127,182,245,57,223",3:68:2|3:306:2|3:429:2
ckpt_4100.pt,3,749,0.48390260338783264,0.09056888520717621,0.4017459750175476,"152,203,254,1,155","85,80,253,127,233",3:104:2|3:323:2|3:430:2
ckpt_4100.pt,3,750,0.5428533554077148,0.1012725755572319,0.4290333092212677,"56,66,103,255,14","182,21,42,76,224",3:12:2|3:438:2|3:564:2
ckpt_4100.pt,3,751,0.4428471624851227,0.07611458003520966,0.4113316833972931,"252,171,207,42,172","56,60,127,120,171",3:397:2|3:581:2|3:34:1
ckpt_4100.pt,3,752,0.5637059807777405,0.0979166105389595,0.4417213797569275,"90,248,217,126,4","147,61,202,132,156",3:5:2|3:376:2|3:1:1
ckpt_4100.pt,3,753,0.547558069229126,0.09858864545822144,0.4877837896347046,"91,79,76,255,40","84,213,181,168,194",3:392:2|3:408:2|3:621:2
ckpt_4100.pt,3,754,0.5033088326454163,0.0909028872847557,0.43106770515441895,"147,22,118,87,109","41,86,106,77,235",3:11:2|3:141:2|3:251:2
ckpt_4100.pt,3,755,0.4557490944862366,0.08077944815158844,0.4082428514957428,"228,249,108,101,185","247,18,151,19,32",3:166:2|3:310:2|3:600:2
ckpt_4100.pt,3,756,0.4662707448005676,0.09821967780590057,0.3927953839302063,"175,115,87,33,84","10,33,211,197,152",3:179:2|3:206:2|3:280:2
ckpt_4100.pt,3,757,0.4877030551433563,0.0739230215549469,0.43055835366249084,"135,150,216,53,62","19,124,146,201,182",3:4:2|3:298:2|3:652:2
ckpt_4100.pt,3,758,0.46864405274391174,0.08963510394096375,0.4224269390106201,"180,74,171,103,189","8,137,163,155,74",3:12:1|3:32:1|3:33:1
ckpt_4100.pt,3,759,0.5674806833267212,0.11340578645467758,0.45056959986686707,"233,135,187,57,204","157,75,72,220,89",3:548:2|3:1:1|3:3:1
ckpt_4100.pt,3,760,0.5178884267807007,0.10663321614265442,0.4671974778175354,"7,143,161,216,202","181,135,90,85,131",3:21:2|3:115:2|3:555:2
ckpt_4100.pt,3,761,0.5877437591552734,0.10177057236433029,0.5004316568374634,"160,37,136,60,1","9,19,118,106,112",3:675:2|3:825:2|3:10:1
ckpt_4100.pt,3,762,0.6009332537651062,0.11870409548282623,0.4684557616710663,"148,181,197,229,65","56,146,230,152,197",3:65:2|3:586:2|3:770:2
ckpt_4100.pt,3,763,0.5382269620895386,0.0982828363776207,0.46937575936317444,"102,167,22,142,84","59,29,16,112,117",3:78:2|3:116:2|3:358:2
ckpt_4100.pt,3,764,0.4684259295463562,0.08189623802900314,0.4015490412712097,"60,165,91,219,199","165,67,26,87,83",3:641:2|3:48:1|3:64:1
ckpt_4100.pt,3,765,0.537262499332428,0.1166929379105568,0.4773486256599426,"247,8,234,132,226","34,88,14,141,125",3:12:2|3:639:2|3:767:2
ckpt_4100.pt,3,766,0.5408734083175659,0.1070544645190239,0.3925454020500183,"107,100,188,22,135","193,233,10,32,131",3:4:2|3:130:2|3:388:2
ckpt_4100.pt,3,767,0.5109814405441284,0.08404339849948883,0.4662141799926758,"226,213,33,8,61","61,233,101,241,166",3:85:2|3:179:2|3:480:2
ckpt_4100.pt,3,768,0.46449121832847595,0.08346317708492279,0.40883511304855347,"80,223,98,194,119","102,82,67,134,108",3:127:2|3:186:2|3:337:2
ckpt_4100.pt,3,769,0.496676504611969,0.09624890983104706,0.431283563375473,"32,118,116,174,160","15,97,9,70,43",3:834:3|3:71:2|3:243:2
ckpt_4100.pt,3,770,0.5316599607467651,0.11395683139562607,0.4790663421154022,"255,229,65,89,206","217,215,248,10,221",3:65:2|3:762:2|3:849:2
ckpt_4100.pt,3,771,0.543636679649353,0.12370477616786957,0.46646150946617126,"75,62,120,150,24","208,95,46,75,226",3:79:2|3:575:2|3:757:2
ckpt_4100.pt,3,772,0.4592685401439667,0.09977985173463821,0.39632776379585266,"23,232,231,185,12","215,157,55,219,160",3:202:2|3:293:2|3:473:2
ckpt_4100.pt,3,773,0.5381957292556763,0.10823726654052734,0.44469141960144043,"238,43,110,10,199","239,216,221,63,113",3:178:2|3:267:2|3:382:2
ckpt_4100.pt,3,774,0.5820683836936951,0.1249300166964531,0.48866188526153564,"150,60,187,167,83","148,116,3,125,231",3:170:2|3:300:2|3:1022:2
ckpt_4100.pt,3,775,0.541637122631073,0.07912781089544296,0.46107158064842224,"249,179,102,89,87","132,95,63,40,11",3:745:2|3:17:1|3:21:1
ckpt_4100.pt,3,776,0.573203444480896,0.11883120983839035,0.4796772003173828,"156,83,138,79,158","111,32,192,205,158",3:108:2|3:468:2|3:35:1
ckpt_4100.pt,3,777,0.5333732962608337,0.12729507684707642,0.4570235311985016,"40,128,205,232,174","8,46,92,144,90",3:171:2|3:2:1|3:4:1
ckpt_4100.pt,3,778,0.5591453313827515,0.09213050454854965,0.4601297080516815,"124,88,10,47,189","33,76,105,55,27",3:83:2|3:394:2|3:724:2
ckpt_4100.pt,3,779,0.560238242149353,0.1318831890821457,0.4706730842590332,"239,81,103,72,221","60,162,255,46,212",3:308:2|3:614:2|3:862:2
ckpt_4100.pt,3,780,0.511603593826294,0.08725760877132416,0.420938104391098,"34,6,216,104,223","127,181,226,70,244",3:48:2|3:246:2|3:690:2
ckpt_4100.pt,3,781,0.505757749080658,0.09650901705026627,0.4313439726829529,"211,31,103,22,125","13,115,85,20,97",3:286:2|3:617:2|3:726:2
ckpt_4100.pt,3,782,0.5779804587364197,0.12584584951400757,0.46339917182922363,"67,152,232,214,104","245,6,119,210,254",3:391:2|3:497:2|3:647:2
ckpt_4100.pt,3,783,0.4589776396751404,0.08986923843622208,0.4074816405773163,"162,74,50,244,35","68,222,35,0,60",3:435:2|3:503:2|3:29:1
ckpt_4100.pt,3,784,0.5367729663848877,0.13037270307540894,0.4591774046421051,"98,121,111,252,14","78,131,240,26,241",3:456:3|3:930:3|3:3:1
ckpt_4100.pt,3,785,0.49348369240760803,0.08062613755464554,0.43413910269737244,"110,52,41,91,70","158,196,243,24,229",3:615:2|3:0:1|3:38:1
ckpt_4100.pt,3,786,0.5033118724822998,0.09422767162322998,0.3858932852745056,"233,112,84,132,94","131,154,98,73,118",3:341:2|3:803:2|3:919:2
ckpt_4100.pt,3,787,0.4262600541114807,0.06966953724622726,0.3615570664405823,"200,208,159,142,17","238,243,196,200,106",3:9:2|3:398:2|3:561:2
ckpt_4100.pt,3,788,0.500318706035614,0.08805873245000839,0.42449483275413513,"13,252,128,149,80","114,127,242,199,171",3:23:2|3:313:2|3:873:2
ckpt_4100.pt,3,789,0.5458281636238098,0.10864070057868958,0.4717314839363098,"237,236,126,183,145","253,19,68,86,219",3:0:1|3:44:1|3:54:1
ckpt_4100.pt,3,790,0.589379072189331,0.1109394058585167,0.4910871982574463,"40,153,254,196,31","126,212,6,13,215",3:51:2|3:153:2|3:319:2
ckpt_4100.pt,3,791,0.5167316794395447,0.1135135069489479,0.4267691373825073,"180,4,156,27,178","108,147,244,27,102",3:441:3|3:147:2|3:605:2
ckpt_4100.pt,3,792,0.4905453622341156,0.08568441867828369,0.4038262367248535,"247,56,163,244,224","103,140,122,55,174",3:123:2|3:160:2|3:564:2
ckpt_4100.pt,3,793,0.524371325969696,0.08889854699373245,0.4189828336238861,"11,236,6,196,149","248,255,1,46,116",3:14:1|3:23:1|3:28:1
ckpt_4100.pt,3,794,0.5501115918159485,0.09006423503160477,0.41543909907341003,"167,155,184,7,212","71,217,60,96,6",3:90:2|3:340:2|3:882:2
ckpt_4100.pt,3,795,0.5261961221694946,0.099871926009655,0.4465593695640564,"14,24,5,228,138","105,133,2,48,46",3:28:2|3:129:2|3:645:2
ckpt_4100.pt,3,796,0.5337229371070862,0.10831260681152344,0.443435400724411,"43,217,22,212,130","185,52,126,209,227",3:540:3|3:0:2|3:412:2
ckpt_4100.pt,3,797,0.5342042446136475,0.11987558007240295,0.4441649913787842,"204,10,167,43,89","68,232,206,69,147",3:240:2|3:267:2|3:773:2
ckpt_4100.pt,3,798,0.5841560363769531,0.10995016992092133,0.47090861201286316,"254,46,17,16,28","11,104,118,10,214",3:103:2|3:374:2|3:425:2
ckpt_4100.pt,3,799,0.5326412916183472,0.08553919196128845,0.4405663311481476,"65,81,177,216,220","57,226,224,141,19",3:131:2|3:427:2|3:998:2
ckpt_4100.pt,3,800,0.516559898853302,0.09585583955049515,0.42827513813972473,"202,46,72,87,124","46,63,116,147,78",3:922:2|3:20:1|3:35:1
ckpt_4100.pt,3,801,0.5070445537567139,0.09085045009851456,0.4018179476261139,"45,29,5,7,186","71,126,86,120,252",3:13:1|3:18:1|3:90:1
ckpt_4100.pt,3,802,0.5318423509597778,0.10764293372631073,0.4095326364040375,"98,78,196,119,186","177,208,181,228,118",3:266:2|3:768:2|3:3:1
ckpt_4100.pt,3,803,0.5032329559326172,0.10690977424383163,0.4070585072040558,"205,42,132,94,170","67,170,7,221,206",3:159:2|3:341:2|3:486:2
ckpt_4100.pt,3,804,0.5164239406585693,0.08607687056064606,0.45832589268684387,"117,3,204,235,131","100,252,127,143,4",3:1:2|3:315:2|3:499:2
ckpt_4100.pt,3,805,0.5295199155807495,0.10218239575624466,0.455881804227829,"147,80,143,83,183","145,83,102,52,232",3:236:2|3:313:2|3:481:2
ckpt_4100.pt,3,806,0.5088131427764893,0.09001180529594421,0.4442286193370819,"215,181,200,119,219","35,178,190,130,156",3:381:2|3:933:2|3:2:1
ckpt_4100.pt,3,807,0.4963563084602356,0.09206096082925797,0.3977777361869812,"124,38,44,232,18","191,131,157,152,232",3:229:2|3:621:2|3:814:2
ckpt_4100.pt,3,808,0.506481945514679,0.10205039381980896,0.4391324818134308,"31,61,22,110,167","180,213,241,251,200",3:214:2|3:358:2|3:617:2
ckpt_4100.pt,3,809,0.45542746782302856,0.10170362144708633,0.38853219151496887,"183,2,244,58,59","64,110,108,7,197",3:405:2|3:481:2|3:729:2
ckpt_4100.pt,3,810,0.518968403339386,0.08631934225559235,0.44802114367485046,"231,226,93,221,142","171,132,66,8,189",3:78:2|3:205:2|3:291:2
ckpt_4100.pt,3,811,0.4828204810619354,0.08917766064405441,0.4131258428096771,"169,147,100,5,139","230,126,168,80,176",3:11:1|3:29:1|3:31:1
ckpt_4100.pt,3,812,0.4914607107639313,0.08985406905412674,0.43497464060783386,"141,2,3,227,173","207,10,201,50,53",3:8:2|3:176:2|3:228:2
ckpt_4100.pt,3,813,0.5353772044181824,0.09255768358707428,0.4504281282424927,"166,131,141,169,122","140,25,255,171,251",3:161:3|3:662:2|3:10:1
ckpt_4100.pt,3,814,0.5474211573600769,0.09845121204853058,0.44016122817993164,"124,138,38,252,15","210,235,204,9,239",3:279:2|3:372:2|3:471:2
ckpt_4100.pt,3,815,0.4890139400959015,0.13355045020580292,0.3985191285610199,"163,245,144,253,111","199,206,43,40,23",3:385:2|3:693:2|3:10:1
ckpt_4100.pt,3,816,0.4572139382362366,0.08348657190799713,0.3886333107948303,"118,65,48,37,242","86,229,201,121,243",3:567:2|3:10:1|3:11:1
ckpt_4100.pt,3,817,0.5829036831855774,0.10590468347072601,0.5505107641220093,"205,78,48,111,198","153,255,165,86,36",3:4:1|3:34:1|3:47:1
ckpt_4100.pt,3,818,0.5646480321884155,0.12148741632699966,0.4433281719684601,"174,217,18,247,149","9,3,243,97,220",3:710:3|3:160:2|3:324:2
ckpt_4100.pt,3,819,0.45400017499923706,0.08886511623859406,0.3863002061843872,"1,202,223,146,186","195,117,75,210,166",3:212:2|3:232:2|3:259:2
ckpt_4100.pt,3,820,0.5276042222976685,0.09560119360685349,0.4742763638496399,"20,173,192,255,118","26,24,227,217,239",3:87:2|3:638:2|3:978:2
ckpt_4100.pt,3,821,0.49785104393959045,0.11425542831420898,0.4443182051181793,"39,171,15,62,67","150,151,40,62,69",3:201:2|3:17:1|3:32:1
ckpt_4100.pt,3,822,0.5838570594787598,0.12255199998617172,0.4868188798427582,"27,194,123,179,182","16,119,205,227,28",3:255:2|3:461:2|3:17:1
ckpt_4100.pt,3,823,0.4960833489894867,0.09507802873849869,0.43166255950927734,"13,100,99,189,225","59,21,101,1,63",3:367:2|3:388:2|3:660:2
ckpt_4100.pt,3,824,0.5437965393066406,0.09185177087783813,0.4526505470275879,"4,239,37,186,252","182,190,117,112,86",3:353:2|3:993:2|3:10:1
ckpt_4100.pt,3,825,0.5189051032066345,0.10113681107759476,0.45026758313179016,"160,98,37,234,84","180,227,99,112,39",3:127:2|3:177:2|3:761:2
ckpt_4100.pt,3,826,0.4898974597454071,0.1134253442287445,0.43054625391960144,"91,194,246,126,95","136,190,74,127,42",3:241:2|3:302:2|3:419:2
ckpt_4100.pt,3,827,0.4861027002334595,0.08506093174219131,0.41280239820480347,"218,239,204,77,84","42,109,65,61,204",3:1:1|3:20:1|3:38:1
ckpt_4100.pt,3,828,0.5064783692359924,0.11212927848100662,0.4218742549419403,"56,173,31,122,1","234,85,18,73,5",3:130:2|3:674:2|3:10:1
ckpt_4100.pt,3,829,0.555634617805481,0.1086544468998909,0.46514758467674255,"3,14,251,43,152","203,12,214,63,172",3:455:2|3:482:2|3:10:1
ckpt_4100.pt,3,830,0.5376483798027039,0.1081315353512764,0.418352335691452,"161,79,194,86,59","171,194,39,91,50",3:140:2|3:601:2|3:669:2
ckpt_4100.pt,3,831,0.6592633724212646,0.14734846353530884,0.5069798231124878,"31,176,228,230,144","153,63,160,239,16",3:130:2|3:215:2|3:305:2
ckpt_4100.pt,3,832,0.45196181535720825,0.08578011393547058,0.37299519777297974,"66,230,182,93,166","163,46,102,176,169",3:17:2|3:241:2|3:292:2
ckpt_4100.pt,3,833,0.4952865540981293,0.0927380919456482,0.41043171286582947,"11,220,107,154,41","200,239,90,15,133",3:152:2|3:322:2|3:616:2
ckpt_4100.pt,3,834,0.5316475033760071,0.10282541811466217,0.4372038245201111,"32,116,160,248,198","50,29,104,196,255",3:769:3|3:53:2|3:71:2
ckpt_4100.pt,3,835,0.5155064463615417,0.08581403642892838,0.4109728932380676,"123,128,51,167,156","117,196,185,201,87",3:300:2|3:468:2|3:617:2
ckpt_4100.pt,3,836,0.5145865678787231,0.09913717210292816,0.3966558575630188,"39,164,140,158,212","197,217,120,111,130",3:165:2|3:505:2|3:572:2
ckpt_4100.pt,3,837,0.5291746258735657,0.09515286982059479,0.47801950573921204,"140,251,225,142,78","77,90,42,142,246",3:157:2|3:9:1|3:11:1
ckpt_4100.pt,3,838,0.5688371658325195,0.12371151149272919,0.4565037786960602,"235,173,106,132,75","119,229,73,26,203",3:58:2|3:211:2|3:533:2
ckpt_4100.pt,3,839,0.5121150016784668,0.09575207531452179,0.42027047276496887,"130,96,171,162,52","193,49,197,148,97",3:455:2|3:544:2|3:0:1
ckpt_4100.pt,3,840,0.5225803852081299,0.11458922922611237,0.4513775706291199,"240,103,188,47,245","16,167,58,55,99",3:599:2|3:734:2|3:7:1
ckpt_4100.pt,3,841,0.504874050617218,0.08965136110782623,0.41505831480026245,"21,24,251,135,160","254,75,151,215,144",3:404:2|3:887:2|3:953:2
ckpt_4100.pt,3,842,0.5204688906669617,0.11005108058452606,0.44704481959342957,"171,181,250,129,25","221,169,176,230,1",3:66:2|3:137:2|3:235:2
ckpt_4100.pt,3,843,0.5401262044906616,0.10835087299346924,0.4237227439880371,"232,255,176,130,201","66,16,26,8,143",3:621:3|3:747:2|3:900:2
ckpt_4100.pt,3,844,0.4929708242416382,0.09715474396944046,0.4147942066192627,"179,236,83,25,189","71,96,117,138,85",3:236:2|3:339:2|3:470:2
ckpt_4100.pt,3,845,0.5548914670944214,0.1001909077167511,0.48541972041130066,"105,66,238,250,194","19,119,148,33,15",3:524:2|3:12:1|3:19:1
ckpt_4100.pt,3,846,0.5596763491630554,0.1079237163066864,0.4701310098171234,"234,222,249,126,86","45,80,78,63,99",3:117:2|3:1:1|3:12:1
ckpt_4100.pt,3,847,0.5290576815605164,0.12404488027095795,0.43062129616737366,"31,201,109,225,198","18,101,9,42,236",3:514:2|3:679:2|3:870:2
ckpt_4100.pt,3,848,0.4892483949661255,0.09803080558776855,0.3935268521308899,"247,144,35,71,118","59,203,109,159,235",3:635:3|3:373:2|3:11:1
ckpt_4100.pt,3,849,0.6108840703964233,0.0991201251745224,0.5146521925926208,"152,229,240,65,20","202,191,129,62,21",3:762:2|3:770:2|3:6:1
ckpt_4100.pt,3,850,0.5657519698143005,0.12177452445030212,0.4417453110218048,"33,144,180,196,132","245,165,115,234,168",3:119:2|3:919:2|3:947:2
ckpt_4100.pt,3,851,0.5325503945350647,0.15284796059131622,0.43578672409057617,"89,233,231,53,227","119,176,41,26,23",3:472:2|3:522:2|3:856:2
ckpt_4100.pt,3,852,0.5530629754066467,0.10001189261674881,0.44011279940605164,"153,133,146,108,179","94,84,59,246,0",3:216:2|3:285:2|3:600:2
ckpt_4100.pt,3,853,0.516594648361206,0.07941841334104538,0.4622882008552551,"220,29,247,142,135","200,112,62,178,220",3:43:2|3:124:2|3:182:2
ckpt_4100.pt,3,854,0.486072838306427,0.08952434360980988,0.392206609249115,"147,160,17,190,69","34,139,97,6,212",3:99:2|3:141:2|3:151:2
ckpt_4100.pt,3,855,0.5387421250343323,0.1092076450586319,0.4497380256652832,"129,38,143,13,211","168,31,174,192,71",3:40:2|3:555:2|3:7:1
ckpt_4100.pt,3,856,0.4845947325229645,0.08471861481666565,0.4067140221595764,"79,8,53,89,199","185,119,34,19,125",3:108:2|3:467:2|3:601:2
ckpt_4100.pt,3,857,0.5156058073043823,0.08952508866786957,0.4363085627555847,"53,20,183,80,142","168,244,231,46,163",3:43:2|3:414:2|3:481:2
ckpt_4100.pt,3,858,0.5593035817146301,0.10213498026132584,0.46148014068603516,"238,48,10,35,63","185,170,231,79,160",3:373:2|3:773:2|3:975:2
ckpt_4100.pt,3,859,0.5031886696815491,0.09341050684452057,0.4270528256893158,"94,195,152,241,98","252,221,216,245,8",3:430:2|3:3:1|3:5:1
ckpt_4100.pt,3,860,0.5442097783088684,0.1225123256444931,0.46419718861579895,"117,54,66,38,84","22,67,96,183,250",3:82:2|3:121:2|3:317:2
ckpt_4100.pt,3,861,0.4648856520652771,0.09961392730474472,0.40253230929374695,"112,92,182,199,136","115,31,17,87,9",3:546:3|3:17:1|3:22:1
ckpt_4100.pt,3,862,0.589989423751831,0.12067774683237076,0.4802600145339966,"82,221,95,158,72","253,24,142,170,226",3:434:2|3:657:2|3:779:2
ckpt_4100.pt,3,863,0.539710283279419,0.10791930556297302,0.4440072178840637,"245,216,24,109,19","136,14,15,157,174",3:173:2|3:200:2|3:208:2
ckpt_4100.pt,3,864,0.4777715802192688,0.10057155787944794,0.43983522057533264,"93,43,209,82,170","3,11,48,53,21",3:711:2|3:925:2|3:8:1
ckpt_4100.pt,3,865,0.5228786468505859,0.11112292855978012,0.4183495342731476,"162,16,249,160,34","197,164,173,44,149",3:627:2|3:632:2|3:689:2
ckpt_4100.pt,3,866,0.5788442492485046,0.11213788390159607,0.4557908773422241,"235,232,229,89,107","106,198,227,109,133",3:16:2|3:105:2|3:167:2
ckpt_4100.pt,3,867,0.5606072545051575,0.12291894853115082,0.47074446082115173,"88,87,246,214,57","26,43,53,101,189",3:122:2|3:394:2|3:10:1
ckpt_4100.pt,3,868,0.5850178003311157,0.11883058398962021,0.5162338614463806,"126,2,111,7,239","216,179,80,88,82",3:405:3|3:424:2|3:882:2
ckpt_4100.pt,3,869,0.514819324016571,0.1060914695262909,0.4317949116230011,"116,119,148,113,101","245,14,97,143,235",3:11:2|3:21:2|3:254:2
ckpt_4100.pt,3,870,0.5359897017478943,0.08607973903417587,0.44222405552864075,"29,198,148,67,225","60,245,220,250,154",3:375:2|3:554:2|3:847:2
ckpt_4100.pt,3,871,0.5329781174659729,0.10182150453329086,0.4291117489337921,"115,4,181,83,56","84,215,43,239,226",3:655:3|3:933:2|3:1005:2
ckpt_4100.pt,3,872,0.48849448561668396,0.09733366221189499,0.4394979774951935,"29,70,63,176,215","45,130,149,221,255",3:13:2|3:663:2|3:8:1
ckpt_4100.pt,3,873,0.5352180004119873,0.11141817271709442,0.4538590908050537,"82,128,20,252,246","51,244,35,136,121",3:121:2|3:372:2|3:583:2
ckpt_4100.pt,3,874,0.5070728063583374,0.09409080445766449,0.4375983476638794,"216,229,139,56,225","156,47,183,248,83",3:91:2|3:878:2|3:4:1
ckpt_4100.pt,3,875,0.541804850101471,0.13650000095367432,0.450557142496109,"205,115,47,249,163","40,239,114,231,191",3:245:2|3:282:2|3:285:2
ckpt_4100.pt,3,876,0.5387276411056519,0.10172035545110703,0.4408153295516968,"224,252,35,145,251","225,252,203,240,28",3:172:2|3:403:2|3:418:2
ckpt_4100.pt,3,877,0.5517981052398682,0.11183979362249374,0.4634954333305359,"137,239,235,78,182","219,6,39,138,76",3:424:2|3:732:2|3:1:1
ckpt_4100.pt,3,878,0.4744856059551239,0.08039985597133636,0.408597856760025,"139,205,255,194,216","161,165,76,124,243",3:4:2|3:91:2|3:567:2
ckpt_4100.pt,3,879,0.45124343037605286,0.07269510626792908,0.39633747935295105,"53,6,97,218,18","250,78,157,58,139",3:192:2|3:528:2|3:594:2
ckpt_4100.pt,3,880,0.5014640092849731,0.09790454059839249,0.3936018943786621,"245,101,9,118,105","107,51,190,133,46",3:5:1|3:11:1|3:13:1
ckpt_4100.pt,3,881,0.5764575600624084,0.10184487700462341,0.495785653591156,"149,174,148,99,34","68,71,33,157,100",3:444:2|3:516:2|3:818:2
ckpt_4100.pt,3,882,0.5341886878013611,0.10859040915966034,0.4211392402648926,"50,111,184,7,40","78,117,167,130,36",3:613:2|3:794:2|3:868:2
ckpt_4100.pt,3,883,0.4787933826446533,0.10192839801311493,0.39921340346336365,"32,39,57,127,82","137,182,147,53,151",3:220:2|3:439:2|3:596:2
ckpt_4100.pt,3,884,0.5729399919509888,0.124030202627182,0.46916553378105164,"216,200,212,248,6","175,50,198,243,247",3:780:2|3:0:1|3:1:1
ckpt_4100.pt,3,885,0.525358259677887,0.08771101385354996,0.4521968364715576,"215,128,121,162,196","53,14,122,31,146",3:237:2|3:276:2|3:329:2
ckpt_4100.pt,3,886,0.5195398926734924,0.10523843765258789,0.4202066957950592,"129,242,57,18,91","173,64,61,26,232",3:651:2|3:7:1|3:16:1
ckpt_4100.pt,3,887,0.5743218064308167,0.10970530658960342,0.4794456362724304,"130,66,135,10,160","32,56,172,97,9",3:701:2|3:841:2|3:0:1
ckpt_4100.pt,3,888,0.58257657289505,0.08903404325246811,0.46912881731987,"96,147,0,51,126","163,82,166,161,67",3:197:2|3:11:1|3:14:1
ckpt_4100.pt,3,889,0.5787217020988464,0.11836811900138855,0.44804513454437256,"58,4,206,20,100","12,52,213,178,22",3:353:2|3:379:2|3:683:2
ckpt_4100.pt,3,890,0.5197643041610718,0.10397180914878845,0.4408772587776184,"127,156,128,6,94","46,194,219,167,132",3:493:2|3:835:2|3:961:2
ckpt_4100.pt,3,891,0.5096952319145203,0.10562611371278763,0.3961474299430847,"41,129,99,92,132","240,111,145,216,93",3:72:2|3:233:2|3:249:2
ckpt_4100.pt,3,892,0.5174606442451477,0.1265256404876709,0.41543155908584595,"238,74,217,221,220","63,65,139,123,249",3:332:2|3:412:2|3:745:2
ckpt_4100.pt,3,893,0.5368874669075012,0.1239950954914093,0.4517080783843994,"24,109,143,246,195","221,245,68,28,24",3:208:2|3:863:2|3:995:2
ckpt_4100.pt,3,894,0.5345802307128906,0.08640260249376297,0.4526517391204834,"167,244,133,109,254","197,3,42,217,228",3:390:2|3:407:2|3:923:2
ckpt_4100.pt,3,895,0.5017486214637756,0.08998098224401474,0.42547956109046936,"155,194,65,205,115","124,212,231,157,56",3:567:2|3:669:2|3:875:2
ckpt_4100.pt,3,896,0.5806950926780701,0.10943764448165894,0.4672640860080719,"87,169,144,28,75","107,76,26,146,25",3:169:2|3:335:2|3:484:2
ckpt_4100.pt,3,897,0.5106883645057678,0.10048730671405792,0.41559073328971863,"110,7,34,159,54","52,106,232,61,110",3:0:1|3:24:1|3:38:1
ckpt_4100.pt,3,898,0.5078313946723938,0.10563620924949646,0.3932395875453949,"182,59,48,22,6","216,38,131,104,238",3:540:2|3:601:2|3:938:2
ckpt_4100.pt,3,899,0.432492196559906,0.0890919640660286,0.3757091760635376,"29,69,196,245,165","51,160,0,167,228",3:13:2|3:168:2|3:173:2
ckpt_4100.pt,3,900,0.6059355139732361,0.10847114026546478,0.4688902199268341,"130,178,255,119,202","255,144,26,93,38",3:420:2|3:843:2|3:0:1
ckpt_4100.pt,3,901,0.5540258884429932,0.10211849212646484,0.46939828991889954,"80,13,238,25,101","164,122,134,0,252",3:702:2|3:788:2|3:2:1
ckpt_4100.pt,3,902,0.4879366159439087,0.08749271184206009,0.3962066173553467,"214,165,203,173,179","155,3,6,136,134",3:135:2|3:311:2|3:339:2
ckpt_4100.pt,3,903,0.5842104554176331,0.10119704157114029,0.486263245344162,"112,46,90,27,60","52,234,211,149,218",3:128:2|3:721:2|3:1016:2
ckpt_4100.pt,3,904,0.5886276960372925,0.10422676801681519,0.46077653765678406,"119,167,15,45,134","61,220,238,122,203",3:570:2|3:650:2|3:946:2
ckpt_4100.pt,3,905,0.5110509395599365,0.10052748769521713,0.41586583852767944,"156,69,165,242,43","48,85,109,188,120",3:356:2|3:382:2|3:552:2
ckpt_4100.pt,3,906,0.5369255542755127,0.11074372380971909,0.4409804940223694,"195,149,27,101,145","84,78,224,177,210",3:27:2|3:84:2|3:205:2
ckpt_4100.pt,3,907,0.5207751989364624,0.10858610272407532,0.43887796998023987,"113,228,142,130,230","160,45,203,18,253",3:242:2|3:831:2|3:0:1
ckpt_4100.pt,3,908,0.5136905312538147,0.09104184806346893,0.42592331767082214,"223,87,203,0,207","41,249,201,120,7",3:122:2|3:335:2|3:337:2
ckpt_4100.pt,3,909,0.4859900176525116,0.11209189891815186,0.4525326192378998,"48,77,217,199,153","250,50,248,221,5",3:433:2|3:593:2|3:5:1
ckpt_4100.pt,3,910,0.46159228682518005,0.09174551069736481,0.42692527174949646,"62,28,113,163,17","133,23,51,183,96",3:112:2|3:275:2|3:425:2
ckpt_4100.pt,3,911,0.49526873230934143,0.09198922663927078,0.39978787302970886,"15,96,158,78,180","48,207,188,239,4",3:32:2|3:128:2|3:331:2
ckpt_4100.pt,3,912,0.5046257376670837,0.10245586186647415,0.42202112078666687,"100,14,120,202,136","122,216,13,201,2",3:204:2|3:367:2|3:443:2
ckpt_4100.pt,3,913,0.5760371088981628,0.1039641946554184,0.47669267654418945,"138,95,230,161,224","97,199,137,92,18",3:172:2|3:241:2|3:449:2
ckpt_4100.pt,3,914,0.5397128462791443,0.12029946595430374,0.4807831346988678,"91,197,32,217,5","168,230,134,98,160",3:277:3|3:93:2|3:220:2
ckpt_4100.pt,3,915,0.536653995513916,0.12236184626817703,0.4742618799209595,"93,139,15,7,140","199,66,164,93,110",3:37:2|3:8:1|3:17:1
ckpt_4100.pt,3,916,0.48950162529945374,0.09063952416181564,0.41500186920166016,"29,13,64,71,128","149,132,165,163,124",3:648:2|3:689:2|3:788:2
ckpt_4100.pt,3,917,0.5372515320777893,0.10555080324411392,0.45878806710243225,"66,43,254,69,22","65,12,43,245,30",3:286:2|3:382:2|3:534:2
ckpt_4100.pt,3,918,0.5500812530517578,0.0917082279920578,0.46039879322052,"153,89,42,16,4","48,214,116,192,195",3:17:1|3:21:1|3:22:1
ckpt_4100.pt,3,919,0.5458614230155945,0.10075712203979492,0.44676491618156433,"4,68,132,233,180","82,33,106,17,40",3:175:2|3:622:2|3:656:2
ckpt_4100.pt,3,920,0.5112186670303345,0.08605177700519562,0.4118441641330719,"82,40,24,39,158","65,66,98,226,185",3:596:2|3:836:2|3:862:2
ckpt_4100.pt,3,921,0.5116304755210876,0.09674841910600662,0.4561452865600586,"147,87,231,60,75","191,247,42,24,88",3:522:2|3:641:2|3:754:2
ckpt_4100.pt,3,922,0.491619348526001,0.10307668149471283,0.42536458373069763,"174,156,108,124,87","159,65,158,6,194",3:322:2|3:335:2|3:441:2
ckpt_4100.pt,3,923,0.5536239147186279,0.09747501462697983,0.45634937286376953,"74,254,142,145,109","66,199,114,60,232",3:125:2|3:357:2|3:894:2
ckpt_4100.pt,3,924,0.5057326555252075,0.08424139022827148,0.4231664538383484,"39,77,219,63,154","28,10,169,153,254",3:134:2|3:393:2|3:491:2
ckpt_4100.pt,3,925,0.5315706729888916,0.09867317229509354,0.4234536588191986,"170,38,43,213,97","72,175,23,136,178",3:57:2|3:94:2|3:556:2
ckpt_4100.pt,3,926,0.5456057786941528,0.10816340148448944,0.4583130478858948,"26,136,221,241,39","213,38,226,170,116",3:5:1|3:31:1|3:56:1
ckpt_4100.pt,3,927,0.5528027415275574,0.09904859960079193,0.4606470763683319,"164,29,82,131,69","93,60,112,197,219",3:18:2|3:699:2|3:899:2
ckpt_4100.pt,3,928,0.6255300641059875,0.10651640594005585,0.5100848078727722,"43,67,196,141,102","240,140,175,161,84",3:531:2|3:20:1|3:25:1
ckpt_4100.pt,3,929,0.5409607887268066,0.10287559777498245,0.44400012493133545,"139,95,6,87,215","224,126,217,98,107",3:274:2|3:335:2|3:7:1
ckpt_4100.pt,3,930,0.48079466819763184,0.09626220166683197,0.4442916512489319,"98,243,169,121,111","83,18,53,163,117",3:784:3|3:456:2|3:3:1
ckpt_4100.pt,3,931,0.5724640488624573,0.1132703572511673,0.4625607430934906,"162,253,228,234,224","130,176,190,53,230",3:79:2|3:90:2|3:607:2
ckpt_4100.pt,3,932,0.5755853652954102,0.10751310735940933,0.4395887851715088,"189,207,112,247,241","210,221,155,32,147",3:63:2|3:239:2|3:5:1
ckpt_4100.pt,3,933,0.6970824003219604,0.1215183213353157,0.566948413848877,"181,136,200,56,246","105,156,77,117,35",3:66:2|3:492:2|3:806:2
ckpt_4100.pt,3,934,0.5425911545753479,0.08609551936388016,0.4321410655975342,"185,67,160,224,205","7,214,53,118,55",3:187:3|3:409:2|3:4:1
ckpt_4100.pt,3,935,0.5660008788108826,0.10340442508459091,0.45571959018707275,"219,130,48,252,216","163,52,164,121,168",3:354:3|3:56:2|3:372:2
ckpt_4100.pt,3,936,0.5413714647293091,0.09136053174734116,0.4428921937942505,"49,124,41,101,8","25,178,53,138,5",3:5:1|3:16:1|3:18:1
ckpt_4100.pt,3,937,0.6301977634429932,0.13648463785648346,0.508222758769989,"168,188,69,33,122","226,36,13,101,39",3:226:2|3:286:2|3:508:2
ckpt_4100.pt,3,938,0.5545383095741272,0.1123613640666008,0.4466885030269623,"59,22,202,169,162","117,228,22,82,238",3:646:3|3:35:2|3:601:2
ckpt_4100.pt,3,939,0.5448586344718933,0.10556327551603317,0.45406433939933777,"2,72,78,189,169","185,107,181,206,133",3:134:2|3:589:2|3:974:2
ckpt_4100.pt,3,940,0.600059986114502,0.09604652225971222,0.4712837338447571,"111,246,91,207,13","13,76,136,124,116",3:302:2|3:826:2|3:40:1
ckpt_4100.pt,3,941,0.5103436708450317,0.10070443153381348,0.41898977756500244,"69,244,51,213,52","157,119,248,116,31",3:56:2|3:333:2|3:29:1
ckpt_4100.pt,3,942,0.49920853972435,0.08839857578277588,0.43181806802749634,"54,187,87,29,114","58,253,130,251,182",3:131:2|3:3:1|3:13:1
ckpt_4100.pt,3,943,0.5479822158813477,0.08437711745500565,0.4640696346759796,"143,117,197,39,139","83,84,194,77,198",3:300:2|3:499:2|3:993:2
ckpt_4100.pt,3,944,0.5668465495109558,0.10733860731124878,0.4545552134513855,"7,164,95,211,121","151,134,112,85,104",3:15:2|3:132:2|3:380:2
ckpt_4100.pt,3,945,0.5523752570152283,0.13527779281139374,0.4640658497810364,"246,199,37,41,6","117,1,226,120,18",3:594:3|3:309:2|3:583:2
ckpt_4100.pt,3,946,0.5321193337440491,0.08419016748666763,0.4714524447917938,"244,182,26,167,45","103,194,117,65,251",3:160:2|3:182:2|3:448:2
ckpt_4100.pt,3,947,0.47402045130729675,0.0807257890701294,0.36526691913604736,"137,180,187,33,34","118,150,173,208,126",3:576:2|3:850:2|3:24:1
ckpt_4100.pt,3,948,0.5215696692466736,0.09354767948389053,0.41758254170417786,"116,69,74,6,45","203,56,173,68,96",3:86:2|3:41:1|3:43:1
ckpt_4100.pt,3,949,0.5203158855438232,0.10260453075170517,0.44155988097190857,"254,210,37,255,124","216,252,148,109,82",3:229:2|3:457:2|3:990:2
ckpt_4100.pt,3,950,0.5835381150245667,0.11609365791082382,0.4626547694206238,"87,18,154,28,104","83,206,150,180,105",3:335:2|3:610:2|3:896:2
ckpt_4100.pt,3,951,0.551842451095581,0.10793986916542053,0.4239019453525543,"3,113,181,30,16","180,12,175,0,186",3:93:2|3:263:2|3:655:2
ckpt_4100.pt,3,952,0.5309160947799683,0.08635628968477249,0.43597859144210815,"120,196,209,99,25","52,217,131,215,89",3:969:2|3:3:1|3:22:1
ckpt_4100.pt,3,953,0.5343440771102905,0.1034228578209877,0.44307318329811096,"21,160,35,239,89","27,121,190,216,130",3:448:2|3:841:2|3:17:1
ckpt_4100.pt,3,954,0.5432325601577759,0.10768429934978485,0.42747175693511963,"229,185,199,200,209","120,247,121,12,126",3:381:2|3:611:2|3:6:1
ckpt_4100.pt,3,955,0.617178738117218,0.12393955886363983,0.4985775053501129,"249,156,206,252,250","232,233,139,204,27",3:150:2|3:231:2|3:619:2
ckpt_4100.pt,3,956,0.5107619762420654,0.10990011692047119,0.41417062282562256,"169,150,110,35,27","163,8,61,68,113",3:605:2|3:984:2|3:1016:2
ckpt_4100.pt,3,957,0.46397411823272705,0.11053881049156189,0.3971169590950012,"127,5,30,49,201","69,11,147,92,234",3:129:2|3:16:1|3:39:1
ckpt_4100.pt,3,958,0.5338832139968872,0.09773682057857513,0.4169177711009979,"142,129,202,203,79","145,224,249,3,121",3:35:2|3:40:2|3:89:2
ckpt_4100.pt,3,959,0.5082089304924011,0.1004721075296402,0.41405409574508667,"47,140,122,154,59","89,51,108,28,175",3:502:2|3:543:2|3:696:2
ckpt_4100.pt,3,960,0.5354487299919128,0.08307547122240067,0.4362754821777344,"50,84,64,219,188","28,54,3,182,193",3:999:2|3:54:1|3:62:1
ckpt_4100.pt,3,961,0.4787469804286957,0.10362587124109268,0.4180728793144226,"233,24,127,240,128","77,183,200,107,232",3:129:2|3:406:2|3:890:2
ckpt_4100.pt,3,962,0.5428637862205505,0.09217936545610428,0.4758530557155609,"214,65,52,151,102","214,149,152,209,7",3:549:2|3:1011:2|3:16:1
ckpt_4100.pt,3,963,0.5468500852584839,0.09728702157735825,0.43910500407218933,"198,168,232,34,29","127,242,155,190,19",3:870:2|3:13:1|3:18:1
ckpt_4100.pt,3,964,0.5465230941772461,0.09848474711179733,0.4285793900489807,"121,6,1,162,147","145,249,76,198,134",3:151:2|3:267:2|3:528:2
ckpt_4100.pt,3,965,0.5073920488357544,0.08660531789064407,0.41613996028900146,"221,235,60,248,17","7,132,231,133,197",3:1:2|3:373:2|3:5:1
ckpt_4100.pt,3,966,0.608278214931488,0.10972198843955994,0.5001472234725952,"226,238,181,131,134","185,32,206,99,147",3:586:2|3:1003:2|3:1:1
ckpt_4100.pt,3,967,0.5431683659553528,0.12954479455947876,0.43333899974823,"231,76,212,40,84","214,227,195,138,149",3:19:2|3:408:2|3:753:2
ckpt_4100.pt,3,968,0.5082076191902161,0.09212354570627213,0.42770135402679443,"132,251,86,51,177","52,158,49,209,62",3:418:2|3:1:1|3:11:1
ckpt_4100.pt,3,969,0.49590766429901123,0.08251027762889862,0.41812682151794434,"177,209,7,215,196","73,60,85,122,191",3:407:2|3:676:2|3:680:2
ckpt_4100.pt,3,970,0.5485560297966003,0.09012801200151443,0.44861307740211487,"194,231,164,209,72","172,105,122,61,69",3:433:2|3:459:2|3:15:1
ckpt_4100.pt,3,971,0.45016026496887207,0.08411329239606857,0.41817381978034973,"121,97,219,129,146","114,110,134,3,189",3:7:1|3:27:1|3:31:1
ckpt_4100.pt,3,972,0.5416248440742493,0.09935266524553299,0.462372750043869,"226,153,145,27,95","53,32,15,142,146",3:906:2|3:0:1|3:1:1
ckpt_4100.pt,3,973,0.5096566081047058,0.09628454595804214,0.409913033246994,"34,63,239,103,223","9,60,80,27,46",3:246:2|3:559:2|3:614:2
ckpt_4100.pt,3,974,0.5515674948692322,0.12283028662204742,0.4720110297203064,"131,117,189,2,25","17,137,194,119,12",3:470:2|3:497:2|3:662:2
ckpt_4100.pt,3,975,0.4743812680244446,0.11389865726232529,0.43673238158226013,"10,225,222,35,146","237,11,137,166,13",3:858:2|3:984:2|3:992:2
ckpt_4100.pt,3,976,0.4623242914676666,0.09127603471279144,0.3653530776500702,"99,36,115,58,111","163,59,212,130,27",3:279:2|3:30:1|3:42:1
ckpt_4100.pt,3,977,0.5367917418479919,0.11974676698446274,0.4536551237106323,"154,9,249,66,132","60,78,114,125,183",3:12:2|3:305:2|3:491:2
ckpt_4100.pt,3,978,0.49930644035339355,0.09351678192615509,0.40309637784957886,"72,73,207,255,118","132,10,238,174,251",3:270:2|3:820:2|3:11:1
ckpt_4100.pt,3,979,0.4698786437511444,0.09410014003515244,0.3852435350418091,"35,59,65,129,105","171,248,199,12,161",3:138:2|3:495:2|3:612:2
ckpt_4100.pt,3,980,0.5311592221260071,0.11017704755067825,0.4165138304233551,"109,188,247,53,252","219,197,74,184,59",3:100:2|3:421:2|3:456:2
ckpt_4100.pt,3,981,0.520526111125946,0.0963369831442833,0.41304513812065125,"71,220,143,176,217","111,187,125,176,178",3:49:2|3:332:2|3:412:2
ckpt_4100.pt,3,982,0.5070921182632446,0.09517406672239304,0.4094643294811249,"75,112,30,168,196","19,215,109,30,125",3:138:2|3:386:2|3:423:2
ckpt_4100.pt,3,983,0.5178975462913513,0.09517394751310349,0.4733523428440094,"34,147,101,217,175","230,167,111,69,180",3:5:2|3:74:2|3:396:2
ckpt_4100.pt,3,984,0.5347076058387756,0.1137169674038887,0.4235387146472931,"110,146,35,96,156","191,98,176,16,249",3:32:2|3:231:2|3:383:2
ckpt_4100.pt,3,985,0.4869460463523865,0.09332918375730515,0.423201322555542,"12,220,183,1,214","32,46,163,98,173",3:306:2|3:590:2|3:1012:2
ckpt_4100.pt,3,986,0.5781176090240479,0.12282084673643112,0.4665181040763855,"47,66,14,171,61","21,249,237,16,36",3:645:2|3:750:2|3:7:1
ckpt_4100.pt,3,987,0.5246835947036743,0.1060343086719513,0.44414544105529785,"53,197,104,45,38","178,192,175,90,89",3:467:2|3:480:2|3:4:1
ckpt_4100.pt,3,988,0.5392131209373474,0.13402096927165985,0.4603250324726105,"162,51,68,71,156","94,202,129,198,86",3:468:2|3:689:2|3:835:2
ckpt_4100.pt,3,989,0.5304028987884521,0.0893644243478775,0.436831533908844,"13,219,156,243,235","74,147,177,169,31",3:493:2|3:1:1|3:12:1
ckpt_4100.pt,3,990,0.5382855534553528,0.1016085147857666,0.42723390460014343,"228,97,255,210,149","113,19,8,210,182",3:949:2|3:3:1|3:9:1
ckpt_4100.pt,3,991,0.42560267448425293,0.08750338852405548,0.39512956142425537,"46,24,59,122,240","144,58,249,78,28",3:320:2|3:723:2|3:959:2
ckpt_4100.pt,3,992,0.4790143370628357,0.1026102676987648,0.4099169671535492,"20,34,225,10,22","119,25,171,103,20",3:531:2|3:576:2|3:975:2
ckpt_4100.pt,3,993,0.4634878933429718,0.10420876741409302,0.40931594371795654,"37,197,39,110,4","176,203,139,102,238",3:824:2|3:943:2|3:1017:2
ckpt_4100.pt,3,994,0.5706350207328796,0.09617189317941666,0.4439981281757355,"254,28,96,26,181","19,188,236,51,194",3:53:2|3:106:2|3:238:2
ckpt_4100.pt,3,995,0.4229635000228882,0.07466790080070496,0.38963308930397034,"109,24,209,154,224","80,186,46,100,1",3:79:2|3:208:2|3:369:2
ckpt_4100.pt,3,996,0.5173920392990112,0.10419865697622299,0.42185071110725403,"78,33,19,20,216","47,214,100,183,15",3:351:2|3:625:2|3:863:2
ckpt_4100.pt,3,997,0.601474404335022,0.13761946558952332,0.5001034736633301,"254,18,186,212,116","12,118,178,23,55",3:104:2|3:174:2|3:229:2
ckpt_4100.pt,3,998,0.45008769631385803,0.08084605634212494,0.3876665532588959,"190,177,217,65,196","63,114,87,104,203",3:799:2|3:969:2|3:5:1
ckpt_4100.pt,3,999,0.5423948168754578,0.13498663902282715,0.45569923520088196,"219,26,63,187,64","145,249,128,89,90",3:62:2|3:924:2|3:960:2
ckpt_4100.pt,3,1000,0.49940311908721924,0.09389974176883698,0.4189978241920471,"62,243,52,254,137","22,93,170,17,104",3:674:2|3:12:1|3:17:1
ckpt_4100.pt,3,1001,0.548981249332428,0.12404511123895645,0.4338301718235016,"190,249,100,153,45","100,120,240,62,235",3:203:2|3:25:1|3:26:1
ckpt_4100.pt,3,1002,0.6061770915985107,0.11145424097776413,0.5080565214157104,"105,254,206,199,86","240,74,219,202,251",3:178:2|3:272:2|3:526:2
ckpt_4100.pt,3,1003,0.4914490580558777,0.08591463416814804,0.4321330487728119,"238,134,7,112,59","56,121,46,194,226",3:702:2|3:966:2|3:24:1
ckpt_4100.pt,3,1004,0.5440812706947327,0.13353128731250763,0.4506824314594269,"27,17,124,76,15","63,144,65,66,58",3:279:2|3:640:2|3:814:2
ckpt_4100.pt,3,1005,0.5535933375358582,0.10543659329414368,0.4293394386768341,"4,149,223,103,56","70,199,155,177,220",3:559:2|3:574:2|3:592:2
ckpt_4100.pt,3,1006,0.5380170941352844,0.08415380120277405,0.4253777265548706,"220,212,29,74,118","206,15,2,179,186",3:853:2|3:892:2|3:0:1
ckpt_4100.pt,3,1007,0.5881813168525696,0.10889829695224762,0.5035759210586548,"108,162,8,248,196","181,254,88,97,47",3:202:2|3:418:2|3:428:2
ckpt_4100.pt,3,1008,0.4602610170841217,0.08239857852458954,0.4324156641960144,"83,133,197,225,248","219,200,135,144,89",3:155:2|3:704:2|3:1:1
ckpt_4100.pt,3,1009,0.5527534484863281,0.11200383305549622,0.4101332724094391,"204,67,145,4,92","255,178,215,229,243",3:22:2|3:330:2|3:0:1
ckpt_4100.pt,3,1010,0.5366718173027039,0.09469866752624512,0.457286536693573,"45,120,228,221,191","251,22,241,42,93",3:448:2|3:3:1|3:19:1
ckpt_4100.pt,3,1011,0.5285982489585876,0.09452750533819199,0.4316055178642273,"151,74,233,65,25","211,65,166,52,243",3:476:2|3:587:2|3:656:2
ckpt_4100.pt,3,1012,0.5038564801216125,0.0895000770688057,0.42356133460998535,"214,170,39,1,75","97,174,154,58,160",3:262:2|3:985:2|3:1017:2
ckpt_4100.pt,3,1013,0.5146484971046448,0.09656988829374313,0.43648475408554077,"43,225,17,1,193","232,174,209,51,172",3:57:2|3:260:2|3:262:2
ckpt_4100.pt,3,1014,0.5186277627944946,0.10161793231964111,0.4172547161579132,"205,6,247,51,64","31,215,81,126,9",3:43:2|3:152:2|3:192:2
ckpt_4100.pt,3,1015,0.5679499506950378,0.14473120868206024,0.4716014564037323,"177,10,131,118,63","95,59,50,250,224",3:858:2|3:8:1|3:11:1
ckpt_4100.pt,3,1016,0.5633092522621155,0.12475771456956863,0.473553866147995,"125,169,112,27,117","16,159,106,254,230",3:903:2|3:956:2|3:2:1
ckpt_4100.pt,3,1017,0.5103642344474792,0.08985192328691483,0.41341862082481384,"148,214,39,37,78","26,72,70,133,12",3:993:2|3:1012:2|3:10:1
ckpt_4100.pt,3,1018,0.5774497985839844,0.09565100818872452,0.4625994861125946,"155,84,89,52,28","161,187,228,183,106",3:317:2|3:340:2|3:400:2
ckpt_4100.pt,3,1019,0.48403605818748474,0.1023298054933548,0.40942808985710144,"82,181,227,136,116","224,167,150,163,7",3:53:2|3:66:2|3:217:2
ckpt_4100.pt,3,1020,0.5071826577186584,0.11108049750328064,0.40280383825302124,"172,114,6,83,3","97,233,216,227,105",3:378:2|3:3:1|3:23:1
ckpt_4100.pt,3,1021,0.489677757024765,0.08465653657913208,0.40592995285987854,"61,83,163,215,160","245,87,15,212,132",3:112:2|3:385:2|3:483:2
ckpt_4100.pt,3,1022,0.5411822199821472,0.0821492150425911,0.45113712549209595,"107,167,83,184,106","169,206,17,34,193",3:170:2|3:483:2|3:485:2
ckpt_4100.pt,3,1023,0.5121065974235535,0.12867705523967743,0.43399739265441895,"76,22,107,237,233","70,100,110,173,107",3:171:2|3:348:2|3:766:2
ckpt_4100.pt,4,0,0.5246378779411316,0.11189252138137817,0.46509504318237305,"20,31,97,138,248","76,205,95,13,169",4:257:3|4:1:1|4:4:1
ckpt_4100.pt,4,1,0.5373750925064087,0.1091763824224472,0.4616338312625885,"187,165,78,20,82","35,143,140,172,218",4:51:2|4:285:2|4:634:2
ckpt_4100.pt,4,2,0.5454345941543579,0.11251335591077805,0.48028063774108887,"217,190,194,195,104","126,214,11,1,94",4:820:3|4:398:2|4:654:2
ckpt_4100.pt,4,3,0.5467430949211121,0.11299632489681244,0.4698137044906616,"115,126,74,234,81","54,133,124,114,131",4:263:2|4:357:2|4:428:2
ckpt_4100.pt,4,4,0.5242661833763123,0.11531277000904083,0.4621427655220032,"20,198,110,84,152","75,79,80,11,189",4:67:2|4:695:2|4:0:1
ckpt_4100.pt,4,5,0.5522617101669312,0.08475473523139954,0.47622066736221313,"211,29,37,101,76","110,219,224,72,206",4:594:2|4:719:2|4:19:1
ckpt_4100.pt,4,6,0.5486574172973633,0.10540161281824112,0.4529617130756378,"146,234,0,160,96","6,190,181,215,139",4:833:2|4:3:1|4:7:1
ckpt_4100.pt,4,7,0.5376837849617004,0.09061957150697708,0.46320897340774536,"184,14,225,160,58","209,250,242,231,46",4:273:2|4:6:1|4:9:1
ckpt_4100.pt,4,8,0.5395017266273499,0.10981819778680801,0.44659239053726196,"48,49,40,18,227","88,216,152,195,92",4:530:2|4:20:1|4:25:1
ckpt_4100.pt,4,9,0.5912112593650818,0.13154837489128113,0.4940004050731659,"171,58,248,194,98","139,39,248,175,22",4:91:2|4:659:2|4:688:2
ckpt_4100.pt,4,10,0.5587196350097656,0.10231829434633255,0.45642411708831787,"98,25,150,129,41","142,183,137,171,104",4:794:2|4:9:1|4:12:1
ckpt_4100.pt,4,11,0.5157732963562012,0.09365062415599823,0.41097041964530945,"139,22,245,193,121","33,13,180,36,62",4:20:1|4:51:1|4:54:1
ckpt_4100.pt,4,12,0.4657168686389923,0.07938091456890106,0.4226354956626892,"36,107,236,129,106","253,8,240,43,22",4:161:2|4:459:2|4:794:2
ckpt_4100.pt,4,13,0.533669114112854,0.09677620977163315,0.45631030201911926,"133,9,218,160,144","219,66,213,96,155",4:580:2|4:1022:2|4:6:1
ckpt_4100.pt,4,14,0.5589557886123657,0.12483002990484238,0.4717924892902374,"150,184,210,254,255","244,6,163,117,27",4:559:2|4:775:2|4:7:1
ckpt_4100.pt,4,15,0.5399187207221985,0.12397801131010056,0.46671056747436523,"57,47,173,102,160","98,168,27,247,105",4:442:2|4:476:2|4:531:2
ckpt_4100.pt,4,16,0.6524843573570251,0.1413310468196869,0.5081852078437805,"135,210,127,166,78","172,7,140,92,4",4:634:2|4:999:2|4:1:1
ckpt_4100.pt,4,17,0.5445495247840881,0.09341596066951752,0.43881261348724365,"234,84,117,170,246","245,179,255,55,124",4:524:2|4:730:2|4:994:2
ckpt_4100.pt,4,18,0.5832735896110535,0.12265197187662125,0.4630253314971924,"156,179,233,99,103","206,205,126,191,56",4:36:2|4:381:2|4:696:2
ckpt_4100.pt,4,19,0.5014033317565918,0.11037150770425797,0.43974778056144714,"169,185,29,239,124","204,230,200,226,92",4:149:2|4:498:2|4:761:2
ckpt_4100.pt,4,20,0.5037030577659607,0.11413637548685074,0.4262893795967102,"167,40,73,45,245","70,82,79,188,164",4:60:3|4:502:2|4:508:2
ckpt_4100.pt,4,21,0.5625642538070679,0.12070167064666748,0.4824693500995636,"229,27,20,90,163","12,113,40,152,142",4:227:2|4:417:2|4:445:2
ckpt_4100.pt,4,22,0.5854917764663696,0.09352686256170273,0.513704240322113,"36,199,157,37,111","83,215,6,116,205",4:578:2|4:771:2|4:5:1
ckpt_4100.pt,4,23,0.6044739484786987,0.1375419795513153,0.5082846879959106,"105,221,92,183,61","220,200,106,40,47",4:51:1|4:59:1|4:60:1
ckpt_4100.pt,4,24,0.5366568565368652,0.09465847164392471,0.4200499355792999,"233,234,200,113,135","18,80,213,245,46",4:612:2|4:764:2|4:3:1
ckpt_4100.pt,4,25,0.5844264030456543,0.11312802135944366,0.4690326750278473,"111,109,145,227,148","204,233,19,240,247",4:908:2|4:8:1|4:22:1
ckpt_4100.pt,4,26,0.525092363357544,0.10431693494319916,0.45923998951911926,"167,33,239,236,112","136,87,226,5,44",4:343:2|4:495:2|4:850:2
ckpt_4100.pt,4,27,0.6026755571365356,0.15516389906406403,0.4712158441543579,"147,200,207,246,219","95,30,115,110,179",4:73:2|4:606:2|4:17:1
ckpt_4100.pt,4,28,0.4882844090461731,0.09717859327793121,0.4462974965572357,"38,69,114,247,117","23,190,107,55,13",4:197:2|4:766:2|4:889:2
ckpt_4100.pt,4,29,0.5946328639984131,0.11778179556131363,0.487414687871933,"220,207,167,146,42","13,121,15,247,168",4:387:2|4:735:2|4:6:1
ckpt_4100.pt,4,30,0.5224593877792358,0.0914122611284256,0.39968594908714294,"46,203,252,49,138","172,43,97,127,47",4:476:2|4:0:1|4:8:1
ckpt_4100.pt,4,31,0.5670919418334961,0.10442035645246506,0.4548477828502655,"88,74,66,57,147","223,187,19,234,94",4:86:2|4:198:2|4:370:2
ckpt_4100.pt,4,32,0.5399075150489807,0.13322721421718597,0.4466961622238159,"206,127,130,181,86","201,144,206,146,176",4:217:2|4:243:2|4:247:2
ckpt_4100.pt,4,33,0.6175193786621094,0.12395397573709488,0.49380239844322205,"112,226,231,95,254","228,232,177,87,176",4:39:2|4:175:2|4:436:2
ckpt_4100.pt,4,34,0.5306614637374878,0.09600526839494705,0.4411803185939789,"6,55,243,239,132","190,242,180,98,227",4:584:2|4:19:1|4:26:1
ckpt_4100.pt,4,35,0.5584185123443604,0.09921381622552872,0.4775625467300415,"44,132,20,21,205","98,164,157,57,253",4:826:2|4:0:1|4:1:1
ckpt_4100.pt,4,36,0.5660528540611267,0.10389844328165054,0.5111358761787415,"100,99,165,103,176","146,7,99,139,169",4:18:2|4:946:2|4:1:1
ckpt_4100.pt,4,37,0.5182156562805176,0.11429312080144882,0.45551106333732605,"128,37,15,129,198","208,74,159,245,176",4:208:2|4:4:1|4:5:1
ckpt_4100.pt,4,38,0.5556936860084534,0.11167051643133163,0.4510822594165802,"11,207,52,73,213","152,32,214,76,208",4:178:2|4:277:2|4:836:2
ckpt_4100.pt,4,39,0.6967295408248901,0.13019230961799622,0.5432842969894409,"226,137,86,180,231","213,240,127,137,59",4:33:2|4:575:2|4:684:2
ckpt_4100.pt,4,40,0.5186957120895386,0.09994051605463028,0.43767407536506653,"244,114,148,137,88","126,66,146,71,125",4:25:1|4:28:1|4:31:1
ckpt_4100.pt,4,41,0.5296269059181213,0.0940079540014267,0.44480979442596436,"15,172,127,56,213","22,124,216,131,43",4:751:2|4:879:2|4:16:1
ckpt_4100.pt,4,42,0.5162189602851868,0.08748698979616165,0.48753833770751953,"99,11,109,190,124","160,239,124,117,3",4:2:1|4:18:1|4:19:1
ckpt_4100.pt,4,43,0.5578675270080566,0.1266200989484787,0.46921584010124207,"114,250,188,225,59","185,123,114,190,150",4:7:1|4:28:1|4:40:1
ckpt_4100.pt,4,44,0.5312938690185547,0.13195829093456268,0.41394472122192383,"31,229,109,88,16","201,134,19,189,251",4:633:2|4:652:2|4:910:2
ckpt_4100.pt,4,45,0.5691640973091125,0.12344009429216385,0.4541627764701843,"228,186,41,78,132","44,67,146,226,234",4:480:2|4:1:1|4:10:1
ckpt_4100.pt,4,46,0.5553768873214722,0.0996008887887001,0.4982798099517822,"5,50,228,167,31","92,29,56,36,242",4:125:2|4:783:2|4:910:2
ckpt_4100.pt,4,47,0.5548023581504822,0.11357055604457855,0.4706796109676361,"127,0,106,140,81","198,54,183,78,187",4:320:2|4:329:2|4:547:2
ckpt_4100.pt,4,48,0.5399004817008972,0.12894058227539062,0.4963206648826599,"6,164,32,52,198","167,215,22,87,143",4:219:2|4:658:2|4:4:1
ckpt_4100.pt,4,49,0.6095547676086426,0.11932110041379929,0.47384113073349,"226,31,131,190,10","74,142,179,196,214",4:108:2|4:534:2|4:639:2
ckpt_4100.pt,4,50,0.5645448565483093,0.12714146077632904,0.45525825023651123,"1,169,207,236,4","107,84,43,243,97",4:437:2|4:482:2|4:494:2
ckpt_4100.pt,4,51,0.5359712839126587,0.09791435301303864,0.4301736354827881,"126,20,105,82,121","99,133,9,175,57",4:1:2|4:285:2|4:536:2
ckpt_4100.pt,4,52,0.5486557483673096,0.12443150579929352,0.4543989300727844,"14,26,180,199,190","251,174,89,76,136",4:829:2|4:2:1|4:7:1
ckpt_4100.pt,4,53,0.5077850818634033,0.09434521198272705,0.4042484164237976,"69,95,31,37,86","235,72,246,175,252",4:397:2|4:711:2|4:725:2
ckpt_4100.pt,4,54,0.5080890655517578,0.10512151569128036,0.4207702577114105,"112,154,47,22,94","72,187,205,101,200",4:961:3|4:503:2|4:950:2
ckpt_4100.pt,4,55,0.5472962260246277,0.1103542223572731,0.4243108332157135,"150,168,123,24,132","32,58,76,150,117",4:128:2|4:617:2|4:832:2
ckpt_4100.pt,4,56,0.6124587655067444,0.14984886348247528,0.5071868300437927,"212,83,75,102,184","139,205,57,143,82",4:87:2|4:446:2|4:763:2
ckpt_4100.pt,4,57,0.5749639868736267,0.11279983073472977,0.4821714162826538,"142,121,138,73,231","165,65,212,121,168",4:341:2|4:621:2|4:770:2
ckpt_4100.pt,4,58,0.5296245217323303,0.10487979650497437,0.4385698139667511,"81,222,188,97,6","146,54,25,17,255",4:176:2|4:263:2|4:268:2
ckpt_4100.pt,4,59,0.5519630908966064,0.11731093376874924,0.4264012575149536,"61,58,127,173,231","155,70,99,50,82",4:402:2|4:640:2|4:884:2
ckpt_4100.pt,4,60,0.5219163298606873,0.0955841988325119,0.4381173551082611,"73,221,40,251,167","36,168,39,189,233",4:20:3|4:186:2|4:342:2
ckpt_4100.pt,4,61,0.5388317704200745,0.1265079826116562,0.4375222325325012,"89,87,163,82,201","23,106,179,196,227",4:124:2|4:340:2|4:604:2
ckpt_4100.pt,4,62,0.49139654636383057,0.09052471816539764,0.44024085998535156,"239,201,10,237,245","211,245,68,166,219",4:239:2|4:301:2|4:561:2
ckpt_4100.pt,4,63,0.5782850980758667,0.11972194910049438,0.49230673909187317,"215,214,112,74,79","222,63,73,102,145",4:169:2|4:681:2|4:970:2
ckpt_4100.pt,4,64,0.5216890573501587,0.09671344608068466,0.4733884930610657,"176,116,41,10,198","161,63,11,108,96",4:67:2|4:4:1|4:10:1
ckpt_4100.pt,4,65,0.5464379191398621,0.10705114901065826,0.4598645269870758,"21,126,159,188,5","229,15,60,160,53",4:587:2|4:596:2|4:3:1
ckpt_4100.pt,4,66,0.47497978806495667,0.08352721482515335,0.4039517939090729,"119,188,4,23,115","168,74,9,235,239",4:293:2|4:782:2|4:3:1
ckpt_4100.pt,4,67,0.6061649322509766,0.11639952659606934,0.45998871326446533,"198,5,20,236,116","63,227,77,254,238",4:4:2|4:64:2|4:166:2
ckpt_4100.pt,4,68,0.5553935170173645,0.12810897827148438,0.454757958650589,"205,82,223,107,247","183,165,197,55,77",4:287:2|4:666:2|4:706:2
ckpt_4100.pt,4,69,0.4957304894924164,0.11749064177274704,0.4136716425418854,"191,167,107,101,158","50,77,136,118,115",4:79:2|4:333:2|4:495:2
ckpt_4100.pt,4,70,0.533844530582428,0.11704060435295105,0.4690421521663666,"116,224,105,25,228","177,28,124,121,76",4:303:2|4:846:2|4:10:1
ckpt_4100.pt,4,71,0.567664384841919,0.10889709740877151,0.47042715549468994,"45,63,132,125,113","131,181,233,73,18",4:798:2|4:20:1|4:24:1
ckpt_4100.pt,4,72,0.5172029137611389,0.09026675671339035,0.4433993101119995,"157,205,72,119,54","26,98,19,221,3",4:133:2|4:938:2|4:22:1
ckpt_4100.pt,4,73,0.5367826223373413,0.09242786467075348,0.4374242126941681,"190,219,30,246,100","174,211,45,41,187",4:27:2|4:602:2|4:2:1
ckpt_4100.pt,4,74,0.47247350215911865,0.09146174043416977,0.39897826313972473,"109,159,91,226,60","234,110,111,211,7",4:512:2|4:954:2|4:25:1
ckpt_4100.pt,4,75,0.6205599904060364,0.11151080578565598,0.48323529958724976,"212,153,249,36,14","250,243,98,146,245",4:161:2|4:517:2|4:7:1
ckpt_4100.pt,4,76,0.5240774154663086,0.13234344124794006,0.4524327218532562,"73,110,101,2,242","234,25,136,171,168",4:841:2|4:857:2|4:4:1
ckpt_4100.pt,4,77,0.5662961602210999,0.0936112254858017,0.4610694646835327,"207,132,121,28,15","7,214,78,167,13",4:387:2|4:497:2|4:976:2
ckpt_4100.pt,4,78,0.4918895959854126,0.10702243447303772,0.461590975522995,"144,220,97,113,174","45,212,236,4,91",4:0:1|4:13:1|4:24:1
ckpt_4100.pt,4,79,0.538581907749176,0.10793010145425797,0.48139601945877075,"107,90,101,4,143","33,85,223,255,52",4:69:2|4:951:2|4:5:1
ckpt_4100.pt,4,80,0.5125264525413513,0.0900304988026619,0.40989452600479126,"191,211,88,200,189","139,142,162,22,188",4:222:2|4:298:2|4:462:2
ckpt_4100.pt,4,81,0.4845266044139862,0.09893077611923218,0.42362579703330994,"45,85,83,198,49","211,93,219,202,75",4:295:2|4:693:2|4:865:2
ckpt_4100.pt,4,82,0.5735282301902771,0.11362722516059875,0.4332142472267151,"220,25,32,191,173","31,65,129,61,73",4:391:2|4:462:2|4:801:2
ckpt_4100.pt,4,83,0.5430291295051575,0.09910685569047928,0.4847496747970581,"1,141,9,58,131","242,202,157,207,66",4:143:2|4:204:2|4:482:2
ckpt_4100.pt,4,84,0.5601154565811157,0.10568700730800629,0.4511485993862152,"210,141,61,226,94","158,214,249,133,37",4:131:2|4:220:2|4:240:2
ckpt_4100.pt,4,85,0.507868766784668,0.08855509012937546,0.4835839867591858,"82,30,210,11,33","112,38,4,9,84",4:313:2|4:440:2|4:816:2
ckpt_4100.pt,4,86,0.5930191278457642,0.11453711986541748,0.4860092103481293,"206,98,147,10,74","119,121,49,219,246",4:31:2|4:376:2|4:681:2
ckpt_4100.pt,4,87,0.448739618062973,0.09414255619049072,0.4059724807739258,"75,83,142,188,213","241,141,193,72,94",4:56:2|4:446:2|4:653:2
ckpt_4100.pt,4,88,0.5527896285057068,0.10147323459386826,0.46453866362571716,"204,97,164,145,129","41,133,54,4,229",4:760:2|4:882:2|4:0:1
ckpt_4100.pt,4,89,0.5380331873893738,0.0857754573225975,0.45276200771331787,"109,63,21,15,74","101,229,35,158,116",4:153:2|4:3:1|4:25:1
ckpt_4100.pt,4,90,0.5649024844169617,0.10221884399652481,0.4565296173095703,"253,176,119,84,51","174,151,210,85,161",4:254:2|4:305:2|4:361:2
ckpt_4100.pt,4,91,0.560302734375,0.09233581274747849,0.460223913192749,"157,209,237,98,248","45,52,86,58,70",4:9:2|4:234:2|4:553:2
ckpt_4100.pt,4,92,0.4854981601238251,0.08217936754226685,0.40914222598075867,"159,158,22,176,4","216,101,151,235,126",4:467:2|4:512:2|4:929:2
ckpt_4100.pt,4,93,0.5216420292854309,0.0977361723780632,0.44222933053970337,"99,177,12,70,235","74,11,122,57,111",4:581:2|4:690:2|4:18:1
ckpt_4100.pt,4,94,0.5048845410346985,0.08965802937746048,0.4359901249408722,"151,254,114,9,90","246,171,226,187,68",4:250:2|4:372:2|4:444:2
ckpt_4100.pt,4,95,0.5169540047645569,0.09220918267965317,0.4362173080444336,"250,111,180,247,242","159,137,99,154,160",4:22:1|4:25:1|4:28:1
ckpt_4100.pt,4,96,0.545202374458313,0.11388284713029861,0.460655152797699,"13,123,64,216,214","134,163,155,49,247",4:135:2|4:356:2|4:420:2
ckpt_4100.pt,4,97,0.5126893520355225,0.08825131505727768,0.4358191192150116,"17,161,186,57,216","208,52,31,23,246",4:548:2|4:797:2|4:859:2
ckpt_4100.pt,4,98,0.6247448921203613,0.12423816323280334,0.5013790726661682,"253,112,213,156,168","132,39,34,69,254",4:103:2|4:419:2|4:479:2
ckpt_4100.pt,4,99,0.561577320098877,0.11434987187385559,0.4936755299568176,"239,98,144,128,210","251,86,3,165,150",4:567:2|4:678:2|4:878:2
ckpt_4100.pt,4,100,0.5338398814201355,0.08375876396894455,0.44280919432640076,"65,221,32,163,218","109,57,91,251,137",4:906:3|4:255:2|4:342:2
ckpt_4100.pt,4,101,0.5225511789321899,0.08210981637239456,0.4566103518009186,"160,99,226,247,110","141,115,156,70,145",4:637:2|4:702:2|4:833:2
ckpt_4100.pt,4,102,0.5642049312591553,0.09530483186244965,0.44837117195129395,"31,225,104,196,49","35,176,13,147,109",4:450:2|4:849:2|4:0:1
ckpt_4100.pt,4,103,0.6428658366203308,0.11816660314798355,0.504038393497467,"213,156,4,186,193","44,81,171,181,156",4:98:2|4:147:2|4:467:2
ckpt_4100.pt,4,104,0.5460116863250732,0.09530990570783615,0.5073715448379517,"189,182,106,193,190","193,208,146,66,142",4:224:2|4:329:2|4:547:2
ckpt_4100.pt,4,105,0.492880642414093,0.09028363972902298,0.4148722290992737,"235,16,123,115,134","47,102,61,72,217",4:362:2|4:800:2|4:3:1
ckpt_4100.pt,4,106,0.5421068668365479,0.09371577948331833,0.45333123207092285,"255,230,233,250,68","166,13,151,38,121",4:719:2|4:900:2|4:14:1
ckpt_4100.pt,4,107,0.5839805006980896,0.163310706615448,0.4749545454978943,"26,47,23,225,88","193,211,67,186,3",4:256:2|4:708:2|4:885:2
ckpt_4100.pt,4,108,0.5818579196929932,0.0911322683095932,0.47942104935646057,"190,108,216,131,152","177,242,243,47,119",4:49:2|4:301:2|4:350:2
ckpt_4100.pt,4,109,0.5264805555343628,0.0924452617764473,0.42692556977272034,"192,64,25,141,208","40,58,243,190,219",4:831:2|4:10:1|4:70:1
ckpt_4100.pt,4,110,0.4979877769947052,0.08476056158542633,0.4556446671485901,"18,197,85,65,90","90,114,173,250,59",4:590:2|4:672:2|4:880:2
ckpt_4100.pt,4,111,0.5972141027450562,0.10943851619958878,0.4757194519042969,"115,36,41,28,57","194,89,13,125,131",4:387:2|4:521:2|4:736:2
ckpt_4100.pt,4,112,0.5607509016990662,0.10049773752689362,0.4729113280773163,"164,45,55,53,42","12,138,39,9,102",4:20:1|4:29:1|4:34:1
ckpt_4100.pt,4,113,0.5579668283462524,0.12039420753717422,0.4708712100982666,"162,105,65,51,232","14,127,154,134,196",4:156:2|4:203:2|4:573:2
ckpt_4100.pt,4,114,0.5299485921859741,0.10851117223501205,0.4468896985054016,"91,191,184,181,175","158,201,218,153,31",4:267:2|4:574:2|4:702:2
ckpt_4100.pt,4,115,0.5286814570426941,0.09614479541778564,0.43053683638572693,"42,2,168,125,32","133,126,41,161,129",4:637:2|4:755:2|4:824:2
ckpt_4100.pt,4,116,0.5900859236717224,0.10470379889011383,0.47850286960601807,"52,23,24,18,163","87,62,142,188,253",4:121:2|4:128:2|4:219:2
ckpt_4100.pt,4,117,0.5321965217590332,0.1044396460056305,0.4426136016845703,"195,38,126,165,208","158,191,132,136,213",4:576:2|4:856:2|4:1:1
ckpt_4100.pt,4,118,0.5342230796813965,0.08991490304470062,0.4585171639919281,"3,166,24,128,89","223,21,249,27,202",4:762:2|4:803:2|4:999:2
ckpt_4100.pt,4,119,0.5514447093009949,0.09396658837795258,0.4581572413444519,"106,225,109,222,150","89,165,152,82,14",4:223:2|4:492:2|4:7:1
ckpt_4100.pt,4,120,0.4760626256465912,0.08215103298425674,0.4008270502090454,"210,169,153,181,203","254,231,217,10,89",4:250:2|4:479:2|4:772:2
ckpt_4100.pt,4,121,0.5737233757972717,0.11512722074985504,0.47310870885849,"23,193,18,7,223","72,217,87,62,47",4:116:2|4:642:2|4:789:2
ckpt_4100.pt,4,122,0.6309391856193542,0.1362418234348297,0.49316924810409546,"46,218,249,201,105","63,66,174,187,17",4:124:2|4:343:2|4:13:1
ckpt_4100.pt,4,123,0.5363713502883911,0.10421203821897507,0.4536513090133667,"35,166,169,187,157","79,102,229,45,39",4:234:2|4:538:2|4:749:2
ckpt_4100.pt,4,124,0.5443341732025146,0.1032029390335083,0.4732319414615631,"82,201,46,28,13","78,197,74,192,108",4:61:2|4:122:2|4:334:2
ckpt_4100.pt,4,125,0.511279284954071,0.08176886290311813,0.4646395444869995,"142,167,117,228,134","235,100,240,116,18",4:46:2|4:511:2|4:17:1
ckpt_4100.pt,4,126,0.5860933661460876,0.10286542028188705,0.4739740490913391,"148,123,65,160,70","85,113,78,179,27",4:203:2|4:273:2|4:397:2
ckpt_4100.pt,4,127,0.5851628184318542,0.10679829120635986,0.43756258487701416,"26,210,145,21,35","188,178,254,22,165",4:479:2|4:900:2|4:962:2
ckpt_4100.pt,4,128,0.6451619863510132,0.1152869462966919,0.5117265582084656,"23,150,163,187,132","157,231,143,21,187",4:55:2|4:116:2|4:515:2
ckpt_4100.pt,4,129,0.5109919309616089,0.10116074234247208,0.4415126144886017,"175,252,153,223,84","15,224,207,9,178",4:519:2|4:643:2|4:672:2
ckpt_4100.pt,4,130,0.5470700860023499,0.10102476179599762,0.46051254868507385,"211,127,13,132,223","0,202,42,57,191",4:158:2|4:409:2|4:642:2
ckpt_4100.pt,4,131,0.5964603424072266,0.10876563936471939,0.4917001724243164,"61,184,226,189,236","235,7,137,37,147",4:84:2|4:188:2|4:220:2
ckpt_4100.pt,4,132,0.5327228307723999,0.10044438391923904,0.4732308089733124,"227,201,58,24,124","14,190,221,144,212",4:205:2|4:337:2|4:340:2
ckpt_4100.pt,4,133,0.5904527306556702,0.10812529921531677,0.48425471782684326,"72,36,58,165,54","99,178,4,28,102",4:72:2|4:233:2|4:375:2
ckpt_4100.pt,4,134,0.608575165271759,0.14186927676200867,0.4846091866493225,"113,215,69,255,206","48,4,207,242,210",4:525:2|4:775:2|4:14:1
ckpt_4100.pt,4,135,0.5416000485420227,0.09888377040624619,0.4745199978351593,"78,123,216,1,244","149,104,188,255,214",4:96:2|4:420:2|4:533:2
ckpt_4100.pt,4,136,0.5209943056106567,0.10701113194227219,0.4510921835899353,"34,123,95,5,59","104,144,59,182,74",4:420:2|4:593:2|4:642:2
ckpt_4100.pt,4,137,0.5883273482322693,0.1168704703450203,0.4834725558757782,"248,2,48,223,67","9,54,197,115,117",4:200:2|4:392:2|4:633:2
ckpt_4100.pt,4,138,0.5730786323547363,0.08952711522579193,0.4702482223510742,"188,35,183,197,63","49,137,156,213,51",4:621:2|4:23:1|4:43:1
ckpt_4100.pt,4,139,0.5879260301589966,0.09967103600502014,0.4648439586162567,"31,178,182,87,207","28,122,138,217,223",4:387:2|4:571:2|4:589:2
ckpt_4100.pt,4,140,0.6125079393386841,0.13285233080387115,0.5113603472709656,"141,248,220,78,203","57,55,18,197,75",4:145:2|4:335:2|4:395:2
ckpt_4100.pt,4,141,0.5426355600357056,0.09018239378929138,0.4596652686595917,"95,153,77,147,209","201,183,11,90,215",4:179:2|4:261:2|4:302:2
ckpt_4100.pt,4,142,0.5490620136260986,0.11460333317518234,0.43852928280830383,"99,155,188,148,167","101,218,143,82,181",4:349:2|4:646:2|4:18:1
ckpt_4100.pt,4,143,0.5975217223167419,0.12361016869544983,0.4643998444080353,"223,26,1,129,131","60,207,167,59,231",4:83:2|4:486:2|4:494:2
ckpt_4100.pt,4,144,0.6102517247200012,0.12904119491577148,0.5076057314872742,"135,248,3,15,176","235,119,76,139,97",4:151:2|4:216:2|4:667:2
ckpt_4100.pt,4,145,0.47256138920783997,0.1010541170835495,0.3937956988811493,"40,141,243,248,4","66,167,53,36,146",4:140:2|4:509:2|4:835:2
ckpt_4100.pt,4,146,0.5146058201789856,0.10883603245019913,0.41719260811805725,"78,99,194,237,113","38,37,29,183,253",4:249:2|4:349:2|4:435:2
ckpt_4100.pt,4,147,0.538072943687439,0.10132572799921036,0.4709061086177826,"4,195,145,213,47","39,120,218,143,214",4:103:2|4:391:2|4:689:2
ckpt_4100.pt,4,148,0.4860319495201111,0.09210233390331268,0.4111097753047943,"121,3,232,213,125","89,101,107,247,221",4:989:2|4:11:1|4:38:1
ckpt_4100.pt,4,149,0.534466028213501,0.10060001164674759,0.47822126746177673,"43,239,113,176,169","247,49,18,179,189",4:19:2|4:24:1|4:26:1
ckpt_4100.pt,4,150,0.5801994204521179,0.09080500155687332,0.5126394629478455,"72,112,1,163,3","175,126,206,11,240",4:308:2|4:353:2|4:920:2
ckpt_4100.pt,4,151,0.5256038308143616,0.08691349625587463,0.45663174986839294,"221,3,215,238,135","225,28,128,193,188",4:144:2|4:296:2|4:573:2
ckpt_4100.pt,4,152,0.5309045314788818,0.09856387227773666,0.4760887026786804,"160,84,220,112,227","211,0,19,140,75",4:273:2|4:564:2|4:692:2
ckpt_4100.pt,4,153,0.5910639762878418,0.10441255569458008,0.5039337873458862,"172,237,74,21,254","18,89,203,232,219",4:89:2|4:201:2|4:3:1
ckpt_4100.pt,4,154,0.5312082767486572,0.11313348263502121,0.46867606043815613,"6,38,215,75,180","208,53,128,18,224",4:176:2|4:827:2|4:28:1
ckpt_4100.pt,4,155,0.5422993898391724,0.11183947324752808,0.49663570523262024,"108,154,220,197,58","128,252,182,161,246",4:692:2|4:873:2|4:884:2
ckpt_4100.pt,4,156,0.5032552480697632,0.10173660516738892,0.4621603190898895,"232,165,137,105,222","167,137,163,149,157",4:113:2|4:248:2|4:345:2
ckpt_4100.pt,4,157,0.5480218529701233,0.10613557696342468,0.48759105801582336,"22,17,106,11,5","229,212,133,194,218",4:331:2|4:593:2|4:601:2
ckpt_4100.pt,4,158,0.5190220475196838,0.09672332555055618,0.4548409879207611,"14,54,244,132,223","39,158,177,142,54",4:130:2|4:517:2|4:643:2
ckpt_4100.pt,4,159,0.5383796691894531,0.1131063923239708,0.435517817735672,"214,135,161,225,165","19,3,236,83,114",4:714:2|4:960:2|4:1:1
ckpt_4100.pt,4,160,0.552943766117096,0.11078061908483505,0.4731100797653198,"173,142,86,199,110","169,26,206,18,8",4:230:2|4:243:2|4:402:2
ckpt_4100.pt,4,161,0.5552471280097961,0.11339497566223145,0.47977662086486816,"236,153,132,110,36","153,213,83,244,169",4:12:2|4:75:2|4:426:2
ckpt_4100.pt,4,162,0.5163425207138062,0.10964709520339966,0.4302588701248169,"165,98,233,14,56","155,38,137,43,50",4:273:2|4:312:2|4:338:2
ckpt_4100.pt,4,163,0.5418556928634644,0.10184304416179657,0.4517001509666443,"227,163,7,168,97","250,93,92,36,12",4:268:2|4:281:2|4:0:1
ckpt_4100.pt,4,164,0.47116777300834656,0.0950775295495987,0.39957860112190247,"217,137,196,211,47","23,103,53,159,25",4:487:2|4:523:2|4:584:2
ckpt_4100.pt,4,165,0.5036622285842896,0.09396006166934967,0.3962154686450958,"77,193,206,70,40","196,234,129,179,34",4:180:2|4:509:2|4:8:1
ckpt_4100.pt,4,166,0.5004861354827881,0.09094606339931488,0.44644251465797424,"86,232,236,116,140","81,110,202,217,107",4:67:2|4:238:2|4:280:2
ckpt_4100.pt,4,167,0.7140258550643921,0.17053179442882538,0.5875790119171143,"180,58,94,136,125","221,1,201,94,158",4:7:1|4:9:1|4:39:1
ckpt_4100.pt,4,168,0.6260618567466736,0.11206860840320587,0.5259806513786316,"236,12,134,213,104","4,148,25,40,166",4:794:2|4:2:1|4:12:1
ckpt_4100.pt,4,169,0.49656015634536743,0.07765527069568634,0.48060092329978943,"36,195,74,112,119","146,13,190,7,211",4:63:2|4:453:2|4:853:2
ckpt_4100.pt,4,170,0.571671187877655,0.09181536734104156,0.46109655499458313,"248,70,6,10,115","55,6,64,212,138",4:263:2|4:336:2|4:404:2
ckpt_4100.pt,4,171,0.5921909213066101,0.11471520364284515,0.4582095742225647,"115,162,104,3,101","4,235,241,100,88",4:210:2|4:296:2|4:390:2
ckpt_4100.pt,4,172,0.5778900980949402,0.11153442412614822,0.4453282058238983,"107,18,155,27,200","60,33,217,16,20",4:812:2|4:8:1|4:12:1
ckpt_4100.pt,4,173,0.4934712052345276,0.10930417478084564,0.45097437500953674,"207,133,168,18,135","42,204,138,159,109",4:326:2|4:437:2|4:563:2
ckpt_4100.pt,4,174,0.5046679973602295,0.09122908115386963,0.4141801595687866,"96,232,182,197,255","90,139,97,17,120",4:280:2|4:329:2|4:367:2
ckpt_4100.pt,4,175,0.5534673929214478,0.09581485390663147,0.45315003395080566,"254,55,231,188,48","195,160,73,26,179",4:33:2|4:731:2|4:8:1
ckpt_4100.pt,4,176,0.5898666977882385,0.1112334355711937,0.45916858315467834,"188,28,102,6,38","104,36,122,71,188",4:58:2|4:154:2|4:556:2
ckpt_4100.pt,4,177,0.6091077923774719,0.1000928059220314,0.4946942627429962,"242,225,201,65,119","7,108,81,85,59",4:340:2|4:560:2|4:821:2
ckpt_4100.pt,4,178,0.5374026298522949,0.0866091325879097,0.439336359500885,"67,107,164,11,73","25,44,183,190,67",4:38:2|4:666:2|4:781:2
ckpt_4100.pt,4,179,0.531165599822998,0.1002982035279274,0.4684985280036926,"166,206,209,153,68","166,38,186,86,50",4:141:2|4:180:2|4:261:2
ckpt_4100.pt,4,180,0.5923364162445068,0.11422029882669449,0.5164583921432495,"94,253,206,70,153","200,176,87,120,237",4:165:2|4:179:2|4:32:1
ckpt_4100.pt,4,181,0.4931447207927704,0.09796329587697983,0.43762966990470886,"56,216,220,49,253","106,214,9,237,62",4:291:2|4:350:2|4:444:2
ckpt_4100.pt,4,182,0.4659362733364105,0.0929521843791008,0.4194524884223938,"238,49,131,243,113","72,93,161,32,99",4:199:2|4:399:2|4:8:1
ckpt_4100.pt,4,183,0.5754927396774292,0.10338781774044037,0.4762060344219208,"49,107,39,102,231","98,143,64,114,113",4:212:2|4:741:2|4:957:2
ckpt_4100.pt,4,184,0.5188342928886414,0.10307392477989197,0.40712040662765503,"239,18,136,216,222","33,3,162,254,114",4:272:2|4:301:2|4:744:2
ckpt_4100.pt,4,185,0.5138279795646667,0.10968858003616333,0.4423808455467224,"154,132,39,182,141","6,4,152,125,164",4:570:2|4:932:2|4:34:1
ckpt_4100.pt,4,186,0.5936005115509033,0.11708543449640274,0.45299285650253296,"145,188,221,253,251","113,8,107,157,219",4:60:2|4:385:2|4:537:2
ckpt_4100.pt,4,187,0.5859651565551758,0.12061674147844315,0.46682068705558777,"214,152,175,163,54","10,194,28,50,233",4:350:2|4:939:2|4:965:2
ckpt_4100.pt,4,188,0.5593116283416748,0.09697380661964417,0.5006876587867737,"184,61,208,5,117","150,90,237,187,217",4:131:2|4:270:2|4:763:2
ckpt_4100.pt,4,189,0.5043198466300964,0.0883018970489502,0.45196348428726196,"115,21,107,146,166","130,179,233,11,6",4:262:2|4:999:2|4:3:1
ckpt_4100.pt,4,190,0.5184739232063293,0.09051435440778732,0.4880081117153168,"100,33,226,199,48","24,128,188,31,207",4:313:2|4:316:2|4:463:2
ckpt_4100.pt,4,191,0.5541139245033264,0.10546060651540756,0.45243704319000244,"1,79,12,52,217","36,41,91,214,229",4:487:3|4:2:1|4:38:1
ckpt_4100.pt,4,192,0.5821242928504944,0.1213308647274971,0.4768901765346527,"57,247,144,206,177","29,189,144,185,218",4:702:2|4:991:2|4:13:1
ckpt_4100.pt,4,193,0.5832812786102295,0.09544745087623596,0.4824008345603943,"173,169,97,254,78","3,217,104,194,23",4:443:2|4:507:2|4:847:2
ckpt_4100.pt,4,194,0.49393391609191895,0.09942017495632172,0.43332725763320923,"158,114,21,34,161","18,61,89,253,190",4:346:2|4:28:1|4:35:1
ckpt_4100.pt,4,195,0.5456407070159912,0.10541509836912155,0.4489157795906067,"48,27,189,63,160","254,6,212,160,197",4:6:1|4:7:1|4:8:1
ckpt_4100.pt,4,196,0.5806056261062622,0.15018606185913086,0.48095253109931946,"100,95,177,105,36","241,253,209,83,39",4:12:1|4:22:1|4:23:1
ckpt_4100.pt,4,197,0.5760229825973511,0.10642363876104355,0.46754541993141174,"178,69,117,176,30","208,38,116,79,246",4:28:2|4:373:2|4:985:2
ckpt_4100.pt,4,198,0.5739837884902954,0.10753559321165085,0.4553544223308563,"241,66,88,79,218","217,68,206,125,10",4:31:2|4:13:1|4:40:1
ckpt_4100.pt,4,199,0.5701257586479187,0.11296912282705307,0.4535331428050995,"49,147,53,113,65","207,133,241,33,148",4:182:2|4:552:2|4:590:2
ckpt_4100.pt,4,200,0.5721307992935181,0.1136561706662178,0.4828754961490631,"180,2,50,71,248","174,88,218,1,99",4:137:2|4:207:2|4:755:2
ckpt_4100.pt,4,201,0.5686423778533936,0.10670653730630875,0.49694332480430603,"27,172,237,144,199","111,24,130,179,253",4:153:2|4:928:2|4:13:1
ckpt_4100.pt,4,202,0.5424262881278992,0.0866265669465065,0.44902658462524414,"41,44,34,106,233","132,221,187,190,156",4:382:2|4:712:2|4:754:2
ckpt_4100.pt,4,203,0.5456728339195251,0.10523571074008942,0.4244299829006195,"123,162,65,247,100","27,248,37,255,130",4:113:2|4:126:2|4:795:2
ckpt_4100.pt,4,204,0.4790754020214081,0.0784163698554039,0.4089430570602417,"199,1,141,156,41","243,52,235,99,69",4:83:2|4:317:2|4:482:2
ckpt_4100.pt,4,205,0.5561548471450806,0.11312411725521088,0.44405147433280945,"158,58,115,120,201","117,254,243,123,13",4:132:2|4:286:2|4:337:2
ckpt_4100.pt,4,206,0.6666815280914307,0.11358903348445892,0.5542173981666565,"17,64,176,222,127","129,234,202,254,131",4:247:2|4:471:2|4:772:2
ckpt_4100.pt,4,207,0.494698703289032,0.08204705268144608,0.4230501353740692,"50,79,193,248,16","254,34,227,205,93",4:200:2|4:253:2|4:257:2
ckpt_4100.pt,4,208,0.643052339553833,0.16026157140731812,0.559769332408905,"58,129,198,208,255","95,131,87,165,83",4:37:2|4:1003:2|4:4:1
ckpt_4100.pt,4,209,0.5607999563217163,0.1442207247018814,0.4530048966407776,"17,109,83,174,205","102,191,55,198,44",4:558:2|4:25:1|4:35:1
ckpt_4100.pt,4,210,0.5524218678474426,0.13552936911582947,0.48943573236465454,"95,75,101,133,104","121,4,60,176,192",4:171:2|4:436:2|4:2:1
ckpt_4100.pt,4,211,0.5233104825019836,0.07768642902374268,0.458565354347229,"58,147,152,105,178","223,36,217,34,126",4:535:2|4:819:2|4:1011:2
ckpt_4100.pt,4,212,0.5878341794013977,0.1204104796051979,0.5391523838043213,"116,221,60,39,231","19,86,43,75,15",4:183:2|4:431:2|4:541:2
ckpt_4100.pt,4,213,0.5465531349182129,0.10125318914651871,0.47038859128952026,"2,205,187,13,103","84,124,226,87,117",4:1:1|4:18:1|4:35:1
ckpt_4100.pt,4,214,0.5640211701393127,0.0994160920381546,0.4393131732940674,"57,87,229,2,85","187,15,137,41,95",4:755:2|4:15:1|4:21:1
ckpt_4100.pt,4,215,0.5563763976097107,0.10132062435150146,0.4510168135166168,"59,140,202,54,168","188,12,222,254,135",4:281:2|4:43:1|4:47:1
ckpt_4100.pt,4,216,0.490188330411911,0.13327433168888092,0.3909083306789398,"242,15,176,167,115","196,104,115,215,243",4:144:2|4:508:2|4:514:2
ckpt_4100.pt,4,217,0.6122347116470337,0.11949915438890457,0.5183287262916565,"181,103,246,206,47","140,34,212,11,78",4:32:2|4:242:2|4:775:2
ckpt_4100.pt,4,218,0.5617885589599609,0.108699269592762,0.46416860818862915,"22,1,179,54,153","131,63,205,142,37",4:233:2|4:261:2|4:855:2
ckpt_4100.pt,4,219,0.47899582982063293,0.0784071609377861,0.413274884223938,"0,117,52,198,163","223,103,70,162,100",4:48:2|4:116:2|4:673:2
ckpt_4100.pt,4,220,0.5069475769996643,0.11168824881315231,0.4502840042114258,"246,115,52,61,226","212,164,128,86,152",4:84:2|4:131:2|4:271:2
ckpt_4100.pt,4,221,0.5766616463661194,0.13319502770900726,0.47049862146377563,"100,88,171,96,136","168,131,231,31,215",4:330:2|4:6:1|4:9:1
ckpt_4100.pt,4,222,0.5076358914375305,0.10333762317895889,0.4169118106365204,"200,163,191,121,239","158,200,82,98,251",4:80:2|4:297:2|4:433:2
ckpt_4100.pt,4,223,0.6088798642158508,0.11143574863672256,0.4918439984321594,"222,233,92,225,252","171,252,39,247,184",4:119:2|4:454:2|4:966:2
ckpt_4100.pt,4,224,0.4789281189441681,0.07606770098209381,0.38460543751716614,"182,114,236,242,189","103,23,172,234,176",4:104:2|4:131:2|4:520:2
ckpt_4100.pt,4,225,0.5546261072158813,0.10211692005395889,0.4572562873363495,"177,203,204,38,244","136,225,67,168,89",4:282:2|4:991:2|4:28:1
ckpt_4100.pt,4,226,0.5229360461235046,0.10746877640485764,0.42955833673477173,"247,251,148,196,35","170,26,218,132,254",4:932:2|4:25:1|4:28:1
ckpt_4100.pt,4,227,0.5170660614967346,0.09998010843992233,0.45312759280204773,"27,10,208,111,163","4,98,144,200,208",4:21:2|4:896:2|4:22:1
ckpt_4100.pt,4,228,0.5232416987419128,0.10641805082559586,0.42958226799964905,"140,30,107,245,62","122,174,53,187,197",4:235:2|4:306:2|4:412:2
ckpt_4100.pt,4,229,0.5997079014778137,0.13053035736083984,0.47828713059425354,"79,184,89,124,186","146,223,215,204,156",4:604:2|4:797:2|4:7:1
ckpt_4100.pt,4,230,0.4886135160923004,0.09061867743730545,0.4192813038825989,"110,189,169,199,10","204,177,193,226,115",4:160:2|4:463:2|4:668:2
ckpt_4100.pt,4,231,0.5519831776618958,0.08879616856575012,0.4373905062675476,"241,69,193,29,103","73,179,66,243,172",4:257:2|4:677:2|4:877:2
ckpt_4100.pt,4,232,0.4370932877063751,0.0949288010597229,0.3967473804950714,"168,48,252,85,35","121,15,94,19,25",4:479:2|4:755:2|4:808:2
ckpt_4100.pt,4,233,0.5860427618026733,0.09422115236520767,0.47499513626098633,"135,179,252,54,36","253,76,198,59,25",4:133:2|4:218:2|4:245:2
ckpt_4100.pt,4,234,0.5301333069801331,0.10281030833721161,0.4521746337413788,"212,157,209,35,176","21,252,165,176,3",4:91:2|4:123:2|4:1009:2
ckpt_4100.pt,4,235,0.5753148794174194,0.11053957045078278,0.465263307094574,"62,245,118,235,152","107,22,140,224,37",4:228:2|4:306:2|4:355:2
ckpt_4100.pt,4,236,0.552757740020752,0.11068764328956604,0.44055142998695374,"191,81,131,196,132","220,252,242,227,250",4:244:2|4:358:2|4:491:2
ckpt_4100.pt,4,237,0.5418554544448853,0.08239345997571945,0.47678399085998535,"73,183,248,250,198","208,7,10,163,136",4:611:2|4:621:2|4:836:2
ckpt_4100.pt,4,238,0.5809418559074402,0.11749590933322906,0.4803657829761505,"232,80,116,5,24","157,144,22,21,62",4:67:2|4:166:2|4:1007:2
ckpt_4100.pt,4,239,0.5280123949050903,0.1008182093501091,0.4832683205604553,"154,245,149,71,239","137,169,136,239,231",4:62:2|4:451:2|4:502:2
ckpt_4100.pt,4,240,0.5279225707054138,0.0837164968252182,0.42118197679519653,"84,163,141,210,205","218,43,191,125,245",4:513:3|4:965:3|4:84:2
ckpt_4100.pt,4,241,0.509658694267273,0.11367400735616684,0.45060738921165466,"39,0,27,153,47","163,253,47,214,43",4:605:2|4:752:2|4:6:1
ckpt_4100.pt,4,242,0.6330245137214661,0.11905958503484726,0.5020077228546143,"218,103,246,254,71","232,227,206,146,79",4:217:2|4:747:2|4:13:1
ckpt_4100.pt,4,243,0.5620848536491394,0.1134587824344635,0.4413365125656128,"130,124,142,157,86","140,124,37,57,73",4:32:2|4:160:2|4:19:1
ckpt_4100.pt,4,244,0.5553016066551208,0.1274227648973465,0.4407092034816742,"81,67,131,85,130","229,20,70,48,26",4:236:2|4:458:2|4:892:2
ckpt_4100.pt,4,245,0.5714653134346008,0.13272233307361603,0.45186176896095276,"179,117,66,100,135","249,244,106,23,94",4:233:2|4:756:2|4:16:1
ckpt_4100.pt,4,246,0.500447690486908,0.10549420118331909,0.43577226996421814,"20,168,120,228,88","3,113,135,167,36",4:826:2|4:916:2|4:934:2
ckpt_4100.pt,4,247,0.5744686722755432,0.10808312892913818,0.44928035140037537,"127,89,28,176,86","252,87,90,211,217",4:32:2|4:206:2|4:254:2
ckpt_4100.pt,4,248,0.5185049176216125,0.11317475140094757,0.46204960346221924,"137,84,232,104,239","159,215,142,56,105",4:156:2|4:385:2|4:411:2
ckpt_4100.pt,4,249,0.5168676972389221,0.112257219851017,0.4222775995731354,"117,99,71,182,78","245,120,106,149,246",4:146:2|4:285:2|4:349:2
ckpt_4100.pt,4,250,0.4580812454223633,0.09075731784105301,0.40999090671539307,"114,181,176,210,9","190,170,188,58,12",4:94:2|4:120:2|4:372:2
ckpt_4100.pt,4,251,0.5269192457199097,0.09911701828241348,0.44675925374031067,"167,213,250,166,113","238,141,1,153,3",4:488:2|4:689:2|4:751:2
ckpt_4100.pt,4,252,0.5244001746177673,0.08921222388744354,0.44903361797332764,"241,62,116,81,113","115,60,238,92,33",4:3:1|4:24:1|4:47:1
ckpt_4100.pt,4,253,0.5437766909599304,0.09740915149450302,0.46683356165885925,"248,222,193,235,91","40,228,254,19,112",4:207:2|4:257:2|4:452:2
ckpt_4100.pt,4,254,0.5571188926696777,0.10349899530410767,0.47822800278663635,"221,84,176,86,0","115,36,1,6,33",4:90:2|4:247:2|4:728:2
ckpt_4100.pt,4,255,0.5532137751579285,0.09400763362646103,0.48015835881233215,"218,48,221,233,95","90,134,84,115,6",4:100:2|4:342:2|4:653:2
ckpt_4100.pt,4,256,0.5644782185554504,0.106753870844841,0.45983707904815674,"23,82,26,216,176","131,101,150,225,175",4:107:2|4:822:2|4:825:2
ckpt_4100.pt,4,257,0.5660369396209717,0.12481865286827087,0.4694470167160034,"20,103,193,97,248","28,160,48,168,98",4:0:3|4:207:2|4:231:2
ckpt_4100.pt,4,258,0.5563313364982605,0.09860356897115707,0.4580725133419037,"48,112,102,138,165","33,73,177,235,218",4:453:2|4:556:2|4:0:1
ckpt_4100.pt,4,259,0.47910988330841064,0.09914063662290573,0.4059913158416748,"85,75,183,186,247","89,179,194,18,3",4:446:2|4:23:1|4:28:1
ckpt_4100.pt,4,260,0.5481095314025879,0.12801888585090637,0.4378321170806885,"122,104,166,71,87","213,51,34,175,194",4:2:1|4:16:1|4:61:1
ckpt_4100.pt,4,261,0.5908992886543274,0.10890806466341019,0.4751637279987335,"179,178,153,200,209","24,191,185,26,168",4:141:2|4:179:2|4:218:2
ckpt_4100.pt,4,262,0.5328477025032043,0.08468983322381973,0.46838679909706116,"21,32,166,119,207","209,57,153,126,61",4:189:2|4:589:2|4:821:2
ckpt_4100.pt,4,263,0.5387271046638489,0.10500243306159973,0.46803170442581177,"81,225,96,115,6","12,251,255,216,115",4:3:2|4:58:2|4:170:2
ckpt_4100.pt,4,264,0.5939784646034241,0.12059307098388672,0.4518516957759857,"224,250,85,243,77","90,129,151,162,168",4:716:2|4:855:2|4:34:1
ckpt_4100.pt,4,265,0.5238950252532959,0.10585267841815948,0.42764392495155334,"93,182,82,38,86","127,97,101,71,67",4:400:2|4:1008:2|4:1:1
ckpt_4100.pt,4,266,0.5345125198364258,0.10038656741380692,0.43554404377937317,"109,27,232,185,216","210,13,88,123,14",4:332:2|4:705:2|4:752:2
ckpt_4100.pt,4,267,0.6132616996765137,0.10415501892566681,0.4815514087677002,"175,204,167,184,233","54,146,66,164,172",4:114:2|4:702:2|4:764:2
ckpt_4100.pt,4,268,0.5477443337440491,0.09450079500675201,0.44888660311698914,"7,222,97,123,111","57,55,69,4,28",4:58:2|4:163:2|4:586:2
ckpt_4100.pt,4,269,0.46649861335754395,0.09442825615406036,0.416352242231369,"41,214,55,247,52","6,165,103,191,127",4:278:2|4:864:2|4:10:1
ckpt_4100.pt,4,270,0.5321066975593567,0.11263059824705124,0.4446069598197937,"223,21,117,130,61","223,61,190,251,158",4:188:2|4:373:2|4:806:2
ckpt_4100.pt,4,271,0.5392106175422668,0.11452969908714294,0.43109509348869324,"226,72,153,52,93","99,135,51,158,141",4:220:2|4:868:2|4:33:1
ckpt_4100.pt,4,272,0.5555043816566467,0.10897776484489441,0.47751155495643616,"221,69,216,239,224","200,30,140,14,13",4:184:2|4:301:2|4:303:2
ckpt_4100.pt,4,273,0.578484296798706,0.10343951731920242,0.4833678603172302,"84,160,14,70,56","26,116,217,77,127",4:7:2|4:126:2|4:152:2
ckpt_4100.pt,4,274,0.5072873830795288,0.087722048163414,0.45691946148872375,"18,56,42,51,175","135,98,9,231,132",4:401:2|4:672:2|4:869:2
ckpt_4100.pt,4,275,0.6067302823066711,0.1244717538356781,0.5036994814872742,"152,201,47,244,31","248,216,14,184,91",4:460:2|4:0:1|4:4:1
ckpt_4100.pt,4,276,0.5752836465835571,0.12186640501022339,0.503830075263977,"10,33,75,204,179","76,36,90,115,123",4:432:2|4:493:2|4:534:2
ckpt_4100.pt,4,277,0.5358006954193115,0.10429532825946808,0.45153236389160156,"52,194,28,213,7","9,73,107,28,162",4:38:2|4:525:2|4:658:2
ckpt_4100.pt,4,278,0.48912227153778076,0.08855114877223969,0.42600542306900024,"143,252,237,52,55","56,98,216,185,117",4:269:2|4:435:2|4:561:2
ckpt_4100.pt,4,279,0.5506105422973633,0.09765194356441498,0.45368215441703796,"144,42,236,43,249","212,202,31,109,13",4:332:2|4:12:1|4:13:1
ckpt_4100.pt,4,280,0.532123327255249,0.08411829173564911,0.47872447967529297,"236,201,232,102,96","59,171,187,170,75",4:166:2|4:174:2|4:895:2
ckpt_4100.pt,4,281,0.561872661113739,0.11130927503108978,0.4717373847961426,"59,99,168,97,33","215,253,160,39,185",4:163:2|4:215:2|4:483:2
ckpt_4100.pt,4,282,0.5215279459953308,0.08944523334503174,0.4385344386100769,"154,232,244,158,204","119,150,51,11,9",4:225:2|4:585:2|4:40:1
ckpt_4100.pt,4,283,0.5760953426361084,0.10302165150642395,0.4595341682434082,"5,68,9,189,247","168,74,112,22,77",4:995:2|4:13:1|4:28:1
ckpt_4100.pt,4,284,0.5947909951210022,0.14634262025356293,0.49538692831993103,"41,51,90,189,117","30,134,234,55,10",4:524:2|4:708:2|4:10:1
ckpt_4100.pt,4,285,0.5314192175865173,0.09376251697540283,0.43016359210014343,"99,15,82,117,20","60,0,36,65,225",4:1:2|4:51:2|4:249:2
ckpt_4100.pt,4,286,0.6180527806282043,0.12101393193006516,0.49112898111343384,"120,45,201,138,51","199,153,165,230,195",4:205:2|4:625:2|4:0:1
ckpt_4100.pt,4,287,0.5884000062942505,0.10787006467580795,0.4721561074256897,"223,82,72,64,239","74,101,52,89,46",4:68:2|4:744:2|4:1:1
ckpt_4100.pt,4,288,0.5393014550209045,0.10274524986743927,0.4502633512020111,"45,87,249,197,112","217,149,200,131,19",4:873:2|4:20:1|4:26:1
ckpt_4100.pt,4,289,0.5485840439796448,0.10760371387004852,0.4410581886768341,"4,80,19,60,0","29,179,56,32,111",4:901:2|4:6:1|4:47:1
ckpt_4100.pt,4,290,0.5466663241386414,0.11302731186151505,0.4905625879764557,"7,181,3,67,255","10,212,223,80,150",4:789:2|4:848:2|4:897:2
ckpt_4100.pt,4,291,0.5586466789245605,0.11467652022838593,0.4609512984752655,"180,216,204,225,220","168,233,224,253,123",4:181:2|4:540:2|4:705:2
ckpt_4100.pt,4,292,0.5177296996116638,0.09238197654485703,0.4574725031852722,"40,93,42,225,30","130,23,12,9,26",4:602:2|4:7:1|4:8:1
ckpt_4100.pt,4,293,0.5111918449401855,0.09755480289459229,0.4319605231285095,"119,202,208,211,115","74,1,23,211,180",4:66:2|4:3:1|4:5:1
ckpt_4100.pt,4,294,0.509993314743042,0.08120232820510864,0.4176750183105469,"93,81,118,231,84","105,129,63,30,21",4:628:2|4:683:2|4:886:2
ckpt_4100.pt,4,295,0.5605222582817078,0.11275475472211838,0.4855337142944336,"67,45,83,33,98","190,198,234,118,151",4:81:2|4:603:2|4:9:1
ckpt_4100.pt,4,296,0.5349671840667725,0.14736929535865784,0.44529226422309875,"55,115,26,3,221","37,3,28,84,197",4:151:2|4:171:2|4:630:2
ckpt_4100.pt,4,297,0.5686469078063965,0.11243895441293716,0.4574035108089447,"65,21,239,191,45","191,83,227,254,43",4:222:2|4:898:2|4:19:1
ckpt_4100.pt,4,298,0.5194700956344604,0.11259056627750397,0.4501088857650757,"70,191,80,129,189","212,83,226,221,138",4:80:2|4:10:1|4:12:1
ckpt_4100.pt,4,299,0.5432977080345154,0.10042974352836609,0.4645933508872986,"149,177,51,208,30","163,178,109,51,45",4:351:2|4:782:2|4:73:1
ckpt_4100.pt,4,300,0.560541570186615,0.10370263457298279,0.4482552409172058,"173,194,204,163,67","51,238,214,204,141",4:493:2|4:560:2|4:851:2
ckpt_4100.pt,4,301,0.5653241276741028,0.1244298443198204,0.4857098162174225,"237,152,216,145,239","243,130,219,240,224",4:62:2|4:108:2|4:184:2
ckpt_4100.pt,4,302,0.5523485541343689,0.10931190103292465,0.4816986918449402,"179,41,245,209,147","32,13,149,85,215",4:457:3|4:141:2|4:261:2
ckpt_4100.pt,4,303,0.5257217884063721,0.0852702334523201,0.43889927864074707,"230,120,224,105,216","206,136,148,233,59",4:70:2|4:272:2|4:516:2
ckpt_4100.pt,4,304,0.5825390219688416,0.1297338306903839,0.48552337288856506,"82,54,134,4,71","3,234,124,10,212",4:426:2|4:966:2|4:1:1
ckpt_4100.pt,4,305,0.5434151887893677,0.09883923083543777,0.4325791299343109,"222,99,253,173,84","65,237,235,45,165",4:90:2|4:361:2|4:389:2
ckpt_4100.pt,4,306,0.6138982176780701,0.10420684516429901,0.48835358023643494,"62,228,234,245,242","147,29,30,32,69",4:228:2|4:235:2|4:3:1
ckpt_4100.pt,4,307,0.555867612361908,0.1479574739933014,0.4862198531627655,"194,60,143,133,65","241,71,6,132,127",4:590:2|4:672:2|4:923:2
ckpt_4100.pt,4,308,0.47480326890945435,0.0862485021352768,0.4442428946495056,"163,3,105,209,131","120,203,23,178,125",4:150:2|4:494:2|4:929:2
ckpt_4100.pt,4,309,0.581204891204834,0.107244573533535,0.4596761167049408,"194,30,224,24,44","231,113,35,37,83",4:583:2|4:2:1|4:9:1
ckpt_4100.pt,4,310,0.5228779911994934,0.09460334479808807,0.43023017048835754,"219,51,7,121,59","3,13,147,252,183",4:359:2|4:11:1|4:27:1
ckpt_4100.pt,4,311,0.5507242679595947,0.1261359453201294,0.44396185874938965,"130,62,56,156,16","69,215,144,24,160",4:370:2|4:699:2|4:18:1
ckpt_4100.pt,4,312,0.5842904448509216,0.10823512077331543,0.4749467670917511,"233,139,14,207,2","233,93,39,36,191",4:162:2|4:448:2|4:505:2
ckpt_4100.pt,4,313,0.6267513036727905,0.12439554184675217,0.49271875619888306,"210,231,94,199,33","178,172,113,19,117",4:84:2|4:85:2|4:190:2
ckpt_4100.pt,4,314,0.5254006385803223,0.08924861252307892,0.44286900758743286,"155,20,161,226,210","91,172,153,145,158",4:84:2|4:326:2|4:916:2
ckpt_4100.pt,4,315,0.6109117269515991,0.11688052862882614,0.4986031949520111,"224,7,155,73,249","54,56,109,204,145",4:20:1|4:38:1|4:57:1
ckpt_4100.pt,4,316,0.5870389342308044,0.11967380344867706,0.4726986885070801,"79,211,199,100,207","171,51,168,62,21",4:190:2|4:354:2|4:487:2
ckpt_4100.pt,4,317,0.5709758996963501,0.10453195124864578,0.47163325548171997,"141,41,143,33,72","32,34,249,114,66",4:204:2|4:10:1|4:26:1
ckpt_4100.pt,4,318,0.5960410237312317,0.12078265100717545,0.4898189902305603,"227,179,154,41,87","23,110,12,188,141",4:302:2|4:457:2|4:468:2
ckpt_4100.pt,4,319,0.5492084622383118,0.10168424248695374,0.4725586771965027,"31,134,212,216,217","141,234,7,242,12",4:0:1|4:2:1|4:44:1
ckpt_4100.pt,4,320,0.5423885583877563,0.11893991380929947,0.4459230303764343,"65,81,140,82,101","86,198,181,0,149",4:47:2|4:410:2|4:941:2
ckpt_4100.pt,4,321,0.5887790322303772,0.11449150741100311,0.4899694621562958,"28,215,33,124,228","170,57,137,54,220",4:363:2|4:497:2|4:1019:2
ckpt_4100.pt,4,322,0.49765416979789734,0.1006326973438263,0.4265977740287781,"55,151,56,50,121","216,79,117,232,165",4:526:2|4:610:2|4:947:2
ckpt_4100.pt,4,323,0.5424025058746338,0.10828649252653122,0.43510445952415466,"158,98,112,183,23","253,158,9,241,13",4:682:2|4:902:2|4:9:1
ckpt_4100.pt,4,324,0.5538506507873535,0.08827774971723557,0.477954626083374,"19,179,59,82,157","135,47,151,23,46",4:688:3|4:400:2|4:502:2
ckpt_4100.pt,4,325,0.5982774496078491,0.11573965102434158,0.47906458377838135,"117,210,160,116,139","101,205,34,163,36",4:442:2|4:465:2|4:524:2
ckpt_4100.pt,4,326,0.581884503364563,0.11147929728031158,0.502905011177063,"133,80,161,18,210","228,106,232,121,224",4:173:2|4:314:2|4:394:2
ckpt_4100.pt,4,327,0.4741484820842743,0.09297914803028107,0.39988601207733154,"41,212,253,123,110","193,188,90,3,217",4:426:2|4:457:2|4:691:2
ckpt_4100.pt,4,328,0.5161750316619873,0.08927316218614578,0.4428732395172119,"235,43,81,30,237","87,230,33,78,188",4:344:2|4:3:1|4:47:1
ckpt_4100.pt,4,329,0.5633788704872131,0.13469572365283966,0.43624162673950195,"140,106,243,182,255","211,180,229,155,193",4:547:3|4:47:2|4:104:2
ckpt_4100.pt,4,330,0.5629903078079224,0.10887306928634644,0.48349645733833313,"171,37,136,241,246","18,147,255,161,212",4:221:2|4:5:1|4:9:1
ckpt_4100.pt,4,331,0.4550835192203522,0.08175916969776154,0.42765673995018005,"11,42,235,86,22","158,252,27,149,2",4:157:2|4:351:2|4:485:2
ckpt_4100.pt,4,332,0.5779309868812561,0.11393870413303375,0.45267507433891296,"43,27,185,149,42","22,0,45,127,96",4:266:2|4:279:2|4:506:2
ckpt_4100.pt,4,333,0.49609440565109253,0.10364872962236404,0.42878130078315735,"214,185,167,71,101","143,71,120,15,43",4:69:2|4:722:2|4:838:2
ckpt_4100.pt,4,334,0.5141030550003052,0.11799418181180954,0.4323999881744385,"46,13,18,165,52","170,229,101,22,185",4:116:2|4:124:2|4:476:2
ckpt_4100.pt,4,335,0.46898552775382996,0.08336028456687927,0.41488394141197205,"248,153,196,78,90","6,107,174,154,230",4:140:2|4:466:2|4:544:2
ckpt_4100.pt,4,336,0.5107548832893372,0.09098479151725769,0.44130414724349976,"248,114,66,70,122","219,225,190,39,65",4:170:2|4:764:2|4:944:2
ckpt_4100.pt,4,337,0.578315258026123,0.09709794074296951,0.48650887608528137,"58,190,117,40,201","214,207,20,25,215",4:132:2|4:205:2|4:756:2
ckpt_4100.pt,4,338,0.5554247498512268,0.11306583881378174,0.5045154690742493,"137,56,98,124,212","25,83,115,41,94",4:162:2|4:358:2|4:9:1
ckpt_4100.pt,4,339,0.47891125082969666,0.12120470404624939,0.3980433940887451,"75,187,220,117,74","202,75,149,25,179",4:749:2|4:1:1|4:3:1
ckpt_4100.pt,4,340,0.6127650737762451,0.1241452768445015,0.48354172706604004,"201,1,24,87,242","216,197,53,212,60",4:61:2|4:132:2|4:177:2
ckpt_4100.pt,4,341,0.524529218673706,0.08831758052110672,0.43175825476646423,"239,73,130,231,46","23,125,181,78,92",4:57:2|4:904:2|4:986:2
ckpt_4100.pt,4,342,0.5564386248588562,0.09531378000974655,0.43587538599967957,"221,65,28,233,73","122,205,25,136,11",4:60:2|4:100:2|4:255:2
ckpt_4100.pt,4,343,0.5592037439346313,0.14815005660057068,0.45909392833709717,"239,166,249,105,33","60,109,20,53,14",4:26:2|4:122:2|4:16:1
ckpt_4100.pt,4,344,0.5608800649642944,0.11666711419820786,0.4774397313594818,"235,10,68,43,223","203,68,66,208,156",4:328:2|4:588:2|4:639:2
ckpt_4100.pt,4,345,0.5359931588172913,0.1010022759437561,0.47232183814048767,"165,194,244,172,105","82,126,239,212,98",4:156:2|4:1011:2|4:1:1
ckpt_4100.pt,4,346,0.5246085524559021,0.10226242244243622,0.4418374001979828,"21,89,183,192,34","235,199,168,194,13",4:194:2|4:23:1|4:35:1
ckpt_4100.pt,4,347,0.5141976475715637,0.10237722098827362,0.4273224472999573,"47,115,92,132,193","29,167,51,205,74",4:3:1|4:11:1|4:15:1
ckpt_4100.pt,4,348,0.5455219149589539,0.11141601949930191,0.4513045847415924,"185,245,181,230,131","14,120,156,31,208",4:627:2|4:980:2|4:11:1
ckpt_4100.pt,4,349,0.5084738731384277,0.11945343762636185,0.4359816312789917,"65,182,99,155,237","189,243,61,167,250",4:142:2|4:146:2|4:249:2
ckpt_4100.pt,4,350,0.544478178024292,0.11443877965211868,0.47253331542015076,"49,163,106,216,152","57,144,203,219,196",4:108:2|4:181:2|4:187:2
ckpt_4100.pt,4,351,0.5610054135322571,0.09593167155981064,0.4669806957244873,"149,64,177,86,11","66,138,34,117,162",4:299:2|4:331:2|4:711:2
ckpt_4100.pt,4,352,0.4461871385574341,0.08799345046281815,0.38694867491722107,"19,247,244,112,81","181,17,11,2,186",4:3:1|4:26:1|4:28:1
ckpt_4100.pt,4,353,0.6197740435600281,0.1384395807981491,0.4922299087047577,"72,147,1,155,237","17,194,108,79,52",4:150:2|4:349:2|4:724:2
ckpt_4100.pt,4,354,0.5244305729866028,0.09928068518638611,0.4298669099807739,"79,195,207,223,63","54,241,10,58,142",4:316:2|4:737:2|4:2:1
ckpt_4100.pt,4,355,0.5864235162734985,0.12336329370737076,0.4683472514152527,"225,103,9,235,62","75,142,140,54,55",4:235:2|4:790:2|4:7:1
ckpt_4100.pt,4,356,0.5378832817077637,0.10832957178354263,0.4395274519920349,"63,174,214,123,227","229,76,3,117,178",4:96:2|4:425:2|4:710:2
ckpt_4100.pt,4,357,0.53414386510849,0.11637130379676819,0.4516752362251282,"92,81,126,167,226","132,73,76,223,172",4:3:2|4:646:2|4:839:2
ckpt_4100.pt,4,358,0.493694931268692,0.08489247411489487,0.42856642603874207,"191,56,81,212,225","104,159,196,21,82",4:236:2|4:263:2|4:338:2
ckpt_4100.pt,4,359,0.556503176689148,0.14485588669776917,0.45424655079841614,"7,51,80,251,36","19,120,80,153,75",4:310:2|4:943:2|4:12:1
ckpt_4100.pt,4,360,0.5023016333580017,0.11415036022663116,0.43630677461624146,"100,254,213,175,143","126,76,189,143,92",4:455:2|4:475:2|4:574:2
ckpt_4100.pt,4,361,0.5053747296333313,0.10849085450172424,0.44160714745521545,"84,96,247,253,218","223,125,90,33,94",4:90:2|4:305:2|4:613:2
ckpt_4100.pt,4,362,0.5383605360984802,0.1105792298913002,0.4602593779563904,"252,16,254,235,128","121,46,173,208,118",4:105:2|4:878:2|4:949:2
ckpt_4100.pt,4,363,0.6314716339111328,0.11928615719079971,0.49329689145088196,"172,28,215,241,26","60,151,71,25,221",4:321:2|4:576:2|4:661:2
ckpt_4100.pt,4,364,0.49465638399124146,0.13800255954265594,0.43951499462127686,"49,76,64,210,173","52,60,102,103,200",4:825:2|4:983:2|4:5:1
ckpt_4100.pt,4,365,0.5784469246864319,0.12722136080265045,0.4757809042930603,"108,123,40,62,158","163,193,142,86,216",4:412:2|4:884:2|4:8:1
ckpt_4100.pt,4,366,0.5292918682098389,0.08485906571149826,0.4577479064464569,"13,77,173,5,88","206,204,70,159,62",4:896:2|4:963:2|4:15:1
ckpt_4100.pt,4,367,0.5411152839660645,0.10903402417898178,0.4685775935649872,"255,163,197,185,138","148,6,128,1,182",4:174:2|4:433:2|4:515:2
ckpt_4100.pt,4,368,0.5165162682533264,0.11933291703462601,0.4279152750968933,"5,145,233,122,160","198,228,183,122,149",4:764:2|4:6:1|4:7:1
ckpt_4100.pt,4,369,0.5710599422454834,0.08926698565483093,0.46331867575645447,"37,87,1,90,206","179,248,75,142,66",4:340:2|4:578:2|4:908:2
ckpt_4100.pt,4,370,0.5444268584251404,0.09968609362840652,0.44419610500335693,"66,15,147,156,62","93,75,159,107,189",4:31:2|4:311:2|4:514:2
ckpt_4100.pt,4,371,0.5295886993408203,0.10149363428354263,0.47510334849357605,"72,176,236,108,152","89,81,73,228,164",4:108:2|4:743:2|4:4:1
ckpt_4100.pt,4,372,0.5887182354927063,0.09671872109174728,0.4938328266143799,"114,9,150,105,71","187,140,222,176,158",4:94:2|4:250:2|4:444:2
ckpt_4100.pt,4,373,0.47502991557121277,0.08102376013994217,0.4340742826461792,"178,117,21,255,55","194,160,108,211,138",4:197:2|4:270:2|4:644:2
ckpt_4100.pt,4,374,0.5086239576339722,0.1095777302980423,0.3984338045120239,"176,202,24,101,201","252,21,15,117,174",4:132:2|4:340:2|4:822:2
ckpt_4100.pt,4,375,0.5714584589004517,0.1398886889219284,0.4592733383178711,"165,154,246,85,54","71,214,54,184,99",4:133:2|4:693:2|4:739:2
ckpt_4100.pt,4,376,0.5242729783058167,0.08779052644968033,0.45272010564804077,"10,134,147,253,205","183,205,244,36,196",4:86:2|4:613:2|4:27:1
ckpt_4100.pt,4,377,0.5582847595214844,0.10600967705249786,0.5050173401832581,"199,217,154,178,136","81,150,52,122,233",4:998:2|4:2:1|4:22:1
ckpt_4100.pt,4,378,0.49224090576171875,0.08983282744884491,0.4142974019050598,"156,229,55,217,77","254,163,245,250,119",4:405:2|4:622:2|4:917:2
ckpt_4100.pt,4,379,0.4608657658100128,0.0813814029097557,0.40552443265914917,"115,207,20,197,254","103,78,148,184,0",4:437:2|4:497:2|4:972:2
ckpt_4100.pt,4,380,0.49600598216056824,0.08851640671491623,0.42416414618492126,"14,218,29,63,17","142,63,29,175,81",4:629:2|4:667:2|4:710:2
ckpt_4100.pt,4,381,0.555648922920227,0.0985136479139328,0.49655458331108093,"179,99,73,93,221","56,21,212,196,211",4:18:2|4:60:2|4:342:2
ckpt_4100.pt,4,382,0.5543309450149536,0.10496757924556732,0.4902467429637909,"50,99,80,34,106","191,193,127,53,64",4:202:2|4:389:2|4:774:2
ckpt_4100.pt,4,383,0.6035959124565125,0.13243898749351501,0.46953853964805603,"255,49,212,59,189","137,82,179,195,111",4:399:2|4:911:2|4:8:1
ckpt_4100.pt,4,384,0.5072375535964966,0.09019631147384644,0.396431028842926,"62,151,64,237,161","179,70,84,16,3",4:568:2|4:62:1|4:91:1
ckpt_4100.pt,4,385,0.5688169598579407,0.10552866756916046,0.5086575746536255,"253,104,140,188,137","180,136,120,187,188",4:186:2|4:248:2|4:2:1
ckpt_4100.pt,4,386,0.5537513494491577,0.10464600473642349,0.43756598234176636,"181,244,124,120,2","242,182,124,63,234",4:19:1|4:32:1|4:40:1
ckpt_4100.pt,4,387,0.545686662197113,0.0980381891131401,0.44420742988586426,"207,28,178,146,41","155,213,99,9,117",4:29:2|4:77:2|4:111:2
ckpt_4100.pt,4,388,0.5783685445785522,0.09597979485988617,0.46697723865509033,"36,126,24,86,140","171,69,172,203,210",4:166:2|4:596:2|4:598:2
ckpt_4100.pt,4,389,0.46846529841423035,0.08744028955698013,0.4509926736354828,"222,99,34,186,236","207,52,116,59,62",4:305:2|4:382:2|4:562:2
ckpt_4100.pt,4,390,0.5659382939338684,0.1089257076382637,0.45949259400367737,"134,68,86,101,3","252,90,1,66,115",4:171:2|4:5:1|4:32:1
ckpt_4100.pt,4,391,0.5327203273773193,0.12309061735868454,0.4546481668949127,"191,47,25,213,93","110,22,139,120,36",4:82:2|4:147:2|4:455:2
ckpt_4100.pt,4,392,0.532084047794342,0.09974867850542068,0.46534037590026855,"128,36,102,2,223","11,139,223,138,104",4:137:2|4:12:1|4:15:1
ckpt_4100.pt,4,393,0.5227065086364746,0.08907648921012878,0.44901448488235474,"185,23,195,15,51","99,6,134,158,9",4:403:2|4:674:2|4:694:2
ckpt_4100.pt,4,394,0.57548588514328,0.0878995731472969,0.5068365335464478,"210,31,80,41,250","201,229,10,13,163",4:326:2|4:569:2|4:591:2
ckpt_4100.pt,4,395,0.5110766291618347,0.09855299443006516,0.4424363076686859,"78,7,107,87,141","247,167,99,121,182",4:140:2|4:832:2|4:1:1
ckpt_4100.pt,4,396,0.5619555115699768,0.10205729305744171,0.4700052738189697,"106,10,26,133,177","13,252,214,57,181",4:885:2|4:12:1|4:13:1
ckpt_4100.pt,4,397,0.5670656561851501,0.09800667315721512,0.47590693831443787,"31,86,160,15,148","236,238,13,198,22",4:53:2|4:126:2|4:725:2
ckpt_4100.pt,4,398,0.553240954875946,0.098787322640419,0.43862295150756836,"218,182,104,80,217","76,180,113,121,35",4:2:2|4:844:2|4:13:1
ckpt_4100.pt,4,399,0.49534159898757935,0.09806650131940842,0.39734283089637756,"49,57,255,243,100","255,124,28,100,80",4:182:2|4:329:2|4:383:2
ckpt_4100.pt,4,400,0.5758422017097473,0.09128358215093613,0.4510669708251953,"158,93,59,82,139","9,202,86,170,171",4:265:2|4:324:2|4:448:2
ckpt_4100.pt,4,401,0.5652567744255066,0.09409861266613007,0.4611756503582001,"30,18,56,8,96","77,146,198,8,18",4:274:2|4:816:2|4:6:1
ckpt_4100.pt,4,402,0.5049211382865906,0.08851934969425201,0.41215959191322327,"61,173,2,142,98","102,22,128,221,225",4:59:2|4:160:2|4:424:2
ckpt_4100.pt,4,403,0.5007224082946777,0.08956226706504822,0.43940091133117676,"185,11,161,46,15","96,43,216,143,182",4:393:2|4:425:2|4:440:2
ckpt_4100.pt,4,404,0.5240375399589539,0.09446459263563156,0.44894808530807495,"39,70,109,144,10","207,196,43,51,69",4:170:2|4:492:2|4:705:2
ckpt_4100.pt,4,405,0.5729398727416992,0.09523437917232513,0.4864041209220886,"229,55,76,0,35","227,244,125,35,246",4:378:2|4:973:2|4:5:1
ckpt_4100.pt,4,406,0.573555052280426,0.10106223821640015,0.4750065505504608,"196,234,226,243,244","219,149,55,68,248",4:422:2|4:584:2|4:3:1
ckpt_4100.pt,4,407,0.5820800065994263,0.09688859432935715,0.49411386251449585,"195,8,249,84,57","234,201,99,165,86",4:692:2|4:694:2|4:718:2
ckpt_4100.pt,4,408,0.5193273425102234,0.09867733716964722,0.4407382607460022,"56,134,171,44,140","0,88,120,247,15",4:599:2|4:9:1|4:35:1
ckpt_4100.pt,4,409,0.5339462757110596,0.12053193151950836,0.46706533432006836,"131,5,127,211,109","83,15,157,152,33",4:130:2|4:467:2|4:635:2
ckpt_4100.pt,4,410,0.56968754529953,0.1399342268705368,0.4835297465324402,"20,11,140,179,101","60,212,75,101,155",4:320:2|4:484:2|4:770:2
ckpt_4100.pt,4,411,0.5507538318634033,0.09929723292589188,0.47383081912994385,"137,194,119,210,84","239,95,134,55,84",4:90:2|4:240:2|4:248:2
ckpt_4100.pt,4,412,0.5924800634384155,0.10920827090740204,0.5078864693641663,"158,30,62,95,111","104,15,190,149,34",4:228:2|4:365:2|4:549:2
ckpt_4100.pt,4,413,0.5273407101631165,0.08626008033752441,0.48018187284469604,"198,196,89,5,4","15,19,56,64,217",4:67:2|4:762:2|4:919:2
ckpt_4100.pt,4,414,0.47053655982017517,0.10190213471651077,0.40384379029273987,"56,154,81,123,201","212,98,46,6,3",4:358:2|4:566:2|4:933:2
ckpt_4100.pt,4,415,0.5670079588890076,0.10158786177635193,0.44567441940307617,"12,46,118,182,160","150,154,225,171,155",4:476:2|4:520:2|4:6:1
ckpt_4100.pt,4,416,0.6304192543029785,0.13760383427143097,0.530955970287323,"138,67,0,156,25","92,64,84,143,59",4:696:3|4:627:2|4:1001:2
ckpt_4100.pt,4,417,0.5245964527130127,0.09715546667575836,0.4460040032863617,"255,116,229,20,73","37,142,51,89,137",4:21:2|4:67:2|4:559:2
ckpt_4100.pt,4,418,0.6191298961639404,0.11646577715873718,0.45968642830848694,"130,185,186,6,148","131,98,210,187,126",4:555:2|4:700:2|4:725:2
ckpt_4100.pt,4,419,0.5700487494468689,0.13259151577949524,0.45113423466682434,"69,142,92,168,112","199,93,33,191,233",4:98:2|4:424:2|4:700:2
ckpt_4100.pt,4,420,0.5860716104507446,0.12647640705108643,0.49542760848999023,"216,59,147,123,249","120,230,218,16,176",4:96:2|4:135:2|4:136:2
ckpt_4100.pt,4,421,0.5393069982528687,0.09661216288805008,0.42952194809913635,"29,54,242,232,196","33,219,118,240,197",4:849:2|4:1013:2|4:5:1
ckpt_4100.pt,4,422,0.6142808198928833,0.11718657612800598,0.46281149983406067,"196,120,243,159,119","134,236,182,13,219",4:406:2|4:523:2|4:584:2
ckpt_4100.pt,4,423,0.5659666657447815,0.1083984375,0.4695505201816559,"177,143,174,167,69","22,210,74,10,81",4:587:2|4:1018:2|4:20:1
ckpt_4100.pt,4,424,0.520825207233429,0.13881783187389374,0.43250617384910583,"92,180,27,98,142","58,142,24,44,143",4:402:2|4:419:2|4:9:1
ckpt_4100.pt,4,425,0.5547206997871399,0.08925773203372955,0.43737882375717163,"161,192,63,123,11","201,11,143,159,118",4:356:2|4:403:2|4:543:2
ckpt_4100.pt,4,426,0.4750002324581146,0.09181645512580872,0.41925719380378723,"4,110,71,36,253","59,62,76,51,87",4:161:2|4:304:2|4:327:2
ckpt_4100.pt,4,427,0.5417196750640869,0.10633904486894608,0.4652531147003174,"255,133,76,131,32","217,7,129,96,31",4:515:2|4:719:2|4:891:2
ckpt_4100.pt,4,428,0.6126431226730347,0.1265754997730255,0.5053606033325195,"216,52,115,234,145","170,127,36,78,113",4:3:2|4:220:2|4:301:2
ckpt_4100.pt,4,429,0.454803466796875,0.11155456304550171,0.39500319957733154,"221,241,109,153,56","179,120,205,61,200",4:784:2|4:870:2|4:23:1
ckpt_4100.pt,4,430,0.5672708749771118,0.10472309589385986,0.47954702377319336,"214,230,197,24,219","130,23,156,41,166",4:550:2|4:714:2|4:27:1
ckpt_4100.pt,4,431,0.49775809049606323,0.10483833402395248,0.4127485752105713,"39,177,116,58,16","196,105,66,233,137",4:212:2|4:7:1|4:9:1
ckpt_4100.pt,4,432,0.4984559416770935,0.09635340422391891,0.4525202512741089,"33,10,130,222,113","57,141,18,85,103",4:276:2|4:24:1|4:26:1
ckpt_4100.pt,4,433,0.5337356328964233,0.12672080099582672,0.4306945502758026,"141,163,36,197,239","168,137,72,8,244",4:222:2|4:240:2|4:367:2
ckpt_4100.pt,4,434,0.5617484450340271,0.0981474444270134,0.4566807746887207,"30,83,46,186,217","123,67,97,99,58",4:2:1|4:30:1|4:45:1
ckpt_4100.pt,4,435,0.521704375743866,0.09209445863962173,0.4475618004798889,"237,99,220,9,52","185,86,191,17,3",4:146:2|4:278:2|4:349:2
ckpt_4100.pt,4,436,0.5016970634460449,0.08937592804431915,0.42007002234458923,"95,254,53,50,104","77,21,212,65,162",4:33:2|4:210:2|4:549:2
ckpt_4100.pt,4,437,0.6045162677764893,0.11846393346786499,0.5073439478874207,"207,197,113,1,168","31,190,81,41,14",4:737:3|4:50:2|4:173:2
ckpt_4100.pt,4,438,0.48620185256004333,0.10910958796739578,0.425407737493515,"73,104,64,251,220","248,158,43,200,69",4:60:2|4:2:1|4:20:1
ckpt_4100.pt,4,439,0.5442082285881042,0.1057082936167717,0.4393373131752014,"144,168,208,151,36","129,112,154,11,233",4:869:2|4:12:1|4:13:1
ckpt_4100.pt,4,440,0.5065957307815552,0.09997621178627014,0.4256976246833801,"11,34,33,185,137","205,51,4,50,94",4:85:2|4:403:2|4:561:2
ckpt_4100.pt,4,441,0.4961840808391571,0.09845796227455139,0.4228408932685852,"7,228,238,85,126","43,19,155,39,142",4:934:2|4:3:1|4:45:1
ckpt_4100.pt,4,442,0.48470017313957214,0.094198077917099,0.4197397828102112,"102,160,4,18,117","170,230,4,242,0",4:15:2|4:325:2|4:465:2
ckpt_4100.pt,4,443,0.5637954473495483,0.10590283572673798,0.4804399907588959,"63,97,202,10,173","10,60,92,121,133",4:193:2|4:507:2|4:818:2
ckpt_4100.pt,4,444,0.527681291103363,0.12541182339191437,0.43985986709594727,"162,49,9,216,114","27,52,157,252,187",4:94:2|4:181:2|4:250:2
ckpt_4100.pt,4,445,0.5281122326850891,0.0936889499425888,0.4325251579284668,"95,90,58,119,163","122,228,183,42,58",4:21:2|4:591:2|4:819:2
ckpt_4100.pt,4,446,0.5730857253074646,0.11930637806653976,0.4899046719074249,"183,75,182,83,120","238,218,26,40,141",4:56:2|4:87:2|4:259:2
ckpt_4100.pt,4,447,0.5894007086753845,0.1257302463054657,0.5020530223846436,"130,244,11,143,115","121,7,114,70,16",4:3:1|4:32:1|4:38:1
ckpt_4100.pt,4,448,0.5530387759208679,0.09957558661699295,0.472453236579895,"149,2,82,139,49","147,76,198,208,16",4:312:2|4:400:2|4:657:2
ckpt_4100.pt,4,449,0.5640823841094971,0.10815182328224182,0.44993269443511963,"158,88,67,89,90","49,204,0,82,241",4:908:2|4:21:1|4:31:1
ckpt_4100.pt,4,450,0.5184410214424133,0.10806290805339813,0.4327796697616577,"103,155,31,113,196","64,163,127,55,37",4:102:2|4:727:2|4:783:2
ckpt_4100.pt,4,451,0.4948856830596924,0.09253662824630737,0.43523716926574707,"200,149,245,99,210","34,69,156,237,105",4:239:2|4:606:2|4:11:1
ckpt_4100.pt,4,452,0.6551807522773743,0.13282829523086548,0.513421893119812,"49,91,193,215,95","86,73,119,38,179",4:253:2|4:544:2|4:741:2
ckpt_4100.pt,4,453,0.5180813670158386,0.10538984090089798,0.4581524133682251,"195,67,52,102,112","87,71,97,89,19",4:169:2|4:258:2|4:891:2
ckpt_4100.pt,4,454,0.5009021759033203,0.09494810551404953,0.43283936381340027,"96,92,140,118,225","53,208,169,27,87",4:223:2|4:263:2|4:507:2
ckpt_4100.pt,4,455,0.5513657331466675,0.11484186351299286,0.4785469174385071,"100,233,191,213,31","25,255,147,30,100",4:360:2|4:391:2|4:894:2
ckpt_4100.pt,4,456,0.6100826859474182,0.12083705514669418,0.4529009163379669,"84,106,147,40,244","163,154,140,6,37",4:597:2|4:643:2|4:695:2
ckpt_4100.pt,4,457,0.5394195914268494,0.08739864826202393,0.4527498483657837,"41,147,0,179,212","224,69,159,202,255",4:302:3|4:318:2|4:327:2
ckpt_4100.pt,4,458,0.5526444315910339,0.09929327666759491,0.4518938958644867,"56,27,85,215,67","65,45,58,172,4",4:244:2|4:610:2|4:778:2
ckpt_4100.pt,4,459,0.6291288733482361,0.1360153704881668,0.48762601613998413,"129,190,36,127,162","129,151,78,69,17",4:12:2|4:853:2|4:2:1
ckpt_4100.pt,4,460,0.6019082069396973,0.11045713722705841,0.45848268270492554,"140,47,244,93,119","197,166,242,255,89",4:275:2|4:391:2|4:810:2
ckpt_4100.pt,4,461,0.5516760349273682,0.09112484753131866,0.4553113281726837,"167,19,145,118,48","255,104,152,195,171",4:502:2|4:750:2|4:8:1
ckpt_4100.pt,4,462,0.5489758849143982,0.11329101026058197,0.4710468649864197,"19,191,201,220,211","99,226,225,217,127",4:80:2|4:82:2|4:886:2
ckpt_4100.pt,4,463,0.5695911645889282,0.10497207939624786,0.4860355854034424,"33,108,76,110,199","9,151,32,179,235",4:160:2|4:190:2|4:230:2
ckpt_4100.pt,4,464,0.5325435996055603,0.0898330956697464,0.45959019660949707,"167,181,106,76,111","18,25,160,208,39",4:745:2|4:5:1|4:12:1
ckpt_4100.pt,4,465,0.544691801071167,0.10547754913568497,0.4769357740879059,"91,117,160,105,151","184,253,204,120,240",4:325:2|4:442:2|4:598:2
ckpt_4100.pt,4,466,0.5228635668754578,0.10115651041269302,0.4468900263309479,"41,196,73,153,114","199,74,149,137,233",4:335:2|4:10:1|4:20:1
ckpt_4100.pt,4,467,0.5605577826499939,0.12166927754878998,0.4812544584274292,"211,156,4,131,22","220,194,153,59,43",4:92:2|4:103:2|4:409:2
ckpt_4100.pt,4,468,0.5392047166824341,0.1014033704996109,0.48612305521965027,"87,149,227,29,204","227,243,223,248,237",4:318:2|4:710:2|4:792:2
ckpt_4100.pt,4,469,0.5586128234863281,0.09796591103076935,0.481599897146225,"237,119,190,216,169","253,23,79,53,13",4:108:2|4:301:2|4:736:2
ckpt_4100.pt,4,470,0.5828702449798584,0.1012849509716034,0.4936441481113434,"12,222,237,231,184","6,177,196,71,109",4:701:2|4:740:2|4:928:2
ckpt_4100.pt,4,471,0.5863436460494995,0.09670794755220413,0.461112380027771,"191,144,176,64,226","174,168,53,5,92",4:206:2|4:567:2|4:13:1
ckpt_4100.pt,4,472,0.58301842212677,0.10271961241960526,0.4561069905757904,"189,150,149,181,102","69,143,148,244,61",4:840:2|4:10:1|4:14:1
ckpt_4100.pt,4,473,0.5689586400985718,0.09222878515720367,0.48841962218284607,"200,204,25,133,110","167,204,187,11,216",4:1022:2|4:4:1|4:10:1
ckpt_4100.pt,4,474,0.5323262214660645,0.10164859145879745,0.4491893947124481,"96,61,158,189,211","244,218,87,40,247",4:80:2|4:131:2|4:5:1
ckpt_4100.pt,4,475,0.5506033301353455,0.09934878349304199,0.47459492087364197,"226,254,175,76,121","33,110,67,197,69",4:33:2|4:360:2|4:574:2
ckpt_4100.pt,4,476,0.5553216934204102,0.10106412321329117,0.46782422065734863,"165,160,57,49,46","165,111,143,168,194",4:15:2|4:30:2|4:334:2
ckpt_4100.pt,4,477,0.5379356741905212,0.11374025046825409,0.464606374502182,"144,82,162,196,169","87,13,48,90,153",4:616:3|4:947:2|4:1:1
ckpt_4100.pt,4,478,0.5070285201072693,0.09947477281093597,0.40946996212005615,"90,22,152,35,161","59,180,169,25,118",4:483:2|4:542:2|4:859:2
ckpt_4100.pt,4,479,0.5146868824958801,0.11430048197507858,0.4427744448184967,"35,168,210,181,253","149,41,239,93,78",4:98:2|4:120:2|4:127:2
ckpt_4100.pt,4,480,0.58489990234375,0.1214112862944603,0.4880600571632385,"180,186,100,41,43","123,63,170,28,252",4:45:2|4:726:2|4:815:2
ckpt_4100.pt,4,481,0.478771835565567,0.0801500752568245,0.40406766533851624,"8,99,133,205,185","205,8,89,165,157",4:510:3|4:706:2|4:13:1
ckpt_4100.pt,4,482,0.4647825062274933,0.08249027281999588,0.4202499985694885,"236,141,231,151,1","92,210,133,68,35",4:50:2|4:83:2|4:204:2
ckpt_4100.pt,4,483,0.5116841197013855,0.09832818061113358,0.45533621311187744,"147,99,97,22,161","38,116,75,190,206",4:281:2|4:478:2|4:797:2
ckpt_4100.pt,4,484,0.5059379935264587,0.10201020538806915,0.4285898506641388,"70,140,251,11,238","255,204,69,228,178",4:410:2|4:770:2|4:38:1
ckpt_4100.pt,4,485,0.5308180451393127,0.08035069704055786,0.43156135082244873,"42,135,22,157,57","218,12,53,199,59",4:331:2|4:489:2|4:11:1
ckpt_4100.pt,4,486,0.5738245248794556,0.10602361708879471,0.4744536876678467,"131,198,30,99,1","14,13,69,125,149",4:83:2|4:143:2|4:494:2
ckpt_4100.pt,4,487,0.5686333179473877,0.11592467874288559,0.492073118686676,"12,211,79,147,217","171,25,131,28,102",4:191:3|4:164:2|4:316:2
ckpt_4100.pt,4,488,0.5577401518821716,0.11929572373628616,0.46542373299598694,"167,3,224,113,153","141,185,90,154,18",4:251:2|4:513:2|4:868:2
ckpt_4100.pt,4,489,0.5254561305046082,0.08166643232107162,0.44077470898628235,"135,197,209,22,26","158,21,79,80,198",4:485:2|4:11:1|4:16:1
ckpt_4100.pt,4,490,0.59730064868927,0.10095226764678955,0.47710922360420227,"90,167,121,91,136","55,221,118,37,52",4:511:2|4:838:2|4:11:1
ckpt_4100.pt,4,491,0.604878306388855,0.14377930760383606,0.5007192492485046,"231,179,132,191,77","194,202,60,66,14",4:236:2|4:801:2|4:18:1
ckpt_4100.pt,4,492,0.5436782240867615,0.10977549105882645,0.49709269404411316,"220,109,222,133,70","251,15,61,206,116",4:119:2|4:404:2|4:705:2
ckpt_4100.pt,4,493,0.5452088117599487,0.10065198689699173,0.4905190169811249,"67,252,226,179,204","139,243,187,220,169",4:233:2|4:276:2|4:300:2
ckpt_4100.pt,4,494,0.6083200573921204,0.12348485738039017,0.5067240595817566,"191,1,131,236,209","107,240,131,207,166",4:50:2|4:83:2|4:143:2
ckpt_4100.pt,4,495,0.5974202156066895,0.11997018754482269,0.5161641240119934,"107,88,68,33,167","143,149,138,137,170",4:26:2|4:69:2|4:511:2
ckpt_4100.pt,4,496,0.4874204695224762,0.08939880132675171,0.4145244359970093,"135,137,20,5,202","134,219,105,213,100",4:67:2|4:573:2|4:601:2
ckpt_4100.pt,4,497,0.5988898873329163,0.13384191691875458,0.5064037442207336,"28,20,207,244,33","28,142,87,44,233",4:77:2|4:321:2|4:379:2
ckpt_4100.pt,4,498,0.5061640739440918,0.1274132877588272,0.4329407811164856,"57,29,71,105,169","154,119,2,132,94",4:19:2|4:372:2|4:535:2
ckpt_4100.pt,4,499,0.5758220553398132,0.1091325655579567,0.48523738980293274,"225,172,156,181,145","233,194,157,175,18",4:1001:2|4:7:1|4:18:1
ckpt_4100.pt,4,500,0.5280193090438843,0.09839026629924774,0.4509385824203491,"199,143,159,124,78","35,171,136,2,237",4:554:2|4:771:2|4:832:2
ckpt_4100.pt,4,501,0.5325315594673157,0.14522255957126617,0.44417673349380493,"179,89,60,218,50","242,96,82,154,245",4:13:1|4:18:1|4:46:1
ckpt_4100.pt,4,502,0.4646930396556854,0.09288933128118515,0.37877896428108215,"179,245,167,19,154","45,82,104,212,56",4:20:2|4:239:2|4:302:2
ckpt_4100.pt,4,503,0.5659602284431458,0.08953027427196503,0.4671686589717865,"50,78,120,47,112","167,32,232,47,229",4:54:2|4:523:2|4:961:2
ckpt_4100.pt,4,504,0.5191097259521484,0.09457830339670181,0.4394998252391815,"143,103,219,234,79","249,69,152,99,135",4:557:2|4:860:2|4:3:1
ckpt_4100.pt,4,505,0.5465909838676453,0.11294366419315338,0.4405145049095154,"14,2,237,66,99","43,9,206,226,251",4:146:2|4:312:2|4:349:2
ckpt_4100.pt,4,506,0.5308744311332703,0.10467469692230225,0.45579794049263,"17,89,185,188,43","7,194,3,127,99",4:332:2|4:951:2|4:19:1
ckpt_4100.pt,4,507,0.5250036120414734,0.09878745675086975,0.42610999941825867,"97,173,140,15,92","48,76,115,219,206",4:193:2|4:443:2|4:454:2
ckpt_4100.pt,4,508,0.5557990074157715,0.09856470674276352,0.46458157896995544,"167,187,245,15,67","236,45,224,156,12",4:20:2|4:216:2|4:502:2
ckpt_4100.pt,4,509,0.5825576186180115,0.09590861201286316,0.4698207974433899,"77,40,174,134,141","121,143,248,235,133",4:145:2|4:165:2|4:8:1
ckpt_4100.pt,4,510,0.5514394044876099,0.10192864388227463,0.4724702835083008,"165,8,142,185,133","255,146,59,123,25",4:481:3|4:1:1|4:13:1
ckpt_4100.pt,4,511,0.5554605722427368,0.09591749310493469,0.4663979411125183,"210,107,134,167,121","29,164,63,12,170",4:69:2|4:125:2|4:490:2
ckpt_4100.pt,4,512,0.594611406326294,0.1176624596118927,0.5437215566635132,"22,159,109,3,75","1,248,135,75,77",4:74:2|4:92:2|4:959:2
ckpt_4100.pt,4,513,0.521047830581665,0.08384659886360168,0.44471290707588196,"210,224,113,163,205","236,134,105,234,0",4:240:3|4:488:2|4:591:2
ckpt_4100.pt,4,514,0.580167293548584,0.11446584016084671,0.5064635276794434,"66,115,93,233,15","134,174,201,61,96",4:216:2|4:370:2|4:3:1
ckpt_4100.pt,4,515,0.5410276055335999,0.10500471293926239,0.46673932671546936,"255,23,133,163,121","201,124,156,47,29",4:116:2|4:128:2|4:222:2
ckpt_4100.pt,4,516,0.5698085427284241,0.08950711041688919,0.4680747091770172,"216,2,105,79,47","247,148,107,223,89",4:303:2|4:595:2|4:15:1
ckpt_4100.pt,4,517,0.5488432049751282,0.0954403355717659,0.4367126524448395,"185,40,249,14,223","180,168,247,160,234",4:75:2|4:158:2|4:643:2
ckpt_4100.pt,4,518,0.569545567035675,0.09972967952489853,0.46112579107284546,"20,61,219,220,69","71,6,178,38,78",4:0:1|4:1:1|4:4:1
ckpt_4100.pt,4,519,0.46040502190589905,0.0891973003745079,0.40195807814598083,"175,25,69,59,84","123,171,216,103,65",4:129:2|4:753:2|4:846:2
ckpt_4100.pt,4,520,0.5377119779586792,0.09218218922615051,0.4842636287212372,"114,27,182,100,118","82,48,195,50,39",4:224:2|4:415:2|4:611:2
ckpt_4100.pt,4,521,0.5239505767822266,0.10152024775743484,0.4679587483406067,"156,41,28,91,19","169,230,153,20,79",4:111:2|4:204:2|4:387:2
ckpt_4100.pt,4,522,0.5109346508979797,0.08682115375995636,0.4242452383041382,"233,177,56,197,243","97,143,86,185,168",4:162:2|4:991:2|4:18:1
ckpt_4100.pt,4,523,0.47696584463119507,0.08890855312347412,0.39562666416168213,"47,161,245,120,196","85,165,42,232,133",4:164:2|4:422:2|4:503:2
ckpt_4100.pt,4,524,0.5297836661338806,0.10267889499664307,0.44600003957748413,"19,117,234,210,51","176,186,51,191,69",4:17:2|4:284:2|4:325:2
ckpt_4100.pt,4,525,0.6131242513656616,0.1333031803369522,0.49181243777275085,"215,52,194,69,4","93,222,179,13,171",4:134:2|4:277:2|4:658:2
ckpt_4100.pt,4,526,0.5750673413276672,0.09648048132658005,0.45184287428855896,"151,140,181,42,50","25,215,113,3,80",4:322:2|4:947:2|4:29:1
ckpt_4100.pt,4,527,0.514397144317627,0.10395878553390503,0.4327467381954193,"46,70,178,101,245","155,24,162,184,239",4:734:2|4:986:2|4:5:1
ckpt_4100.pt,4,528,0.5545278191566467,0.10801853984594345,0.4455268383026123,"156,200,214,17,193","148,167,184,17,234",4:103:2|4:992:2|4:11:1
ckpt_4100.pt,4,529,0.5458731055259705,0.13091789186000824,0.4491676390171051,"162,174,7,170,147","204,13,238,205,55",4:746:2|4:17:1|4:27:1
ckpt_4100.pt,4,530,0.5220850706100464,0.09620784968137741,0.44685688614845276,"227,32,18,126,88","177,170,55,91,152",4:8:2|4:3:1|4:25:1
ckpt_4100.pt,4,531,0.5605121850967407,0.09783335775136948,0.49648723006248474,"102,197,17,47,250","123,26,167,188,210",4:15:2|4:665:2|4:686:2
ckpt_4100.pt,4,532,0.6463155746459961,0.115302175283432,0.5213417410850525,"40,22,210,191,177","244,182,54,197,13",4:8:1|4:11:1|4:14:1
ckpt_4100.pt,4,533,0.4897579252719879,0.09575511515140533,0.46660420298576355,"78,168,118,244,0","40,130,98,56,133",4:135:2|4:618:2|4:766:2
ckpt_4100.pt,4,534,0.6314451694488525,0.10475403815507889,0.49061644077301025,"179,190,171,172,10","141,217,5,45,83",4:49:2|4:276:2|4:657:2
ckpt_4100.pt,4,535,0.5288019776344299,0.11856155842542648,0.44300585985183716,"254,105,147,62,57","231,38,230,136,64",4:31:2|4:211:2|4:370:2
ckpt_4100.pt,4,536,0.5552517771720886,0.09688542783260345,0.4691309630870819,"20,16,126,174,89","182,1,6,25,47",4:51:2|4:707:2|4:0:1
ckpt_4100.pt,4,537,0.5707473158836365,0.1290348768234253,0.4481716752052307,"206,251,66,145,249","80,211,139,180,17",4:186:2|4:567:2|4:25:1
ckpt_4100.pt,4,538,0.6058666706085205,0.10886368155479431,0.5154316425323486,"187,248,221,169,46","210,209,172,231,41",4:123:2|4:734:2|4:749:2
ckpt_4100.pt,4,539,0.600596010684967,0.0950494185090065,0.4797966778278351,"12,126,129,113,216","192,254,205,7,60",4:715:2|4:760:2|4:3:1
ckpt_4100.pt,4,540,0.5440912246704102,0.11122451722621918,0.45094361901283264,"97,180,225,154,162","207,149,226,72,199",4:291:2|4:693:2|4:768:2
ckpt_4100.pt,4,541,0.5337323546409607,0.10698321461677551,0.45541492104530334,"221,234,69,53,39","69,49,200,17,223",4:212:2|4:272:2|4:570:2
ckpt_4100.pt,4,542,0.6082688570022583,0.13231755793094635,0.4774055778980255,"102,115,243,90,161","124,93,64,200,98",4:478:2|4:686:2|4:765:2
ckpt_4100.pt,4,543,0.5507258772850037,0.10418117046356201,0.461578905582428,"71,123,215,118,161","157,27,178,94,46",4:425:2|4:55:1|4:63:1
ckpt_4100.pt,4,544,0.5005709528923035,0.10272373259067535,0.42082148790359497,"248,49,236,90,215","194,132,46,52,35",4:335:2|4:452:2|4:778:2
ckpt_4100.pt,4,545,0.5918092131614685,0.1098531112074852,0.48098498582839966,"224,168,79,187,235","169,190,188,232,194",4:796:2|4:1:1|4:55:1
ckpt_4100.pt,4,546,0.5122217535972595,0.0949145033955574,0.4347655177116394,"109,219,249,158,243","216,15,248,1,4",4:594:2|4:609:2|4:908:2
ckpt_4100.pt,4,547,0.5515482425689697,0.10015100985765457,0.4515847861766815,"140,182,206,191,106","69,199,195,36,201",4:329:3|4:47:2|4:104:2
ckpt_4100.pt,4,548,0.6048545241355896,0.10212044417858124,0.48923248052597046,"216,57,156,165,210","172,222,147,131,87",4:97:2|4:476:2|4:631:2
ckpt_4100.pt,4,549,0.62510746717453,0.13345909118652344,0.535200297832489,"164,50,185,95,62","94,230,87,253,232",4:412:2|4:436:2|4:910:2
ckpt_4100.pt,4,550,0.524780809879303,0.10736369341611862,0.4435487985610962,"77,24,48,219,83","142,190,194,3,234",4:430:2|4:8:1|4:27:1
ckpt_4100.pt,4,551,0.5380009412765503,0.11836807429790497,0.5023784041404724,"216,90,45,48,135","31,158,242,167,43",4:644:2|4:769:2|4:8:1
ckpt_4100.pt,4,552,0.5950746536254883,0.1012854129076004,0.507823646068573,"16,147,120,102,53","188,175,39,105,190",4:199:2|4:15:1|4:27:1
ckpt_4100.pt,4,553,0.5630468726158142,0.08840682357549667,0.4942185878753662,"157,248,112,14,18","252,26,118,125,3",4:91:2|4:907:2|4:0:1
ckpt_4100.pt,4,554,0.5664106011390686,0.09365558624267578,0.4861043691635132,"10,124,248,143,153","57,137,58,169,178",4:170:2|4:335:2|4:500:2
ckpt_4100.pt,4,555,0.6093325614929199,0.12355254590511322,0.4914332628250122,"153,120,186,6,80","196,164,255,61,32",4:418:2|4:784:2|4:34:1
ckpt_4100.pt,4,556,0.5372315049171448,0.09938891232013702,0.4528311789035797,"138,102,28,134,11","128,42,114,115,229",4:176:2|4:258:2|4:686:2
ckpt_4100.pt,4,557,0.6178517937660217,0.1147346943616867,0.49137428402900696,"143,106,134,223,103","225,71,34,171,130",4:504:2|4:677:2|4:789:2
ckpt_4100.pt,4,558,0.6178865432739258,0.1008339524269104,0.5001870393753052,"205,83,22,28,55","203,200,79,75,216",4:209:2|4:11:1|4:34:1
ckpt_4100.pt,4,559,0.5728148818016052,0.10063768923282623,0.468988835811615,"210,229,195,238,255","5,189,86,204,71",4:14:2|4:417:2|4:911:2
ckpt_4100.pt,4,560,0.6074091196060181,0.12460494041442871,0.4794260263442993,"242,225,163,182,173","135,150,134,49,240",4:177:2|4:224:2|4:300:2
ckpt_4100.pt,4,561,0.5153882503509521,0.0922640934586525,0.4629323184490204,"252,237,34,245,33","50,94,247,71,61",4:62:2|4:278:2|4:440:2
ckpt_4100.pt,4,562,0.6039736270904541,0.11717896908521652,0.4810281991958618,"159,99,212,236,15","67,251,218,110,254",4:285:2|4:389:2|4:792:2
ckpt_4100.pt,4,563,0.49238529801368713,0.08632353693246841,0.43679794669151306,"135,17,101,18,99","253,205,179,48,175",4:173:2|4:619:2|4:704:2
ckpt_4100.pt,4,564,0.564888596534729,0.10643771290779114,0.47439172863960266,"227,245,72,220,91","19,99,235,18,254",4:152:2|4:968:2|4:8:1
ckpt_4100.pt,4,565,0.5095722675323486,0.10232625901699066,0.42088475823402405,"16,155,44,173,59","183,144,15,221,147",4:15:1|4:35:1|4:43:1
ckpt_4100.pt,4,566,0.5355616807937622,0.10889516025781631,0.47179728746414185,"81,198,154,87,35","137,107,112,104,243",4:318:2|4:414:2|4:919:2
ckpt_4100.pt,4,567,0.5348405241966248,0.10075192153453827,0.44619014859199524,"144,66,128,191,145","169,231,85,146,183",4:99:2|4:471:2|4:537:2
ckpt_4100.pt,4,568,0.5823105573654175,0.11508005857467651,0.502068281173706,"62,122,209,151,136","240,5,220,28,142",4:384:2|4:91:1|4:94:1
ckpt_4100.pt,4,569,0.5603607892990112,0.10471288859844208,0.4715597331523895,"76,31,183,41,159","144,226,181,7,134",4:394:2|4:708:2|4:0:1
ckpt_4100.pt,4,570,0.5386003255844116,0.0922977477312088,0.46399080753326416,"7,154,69,32,39","128,38,226,210,161",4:185:2|4:541:2|4:753:2
ckpt_4100.pt,4,571,0.5329481363296509,0.09641630202531815,0.4741235673427582,"9,87,207,174,209","253,203,221,3,191",4:139:2|4:972:2|4:13:1
ckpt_4100.pt,4,572,0.5665993690490723,0.10572008788585663,0.4425084888935089,"59,208,230,1,134","62,188,91,147,178",4:43:1|4:50:1|4:83:1
ckpt_4100.pt,4,573,0.5516839027404785,0.09659119695425034,0.49831053614616394,"238,162,135,5,105","123,28,140,117,19",4:113:2|4:151:2|4:496:2
ckpt_4100.pt,4,574,0.5179743766784668,0.09215538203716278,0.42855104804039,"175,254,91,230,180","73,44,79,30,48",4:114:2|4:360:2|4:475:2
ckpt_4100.pt,4,575,0.5538323521614075,0.11096692830324173,0.43442830443382263,"104,86,231,89,136","244,140,180,238,116",4:39:2|4:247:2|4:703:2
ckpt_4100.pt,4,576,0.5391038060188293,0.09967760741710663,0.4305528998374939,"241,165,205,38,26","11,64,82,60,25",4:117:2|4:363:2|4:1:1
ckpt_4100.pt,4,577,0.5654001832008362,0.10968442261219025,0.45228201150894165,"109,103,162,42,41","224,123,255,155,28",4:793:2|4:10:1|4:18:1
ckpt_4100.pt,4,578,0.553686261177063,0.0996425524353981,0.4715116322040558,"253,36,90,37,116","21,201,28,233,88",4:22:2|4:369:2|4:426:2
ckpt_4100.pt,4,579,0.5588229298591614,0.09095066040754318,0.46658575534820557,"59,23,165,63,129","76,95,59,160,250",4:818:2|4:946:2|4:1:1
ckpt_4100.pt,4,580,0.5668287873268127,0.11369790881872177,0.47065725922584534,"133,79,29,9,46","1,139,167,126,2",4:13:2|4:719:2|4:761:2
ckpt_4100.pt,4,581,0.5910873413085938,0.1086110845208168,0.4980490207672119,"99,116,120,235,86","52,152,231,89,24",4:93:2|4:166:2|4:331:2
ckpt_4100.pt,4,582,0.5392664074897766,0.08556012809276581,0.46034005284309387,"137,55,15,173,123","30,124,80,31,141",4:507:2|4:870:2|4:917:2
ckpt_4100.pt,4,583,0.56122887134552,0.0974503681063652,0.4914318323135376,"24,171,30,185,173","239,171,218,64,102",4:309:2|4:896:2|4:950:2
ckpt_4100.pt,4,584,0.6185365915298462,0.13073138892650604,0.4982711672782898,"196,243,47,6,171","186,86,16,221,219",4:34:2|4:164:2|4:406:2
ckpt_4100.pt,4,585,0.5937151312828064,0.12214915454387665,0.5040362477302551,"232,52,182,244,150","113,164,149,220,144",4:174:2|4:282:2|4:742:2
ckpt_4100.pt,4,586,0.4958050549030304,0.10830271989107132,0.42028430104255676,"111,213,222,206,217","57,196,46,127,212",4:268:2|4:689:2|4:2:1
ckpt_4100.pt,4,587,0.5248134732246399,0.09774008393287659,0.44330164790153503,"160,159,21,167,174","110,89,220,23,194",4:65:2|4:423:2|4:6:1
ckpt_4100.pt,4,588,0.517713189125061,0.09926329553127289,0.42123785614967346,"10,43,254,182,127","235,16,52,53,23",4:344:2|4:931:2|4:14:1
ckpt_4100.pt,4,589,0.5593653321266174,0.0952519103884697,0.44664573669433594,"32,207,158,182,242","80,227,185,170,66",4:139:2|4:224:2|4:262:2
ckpt_4100.pt,4,590,0.5919792056083679,0.10801001638174057,0.4833090603351593,"65,147,25,60,85","201,104,23,196,150",4:110:2|4:199:2|4:307:2
ckpt_4100.pt,4,591,0.5311485528945923,0.10569120198488235,0.4642188549041748,"163,119,12,210,41","149,164,103,102,16",4:240:2|4:394:2|4:411:2
ckpt_4100.pt,4,592,0.523262619972229,0.09441009908914566,0.4527755677700043,"227,51,230,89,38","234,224,79,66,175",4:687:2|4:703:2|4:8:1
ckpt_4100.pt,4,593,0.48483380675315857,0.08211146295070648,0.39826783537864685,"123,5,128,106,170","133,95,215,193,158",4:136:2|4:157:2|4:601:2
ckpt_4100.pt,4,594,0.5417459011077881,0.09010747820138931,0.41668811440467834,"37,243,76,160,219","23,5,226,86,68",4:609:3|4:5:2|4:546:2
ckpt_4100.pt,4,595,0.5654541254043579,0.1028432697057724,0.46298834681510925,"47,99,51,182,105","4,89,118,167,36",4:113:2|4:249:2|4:349:2
ckpt_4100.pt,4,596,0.5306137204170227,0.08940815180540085,0.4218151867389679,"57,237,24,188,126","48,61,231,150,34",4:65:2|4:388:2|4:805:2
ckpt_4100.pt,4,597,0.5768272876739502,0.10699781030416489,0.4853239357471466,"98,165,84,40,182","89,155,11,219,77",4:162:2|4:456:2|4:643:2
ckpt_4100.pt,4,598,0.5440207719802856,0.09257389605045319,0.47731873393058777,"105,117,86,99,126","148,56,44,133,236",4:51:2|4:249:2|4:285:2
ckpt_4100.pt,4,599,0.5103669762611389,0.0958210825920105,0.41973671317100525,"56,65,202,134,249","56,44,99,102,20",4:408:2|4:940:2|4:41:1
ckpt_4100.pt,4,600,0.6243113279342651,0.1552361398935318,0.4961366057395935,"40,184,127,187,66","121,54,220,63,240",4:1:1|4:7:1|4:8:1
ckpt_4100.pt,4,601,0.5297811031341553,0.11204440891742706,0.4566577076911926,"106,179,5,252,202","104,71,33,11,61",4:157:2|4:233:2|4:493:2
ckpt_4100.pt,4,602,0.534982442855835,0.09012272953987122,0.47488299012184143,"30,7,100,93,37","206,138,61,140,42",4:73:2|4:292:2|4:5:1
ckpt_4100.pt,4,603,0.5329828858375549,0.10254832357168198,0.44422322511672974,"45,33,43,230,80","220,222,84,83,137",4:295:2|4:828:2|4:20:1
ckpt_4100.pt,4,604,0.5209577083587646,0.127174511551857,0.43199822306632996,"89,248,237,124,82","24,20,87,28,131",4:61:2|4:91:2|4:229:2
ckpt_4100.pt,4,605,0.5412755012512207,0.08696652948856354,0.47702527046203613,"248,0,7,225,153","193,45,232,75,25",4:241:2|4:335:2|4:554:2
ckpt_4100.pt,4,606,0.5861194729804993,0.11358746886253357,0.4966004490852356,"219,245,200,237,176","194,49,199,210,249",4:27:2|4:62:2|4:451:2
ckpt_4100.pt,4,607,0.6092305183410645,0.10725370049476624,0.5239960551261902,"110,83,187,206,107","141,27,43,222,56",4:1:1|4:4:1|4:12:1
ckpt_4100.pt,4,608,0.5424364805221558,0.0993778333067894,0.47953423857688904,"191,190,90,3,23","184,127,114,30,82",4:2:1|4:21:1|4:42:1
ckpt_4100.pt,4,609,0.5589175224304199,0.10168411582708359,0.47500714659690857,"243,186,160,219,42","6,206,150,179,175",4:594:3|4:546:2|4:714:2
ckpt_4100.pt,4,610,0.4991847574710846,0.10702747106552124,0.42618465423583984,"85,182,151,56,142","223,243,204,73,228",4:322:2|4:458:2|4:41:1
ckpt_4100.pt,4,611,0.48314473032951355,0.12357664853334427,0.40649327635765076,"248,100,27,183,143","214,32,16,180,132",4:237:2|4:360:2|4:520:2
ckpt_4100.pt,4,612,0.610440731048584,0.11060738563537598,0.5117722153663635,"199,152,13,113,200","215,13,176,66,151",4:24:2|4:4:1|4:22:1
ckpt_4100.pt,4,613,0.48842883110046387,0.08345063030719757,0.4312344789505005,"253,101,96,10,85","6,254,27,56,175",4:361:2|4:376:2|4:687:2
ckpt_4100.pt,4,614,0.4581150412559509,0.0752296894788742,0.41052940487861633,"6,228,106,128,63","234,34,161,10,109",4:593:2|4:624:2|4:12:1
ckpt_4100.pt,4,615,0.4773677885532379,0.09014438837766647,0.40833142399787903,"120,196,60,117,26","182,105,152,202,217",4:422:2|4:523:2|4:776:2
ckpt_4100.pt,4,616,0.48183387517929077,0.10870736837387085,0.4087480306625366,"52,196,169,188,162","175,124,180,25,138",4:477:3|4:793:2|4:19:1
ckpt_4100.pt,4,617,0.5523697137832642,0.11331860721111298,0.46901780366897583,"102,132,123,172,86","54,144,83,181,238",4:55:2|4:15:1|4:32:1
ckpt_4100.pt,4,618,0.6080265045166016,0.10793723165988922,0.5046805739402771,"168,244,83,199,179","21,84,239,202,136",4:533:2|4:18:1|4:22:1
ckpt_4100.pt,4,619,0.48275241255760193,0.07885204255580902,0.434833288192749,"5,18,17,190,251","180,97,237,216,200",4:157:2|4:563:2|4:995:2
ckpt_4100.pt,4,620,0.5292438268661499,0.1003849059343338,0.46255558729171753,"46,223,17,32,91","115,111,194,209,75",4:858:2|4:30:1|4:48:1
ckpt_4100.pt,4,621,0.4823300540447235,0.1305079609155655,0.39828822016716003,"188,183,147,138,73","147,246,210,51,199",4:57:2|4:138:2|4:237:2
ckpt_4100.pt,4,622,0.5202081203460693,0.09848953038454056,0.45085281133651733,"229,220,184,120,156","167,22,178,90,255",4:378:2|4:678:2|4:842:2
ckpt_4100.pt,4,623,0.45755624771118164,0.08529001474380493,0.3919716477394104,"109,77,115,126,62","123,142,99,244,9",4:3:2|4:765:2|4:25:1
ckpt_4100.pt,4,624,0.5858935117721558,0.12906715273857117,0.4571310877799988,"6,121,228,192,104","26,254,186,79,42",4:614:2|4:2:1|4:11:1
ckpt_4100.pt,4,625,0.5953467488288879,0.13726043701171875,0.4764299690723419,"120,138,227,235,146","42,232,10,17,103",4:286:2|4:581:2|4:918:2
ckpt_4100.pt,4,626,0.44376102089881897,0.07310950011014938,0.39572465419769287,"15,145,6,134,114","232,107,94,9,244",4:750:2|4:25:1|4:28:1
ckpt_4100.pt,4,627,0.5927654504776001,0.10981098562479019,0.4861971437931061,"185,156,230,161,67","229,52,167,12,0",4:348:2|4:403:2|4:416:2
ckpt_4100.pt,4,628,0.5760069489479065,0.10490178316831589,0.4649132192134857,"6,118,112,83,231","117,19,57,12,39",4:33:2|4:294:2|4:683:2
ckpt_4100.pt,4,629,0.5474806427955627,0.0952858105301857,0.4519241154193878,"63,29,166,50,53","148,48,198,99,107",4:380:2|4:436:2|4:710:2
ckpt_4100.pt,4,630,0.5214089751243591,0.0985131561756134,0.43330320715904236,"26,115,224,138,213","56,214,191,49,146",4:296:2|4:0:1|4:3:1
ckpt_4100.pt,4,631,0.5572554469108582,0.10000992566347122,0.45260027050971985,"29,216,132,156,60","232,53,230,7,116",4:548:2|4:752:2|4:801:2
ckpt_4100.pt,4,632,0.5503829717636108,0.11440610140562057,0.46474701166152954,"147,32,180,36,63","160,75,71,249,195",4:12:1|4:22:1|4:27:1
ckpt_4100.pt,4,633,0.467777818441391,0.0815102756023407,0.4324745535850525,"248,223,86,109,16","96,123,4,9,105",4:44:2|4:137:2|4:207:2
ckpt_4100.pt,4,634,0.5034758448600769,0.11096089333295822,0.44831836223602295,"165,210,151,115,78","252,17,203,51,215",4:1:2|4:16:2|4:548:2
ckpt_4100.pt,4,635,0.5358961224555969,0.09337104856967926,0.4110226035118103,"200,131,211,30,164","227,229,247,199,36",4:80:2|4:409:2|4:467:2
ckpt_4100.pt,4,636,0.5186115503311157,0.09260286390781403,0.44875797629356384,"160,198,252,147,139","90,22,31,234,47",4:325:2|4:4:1|4:6:1
ckpt_4100.pt,4,637,0.5492737889289856,0.09809897094964981,0.4415593147277832,"160,125,168,61,247","231,107,23,241,219",4:824:3|4:101:2|4:115:2
ckpt_4100.pt,4,638,0.5593670010566711,0.08444128930568695,0.48976075649261475,"154,212,160,207,109","177,120,63,164,159",4:835:2|4:911:2|4:6:1
ckpt_4100.pt,4,639,0.5076899528503418,0.10474077612161636,0.443939745426178,"10,246,223,25,31","189,132,166,13,61",4:49:2|4:344:2|4:846:2
ckpt_4100.pt,4,640,0.5904454588890076,0.10116897523403168,0.48635393381118774,"55,34,61,58,23","182,148,11,231,23",4:59:2|4:840:2|4:884:2
ckpt_4100.pt,4,641,0.5179881453514099,0.08448370546102524,0.4488278925418854,"45,131,141,30,144","222,54,144,126,21",4:83:2|4:486:2|4:635:2
ckpt_4100.pt,4,642,0.49706071615219116,0.11813933402299881,0.4136909246444702,"123,223,211,7,5","222,145,29,115,164",4:121:2|4:130:2|4:136:2
ckpt_4100.pt,4,643,0.5922346115112305,0.11996547877788544,0.47880882024765015,"84,40,114,223,54","169,172,232,98,15",4:129:2|4:158:2|4:456:2
ckpt_4100.pt,4,644,0.516984760761261,0.10746996849775314,0.4398387372493744,"21,90,48,255,79","85,39,184,76,249",4:373:2|4:551:2|4:769:2
ckpt_4100.pt,4,645,0.517242968082428,0.10898903012275696,0.42366695404052734,"105,235,150,253,72","35,105,127,112,172",4:372:2|4:10:1|4:14:1
ckpt_4100.pt,4,646,0.4660959541797638,0.09682180732488632,0.4221630394458771,"167,198,29,188,92","231,198,111,204,7",4:142:2|4:357:2|4:4:1
ckpt_4100.pt,4,647,0.5279244184494019,0.11520237475633621,0.4483366012573242,"37,106,9,169,117","91,54,169,250,47",4:749:2|4:5:1|4:12:1
ckpt_4100.pt,4,648,0.5381031036376953,0.11118017882108688,0.4403817057609558,"72,131,196,38,224","4,231,184,53,132",4:236:2|4:28:1|4:49:1
ckpt_4100.pt,4,649,0.5108799934387207,0.09809461236000061,0.42296767234802246,"13,4,237,191,208","159,212,143,15,10",4:804:2|4:896:2|4:979:2
ckpt_4100.pt,4,650,0.5397310853004456,0.10824357718229294,0.4342568516731262,"235,66,178,246,232","147,159,168,35,33",4:727:2|4:17:1|4:27:1
ckpt_4100.pt,4,651,0.6067491769790649,0.15107527375221252,0.4963958263397217,"207,78,131,179,110","5,66,125,72,90",4:1:1|4:4:1|4:16:1
ckpt_4100.pt,4,652,0.6219056248664856,0.11212374269962311,0.5140451788902283,"213,16,210,109,80","171,62,89,29,82",4:44:2|4:326:2|4:394:2
ckpt_4100.pt,4,653,0.5001638531684875,0.09984693676233292,0.4343222975730896,"174,218,213,75,48","55,246,243,75,233",4:87:2|4:255:2|4:8:1
ckpt_4100.pt,4,654,0.6054375767707825,0.11888500303030014,0.5322125554084778,"195,104,25,152,248","192,104,21,182,227",4:2:2|4:0:1|4:4:1
ckpt_4100.pt,4,655,0.5172427296638489,0.11627963930368423,0.45127013325691223,"204,19,171,231,230","198,74,175,86,49",4:688:2|4:9:1|4:33:1
ckpt_4100.pt,4,656,0.5969062447547913,0.12123657017946243,0.4853796660900116,"50,105,43,213,149","194,135,167,199,220",4:332:2|4:828:2|4:937:2
ckpt_4100.pt,4,657,0.5041911005973816,0.108601875603199,0.42056605219841003,"214,10,139,171,49","179,12,130,180,237",4:448:2|4:534:2|4:979:2
ckpt_4100.pt,4,658,0.6183217167854309,0.11561482399702072,0.5157458186149597,"52,194,223,164,8","57,60,217,100,179",4:48:2|4:277:2|4:525:2
ckpt_4100.pt,4,659,0.5469698905944824,0.10589372366666794,0.469307005405426,"248,100,240,125,194","115,45,29,104,209",4:9:2|4:611:2|4:982:2
ckpt_4100.pt,4,660,0.46433043479919434,0.10499180853366852,0.40646833181381226,"48,53,152,56,39","91,52,209,48,196",4:541:2|4:733:2|4:4:1
ckpt_4100.pt,4,661,0.5696061849594116,0.1273592710494995,0.44728004932403564,"26,254,215,114,230","58,201,234,150,233",4:94:2|4:363:2|4:574:2
ckpt_4100.pt,4,662,0.5207394361495972,0.0830988809466362,0.44882476329803467,"174,202,161,224,185","146,121,230,143,96",4:403:2|4:627:2|4:940:2
ckpt_4100.pt,4,663,0.5226984024047852,0.09084425866603851,0.43078261613845825,"252,142,95,127,24","96,252,186,157,219",4:999:2|4:16:1|4:30:1
ckpt_4100.pt,4,664,0.5500586628913879,0.10173074901103973,0.46146106719970703,"229,52,89,225,237","85,215,84,61,111",4:278:2|4:435:2|4:604:2
ckpt_4100.pt,4,665,0.602795422077179,0.09044577926397324,0.4838921129703522,"171,118,122,17,250","87,14,68,169,233",4:531:2|4:923:2|4:992:2
ckpt_4100.pt,4,666,0.5684770345687866,0.10728473216295242,0.48943448066711426,"227,11,223,107,116","166,192,48,130,255",4:68:2|4:178:2|4:781:2
ckpt_4100.pt,4,667,0.5830334424972534,0.11758523434400558,0.4788309633731842,"248,63,17,3,111","244,219,250,89,220",4:144:2|4:380:2|4:0:1
ckpt_4100.pt,4,668,0.5176440477371216,0.07762709259986877,0.4665285348892212,"103,110,169,238,183","253,119,217,43,247",4:230:2|4:924:2|4:4:1
ckpt_4100.pt,4,669,0.5475128293037415,0.09875461459159851,0.4535823166370392,"234,171,163,199,114","30,136,128,159,219",4:750:2|4:764:2|4:3:1
ckpt_4100.pt,4,670,0.5772736668586731,0.12171849608421326,0.47404253482818604,"231,131,140,147,2","201,170,189,62,216",4:680:2|4:746:2|4:996:2
ckpt_4100.pt,4,671,0.6675970554351807,0.11326731741428375,0.4963991940021515,"142,91,202,68,19","207,222,206,194,20",4:521:2|4:57:1|4:74:1
ckpt_4100.pt,4,672,0.47635743021965027,0.0888846218585968,0.4003225266933441,"18,175,65,153,133","192,180,194,49,253",4:110:2|4:129:2|4:173:2
ckpt_4100.pt,4,673,0.5433171987533569,0.12362376600503922,0.47564923763275146,"163,52,170,248,47","73,243,97,89,46",4:116:2|4:219:2|4:851:2
ckpt_4100.pt,4,674,0.5384258031845093,0.09490973502397537,0.4502158761024475,"249,255,186,15,51","163,249,11,42,239",4:393:2|4:694:2|4:713:2
ckpt_4100.pt,4,675,0.5988397598266602,0.11165030300617218,0.5257624387741089,"73,74,45,236,247","204,167,161,104,217",4:20:2|4:903:2|4:3:1
ckpt_4100.pt,4,676,0.5826611518859863,0.10986259579658508,0.5048244595527649,"110,173,201,39,209","1,107,165,215,179",4:160:2|4:733:2|4:807:2
ckpt_4100.pt,4,677,0.5764074921607971,0.09492887556552887,0.47184523940086365,"226,80,103,241,223","139,218,27,227,104",4:231:2|4:557:2|4:732:2
ckpt_4100.pt,4,678,0.5606114864349365,0.11213182657957077,0.4458523988723755,"14,98,220,239,120","192,90,229,86,212",4:99:2|4:162:2|4:622:2
ckpt_4100.pt,4,679,0.5463183522224426,0.1267002820968628,0.45195549726486206,"166,209,82,95,181","230,141,39,27,12",4:141:2|4:179:2|4:915:2
ckpt_4100.pt,4,680,0.5354257822036743,0.11245126277208328,0.456631600856781,"240,147,231,193,31","219,3,254,17,88",4:670:2|4:777:2|4:0:1
ckpt_4100.pt,4,681,0.5256356596946716,0.1032736524939537,0.4121845066547394,"221,215,74,98,122","84,219,118,181,171",4:63:2|4:86:2|4:151:2
ckpt_4100.pt,4,682,0.4833265542984009,0.09090699255466461,0.4218117594718933,"83,180,39,183,158","91,194,82,73,128",4:323:2|4:446:2|4:23:1
ckpt_4100.pt,4,683,0.5333699584007263,0.09820957481861115,0.4861932396888733,"231,118,219,92,74","154,157,22,45,239",4:294:2|4:454:2|4:628:2
ckpt_4100.pt,4,684,0.486636757850647,0.09920505434274673,0.42143499851226807,"89,226,112,238,137","77,217,160,221,8",4:33:2|4:39:2|4:732:2
ckpt_4100.pt,4,685,0.4909646511077881,0.0795769989490509,0.44688913226127625,"24,210,34,213,211","117,188,229,90,102",4:652:2|4:5:1|4:14:1
ckpt_4100.pt,4,686,0.48760563135147095,0.08959969133138657,0.4287203252315521,"102,243,23,11,17","190,45,71,162,135",4:157:2|4:531:2|4:542:2
ckpt_4100.pt,4,687,0.461173415184021,0.08747924119234085,0.4073059856891632,"38,89,96,255,85","80,167,114,221,144",4:174:2|4:592:2|4:613:2
ckpt_4100.pt,4,688,0.5568717122077942,0.08880600333213806,0.470420777797699,"194,19,157,179,171","48,161,249,158,190",4:324:3|4:9:2|4:502:2
ckpt_4100.pt,4,689,0.6291859745979309,0.1073646992444992,0.5282607078552246,"17,217,213,166,145","60,225,112,108,65",4:147:2|4:251:2|4:586:2
ckpt_4100.pt,4,690,0.5363778471946716,0.11757584661245346,0.4329666495323181,"12,73,27,23,177","165,94,131,255,194",4:93:2|4:779:2|4:906:2
ckpt_4100.pt,4,691,0.5302236676216125,0.09392484277486801,0.43222934007644653,"71,253,44,42,212","76,148,121,172,236",4:327:2|4:426:2|4:29:1
ckpt_4100.pt,4,692,0.5744813084602356,0.11139077693223953,0.4493413269519806,"84,108,220,128,195","228,118,139,90,199",4:152:2|4:155:2|4:407:2
ckpt_4100.pt,4,693,0.5160290598869324,0.0826241746544838,0.42737388610839844,"83,85,162,145,154","192,68,48,37,130",4:81:2|4:375:2|4:540:2
ckpt_4100.pt,4,694,0.582552433013916,0.12126835435628891,0.4992043077945709,"51,61,195,249,47","143,118,127,113,59",4:147:2|4:393:2|4:407:2
ckpt_4100.pt,4,695,0.5418843030929565,0.09312625229358673,0.4824780821800232,"218,7,20,84,244","121,203,178,202,160",4:4:2|4:361:2|4:456:2
ckpt_4100.pt,4,696,0.5798024535179138,0.09324115514755249,0.5033267140388489,"156,21,99,67,25","159,14,231,213,107",4:416:3|4:18:2|4:627:2
ckpt_4100.pt,4,697,0.444002240896225,0.09143492579460144,0.42052775621414185,"123,234,197,157,51","78,22,165,41,36",4:524:2|4:863:2|4:3:1
ckpt_4100.pt,4,698,0.5435534715652466,0.11404570192098618,0.44673147797584534,"53,179,228,158,119","104,129,4,205,102",4:18:1|4:45:1|4:46:1
ckpt_4100.pt,4,699,0.6187472343444824,0.10400547832250595,0.4768730700016022,"62,120,145,130,127","12,52,136,29,61",4:32:2|4:311:2|4:723:2
ckpt_4100.pt,4,700,0.490646094083786,0.09567336738109589,0.447695791721344,"130,43,69,112,148","101,50,13,242,130",4:418:2|4:419:2|4:25:1
ckpt_4100.pt,4,701,0.544634222984314,0.09998047351837158,0.4511907696723938,"151,184,219,231,125","56,249,80,53,127",4:470:2|4:482:2|4:683:2
ckpt_4100.pt,4,702,0.5631067156791687,0.13298992812633514,0.4502326250076294,"184,247,206,99,175","78,158,130,152,248",4:101:2|4:114:2|4:192:2
ckpt_4100.pt,4,703,0.5601767301559448,0.1099775955080986,0.4858311414718628,"115,86,248,230,89","143,75,2,56,45",4:170:2|4:247:2|4:575:2
ckpt_4100.pt,4,704,0.5412365794181824,0.10023172944784164,0.4363636076450348,"198,78,17,99,39","159,114,97,194,153",4:146:2|4:249:2|4:486:2
ckpt_4100.pt,4,705,0.5343279838562012,0.10449203103780746,0.4458160698413849,"109,216,220,39,175","249,145,123,234,20",4:181:2|4:266:2|4:291:2
ckpt_4100.pt,4,706,0.4725557565689087,0.08541218191385269,0.4135175347328186,"8,205,223,108,29","1,183,61,0,215",4:68:2|4:481:2|4:658:2
ckpt_4100.pt,4,707,0.5525418519973755,0.10027851164340973,0.47865238785743713,"89,163,33,126,6","40,33,252,230,104",4:61:2|4:536:2|4:3:1
ckpt_4100.pt,4,708,0.581642210483551,0.0960484966635704,0.4864191710948944,"88,47,51,183,41","81,32,90,183,12",4:107:2|4:284:2|4:569:2
ckpt_4100.pt,4,709,0.538164496421814,0.09809183329343796,0.45954233407974243,"152,29,125,62,117","58,197,143,154,212",4:235:2|4:4:1|4:5:1
ckpt_4100.pt,4,710,0.5222541093826294,0.09895943850278854,0.4323228597640991,"63,227,140,29,255","131,22,150,110,174",4:329:2|4:356:2|4:380:2
ckpt_4100.pt,4,711,0.5020930767059326,0.09915640950202942,0.4286174774169922,"86,69,9,2,11","245,239,143,36,252",4:53:2|4:331:2|4:351:2
ckpt_4100.pt,4,712,0.6016239523887634,0.1082267016172409,0.47926273941993713,"44,221,198,106,174","141,17,202,211,127",4:202:2|4:787:2|4:4:1
ckpt_4100.pt,4,713,0.5509818196296692,0.10776181519031525,0.42921531200408936,"45,186,144,15,119","183,117,158,114,169",4:641:2|4:674:2|4:13:1
ckpt_4100.pt,4,714,0.6058068871498108,0.15909910202026367,0.5236323475837708,"160,219,140,214,161","235,130,241,46,49",4:159:2|4:430:2|4:594:2
ckpt_4100.pt,4,715,0.5398080348968506,0.1043066531419754,0.43797096610069275,"188,47,113,12,168","244,156,71,150,141",4:437:2|4:539:2|4:15:1
ckpt_4100.pt,4,716,0.493805855512619,0.08723588287830353,0.46374884247779846,"16,41,137,250,243","122,42,156,221,105",4:264:2|4:394:2|4:718:2
ckpt_4100.pt,4,717,0.46532484889030457,0.10687285661697388,0.38394686579704285,"29,245,23,85,164","136,123,119,214,223",4:5:1|4:11:1|4:19:1
ckpt_4100.pt,4,718,0.4460606873035431,0.08778364956378937,0.3931353986263275,"50,249,16,195,41","115,55,91,19,145",4:207:2|4:407:2|4:694:2
ckpt_4100.pt,4,719,0.4344850778579712,0.07967328280210495,0.39238423109054565,"133,29,230,255,37","61,56,12,107,204",4:5:2|4:106:2|4:427:2
ckpt_4100.pt,4,720,0.45733731985092163,0.08296889066696167,0.3985132575035095,"102,179,217,174,241","141,232,49,113,17",4:2:1|4:15:1|4:18:1
ckpt_4100.pt,4,721,0.5731900930404663,0.10005062818527222,0.4727555215358734,"211,128,214,81,18","195,49,248,191,132",4:788:2|4:3:1|4:5:1
ckpt_4100.pt,4,722,0.4839860796928406,0.10192815214395523,0.4021274745464325,"228,211,16,71,185","99,136,119,139,216",4:333:2|4:5:1|4:19:1
ckpt_4100.pt,4,723,0.4774448275566101,0.09418007731437683,0.42873415350914,"18,120,130,245,165","141,248,44,112,226",4:334:2|4:523:2|4:699:2
ckpt_4100.pt,4,724,0.6482259035110474,0.1615465134382248,0.4949529469013214,"1,224,101,147,241","147,18,182,214,69",4:353:2|4:907:2|4:996:2
ckpt_4100.pt,4,725,0.5795502066612244,0.11390288919210434,0.5215091109275818,"163,185,37,148,86","118,23,240,153,193",4:53:2|4:367:2|4:397:2
ckpt_4100.pt,4,726,0.580629289150238,0.1023159772157669,0.4904046058654785,"164,180,47,8,100","173,111,46,155,47",4:480:2|4:658:2|4:854:2
ckpt_4100.pt,4,727,0.5196317434310913,0.09338732808828354,0.42931121587753296,"196,168,66,155,178","48,113,31,68,223",4:450:2|4:650:2|4:766:2
ckpt_4100.pt,4,728,0.5331928730010986,0.11923152953386307,0.45487356185913086,"86,196,223,211,176","238,136,85,159,76",4:130:2|4:164:2|4:247:2
ckpt_4100.pt,4,729,0.6054137349128723,0.0999252051115036,0.45885828137397766,"191,86,94,150,200","227,87,200,104,184",4:80:2|4:222:2|4:10:1
ckpt_4100.pt,4,730,0.5556063055992126,0.11379329860210419,0.4752051532268524,"65,234,28,24,246","228,104,119,182,129",4:17:2|4:342:2|4:803:2
ckpt_4100.pt,4,731,0.5045347809791565,0.0828922912478447,0.41889023780822754,"231,245,203,163,188","149,212,252,231,74",4:175:2|4:1016:2|4:11:1
ckpt_4100.pt,4,732,0.5927324891090393,0.13144783675670624,0.4740196466445923,"195,241,89,121,226","127,78,47,2,245",4:475:2|4:677:2|4:684:2
ckpt_4100.pt,4,733,0.6179934144020081,0.10655244439840317,0.5362289547920227,"39,207,53,100,173","190,206,148,125,212",4:316:2|4:541:2|4:660:2
ckpt_4100.pt,4,734,0.5074402093887329,0.1061921939253807,0.43748167157173157,"46,101,187,100,251","150,98,164,196,219",4:527:2|4:538:2|4:761:2
ckpt_4100.pt,4,735,0.520837128162384,0.09050006419420242,0.44159311056137085,"171,220,161,59,42","180,117,116,108,114",4:29:2|4:846:2|4:866:2
ckpt_4100.pt,4,736,0.5301986336708069,0.11324479430913925,0.44885653257369995,"169,119,138,57,41","55,245,41,19,216",4:111:2|4:469:2|4:498:2
ckpt_4100.pt,4,737,0.5300225019454956,0.09577621519565582,0.4566873013973236,"98,113,223,207,1","45,185,65,229,131",4:437:3|4:50:2|4:143:2
ckpt_4100.pt,4,738,0.5217904448509216,0.10643764585256577,0.4805619716644287,"224,242,154,70,36","98,233,55,174,176",4:842:2|4:853:2|4:936:2
ckpt_4100.pt,4,739,0.578377902507782,0.1087050586938858,0.5059335827827454,"85,154,146,103,82","235,211,119,242,125",4:375:2|4:693:2|4:1004:2
ckpt_4100.pt,4,740,0.5270752310752869,0.10646378248929977,0.4518745243549347,"188,166,116,222,184","60,219,53,165,71",4:58:2|4:470:2|4:7:1
ckpt_4100.pt,4,741,0.6432335376739502,0.11674519628286362,0.4662034511566162,"156,49,106,91,39","226,171,155,231,169",4:183:2|4:350:2|4:452:2
ckpt_4100.pt,4,742,0.514665961265564,0.08141414821147919,0.44560006260871887,"232,52,37,183,166","189,65,229,19,181",4:585:2|4:5:1|4:16:1
ckpt_4100.pt,4,743,0.5903517603874207,0.12736766040325165,0.5228851437568665,"152,18,6,176,68","77,22,253,86,42",4:371:2|4:1023:2|4:4:1
ckpt_4100.pt,4,744,0.5034870505332947,0.09792375564575195,0.4442286193370819,"239,84,72,173,216","120,35,195,84,68",4:184:2|4:248:2|4:272:2
ckpt_4100.pt,4,745,0.605678915977478,0.11749682575464249,0.49993813037872314,"76,106,191,78,60","153,93,132,149,84",4:464:2|4:547:2|4:1:1
ckpt_4100.pt,4,746,0.6062776446342468,0.1059073880314827,0.47519251704216003,"156,170,2,98,147","103,8,52,116,108",4:86:2|4:370:2|4:402:2
ckpt_4100.pt,4,747,0.5959936380386353,0.10867125540971756,0.5396819710731506,"218,183,149,71,146","160,22,126,147,141",4:239:2|4:242:2|4:6:1
ckpt_4100.pt,4,748,0.5004787445068359,0.1189906895160675,0.4270888566970825,"23,32,233,70,142","173,250,59,17,90",4:18:1|4:24:1|4:48:1
ckpt_4100.pt,4,749,0.579024612903595,0.12221371382474899,0.4582437574863434,"117,12,187,215,169","229,192,71,106,150",4:123:2|4:339:2|4:538:2
ckpt_4100.pt,4,750,0.4865822196006775,0.0897597074508667,0.39769843220710754,"48,199,114,145,20","206,191,8,205,182",4:190:2|4:461:2|4:626:2
ckpt_4100.pt,4,751,0.6322891712188721,0.1132173016667366,0.4909810423851013,"213,56,150,228,250","234,160,54,22,55",4:41:2|4:251:2|4:10:1
ckpt_4100.pt,4,752,0.5109649896621704,0.09770834445953369,0.4194963574409485,"156,162,216,27,39","71,124,76,211,0",4:241:2|4:266:2|4:444:2
ckpt_4100.pt,4,753,0.49784907698631287,0.11207848787307739,0.41997793316841125,"175,32,24,69,100","38,26,99,134,4",4:360:2|4:519:2|4:570:2
ckpt_4100.pt,4,754,0.5301713943481445,0.10452496260404587,0.4748736023902893,"181,101,44,34,248","233,85,94,0,206",4:202:2|4:914:2|4:982:2
ckpt_4100.pt,4,755,0.4530969262123108,0.08875666558742523,0.40317875146865845,"2,89,85,248,168","119,59,111,85,49",4:115:2|4:137:2|4:200:2
ckpt_4100.pt,4,756,0.5428436994552612,0.11719847470521927,0.4589652121067047,"66,183,226,117,201","157,142,171,193,35",4:245:2|4:337:2|4:17:1
ckpt_4100.pt,4,757,0.49363139271736145,0.08192691951990128,0.42580097913742065,"254,122,126,117,213","189,51,131,188,221",4:360:2|4:598:2|4:931:2
ckpt_4100.pt,4,758,0.48015713691711426,0.08042165637016296,0.41400399804115295,"238,189,198,78,1","118,230,154,209,126",4:135:2|4:486:2|4:704:2
ckpt_4100.pt,4,759,0.618876576423645,0.11674186587333679,0.5180372595787048,"165,162,234,182,31","228,93,24,10,190",4:139:2|4:597:2|4:960:2
ckpt_4100.pt,4,760,0.654924213886261,0.1426132470369339,0.48997029662132263,"126,14,27,164,129","54,127,184,146,197",4:88:2|4:539:2|4:3:1
ckpt_4100.pt,4,761,0.5977910757064819,0.1049557700753212,0.46442872285842896,"46,251,210,29,124","118,93,107,13,192",4:19:2|4:580:2|4:734:2
ckpt_4100.pt,4,762,0.5653190016746521,0.14802736043930054,0.4897799789905548,"97,4,89,229,3","236,193,26,245,90",4:118:2|4:413:2|4:664:2
ckpt_4100.pt,4,763,0.5210851430892944,0.091921366751194,0.40504372119903564,"117,184,83,3,6","85,167,125,146,197",4:56:2|4:188:2|4:628:2
ckpt_4100.pt,4,764,0.5498144626617432,0.1093335971236229,0.43574586510658264,"122,234,233,114,184","4,186,199,132,75",4:24:2|4:267:2|4:336:2
ckpt_4100.pt,4,765,0.5581115484237671,0.11548341810703278,0.4813709259033203,"102,115,101,45,126","150,140,100,119,201",4:3:2|4:171:2|4:542:2
ckpt_4100.pt,4,766,0.7179514169692993,0.1275850236415863,0.604159951210022,"155,247,0,168,117","91,158,60,155,58",4:28:2|4:219:2|4:533:2
ckpt_4100.pt,4,767,0.6004258394241333,0.12507110834121704,0.5148448348045349,"212,30,75,26,239","113,235,20,238,97",4:56:2|4:19:1|4:26:1
ckpt_4100.pt,4,768,0.5876218676567078,0.1018107607960701,0.4578292667865753,"21,225,56,245,162","184,247,38,54,189",4:358:2|4:540:2|4:869:2
ckpt_4100.pt,4,769,0.5695462226867676,0.10877551138401031,0.4922794997692108,"48,176,34,90,105","236,130,3,50,45",4:551:2|4:644:2|4:8:1
ckpt_4100.pt,4,770,0.45480456948280334,0.07860682159662247,0.3769039213657379,"121,140,142,11,80","102,176,193,190,54",4:57:2|4:410:2|4:484:2
ckpt_4100.pt,4,771,0.6006414890289307,0.11324990540742874,0.46793070435523987,"45,199,126,36,143","21,132,16,90,107",4:22:2|4:388:2|4:500:2
ckpt_4100.pt,4,772,0.5684862732887268,0.12403414398431778,0.4786723554134369,"127,17,203,181,84","96,74,20,138,240",4:32:2|4:120:2|4:206:2
ckpt_4100.pt,4,773,0.5772957801818848,0.1310921311378479,0.4813973605632782,"154,233,254,96,110","86,234,157,197,14",4:4:1|4:6:1|4:14:1
ckpt_4100.pt,4,774,0.5921788811683655,0.13392511010169983,0.5025078058242798,"106,34,140,102,135","53,186,43,160,216",4:47:2|4:202:2|4:329:2
ckpt_4100.pt,4,775,0.6168251633644104,0.14957918226718903,0.4816947281360626,"184,103,206,255,88","133,88,135,128,36",4:14:2|4:134:2|4:217:2
ckpt_4100.pt,4,776,0.5542300939559937,0.09704595804214478,0.4698539674282074,"180,185,81,117,60","169,11,117,33,212",4:615:2|4:3:1|4:17:1
ckpt_4100.pt,4,777,0.5318029522895813,0.10370264947414398,0.42716336250305176,"235,98,231,193,229","146,180,167,254,211",4:253:2|4:680:2|4:9:1
ckpt_4100.pt,4,778,0.6460055708885193,0.11262673139572144,0.5210662484169006,"67,49,215,190,211","204,57,60,205,182",4:452:2|4:458:2|4:544:2
ckpt_4100.pt,4,779,0.5495840907096863,0.11937937140464783,0.46838751435279846,"12,73,60,147,95","161,156,97,87,104",4:141:2|4:487:2|4:590:2
ckpt_4100.pt,4,780,0.5503847599029541,0.11644592136144638,0.47631242871284485,"34,88,40,116,194","10,226,56,87,33",4:2:1|4:8:1|4:9:1
ckpt_4100.pt,4,781,0.5336008071899414,0.09311991930007935,0.4579881727695465,"223,107,160,73,92","70,203,123,241,8",4:68:2|4:178:2|4:666:2
ckpt_4100.pt,4,782,0.5239769816398621,0.0834525004029274,0.45470789074897766,"115,177,246,149,188","176,38,158,164,188",4:66:2|4:220:2|4:299:2
ckpt_4100.pt,4,783,0.7251653075218201,0.15596142411231995,0.626742422580719,"32,103,61,31,5","255,61,51,213,185",4:46:2|4:188:2|4:450:2
ckpt_4100.pt,4,784,0.5948429107666016,0.14648321270942688,0.5051732659339905,"178,61,241,186,153","119,238,108,147,48",4:261:2|4:429:2|4:555:2
ckpt_4100.pt,4,785,0.545863687992096,0.09923691302537918,0.48270314931869507,"131,73,36,219,58","158,69,3,187,16",4:904:3|4:83:2|4:133:2
ckpt_4100.pt,4,786,0.5135096311569214,0.11865489184856415,0.46164414286613464,"175,70,111,83,246","245,202,51,57,134",4:17:1|4:22:1|4:25:1
ckpt_4100.pt,4,787,0.5284358859062195,0.09718745201826096,0.47134482860565186,"174,44,215,219,91","245,199,212,73,13",4:452:2|4:712:2|4:27:1
ckpt_4100.pt,4,788,0.4930437505245209,0.08125729858875275,0.40185466408729553,"114,18,128,53,123","213,241,171,148,177",4:593:2|4:721:2|4:8:1
ckpt_4100.pt,4,789,0.5487300157546997,0.10145065933465958,0.44262656569480896,"7,200,103,255,223","233,232,59,212,63",4:121:2|4:290:2|4:557:2
ckpt_4100.pt,4,790,0.6068812012672424,0.13244912028312683,0.46207955479621887,"235,31,80,220,9","194,66,91,216,115",4:355:2|4:394:2|4:435:2
ckpt_4100.pt,4,791,0.571372389793396,0.1029711440205574,0.4565710127353668,"1,223,66,94,133","146,223,41,6,81",4:143:2|4:737:2|4:13:1
ckpt_4100.pt,4,792,0.490389347076416,0.10048046708106995,0.4137071967124939,"99,15,29,204,3","62,15,24,147,97",4:144:2|4:285:2|4:468:2
ckpt_4100.pt,4,793,0.5108475089073181,0.09045065939426422,0.40620672702789307,"162,53,188,41,217","28,226,121,54,189",4:577:2|4:616:2|4:853:2
ckpt_4100.pt,4,794,0.5628683567047119,0.1352313905954361,0.5055676102638245,"236,134,150,129,175","215,158,51,78,30",4:10:2|4:12:2|4:168:2
ckpt_4100.pt,4,795,0.4926675260066986,0.11950073391199112,0.43586844205856323,"129,65,151,247,224","39,91,151,12,58",4:203:2|4:940:2|4:10:1
ckpt_4100.pt,4,796,0.60239577293396,0.10826939344406128,0.4898086190223694,"229,187,49,224,42","196,52,254,160,74",4:545:2|4:1:1|4:8:1
ckpt_4100.pt,4,797,0.5787829160690308,0.09759948402643204,0.4857034683227539,"92,186,161,97,89","43,135,73,79,217",4:97:2|4:229:2|4:483:2
ckpt_4100.pt,4,798,0.5102019309997559,0.09470127522945404,0.4201854467391968,"242,80,132,210,113","67,174,154,201,180",4:71:2|4:326:2|4:394:2
ckpt_4100.pt,4,799,0.46812042593955994,0.08518317341804504,0.41054171323776245,"107,50,177,232,175","81,217,34,189,79",4:939:2|4:12:1|4:46:1
ckpt_4100.pt,4,800,0.5689486265182495,0.13811887800693512,0.4483492076396942,"123,16,90,5,162","64,219,58,130,165",4:105:2|4:136:2|4:203:2
ckpt_4100.pt,4,801,0.5723939538002014,0.1365571916103363,0.4321502447128296,"132,216,25,191,254","117,27,70,141,255",4:82:2|4:236:2|4:391:2
ckpt_4100.pt,4,802,0.5808958411216736,0.09906058758497238,0.4569561779499054,"156,11,39,97,42","85,211,24,135,157",4:331:2|4:741:2|4:752:2
ckpt_4100.pt,4,803,0.475202351808548,0.08356207609176636,0.4210347831249237,"65,3,124,46,24","245,156,56,132,109",4:118:2|4:132:2|4:730:2
ckpt_4100.pt,4,804,0.5457794070243835,0.1176382303237915,0.46534478664398193,"191,169,4,99,18","110,206,49,210,0",4:50:2|4:442:2|4:563:2
ckpt_4100.pt,4,805,0.5006188154220581,0.08581747859716415,0.441616028547287,"57,211,73,188,84","37,244,26,175,108",4:407:2|4:596:2|4:621:2
ckpt_4100.pt,4,806,0.6478758454322815,0.13277098536491394,0.49501487612724304,"211,130,117,190,121","173,64,20,209,216",4:270:2|4:337:2|4:778:2
ckpt_4100.pt,4,807,0.5208196043968201,0.1009494736790657,0.41876623034477234,"123,209,240,110,33","228,45,43,168,211",4:327:2|4:463:2|4:676:2
ckpt_4100.pt,4,808,0.5529385805130005,0.11040226370096207,0.4851233661174774,"245,1,68,168,35","122,27,48,127,231",4:232:2|4:437:2|4:479:2
ckpt_4100.pt,4,809,0.5311965346336365,0.1182929277420044,0.4385152757167816,"100,107,197,156,163","51,7,88,35,105",4:367:2|4:433:2|4:12:1
ckpt_4100.pt,4,810,0.5903047919273376,0.10307927429676056,0.46637293696403503,"47,241,235,140,18","232,28,134,209,76",4:460:2|4:995:2|4:8:1
ckpt_4100.pt,4,811,0.5661962628364563,0.1105007752776146,0.48840513825416565,"121,155,2,143,218","241,197,217,179,228",4:11:1|4:13:1|4:51:1
ckpt_4100.pt,4,812,0.5326497554779053,0.08709421753883362,0.4658617079257965,"135,74,155,27,190","49,144,208,216,129",4:172:2|4:829:2|4:881:2
ckpt_4100.pt,4,813,0.5729281902313232,0.10373234003782272,0.4645005762577057,"138,35,40,223,75","164,55,29,50,192",4:517:2|4:643:2|4:830:2
ckpt_4100.pt,4,814,0.5201571583747864,0.08833526074886322,0.4244910776615143,"184,221,34,143,180","253,56,13,172,178",4:870:2|4:935:2|4:7:1
ckpt_4100.pt,4,815,0.5357243418693542,0.10362125933170319,0.4594455063343048,"243,101,43,125,186","92,219,43,10,131",4:480:2|4:609:2|4:5:1
ckpt_4100.pt,4,816,0.4978589117527008,0.0864095613360405,0.4219667315483093,"123,33,8,30,156","75,83,160,33,76",4:85:2|4:401:2|4:807:2
ckpt_4100.pt,4,817,0.4640907347202301,0.07288751751184464,0.39966845512390137,"160,80,254,29,208","63,133,44,54,129",4:975:2|4:5:1|4:6:1
ckpt_4100.pt,4,818,0.568416953086853,0.11749718338251114,0.4632556438446045,"63,201,23,89,10","73,62,179,157,147",4:61:2|4:62:2|4:443:2
ckpt_4100.pt,4,819,0.5698667168617249,0.08717381209135056,0.49744823575019836,"119,58,107,147,167","29,203,126,230,102",4:69:2|4:211:2|4:445:2
ckpt_4100.pt,4,820,0.49106892943382263,0.09703030437231064,0.43871524930000305,"104,194,190,93,237","124,171,88,239,70",4:2:3|4:146:2|4:469:2
ckpt_4100.pt,4,821,0.5702158212661743,0.11852384358644485,0.46888458728790283,"32,150,242,119,219","226,60,67,238,54",4:177:2|4:262:2|4:589:2
ckpt_4100.pt,4,822,0.5324081778526306,0.09408640116453171,0.4343477487564087,"26,176,125,201,179","121,234,161,190,56",4:256:2|4:374:2|4:18:1
ckpt_4100.pt,4,823,0.569250762462616,0.109419085085392,0.482317715883255,"194,36,106,132,142","179,206,145,124,171",4:12:2|4:161:2|4:932:2
ckpt_4100.pt,4,824,0.4966333508491516,0.09229463338851929,0.4452519714832306,"168,217,173,160,125","188,12,129,220,249",4:637:3|4:15:2|4:115:2
ckpt_4100.pt,4,825,0.5298448204994202,0.10482516139745712,0.4303952753543854,"199,49,82,176,76","168,170,129,204,227",4:256:2|4:364:2|4:448:2
ckpt_4100.pt,4,826,0.5192790031433105,0.10674857348203659,0.4525632858276367,"27,120,49,44,20","121,144,74,0,3",4:21:2|4:35:2|4:246:2
ckpt_4100.pt,4,827,0.5332857370376587,0.09469680488109589,0.4688766300678253,"67,180,215,154,231","4,160,95,240,169",4:39:2|4:154:2|4:458:2
ckpt_4100.pt,4,828,0.5423921942710876,0.09347209334373474,0.47287753224372864,"137,213,43,142,80","133,148,122,97,185",4:87:2|4:603:2|4:652:2
ckpt_4100.pt,4,829,0.5350208282470703,0.1200723648071289,0.46627989411354065,"177,190,59,14,74","221,181,40,189,172",4:52:2|4:812:2|4:2:1
ckpt_4100.pt,4,830,0.4635688066482544,0.08288855105638504,0.3647811710834503,"138,38,35,8,28","155,184,165,6,231",4:176:2|4:556:2|4:813:2
ckpt_4100.pt,4,831,0.5711233019828796,0.10732883214950562,0.46930867433547974,"99,26,64,162,208","96,250,65,138,69",4:109:2|4:18:1|4:36:1
ckpt_4100.pt,4,832,0.5392637848854065,0.10574325174093246,0.4551173150539398,"78,24,168,124,87","236,173,243,205,200",4:55:2|4:132:2|4:340:2
ckpt_4100.pt,4,833,0.4907835125923157,0.09062569588422775,0.4127880036830902,"99,234,160,195,59","222,232,50,89,101",4:6:2|4:101:2|4:281:2
ckpt_4100.pt,4,834,0.5400984287261963,0.09023880213499069,0.45632749795913696,"193,221,60,99,35","113,170,188,25,49",4:212:2|4:381:2|4:935:2
ckpt_4100.pt,4,835,0.6620956659317017,0.15140342712402344,0.5180345177650452,"243,40,28,154,160","123,246,222,250,159",4:145:2|4:594:2|4:609:2
ckpt_4100.pt,4,836,0.5607907772064209,0.1312548816204071,0.4478810131549835,"182,11,183,134,73","17,99,246,142,223",4:38:2|4:178:2|4:237:2
ckpt_4100.pt,4,837,0.4832722246646881,0.09252724796533585,0.4355436861515045,"254,177,93,35,19","11,222,30,239,116",4:14:1|4:33:1|4:93:1
ckpt_4100.pt,4,838,0.5002428293228149,0.09346529841423035,0.41770926117897034,"167,78,101,91,79","59,82,7,150,227",4:69:2|4:333:2|4:490:2
ckpt_4100.pt,4,839,0.5480281114578247,0.09706510603427887,0.4489416778087616,"167,104,254,242,226","13,135,115,47,60",4:33:2|4:216:2|4:357:2
ckpt_4100.pt,4,840,0.5636246204376221,0.11896556615829468,0.47386422753334045,"36,150,149,55,34","113,207,156,221,96",4:472:2|4:640:2|4:10:1
ckpt_4100.pt,4,841,0.5443998575210571,0.12902681529521942,0.48939988017082214,"119,101,12,193,110","33,248,156,123,105",4:76:2|4:591:2|4:1006:2
ckpt_4100.pt,4,842,0.5898789763450623,0.12010981887578964,0.485007643699646,"224,242,46,156,220","76,223,230,193,160",4:622:2|4:738:2|4:849:2
ckpt_4100.pt,4,843,0.5989755988121033,0.11287184059619904,0.45709508657455444,"226,247,142,197,128","234,100,183,59,23",4:101:2|4:972:2|4:28:1
ckpt_4100.pt,4,844,0.4899801015853882,0.08974239975214005,0.3954487144947052,"5,252,182,149,217","24,255,83,39,134",4:398:2|4:601:2|4:2:1
ckpt_4100.pt,4,845,0.5833824872970581,0.12338053435087204,0.46995237469673157,"86,236,56,52,49","46,99,221,170,202",4:166:2|4:181:2|4:544:2
ckpt_4100.pt,4,846,0.5726140737533569,0.12436497211456299,0.45681390166282654,"42,25,105,59,246","182,181,127,197,206",4:70:2|4:519:2|4:639:2
ckpt_4100.pt,4,847,0.5409712195396423,0.10767826437950134,0.4334004819393158,"97,83,78,253,133","196,81,58,201,195",4:193:2|4:890:2|4:931:2
ckpt_4100.pt,4,848,0.5292158126831055,0.11287358403205872,0.4614534378051758,"255,124,211,85,3","211,11,91,88,179",4:290:2|4:687:2|4:803:2
ckpt_4100.pt,4,849,0.6286529302597046,0.12385468930006027,0.48921364545822144,"156,196,31,78,242","228,85,50,187,194",4:102:2|4:335:2|4:421:2
ckpt_4100.pt,4,850,0.5461445450782776,0.10744426399469376,0.444149911403656,"33,9,236,35,150","153,249,19,126,95",4:26:2|4:372:2|4:794:2
ckpt_4100.pt,4,851,0.5358720421791077,0.10474079102277756,0.4561615586280823,"163,204,52,224,90","244,237,109,87,209",4:21:2|4:116:2|4:219:2
ckpt_4100.pt,4,852,0.49493828415870667,0.09907672554254532,0.43013083934783936,"91,119,177,11,29","35,136,23,168,180",4:351:2|4:5:1|4:19:1
ckpt_4100.pt,4,853,0.6050296425819397,0.12135789543390274,0.5014148354530334,"70,217,195,36,162","25,216,227,215,218",4:2:2|4:169:2|4:459:2
ckpt_4100.pt,4,854,0.51121985912323,0.0981728732585907,0.4592558741569519,"164,135,106,47,184","197,109,35,173,149",4:726:2|4:774:2|4:7:1
ckpt_4100.pt,4,855,0.6678534746170044,0.11803627014160156,0.5175781846046448,"250,224,226,22,179","129,156,146,40,199",4:218:2|4:264:2|4:493:2
ckpt_4100.pt,4,856,0.5857201218605042,0.10933831334114075,0.47667357325553894,"195,242,217,74,126","24,76,181,51,245",4:2:2|4:3:2|4:117:2
ckpt_4100.pt,4,857,0.5439611077308655,0.08463972061872482,0.45343679189682007,"99,73,101,10,108","204,184,38,17,48",4:76:2|4:381:2|4:563:2
ckpt_4100.pt,4,858,0.474894255399704,0.07913777232170105,0.4102952182292938,"223,214,125,238,46","241,217,33,3,185",4:620:2|4:30:1|4:63:1
ckpt_4100.pt,4,859,0.5846839547157288,0.12891632318496704,0.5220146179199219,"175,28,35,161,57","21,39,73,247,11",4:97:2|4:111:2|4:478:2
ckpt_4100.pt,4,860,0.5113741755485535,0.09478877484798431,0.43497568368911743,"97,143,77,79,249","75,183,106,188,199",4:504:2|4:0:1|4:58:1
ckpt_4100.pt,4,861,0.501407265663147,0.07656005024909973,0.4170615077018738,"47,119,123,143,129","238,160,213,120,190",4:460:2|4:1006:2|4:10:1
ckpt_4100.pt,4,862,0.5425080060958862,0.09983735531568527,0.4312695860862732,"131,46,87,20,6","12,32,57,99,165",4:0:1|4:1:1|4:4:1
ckpt_4100.pt,4,863,0.5743257403373718,0.09911921620368958,0.47141745686531067,"174,51,157,240,85","195,157,34,247,50",4:697:2|4:22:1|4:72:1
ckpt_4100.pt,4,864,0.47211897373199463,0.09451496601104736,0.41116657853126526,"5,41,142,136,214","30,190,151,237,204",4:269:2|4:10:1|4:45:1
ckpt_4100.pt,4,865,0.5103824138641357,0.10310646891593933,0.44185811281204224,"216,83,61,237,49","124,208,12,59,183",4:81:2|4:181:2|4:301:2
ckpt_4100.pt,4,866,0.5729065537452698,0.09995245188474655,0.476713627576828,"206,220,231,161,209","41,147,254,90,153",4:179:2|4:735:2|4:29:1
ckpt_4100.pt,4,867,0.5342865586280823,0.08382831513881683,0.45240044593811035,"23,155,216,227,141","101,68,98,71,17",4:256:2|4:8:1|4:25:1
ckpt_4100.pt,4,868,0.6121283173561096,0.1150159165263176,0.4470362365245819,"167,53,175,52,153","185,253,238,139,111",4:129:2|4:267:2|4:271:2
ckpt_4100.pt,4,869,0.6541376113891602,0.13333263993263245,0.5304214954376221,"168,36,56,21,42","76,121,55,17,78",4:115:2|4:274:2|4:439:2
ckpt_4100.pt,4,870,0.4845093786716461,0.08454367518424988,0.4391081631183624,"184,221,241,173,137","185,37,207,155,7",4:935:3|4:429:2|4:582:2
ckpt_4100.pt,4,871,0.5298054218292236,0.09363600611686707,0.4907941222190857,"28,136,54,84,87","136,2,71,12,167",4:643:2|4:967:2|4:4:1
ckpt_4100.pt,4,872,0.5609111785888672,0.10086606442928314,0.501795768737793,"225,194,52,27,25","54,18,29,113,154",4:277:2|4:525:2|4:658:2
ckpt_4100.pt,4,873,0.5273277163505554,0.08438658714294434,0.4606739282608032,"217,93,220,87,197","75,64,139,110,173",4:155:2|4:288:2|4:2:1
ckpt_4100.pt,4,874,0.6317444443702698,0.11182095855474472,0.4711161255836487,"190,9,212,215,53","57,65,68,169,151",4:778:2|4:2:1|4:13:1
ckpt_4100.pt,4,875,0.5042635202407837,0.09393205493688583,0.44469884037971497,"214,162,45,39,93","125,2,207,86,237",4:752:2|4:20:1|4:63:1
ckpt_4100.pt,4,876,0.6577936410903931,0.11557716876268387,0.5241943597793579,"29,82,179,109,58","154,65,172,66,177",4:324:2|4:1:1|4:5:1
ckpt_4100.pt,4,877,0.48875612020492554,0.0775846317410469,0.40122348070144653,"182,103,139,241,50","74,17,84,120,211",4:231:2|4:677:2|4:11:1
ckpt_4100.pt,4,878,0.4921853244304657,0.11455520242452621,0.43296459317207336,"200,252,98,70,128","33,187,58,84,13",4:99:2|4:362:2|4:9:1
ckpt_4100.pt,4,879,0.5387495160102844,0.11022049933671951,0.5057723522186279,"32,108,172,185,15","227,232,23,150,21",4:41:2|4:393:2|4:403:2
ckpt_4100.pt,4,880,0.5783555507659912,0.0991700068116188,0.48061054944992065,"95,206,65,236,18","41,105,169,188,57",4:110:2|4:672:2|4:8:1
ckpt_4100.pt,4,881,0.6268020868301392,0.13536594808101654,0.486331045627594,"27,74,60,7,173","199,138,125,161,95",4:812:2|4:896:2|4:3:1
ckpt_4100.pt,4,882,0.4934583902359009,0.08621670305728912,0.4078456163406372,"254,131,97,129,239","107,59,82,114,51",4:88:2|4:143:2|4:193:2
ckpt_4100.pt,4,883,0.5834144949913025,0.12119556218385696,0.4423777461051941,"244,140,237,150,239","11,42,15,1,37",4:62:2|4:301:2|4:460:2
ckpt_4100.pt,4,884,0.6409833431243896,0.11409425735473633,0.5395950675010681,"108,58,13,61,123","12,8,181,60,6",4:59:2|4:96:2|4:155:2
ckpt_4100.pt,4,885,0.550011396408081,0.11778877675533295,0.4526783525943756,"26,133,155,56,47","75,47,42,189,28",4:107:2|4:396:2|4:13:1
ckpt_4100.pt,4,886,0.6251081824302673,0.12317296117544174,0.5178067684173584,"191,211,84,14,118","72,36,112,23,25",4:80:2|4:273:2|4:294:2
ckpt_4100.pt,4,887,0.5221294164657593,0.09622612595558167,0.43430396914482117,"129,120,188,233,107","113,28,180,248,50",4:12:2|4:10:1|4:18:1
ckpt_4100.pt,4,888,0.5602879524230957,0.12051233649253845,0.4242653250694275,"41,242,219,179,157","195,74,222,99,80",4:302:2|4:318:2|4:324:2
ckpt_4100.pt,4,889,0.5387808084487915,0.09347685426473618,0.4652732312679291,"35,114,142,69,62","18,198,160,172,213",4:28:2|4:419:2|4:40:1
ckpt_4100.pt,4,890,0.5926102995872498,0.12314508110284805,0.4841722548007965,"181,139,97,253,89","190,169,110,207,67",4:479:2|4:762:2|4:797:2
ckpt_4100.pt,4,891,0.576817512512207,0.11176390200853348,0.4737410545349121,"133,131,195,102,119","35,115,5,187,157",4:169:2|4:427:2|4:453:2
ckpt_4100.pt,4,892,0.5733897686004639,0.12314587086439133,0.49331408739089966,"85,248,81,155,110","112,185,206,250,203",4:244:2|4:755:2|4:0:1
ckpt_4100.pt,4,893,0.5976816415786743,0.11111725121736526,0.5654112696647644,"224,199,124,239,183","118,42,221,222,166",4:19:2|4:272:2|4:500:2
ckpt_4100.pt,4,894,0.612949550151825,0.11719859391450882,0.4840194582939148,"94,100,84,233,48","199,37,146,166,7",4:190:2|4:255:2|4:455:2
ckpt_4100.pt,4,895,0.4770405888557434,0.09165210276842117,0.39921414852142334,"57,201,43,96,191","213,124,40,186,26",4:280:2|4:462:2|4:6:1
ckpt_4100.pt,4,896,0.5458881258964539,0.10148440301418304,0.44200459122657776,"171,208,13,27,173","155,9,106,233,213",4:227:2|4:366:2|4:583:2
ckpt_4100.pt,4,897,0.5296845436096191,0.08253975212574005,0.4496685862541199,"40,38,67,105,181","202,210,143,227,68",4:290:2|4:8:1|4:20:1
ckpt_4100.pt,4,898,0.5499540567398071,0.09836501628160477,0.4362742602825165,"21,246,65,222,209","200,83,26,9,204",4:297:2|4:730:2|4:17:1
ckpt_4100.pt,4,899,0.5731908082962036,0.10904751718044281,0.4872658848762512,"79,156,171,255,65","224,172,184,157,32",4:644:2|4:922:2|4:9:1
ckpt_4100.pt,4,900,0.5521703958511353,0.08730560541152954,0.4424439072608948,"68,210,230,26,159","210,212,235,152,99",4:106:2|4:127:2|4:661:2
ckpt_4100.pt,4,901,0.5518144965171814,0.10470246523618698,0.47868308424949646,"21,80,216,4,180","11,171,79,34,48",4:289:2|4:291:2|4:35:1
ckpt_4100.pt,4,902,0.48989832401275635,0.10613828897476196,0.4207741618156433,"98,101,38,158,152","121,182,173,219,151",4:69:2|4:323:2|4:986:2
ckpt_4100.pt,4,903,0.5548059344291687,0.12205814570188522,0.4757060706615448,"34,45,247,2,31","128,124,194,129,153",4:675:2|4:0:1|4:20:1
ckpt_4100.pt,4,904,0.5096082091331482,0.08370918780565262,0.4150078296661377,"36,58,231,73,213","181,120,91,188,213",4:785:3|4:38:2|4:57:2
ckpt_4100.pt,4,905,0.5675575733184814,0.09084494411945343,0.4795514643192291,"207,33,187,1,178","128,176,66,199,225",4:50:2|4:139:2|4:387:2
ckpt_4100.pt,4,906,0.6092631220817566,0.10162997990846634,0.4847092926502228,"73,177,221,32,163","189,227,166,113,159",4:100:3|4:60:2|4:342:2
ckpt_4100.pt,4,907,0.557648241519928,0.11929240822792053,0.48713353276252747,"241,42,112,147,248","201,7,225,18,32",4:553:2|4:724:2|4:1014:2
ckpt_4100.pt,4,908,0.47604280710220337,0.06964202225208282,0.3718428909778595,"109,90,37,227,158","138,150,186,250,54",4:25:2|4:369:2|4:449:2
ckpt_4100.pt,4,909,0.5934606194496155,0.11180645227432251,0.4974680244922638,"52,241,170,3,51","222,167,120,142,250",4:673:2|4:17:1|4:38:1
ckpt_4100.pt,4,910,0.5782023668289185,0.12976472079753876,0.46438902616500854,"31,164,50,172,88","138,200,120,150,136",4:44:2|4:46:2|4:549:2
ckpt_4100.pt,4,911,0.5235497355461121,0.09653815627098083,0.45736539363861084,"255,212,229,228,154","206,204,112,168,235",4:383:2|4:417:2|4:559:2
ckpt_4100.pt,4,912,0.575108528137207,0.10184000432491302,0.4532765746116638,"102,79,238,33,133","156,223,60,142,21",4:580:2|4:891:2|4:13:1
ckpt_4100.pt,4,913,0.5563223361968994,0.1098957359790802,0.4560556411743164,"82,78,167,115,226","78,191,225,103,227",4:1:2|4:216:2|4:220:2
ckpt_4100.pt,4,914,0.5019713044166565,0.08805037289857864,0.4693742096424103,"181,43,248,247,139","34,97,105,179,194",4:754:2|4:890:2|4:1016:2
ckpt_4100.pt,4,915,0.5397320985794067,0.1104464903473854,0.4439548850059509,"95,94,141,209,149","119,226,40,247,229",4:84:2|4:141:2|4:679:2
ckpt_4100.pt,4,916,0.5283581614494324,0.09536495059728622,0.45626476407051086,"18,23,120,20,161","120,74,127,117,179",4:116:2|4:121:2|4:246:2
ckpt_4100.pt,4,917,0.5217655897140503,0.0829085186123848,0.46557173132896423,"168,15,55,32,156","84,11,111,242,5",4:98:2|4:115:2|4:370:2
ckpt_4100.pt,4,918,0.5934266448020935,0.10600511729717255,0.49416762590408325,"194,219,122,146,227","248,227,196,64,78",4:625:2|4:2:1|4:6:1
ckpt_4100.pt,4,919,0.5576291084289551,0.09151563793420792,0.4604370892047882,"100,154,198,140,89","173,27,153,193,194",4:413:2|4:566:2|4:998:2
ckpt_4100.pt,4,920,0.6127095818519592,0.10282450169324875,0.5109977722167969,"215,163,49,72,184","84,113,106,223,74",4:150:2|4:350:2|4:452:2
ckpt_4100.pt,4,921,0.5420694351196289,0.10218566656112671,0.44575750827789307,"110,162,53,226,108","52,119,89,57,116",4:101:2|4:463:2|4:793:2
ckpt_4100.pt,4,922,0.5562975406646729,0.1012101024389267,0.4699885845184326,"111,67,190,255,65","87,101,204,26,96",4:290:2|4:778:2|4:899:2
ckpt_4100.pt,4,923,0.4999634921550751,0.08398611098527908,0.4194556176662445,"118,133,116,171,143","86,91,217,133,101",4:307:2|4:665:2|4:9:1
ckpt_4100.pt,4,924,0.5500383377075195,0.10474207252264023,0.45706769824028015,"86,24,183,222,103","177,238,226,171,236",4:388:2|4:668:2|4:930:2
ckpt_4100.pt,4,925,0.6314905285835266,0.10999298095703125,0.49945491552352905,"136,166,26,109,143","30,25,202,210,99",4:16:1|4:25:1|4:42:1
ckpt_4100.pt,4,926,0.5129000544548035,0.09911064803600311,0.4519549608230591,"176,74,47,13,49","74,241,154,112,212",4:825:2|4:961:2|4:3:1
ckpt_4100.pt,4,927,0.5894309878349304,0.12920793890953064,0.5027621984481812,"252,167,196,119,65","16,143,249,74,200",4:177:2|4:422:2|4:819:2
ckpt_4100.pt,4,928,0.5455414652824402,0.08970295637845993,0.43061116337776184,"184,185,199,237,196","96,164,131,87,120",4:201:2|4:470:2|4:7:1
ckpt_4100.pt,4,929,0.49441757798194885,0.09201553463935852,0.42446669936180115,"158,22,143,131,105","91,106,111,246,200",4:92:2|4:308:2|4:467:2
ckpt_4100.pt,4,930,0.523642897605896,0.11661651730537415,0.4649389982223511,"155,127,183,114,222","67,56,208,204,29",4:206:2|4:924:2|4:16:1
ckpt_4100.pt,4,931,0.5049014687538147,0.07995456457138062,0.46062400937080383,"182,83,254,117,133","233,1,225,91,10",4:249:2|4:446:2|4:588:2
ckpt_4100.pt,4,932,0.5694065690040588,0.10475081205368042,0.4795709252357483,"154,196,106,132,35","238,113,102,252,148",4:185:2|4:226:2|4:236:2
ckpt_4100.pt,4,933,0.5662325024604797,0.10512164980173111,0.48012953996658325,"51,154,147,56,86","160,139,146,248,89",4:274:2|4:414:2|4:845:2
ckpt_4100.pt,4,934,0.5357171297073364,0.09597959369421005,0.42746755480766296,"126,122,241,228,168","151,253,208,122,129",4:246:2|4:441:2|4:757:2
ckpt_4100.pt,4,935,0.5592254996299744,0.11775392293930054,0.45206791162490845,"99,221,184,228,173","241,124,178,98,6",4:870:3|4:305:2|4:381:2
ckpt_4100.pt,4,936,0.5433813333511353,0.09075971692800522,0.4453834891319275,"44,52,242,36,175","60,122,157,244,247",4:738:2|4:868:2|4:12:1
ckpt_4100.pt,4,937,0.548801064491272,0.09629632532596588,0.47271421551704407,"74,105,223,219,43","193,177,208,134,206",4:344:2|4:656:2|4:683:2
ckpt_4100.pt,4,938,0.6186304688453674,0.12158288806676865,0.5028166770935059,"46,54,205,127,64","139,109,201,240,216",4:72:2|4:206:2|4:986:2
ckpt_4100.pt,4,939,0.5024715662002563,0.10436296463012695,0.41346225142478943,"232,163,23,175,68","187,87,155,145,227",4:116:2|4:128:2|4:187:2
ckpt_4100.pt,4,940,0.5165435671806335,0.10468778759241104,0.4171180725097656,"202,224,65,167,149","55,221,222,49,175",4:488:2|4:599:2|4:662:2
ckpt_4100.pt,4,941,0.5627238750457764,0.1138773187994957,0.43798956274986267,"190,101,82,204,163","70,221,76,166,120",4:61:2|4:300:2|4:320:2
ckpt_4100.pt,4,942,0.4918190538883209,0.1082983985543251,0.42693185806274414,"144,84,52,13,142","222,57,223,86,22",4:334:2|4:4:1|4:13:1
ckpt_4100.pt,4,943,0.5418741703033447,0.10534323006868362,0.4823000133037567,"237,251,36,236,232","194,131,78,187,246",4:12:2|4:161:2|4:166:2
ckpt_4100.pt,4,944,0.5438098907470703,0.11629875004291534,0.45488280057907104,"66,68,131,164,70","158,195,66,33,196",4:336:2|4:635:2|4:31:1
ckpt_4100.pt,4,945,0.4733322262763977,0.07970389723777771,0.43093687295913696,"20,179,35,36,156","134,172,184,48,120",4:18:2|4:233:2|4:410:2
ckpt_4100.pt,4,946,0.5049891471862793,0.11252247542142868,0.4559940993785858,"147,165,59,99,218","26,168,220,142,133",4:36:2|4:281:2|4:420:2
ckpt_4100.pt,4,947,0.4470362067222595,0.07842981070280075,0.39813050627708435,"82,196,50,159,151","125,192,140,117,90",4:322:2|4:422:2|4:477:2
ckpt_4100.pt,4,948,0.6067676544189453,0.13708455860614777,0.48646900057792664,"43,102,245,199,11","194,96,180,46,151",4:556:2|4:686:2|4:11:1
ckpt_4100.pt,4,949,0.5191986560821533,0.09003419429063797,0.43513724207878113,"94,161,163,252,16","188,92,21,45,42",4:362:2|4:21:1|4:30:1
ckpt_4100.pt,4,950,0.538428783416748,0.0967889204621315,0.4813374876976013,"24,186,94,171,22","174,160,33,222,91",4:54:2|4:583:2|4:9:1
ckpt_4100.pt,4,951,0.5688233971595764,0.09137235581874847,0.5071316361427307,"114,17,107,185,101","21,17,237,14,9",4:69:2|4:79:2|4:333:2
ckpt_4100.pt,4,952,0.5642332434654236,0.11735190451145172,0.4386923313140869,"20,30,139,155,196","34,175,142,163,153",4:314:2|4:450:2|4:727:2
ckpt_4100.pt,4,953,0.48288074135780334,0.09809274971485138,0.40442442893981934,"161,66,110,104,141","214,5,230,200,61",4:2:1|4:4:1|4:31:1
ckpt_4100.pt,4,954,0.5951530933380127,0.1263263076543808,0.49348723888397217,"60,140,142,109,119","172,247,113,143,89",4:74:2|4:460:2|4:770:2
ckpt_4100.pt,4,955,0.5206387042999268,0.09894891828298569,0.4298071563243866,"23,47,109,195,234","138,77,45,153,174",4:107:2|4:147:2|4:393:2
ckpt_4100.pt,4,956,0.42342260479927063,0.07610155642032623,0.4064910113811493,"244,12,10,0,166","146,87,145,76,244",4:533:2|4:6:1|4:16:1
ckpt_4100.pt,4,957,0.5664917230606079,0.10950411856174469,0.4608480930328369,"222,107,207,122,49","159,55,125,224,78",4:183:2|4:8:1|4:12:1
ckpt_4100.pt,4,958,0.49929773807525635,0.09436200559139252,0.4208456575870514,"190,198,38,229,113","177,185,82,143,85",4:2:1|4:4:1|4:21:1
ckpt_4100.pt,4,959,0.5193731784820557,0.0892547070980072,0.45504602789878845,"80,72,109,75,204","70,111,233,158,133",4:276:2|4:512:2|4:652:2
ckpt_4100.pt,4,960,0.580777645111084,0.12056750059127808,0.47423842549324036,"165,182,135,87,235","127,125,187,197,233",4:139:2|4:159:2|4:597:2
ckpt_4100.pt,4,961,0.5253196954727173,0.10752695053815842,0.43919825553894043,"13,154,112,47,227","94,25,210,80,124",4:54:3|4:152:2|4:318:2
ckpt_4100.pt,4,962,0.556784451007843,0.10284064710140228,0.4488210678100586,"36,26,116,21,236","4,244,109,245,127",4:12:2|4:67:2|4:127:2
ckpt_4100.pt,4,963,0.5388129949569702,0.10200291872024536,0.4518582224845886,"29,5,250,195,13","21,228,13,204,22",4:366:2|4:2:1|4:5:1
ckpt_4100.pt,4,964,0.5675272941589355,0.09802539646625519,0.49976348876953125,"27,116,6,195,28","44,27,96,94,190",4:176:2|4:976:2|4:2:1
ckpt_4100.pt,4,965,0.5238287448883057,0.09143642336130142,0.45014241337776184,"101,205,84,214,163","151,9,8,109,42",4:240:3|4:187:2|4:333:2
ckpt_4100.pt,4,966,0.5387145280838013,0.10028089582920074,0.47062408924102783,"82,233,54,225,89","39,37,108,75,211",4:61:2|4:223:2|4:304:2
ckpt_4100.pt,4,967,0.5044016242027283,0.11820825934410095,0.4283807575702667,"136,87,182,27,70","26,93,254,215,100",4:139:2|4:520:2|4:871:2
ckpt_4100.pt,4,968,0.4863365590572357,0.11476115882396698,0.41799601912498474,"220,38,58,249,91","135,107,137,126,106",4:155:2|4:564:2|4:7:1
ckpt_4100.pt,4,969,0.5980952978134155,0.11166121065616608,0.5132678747177124,"113,240,156,226,185","217,248,14,252,74",4:627:2|4:18:1|4:19:1
ckpt_4100.pt,4,970,0.5408372282981873,0.09780528396368027,0.48620322346687317,"96,177,215,250,214","233,134,32,146,142",4:63:2|4:6:1|4:43:1
ckpt_4100.pt,4,971,0.5842961668968201,0.10617498308420181,0.484393447637558,"71,190,61,209,43","119,77,124,224,238",4:2:1|4:23:1|4:42:1
ckpt_4100.pt,4,972,0.518301784992218,0.09916417300701141,0.43787872791290283,"142,9,197,207,36","110,96,121,39,128",4:379:2|4:433:2|4:437:2
ckpt_4100.pt,4,973,0.5530732870101929,0.11046288162469864,0.46144112944602966,"51,105,76,112,229","181,67,156,126,229",4:113:2|4:405:2|4:595:2
ckpt_4100.pt,4,974,0.568484365940094,0.1455729454755783,0.46060124039649963,"185,204,190,148,123","25,20,131,219,122",4:126:2|4:418:2|4:725:2
ckpt_4100.pt,4,975,0.48203396797180176,0.07871433347463608,0.3993200659751892,"254,12,80,140,90","50,245,59,163,186",4:94:2|4:770:2|4:817:2
ckpt_4100.pt,4,976,0.5334656238555908,0.10065530985593796,0.4558424949645996,"28,121,183,27,231","21,20,189,15,33",4:57:2|4:77:2|4:611:2
ckpt_4100.pt,4,977,0.5252110958099365,0.09580680727958679,0.4217206537723541,"6,140,19,219,12","109,139,62,71,107",4:714:2|4:975:2|4:27:1
ckpt_4100.pt,4,978,0.5240380764007568,0.09797099232673645,0.46558570861816406,"93,149,59,164,103","39,90,233,175,157",4:400:2|4:18:1|4:36:1
ckpt_4100.pt,4,979,0.6477386951446533,0.13060690462589264,0.5354830622673035,"85,4,10,214,191","249,203,143,115,180",4:613:2|4:649:2|4:657:2
ckpt_4100.pt,4,980,0.5071783065795898,0.08970457315444946,0.43375056982040405,"75,245,21,71,230","62,32,165,58,25",4:239:2|4:348:2|4:768:2
ckpt_4100.pt,4,981,0.6279259324073792,0.11818202584981918,0.5036569833755493,"20,50,169,185,143","96,103,42,147,186",4:19:2|4:549:2|4:0:1
ckpt_4100.pt,4,982,0.5665754675865173,0.11436571925878525,0.4815599024295807,"248,52,59,101,240","12,229,238,249,170",4:659:2|4:673:2|4:754:2
ckpt_4100.pt,4,983,0.6316791772842407,0.10524775832891464,0.5019468069076538,"57,1,49,167,210","21,17,24,152,52",4:364:2|4:399:2|4:476:2
ckpt_4100.pt,4,984,0.5399893522262573,0.09505482763051987,0.4390657842159271,"137,67,183,86,122","77,188,197,254,187",4:39:2|4:924:2|4:23:1
ckpt_4100.pt,4,985,0.5948675870895386,0.101613849401474,0.4644332528114319,"176,65,30,252,39","32,253,79,141,88",4:197:2|4:927:2|4:30:1
ckpt_4100.pt,4,986,0.5175319314002991,0.11693745106458664,0.4612700939178467,"46,130,38,101,54","173,45,156,52,228",4:341:2|4:527:2|4:734:2
ckpt_4100.pt,4,987,0.5752394199371338,0.11157574504613876,0.4635128974914551,"230,55,93,114,194","186,225,158,182,41",4:661:2|4:820:2|4:2:1
ckpt_4100.pt,4,988,0.4991876780986786,0.08403082191944122,0.41649937629699707,"134,9,47,67,128","194,86,193,159,88",4:13:1|4:15:1|4:37:1
ckpt_4100.pt,4,989,0.48185446858406067,0.09408830851316452,0.41997841000556946,"2,213,139,191,125","43,105,192,206,208",4:115:2|4:148:2|4:312:2
ckpt_4100.pt,4,990,0.5635103583335876,0.09309500455856323,0.4400230944156647,"146,209,119,237,224","206,69,188,61,190",4:91:2|4:469:2|4:6:1
ckpt_4100.pt,4,991,0.5343907475471497,0.11695683002471924,0.4456219971179962,"177,204,243,206,118","245,34,114,95,58",4:192:2|4:225:2|4:522:2
ckpt_4100.pt,4,992,0.5302535891532898,0.10408149659633636,0.47522786259651184,"114,156,51,122,17","180,13,153,107,66",4:336:2|4:528:2|4:665:2
ckpt_4100.pt,4,993,0.5731878280639648,0.11167336255311966,0.44753924012184143,"7,4,187,182,67","29,12,22,26,244",4:290:2|4:508:2|4:1:1
ckpt_4100.pt,4,994,0.6350284218788147,0.129362553358078,0.5387580394744873,"84,252,25,130,234","205,243,102,77,89",4:17:2|4:129:2|4:519:2
ckpt_4100.pt,4,995,0.5592038631439209,0.1063447892665863,0.4957663118839264,"9,5,255,140,18","10,141,55,252,121",4:283:2|4:329:2|4:619:2
ckpt_4100.pt,4,996,0.5736590027809143,0.13484616577625275,0.5122523307800293,"147,140,192,52,224","235,99,192,12,54",4:670:2|4:724:2|4:851:2
ckpt_4100.pt,4,997,0.6100596189498901,0.12074360996484756,0.4873654842376709,"11,155,30,71,160","221,147,217,155,3",4:85:2|4:952:2|4:6:1
ckpt_4100.pt,4,998,0.5663254261016846,0.11229585856199265,0.4713374376296997,"126,140,41,199,154","195,17,244,143,208",4:204:2|4:318:2|4:377:2
ckpt_4100.pt,4,999,0.535841703414917,0.0927029475569725,0.4552186131477356,"127,146,41,24,166","124,27,209,83,141",4:16:2|4:118:2|4:189:2
ckpt_4100.pt,4,1000,0.5161306858062744,0.09551792591810226,0.44295769929885864,"95,247,178,122,92","88,16,151,214,236",4:23:1|4:28:1|4:33:1
ckpt_4100.pt,4,1001,0.5125400424003601,0.08967526257038116,0.4522743225097656,"186,156,0,182,145","60,17,214,28,89",4:103:2|4:416:2|4:499:2
ckpt_4100.pt,4,1002,0.5802745223045349,0.10022500157356262,0.4644758701324463,"189,246,202,14,195","28,36,216,102,76",4:2:1|4:7:1|4:17:1
ckpt_4100.pt,4,1003,0.49621808528900146,0.10102516412734985,0.4087984263896942,"24,155,58,60,198","170,139,112,197,2",4:132:2|4:208:2|4:1017:2
ckpt_4100.pt,4,1004,0.5511152744293213,0.09877909719944,0.4985494911670685,"208,188,103,85,8","134,73,38,207,104",4:739:2|4:18:1|4:36:1
ckpt_4100.pt,4,1005,0.4745587408542633,0.08809083700180054,0.4148533046245575,"227,206,154,46,33","95,244,29,234,67",4:318:2|4:961:2|4:8:1
ckpt_4100.pt,4,1006,0.49908241629600525,0.11045761406421661,0.4640215039253235,"181,231,119,110,123","13,85,211,99,166",4:327:2|4:807:2|4:841:2
ckpt_4100.pt,4,1007,0.5634892582893372,0.11413627862930298,0.4878705143928528,"124,223,243,24,80","210,92,160,52,196",4:132:2|4:238:2|4:677:2
ckpt_4100.pt,4,1008,0.4824877381324768,0.1140512153506279,0.4054255485534668,"163,152,129,86,182","141,45,243,62,21",4:187:2|4:265:2|4:350:2
ckpt_4100.pt,4,1009,0.5225403904914856,0.11137617379426956,0.49853596091270447,"205,35,138,212,101","140,248,50,232,18",4:234:2|4:813:2|4:830:2
ckpt_4100.pt,4,1010,0.5453197360038757,0.13214801251888275,0.44059517979621887,"58,34,217,63,133","198,114,69,159,75",4:640:2|4:1017:2|4:2:1
ckpt_4100.pt,4,1011,0.6127976179122925,0.10020610690116882,0.48752522468566895,"105,71,147,194,70","198,135,172,89,242",4:211:2|4:345:2|4:372:2
ckpt_4100.pt,4,1012,0.6097806096076965,0.1265028417110443,0.48963648080825806,"29,216,50,98,147","238,98,245,139,52",4:86:2|4:420:2|4:629:2
ckpt_4100.pt,4,1013,0.5098033547401428,0.08309248089790344,0.41948580741882324,"170,230,29,54,187","68,91,200,109,143",4:421:2|4:719:2|4:1:1
ckpt_4100.pt,4,1014,0.49848493933677673,0.08774004131555557,0.4269537329673767,"124,168,248,241,198","144,195,44,198,130",4:237:2|4:554:2|4:604:2
ckpt_4100.pt,4,1015,0.5176057815551758,0.08712533861398697,0.40559789538383484,"252,204,41,63,47","160,139,98,202,186",4:493:2|4:708:2|4:10:1
ckpt_4100.pt,4,1016,0.5726076364517212,0.10074305534362793,0.4952063262462616,"139,231,163,68,181","111,1,57,250,149",4:731:2|4:890:2|4:914:2
ckpt_4100.pt,4,1017,0.5713887214660645,0.11929783225059509,0.5141522884368896,"217,96,60,58,119","189,24,5,174,102",4:445:2|4:819:2|4:954:2
ckpt_4100.pt,4,1018,0.5842331647872925,0.11169777810573578,0.5143823027610779,"89,167,69,242,7","53,89,147,100,231",4:216:2|4:423:2|4:570:2
ckpt_4100.pt,4,1019,0.5533002614974976,0.10505648702383041,0.46550777554512024,"3,215,210,124,204","99,122,186,219,208",4:151:2|4:321:2|4:761:2
ckpt_4100.pt,4,1020,0.5125767588615417,0.0924348309636116,0.44218578934669495,"156,165,223,173,15","157,58,95,105,35",4:370:2|4:507:2|4:548:2
ckpt_4100.pt,4,1021,0.5215653777122498,0.08384394645690918,0.45157578587532043,"206,237,39,6,1","120,23,68,82,129",4:353:2|4:369:2|4:32:1
ckpt_4100.pt,4,1022,0.5459029078483582,0.09480001777410507,0.45867395401000977,"218,137,133,110,219","73,6,51,135,82",4:13:2|4:473:2|4:4:1
ckpt_4100.pt,4,1023,0.5660504102706909,0.11512511223554611,0.4871797263622284,"190,152,94,18,243","158,45,115,74,233",4:108:2|4:619:2|4:743:2
ckpt_4100.pt,5,0,0.5821147561073303,0.09372483193874359,0.4927692711353302,"87,108,156,92,78","153,80,63,42,190",5:3:1|5:7:1|5:13:1
ckpt_4100.pt,5,1,0.6039857268333435,0.1039385199546814,0.4742342531681061,"17,142,151,179,98","119,49,12,151,166",5:842:2|5:2:1|5:4:1
ckpt_4100.pt,5,2,0.6237876415252686,0.10665762424468994,0.5289077162742615,"179,167,112,212,12","105,11,182,112,34",5:837:2|5:979:2|5:1023:2
ckpt_4100.pt,5,3,0.5939483046531677,0.11344366520643234,0.5122395753860474,"87,191,114,182,140","250,213,144,203,244",5:936:2|5:0:1|5:7:1
ckpt_4100.pt,5,4,0.6013736128807068,0.09447148442268372,0.4613341689109802,"99,209,18,98,124","151,153,99,35,135",5:137:2|5:262:2|5:394:2
ckpt_4100.pt,5,5,0.6075384616851807,0.10940424352884293,0.5479117631912231,"3,219,96,246,53","199,81,58,130,250",5:1022:3|5:6:1|5:17:1
ckpt_4100.pt,5,6,0.5458810329437256,0.14556145668029785,0.4603838622570038,"117,119,96,14,125","6,227,228,149,115",5:570:2|5:721:2|5:5:1
ckpt_4100.pt,5,7,0.49655479192733765,0.07477844506502151,0.4379843473434448,"168,115,202,87,55","136,243,84,183,137",5:413:2|5:0:1|5:3:1
ckpt_4100.pt,5,8,0.5851038098335266,0.0972522720694542,0.5145189762115479,"162,85,70,174,224","154,165,14,76,152",5:341:2|5:449:2|5:689:2
ckpt_4100.pt,5,9,0.47474411129951477,0.08966277539730072,0.4375835359096527,"112,84,158,15,145","232,29,148,192,164",5:36:2|5:832:2|5:2:1
ckpt_4100.pt,5,10,0.6024865508079529,0.11071951687335968,0.48614946007728577,"103,113,6,123,25","226,112,93,149,24",5:50:2|5:119:2|5:926:2
ckpt_4100.pt,5,11,0.6155975461006165,0.11536044627428055,0.5099455714225769,"254,235,46,134,35","57,96,204,234,189",5:97:2|5:558:2|5:650:2
ckpt_4100.pt,5,12,0.5455157160758972,0.11265914142131805,0.5075342655181885,"248,169,79,127,106","128,120,153,131,210",5:296:2|5:793:2|5:16:1
ckpt_4100.pt,5,13,0.5660154819488525,0.10231201350688934,0.4781274199485779,"109,15,31,164,156","44,93,189,127,39",5:325:2|5:572:2|5:825:2
ckpt_4100.pt,5,14,0.6037425994873047,0.11139541864395142,0.48200756311416626,"207,89,247,43,83","80,34,247,202,117",5:693:2|5:815:2|5:16:1
ckpt_4100.pt,5,15,0.51276034116745,0.10194573551416397,0.45781320333480835,"166,98,173,168,185","86,53,116,135,240",5:268:2|5:551:2|5:1:1
ckpt_4100.pt,5,16,0.46005263924598694,0.082478366792202,0.4313381612300873,"135,134,79,112,207","191,234,163,119,248",5:40:2|5:791:2|5:2:1
ckpt_4100.pt,5,17,0.5980939865112305,0.10366342961788177,0.5401586890220642,"219,5,127,104,143","217,104,224,197,152",5:37:2|5:363:2|5:754:2
ckpt_4100.pt,5,18,0.6173399686813354,0.13553562760353088,0.5033777356147766,"182,217,34,170,56","41,189,97,223,48",5:299:2|5:349:2|5:442:2
ckpt_4100.pt,5,19,0.5727143287658691,0.1417805403470993,0.4912591576576233,"235,131,58,203,2","118,191,78,128,224",5:97:2|5:203:2|5:11:1
ckpt_4100.pt,5,20,0.5482916831970215,0.09267936646938324,0.4765338599681854,"115,117,198,52,53","28,32,45,223,67",5:557:2|5:633:2|5:5:1
ckpt_4100.pt,5,21,0.5362594127655029,0.09675848484039307,0.4854704737663269,"49,29,231,5,69","199,63,183,197,111",5:731:3|5:210:2|5:546:2
ckpt_4100.pt,5,22,0.5977902412414551,0.10231220722198486,0.5080831050872803,"200,86,196,99,136","98,67,16,202,218",5:248:2|5:470:2|5:656:2
ckpt_4100.pt,5,23,0.5764970183372498,0.11219491064548492,0.47784554958343506,"141,244,251,183,2","214,151,141,63,244",5:303:2|5:540:2|5:871:2
ckpt_4100.pt,5,24,0.6810477375984192,0.18411098420619965,0.5451149344444275,"60,217,142,161,67","36,44,255,6,157",5:307:2|5:951:2|5:1:1
ckpt_4100.pt,5,25,0.6290838122367859,0.11278864741325378,0.5368666648864746,"226,37,146,57,79","227,59,109,91,204",5:207:2|5:855:2|5:12:1
ckpt_4100.pt,5,26,0.47598227858543396,0.07223048806190491,0.42399340867996216,"42,51,99,225,109","210,231,223,247,168",5:251:2|5:822:2|5:4:1
ckpt_4100.pt,5,27,0.49314454197883606,0.09387749433517456,0.4511469006538391,"17,63,231,251,91","111,233,61,194,245",5:266:2|5:541:2|5:1:1
ckpt_4100.pt,5,28,0.6117203235626221,0.10058484226465225,0.5024484395980835,"46,95,31,173,54","86,95,55,116,148",5:590:2|5:956:2|5:11:1
ckpt_4100.pt,5,29,0.5630307793617249,0.11470396816730499,0.48278963565826416,"85,129,147,167,230","99,29,143,73,208",5:115:2|5:396:2|5:2:1
ckpt_4100.pt,5,30,0.5572031140327454,0.10772419720888138,0.45654192566871643,"98,204,43,224,57","208,202,254,151,16",5:214:2|5:551:2|5:734:2
ckpt_4100.pt,5,31,0.5713781714439392,0.09833324700593948,0.4689786434173584,"40,107,74,35,98","15,115,80,37,52",5:213:2|5:842:2|5:1:1
ckpt_4100.pt,5,32,0.5563791990280151,0.10388825833797455,0.5003056526184082,"154,51,66,179,92","155,207,127,219,67",5:319:2|5:501:2|5:510:2
ckpt_4100.pt,5,33,0.49966463446617126,0.10771967470645905,0.42789170145988464,"184,190,163,239,186","209,110,4,50,52",5:82:2|5:632:2|5:947:2
ckpt_4100.pt,5,34,0.5923612117767334,0.10050734132528305,0.5004382729530334,"253,150,154,164,130","175,30,181,0,148",5:408:2|5:668:2|5:723:2
ckpt_4100.pt,5,35,0.5309481620788574,0.11231064051389694,0.4923902153968811,"82,226,119,27,12","49,138,11,227,105",5:929:3|5:107:2|5:523:2
ckpt_4100.pt,5,36,0.5990913510322571,0.12908019125461578,0.508870005607605,"15,158,79,180,58","213,102,52,235,212",5:9:2|5:76:2|5:123:2
ckpt_4100.pt,5,37,0.4904469847679138,0.10805543512105942,0.4374139606952667,"143,186,104,233,99","89,1,3,248,167",5:17:2|5:115:2|5:4:1
ckpt_4100.pt,5,38,0.5425301790237427,0.11179854720830917,0.4712386131286621,"253,132,245,227,129","17,63,123,224,233",5:70:2|5:554:2|5:959:2
ckpt_4100.pt,5,39,0.6171730756759644,0.14358986914157867,0.5627813935279846,"148,252,229,60,213","38,48,134,159,116",5:55:2|5:131:2|5:878:2
ckpt_4100.pt,5,40,0.602505087852478,0.10268591344356537,0.5027418732643127,"96,157,135,155,79","89,80,78,187,87",5:16:2|5:56:2|5:169:2
ckpt_4100.pt,5,41,0.5899887681007385,0.10851151496171951,0.5410261154174805,"174,96,72,178,210","92,230,176,181,17",5:159:2|5:826:2|5:831:2
ckpt_4100.pt,5,42,0.5533113479614258,0.09301049262285233,0.506202757358551,"9,242,235,103,18","248,238,136,201,197",5:194:2|5:4:1|5:10:1
ckpt_4100.pt,5,43,0.49183622002601624,0.09195015579462051,0.47766417264938354,"194,195,18,203,133","37,93,56,215,99",5:188:2|5:446:2|5:527:2
ckpt_4100.pt,5,44,0.6952556371688843,0.12181238830089569,0.5424314737319946,"222,248,181,136,89","94,92,228,37,122",5:76:2|5:522:2|5:816:2
ckpt_4100.pt,5,45,0.6470264196395874,0.13055966794490814,0.5214560627937317,"22,253,138,7,161","1,84,73,114,89",5:326:2|5:613:2|5:1012:2
ckpt_4100.pt,5,46,0.5285271406173706,0.08366227895021439,0.4587163031101227,"172,57,56,117,107","178,105,125,72,206",5:269:2|5:482:2|5:6:1
ckpt_4100.pt,5,47,0.5424289703369141,0.11600203812122345,0.47013038396835327,"17,29,105,229,162","117,34,17,200,81",5:352:2|5:356:2|5:597:2
ckpt_4100.pt,5,48,0.6080529689788818,0.10788313299417496,0.46873754262924194,"171,70,115,249,173","218,26,20,119,157",5:300:2|5:370:2|5:7:1
ckpt_4100.pt,5,49,0.5372361540794373,0.0888376235961914,0.46438369154930115,"153,42,168,30,91","150,0,25,161,46",5:53:2|5:223:2|5:268:2
ckpt_4100.pt,5,50,0.6056146621704102,0.11370479315519333,0.48196420073509216,"103,193,25,40,110","225,206,119,183,140",5:10:2|5:93:2|5:422:2
ckpt_4100.pt,5,51,0.5626494288444519,0.07848379760980606,0.500420868396759,"65,218,45,14,134","170,39,105,167,214",5:547:2|5:699:2|5:728:2
ckpt_4100.pt,5,52,0.5696397423744202,0.12470265477895737,0.5330150723457336,"142,190,133,71,150","233,197,221,148,244",5:465:2|5:680:2|5:700:2
ckpt_4100.pt,5,53,0.6284114718437195,0.13879014551639557,0.5325073599815369,"221,153,200,168,228","25,205,140,7,48",5:49:2|5:7:1|5:15:1
ckpt_4100.pt,5,54,0.5647900104522705,0.0988369807600975,0.5303521156311035,"208,17,226,38,16","204,220,7,254,99",5:839:2|5:921:2|5:1:1
ckpt_4100.pt,5,55,0.5423725247383118,0.09402424097061157,0.45116961002349854,"213,97,60,37,63","219,35,214,231,105",5:39:2|5:200:2|5:285:2
ckpt_4100.pt,5,56,0.5383214950561523,0.0925714522600174,0.49127840995788574,"243,192,96,69,157","30,195,29,23,255",5:40:2|5:626:2|5:5:1
ckpt_4100.pt,5,57,0.4561974108219147,0.08954813331365585,0.4144960045814514,"68,233,117,191,24","116,86,222,135,208",5:322:2|5:383:2|5:494:2
ckpt_4100.pt,5,58,0.5519176125526428,0.10002979636192322,0.5075154900550842,"231,26,114,24,6","103,163,6,148,159",5:155:2|5:230:2|5:430:2
ckpt_4100.pt,5,59,0.593126654624939,0.11309889703989029,0.5207767486572266,"196,21,24,199,121","104,252,78,168,194",5:306:2|5:22:1|5:57:1
ckpt_4100.pt,5,60,0.5048708319664001,0.0986151322722435,0.4491981863975525,"5,120,54,38,224","65,38,186,150,109",5:445:2|5:449:2|5:650:2
ckpt_4100.pt,5,61,0.5467298030853271,0.09672139585018158,0.4957845211029053,"217,166,49,132,119","219,70,32,218,116",5:636:2|5:653:2|5:6:1
ckpt_4100.pt,5,62,0.6506091952323914,0.12779279053211212,0.5584118366241455,"60,190,120,220,78","62,11,69,21,109",5:517:2|5:695:2|5:744:2
ckpt_4100.pt,5,63,0.5959201455116272,0.11228107661008835,0.5026425123214722,"223,193,157,7,3","188,203,8,205,168",5:111:2|5:329:2|5:422:2
ckpt_4100.pt,5,64,0.6061413884162903,0.11633802950382233,0.4891412854194641,"195,53,163,153,199","58,217,54,203,157",5:163:2|5:255:2|5:446:2
ckpt_4100.pt,5,65,0.49029624462127686,0.10089007765054703,0.40097832679748535,"194,82,80,45,24","251,88,167,141,189",5:101:2|5:175:2|5:577:2
ckpt_4100.pt,5,66,0.5213284492492676,0.09875794500112534,0.5010842084884644,"107,6,62,224,237","243,25,164,133,149",5:139:2|5:155:2|5:290:2
ckpt_4100.pt,5,67,0.5900686383247375,0.10658641159534454,0.5027549862861633,"249,58,72,1,198","193,204,77,104,56",5:110:2|5:492:2|5:821:2
ckpt_4100.pt,5,68,0.6104742288589478,0.10575882345438004,0.5235922932624817,"82,60,5,205,243","249,195,248,24,205",5:388:2|5:429:2|5:903:2
ckpt_4100.pt,5,69,0.6215439438819885,0.1267823576927185,0.49360066652297974,"185,75,102,11,135","252,24,4,104,94",5:386:2|5:965:2|5:15:1
ckpt_4100.pt,5,70,0.6551460027694702,0.1370522677898407,0.5198578238487244,"253,19,30,132,3","142,121,245,138,230",5:38:2|5:111:2|5:268:2
ckpt_4100.pt,5,71,0.5017420649528503,0.08992662280797958,0.46853578090667725,"28,140,195,22,5","22,102,189,5,243",5:330:2|5:334:2|5:527:2
ckpt_4100.pt,5,72,0.5075508952140808,0.0766158178448677,0.4605421721935272,"251,103,197,240,55","224,159,115,106,193",5:926:2|5:7:1|5:10:1
ckpt_4100.pt,5,73,0.5567082166671753,0.09537750482559204,0.49149659276008606,"2,114,184,1,97","146,184,106,26,249",5:231:2|5:880:2|5:3:1
ckpt_4100.pt,5,74,0.5189447999000549,0.09040703624486923,0.46866658329963684,"84,175,178,240,235","35,153,216,100,151",5:606:2|5:666:2|5:710:2
ckpt_4100.pt,5,75,0.5840182900428772,0.09444224834442139,0.4913256764411926,"228,229,92,98,123","70,226,8,116,37",5:262:2|5:295:2|5:352:2
ckpt_4100.pt,5,76,0.5026464462280273,0.11673157662153244,0.46406081318855286,"248,222,177,15,58","159,141,64,38,4",5:36:2|5:44:2|5:105:2
ckpt_4100.pt,5,77,0.5446890592575073,0.11092314124107361,0.4538416564464569,"165,188,226,83,69","246,27,112,182,223",5:340:2|5:511:2|5:726:2
ckpt_4100.pt,5,78,0.49512138962745667,0.09348870813846588,0.4340704679489136,"161,87,238,116,105","98,27,105,149,166",5:138:2|5:574:2|5:807:2
ckpt_4100.pt,5,79,0.5736646056175232,0.1377820074558258,0.48500946164131165,"97,6,187,132,220","19,105,26,170,52",5:204:2|5:404:2|5:777:2
ckpt_4100.pt,5,80,0.521264374256134,0.09903184324502945,0.44177907705307007,"28,42,20,8,82","32,141,33,26,254",5:242:2|5:625:2|5:657:2
ckpt_4100.pt,5,81,0.5737485289573669,0.09854614734649658,0.5000376105308533,"149,27,236,23,16","3,37,35,85,222",5:178:2|5:277:2|5:302:2
ckpt_4100.pt,5,82,0.5183054208755493,0.09813548624515533,0.42517274618148804,"51,163,190,188,241","234,60,52,18,174",5:33:2|5:319:2|5:539:2
ckpt_4100.pt,5,83,0.5493343472480774,0.10710013657808304,0.4869283139705658,"225,122,8,43,173","56,27,92,137,169",5:181:2|5:480:2|5:499:2
ckpt_4100.pt,5,84,0.5536156892776489,0.09894564002752304,0.4694378077983856,"52,162,180,30,247","87,96,194,103,215",5:944:2|5:8:1|5:14:1
ckpt_4100.pt,5,85,0.5869240760803223,0.1380622237920761,0.5225582718849182,"81,185,88,17,155","99,228,141,106,88",5:713:2|5:917:2|5:1:1
ckpt_4100.pt,5,86,0.557349681854248,0.10126443207263947,0.5126755833625793,"108,169,59,83,153","31,75,189,37,19",5:255:2|5:554:2|5:673:2
ckpt_4100.pt,5,87,0.6043239831924438,0.12102387100458145,0.4967098832130432,"14,167,38,161,178","86,250,77,93,214",5:332:2|5:687:2|5:978:2
ckpt_4100.pt,5,88,0.6502741575241089,0.1293785572052002,0.5548593401908875,"59,52,77,194,14","137,39,170,140,227",5:91:2|5:737:2|5:958:2
ckpt_4100.pt,5,89,0.612949013710022,0.10813865065574646,0.5113007426261902,"171,162,142,194,13","251,211,93,220,125",5:123:2|5:235:2|5:346:2
ckpt_4100.pt,5,90,0.4870400130748749,0.09697037190198898,0.44714176654815674,"197,17,253,39,37","7,243,98,176,198",5:525:2|5:1:1|5:25:1
ckpt_4100.pt,5,91,0.5136934518814087,0.0982513427734375,0.4480043947696686,"30,184,14,44,194","3,225,171,107,53",5:88:2|5:332:2|5:602:2
ckpt_4100.pt,5,92,0.5745056867599487,0.14558909833431244,0.5169768333435059,"160,109,41,241,154","232,165,125,93,113",5:198:2|5:854:2|5:954:2
ckpt_4100.pt,5,93,0.5441533327102661,0.1084693968296051,0.452381432056427,"110,121,89,40,44","186,29,231,211,197",5:50:2|5:256:2|5:599:2
ckpt_4100.pt,5,94,0.6364924311637878,0.12353415042161942,0.5160740613937378,"169,232,167,126,185","191,119,217,71,88",5:141:2|5:167:2|5:411:2
ckpt_4100.pt,5,95,0.4162028729915619,0.06812119483947754,0.38663074374198914,"227,167,192,103,71","98,131,8,147,62",5:687:2|5:2:1|5:10:1
ckpt_4100.pt,5,96,0.5909279584884644,0.11191528290510178,0.4857495427131653,"143,159,75,55,83","201,45,121,105,60",5:673:2|5:980:2|5:7:1
ckpt_4100.pt,5,97,0.5450629591941833,0.11439123004674911,0.4369644522666931,"235,37,46,58,227","164,63,67,143,31",5:203:3|5:11:2|5:19:2
ckpt_4100.pt,5,98,0.5473750829696655,0.09414680302143097,0.4502001404762268,"48,110,154,208,97","127,107,168,62,94",5:256:2|5:32:1|5:34:1
ckpt_4100.pt,5,99,0.5496242046356201,0.12468237429857254,0.5069071054458618,"116,101,158,110,104","150,41,182,106,95",5:104:2|5:202:2|5:682:2
ckpt_4100.pt,5,100,0.5139594674110413,0.09864582866430283,0.4621482193470001,"224,156,196,235,11","59,76,139,64,212",5:214:2|5:485:2|5:685:2
ckpt_4100.pt,5,101,0.6503596901893616,0.13269412517547607,0.512607216835022,"24,158,80,220,205","37,83,174,201,235",5:65:2|5:127:2|5:175:2
ckpt_4100.pt,5,102,0.5820506811141968,0.10506460815668106,0.4948574900627136,"35,156,75,95,255","199,48,107,28,153",5:237:2|5:765:2|5:927:2
ckpt_4100.pt,5,103,0.5430518388748169,0.09915415942668915,0.4730795919895172,"40,160,1,65,220","214,200,11,143,114",5:188:2|5:696:2|5:828:2
ckpt_4100.pt,5,104,0.5685673356056213,0.11246010661125183,0.5310683250427246,"183,155,158,223,101","60,230,247,246,141",5:99:2|5:9:1|5:23:1
ckpt_4100.pt,5,105,0.5802398324012756,0.12351298332214355,0.4885348379611969,"222,15,237,59,26","170,146,168,187,42",5:76:2|5:501:2|5:658:2
ckpt_4100.pt,5,106,0.5447738170623779,0.09904111176729202,0.5016405582427979,"189,201,237,249,160","86,221,214,117,220",5:376:2|5:857:2|5:1003:2
ckpt_4100.pt,5,107,0.6021487712860107,0.10996980965137482,0.533203661441803,"226,82,229,170,160","50,55,161,226,185",5:35:2|5:395:2|5:669:2
ckpt_4100.pt,5,108,0.5313306450843811,0.11153464019298553,0.4498170018196106,"142,197,163,22,11","101,42,143,75,54",5:617:3|5:145:2|5:208:2
ckpt_4100.pt,5,109,0.4705261290073395,0.10776226222515106,0.40234172344207764,"215,185,197,43,29","43,161,40,131,60",5:597:2|5:792:2|5:949:2
ckpt_4100.pt,5,110,0.6556680798530579,0.14383862912654877,0.5192704796791077,"129,198,58,136,95","131,58,129,254,27",5:67:2|5:470:2|5:688:2
ckpt_4100.pt,5,111,0.46255528926849365,0.08130938559770584,0.43392181396484375,"202,3,247,132,157","89,200,167,63,209",5:63:2|5:70:2|5:667:2
ckpt_4100.pt,5,112,0.5828020572662354,0.10524100065231323,0.4879843592643738,"64,10,148,46,55","34,76,159,95,180",5:667:2|5:935:2|5:7:1
ckpt_4100.pt,5,113,0.5639877319335938,0.11230351775884628,0.469804584980011,"205,209,131,231,68","123,234,214,175,225",5:466:2|5:787:2|5:931:2
ckpt_4100.pt,5,114,0.5234326720237732,0.08524253964424133,0.4739125370979309,"142,15,177,202,23","68,170,3,169,39",5:76:2|5:1:1|5:7:1
ckpt_4100.pt,5,115,0.5102838277816772,0.0923396572470665,0.4636293649673462,"167,137,129,104,99","122,195,68,200,14",5:29:2|5:37:2|5:837:2
ckpt_4100.pt,5,116,0.48883458971977234,0.10484115034341812,0.4423942267894745,"99,32,117,29,39","1,145,37,98,213",5:708:2|5:969:2|5:4:1
ckpt_4100.pt,5,117,0.4966602623462677,0.10170847177505493,0.4550056755542755,"19,249,109,105,191","255,83,78,80,176",5:212:2|5:222:2|5:322:2
ckpt_4100.pt,5,118,0.6116897463798523,0.11281944066286087,0.510352373123169,"84,14,211,17,246","117,155,33,67,183",5:310:2|5:427:2|5:699:2
ckpt_4100.pt,5,119,0.5002333521842957,0.09015875309705734,0.47396090626716614,"43,194,103,6,16","93,225,9,3,202",5:10:2|5:926:2|5:14:1
ckpt_4100.pt,5,120,0.6093889474868774,0.1231149435043335,0.5107960104942322,"0,232,46,179,220","174,2,4,139,241",5:134:2|5:605:2|5:762:2
ckpt_4100.pt,5,121,0.6220793724060059,0.10478179156780243,0.5292056202888489,"234,149,80,243,4","44,45,40,224,238",5:962:3|5:277:2|5:363:2
ckpt_4100.pt,5,122,0.5605472922325134,0.10363158583641052,0.4995284974575043,"52,178,18,184,64","69,129,4,13,48",5:633:2|5:986:2|5:4:1
ckpt_4100.pt,5,123,0.6111351847648621,0.10518652945756912,0.49345535039901733,"13,171,207,58,15","173,115,239,143,169",5:36:2|5:76:2|5:89:2
ckpt_4100.pt,5,124,0.47887536883354187,0.11618553102016449,0.4540230333805084,"78,48,119,107,18","251,76,162,146,49",5:391:2|5:721:2|5:804:2
ckpt_4100.pt,5,125,0.4916295111179352,0.0916646271944046,0.4230748116970062,"169,112,38,137,218","90,149,241,253,191",5:555:2|5:817:2|5:2:1
ckpt_4100.pt,5,126,0.5137977004051208,0.1191401481628418,0.4963231086730957,"87,101,214,107,43","143,219,153,2,126",5:615:2|5:693:2|5:770:2
ckpt_4100.pt,5,127,0.6260045766830444,0.1194370910525322,0.5344702005386353,"112,163,220,205,19","154,132,198,124,131",5:101:2|5:423:2|5:2:1
ckpt_4100.pt,5,128,0.49716198444366455,0.08839605003595352,0.4246463477611542,"159,92,37,171,10","1,10,204,190,97",5:651:2|5:679:2|5:783:2
ckpt_4100.pt,5,129,0.551105260848999,0.10272277891635895,0.48133644461631775,"95,61,206,187,153","214,39,172,71,112",5:28:1|5:49:1|5:53:1
ckpt_4100.pt,5,130,0.5730329155921936,0.10418617725372314,0.48840856552124023,"143,225,252,123,18","172,223,210,2,22",5:616:2|5:735:2|5:4:1
ckpt_4100.pt,5,131,0.6666586995124817,0.13690245151519775,0.5376002192497253,"200,148,23,229,35","74,96,127,255,123",5:39:2|5:138:2|5:195:2
ckpt_4100.pt,5,132,0.5665214657783508,0.1037512943148613,0.46718868613243103,"154,10,200,82,100","74,7,153,43,216",5:625:2|5:22:1|5:32:1
ckpt_4100.pt,5,133,0.6113460063934326,0.10891896486282349,0.5132448673248291,"112,95,117,131,243","151,187,223,109,146",5:384:2|5:771:2|5:776:2
ckpt_4100.pt,5,134,0.5364981889724731,0.0915367603302002,0.4995490610599518,"144,220,55,239,179","132,133,227,126,240",5:120:2|5:227:2|5:263:2
ckpt_4100.pt,5,135,0.5226325392723083,0.09085755795240402,0.48061779141426086,"94,194,15,47,65","167,216,156,100,76",5:224:2|5:478:2|5:811:2
ckpt_4100.pt,5,136,0.561458170413971,0.11513243615627289,0.502988338470459,"163,156,0,42,202","75,137,243,133,143",5:362:2|5:852:2|5:975:2
ckpt_4100.pt,5,137,0.5256530046463013,0.08694425970315933,0.44709962606430054,"41,209,148,36,98","50,247,151,112,116",5:4:2|5:331:2|5:882:2
ckpt_4100.pt,5,138,0.5525011420249939,0.10799223929643631,0.4404391944408417,"105,23,200,161,104","212,27,20,151,40",5:78:2|5:131:2|5:195:2
ckpt_4100.pt,5,139,0.5328561067581177,0.11314650624990463,0.4620976150035858,"8,224,62,191,81","92,111,222,99,161",5:66:2|5:754:2|5:876:2
ckpt_4100.pt,5,140,0.5220484137535095,0.10186459124088287,0.43664342164993286,"121,0,95,208,15","26,251,52,3,83",5:155:2|5:901:2|5:9:1
ckpt_4100.pt,5,141,0.5213149785995483,0.11381225287914276,0.4378919005393982,"38,126,71,185,39","203,143,55,135,145",5:94:2|5:687:2|5:15:1
ckpt_4100.pt,5,142,0.5486512184143066,0.1039222702383995,0.47551771998405457,"48,55,109,9,108","217,229,149,54,68",5:530:3|5:0:1|5:7:1
ckpt_4100.pt,5,143,0.5568387508392334,0.09988866001367569,0.5242103934288025,"204,158,230,175,99","41,187,15,221,38",5:727:2|5:970:2|5:4:1
ckpt_4100.pt,5,144,0.5400142073631287,0.14368848502635956,0.4732850193977356,"214,88,35,86,94","61,100,186,38,252",5:183:2|5:224:2|5:503:2
ckpt_4100.pt,5,145,0.4757871925830841,0.08049152046442032,0.42155563831329346,"227,163,197,24,89","133,7,18,56,74",5:108:2|5:295:2|5:356:2
ckpt_4100.pt,5,146,0.6399716138839722,0.12050087749958038,0.5093699097633362,"192,238,38,62,141","68,42,231,133,120",5:332:2|5:23:1|5:54:1
ckpt_4100.pt,5,147,0.5211024284362793,0.10172809660434723,0.4517722427845001,"153,47,14,111,87","55,17,68,7,107",5:0:1|5:3:1|5:6:1
ckpt_4100.pt,5,148,0.512911319732666,0.09160163998603821,0.47605833411216736,"147,102,228,151,220","149,41,166,231,240",5:204:3|5:348:2|5:423:2
ckpt_4100.pt,5,149,0.5216137170791626,0.13066977262496948,0.4701825976371765,"148,156,206,234,215","217,51,207,232,109",5:0:1|5:13:1|5:39:1
ckpt_4100.pt,5,150,0.5247839093208313,0.10000156611204147,0.46000853180885315,"100,101,0,51,85","6,189,251,49,212",5:206:2|5:447:2|5:8:1
ckpt_4100.pt,5,151,0.48153263330459595,0.08379609137773514,0.41806599497795105,"234,51,77,226,211","32,92,4,196,91",5:684:2|5:25:1|5:26:1
ckpt_4100.pt,5,152,0.5959484577178955,0.11985119432210922,0.5113913416862488,"124,255,230,81,245","149,124,112,184,70",5:727:2|5:4:1|5:29:1
ckpt_4100.pt,5,153,0.5470612645149231,0.09296832978725433,0.4809655547142029,"12,132,94,141,158","65,41,105,56,139",5:2:1|5:9:1|5:23:1
ckpt_4100.pt,5,154,0.5014185905456543,0.08761905133724213,0.47219592332839966,"56,62,42,40,135","60,21,190,65,42",5:387:2|5:16:1|5:18:1
ckpt_4100.pt,5,155,0.5259581208229065,0.10631385445594788,0.4650586247444153,"114,107,95,208,6","116,110,226,112,147",5:58:2|5:66:2|5:140:2
ckpt_4100.pt,5,156,0.5581677556037903,0.12227749079465866,0.5059815645217896,"25,182,242,65,16","18,123,38,217,196",5:491:2|5:3:1|5:10:1
ckpt_4100.pt,5,157,0.6006003618240356,0.08838020265102386,0.5204927325248718,"202,150,176,5,1","60,183,144,170,72",5:290:2|5:338:2|5:549:2
ckpt_4100.pt,5,158,0.537749707698822,0.09162325412034988,0.493089884519577,"63,182,232,122,30","26,241,229,34,61",5:171:2|5:191:2|5:271:2
ckpt_4100.pt,5,159,0.6210947632789612,0.11161786317825317,0.5175557136535645,"227,180,96,230,178","182,146,228,62,237",5:41:2|5:596:2|5:5:1
ckpt_4100.pt,5,160,0.5310246348381042,0.10409959405660629,0.4809949994087219,"90,220,69,212,177","150,86,109,148,81",5:483:2|5:783:2|5:2:1
ckpt_4100.pt,5,161,0.5300890803337097,0.09878772497177124,0.45688462257385254,"69,210,12,17,56","150,144,160,83,207",5:312:2|5:477:2|5:820:2
ckpt_4100.pt,5,162,0.5875408053398132,0.13217774033546448,0.502632737159729,"224,29,147,242,19","108,48,1,170,79",5:396:2|5:473:2|5:8:1
ckpt_4100.pt,5,163,0.4827529788017273,0.0818963348865509,0.45132383704185486,"120,199,195,138,178","182,144,60,73,149",5:64:2|5:907:2|5:41:1
ckpt_4100.pt,5,164,0.5072791576385498,0.09059309214353561,0.45465585589408875,"64,210,129,186,189","155,19,187,121,249",5:29:1|5:33:1|5:37:1
ckpt_4100.pt,5,165,0.5389266610145569,0.10919497162103653,0.5016774535179138,"196,254,3,75,216","250,73,244,7,196",5:628:2|5:1019:2|5:5:1
ckpt_4100.pt,5,166,0.5621048808097839,0.09789583832025528,0.5056593418121338,"116,36,2,166,18","253,36,255,83,91",5:274:2|5:331:2|5:474:2
ckpt_4100.pt,5,167,0.43145322799682617,0.08274605870246887,0.4165095090866089,"76,232,174,126,134","88,254,199,188,7",5:94:2|5:698:2|5:746:2
ckpt_4100.pt,5,168,0.7196725010871887,0.1407419741153717,0.5477730631828308,"143,156,191,217,150","238,73,101,53,192",5:459:2|5:680:2|5:750:2
ckpt_4100.pt,5,169,0.5267927050590515,0.12003089487552643,0.5016855597496033,"173,138,79,197,155","224,2,190,109,169",5:40:2|5:567:2|5:597:2
ckpt_4100.pt,5,170,0.5472842454910278,0.10163641721010208,0.4948115348815918,"198,173,65,44,36","232,21,32,139,133",5:182:2|5:402:2|5:418:2
ckpt_4100.pt,5,171,0.5686867237091064,0.11824288964271545,0.5027021169662476,"63,66,122,157,244","95,55,71,227,222",5:158:2|5:573:2|5:804:2
ckpt_4100.pt,5,172,0.5552998781204224,0.08571375906467438,0.4775455594062805,"27,124,218,115,31","69,203,20,142,115",5:343:2|5:598:2|5:4:1
ckpt_4100.pt,5,173,0.45923471450805664,0.09845568239688873,0.4155920445919037,"139,241,132,105,99","44,186,23,108,170",5:575:2|5:4:1|5:22:1
ckpt_4100.pt,5,174,0.5584585070610046,0.09838701039552689,0.4769609570503235,"9,187,173,174,159","150,7,93,31,42",5:267:2|5:521:2|5:603:2
ckpt_4100.pt,5,175,0.6566502451896667,0.11480198800563812,0.5101162791252136,"24,246,126,80,221","97,119,206,69,173",5:65:2|5:101:2|5:378:2
ckpt_4100.pt,5,176,0.47922641038894653,0.09554547816514969,0.4473118782043457,"91,6,174,59,57","96,151,113,95,123",5:670:2|5:834:2|5:1017:2
ckpt_4100.pt,5,177,0.5846476554870605,0.10507369786500931,0.5176971554756165,"114,133,22,67,94","179,136,171,86,60",5:702:2|5:3:1|5:24:1
ckpt_4100.pt,5,178,0.5957730412483215,0.1243523359298706,0.5153796076774597,"27,94,71,173,149","217,158,55,231,209",5:81:2|5:15:1|5:28:1
ckpt_4100.pt,5,179,0.5885056853294373,0.09834542870521545,0.48793259263038635,"22,222,77,212,122","184,58,165,28,216",5:339:2|5:483:2|5:786:2
ckpt_4100.pt,5,180,0.672020435333252,0.11508017033338547,0.5154678225517273,"67,213,120,55,39","218,101,69,108,0",5:499:2|5:833:2|5:878:2
ckpt_4100.pt,5,181,0.5524625182151794,0.10687051713466644,0.4670618176460266,"52,43,116,8,136","184,87,74,249,126",5:83:2|5:420:2|5:480:2
ckpt_4100.pt,5,182,0.5746656656265259,0.09577564150094986,0.48511824011802673,"198,247,154,65,23","209,118,225,131,230",5:170:2|5:319:2|5:339:2
ckpt_4100.pt,5,183,0.5211977362632751,0.08861199021339417,0.46917885541915894,"94,196,179,168,35","169,24,27,236,211",5:144:2|5:224:2|5:1014:2
ckpt_4100.pt,5,184,0.5106033682823181,0.11850844323635101,0.4658047556877136,"186,161,207,222,191","198,130,227,199,6",5:212:2|5:669:2|5:687:2
ckpt_4100.pt,5,185,0.6032734513282776,0.12557585537433624,0.5033583045005798,"54,154,201,86,195","185,184,27,35,158",5:216:2|5:361:2|5:519:2
ckpt_4100.pt,5,186,0.5140571594238281,0.08891040831804276,0.45926758646965027,"162,235,81,192,252","66,233,136,86,174",5:264:2|5:286:2|5:462:2
ckpt_4100.pt,5,187,0.5670957565307617,0.1143425926566124,0.48905372619628906,"184,220,66,82,233","234,125,36,112,174",5:287:2|5:348:2|5:351:2
ckpt_4100.pt,5,188,0.5171225070953369,0.09241973608732224,0.47317102551460266,"18,133,1,183,220","78,47,45,169,191",5:43:2|5:103:2|5:220:2
ckpt_4100.pt,5,189,0.5533191561698914,0.09338957071304321,0.4401715099811554,"54,81,181,171,80","218,108,202,97,4",5:436:2|5:871:2|5:884:2
ckpt_4100.pt,5,190,0.6286807656288147,0.09218349307775497,0.5032153725624084,"91,146,61,215,9","176,202,182,223,143",5:565:2|5:949:2|5:25:1
ckpt_4100.pt,5,191,0.5463769435882568,0.10637231916189194,0.49221271276474,"165,182,232,212,37","154,168,207,4,76",5:158:2|5:271:2|5:783:2
ckpt_4100.pt,5,192,0.5130821466445923,0.089837446808815,0.44391924142837524,"47,17,22,172,30","254,25,191,27,135",5:359:2|5:364:2|5:1:1
ckpt_4100.pt,5,193,0.5258604884147644,0.09999590367078781,0.44957435131073,"156,222,145,29,82","104,132,251,124,188",5:515:2|5:610:2|5:748:2
ckpt_4100.pt,5,194,0.5528531074523926,0.1027894988656044,0.4668067991733551,"206,103,9,244,179","23,78,134,0,6",5:42:2|5:539:2|5:924:2
ckpt_4100.pt,5,195,0.5649637579917908,0.09997846931219101,0.46893391013145447,"9,200,123,23,59","250,196,123,120,98",5:131:2|5:138:2|5:658:2
ckpt_4100.pt,5,196,0.6047598719596863,0.11257777363061905,0.509212851524353,"173,66,252,151,190","180,18,105,55,160",5:458:2|5:521:2|5:583:2
ckpt_4100.pt,5,197,0.5663802027702332,0.0984095111489296,0.49762287735939026,"150,214,213,153,131","150,212,41,27,63",5:199:2|5:338:2|5:456:2
ckpt_4100.pt,5,198,0.5062701106071472,0.09807737171649933,0.42320260405540466,"109,226,76,241,104","159,56,240,248,191",5:92:2|5:586:2|5:13:1
ckpt_4100.pt,5,199,0.5070449113845825,0.11160361021757126,0.45510926842689514,"213,214,119,147,157","38,19,201,114,191",5:197:2|5:666:2|5:804:2
ckpt_4100.pt,5,200,0.44131866097450256,0.12047849595546722,0.3740512728691101,"198,79,175,63,97","16,160,20,140,3",5:55:2|5:225:2|5:381:2
ckpt_4100.pt,5,201,0.5030966401100159,0.11177107691764832,0.4501781463623047,"237,7,156,18,85","243,2,27,91,19",5:247:2|5:261:2|5:0:1
ckpt_4100.pt,5,202,0.6047051548957825,0.12835396826267242,0.5035858154296875,"9,116,80,27,101","229,141,110,38,194",5:99:2|5:327:2|5:343:2
ckpt_4100.pt,5,203,0.5567737221717834,0.10210975259542465,0.5150874257087708,"37,58,105,55,235","118,4,98,247,119",5:97:3|5:19:2|5:207:2
ckpt_4100.pt,5,204,0.5994951725006104,0.09916489571332932,0.5223124027252197,"220,132,101,151,147","206,39,76,143,35",5:148:3|5:79:2|5:348:2
ckpt_4100.pt,5,205,0.5541488528251648,0.10518667846918106,0.4901927411556244,"25,11,49,144,176","53,36,39,159,50",5:547:2|5:10:1|5:21:1
ckpt_4100.pt,5,206,0.5638917684555054,0.1075088381767273,0.5052376389503479,"118,51,166,214,0","56,175,248,32,144",5:150:2|5:229:2|5:362:2
ckpt_4100.pt,5,207,0.5895095467567444,0.11181318014860153,0.5190457701683044,"37,75,57,105,168","63,45,251,137,71",5:25:2|5:203:2|5:353:2
ckpt_4100.pt,5,208,0.5895422101020813,0.10531788319349289,0.5195764899253845,"11,113,243,197,247","39,207,215,153,62",5:108:2|5:525:2|5:637:2
ckpt_4100.pt,5,209,0.5752718448638916,0.12530659139156342,0.5025273561477661,"154,129,224,219,131","126,96,61,48,145",5:233:2|5:424:2|5:582:2
ckpt_4100.pt,5,210,0.5845122933387756,0.11147380620241165,0.5101184248924255,"152,151,50,49,29","88,98,172,37,54",5:21:2|5:731:2|5:748:2
ckpt_4100.pt,5,211,0.5262991189956665,0.09027031064033508,0.48928678035736084,"156,249,6,101,122","178,111,114,247,2",5:0:1|5:10:1|5:13:1
ckpt_4100.pt,5,212,0.5665124654769897,0.11529964953660965,0.5181559324264526,"100,186,191,19,111","150,5,94,135,253",5:117:2|5:184:2|5:219:2
ckpt_4100.pt,5,213,0.5099921822547913,0.08833110332489014,0.47270870208740234,"102,35,107,36,54","78,197,138,93,106",5:31:2|5:630:2|5:819:2
ckpt_4100.pt,5,214,0.5629010796546936,0.09690363705158234,0.4953958988189697,"204,60,156,214,224","217,154,234,10,223",5:30:2|5:100:2|5:424:2
ckpt_4100.pt,5,215,0.5450616478919983,0.10920602828264236,0.48270878195762634,"100,33,23,155,211","112,85,141,89,37",5:375:2|5:609:2|5:40:1
ckpt_4100.pt,5,216,0.5985763072967529,0.11179951578378677,0.495583713054657,"54,108,195,24,72","243,63,235,37,80",5:185:2|5:0:1|5:28:1
ckpt_4100.pt,5,217,0.523100733757019,0.11378153413534164,0.44061851501464844,"85,184,98,189,157","63,234,87,245,17",5:846:2|5:1:1|5:4:1
ckpt_4100.pt,5,218,0.5235137343406677,0.0908784568309784,0.48144540190696716,"37,254,86,53,186","91,70,56,45,121",5:305:2|5:503:2|5:920:2
ckpt_4100.pt,5,219,0.5345246195793152,0.1099778562784195,0.49732470512390137,"100,166,129,191,165","17,14,230,253,229",5:212:2|5:3:1|5:15:1
ckpt_4100.pt,5,220,0.5675635933876038,0.12905633449554443,0.49879518151283264,"28,222,1,18,55","204,148,137,37,188",5:188:2|5:236:2|5:682:2
ckpt_4100.pt,5,221,0.568317711353302,0.11255831271409988,0.5017317533493042,"45,219,12,215,236","2,127,166,108,58",5:414:2|5:500:2|5:540:2
ckpt_4100.pt,5,222,0.512809693813324,0.09305978566408157,0.4447859227657318,"201,191,212,19,26","116,89,216,170,147",5:117:2|5:212:2|5:524:2
ckpt_4100.pt,5,223,0.5812461376190186,0.09877533465623856,0.48507368564605713,"20,91,100,153,84","249,154,119,124,234",5:49:2|5:625:2|5:9:1
ckpt_4100.pt,5,224,0.5944364666938782,0.13884034752845764,0.4773956835269928,"7,94,47,198,35","158,97,69,191,170",5:135:2|5:144:2|5:183:2
ckpt_4100.pt,5,225,0.6025636792182922,0.10650244355201721,0.5014300346374512,"63,50,198,209,185","252,192,159,1,62",5:200:2|5:265:2|5:778:2
ckpt_4100.pt,5,226,0.5296024680137634,0.1007327139377594,0.4841039180755615,"164,134,143,32,230","138,79,28,110,27",5:462:2|5:592:2|5:746:2
ckpt_4100.pt,5,227,0.6269881129264832,0.14996552467346191,0.4781624376773834,"130,220,144,152,221","217,105,130,34,196",5:134:2|5:859:2|5:34:1
ckpt_4100.pt,5,228,0.5437712073326111,0.09572765231132507,0.47136273980140686,"191,126,49,145,51","130,64,46,212,178",5:284:2|5:991:2|5:3:1
ckpt_4100.pt,5,229,0.57737135887146,0.09389593452215195,0.5368649959564209,"0,204,105,9,166","190,100,174,90,200",5:206:2|5:362:2|5:594:2
ckpt_4100.pt,5,230,0.48692476749420166,0.10089535266160965,0.4212617576122284,"190,114,7,26,134","225,148,244,201,90",5:58:2|5:430:2|5:534:2
ckpt_4100.pt,5,231,0.5448380708694458,0.10121683776378632,0.4805479943752289,"2,0,206,132,114","105,233,210,122,40",5:73:2|5:3:1|5:19:1
ckpt_4100.pt,5,232,0.5399313569068909,0.09863267093896866,0.4553881287574768,"44,182,166,124,199","181,229,243,83,208",5:720:2|5:876:2|5:3:1
ckpt_4100.pt,5,233,0.562388002872467,0.1114775538444519,0.5051472783088684,"154,185,131,137,172","48,52,222,114,5",5:209:2|5:269:2|5:835:2
ckpt_4100.pt,5,234,0.603935956954956,0.13421234488487244,0.5146399140357971,"58,80,182,227,168","0,17,36,202,167",5:97:2|5:3:1|5:7:1
ckpt_4100.pt,5,235,0.5745272636413574,0.11406031996011734,0.4791429340839386,"123,157,162,13,216","57,227,211,11,202",5:89:2|5:243:2|5:735:2
ckpt_4100.pt,5,236,0.4210945665836334,0.09643667191267014,0.39045196771621704,"93,115,28,101,1","195,148,100,98,32",5:220:2|5:578:2|5:7:1
ckpt_4100.pt,5,237,0.6011534333229065,0.1335841715335846,0.5134792923927307,"75,154,255,181,39","97,64,99,218,104",5:102:2|5:752:2|5:927:2
ckpt_4100.pt,5,238,0.588358461856842,0.11919843405485153,0.5246178507804871,"158,11,154,220,225","64,106,136,54,126",5:101:2|5:426:2|5:799:2
ckpt_4100.pt,5,239,0.5527481436729431,0.10378134250640869,0.49844613671302795,"226,220,124,4,87","203,229,67,122,102",5:961:2|5:982:2|5:0:1
ckpt_4100.pt,5,240,0.6202971935272217,0.13882385194301605,0.5723795890808105,"177,250,82,199,107","16,224,199,211,237",5:987:2|5:31:1|5:35:1
ckpt_4100.pt,5,241,0.5456230640411377,0.1222589761018753,0.4859761893749237,"253,204,228,34,74","117,18,221,222,183",5:640:2|5:18:1|5:30:1
ckpt_4100.pt,5,242,0.5395802855491638,0.09654124826192856,0.466785192489624,"80,97,28,20,44","40,244,46,117,64",5:80:2|5:662:2|5:761:2
ckpt_4100.pt,5,243,0.47447603940963745,0.07828153669834137,0.46663573384284973,"135,51,216,27,13","2,226,196,220,174",5:235:2|5:684:2|5:16:1
ckpt_4100.pt,5,244,0.5827518105506897,0.13310711085796356,0.5118233561515808,"12,74,71,33,77","85,139,86,183,9",5:453:2|5:922:2|5:2:1
ckpt_4100.pt,5,245,0.532833993434906,0.12013643980026245,0.4723363518714905,"122,242,185,87,52","140,70,41,141,135",5:396:2|5:770:2|5:0:1
ckpt_4100.pt,5,246,0.5012651681900024,0.09009230136871338,0.4526313543319702,"3,243,185,128,16","226,230,96,222,195",5:776:2|5:884:2|5:962:2
ckpt_4100.pt,5,247,0.5696605443954468,0.12082793563604355,0.4864061772823334,"151,225,156,7,14","158,98,227,119,39",5:201:2|5:765:2|5:0:1
ckpt_4100.pt,5,248,0.5619899034500122,0.10599436610937119,0.49985525012016296,"196,22,79,200,107","177,16,138,109,100",5:22:2|5:391:2|5:824:2
ckpt_4100.pt,5,249,0.5612024068832397,0.11226607859134674,0.4947269856929779,"41,238,11,80,17","56,116,114,15,28",5:574:2|5:882:2|5:965:2
ckpt_4100.pt,5,250,0.5510752201080322,0.10715441405773163,0.47592517733573914,"34,73,141,19,47","51,113,190,213,210",5:259:2|5:1021:2|5:18:1
ckpt_4100.pt,5,251,0.4921227991580963,0.07478640228509903,0.4240371584892273,"228,57,42,51,170","74,172,30,199,166",5:26:2|5:464:2|5:779:2
ckpt_4100.pt,5,252,0.5161631107330322,0.10208486765623093,0.4676860570907593,"30,134,222,154,216","71,118,154,82,40",5:289:2|5:774:2|5:810:2
ckpt_4100.pt,5,253,0.5256733894348145,0.11309462040662766,0.49715206027030945,"102,205,190,139,108","22,217,190,74,133",5:592:2|5:627:2|5:0:1
ckpt_4100.pt,5,254,0.5745936036109924,0.12710706889629364,0.5207850337028503,"15,90,139,61,48","75,196,242,65,132",5:273:2|5:9:1|5:13:1
ckpt_4100.pt,5,255,0.5804250836372375,0.1411578506231308,0.4694032073020935,"163,153,141,169,154","170,100,104,0,142",5:64:2|5:86:2|5:319:2
ckpt_4100.pt,5,256,0.42113518714904785,0.08560612797737122,0.38729169964790344,"48,200,188,110,89","157,184,57,236,248",5:93:2|5:98:2|5:372:2
ckpt_4100.pt,5,257,0.5271852612495422,0.09661884605884552,0.4349483847618103,"75,171,2,46,41","59,18,56,26,140",5:321:2|5:355:2|5:638:2
ckpt_4100.pt,5,258,0.5722970962524414,0.10828007757663727,0.5164591670036316,"201,96,144,225,254","88,167,169,252,137",5:333:2|5:650:2|5:739:2
ckpt_4100.pt,5,259,0.5779781937599182,0.12712489068508148,0.5346893668174744,"36,57,31,47,34","131,175,245,193,47",5:250:2|5:442:2|5:645:2
ckpt_4100.pt,5,260,0.63198322057724,0.11109591275453568,0.5031399726867676,"34,135,95,145,59","103,213,191,182,102",5:670:2|5:1017:2|5:9:1
ckpt_4100.pt,5,261,0.540775716304779,0.09448233246803284,0.44586342573165894,"75,13,169,237,7","40,172,165,140,70",5:201:2|5:279:2|5:857:2
ckpt_4100.pt,5,262,0.623636782169342,0.13142059743404388,0.512512743473053,"174,98,99,198,229","131,129,18,9,120",5:4:2|5:75:2|5:380:2
ckpt_4100.pt,5,263,0.49302005767822266,0.10903352499008179,0.4651722013950348,"155,169,55,179,15","251,2,223,169,130",5:134:2|5:639:2|5:882:2
ckpt_4100.pt,5,264,0.5426193475723267,0.10098589956760406,0.5218501687049866,"81,162,37,195,250","159,111,252,220,132",5:186:2|5:462:2|5:890:2
ckpt_4100.pt,5,265,0.5668779015541077,0.0934920683503151,0.46795955300331116,"28,61,50,17,198","12,139,48,130,22",5:225:2|5:266:2|5:1:1
ckpt_4100.pt,5,266,0.5152153372764587,0.0983327329158783,0.48631393909454346,"4,61,17,65,63","50,209,57,96,8",5:27:2|5:265:2|5:418:2
ckpt_4100.pt,5,267,0.4671972692012787,0.085500068962574,0.43726813793182373,"104,174,117,173,37","89,206,56,24,15",5:174:2|5:657:2|5:6:1
ckpt_4100.pt,5,268,0.5256055593490601,0.1009519025683403,0.46496039628982544,"98,32,168,30,253","55,234,162,222,12",5:15:2|5:49:2|5:70:2
ckpt_4100.pt,5,269,0.5769783854484558,0.10519649088382721,0.4892749786376953,"57,154,112,18,172","54,97,208,109,90",5:46:2|5:233:2|5:482:2
ckpt_4100.pt,5,270,0.5454241633415222,0.10641174018383026,0.48139244318008423,"119,161,243,241,123","82,80,161,44,103",5:828:2|5:6:1|5:10:1
ckpt_4100.pt,5,271,0.622305691242218,0.1288549304008484,0.4741630554199219,"182,232,15,64,143","96,131,5,153,128",5:158:2|5:191:2|5:440:2
ckpt_4100.pt,5,272,0.5197600722312927,0.10829200595617294,0.48363861441612244,"77,83,82,85,58","213,184,207,147,169",5:806:2|5:8:1|5:14:1
ckpt_4100.pt,5,273,0.5858961343765259,0.09778472781181335,0.5110273957252502,"158,127,139,107,90","167,120,88,231,121",5:254:2|5:575:2|5:815:2
ckpt_4100.pt,5,274,0.6026648283004761,0.1385505199432373,0.5104040503501892,"37,18,215,116,113","186,94,226,91,53",5:166:2|5:285:2|5:510:2
ckpt_4100.pt,5,275,0.4600844085216522,0.08703631162643433,0.4160597026348114,"250,228,14,196,240","45,99,122,82,166",5:469:2|5:6:1|5:22:1
ckpt_4100.pt,5,276,0.5134159922599792,0.11341496556997299,0.4283249080181122,"124,168,82,143,236","235,194,73,116,0",5:856:2|5:860:2|5:4:1
ckpt_4100.pt,5,277,0.6047762036323547,0.1165732592344284,0.5302311778068542,"149,255,23,166,234","82,96,108,3,66",5:81:2|5:121:2|5:302:2
ckpt_4100.pt,5,278,0.5854904055595398,0.12588678300380707,0.48623162508010864,"157,64,113,225,242","11,132,57,5,51",5:10:1|5:26:1|5:40:1
ckpt_4100.pt,5,279,0.555152416229248,0.10332106053829193,0.504099428653717,"245,75,7,183,111","28,64,154,142,13",5:261:2|5:353:2|5:23:1
ckpt_4100.pt,5,280,0.5858824849128723,0.1032959520816803,0.49812954664230347,"69,26,240,214,140","228,17,208,92,170",5:506:2|5:3:1|5:21:1
ckpt_4100.pt,5,281,0.5903940200805664,0.14479567110538483,0.5079241394996643,"30,71,246,248,51","254,66,172,51,37",5:427:2|5:655:2|5:753:2
ckpt_4100.pt,5,282,0.5733712315559387,0.11612046509981155,0.4913211166858673,"24,64,226,81,176","123,219,94,146,77",5:577:2|5:25:1|5:35:1
ckpt_4100.pt,5,283,0.5476232171058655,0.14061586558818817,0.48364612460136414,"209,9,52,147,140","151,71,4,81,225",5:334:2|5:396:2|5:436:2
ckpt_4100.pt,5,284,0.5274064540863037,0.10821081697940826,0.48002731800079346,"191,84,244,49,107","62,149,171,192,137",5:228:2|5:383:2|5:641:2
ckpt_4100.pt,5,285,0.5965179800987244,0.1055622473359108,0.5329539775848389,"37,223,2,213,215","18,206,55,47,193",5:55:2|5:274:2|5:476:2
ckpt_4100.pt,5,286,0.5258137583732605,0.09636364132165909,0.44208183884620667,"27,81,192,240,154","62,121,36,170,233",5:186:2|5:434:2|5:32:1
ckpt_4100.pt,5,287,0.46612077951431274,0.09271928668022156,0.42957624793052673,"184,5,147,233,115","110,83,249,208,243",5:187:2|5:290:2|5:348:2
ckpt_4100.pt,5,288,0.6486490964889526,0.11080383509397507,0.544476330280304,"210,97,192,164,23","99,64,134,11,57",5:873:2|5:13:1|5:34:1
ckpt_4100.pt,5,289,0.5342558026313782,0.08056081086397171,0.48444733023643494,"177,30,164,222,121","200,152,145,251,16",5:76:2|5:252:2|5:774:2
ckpt_4100.pt,5,290,0.553955614566803,0.10139165818691254,0.46148115396499634,"202,5,107,6,184","145,89,81,8,67",5:66:2|5:155:2|5:157:2
ckpt_4100.pt,5,291,0.605614185333252,0.09983867406845093,0.4970913529396057,"155,194,230,243,140","113,36,75,255,233",5:410:2|5:482:2|5:622:2
ckpt_4100.pt,5,292,0.5545337796211243,0.10222934186458588,0.47213760018348694,"30,254,119,249,127","135,25,100,173,101",5:6:1|5:11:1|5:12:1
ckpt_4100.pt,5,293,0.5893223285675049,0.11900760233402252,0.4956587553024292,"45,61,197,132,42","138,49,82,208,253",5:26:1|5:38:1|5:49:1
ckpt_4100.pt,5,294,0.5571171641349792,0.12071976810693741,0.5184236168861389,"234,37,138,208,49","116,158,96,246,46",5:602:2|5:636:2|5:649:2
ckpt_4100.pt,5,295,0.5631117820739746,0.09950412064790726,0.5123332142829895,"131,227,123,197,228","104,83,101,43,244",5:75:2|5:145:2|5:423:2
ckpt_4100.pt,5,296,0.49312934279441833,0.09937179833650589,0.4308505356311798,"12,159,169,229,127","73,39,171,34,57",5:12:2|5:817:2|5:2:1
ckpt_4100.pt,5,297,0.6034531593322754,0.12880969047546387,0.5150608420372009,"190,148,207,178,202","85,18,154,166,0",5:667:2|5:830:2|5:7:1
ckpt_4100.pt,5,298,0.565578281879425,0.1056486964225769,0.47928881645202637,"12,183,122,10,205","154,228,151,177,209",5:1002:3|5:877:2|5:2:1
ckpt_4100.pt,5,299,0.5057513117790222,0.106319360435009,0.44438743591308594,"56,201,18,182,158","214,62,56,40,105",5:18:2|5:401:2|5:3:1
ckpt_4100.pt,5,300,0.5241786241531372,0.09224805235862732,0.4933517575263977,"61,249,173,93,158","61,206,220,186,230",5:48:2|5:458:2|5:9:1
ckpt_4100.pt,5,301,0.5490211844444275,0.09844466298818588,0.4866076111793518,"84,164,223,139,199","239,133,154,209,140",5:310:2|5:382:2|5:455:2
ckpt_4100.pt,5,302,0.49660784006118774,0.08410944044589996,0.4450085461139679,"43,3,23,149,203","205,62,97,222,119",5:81:2|5:277:2|5:581:2
ckpt_4100.pt,5,303,0.5663805603981018,0.10021812468767166,0.467165470123291,"1,54,251,183,139","162,18,220,36,254",5:23:2|5:188:2|5:334:2
ckpt_4100.pt,5,304,0.5727258324623108,0.1017245277762413,0.5110735893249512,"160,50,140,172,98","201,146,19,53,226",5:766:2|5:1:1|5:3:1
ckpt_4100.pt,5,305,0.5387296676635742,0.1063108816742897,0.4738720953464508,"52,186,133,29,254","113,147,197,114,159",5:218:2|5:562:2|5:629:2
ckpt_4100.pt,5,306,0.6286019682884216,0.10407586395740509,0.5256584882736206,"195,209,196,206,121","22,75,4,201,169",5:59:2|5:715:2|5:796:2
ckpt_4100.pt,5,307,0.5482528805732727,0.1164071187376976,0.45197799801826477,"60,228,25,67,108","43,253,210,162,159",5:24:2|5:0:1|5:10:1
ckpt_4100.pt,5,308,0.6267368793487549,0.10347723960876465,0.5523092746734619,"33,215,57,167,152","188,25,101,174,59",5:411:2|5:978:2|5:2:1
ckpt_4100.pt,5,309,0.4976251721382141,0.08068209141492844,0.434955894947052,"255,251,158,191,27","190,19,114,113,160",5:343:2|5:644:2|5:799:2
ckpt_4100.pt,5,310,0.6254618763923645,0.1626219004392624,0.48879337310791016,"138,17,84,223,150","250,22,197,94,245",5:118:2|5:301:2|5:887:2
ckpt_4100.pt,5,311,0.5560833215713501,0.11771062761545181,0.4761855900287628,"104,223,79,120,188","171,21,43,56,39",5:12:1|5:16:1|5:17:1
ckpt_4100.pt,5,312,0.6102405190467834,0.11193981021642685,0.517070472240448,"56,69,203,21,35","177,67,160,151,204",5:161:2|5:416:2|5:11:1
ckpt_4100.pt,5,313,0.5786824822425842,0.09774273633956909,0.5037071704864502,"13,85,62,54,214","65,209,13,92,102",5:318:2|5:683:2|5:718:2
ckpt_4100.pt,5,314,0.5105546712875366,0.09670432657003403,0.4296344816684723,"176,80,225,179,209","25,159,135,182,15",5:1:1|5:2:1|5:4:1
ckpt_4100.pt,5,315,0.5381795763969421,0.10727337002754211,0.49925535917282104,"132,86,51,219,26","199,63,132,13,146",5:350:2|5:614:2|5:5:1
ckpt_4100.pt,5,316,0.5734066367149353,0.11328838765621185,0.5073952078819275,"250,125,229,116,241","29,69,6,216,253",5:457:2|5:6:1|5:39:1
ckpt_4100.pt,5,317,0.6208910346031189,0.1415448933839798,0.5065410137176514,"182,99,130,195,208","96,217,158,55,38",5:401:2|5:496:2|5:529:2
ckpt_4100.pt,5,318,0.5396581888198853,0.11693204939365387,0.4748581647872925,"214,85,41,202,37","21,31,143,241,133",5:313:2|5:355:2|5:683:2
ckpt_4100.pt,5,319,0.5118224024772644,0.10000837594270706,0.42431291937828064,"198,51,127,163,154","182,109,229,193,166",5:32:2|5:82:2|5:182:2
ckpt_4100.pt,5,320,0.5812775492668152,0.10302863270044327,0.4982115924358368,"6,207,168,78,199","212,82,246,14,29",5:872:2|5:0:1|5:7:1
ckpt_4100.pt,5,321,0.5291804671287537,0.08331315964460373,0.48020079731941223,"201,2,93,48,75","69,248,120,85,86",5:676:3|5:257:2|5:468:2
ckpt_4100.pt,5,322,0.5791276097297668,0.10103732347488403,0.5112100839614868,"109,118,25,191,68","92,112,188,73,22",5:57:2|5:117:2|5:448:2
ckpt_4100.pt,5,323,0.6065356731414795,0.12995827198028564,0.5250803232192993,"171,135,117,50,60","218,20,201,98,146",5:613:2|5:968:2|5:6:1
ckpt_4100.pt,5,324,0.5390453338623047,0.10757053643465042,0.4671347141265869,"144,248,19,236,250","141,165,122,228,100",5:618:2|5:12:1|5:44:1
ckpt_4100.pt,5,325,0.4863717257976532,0.09341496974229813,0.4353516697883606,"240,146,31,107,15","57,252,51,56,9",5:13:2|5:644:2|5:788:2
ckpt_4100.pt,5,326,0.6041331887245178,0.11172209680080414,0.4896923303604126,"229,97,61,7,161","178,68,130,93,212",5:45:2|5:581:2|5:604:2
ckpt_4100.pt,5,327,0.5463514924049377,0.09488002210855484,0.46326979994773865,"27,169,62,9,183","78,246,245,163,20",5:202:2|5:329:2|5:343:2
ckpt_4100.pt,5,328,0.47997328639030457,0.09146370738744736,0.44863051176071167,"127,20,191,17,199","247,41,18,88,21",5:911:2|5:1:1|5:3:1
ckpt_4100.pt,5,329,0.5345042943954468,0.11802387237548828,0.46702998876571655,"223,9,62,222,193","238,252,101,162,56",5:63:2|5:327:2|5:42:1
ckpt_4100.pt,5,330,0.5625389814376831,0.11709529906511307,0.4907057583332062,"195,134,116,140,91","26,123,93,5,241",5:71:2|5:334:2|5:527:2
ckpt_4100.pt,5,331,0.5282357931137085,0.12904225289821625,0.45396676659584045,"36,197,2,149,148","189,17,109,89,234",5:137:2|5:166:2|5:474:2
ckpt_4100.pt,5,332,0.49688753485679626,0.08888670057058334,0.4718964099884033,"38,14,1,62,44","151,150,176,88,208",5:87:2|5:91:2|5:146:2
ckpt_4100.pt,5,333,0.49127814173698425,0.09658170491456985,0.4432762861251831,"99,202,141,144,96","109,198,105,163,248",5:258:2|5:488:2|5:549:2
ckpt_4100.pt,5,334,0.5382785201072693,0.08616790920495987,0.47760409116744995,"195,52,140,139,183","139,60,134,222,176",5:71:2|5:283:2|5:303:2
ckpt_4100.pt,5,335,0.5114263296127319,0.09083660691976547,0.4605128765106201,"184,13,167,58,160","79,177,87,24,217",5:123:2|5:395:2|5:486:2
ckpt_4100.pt,5,336,0.45909208059310913,0.08496703952550888,0.4194779098033905,"106,57,32,17,10","116,39,239,205,244",5:450:2|5:1:1|5:12:1
ckpt_4100.pt,5,337,0.5738842487335205,0.12600506842136383,0.4825966954231262,"201,139,133,196,10","59,189,152,140,245",5:22:1|5:43:1|5:52:1
ckpt_4100.pt,5,338,0.5697249174118042,0.11352454870939255,0.49370548129081726,"86,5,131,150,229","29,88,38,0,121",5:955:3|5:157:2|5:197:2
ckpt_4100.pt,5,339,0.6107520461082458,0.12651963531970978,0.48712366819381714,"239,154,23,212,122","99,87,244,12,185",5:179:2|5:182:2|5:459:2
ckpt_4100.pt,5,340,0.5599281787872314,0.10329223424196243,0.4934613108634949,"15,188,30,213,165","237,106,203,223,162",5:77:2|5:364:2|5:536:2
ckpt_4100.pt,5,341,0.5266702771186829,0.11224289983510971,0.48576709628105164,"58,174,70,120,244","254,132,71,176,80",5:8:2|5:374:2|5:19:1
ckpt_4100.pt,5,342,0.5610633492469788,0.10371145606040955,0.4934971034526825,"4,180,45,140,25","136,238,179,142,7",5:397:2|5:756:2|5:3:1
ckpt_4100.pt,5,343,0.5252919793128967,0.09409765899181366,0.470157265663147,"251,229,27,9,31","154,62,2,94,187",5:172:2|5:202:2|5:309:2
ckpt_4100.pt,5,344,0.5007851123809814,0.11397500336170197,0.46530723571777344,"84,108,218,121,8","85,81,185,125,64",5:0:1|5:9:1|5:51:1
ckpt_4100.pt,5,345,0.6536902785301208,0.10085426270961761,0.5386247634887695,"196,12,88,1,208","86,118,213,81,172",5:435:2|5:649:2|5:713:2
ckpt_4100.pt,5,346,0.5732545852661133,0.10351688414812088,0.4858434200286865,"54,212,162,142,149","137,122,228,7,55",5:89:2|5:1:1|5:2:1
ckpt_4100.pt,5,347,0.6059740781784058,0.11520014703273773,0.48848626017570496,"137,187,117,234,229","225,165,48,34,44",5:725:2|5:6:1|5:20:1
ckpt_4100.pt,5,348,0.559005856513977,0.10519660264253616,0.4815143942832947,"183,147,233,220,86","224,204,134,218,131",5:148:2|5:187:2|5:188:2
ckpt_4100.pt,5,349,0.445484459400177,0.0995657667517662,0.43502455949783325,"182,63,40,217,210","36,102,160,146,54",5:18:2|5:158:2|5:390:2
ckpt_4100.pt,5,350,0.47123175859451294,0.09654625505208969,0.4412049949169159,"230,219,170,132,30","5,85,51,48,193",5:70:2|5:315:2|5:364:2
ckpt_4100.pt,5,351,0.5439730882644653,0.11373703926801682,0.4649970531463623,"184,37,207,50,220","144,177,151,195,230",5:187:2|5:419:2|5:538:2
ckpt_4100.pt,5,352,0.549983561038971,0.10352465510368347,0.46283718943595886,"229,109,228,13,29","181,42,45,116,8",5:47:2|5:75:2|5:569:2
ckpt_4100.pt,5,353,0.6098277568817139,0.12001405656337738,0.5597636699676514,"67,111,225,57,75","239,35,183,118,28",5:207:2|5:279:2|5:24:1
ckpt_4100.pt,5,354,0.5161987543106079,0.09869182109832764,0.47165173292160034,"161,93,159,24,152","58,45,240,29,161",5:532:2|5:719:2|5:733:2
ckpt_4100.pt,5,355,0.553938627243042,0.09915870428085327,0.4978884756565094,"75,41,239,85,112","245,233,140,22,211",5:965:3|5:257:2|5:318:2
ckpt_4100.pt,5,356,0.5165262222290039,0.10175872594118118,0.44399359822273254,"105,172,89,163,229","71,3,94,233,68",5:47:2|5:145:2|5:507:2
ckpt_4100.pt,5,357,0.5707908272743225,0.10283980518579483,0.4978824853897095,"65,251,66,9,7","145,244,236,107,246",5:343:2|5:23:1|5:27:1
ckpt_4100.pt,5,358,0.5198149681091309,0.10391867905855179,0.4447624981403351,"174,166,125,179,192","17,30,2,73,209",5:1:1|5:2:1|5:6:1
ckpt_4100.pt,5,359,0.4344201683998108,0.08723615854978561,0.3847089409828186,"172,116,244,11,22","253,127,77,164,191",5:108:2|5:192:2|5:23:1
ckpt_4100.pt,5,360,0.4993859529495239,0.09564492106437683,0.43216589093208313,"114,173,92,15,147","10,23,90,14,179",5:832:2|5:0:1|5:3:1
ckpt_4100.pt,5,361,0.5977685451507568,0.10055136680603027,0.5239007472991943,"58,41,54,216,201","51,219,179,38,3",5:185:2|5:374:2|5:596:2
ckpt_4100.pt,5,362,0.5489344596862793,0.10006590187549591,0.4576652944087982,"141,33,166,156,0","11,127,209,67,179",5:136:2|5:206:2|5:229:2
ckpt_4100.pt,5,363,0.48477962613105774,0.08121427148580551,0.440968781709671,"99,219,80,243,127","146,90,123,14,247",5:17:2|5:121:2|5:405:2
ckpt_4100.pt,5,364,0.5794883966445923,0.11241725087165833,0.5113843679428101,"213,30,198,47,219","94,115,47,49,156",5:192:2|5:224:2|5:340:2
ckpt_4100.pt,5,365,0.5584765076637268,0.12299387156963348,0.49648550152778625,"65,216,208,39,6","70,91,167,226,63",5:155:2|5:803:2|5:901:2
ckpt_4100.pt,5,366,0.5373876094818115,0.11728353053331375,0.4743858277797699,"90,3,232,166,226","45,191,94,89,39",5:5:1|5:15:1|5:25:1
ckpt_4100.pt,5,367,0.5361074209213257,0.10309074074029922,0.4878654181957245,"5,171,124,128,95","25,233,226,34,237",5:513:2|5:638:2|5:860:2
ckpt_4100.pt,5,368,0.5249271988868713,0.08678726106882095,0.443325936794281,"231,83,1,199,31","43,160,193,41,238",5:590:2|5:850:2|5:13:1
ckpt_4100.pt,5,369,0.568886399269104,0.10944285243749619,0.4874933958053589,"26,87,58,40,150","124,228,18,153,210",5:887:2|5:0:1|5:3:1
ckpt_4100.pt,5,370,0.3967927098274231,0.0840584933757782,0.368810772895813,"127,171,115,47,56","252,55,250,15,167",5:48:2|5:937:2|5:7:1
ckpt_4100.pt,5,371,0.6011795401573181,0.13351625204086304,0.48099827766418457,"189,230,144,181,234","146,219,227,58,202",5:29:1|5:44:1|5:106:1
ckpt_4100.pt,5,372,0.5862303972244263,0.11333021521568298,0.5029521584510803,"229,188,200,74,21","157,73,179,225,238",5:131:2|5:256:2|5:955:2
ckpt_4100.pt,5,373,0.5260909199714661,0.12288141995668411,0.4598483145236969,"222,182,234,240,48","53,252,105,57,223",5:522:2|5:658:2|5:3:1
ckpt_4100.pt,5,374,0.5422371625900269,0.10251886397600174,0.4726772904396057,"216,137,70,5,58","224,179,181,177,96",5:341:2|5:361:2|5:671:2
ckpt_4100.pt,5,375,0.5562986731529236,0.11884099990129471,0.4841387867927551,"23,232,71,211,128","131,51,125,213,67",5:215:2|5:762:2|5:1011:2
ckpt_4100.pt,5,376,0.5051404237747192,0.1117829829454422,0.46058350801467896,"189,168,160,211,39","76,14,11,171,78",5:106:2|5:803:2|5:872:2
ckpt_4100.pt,5,377,0.5745055675506592,0.11180557310581207,0.47628986835479736,"56,45,189,248,10","156,16,63,248,211",5:450:2|5:12:1|5:18:1
ckpt_4100.pt,5,378,0.5042135715484619,0.08388660103082657,0.45919257402420044,"221,63,178,24,83","41,152,247,185,176",5:175:2|5:784:2|5:14:1
ckpt_4100.pt,5,379,0.6410132646560669,0.11179158091545105,0.5516897439956665,"152,38,70,163,143","222,112,144,100,204",5:772:2|5:8:1|5:17:1
ckpt_4100.pt,5,380,0.580333411693573,0.10191615670919418,0.49720528721809387,"249,174,73,98,69","239,18,69,175,213",5:262:2|5:492:2|5:1:1
ckpt_4100.pt,5,381,0.5884402990341187,0.10829398036003113,0.4829123020172119,"170,111,97,52,79","64,32,127,93,80",5:200:2|5:914:2|5:958:2
ckpt_4100.pt,5,382,0.6872032284736633,0.11048008501529694,0.5363109707832336,"83,117,142,139,164","84,240,242,254,82",5:301:2|5:705:2|5:1:1
ckpt_4100.pt,5,383,0.5702642202377319,0.09881913661956787,0.517855167388916,"117,5,191,84,194","89,232,80,82,100",5:57:2|5:284:2|5:549:2
ckpt_4100.pt,5,384,0.7201734781265259,0.1516365110874176,0.5375522375106812,"95,91,243,118,223","148,104,167,242,54",5:133:2|5:27:1|5:28:1
ckpt_4100.pt,5,385,0.5314527153968811,0.13151291012763977,0.45916569232940674,"198,131,20,39,22","34,241,48,20,159",5:392:2|5:758:2|5:803:2
ckpt_4100.pt,5,386,0.5813911557197571,0.09952350705862045,0.5040026307106018,"75,207,182,163,185","32,202,79,44,61",5:69:2|5:808:2|5:3:1
ckpt_4100.pt,5,387,0.5555902123451233,0.11205898225307465,0.48526731133461,"56,159,40,131,146","141,40,192,85,17",5:154:2|5:18:1|5:19:1
ckpt_4100.pt,5,388,0.4597982168197632,0.08018549531698227,0.40949270129203796,"121,82,54,176,205","59,51,211,6,16",5:68:2|5:429:2|5:577:2
ckpt_4100.pt,5,389,0.5632985830307007,0.11002717912197113,0.46923378109931946,"241,17,86,48,159","49,103,28,126,249",5:1:1|5:22:1|5:27:1
ckpt_4100.pt,5,390,0.4908217787742615,0.10082338005304337,0.4276278614997864,"40,86,182,61,255","217,33,80,135,98",5:349:2|5:503:2|5:813:2
ckpt_4100.pt,5,391,0.5517556667327881,0.0999046191573143,0.4995286464691162,"196,107,41,253,119","70,217,57,243,248",5:124:2|5:248:2|5:638:2
ckpt_4100.pt,5,392,0.5596917271614075,0.08892153203487396,0.5090506672859192,"32,131,239,198,145","226,37,34,42,98",5:385:2|5:9:1|5:19:1
ckpt_4100.pt,5,393,0.5467632412910461,0.10402011126279831,0.44610080122947693,"226,180,60,168,13","248,52,13,114,173",5:1014:2|5:7:1|5:15:1
ckpt_4100.pt,5,394,0.4218241274356842,0.07343626767396927,0.37035486102104187,"23,238,254,99,124","245,192,158,189,199",5:4:2|5:609:2|5:727:2
ckpt_4100.pt,5,395,0.5981436371803284,0.11875908821821213,0.5378014445304871,"99,170,13,160,248","206,28,5,38,223",5:107:2|5:335:2|5:486:2
ckpt_4100.pt,5,396,0.5920690894126892,0.10286784917116165,0.48980626463890076,"85,231,147,52,242","37,144,149,11,203",5:29:2|5:162:2|5:245:2
ckpt_4100.pt,5,397,0.5312774777412415,0.09747416526079178,0.44618409872055054,"113,140,34,180,221","27,113,77,32,225",5:342:2|5:585:2|5:642:2
ckpt_4100.pt,5,398,0.6068782806396484,0.12103349715471268,0.534703254699707,"21,126,206,210,228","102,214,223,208,97",5:488:2|5:41:1|5:53:1
ckpt_4100.pt,5,399,0.528403639793396,0.11576231569051743,0.46710509061813354,"43,151,46,164,34","165,15,28,198,255",5:854:2|5:916:2|5:1:1
ckpt_4100.pt,5,400,0.503106415271759,0.08494743704795837,0.4207543134689331,"217,157,59,86,2","208,13,152,68,242",5:670:2|5:834:2|5:18:1
ckpt_4100.pt,5,401,0.5389384031295776,0.08767935633659363,0.49681591987609863,"149,182,208,179,201","191,11,78,154,26",5:299:2|5:317:2|5:529:2
ckpt_4100.pt,5,402,0.49805739521980286,0.09382113814353943,0.45643675327301025,"65,36,104,202,29","171,188,169,129,73",5:438:3|5:170:2|5:803:2
ckpt_4100.pt,5,403,0.5149451494216919,0.11231836676597595,0.44582226872444153,"194,169,120,225,226","112,233,171,125,58",5:982:2|5:12:1|5:25:1
ckpt_4100.pt,5,404,0.48134827613830566,0.09909658133983612,0.46735647320747375,"173,229,152,132,6","156,182,75,120,215",5:79:2|5:855:2|5:1016:2
ckpt_4100.pt,5,405,0.47759810090065,0.0940324068069458,0.4252941608428955,"219,239,175,57,243","209,228,75,120,150",5:363:2|5:5:1|5:17:1
ckpt_4100.pt,5,406,0.53062504529953,0.1049877405166626,0.49941304326057434,"34,69,183,242,146","181,94,51,131,163",5:442:2|5:695:2|5:18:1
ckpt_4100.pt,5,407,0.4896817207336426,0.08118945360183716,0.4499920904636383,"217,216,133,187,112","233,226,58,223,228",5:1003:2|5:2:1|5:9:1
ckpt_4100.pt,5,408,0.5729092955589294,0.10716747492551804,0.49932435154914856,"154,130,7,38,89","4,222,180,149,121",5:34:2|5:892:2|5:14:1
ckpt_4100.pt,5,409,0.5293663740158081,0.09176628291606903,0.46126773953437805,"9,16,26,36,218","181,226,139,17,213",5:42:1|5:51:1|5:54:1
ckpt_4100.pt,5,410,0.5547620058059692,0.09788346290588379,0.4624415338039398,"135,194,243,0,71","226,81,59,85,121",5:291:2|5:737:2|5:16:1
ckpt_4100.pt,5,411,0.6421300172805786,0.13082951307296753,0.4914453327655792,"167,239,185,62,152","183,219,5,194,210",5:94:2|5:308:2|5:455:2
ckpt_4100.pt,5,412,0.5575045347213745,0.1081554964184761,0.4761308431625366,"242,156,44,209,58","223,184,22,136,214",5:825:2|5:950:2|5:0:1
ckpt_4100.pt,5,413,0.6045260429382324,0.1076187714934349,0.5212637186050415,"115,247,179,87,137","52,32,152,168,22",5:7:2|5:605:2|5:0:1
ckpt_4100.pt,5,414,0.5244701504707336,0.11757981777191162,0.4770989716053009,"110,236,140,219,55","236,114,170,182,209",5:221:2|5:682:2|5:869:2
ckpt_4100.pt,5,415,0.5159118175506592,0.10000904649496078,0.44085678458213806,"227,101,22,199,193","210,125,30,212,146",5:616:2|5:885:2|5:38:1
ckpt_4100.pt,5,416,0.569284200668335,0.0993342325091362,0.47616055607795715,"21,20,35,45,23","70,246,99,98,69",5:131:2|5:312:2|5:426:2
ckpt_4100.pt,5,417,0.5935612916946411,0.13589708507061005,0.4755728840827942,"170,76,135,16,209","131,172,166,69,114",5:4:1|5:16:1|5:18:1
ckpt_4100.pt,5,418,0.6110590100288391,0.10554160922765732,0.514369547367096,"221,198,65,106,4","60,57,135,146,86",5:170:2|5:182:2|5:266:2
ckpt_4100.pt,5,419,0.4595372974872589,0.09060093015432358,0.437761127948761,"27,195,50,207,217","66,207,192,136,62",5:351:2|5:495:2|5:906:2
ckpt_4100.pt,5,420,0.48903316259384155,0.08500360697507858,0.4638739228248596,"43,189,116,146,68","45,131,12,137,165",5:181:2|5:637:2|5:14:1
ckpt_4100.pt,5,421,0.564321756362915,0.08860061317682266,0.5080799460411072,"97,190,231,42,195","159,86,98,181,208",5:868:2|5:947:2|5:21:1
ckpt_4100.pt,5,422,0.5233277678489685,0.09235686808824539,0.4499005377292633,"193,36,7,51,25","32,182,255,39,196",5:50:2|5:63:2|5:534:2
ckpt_4100.pt,5,423,0.6035521626472473,0.12398647516965866,0.47908690571784973,"112,220,123,71,228","109,3,62,247,227",5:75:2|5:127:2|5:148:2
ckpt_4100.pt,5,424,0.5536637902259827,0.09654953330755234,0.5137225985527039,"224,24,154,119,60","137,164,14,129,117",5:209:2|5:214:2|5:798:2
ckpt_4100.pt,5,425,0.5483899116516113,0.11159998923540115,0.46887660026550293,"28,138,201,206,25","127,28,238,217,174",5:1007:2|5:10:1|5:45:1
ckpt_4100.pt,5,426,0.5451034307479858,0.11604273319244385,0.4935184121131897,"55,154,20,45,158","214,38,255,67,39",5:238:2|5:416:2|5:625:2
ckpt_4100.pt,5,427,0.5091034770011902,0.0869595929980278,0.46981340646743774,"84,78,231,71,246","174,152,89,172,142",5:118:2|5:281:2|5:566:2
ckpt_4100.pt,5,428,0.49737846851348877,0.12033621966838837,0.47120919823646545,"54,143,125,6,221","33,6,28,126,133",5:594:2|5:718:2|5:1016:2
ckpt_4100.pt,5,429,0.5746530294418335,0.11458150297403336,0.4558381140232086,"82,205,181,9,172","234,233,70,211,217",5:68:2|5:388:2|5:436:2
ckpt_4100.pt,5,430,0.5355427861213684,0.08901327848434448,0.4602755606174469,"114,26,43,49,226","235,117,194,173,32",5:58:2|5:230:2|5:586:2
ckpt_4100.pt,5,431,0.615632951259613,0.1476273089647293,0.5095615983009338,"92,32,61,100,62","146,237,227,220,212",5:764:2|5:0:1|5:32:1
ckpt_4100.pt,5,432,0.5865033268928528,0.11624502390623093,0.4778386354446411,"64,59,13,79,247","146,211,20,3,175",5:12:1|5:14:1|5:16:1
ckpt_4100.pt,5,433,0.49475765228271484,0.09880059212446213,0.46080508828163147,"50,107,215,3,65","72,34,170,103,146",5:589:2|5:901:2|5:5:1
ckpt_4100.pt,5,434,0.5529446601867676,0.1014084666967392,0.5286790132522583,"154,46,146,27,182","194,59,230,159,180",5:286:2|5:903:2|5:3:1
ckpt_4100.pt,5,435,0.6961452960968018,0.11657015979290009,0.5782074332237244,"147,12,86,161,1","11,35,56,55,104",5:345:2|5:348:2|5:2:1
ckpt_4100.pt,5,436,0.5570405125617981,0.10386205464601517,0.4733993411064148,"9,181,147,107,171","237,62,51,218,170",5:189:2|5:283:2|5:429:2
ckpt_4100.pt,5,437,0.4580566883087158,0.08647331595420837,0.43241599202156067,"153,140,159,226,8","24,12,76,41,57",5:3:1|5:25:1|5:35:1
ckpt_4100.pt,5,438,0.5204871892929077,0.08295930176973343,0.4368981719017029,"29,172,67,202,104","104,65,227,145,95",5:402:3|5:872:2|5:7:1
ckpt_4100.pt,5,439,0.5316961407661438,0.09803721308708191,0.49023690819740295,"144,70,76,12,199","107,2,20,73,67",5:929:2|5:998:2|5:2:1
ckpt_4100.pt,5,440,0.630815327167511,0.13485687971115112,0.5084201097488403,"77,143,61,64,60","206,187,52,56,171",5:271:2|5:678:2|5:17:1
ckpt_4100.pt,5,441,0.4940280616283417,0.09525773674249649,0.43865829706192017,"141,209,105,123,182","49,156,24,174,43",5:529:2|5:789:2|5:3:1
ckpt_4100.pt,5,442,0.5840200185775757,0.11132462322711945,0.4490787982940674,"56,30,31,242,34","90,69,22,185,24",5:18:2|5:259:2|5:406:2
ckpt_4100.pt,5,443,0.5279899835586548,0.10003416985273361,0.44052553176879883,"52,80,27,37,40","116,44,61,221,117",5:202:2|5:559:2|5:20:1
ckpt_4100.pt,5,444,0.5564470887184143,0.10559479892253876,0.4711959660053253,"44,85,163,142,36","91,170,82,17,111",5:108:2|5:170:2|5:548:2
ckpt_4100.pt,5,445,0.5605860352516174,0.1164114773273468,0.4581098258495331,"108,5,224,214,118","85,204,13,91,226",5:60:2|5:206:2|5:214:2
ckpt_4100.pt,5,446,0.5289701819419861,0.09763669222593307,0.49071747064590454,"98,194,153,195,7","74,240,137,117,72",5:43:2|5:64:2|5:906:2
ckpt_4100.pt,5,447,0.5374683141708374,0.09571186453104019,0.4840850532054901,"85,144,51,204,128","188,6,135,31,250",5:150:2|5:8:1|5:26:1
ckpt_4100.pt,5,448,0.6278361678123474,0.11575260013341904,0.5198726058006287,"25,70,118,84,189","243,136,10,37,123",5:322:2|5:8:1|5:9:1
ckpt_4100.pt,5,449,0.572005033493042,0.09719518572092056,0.5033131837844849,"54,115,61,174,224","179,217,26,219,67",5:8:2|5:60:2|5:630:2
ckpt_4100.pt,5,450,0.45595332980155945,0.09146205335855484,0.43902429938316345,"45,10,220,57,199","10,195,3,28,155",5:336:2|5:377:2|5:571:2
ckpt_4100.pt,5,451,0.5028247237205505,0.10013873130083084,0.4581102728843689,"5,233,78,188,111","216,171,123,47,197",5:287:2|5:726:2|5:0:1
ckpt_4100.pt,5,452,0.6171106696128845,0.11961429566144943,0.4640519320964813,"13,166,74,93,137","58,139,168,108,132",5:467:2|5:15:1|5:31:1
ckpt_4100.pt,5,453,0.5102611780166626,0.0919012576341629,0.4887334108352661,"244,204,134,71,33","33,89,54,158,51",5:244:2|5:558:2|5:591:2
ckpt_4100.pt,5,454,0.5776509642601013,0.119027279317379,0.4801887273788452,"208,204,187,205,170","255,210,232,117,202",5:778:2|5:901:2|5:18:1
ckpt_4100.pt,5,455,0.590806782245636,0.11135022342205048,0.5173120498657227,"62,164,84,152,195","235,186,181,195,71",5:301:2|5:411:2|5:495:2
ckpt_4100.pt,5,456,0.548663318157196,0.10530757904052734,0.46258145570755005,"67,178,153,88,131","224,128,230,239,36",5:197:2|5:19:1|5:24:1
ckpt_4100.pt,5,457,0.447589248418808,0.07350025326013565,0.4076765775680542,"92,241,229,201,72","132,13,86,253,48",5:75:2|5:316:2|5:855:2
ckpt_4100.pt,5,458,0.5660109519958496,0.131772980093956,0.4981202185153961,"252,212,158,254,173","93,251,118,30,197",5:196:2|5:300:2|5:583:2
ckpt_4100.pt,5,459,0.5604880452156067,0.11242794990539551,0.46740177273750305,"154,191,162,23,143","186,98,4,203,153",5:168:2|5:182:2|5:339:2
ckpt_4100.pt,5,460,0.5694360136985779,0.10288648307323456,0.485398530960083,"73,192,211,124,183","28,14,157,5,95",5:750:2|5:763:2|5:4:1
ckpt_4100.pt,5,461,0.5412846803665161,0.10177966952323914,0.48686590790748596,"199,103,226,106,75","75,249,50,45,180",5:759:2|5:885:2|5:929:2
ckpt_4100.pt,5,462,0.569369375705719,0.11140839755535126,0.4814075827598572,"81,50,134,162,164","150,216,110,48,112",5:186:2|5:226:2|5:264:2
ckpt_4100.pt,5,463,0.5823375582695007,0.09710782766342163,0.5059285759925842,"72,103,253,225,102","73,153,57,44,144",5:10:1|5:26:1|5:34:1
ckpt_4100.pt,5,464,0.537567138671875,0.12149646878242493,0.4512954354286194,"71,160,57,144,228","114,204,113,21,96",5:251:2|5:423:2|5:25:1
ckpt_4100.pt,5,465,0.6455751061439514,0.13317742943763733,0.5289591550827026,"190,172,221,71,212","34,188,133,239,136",5:52:2|5:742:2|5:2:1
ckpt_4100.pt,5,466,0.48566147685050964,0.08037028461694717,0.47185641527175903,"209,94,106,24,231","46,179,61,27,224",5:58:2|5:113:2|5:707:2
ckpt_4100.pt,5,467,0.5776243209838867,0.10331475734710693,0.4986426532268524,"0,137,93,168,214","99,94,69,194,239",5:206:2|5:452:2|5:550:2
ckpt_4100.pt,5,468,0.6296067833900452,0.10847972333431244,0.5109725594520569,"75,201,137,184,228","27,77,242,116,130",5:321:2|5:974:2|5:33:1
ckpt_4100.pt,5,469,0.57065749168396,0.16018854081630707,0.4902523159980774,"92,185,112,250,228","209,96,86,232,21",5:75:2|5:275:2|5:423:2
ckpt_4100.pt,5,470,0.6085271835327148,0.11156654357910156,0.5285447239875793,"220,86,136,58,102","77,223,0,129,225",5:22:2|5:110:2|5:148:2
ckpt_4100.pt,5,471,0.521930992603302,0.09365285933017731,0.4607657790184021,"28,130,91,121,76","189,228,70,130,148",5:27:1|5:34:1|5:49:1
ckpt_4100.pt,5,472,0.5934298038482666,0.08942970633506775,0.4731528162956238,"245,228,96,77,135","186,187,159,167,48",5:40:2|5:904:2|5:5:1
ckpt_4100.pt,5,473,0.5989923477172852,0.10079630464315414,0.4603792726993561,"20,224,147,71,49","188,207,150,15,192",5:162:2|5:8:1|5:21:1
ckpt_4100.pt,5,474,0.4983271062374115,0.09576740115880966,0.4343564510345459,"66,230,2,174,36","171,230,201,216,108",5:166:2|5:331:2|5:913:2
ckpt_4100.pt,5,475,0.503941535949707,0.1468966007232666,0.44371774792671204,"41,250,99,70,95","117,192,216,253,135",5:970:2|5:4:1|5:8:1
ckpt_4100.pt,5,476,0.5631235241889954,0.1077590212225914,0.48284968733787537,"7,32,2,205,213","137,157,46,160,131",5:285:2|5:833:2|5:852:2
ckpt_4100.pt,5,477,0.6202816367149353,0.12596450746059418,0.48339658975601196,"61,56,238,235,12","161,197,130,28,145",5:161:2|5:2:1|5:11:1
ckpt_4100.pt,5,478,0.5873078107833862,0.10489967465400696,0.5366638898849487,"201,65,214,105,15","121,73,1,239,76",5:135:2|5:749:2|5:841:2
ckpt_4100.pt,5,479,0.5440541505813599,0.1032508984208107,0.4856277406215668,"185,78,189,91,94","206,18,89,214,126",5:664:2|5:0:1|5:15:1
ckpt_4100.pt,5,480,0.6500088572502136,0.14233984053134918,0.5193265080451965,"43,8,76,188,244","154,92,233,180,132",5:83:2|5:181:2|5:586:2
ckpt_4100.pt,5,481,0.5324974060058594,0.08621726930141449,0.49634185433387756,"251,5,109,238,198","39,179,198,115,121",5:574:2|5:13:1|5:17:1
ckpt_4100.pt,5,482,0.48958420753479004,0.08490235358476639,0.4577119052410126,"218,172,155,57,230","90,74,101,9,129",5:46:2|5:269:2|5:291:2
ckpt_4100.pt,5,483,0.5757352709770203,0.11779917776584625,0.496788889169693,"90,212,198,122,86","3,204,33,153,42",5:160:2|5:179:2|5:339:2
ckpt_4100.pt,5,484,0.5837032794952393,0.11863414943218231,0.47019076347351074,"86,0,125,138,177","68,133,42,149,204",5:6:1|5:22:1|5:45:1
ckpt_4100.pt,5,485,0.5745314955711365,0.08688044548034668,0.49568668007850647,"27,196,0,235,47","153,137,16,252,236",5:100:2|5:11:1|5:19:1
ckpt_4100.pt,5,486,0.4796447157859802,0.08719345927238464,0.40396514534950256,"105,13,160,114,148","146,165,208,72,81",5:335:2|5:395:2|5:508:2
ckpt_4100.pt,5,487,0.5002145171165466,0.12178678810596466,0.478610634803772,"25,32,160,74,124","190,60,156,183,228",5:504:2|5:4:1|5:10:1
ckpt_4100.pt,5,488,0.5606195330619812,0.10583540052175522,0.4629592299461365,"75,206,99,202,126","5,82,1,13,168",5:333:2|5:398:2|5:991:2
ckpt_4100.pt,5,489,0.5714924931526184,0.1269981563091278,0.5093725323677063,"215,34,118,229,27","187,35,138,152,222",5:343:2|5:886:2|5:18:1
ckpt_4100.pt,5,490,0.5494046807289124,0.08976303786039352,0.494734525680542,"212,161,143,39,53","23,27,158,195,169",5:819:2|5:1018:2|5:2:1
ckpt_4100.pt,5,491,0.5224261283874512,0.09736443310976028,0.4396193325519562,"210,57,182,88,16","45,6,153,65,70",5:156:2|5:349:2|5:903:2
ckpt_4100.pt,5,492,0.5768997073173523,0.11325579136610031,0.48240602016448975,"58,249,217,233,73","240,149,229,241,186",5:67:2|5:380:2|5:750:2
ckpt_4100.pt,5,493,0.5751991868019104,0.09864942729473114,0.48161667585372925,"136,217,154,235,230","172,60,175,248,128",5:668:2|5:879:2|5:951:2
ckpt_4100.pt,5,494,0.5601829290390015,0.09589052945375443,0.5101386308670044,"233,68,153,3,252","65,69,37,20,100",5:57:2|5:5:1|5:37:1
ckpt_4100.pt,5,495,0.5026245713233948,0.11684055626392365,0.48623523116111755,"195,207,84,1,159","81,42,232,178,50",5:419:2|5:455:2|5:677:2
ckpt_4100.pt,5,496,0.540162980556488,0.11480620503425598,0.4628852605819702,"102,195,14,99,189","251,118,181,25,28",5:317:2|5:602:2|5:906:2
ckpt_4100.pt,5,497,0.5536508560180664,0.0990995317697525,0.47309431433677673,"128,228,169,189,215","99,46,32,230,114",5:722:2|5:857:2|5:889:2
ckpt_4100.pt,5,498,0.6133679747581482,0.11453168839216232,0.5347847938537598,"248,154,148,168,233","215,153,196,190,94",5:501:2|5:618:2|5:668:2
ckpt_4100.pt,5,499,0.6542285084724426,0.14935271441936493,0.476532906293869,"191,122,67,120,43","51,229,157,34,142",5:83:2|5:180:2|5:3:1
ckpt_4100.pt,5,500,0.5651838183403015,0.13359104096889496,0.4994093179702759,"215,85,186,45,151","222,201,240,200,136",5:221:2|5:540:2|5:1:1
ckpt_4100.pt,5,501,0.5303481221199036,0.10461331158876419,0.44218897819519043,"51,168,15,237,154","172,223,99,201,44",5:32:2|5:105:2|5:319:2
ckpt_4100.pt,5,502,0.5505196452140808,0.11958729475736618,0.4593539834022522,"136,166,164,251,67","14,51,65,233,211",5:572:2|5:876:2|5:13:1
ckpt_4100.pt,5,503,0.5229069590568542,0.09649104624986649,0.4538567364215851,"214,79,86,255,254","230,236,71,221,113",5:144:2|5:218:2|5:390:2
ckpt_4100.pt,5,504,0.612034261226654,0.11275330185890198,0.544244110584259,"74,150,234,25,96","77,15,174,225,123",5:487:2|5:700:2|5:5:1
ckpt_4100.pt,5,505,0.5744646191596985,0.10877017676830292,0.47951164841651917,"139,16,122,176,168","27,93,168,207,152",5:782:2|5:7:1|5:15:1
ckpt_4100.pt,5,506,0.4841090142726898,0.08099973946809769,0.41051185131073,"131,30,253,140,214","112,238,114,255,184",5:70:2|5:197:2|5:268:2
ckpt_4100.pt,5,507,0.5550083518028259,0.10203931480646133,0.4960315525531769,"89,88,172,27,102","254,172,177,141,11",5:356:2|5:14:1|5:35:1
ckpt_4100.pt,5,508,0.5459510087966919,0.11331859230995178,0.4885345995426178,"88,160,158,133,105","201,49,121,60,149",5:486:2|5:631:2|5:700:2
ckpt_4100.pt,5,509,0.6099646687507629,0.09578783810138702,0.5477455258369446,"224,176,166,127,189","21,215,50,155,103",5:572:2|5:902:2|5:8:1
ckpt_4100.pt,5,510,0.5055910348892212,0.09417204558849335,0.46171295642852783,"113,51,179,215,127","37,230,20,82,101",5:32:2|5:274:2|5:319:2
ckpt_4100.pt,5,511,0.6113480925559998,0.1065753623843193,0.48887255787849426,"162,83,69,28,71","49,195,115,68,216",5:77:2|5:8:1|5:14:1
ckpt_4100.pt,5,512,0.5370063185691833,0.10087064653635025,0.47686296701431274,"116,40,127,206,23","72,226,92,2,254",5:919:2|5:12:1|5:17:1
ckpt_4100.pt,5,513,0.563849925994873,0.1126781702041626,0.5039838552474976,"128,52,124,150,108","193,249,34,90,240",5:367:2|5:0:1|5:4:1
ckpt_4100.pt,5,514,0.51528000831604,0.11458642780780792,0.4375554323196411,"177,248,207,80,123","7,1,51,237,242",5:76:2|5:528:2|5:793:2
ckpt_4100.pt,5,515,0.5735825896263123,0.11789139360189438,0.49174198508262634,"169,84,170,29,156","102,142,13,12,97",5:193:2|5:542:2|5:825:2
ckpt_4100.pt,5,516,0.63140469789505,0.13041043281555176,0.5262050628662109,"46,29,116,207,243","237,31,11,124,164",5:637:2|5:737:2|5:960:2
ckpt_4100.pt,5,517,0.4969969093799591,0.10315829515457153,0.4472229480743408,"190,177,182,254,60","112,169,101,104,23",5:62:2|5:903:2|5:3:1
ckpt_4100.pt,5,518,0.5380840301513672,0.10186309367418289,0.48392704129219055,"55,145,52,7,235","168,97,54,57,85",5:203:2|5:530:2|5:867:2
ckpt_4100.pt,5,519,0.5216362476348877,0.08781493455171585,0.4731820821762085,"154,140,218,165,86","195,92,88,163,227",5:185:2|5:536:2|5:648:2
ckpt_4100.pt,5,520,0.4938376843929291,0.09065734595060349,0.4167024791240692,"32,73,171,49,169","7,229,45,143,121",5:546:2|5:12:1|5:21:1
ckpt_4100.pt,5,521,0.48373880982398987,0.08908594399690628,0.45485612750053406,"190,50,187,173,161","151,242,79,101,25",5:174:2|5:196:2|5:1018:2
ckpt_4100.pt,5,522,0.5572868585586548,0.11341385543346405,0.4839469790458679,"222,64,234,248,217","189,143,99,106,132",5:44:2|5:76:2|5:373:2
ckpt_4100.pt,5,523,0.5713502168655396,0.11132407933473587,0.5071068406105042,"112,171,27,226,222","208,4,159,33,194",5:35:2|5:669:2|5:929:2
ckpt_4100.pt,5,524,0.4989478886127472,0.09513678401708603,0.4416291117668152,"212,191,141,95,13","115,4,153,26,159",5:222:2|5:549:2|5:981:2
ckpt_4100.pt,5,525,0.6183390617370605,0.11931823194026947,0.4960614740848541,"62,253,113,83,197","110,122,234,205,188",5:90:2|5:208:2|5:634:2
ckpt_4100.pt,5,526,0.6107268929481506,0.12009111791849136,0.5304012894630432,"66,22,50,68,156","21,121,204,44,206",5:0:1|5:13:1|5:32:1
ckpt_4100.pt,5,527,0.5234224200248718,0.1274767816066742,0.5010163187980652,"133,195,129,89,140","119,167,43,26,172",5:43:2|5:71:2|5:330:2
ckpt_4100.pt,5,528,0.5823343396186829,0.10436298698186874,0.47293707728385925,"18,77,49,177,80","8,190,103,241,217",5:514:2|5:4:1|5:21:1
ckpt_4100.pt,5,529,0.5359218120574951,0.09348691999912262,0.5050475597381592,"178,182,183,208,105","56,224,62,53,99",5:317:2|5:401:2|5:441:2
ckpt_4100.pt,5,530,0.5635567307472229,0.09307563304901123,0.48575258255004883,"235,48,162,108,55","105,150,168,59,161",5:142:3|5:186:2|5:203:2
ckpt_4100.pt,5,531,0.5065492987632751,0.08217676728963852,0.4503554701805115,"35,165,60,167,240","12,149,207,209,88",5:598:2|5:744:2|5:971:2
ckpt_4100.pt,5,532,0.5365302562713623,0.09751792997121811,0.4925841987133026,"186,152,93,56,79","43,144,74,35,220",5:354:2|5:12:1|5:16:1
ckpt_4100.pt,5,533,0.5741216540336609,0.12659655511379242,0.5055409669876099,"129,240,141,225,49","29,232,137,61,242",5:21:1|5:23:1|5:26:1
ckpt_4100.pt,5,534,0.5287507176399231,0.09852083027362823,0.48421022295951843,"28,117,114,7,193","124,231,5,103,244",5:63:2|5:230:2|5:422:2
ckpt_4100.pt,5,535,0.5224512219429016,0.10910509526729584,0.4711434245109558,"63,11,145,164,106","69,170,14,82,147",5:965:2|5:9:1|5:12:1
ckpt_4100.pt,5,536,0.5450692772865295,0.08906680345535278,0.49089765548706055,"213,149,140,245,165","61,215,231,4,88",5:340:2|5:519:2|5:952:2
ckpt_4100.pt,5,537,0.5131588578224182,0.11536634713411331,0.46989721059799194,"10,137,120,165,108","200,27,167,126,24",5:0:1|5:60:1|5:62:1
ckpt_4100.pt,5,538,0.6277914643287659,0.12774226069450378,0.5134666562080383,"50,220,5,93,36","3,173,93,73,229",5:351:2|5:17:1|5:21:1
ckpt_4100.pt,5,539,0.6688838005065918,0.12185538560152054,0.5194867849349976,"244,190,241,9,214","244,30,22,5,155",5:82:2|5:194:2|5:705:2
ckpt_4100.pt,5,540,0.5111661553382874,0.10969212651252747,0.43823912739753723,"215,141,45,183,84","152,182,252,142,237",5:23:2|5:221:2|5:500:2
ckpt_4100.pt,5,541,0.5511372685432434,0.10866335034370422,0.477079838514328,"255,98,63,231,193","60,82,201,153,118",5:27:2|5:1:1|5:4:1
ckpt_4100.pt,5,542,0.4772370755672455,0.10245572030544281,0.44181323051452637,"29,205,234,169,164","175,19,130,239,103",5:515:2|5:572:2|5:894:2
ckpt_4100.pt,5,543,0.5113702416419983,0.08748582005500793,0.4773213863372803,"68,10,36,147,247","42,187,85,140,144",5:14:1|5:29:1|5:57:1
ckpt_4100.pt,5,544,0.5468514561653137,0.10662677139043808,0.4971497356891632,"254,22,152,61,44","248,187,70,139,230",5:761:2|5:802:2|5:979:2
ckpt_4100.pt,5,545,0.566607654094696,0.11166207492351532,0.5331555604934692,"109,22,112,248,49","252,141,17,90,192",5:641:2|5:1012:2|5:2:1
ckpt_4100.pt,5,546,0.5663564205169678,0.09180621057748795,0.5000364184379578,"213,73,49,130,5","5,84,132,10,155",5:21:2|5:520:2|5:653:2
ckpt_4100.pt,5,547,0.43495431542396545,0.07744802534580231,0.4084048271179199,"176,11,14,181,45","13,213,188,78,45",5:51:2|5:205:2|5:938:2
ckpt_4100.pt,5,548,0.5997942686080933,0.11913855373859406,0.5142989158630371,"163,211,153,85,231","99,255,160,227,53",5:64:2|5:255:2|5:396:2
ckpt_4100.pt,5,549,0.6152821779251099,0.09864349663257599,0.4920790195465088,"99,141,191,5,176","241,209,249,17,98",5:157:2|5:333:2|5:383:2
ckpt_4100.pt,5,550,0.5053001642227173,0.1156831607222557,0.4464477002620697,"137,0,173,1,133","168,165,163,221,88",5:188:2|5:467:2|5:15:1
ckpt_4100.pt,5,551,0.5027772784233093,0.10169398784637451,0.4337834417819977,"98,93,57,4,168","57,126,144,28,90",5:15:2|5:30:2|5:207:2
ckpt_4100.pt,5,552,0.5891216397285461,0.11035645008087158,0.502609133720398,"207,138,99,57,165","84,168,156,83,89",5:656:2|5:970:2|5:4:1
ckpt_4100.pt,5,553,0.5737974643707275,0.10361901670694351,0.5047805309295654,"151,99,245,176,123","224,108,182,211,84",5:549:2|5:611:2|5:1:1
ckpt_4100.pt,5,554,0.5647457838058472,0.11337203532457352,0.5057489275932312,"129,169,46,227,59","43,154,115,182,16",5:38:2|5:86:2|5:97:2
ckpt_4100.pt,5,555,0.5413292646408081,0.09471362084150314,0.4924409091472626,"136,191,38,9,169","106,101,56,102,41",5:125:2|5:327:2|5:793:2
ckpt_4100.pt,5,556,0.606408953666687,0.09918704628944397,0.5104726552963257,"80,29,142,148,163","76,125,157,32,253",5:108:2|5:444:2|5:617:2
ckpt_4100.pt,5,557,0.52916419506073,0.1140327975153923,0.4373725950717926,"239,221,115,2,53","84,160,187,92,105",5:20:2|5:781:2|5:937:2
ckpt_4100.pt,5,558,0.49763616919517517,0.07921206951141357,0.4245736300945282,"71,81,187,134,46","55,206,90,37,22",5:11:2|5:453:2|5:462:2
ckpt_4100.pt,5,559,0.6540311574935913,0.1374470293521881,0.5587139129638672,"40,215,203,72,80","195,238,166,73,254",5:443:2|5:850:2|5:893:2
ckpt_4100.pt,5,560,0.5079931616783142,0.08943970501422882,0.4667101204395294,"170,3,15,200,212","115,169,95,94,160",5:901:2|5:2:1|5:5:1
ckpt_4100.pt,5,561,0.5851840972900391,0.1019611731171608,0.47989383339881897,"34,88,80,199,157","168,78,37,205,219",5:670:2|5:18:1|5:40:1
ckpt_4100.pt,5,562,0.5043927431106567,0.1135663166642189,0.44141674041748047,"29,133,28,30,232","170,245,208,207,197",5:158:2|5:305:2|5:731:2
ckpt_4100.pt,5,563,0.5456882119178772,0.09026630222797394,0.47808998823165894,"117,20,93,6,11","84,132,198,227,140",5:771:2|5:6:1|5:10:1
ckpt_4100.pt,5,564,0.5555250644683838,0.10610964894294739,0.486294686794281,"43,110,250,17,15","63,1,202,192,142",5:1:1|5:9:1|5:13:1
ckpt_4100.pt,5,565,0.54945969581604,0.10145623981952667,0.48858657479286194,"91,32,228,80,146","36,253,126,216,105",5:190:2|5:25:1|5:27:1
ckpt_4100.pt,5,566,0.5206292867660522,0.08527559041976929,0.46687379479408264,"234,83,151,78,246","149,61,210,98,19",5:427:2|5:745:2|5:0:1
ckpt_4100.pt,5,567,0.5189544558525085,0.10553914308547974,0.45492023229599,"99,9,224,155,79","164,62,60,99,21",5:40:2|5:169:2|5:4:1
ckpt_4100.pt,5,568,0.5379726886749268,0.09359513223171234,0.46603769063949585,"193,102,183,87,175","54,184,137,222,172",5:0:1|5:3:1|5:7:1
ckpt_4100.pt,5,569,0.5832105875015259,0.11980558186769485,0.4955444931983948,"88,11,171,109,229","137,34,220,92,130",5:352:2|5:647:2|5:694:2
ckpt_4100.pt,5,570,0.5839398503303528,0.11022226512432098,0.4856933355331421,"14,223,48,88,96","171,70,182,123,129",5:6:2|5:5:1|5:40:1
ckpt_4100.pt,5,571,0.5211554765701294,0.09229650348424911,0.4708133339881897,"176,57,230,199,216","29,42,105,207,164",5:450:2|5:482:2|5:809:2
ckpt_4100.pt,5,572,0.5210087299346924,0.09446991980075836,0.44020676612854004,"109,189,164,29,166","212,125,127,73,91",5:13:2|5:352:2|5:502:2
ckpt_4100.pt,5,573,0.5113376379013062,0.08178336918354034,0.45130860805511475,"119,63,208,44,244","62,166,181,40,160",5:171:2|5:602:2|5:649:2
ckpt_4100.pt,5,574,0.5829799771308899,0.11182913929224014,0.45743685960769653,"5,140,161,238,80","128,2,47,44,222",5:71:2|5:78:2|5:249:2
ckpt_4100.pt,5,575,0.5755116939544678,0.12486844509840012,0.48374104499816895,"127,105,223,71,139","61,64,26,117,126",5:173:2|5:273:2|5:301:2
ckpt_4100.pt,5,576,0.4456891417503357,0.13176847994327545,0.4245249032974243,"65,98,23,240,190","43,51,153,125,30",5:182:2|5:842:2|5:1:1
ckpt_4100.pt,5,577,0.6024543642997742,0.10920162498950958,0.5082272887229919,"35,24,176,82,129","165,61,230,167,13",5:65:2|5:282:2|5:388:2
ckpt_4100.pt,5,578,0.44076526165008545,0.06940406560897827,0.3883238732814789,"93,101,190,130,238","154,192,101,225,235",5:236:2|5:1018:2|5:33:1
ckpt_4100.pt,5,579,0.4790513217449188,0.09721338003873825,0.42608729004859924,"117,162,98,92,116","208,180,8,65,205",5:75:2|5:613:2|5:0:1
ckpt_4100.pt,5,580,0.5671231150627136,0.10889873653650284,0.4900519847869873,"234,200,65,155,121","51,169,252,193,48",5:22:1|5:40:1|5:51:1
ckpt_4100.pt,5,581,0.49704211950302124,0.08569999039173126,0.43854719400405884,"23,229,3,31,61","202,107,199,187,43",5:131:2|5:302:2|5:326:2
ckpt_4100.pt,5,582,0.539422869682312,0.10555525124073029,0.4874826669692993,"18,11,129,131,133","197,112,2,250,42",5:43:2|5:188:2|5:209:2
ckpt_4100.pt,5,583,0.5483259558677673,0.09578227996826172,0.4616343080997467,"39,202,230,173,252","203,77,244,41,149",5:196:2|5:458:2|5:878:2
ckpt_4100.pt,5,584,0.537562370300293,0.11242515593767166,0.4790295958518982,"213,178,50,228,123","82,93,64,124,7",5:75:2|5:295:2|5:423:2
ckpt_4100.pt,5,585,0.5907893180847168,0.11301149427890778,0.4981953501701355,"9,122,113,248,221","131,175,216,206,190",5:397:2|5:741:2|5:793:2
ckpt_4100.pt,5,586,0.5675392746925354,0.09284912049770355,0.49406343698501587,"255,115,226,76,43","45,44,76,154,114",5:198:2|5:430:2|5:480:2
ckpt_4100.pt,5,587,0.5008300542831421,0.10114475339651108,0.48129183053970337,"134,89,233,209,152","134,155,159,214,35",5:942:2|5:4:1|5:11:1
ckpt_4100.pt,5,588,0.5655558109283447,0.10370028764009476,0.47191792726516724,"253,105,43,171,71","117,77,143,148,133",5:575:2|5:792:2|5:851:2
ckpt_4100.pt,5,589,0.4837811589241028,0.11989661306142807,0.4368695914745331,"147,106,215,65,196","87,43,138,39,88",5:418:2|5:433:2|5:727:2
ckpt_4100.pt,5,590,0.5090401768684387,0.08209042251110077,0.440635085105896,"199,99,46,54,1","143,121,248,59,239",5:28:2|5:303:2|5:368:2
ckpt_4100.pt,5,591,0.6214147210121155,0.12917742133140564,0.506731390953064,"140,124,134,244,83","238,136,124,133,154",5:330:2|5:453:2|5:766:2
ckpt_4100.pt,5,592,0.6080988049507141,0.11068978905677795,0.5093539357185364,"32,108,164,190,37","15,2,192,26,23",5:226:2|5:253:2|5:704:2
ckpt_4100.pt,5,593,0.5443086624145508,0.10368503630161285,0.4783933460712433,"180,24,79,46,32","13,130,55,56,117",5:36:2|5:601:2|5:976:2
ckpt_4100.pt,5,594,0.5251190662384033,0.09240558743476868,0.4792111814022064,"54,245,204,6,166","248,255,112,253,133",5:229:2|5:428:2|5:718:2
ckpt_4100.pt,5,595,0.59324711561203,0.12808430194854736,0.520263671875,"180,174,216,99,152","0,140,93,57,63",5:262:2|5:761:2|5:4:1
ckpt_4100.pt,5,596,0.5766952037811279,0.11616703122854233,0.49346187710762024,"41,227,216,178,62","35,141,133,217,61",5:159:2|5:361:2|5:38:1
ckpt_4100.pt,5,597,0.650736927986145,0.1177145466208458,0.54198157787323,"29,105,188,197,138","200,219,212,57,111",5:47:2|5:109:2|5:169:2
ckpt_4100.pt,5,598,0.5019761323928833,0.07976097613573074,0.45024579763412476,"43,115,35,60,218","96,97,204,205,163",5:172:2|5:531:2|5:586:2
ckpt_4100.pt,5,599,0.5161820650100708,0.09469281882047653,0.46205660700798035,"44,236,16,45,89","147,40,130,132,188",5:81:2|5:93:2|5:221:2
ckpt_4100.pt,5,600,0.577895998954773,0.12976433336734772,0.5137235522270203,"45,100,136,83,36","201,9,133,121,230",5:693:2|5:895:2|5:922:2
ckpt_4100.pt,5,601,0.6095007658004761,0.11416041851043701,0.5229218602180481,"32,138,246,79,182","160,86,55,83,188",5:169:2|5:593:2|5:978:2
ckpt_4100.pt,5,602,0.515178918838501,0.07554725557565689,0.4565786123275757,"49,14,99,208,44","54,61,217,78,121",5:91:2|5:294:2|5:317:2
ckpt_4100.pt,5,603,0.571365475654602,0.10652731359004974,0.5012151002883911,"187,90,150,159,115","116,87,192,149,133",5:174:2|5:887:2|5:7:1
ckpt_4100.pt,5,604,0.4661910831928253,0.08032456785440445,0.4224034547805786,"161,47,23,229,208","101,160,167,238,142",5:131:2|5:138:2|5:326:2
ckpt_4100.pt,5,605,0.565272867679596,0.10203291475772858,0.5064510703086853,"87,208,232,248,179","51,167,189,12,78",5:120:2|5:401:2|5:413:2
ckpt_4100.pt,5,606,0.557895302772522,0.09675752371549606,0.45513975620269775,"235,178,22,164,51","90,17,89,172,213",5:74:2|5:635:2|5:885:2
ckpt_4100.pt,5,607,0.5639749765396118,0.09393360465765,0.5100809931755066,"203,182,180,127,29","151,62,12,210,246",5:3:1|5:12:1|5:17:1
ckpt_4100.pt,5,608,0.636288046836853,0.11512792110443115,0.5428723096847534,"94,175,145,17,107","162,177,145,87,172",5:956:2|5:1014:2|5:1:1
ckpt_4100.pt,5,609,0.6133256554603577,0.11973027139902115,0.49353161454200745,"100,193,170,99,23","11,42,182,197,107",5:215:2|5:394:2|5:395:2
ckpt_4100.pt,5,610,0.5358688235282898,0.09088754653930664,0.45627763867378235,"225,222,16,82,245","234,216,199,243,189",5:193:2|5:611:2|5:712:2
ckpt_4100.pt,5,611,0.531399130821228,0.08690195530653,0.476898729801178,"245,173,151,146,82","192,62,37,45,86",5:196:2|5:553:2|5:610:2
ckpt_4100.pt,5,612,0.5911722779273987,0.09952870011329651,0.5199382305145264,"147,121,229,185,146","73,29,138,30,128",5:738:2|5:994:2|5:15:1
ckpt_4100.pt,5,613,0.5168799757957458,0.10835012048482895,0.46747905015945435,"253,22,117,135,162","137,171,20,225,125",5:45:2|5:323:2|5:579:2
ckpt_4100.pt,5,614,0.6118696928024292,0.14962340891361237,0.5230114459991455,"242,102,166,51,86","21,106,45,136,166",5:206:2|5:315:2|5:470:2
ckpt_4100.pt,5,615,0.5529707074165344,0.09786955267190933,0.48762980103492737,"134,176,53,87,43","29,193,211,14,82",5:126:2|5:693:2|5:770:2
ckpt_4100.pt,5,616,0.5494211316108704,0.10487168282270432,0.4843493700027466,"123,18,247,193,227","236,43,168,3,241",5:130:2|5:295:2|5:415:2
ckpt_4100.pt,5,617,0.5520729422569275,0.1340075582265854,0.5013967156410217,"163,40,11,142,97","81,63,12,88,67",5:108:3|5:444:2|5:556:2
ckpt_4100.pt,5,618,0.6070528626441956,0.11578449606895447,0.5034664869308472,"19,126,168,248,118","57,211,108,11,83",5:324:2|5:498:2|5:7:1
ckpt_4100.pt,5,619,0.523467481136322,0.1047254353761673,0.4752795994281769,"18,138,144,126,170","20,159,211,21,37",5:709:2|5:4:1|5:18:1
ckpt_4100.pt,5,620,0.4625603258609772,0.08049627393484116,0.4243411719799042,"160,36,118,245,28","170,164,161,246,144",5:886:2|5:963:2|5:38:1
ckpt_4100.pt,5,621,0.6374509930610657,0.11977172642946243,0.5039411783218384,"56,84,222,24,163","221,145,84,165,196",5:145:2|5:9:1|5:18:1
ckpt_4100.pt,5,622,0.5667959451675415,0.10549033433198929,0.4954598546028137,"200,20,140,230,106","90,195,206,110,81",5:291:2|5:648:2|5:701:2
ckpt_4100.pt,5,623,0.663129985332489,0.1394905000925064,0.48623108863830566,"8,58,195,123,219","179,135,183,5,225",5:754:2|5:5:1|5:10:1
ckpt_4100.pt,5,624,0.5717878341674805,0.11202257126569748,0.49191680550575256,"167,0,244,26,180","213,219,194,161,150",5:2:1|5:23:1|5:29:1
ckpt_4100.pt,5,625,0.47932860255241394,0.10333340615034103,0.42312517762184143,"124,154,42,100,20","150,235,90,217,69",5:80:2|5:132:2|5:223:2
ckpt_4100.pt,5,626,0.6326066851615906,0.1196591854095459,0.541634202003479,"9,196,243,30,96","80,109,170,224,68",5:56:2|5:5:1|5:6:1
ckpt_4100.pt,5,627,0.5413717031478882,0.09524594992399216,0.4590311646461487,"108,166,159,26,102","217,190,61,254,66",5:253:2|5:614:2|5:673:2
ckpt_4100.pt,5,628,0.651922345161438,0.12106309831142426,0.5527982115745544,"3,48,40,171,216","137,190,223,41,76",5:165:2|5:773:2|5:884:2
ckpt_4100.pt,5,629,0.583745539188385,0.11580661684274673,0.5117762684822083,"201,186,243,52,2","56,121,247,27,53",5:305:2|5:321:2|5:973:2
ckpt_4100.pt,5,630,0.5122483372688293,0.10967880487442017,0.4749290347099304,"239,174,54,35,47","81,61,187,116,158",5:213:2|5:224:2|5:449:2
ckpt_4100.pt,5,631,0.5696709156036377,0.09385987371206284,0.4684711992740631,"160,179,105,104,210","122,194,35,154,57",5:138:2|5:486:2|5:508:2
ckpt_4100.pt,5,632,0.528315007686615,0.09707082062959671,0.47209611535072327,"255,163,157,44,186","67,214,202,205,217",5:33:2|5:444:2|5:37:1
ckpt_4100.pt,5,633,0.5107374787330627,0.09550413489341736,0.4637644290924072,"121,184,198,115,178","206,125,152,121,37",5:20:2|5:122:2|5:287:2
ckpt_4100.pt,5,634,0.5348055958747864,0.10705520212650299,0.45816880464553833,"57,253,73,242,62","183,56,87,161,82",5:525:2|5:747:2|5:25:1
ckpt_4100.pt,5,635,0.6092486381530762,0.1286724954843521,0.5072815418243408,"121,106,178,156,51","112,120,170,22,49",5:606:2|5:633:2|5:885:2
ckpt_4100.pt,5,636,0.5696688294410706,0.12067798525094986,0.5022054314613342,"234,49,132,21,255","93,62,157,225,216",5:61:2|5:277:2|5:294:2
ckpt_4100.pt,5,637,0.467912882566452,0.07817994058132172,0.41473841667175293,"243,93,197,116,68","15,17,231,46,23",5:208:2|5:420:2|5:516:2
ckpt_4100.pt,5,638,0.5572593808174133,0.11186178773641586,0.47596222162246704,"119,79,128,41,171","125,27,190,65,29",5:257:2|5:367:2|5:391:2
ckpt_4100.pt,5,639,0.529062032699585,0.10098330676555634,0.4937990605831146,"179,177,26,155,210","131,111,171,207,92",5:263:2|5:631:2|5:1:1
ckpt_4100.pt,5,640,0.5238034725189209,0.10067523270845413,0.4517001211643219,"253,204,87,200,64","158,106,171,214,149",5:241:2|5:0:1|5:3:1
ckpt_4100.pt,5,641,0.49622225761413574,0.09643144905567169,0.4600192904472351,"236,61,49,107,109","163,237,15,174,199",5:284:2|5:545:2|5:853:2
ckpt_4100.pt,5,642,0.46887797117233276,0.08595136553049088,0.4399479329586029,"34,66,113,121,42","232,229,195,38,18",5:397:2|5:718:2|5:816:2
ckpt_4100.pt,5,643,0.5258787870407104,0.08910039812326431,0.4901284873485565,"238,113,234,178,188","192,19,68,97,73",5:755:2|5:10:1|5:41:1
ckpt_4100.pt,5,644,0.6317801475524902,0.1073109433054924,0.48185667395591736,"158,191,39,240,31","201,197,51,254,117",5:309:2|5:325:2|5:758:2
ckpt_4100.pt,5,645,0.5141549110412598,0.10474905371665955,0.47863608598709106,"57,47,238,140,133","202,74,203,47,158",5:259:2|5:527:2|5:574:2
ckpt_4100.pt,5,646,0.5504180192947388,0.09899193793535233,0.4872017800807953,"138,159,176,51,193","85,206,111,245,179",5:422:2|5:672:2|5:26:1
ckpt_4100.pt,5,647,0.5860069394111633,0.15478374063968658,0.47262921929359436,"229,184,240,88,33","119,190,170,99,85",5:569:2|5:33:1|5:39:1
ckpt_4100.pt,5,648,0.5315467715263367,0.10767790675163269,0.48632603883743286,"218,70,225,140,230","239,178,192,116,154",5:291:2|5:482:2|5:519:2
ckpt_4100.pt,5,649,0.47126176953315735,0.1056322231888771,0.4271540641784668,"44,1,24,208,138","230,99,2,96,179",5:294:2|5:332:2|5:345:2
ckpt_4100.pt,5,650,0.44447657465934753,0.09113980829715729,0.4161812365055084,"254,35,224,201,38","169,195,171,255,198",5:11:2|5:60:2|5:258:2
ckpt_4100.pt,5,651,0.519868791103363,0.11358676850795746,0.48390111327171326,"209,92,214,180,159","201,19,165,159,96",5:128:2|5:691:2|5:0:1
ckpt_4100.pt,5,652,0.4596434235572815,0.0816943570971489,0.3976002633571625,"156,83,10,167,160","178,119,222,73,246",5:766:3|5:335:2|5:988:2
ckpt_4100.pt,5,653,0.6224104166030884,0.12769605219364166,0.5167408585548401,"5,49,67,13,132","93,104,223,247,69",5:21:2|5:61:2|5:546:2
ckpt_4100.pt,5,654,0.5920162796974182,0.1112944632768631,0.5284078121185303,"38,138,189,213,75","186,138,91,8,44",5:39:1|5:45:1|5:54:1
ckpt_4100.pt,5,655,0.6369675993919373,0.10720337182283401,0.5612949132919312,"104,51,246,230,251","3,117,137,253,1",5:822:3|5:281:2|5:5:1
ckpt_4100.pt,5,656,0.5233719348907471,0.08797314018011093,0.47479110956192017,"231,57,86,191,99","161,213,53,2,206",5:22:2|5:549:2|5:552:2
ckpt_4100.pt,5,657,0.5510014891624451,0.10979725420475006,0.5048408508300781,"82,174,28,37,24","253,125,220,181,247",5:65:2|5:80:2|5:267:2
ckpt_4100.pt,5,658,0.5575119853019714,0.11309134215116501,0.48365235328674316,"233,123,59,234,222","62,119,230,245,153",5:105:2|5:195:2|5:373:2
ckpt_4100.pt,5,659,0.5445490479469299,0.13425102829933167,0.4779345989227295,"119,146,197,54,11","69,210,0,178,243",5:108:2|5:208:2|5:790:2
ckpt_4100.pt,5,660,0.5895517468452454,0.11215892434120178,0.5186468362808228,"133,140,239,80,224","100,131,94,136,60",5:527:2|5:574:2|5:645:2
ckpt_4100.pt,5,661,0.5840452909469604,0.10448428243398666,0.5198010206222534,"94,109,33,206,180","154,45,44,107,219",5:1014:2|5:13:1|5:26:1
ckpt_4100.pt,5,662,0.5661228895187378,0.136847123503685,0.47897103428840637,"64,82,153,28,80","220,171,87,105,121",5:65:2|5:80:2|5:242:2
ckpt_4100.pt,5,663,0.6112686991691589,0.12193939089775085,0.5067822933197021,"160,190,47,155,203","247,71,126,58,117",5:843:2|5:19:1|5:33:1
ckpt_4100.pt,5,664,0.6110442280769348,0.15458354353904724,0.48998019099235535,"185,119,189,238,66","151,136,168,216,38",5:479:2|5:6:1|5:15:1
ckpt_4100.pt,5,665,0.652359127998352,0.105679452419281,0.5495076179504395,"149,159,242,222,110","167,11,14,24,195",5:42:1|5:44:1|5:50:1
ckpt_4100.pt,5,666,0.5681570172309875,0.1038404256105423,0.4958936274051666,"119,147,33,235,84","210,97,141,101,117",5:74:2|5:199:2|5:721:2
ckpt_4100.pt,5,667,0.5731247067451477,0.10853908956050873,0.4519762396812439,"132,100,64,202,148","128,145,167,203,101",5:111:2|5:112:2|5:297:2
ckpt_4100.pt,5,668,0.4719632565975189,0.09245022386312485,0.4413593113422394,"148,84,230,154,253","125,157,12,37,51",5:34:2|5:493:2|5:498:2
ckpt_4100.pt,5,669,0.5156603455543518,0.1117817685008049,0.4721956253051758,"186,170,112,226,161","204,46,169,216,77",5:107:2|5:184:2|5:523:2
ckpt_4100.pt,5,670,0.5516354441642761,0.11671431362628937,0.480780690908432,"6,61,59,34,157","84,133,129,77,47",5:176:2|5:260:2|5:400:2
ckpt_4100.pt,5,671,0.5599908232688904,0.10834693163633347,0.4731760025024414,"137,58,245,23,51","81,105,8,42,232",5:374:2|5:992:2|5:19:1
ckpt_4100.pt,5,672,0.5775879621505737,0.1125568076968193,0.4874907433986664,"185,230,138,109,159","54,179,197,216,7",5:646:2|5:13:1|5:15:1
ckpt_4100.pt,5,673,0.45569178462028503,0.09054029732942581,0.41260868310928345,"64,83,159,15,108","99,76,98,186,151",5:86:2|5:96:2|5:271:2
ckpt_4100.pt,5,674,0.5499860644340515,0.10206246376037598,0.45542359352111816,"128,236,29,10,213","127,124,211,210,135",5:21:1|5:39:1|5:47:1
ckpt_4100.pt,5,675,0.5464087128639221,0.10750269144773483,0.4964998960494995,"233,85,140,119,67","166,233,182,155,116",5:959:2|5:3:1|5:6:1
ckpt_4100.pt,5,676,0.5041562914848328,0.12970799207687378,0.4526515305042267,"75,93,129,134,48","135,219,33,187,141",5:321:3|5:863:2|5:984:2
ckpt_4100.pt,5,677,0.6040328145027161,0.10045723617076874,0.5048752427101135,"187,1,232,207,188","79,156,195,241,110",5:495:2|5:14:1|5:16:1
ckpt_4100.pt,5,678,0.6408712267875671,0.12043039500713348,0.5058582425117493,"147,37,87,61,60","77,230,196,235,49",5:55:2|5:440:2|5:693:2
ckpt_4100.pt,5,679,0.5147001147270203,0.09596917778253555,0.4915975034236908,"162,227,10,179,159","192,22,248,132,234",5:128:2|5:935:2|5:1:1
ckpt_4100.pt,5,680,0.5524771213531494,0.09909899532794952,0.5063316822052002,"142,196,76,150,191","78,151,140,242,249",5:52:2|5:168:2|5:1:1
ckpt_4100.pt,5,681,0.5724135637283325,0.11554758250713348,0.5111852884292603,"45,60,69,31,246","105,51,41,16,220",5:699:2|5:5:1|5:13:1
ckpt_4100.pt,5,682,0.5168613791465759,0.09635229408740997,0.4795442521572113,"28,116,104,55,236","109,236,171,124,244",5:99:2|5:220:2|5:414:2
ckpt_4100.pt,5,683,0.49879565834999084,0.09512719511985779,0.4454994797706604,"85,49,214,226,170","25,109,107,67,153",5:107:2|5:313:2|5:318:2
ckpt_4100.pt,5,684,0.5900658369064331,0.10304829478263855,0.48251351714134216,"202,127,77,51,13","165,39,192,129,245",5:151:2|5:243:2|5:319:2
ckpt_4100.pt,5,685,0.5488393306732178,0.1040598675608635,0.4917939007282257,"32,119,156,111,196","209,119,148,123,175",5:100:2|5:391:2|5:975:2
ckpt_4100.pt,5,686,0.5661672353744507,0.11407545208930969,0.47355544567108154,"182,9,121,41,33","2,162,224,18,141",5:3:1|5:18:1|5:42:1
ckpt_4100.pt,5,687,0.6578569412231445,0.1143248975276947,0.5249770283699036,"227,161,71,38,186","219,3,26,69,117",5:87:2|5:95:2|5:141:2
ckpt_4100.pt,5,688,0.5724482536315918,0.10495363175868988,0.5531166195869446,"97,84,157,95,58","204,221,11,236,233",5:110:2|5:825:2|5:9:1
ckpt_4100.pt,5,689,0.6386193037033081,0.13134625554084778,0.5200591087341309,"105,85,232,162,80","253,96,249,3,147",5:8:2|5:47:2|5:786:2
ckpt_4100.pt,5,690,0.5714120268821716,0.1158553957939148,0.4750897288322449,"131,84,49,78,1","167,78,84,161,130",5:284:2|5:427:2|5:495:2
ckpt_4100.pt,5,691,0.6227068305015564,0.14317089319229126,0.5079944133758545,"21,209,180,146,155","57,194,240,100,204",5:651:2|5:4:1|5:25:1
ckpt_4100.pt,5,692,0.5152869820594788,0.1144091859459877,0.469827800989151,"215,143,114,231,28","55,109,252,106,49",5:58:2|5:534:2|5:720:2
ckpt_4100.pt,5,693,0.5897610783576965,0.09892843663692474,0.47000494599342346,"136,43,87,61,83","123,136,245,66,92",5:14:2|5:126:2|5:181:2
ckpt_4100.pt,5,694,0.47079750895500183,0.083829365670681,0.4025507867336273,"87,229,2,171,28","148,175,49,115,215",5:257:2|5:569:2|5:849:2
ckpt_4100.pt,5,695,0.5564193725585938,0.13303105533123016,0.4800785481929779,"181,242,146,190,220","130,82,145,42,149",5:62:2|5:406:2|5:747:2
ckpt_4100.pt,5,696,0.5399438738822937,0.1450447142124176,0.46579501032829285,"220,147,66,123,40","4,172,6,149,125",5:103:2|5:148:2|5:187:2
ckpt_4100.pt,5,697,0.5247339010238647,0.10056640952825546,0.4916147291660309,"99,252,69,118,113","230,191,183,49,150",5:878:2|5:4:1|5:10:1
ckpt_4100.pt,5,698,0.5433794260025024,0.09041887521743774,0.4858090281486511,"232,176,238,126,26","21,205,112,161,62",5:94:2|5:167:2|5:877:2
ckpt_4100.pt,5,699,0.5124321579933167,0.1145053505897522,0.46887120604515076,"84,65,62,246,45","218,46,74,227,51",5:51:2|5:118:2|5:427:2
ckpt_4100.pt,5,700,0.5795201659202576,0.11862524598836899,0.49089765548706055,"234,214,88,150,133","60,27,175,212,88",5:52:2|5:144:2|5:197:2
ckpt_4100.pt,5,701,0.5370745062828064,0.11838053166866302,0.5021055936813354,"140,230,192,116,24","144,25,57,15,54",5:291:2|5:330:2|5:622:2
ckpt_4100.pt,5,702,0.6112461686134338,0.11762554943561554,0.5000143051147461,"94,103,159,133,186","224,125,150,209,172",5:177:2|5:305:2|5:10:1
ckpt_4100.pt,5,703,0.5943850874900818,0.13361802697181702,0.5103558897972107,"59,160,106,195,89","176,141,165,53,140",5:527:2|5:943:2|5:12:1
ckpt_4100.pt,5,704,0.488026887178421,0.07898041605949402,0.4363071918487549,"37,227,111,190,26","182,1,113,84,229",5:97:2|5:230:2|5:592:2
ckpt_4100.pt,5,705,0.5530887842178345,0.09727855771780014,0.48584845662117004,"164,126,244,214,142","12,20,166,136,120",5:382:2|5:539:2|5:1:1
ckpt_4100.pt,5,706,0.5730969905853271,0.10258503258228302,0.49757611751556396,"229,105,174,211,30","154,104,52,146,55",5:47:2|5:262:2|5:356:2
ckpt_4100.pt,5,707,0.5001749396324158,0.09483790397644043,0.4482138454914093,"106,120,61,231,192","234,133,85,224,6",5:466:2|5:865:2|5:12:1
ckpt_4100.pt,5,708,0.5717964768409729,0.09738234430551529,0.4696705937385559,"99,247,117,227,21","150,167,120,81,207",5:116:2|5:616:2|5:837:2
ckpt_4100.pt,5,709,0.5494465827941895,0.09466800093650818,0.49126431345939636,"172,73,144,18,129","221,59,217,55,76",5:269:2|5:582:2|5:619:2
ckpt_4100.pt,5,710,0.58697909116745,0.1385500133037567,0.5121009945869446,"248,233,175,215,240","202,104,137,49,225",5:74:2|5:498:2|5:940:2
ckpt_4100.pt,5,711,0.7811025381088257,0.16102266311645508,0.5848791599273682,"83,132,46,174,121","110,139,96,242,172",5:796:2|5:8:1|5:11:1
ckpt_4100.pt,5,712,0.6044940948486328,0.09235416352748871,0.5276127457618713,"63,117,16,82,181","250,89,198,175,210",5:429:2|5:610:2|5:775:2
ckpt_4100.pt,5,713,0.6809507608413696,0.11116485297679901,0.5495860576629639,"185,88,1,32,55","222,61,112,226,142",5:85:2|5:220:2|5:345:2
ckpt_4100.pt,5,714,0.5953526496887207,0.14055445790290833,0.5111281871795654,"250,220,235,215,218","138,245,121,75,94",5:799:2|5:940:2|5:991:2
ckpt_4100.pt,5,715,0.5778186321258545,0.12429001927375793,0.49579960107803345,"154,61,195,209,165","37,95,119,141,82",5:185:2|5:306:2|5:519:2
ckpt_4100.pt,5,716,0.49392086267471313,0.09846064448356628,0.44764575362205505,"242,8,14,128,187","28,197,174,105,22",5:754:2|5:946:2|5:6:1
ckpt_4100.pt,5,717,0.5529326796531677,0.11060354113578796,0.4802953004837036,"117,249,146,194,22","130,147,42,128,24",5:383:2|5:613:2|5:6:1
ckpt_4100.pt,5,718,0.5243628025054932,0.096184641122818,0.44094333052635193,"6,42,54,34,13","231,251,36,215,43",5:313:2|5:428:2|5:594:2
ckpt_4100.pt,5,719,0.5851573348045349,0.10069595277309418,0.49463051557540894,"252,24,93,109,167","187,54,110,164,235",5:354:2|5:988:2|5:2:1
ckpt_4100.pt,5,720,0.5993086099624634,0.11636551469564438,0.4994965195655823,"28,250,182,143,166","154,51,48,142,126",5:891:3|5:232:2|5:271:2
ckpt_4100.pt,5,721,0.514134407043457,0.09613744169473648,0.47235116362571716,"119,125,48,84,135","85,1,223,141,29",5:6:2|5:124:2|5:666:2
ckpt_4100.pt,5,722,0.5657309889793396,0.11356403678655624,0.4506317675113678,"228,230,247,82,215","77,56,216,1,44",5:497:2|5:727:2|5:940:2
ckpt_4100.pt,5,723,0.6245236396789551,0.13372129201889038,0.5210448503494263,"206,65,164,253,118","64,233,174,108,130",5:34:2|5:13:1|5:38:1
ckpt_4100.pt,5,724,0.5655718445777893,0.09425540268421173,0.4938019812107086,"123,97,168,32,155","81,136,246,228,15",5:268:2|5:7:1|5:10:1
ckpt_4100.pt,5,725,0.42681685090065,0.07827415317296982,0.4257328510284424,"202,73,234,52,187","111,37,221,242,24",5:347:2|5:7:1|5:20:1
ckpt_4100.pt,5,726,0.5745484828948975,0.11879169195890427,0.4910878539085388,"211,111,165,188,43","46,255,214,129,136",5:77:2|5:340:2|5:451:2
ckpt_4100.pt,5,727,0.5699231624603271,0.09816346317529678,0.46979978680610657,"124,230,196,215,99","100,137,89,29,180",5:4:2|5:22:2|5:143:2
ckpt_4100.pt,5,728,0.5405220985412598,0.11660530418157578,0.5052105784416199,"103,218,196,45,92","219,241,45,98,193",5:51:2|5:993:2|5:0:1
ckpt_4100.pt,5,729,0.5470949411392212,0.09687529504299164,0.5015259385108948,"37,198,65,246,103","173,251,165,77,107",5:170:2|5:182:2|5:418:2
ckpt_4100.pt,5,730,0.6178162693977356,0.13556082546710968,0.5382276177406311,"157,62,91,167,23","13,243,132,105,144",5:411:2|5:897:2|5:2:1
ckpt_4100.pt,5,731,0.6122181415557861,0.10406894236803055,0.48097145557403564,"29,49,255,232,5","103,99,46,148,255",5:21:3|5:210:2|5:546:2
ckpt_4100.pt,5,732,0.45298218727111816,0.0904412493109703,0.40856319665908813,"206,222,20,176,88","17,114,178,189,204",5:44:1|5:76:1|5:80:1
ckpt_4100.pt,5,733,0.5143817663192749,0.08938822150230408,0.4726683795452118,"23,93,154,148,159","184,102,39,109,246",5:131:2|5:182:2|5:339:2
ckpt_4100.pt,5,734,0.5644131302833557,0.11389093101024628,0.47747036814689636,"24,98,114,43,145","209,202,243,97,21",5:30:2|5:58:2|5:430:2
ckpt_4100.pt,5,735,0.6312097907066345,0.12606196105480194,0.5536891222000122,"114,216,129,123,18","138,217,81,77,112",5:130:2|5:235:2|5:582:2
ckpt_4100.pt,5,736,0.5792503356933594,0.12401054054498672,0.4973742663860321,"220,100,203,66,48","149,212,171,58,248",5:187:2|5:696:2|5:19:1
ckpt_4100.pt,5,737,0.5909553170204163,0.09939532727003098,0.46806228160858154,"207,194,243,14,37","20,147,13,154,148",5:88:2|5:91:2|5:291:2
ckpt_4100.pt,5,738,0.6024309396743774,0.10440535843372345,0.46866434812545776,"121,105,151,111,147","69,202,201,20,81",5:148:2|5:204:2|5:612:2
ckpt_4100.pt,5,739,0.49732717871665955,0.09746238589286804,0.4333551228046417,"201,251,225,30,8","125,1,138,145,252",5:83:2|5:258:2|5:1001:2
ckpt_4100.pt,5,740,0.5622008442878723,0.11051570624113083,0.4992997646331787,"199,89,99,156,63","26,247,37,92,3",5:590:2|5:763:2|5:778:2
ckpt_4100.pt,5,741,0.5891574025154114,0.11658844351768494,0.5005460977554321,"227,248,9,102,114","209,24,130,83,21",5:585:2|5:793:2|5:3:1
ckpt_4100.pt,5,742,0.681493878364563,0.13072441518306732,0.539279580116272,"170,131,71,190,121","172,161,231,174,148",5:52:2|5:465:2|5:18:1
ckpt_4100.pt,5,743,0.5156428813934326,0.10202499479055405,0.45081907510757446,"44,102,167,43,59","1,25,28,44,87",5:2:1|5:14:1|5:29:1
ckpt_4100.pt,5,744,0.5787057280540466,0.12502799928188324,0.49651554226875305,"167,60,7,176,220","139,61,154,18,56",5:62:2|5:531:2|5:971:2
ckpt_4100.pt,5,745,0.5209523439407349,0.09619200974702835,0.47141075134277344,"42,246,95,183,78","212,174,242,145,239",5:427:2|5:566:2|5:0:1
ckpt_4100.pt,5,746,0.5634012222290039,0.11376336216926575,0.5035309791564941,"128,32,212,76,134","86,194,64,219,118",5:167:2|5:226:2|5:2:1
ckpt_4100.pt,5,747,0.553460419178009,0.11432956904172897,0.4738031029701233,"189,136,242,220,57","54,127,103,188,247",5:450:2|5:470:2|5:634:2
ckpt_4100.pt,5,748,0.6115172505378723,0.1021706834435463,0.5261383056640625,"82,29,50,189,59","121,108,7,17,159",5:193:2|5:210:2|5:572:2
ckpt_4100.pt,5,749,0.511044442653656,0.11301880329847336,0.46032363176345825,"65,246,201,147,235","135,153,14,92,218",5:478:2|5:589:2|5:666:2
ckpt_4100.pt,5,750,0.61902916431427,0.13889487087726593,0.4896697998046875,"73,217,156,211,219","54,169,46,42,16",5:168:2|5:460:2|5:492:2
ckpt_4100.pt,5,751,0.5613802075386047,0.10065431147813797,0.5025283694267273,"246,195,200,137,171","175,215,36,211,183",5:5:1|5:22:1|5:43:1
ckpt_4100.pt,5,752,0.5342105627059937,0.1085214614868164,0.46910497546195984,"135,58,48,255,39","85,228,191,216,136",5:237:2|5:721:2|5:16:1
ckpt_4100.pt,5,753,0.5314504504203796,0.10812216252088547,0.4580833613872528,"71,30,24,31,14","29,22,247,134,180",5:91:2|5:281:2|5:442:2
ckpt_4100.pt,5,754,0.5986574292182922,0.1055908128619194,0.5091487765312195,"8,219,104,187,224","1,87,46,101,245",5:17:2|5:139:2|5:209:2
ckpt_4100.pt,5,755,0.5793123841285706,0.10719503462314606,0.5349642038345337,"10,188,113,181,250","202,196,182,71,240",5:643:2|5:816:2|5:10:1
ckpt_4100.pt,5,756,0.6025687456130981,0.11486275494098663,0.4940878450870514,"25,38,4,146,153","116,219,154,73,149",5:342:2|5:10:1|5:25:1
ckpt_4100.pt,5,757,0.5904257297515869,0.12683098018169403,0.49372074007987976,"85,73,222,175,251","182,226,128,62,166",5:8:1|5:23:1|5:27:1
ckpt_4100.pt,5,758,0.5049927830696106,0.09992626309394836,0.4860818684101105,"20,109,39,43,158","181,97,104,152,254",5:385:2|5:426:2|5:644:2
ckpt_4100.pt,5,759,0.5288307070732117,0.10059821605682373,0.5044858455657959,"106,20,221,42,103","224,133,89,5,147",5:80:2|5:418:2|5:461:2
ckpt_4100.pt,5,760,0.5226830840110779,0.09699438512325287,0.4525802433490753,"237,186,4,88,9","73,176,66,177,74",5:848:2|5:851:2|5:33:1
ckpt_4100.pt,5,761,0.5189316272735596,0.10274077206850052,0.47848841547966003,"44,180,152,28,14","214,210,76,220,232",5:91:2|5:242:2|5:332:2
ckpt_4100.pt,5,762,0.5516478419303894,0.1122264489531517,0.5023912787437439,"211,7,139,46,232","19,209,56,22,210",5:120:2|5:375:2|5:11:1
ckpt_4100.pt,5,763,0.49645742774009705,0.0961359515786171,0.4566120207309723,"156,183,89,55,211","103,194,131,132,32",5:460:2|5:740:2|5:750:2
ckpt_4100.pt,5,764,0.5118013620376587,0.09370853006839752,0.44977083802223206,"201,36,129,32,61","109,185,107,247,216",5:431:2|5:1004:2|5:29:1
ckpt_4100.pt,5,765,0.5702435970306396,0.09998052567243576,0.49444064497947693,"35,156,104,248,151","42,248,245,149,172",5:102:2|5:247:2|5:957:2
ckpt_4100.pt,5,766,0.4882872700691223,0.0869566947221756,0.409868448972702,"160,167,140,68,83","149,59,144,145,195",5:652:3|5:304:2|5:335:2
ckpt_4100.pt,5,767,0.5221831202507019,0.10030195116996765,0.47382810711860657,"240,123,34,238,208","41,207,15,52,121",5:1010:2|5:10:1|5:18:1
ckpt_4100.pt,5,768,0.6167186498641968,0.1009015366435051,0.4829099476337433,"124,13,50,154,194","4,110,253,140,200",5:89:2|5:625:2|5:4:1
ckpt_4100.pt,5,769,0.5467796921730042,0.10740037262439728,0.4759328067302704,"210,175,231,65,75","210,85,116,200,167",5:21:1|5:27:1|5:41:1
ckpt_4100.pt,5,770,0.5513696670532227,0.12269305437803268,0.48879051208496094,"43,190,87,66,242","18,187,12,109,116",5:126:2|5:196:2|5:245:2
ckpt_4100.pt,5,771,0.5356163382530212,0.09361628443002701,0.45289888978004456,"112,160,114,6,117","136,98,122,134,219",5:58:2|5:133:2|5:155:2
ckpt_4100.pt,5,772,0.6579763293266296,0.12795418500900269,0.5568859577178955,"10,98,70,163,131","52,247,74,181,49",5:379:2|5:1:1|5:4:1
ckpt_4100.pt,5,773,0.555890679359436,0.09637961536645889,0.49442121386528015,"74,51,3,157,48","4,94,172,194,186",5:63:2|5:111:2|5:628:2
ckpt_4100.pt,5,774,0.5705587863922119,0.1114228367805481,0.48832666873931885,"222,244,30,76,252","145,98,254,226,54",5:252:2|5:289:2|5:480:2
ckpt_4100.pt,5,775,0.558133602142334,0.13531991839408875,0.5003454685211182,"8,82,72,204,181","112,167,21,83,189",5:80:2|5:429:2|5:712:2
ckpt_4100.pt,5,776,0.43097594380378723,0.11130284518003464,0.38478296995162964,"35,3,13,117,243","84,170,12,205,119",5:133:2|5:246:2|5:884:2
ckpt_4100.pt,5,777,0.6280611157417297,0.10569214820861816,0.5123963356018066,"185,97,100,6,22","157,219,108,74,166",5:79:2|5:10:1|5:15:1
ckpt_4100.pt,5,778,0.570612907409668,0.13201718032360077,0.4905911982059479,"63,198,89,208,204","94,41,158,89,164",5:200:2|5:225:2|5:454:2
ckpt_4100.pt,5,779,0.49498292803764343,0.10445331782102585,0.45241063833236694,"21,51,182,170,43","179,46,63,34,95",5:18:2|5:251:2|5:3:1
ckpt_4100.pt,5,780,0.5287385582923889,0.09330380707979202,0.4752671420574188,"235,207,20,68,87","3,254,127,233,199",5:0:1|5:3:1|5:7:1
ckpt_4100.pt,5,781,0.48121896386146545,0.12257169187068939,0.4544253945350647,"214,37,221,2,123","59,43,15,145,64",5:285:2|5:318:2|5:557:2
ckpt_4100.pt,5,782,0.5118765234947205,0.0996900126338005,0.4462672770023346,"168,214,43,223,139","224,2,234,36,27",5:126:2|5:301:2|5:467:2
ckpt_4100.pt,5,783,0.5748264193534851,0.11816287785768509,0.5067064762115479,"159,212,106,69,37","150,177,12,11,24",5:128:2|5:160:2|5:191:2
ckpt_4100.pt,5,784,0.5247644186019897,0.08520305901765823,0.4831753075122833,"24,190,63,78,13","155,210,80,147,248",5:62:2|5:378:2|5:0:1
ckpt_4100.pt,5,785,0.6674374938011169,0.12556420266628265,0.5328398942947388,"57,83,94,130,232","212,122,131,206,94",5:14:1|5:25:1|5:30:1
ckpt_4100.pt,5,786,0.5432169437408447,0.10155068337917328,0.5059559345245361,"212,85,105,122,224","160,86,238,26,84",5:8:2|5:179:2|5:339:2
ckpt_4100.pt,5,787,0.5193904042243958,0.09411712735891342,0.44568175077438354,"0,231,35,145,205","71,62,173,127,125",5:931:3|5:113:2|5:1017:2
ckpt_4100.pt,5,788,0.4753001630306244,0.07318822294473648,0.426900178194046,"249,45,210,240,15","17,92,102,118,253",5:325:2|5:9:1|5:13:1
ckpt_4100.pt,5,789,0.5661999583244324,0.11342635750770569,0.48064517974853516,"119,182,105,17,247","200,182,199,161,27",5:47:2|5:441:2|5:529:2
ckpt_4100.pt,5,790,0.5445542335510254,0.10085645318031311,0.47784221172332764,"9,119,116,202,54","92,136,124,82,182",5:202:2|5:659:2|5:6:1
ckpt_4100.pt,5,791,0.5158390998840332,0.08106917887926102,0.4686066806316376,"5,207,137,64,134","38,97,190,253,29",5:16:2|5:374:2|5:915:2
ckpt_4100.pt,5,792,0.5297427773475647,0.08569401502609253,0.4724704325199127,"71,29,31,43,13","13,7,118,116,36",5:109:2|5:352:2|5:588:2
ckpt_4100.pt,5,793,0.5242921710014343,0.08733539283275604,0.468453973531723,"169,248,207,124,9","228,96,252,188,140",5:957:3|5:12:2|5:327:2
ckpt_4100.pt,5,794,0.5226002931594849,0.09384249895811081,0.4790894091129303,"60,126,133,255,172","47,152,17,173,129",5:24:1|5:39:1|5:43:1
ckpt_4100.pt,5,795,0.5134462118148804,0.09576267749071121,0.48195144534111023,"54,127,111,25,216","233,245,37,89,51",5:361:2|5:10:1|5:12:1
ckpt_4100.pt,5,796,0.6237204074859619,0.11467564105987549,0.5523956418037415,"223,46,58,121,206","185,173,172,81,149",5:97:2|5:306:2|5:711:2
ckpt_4100.pt,5,797,0.5088546872138977,0.09548573940992355,0.46374377608299255,"13,41,155,14,43","70,247,133,198,60",5:792:2|5:6:1|5:14:1
ckpt_4100.pt,5,798,0.5911674499511719,0.11366977542638779,0.5036466121673584,"104,154,203,126,224","169,141,172,247,41",5:209:2|5:424:2|5:754:2
ckpt_4100.pt,5,799,0.6364980936050415,0.11234226822853088,0.4999658167362213,"158,220,215,149,255","211,194,71,19,234",5:101:2|5:238:2|5:277:2
ckpt_4100.pt,5,800,0.47917625308036804,0.09542390704154968,0.4225688874721527,"28,63,10,33,123","172,145,140,248,101",5:10:1|5:27:1|5:55:1
ckpt_4100.pt,5,801,0.48545458912849426,0.08039385825395584,0.4529953896999359,"143,110,134,213,62","124,39,193,184,211",5:226:2|5:862:2|5:11:1
ckpt_4100.pt,5,802,0.5151731967926025,0.09016714990139008,0.4432979226112366,"110,111,227,254,61","10,151,98,65,202",5:544:2|5:704:2|5:979:2
ckpt_4100.pt,5,803,0.5272653698921204,0.10379382222890854,0.4717874228954315,"39,168,65,104,198","191,213,216,180,1",5:872:3|5:170:2|5:182:2
ckpt_4100.pt,5,804,0.5564391016960144,0.1360514909029007,0.5044811367988586,"157,18,63,119,15","156,252,247,208,109",5:124:2|5:171:2|5:199:2
ckpt_4100.pt,5,805,0.5255771279335022,0.09942473471164703,0.47238317131996155,"48,89,133,166,52","28,219,106,206,167",5:256:2|5:305:2|5:527:2
ckpt_4100.pt,5,806,0.5463253259658813,0.09831693768501282,0.5067169666290283,"77,54,82,75,192","80,187,237,69,137",5:272:2|5:388:2|5:28:1
ckpt_4100.pt,5,807,0.4588540494441986,0.09616848081350327,0.3962811529636383,"188,161,183,248,116","60,160,248,11,77",5:78:2|5:12:1|5:23:1
ckpt_4100.pt,5,808,0.4133089780807495,0.08340050280094147,0.38694843649864197,"207,121,145,75,252","157,41,19,70,43",5:386:2|5:9:1|5:14:1
ckpt_4100.pt,5,809,0.5297561287879944,0.09702125936746597,0.4583108723163605,"183,57,179,199,233","186,201,203,50,57",5:348:2|5:450:2|5:571:2
ckpt_4100.pt,5,810,0.5966501235961914,0.10964804142713547,0.5117492079734802,"229,222,113,216,205","217,1,86,37,209",5:252:2|5:10:1|5:39:1
ckpt_4100.pt,5,811,0.47804465889930725,0.09312818944454193,0.4190840423107147,"47,1,57,89,15","60,121,45,41,49",5:135:2|5:259:2|5:645:2
ckpt_4100.pt,5,812,0.5754616856575012,0.10982487350702286,0.4889557361602783,"53,7,41,108,144","233,76,181,79,97",5:1008:2|5:0:1|5:5:1
ckpt_4100.pt,5,813,0.5597360134124756,0.09675820916891098,0.496690958738327,"45,187,255,40,195","236,98,244,234,176",5:390:2|5:893:2|5:31:1
ckpt_4100.pt,5,814,0.5656575560569763,0.08854871988296509,0.4569505751132965,"217,46,11,197,192","232,198,186,239,74",5:108:2|5:208:2|5:659:2
ckpt_4100.pt,5,815,0.5130025148391724,0.10486406087875366,0.4331686198711395,"89,43,33,107,139","215,153,197,187,148",5:14:2|5:126:2|5:273:2
ckpt_4100.pt,5,816,0.4918496608734131,0.09024594724178314,0.4252243638038635,"42,89,113,181,198","51,238,233,189,235",5:44:2|5:642:2|5:755:2
ckpt_4100.pt,5,817,0.5301909446716309,0.110026516020298,0.47484466433525085,"137,47,169,159,212","67,142,107,227,18",5:125:2|5:296:2|5:783:2
ckpt_4100.pt,5,818,0.5767021775245667,0.11217983812093735,0.4951418340206146,"47,89,228,151,192","164,216,66,59,126",5:148:2|5:811:2|5:1:1
ckpt_4100.pt,5,819,0.6058977246284485,0.11844661831855774,0.4676920473575592,"255,36,161,102,53","151,183,204,105,62",5:213:2|5:490:2|5:5:1
ckpt_4100.pt,5,820,0.5478649139404297,0.09456982463598251,0.4866906404495239,"78,162,115,17,12","109,222,72,67,195",5:47:2|5:161:2|5:833:2
ckpt_4100.pt,5,821,0.48287203907966614,0.10824809968471527,0.4260520040988922,"1,214,72,7,43","58,13,97,133,75",5:67:2|5:126:2|5:782:2
ckpt_4100.pt,5,822,0.5078530311584473,0.0838383361697197,0.482158899307251,"104,237,251,51,42","33,4,208,248,227",5:655:3|5:26:2|5:251:2
ckpt_4100.pt,5,823,0.5892716646194458,0.10962218046188354,0.4972514510154724,"51,34,171,90,14","147,172,243,41,57",5:844:2|5:6:1|5:18:1
ckpt_4100.pt,5,824,0.5724974274635315,0.10380171239376068,0.47666773200035095,"154,107,249,79,132","206,37,154,254,248",5:248:2|5:12:1|5:16:1
ckpt_4100.pt,5,825,0.49124789237976074,0.10334593057632446,0.4476030170917511,"156,84,211,58,164","193,90,167,106,170",5:13:2|5:118:2|5:301:2
ckpt_4100.pt,5,826,0.5751065015792847,0.10199400782585144,0.5041755437850952,"152,210,82,96,86","31,196,198,255,57",5:41:2|5:856:2|5:903:2
ckpt_4100.pt,5,827,0.6049156188964844,0.11989420652389526,0.5054017305374146,"114,225,172,236,33","46,160,58,202,134",5:3:1|5:26:1|5:46:1
ckpt_4100.pt,5,828,0.6307654976844788,0.11463028192520142,0.4929528534412384,"1,54,40,243,241","155,101,135,202,205",5:103:2|5:270:2|5:303:2
ckpt_4100.pt,5,829,0.5699676871299744,0.10851850360631943,0.4830307960510254,"153,65,80,150,156","8,116,49,85,51",5:168:2|5:197:2|5:662:2
ckpt_4100.pt,5,830,0.5543957948684692,0.09464642405509949,0.4588516652584076,"86,207,148,224,218","246,91,160,252,116",5:297:2|5:519:2|5:8:1
ckpt_4100.pt,5,831,0.5116270184516907,0.11654120683670044,0.4595401883125305,"212,174,93,178,168","170,128,57,52,212",5:41:2|5:467:2|5:551:2
ckpt_4100.pt,5,832,0.5063602924346924,0.08247792720794678,0.4523106813430786,"92,160,84,247,15","72,127,104,83,29",5:9:2|5:360:2|5:0:1
ckpt_4100.pt,5,833,0.6061107516288757,0.14775459468364716,0.4973779022693634,"120,115,213,162,7","62,125,232,177,167",5:180:2|5:476:2|5:820:2
ckpt_4100.pt,5,834,0.6071356534957886,0.10375440120697021,0.46267929673194885,"174,187,86,146,59","155,29,159,187,77",5:174:2|5:176:2|5:400:2
ckpt_4100.pt,5,835,0.5908375382423401,0.14039522409439087,0.5132870078086853,"131,172,169,150,44","34,204,92,89,223",5:197:2|5:233:2|5:338:2
ckpt_4100.pt,5,836,0.5653009414672852,0.0966964066028595,0.47834354639053345,"251,53,49,15,42","97,71,197,242,177",5:822:2|5:974:2|5:5:1
ckpt_4100.pt,5,837,0.4744061827659607,0.09873024374246597,0.4411061406135559,"99,212,236,247,167","201,213,246,70,92",5:2:2|5:115:2|5:708:2
ckpt_4100.pt,5,838,0.5146799087524414,0.09937659651041031,0.4995928406715393,"29,233,133,38,27","136,179,159,37,172",5:305:2|5:562:2|5:21:1
ckpt_4100.pt,5,839,0.5730347037315369,0.09592323005199432,0.5100530982017517,"59,41,230,226,38","157,236,250,24,144",5:54:2|5:25:1|5:29:1
ckpt_4100.pt,5,840,0.5252344608306885,0.09434958547353745,0.46142712235450745,"78,17,220,148,255","184,17,240,198,105",5:62:2|5:799:2|5:820:2
ckpt_4100.pt,5,841,0.5498565435409546,0.1315481811761856,0.46558037400245667,"214,223,40,15,167","90,145,66,222,83",5:478:2|5:782:2|5:2:1
ckpt_4100.pt,5,842,0.5355974435806274,0.11980311572551727,0.4747790992259979,"98,5,179,240,107","37,224,70,195,126",5:1:2|5:31:2|5:290:2
ckpt_4100.pt,5,843,0.4936157166957855,0.101712666451931,0.427643746137619,"203,16,190,86,109","107,223,40,205,123",5:663:2|5:13:1|5:19:1
ckpt_4100.pt,5,844,0.5413881540298462,0.09293863922357559,0.5143303871154785,"225,16,244,90,171","181,58,193,162,8",5:610:2|5:823:2|5:23:1
ckpt_4100.pt,5,845,0.589780867099762,0.09272317588329315,0.5209866762161255,"22,231,34,181,167","69,187,177,195,224",5:933:2|5:2:1|5:18:1
ckpt_4100.pt,5,846,0.5385826230049133,0.1027638167142868,0.46998587250709534,"145,157,120,123,85","207,254,60,197,54",5:217:2|5:235:2|5:8:1
ckpt_4100.pt,5,847,0.5272605419158936,0.09782981872558594,0.48701339960098267,"173,126,223,80,65","247,188,246,49,253",5:170:2|5:175:2|5:829:2
ckpt_4100.pt,5,848,0.4790470004081726,0.08745656162500381,0.4470764100551605,"221,237,186,5,48","160,158,15,8,93",5:760:2|5:915:2|5:17:1
ckpt_4100.pt,5,849,0.6027317047119141,0.12043387442827225,0.47929391264915466,"1,229,198,217,87","235,56,158,253,80",5:67:2|5:262:2|5:694:2
ckpt_4100.pt,5,850,0.6158998608589172,0.13488714396953583,0.4922235906124115,"199,242,203,231,40","43,22,75,247,109",5:368:2|5:396:2|5:559:2
ckpt_4100.pt,5,851,0.5570640563964844,0.11234844475984573,0.4947759509086609,"232,105,9,237,43","154,249,219,158,167",5:229:2|5:588:2|5:689:2
ckpt_4100.pt,5,852,0.4897863566875458,0.0878344178199768,0.43896278738975525,"213,130,42,2,163","65,234,197,160,185",5:136:2|5:285:2|5:476:2
ckpt_4100.pt,5,853,0.5873838663101196,0.08973140269517899,0.49247679114341736,"49,254,106,107,85","183,62,37,142,144",5:284:2|5:641:2|5:683:2
ckpt_4100.pt,5,854,0.4894377887248993,0.09790504723787308,0.4357948899269104,"41,164,160,76,46","4,219,125,207,212",5:92:2|5:257:2|5:399:2
ckpt_4100.pt,5,855,0.527868390083313,0.10708468407392502,0.4811805486679077,"132,92,226,57,229","114,62,229,108,206",5:25:2|5:75:2|5:107:2
ckpt_4100.pt,5,856,0.586989164352417,0.10276808589696884,0.5064730644226074,"168,105,31,152,82","185,86,56,33,234",5:207:2|5:276:2|5:826:2
ckpt_4100.pt,5,857,0.6035422086715698,0.11013122648000717,0.4765743613243103,"169,237,177,160,215","217,34,22,136,219",5:106:2|5:261:2|5:497:2
ckpt_4100.pt,5,858,0.5585160851478577,0.09602533280849457,0.5382372140884399,"117,58,211,214,144","127,192,5,32,154",5:825:2|5:6:1|5:19:1
ckpt_4100.pt,5,859,0.5202497839927673,0.08359231799840927,0.4375128149986267,"112,130,221,245,114","11,58,176,227,18",5:227:2|5:771:2|5:1023:2
ckpt_4100.pt,5,860,0.49971437454223633,0.10188660770654678,0.4648616909980774,"5,228,26,124,236","63,137,29,170,94",5:276:2|5:367:2|5:4:1
ckpt_4100.pt,5,861,0.49459409713745117,0.08680038154125214,0.41286852955818176,"175,97,76,250,119","99,217,253,21,22",5:200:2|5:920:2|5:6:1
ckpt_4100.pt,5,862,0.6277247071266174,0.11667902767658234,0.5016795992851257,"213,22,136,62,219","8,97,220,145,9",5:364:2|5:801:2|5:977:2
ckpt_4100.pt,5,863,0.4460965394973755,0.07863310724496841,0.4318556487560272,"142,106,93,107,129","162,155,37,24,221",5:676:2|5:853:2|5:1:1
ckpt_4100.pt,5,864,0.5281807780265808,0.10318958014249802,0.4492635726928711,"54,103,11,214,154","217,85,17,54,174",5:185:2|5:238:2|5:313:2
ckpt_4100.pt,5,865,0.5015656352043152,0.11101003736257553,0.4725956320762634,"154,106,33,61,166","47,30,93,219,65",5:362:2|5:707:2|5:715:2
ckpt_4100.pt,5,866,0.6506593823432922,0.11379799246788025,0.4897535443305969,"58,36,81,109,189","138,208,178,16,234",5:572:2|5:13:1|5:19:1
ckpt_4100.pt,5,867,0.5523664355278015,0.11857317388057709,0.47850754857063293,"228,148,235,188,52","68,183,25,21,228",5:518:2|5:11:1|5:19:1
ckpt_4100.pt,5,868,0.585513710975647,0.11212100088596344,0.534101128578186,"76,133,195,34,42","17,86,104,61,119",5:43:2|5:421:2|5:527:2
ckpt_4100.pt,5,869,0.48514750599861145,0.08539220690727234,0.44790276885032654,"236,192,112,60,55","142,187,19,208,2",5:414:2|5:682:2|5:2:1
ckpt_4100.pt,5,870,0.5339742302894592,0.09555436670780182,0.4733670651912689,"158,88,37,244,191","174,57,110,17,193",5:284:2|5:309:2|5:508:2
ckpt_4100.pt,5,871,0.5587908029556274,0.10223163664340973,0.49579671025276184,"81,178,181,251,244","26,175,240,32,40",5:23:2|5:189:2|5:999:2
ckpt_4100.pt,5,872,0.48255079984664917,0.09283755719661713,0.4308382272720337,"172,207,168,39,104","12,107,3,239,66",5:803:3|5:320:2|5:376:2
ckpt_4100.pt,5,873,0.501867949962616,0.09397337585687637,0.43478748202323914,"210,196,255,180,97","67,38,31,192,49",5:288:2|5:22:1|5:36:1
ckpt_4100.pt,5,874,0.5557748675346375,0.09774745255708694,0.44950881600379944,"242,32,71,130,230","172,152,92,53,242",5:226:2|5:992:2|5:29:1
ckpt_4100.pt,5,875,0.486497163772583,0.10644543170928955,0.43802744150161743,"37,168,167,101,76","227,184,62,25,217",5:207:2|5:2:1|5:7:1
ckpt_4100.pt,5,876,0.6509795188903809,0.12697716057300568,0.553387463092804,"81,67,166,182,62","186,253,206,216,249",5:139:2|5:232:2|5:502:2
ckpt_4100.pt,5,877,0.49080854654312134,0.09502405673265457,0.464822918176651,"12,6,176,26,205","141,77,69,51,106",5:58:2|5:298:2|5:388:2
ckpt_4100.pt,5,878,0.4997280240058899,0.09874288737773895,0.44686663150787354,"113,213,49,39,252","73,105,113,179,52",5:39:2|5:180:2|5:546:2
ckpt_4100.pt,5,879,0.4990832507610321,0.09722059220075607,0.41840916872024536,"235,154,214,8,190","118,15,152,102,172",5:493:2|5:539:2|5:864:2
ckpt_4100.pt,5,880,0.5441486835479736,0.08347968012094498,0.45713192224502563,"184,253,199,97,213","223,77,49,153,213",5:55:2|5:73:2|5:33:1
ckpt_4100.pt,5,881,0.46033141016960144,0.08960709720849991,0.40005165338516235,"193,75,128,241,6","43,149,157,65,13",5:10:1|5:50:1|5:58:1
ckpt_4100.pt,5,882,0.4939054846763611,0.08996330201625824,0.443347692489624,"41,15,98,169,80","136,146,240,235,171",5:137:2|5:249:2|5:263:2
ckpt_4100.pt,5,883,0.49342238903045654,0.08937917649745941,0.4277523159980774,"199,114,125,233,131","217,247,160,104,178",5:809:2|5:1019:2|5:3:1
ckpt_4100.pt,5,884,0.7051072120666504,0.134854257106781,0.5633077025413513,"3,243,81,171,98","37,69,196,30,103",5:189:2|5:246:2|5:628:2
ckpt_4100.pt,5,885,0.6167750358581543,0.09957443177700043,0.5189208388328552,"22,106,199,16,51","106,213,86,133,83",5:415:2|5:461:2|5:606:2
ckpt_4100.pt,5,886,0.547991931438446,0.09448536485433578,0.4883158802986145,"196,160,118,215,125","189,254,20,150,230",5:489:2|5:589:2|5:620:2
ckpt_4100.pt,5,887,0.5632240176200867,0.11728040874004364,0.47586333751678467,"90,26,150,50,84","51,189,28,115,61",5:310:2|5:369:2|5:603:2
ckpt_4100.pt,5,888,0.5058255195617676,0.11027476191520691,0.4587751626968384,"128,167,186,142,69","214,130,93,183,31",5:1:1|5:2:1|5:21:1
ckpt_4100.pt,5,889,0.5103843212127686,0.11657315492630005,0.46137967705726624,"253,135,169,166,215","118,65,235,247,72",5:497:2|5:613:2|5:857:2
ckpt_4100.pt,5,890,0.6101177334785461,0.10842953622341156,0.4720116853713989,"130,135,229,81,195","119,50,117,167,138",5:264:2|5:317:2|5:994:2
ckpt_4100.pt,5,891,0.5940415263175964,0.11732938140630722,0.5282697677612305,"143,28,224,105,250","3,151,37,13,88",5:720:3|5:692:2|5:786:2
ckpt_4100.pt,5,892,0.5417934060096741,0.13199585676193237,0.48903557658195496,"149,21,130,113,7","27,157,81,73,70",5:408:2|5:10:1|5:34:1
ckpt_4100.pt,5,893,0.5132995843887329,0.09688634425401688,0.45152121782302856,"40,187,215,224,70","42,185,87,220,251",5:8:2|5:559:2|5:754:2
ckpt_4100.pt,5,894,0.5395967960357666,0.08415308594703674,0.4815935492515564,"110,7,169,165,205","0,211,148,99,248",5:261:2|5:476:2|5:542:2
ckpt_4100.pt,5,895,0.55604487657547,0.0992622897028923,0.46910372376441956,"26,45,54,222,83","40,100,169,126,123",5:105:2|5:600:2|5:14:1
ckpt_4100.pt,5,896,0.601377546787262,0.11305940896272659,0.5760254263877869,"108,162,0,134,216","140,148,194,7,11",5:235:2|5:252:2|5:462:2
ckpt_4100.pt,5,897,0.6021978855133057,0.11001764237880707,0.4824925661087036,"157,247,151,103,91","205,89,175,82,225",5:111:2|5:730:2|5:1:1
ckpt_4100.pt,5,898,0.5203896164894104,0.09426408261060715,0.4721161425113678,"163,31,37,151,129","102,103,38,226,101",5:1004:2|5:1:1|5:13:1
ckpt_4100.pt,5,899,0.5368502140045166,0.10995248705148697,0.4612477719783783,"41,167,27,253,86","11,252,249,29,83",5:391:2|5:2:1|5:22:1
ckpt_4100.pt,5,900,0.5798149704933167,0.10335389524698257,0.4900432527065277,"28,200,225,199,186","106,223,10,222,216",5:22:1|5:26:1|5:33:1
ckpt_4100.pt,5,901,0.5628342628479004,0.10214816778898239,0.47634634375572205,"65,204,3,15,208","62,216,66,117,154",5:135:2|5:140:2|5:365:2
ckpt_4100.pt,5,902,0.6037805080413818,0.10760215669870377,0.5036718249320984,"224,127,16,141,188","58,188,206,89,28",5:509:2|5:8:1|5:12:1
ckpt_4100.pt,5,903,0.49916720390319824,0.09058771282434464,0.44957485795021057,"210,27,82,60,182","68,249,67,183,49",5:35:2|5:68:2|5:349:2
ckpt_4100.pt,5,904,0.6323908567428589,0.11705193668603897,0.5130747556686401,"174,77,107,135,220","240,170,255,71,34",5:472:2|5:8:1|5:16:1
ckpt_4100.pt,5,905,0.5837714672088623,0.1313990354537964,0.5059860944747925,"116,35,89,208,58","140,252,161,186,156",5:778:2|5:11:1|5:14:1
ckpt_4100.pt,5,906,0.5279622673988342,0.10479127615690231,0.4723845422267914,"142,189,7,195,207","223,49,74,248,12",5:419:2|5:446:2|5:495:2
ckpt_4100.pt,5,907,0.5345057845115662,0.09889372438192368,0.4893273413181305,"43,138,199,141,37","155,129,195,169,59",5:163:2|5:294:2|5:963:2
ckpt_4100.pt,5,908,0.7423155307769775,0.1182236522436142,0.6377087235450745,"199,42,115,46,209","123,219,13,221,130",5:590:2|5:950:2|5:4:1
ckpt_4100.pt,5,909,0.5689918994903564,0.10583626478910446,0.48778092861175537,"241,27,190,227,92","13,113,114,81,184",5:82:2|5:457:2|5:539:2
ckpt_4100.pt,5,910,0.484527051448822,0.09502281993627548,0.4388769268989563,"153,171,189,133,193","29,200,216,220,244",5:43:1|5:48:1|5:49:1
ckpt_4100.pt,5,911,0.6220025420188904,0.13602063059806824,0.5089806318283081,"127,44,181,20,130","220,117,206,18,219",5:242:2|5:328:2|5:12:1
ckpt_4100.pt,5,912,0.5861554145812988,0.1110457107424736,0.5096998810768127,"215,93,179,201,124","193,80,21,187,127",5:321:2|5:401:2|5:510:2
ckpt_4100.pt,5,913,0.5685669779777527,0.09339109808206558,0.4761142432689667,"36,250,111,33,174","116,83,52,44,209",5:474:2|5:922:2|5:8:1
ckpt_4100.pt,5,914,0.508459210395813,0.09318237751722336,0.4523334801197052,"52,190,129,111,137","124,252,145,18,115",5:115:2|5:381:2|5:704:2
ckpt_4100.pt,5,915,0.5069756507873535,0.09362439811229706,0.45111730694770813,"38,35,5,48,64","132,214,114,160,246",5:60:2|5:650:2|5:791:2
ckpt_4100.pt,5,916,0.5496971607208252,0.09529915452003479,0.4539252519607544,"220,211,43,164,186","185,98,151,215,7",5:399:2|5:726:2|5:825:2
ckpt_4100.pt,5,917,0.528449535369873,0.10534269362688065,0.46079322695732117,"236,40,51,17,88","180,159,92,68,83",5:85:2|5:1:1|5:26:1
ckpt_4100.pt,5,918,0.5271646976470947,0.1304980218410492,0.5058912038803101,"190,4,159,210,39","75,235,221,41,24",5:1018:2|5:33:1|5:41:1
ckpt_4100.pt,5,919,0.5306406617164612,0.08854394406080246,0.5094437599182129,"127,64,40,132,246","247,112,33,116,152",5:512:2|5:667:2|5:5:1
ckpt_4100.pt,5,920,0.5946438312530518,0.12441594153642654,0.501490592956543,"37,164,119,250,86","33,58,150,64,112",5:218:2|5:264:2|5:592:2
ckpt_4100.pt,5,921,0.5869325399398804,0.11647763848304749,0.5061120986938477,"223,105,208,19,17","81,29,145,105,174",5:47:2|5:54:2|5:117:2
ckpt_4100.pt,5,922,0.5342735648155212,0.09846847504377365,0.4664051830768585,"45,33,36,75,74","17,149,41,81,130",5:244:2|5:600:2|5:913:2
ckpt_4100.pt,5,923,0.5567267537117004,0.13808435201644897,0.4812614321708679,"208,54,130,10,80","82,210,199,249,141",5:189:2|5:317:2|5:28:1
ckpt_4100.pt,5,924,0.5179945826530457,0.10824413597583771,0.5169755220413208,"183,144,179,218,244","247,116,20,125,220",5:23:2|5:134:2|5:194:2
ckpt_4100.pt,5,925,0.45402854681015015,0.0888141393661499,0.4001949727535248,"217,171,134,20,33","105,186,69,88,158",5:453:2|5:11:1|5:16:1
ckpt_4100.pt,5,926,0.5082034468650818,0.08468236774206161,0.5035437345504761,"103,239,6,240,223","70,81,137,233,36",5:10:2|5:72:2|5:119:2
ckpt_4100.pt,5,927,0.6467002034187317,0.13034853339195251,0.5693005919456482,"255,240,177,200,75","120,179,95,196,24",5:980:3|5:102:2|5:237:2
ckpt_4100.pt,5,928,0.5490631461143494,0.09666714817285538,0.5042259097099304,"109,62,20,215,31","9,111,210,216,168",5:13:2|5:758:2|5:26:1
ckpt_4100.pt,5,929,0.534462571144104,0.11281052231788635,0.4751116633415222,"27,199,12,226,95","6,126,178,96,38",5:35:3|5:439:2|5:461:2
ckpt_4100.pt,5,930,0.4947097897529602,0.0883370041847229,0.448684424161911,"208,36,163,211,59","245,192,240,160,102",5:444:2|5:548:2|5:33:1
ckpt_4100.pt,5,931,0.4968602955341339,0.09162957221269608,0.42952391505241394,"247,205,231,35,14","38,154,90,97,232",5:787:3|5:113:2|5:6:1
ckpt_4100.pt,5,932,0.5201131105422974,0.09006434679031372,0.49127623438835144,"80,191,215,205,147","182,248,230,233,67",5:101:2|5:559:2|5:589:2
ckpt_4100.pt,5,933,0.42133697867393494,0.08227697014808655,0.37597501277923584,"35,34,106,54,181","106,103,88,59,101",5:189:2|5:213:2|5:630:2
ckpt_4100.pt,5,934,0.4587470293045044,0.09534513205289841,0.42239367961883545,"194,148,168,170,31","168,25,178,113,47",5:498:2|5:856:2|5:7:1
ckpt_4100.pt,5,935,0.5563980937004089,0.10056588053703308,0.4903937578201294,"1,9,10,148,162","241,50,1,137,34",5:112:2|5:679:2|5:8:1
ckpt_4100.pt,5,936,0.5549771785736084,0.10332172363996506,0.4816111922264099,"113,140,35,191,54","67,135,3,113,13",5:3:2|5:213:2|5:397:2
ckpt_4100.pt,5,937,0.549038290977478,0.11504092067480087,0.4804103672504425,"47,115,48,253,239","7,97,213,178,131",5:370:2|5:557:2|5:630:2
ckpt_4100.pt,5,938,0.5361796617507935,0.08662772178649902,0.4930028021335602,"152,9,45,67,11","81,59,130,135,38",5:547:2|5:24:1|5:42:1
ckpt_4100.pt,5,939,0.6010349988937378,0.11847640573978424,0.4932902753353119,"184,237,14,0,56","89,114,182,64,41",5:91:2|5:6:1|5:18:1
ckpt_4100.pt,5,940,0.550662636756897,0.12633569538593292,0.481879323720932,"220,228,248,215,181","86,71,60,10,74",5:44:2|5:148:2|5:423:2
ckpt_4100.pt,5,941,0.558323085308075,0.10073444992303848,0.49547892808914185,"85,113,168,240,133","127,165,122,81,155",5:1014:2|5:7:1|5:8:1
ckpt_4100.pt,5,942,0.5763993859291077,0.09186966717243195,0.5105556845664978,"8,152,89,245,18","195,13,159,240,107",5:587:2|5:4:1|5:14:1
ckpt_4100.pt,5,943,0.5442675948143005,0.12618005275726318,0.5092261433601379,"106,204,59,165,67","239,141,216,92,255",5:703:2|5:12:1|5:24:1
ckpt_4100.pt,5,944,0.6281694173812866,0.1537276953458786,0.4826796352863312,"139,180,247,72,116","64,62,160,19,206",5:84:2|5:14:1|5:36:1
ckpt_4100.pt,5,945,0.5175713896751404,0.1056424230337143,0.4713987708091736,"187,248,37,91,214","37,16,10,245,220",5:318:2|5:781:2|5:946:2
ckpt_4100.pt,5,946,0.6293360590934753,0.11346790939569473,0.5226494073867798,"183,37,14,187,58","208,21,157,35,181",5:97:2|5:203:2|5:716:2
ckpt_4100.pt,5,947,0.5879174470901489,0.12314238399267197,0.4969671368598938,"42,190,126,184,134","106,156,168,229,189",5:33:2|5:167:2|5:230:2
ckpt_4100.pt,5,948,0.5058823227882385,0.0992189347743988,0.4570067524909973,"190,38,142,168,53","14,13,122,48,41",5:52:2|5:1:1|5:5:1
ckpt_4100.pt,5,949,0.561546802520752,0.10434534400701523,0.512194037437439,"215,61,176,29,53","45,82,32,187,69",5:1008:3|5:109:2|5:190:2
ckpt_4100.pt,5,950,0.56819748878479,0.10298711806535721,0.509075939655304,"49,242,209,193,115","51,173,29,159,209",5:412:2|5:908:2|5:4:1
ckpt_4100.pt,5,951,0.5460657477378845,0.11597473919391632,0.49637308716773987,"15,235,60,217,72","81,220,214,255,68",5:24:2|5:493:2|5:9:1
ckpt_4100.pt,5,952,0.5683240294456482,0.13226893544197083,0.48320427536964417,"255,140,165,174,116","179,44,92,174,233",5:330:2|5:519:2|5:536:2
ckpt_4100.pt,5,953,0.5320615172386169,0.08642879128456116,0.45225435495376587,"114,124,153,164,7","216,221,242,76,148",5:230:2|5:446:2|5:534:2
ckpt_4100.pt,5,954,0.5376073122024536,0.09722135961055756,0.45660796761512756,"41,60,104,154,92","240,230,106,173,131",5:32:2|5:92:2|5:424:2
ckpt_4100.pt,5,955,0.5354354977607727,0.09222214668989182,0.46736466884613037,"229,131,200,109,150","118,157,247,136,20",5:338:3|5:131:2|5:197:2
ckpt_4100.pt,5,956,0.6227729320526123,0.12016711384057999,0.5313745737075806,"219,95,107,94,54","109,112,135,25,216",5:28:2|5:155:2|5:213:2
ckpt_4100.pt,5,957,0.543274998664856,0.10656824707984924,0.45213449001312256,"207,124,17,35,248","253,190,80,146,2",5:793:3|5:514:2|5:765:2
ckpt_4100.pt,5,958,0.49219152331352234,0.0909779742360115,0.4422502815723419,"52,97,153,59,24","166,218,230,96,204",5:86:2|5:88:2|5:381:2
ckpt_4100.pt,5,959,0.6010419130325317,0.10767041146755219,0.525454044342041,"233,245,140,92,129","164,61,59,20,236",5:38:2|5:527:2|5:536:2
ckpt_4100.pt,5,960,0.5575555562973022,0.11512154340744019,0.49729692935943604,"207,116,24,220,30","150,67,173,205,10",5:101:2|5:351:2|5:516:2
ckpt_4100.pt,5,961,0.6363703012466431,0.1394411325454712,0.5072226524353027,"12,117,4,226,201","86,76,174,185,160",5:35:2|5:239:2|5:929:2
ckpt_4100.pt,5,962,0.610628604888916,0.11208599805831909,0.5135440826416016,"243,4,137,80,128","70,108,141,161,174",5:121:3|5:246:2|5:363:2
ckpt_4100.pt,5,963,0.5194363594055176,0.1116250678896904,0.4610282778739929,"242,245,36,43,141","144,157,132,28,209",5:620:2|5:770:2|5:907:2
ckpt_4100.pt,5,964,0.5362240672111511,0.1162620410323143,0.4939843416213989,"18,101,57,121,4","182,49,38,167,123",5:269:2|5:551:2|5:4:1
ckpt_4100.pt,5,965,0.5941423773765564,0.10397171229124069,0.5236009955406189,"112,75,106,11,41","224,105,245,143,158",5:355:3|5:69:2|5:249:2
ckpt_4100.pt,5,966,0.5051144361495972,0.09255950897932053,0.40809494256973267,"154,75,104,80,242","207,65,95,234,86",5:237:2|5:798:2|5:954:2
ckpt_4100.pt,5,967,0.586492121219635,0.12185675650835037,0.5213811993598938,"86,220,34,245,143","40,188,253,137,173",5:348:2|5:470:2|5:17:1
ckpt_4100.pt,5,968,0.584549605846405,0.09602656960487366,0.4827651083469391,"50,239,135,241,110","113,54,37,27,232",5:323:2|5:16:1|5:33:1
ckpt_4100.pt,5,969,0.5373578667640686,0.10472189635038376,0.4865083396434784,"145,56,46,29,99","67,83,252,169,194",5:116:2|5:193:2|5:516:2
ckpt_4100.pt,5,970,0.5553625226020813,0.0996013730764389,0.5040441751480103,"99,204,57,95,22","205,64,5,52,166",5:30:2|5:143:2|5:475:2
ckpt_4100.pt,5,971,0.5382674336433411,0.09103257209062576,0.4472874104976654,"107,78,167,204,60","218,115,140,66,116",5:62:2|5:124:2|5:214:2
ckpt_4100.pt,5,972,0.5319167375564575,0.10990583151578903,0.4527970850467682,"126,250,157,197,35","25,6,219,88,234",5:11:1|5:31:1|5:40:1
ckpt_4100.pt,5,973,0.6432671546936035,0.10835399478673935,0.5522307753562927,"52,229,175,201,46","99,49,225,22,14",5:457:2|5:629:2|5:989:2
ckpt_4100.pt,5,974,0.595565140247345,0.11822358518838882,0.505512535572052,"180,15,228,53,184","171,73,5,230,172",5:36:2|5:468:2|5:836:2
ckpt_4100.pt,5,975,0.5062795877456665,0.09384298324584961,0.47540464997291565,"94,0,111,156,192","98,243,228,121,230",5:136:2|5:362:2|5:685:2
ckpt_4100.pt,5,976,0.5158792734146118,0.12008404731750488,0.4505423605442047,"246,46,24,177,39","20,115,107,223,140",5:175:2|5:593:2|5:5:1
ckpt_4100.pt,5,977,0.5466055870056152,0.11159662902355194,0.45787790417671204,"219,12,5,214,136","150,248,118,244,220",5:17:2|5:221:2|5:445:2
ckpt_4100.pt,5,978,0.47604596614837646,0.08342068642377853,0.4578973650932312,"246,182,215,167,161","15,101,152,91,67",5:87:2|5:308:2|5:601:2
ckpt_4100.pt,5,979,0.5875285863876343,0.11052264273166656,0.5059472322463989,"14,61,179,112,254","206,120,223,231,169",5:2:2|5:544:2|5:802:2
ckpt_4100.pt,5,980,0.6044192910194397,0.10549432784318924,0.48317623138427734,"177,143,240,115,75","123,252,11,139,159",5:927:3|5:96:2|5:7:1
ckpt_4100.pt,5,981,0.6099056005477905,0.09533561766147614,0.4859153926372528,"191,46,66,92,141","164,227,160,150,176",5:32:2|5:524:2|5:549:2
ckpt_4100.pt,5,982,0.5153825879096985,0.09364842623472214,0.480256587266922,"225,136,4,226,54","219,12,215,243,106",5:239:2|5:403:2|5:961:2
ckpt_4100.pt,5,983,0.5631808042526245,0.08879555761814117,0.5279577374458313,"165,128,114,43,119","226,206,149,236,12",5:430:2|5:638:2|5:726:2
ckpt_4100.pt,5,984,0.6401159167289734,0.15113051235675812,0.5652917623519897,"129,144,127,202,134","31,1,216,128,108",5:333:2|5:676:2|5:684:2
ckpt_4100.pt,5,985,0.5622522234916687,0.1119481548666954,0.5046496987342834,"99,156,164,178,246","113,43,147,255,239",5:13:2|5:606:2|5:635:2
ckpt_4100.pt,5,986,0.45226913690567017,0.1074771136045456,0.416524201631546,"64,178,168,49,14","157,111,138,119,26",5:87:2|5:122:2|5:602:2
ckpt_4100.pt,5,987,0.5570216774940491,0.13576048612594604,0.5211981534957886,"177,82,43,106,211","50,67,98,141,133",5:240:2|5:726:2|5:916:2
ckpt_4100.pt,5,988,0.5602124333381653,0.12440195679664612,0.49995356798171997,"245,17,167,83,93","112,100,170,47,192",5:652:2|5:719:2|5:766:2
ckpt_4100.pt,5,989,0.6445208191871643,0.11513242870569229,0.513824999332428,"201,52,111,29,226","178,207,145,96,87",5:305:2|5:381:2|5:629:2
ckpt_4100.pt,5,990,0.5074964165687561,0.11636269837617874,0.4908179044723511,"229,144,223,148,124","62,48,60,15,209",5:39:2|5:131:2|5:4:1
ckpt_4100.pt,5,991,0.5005554556846619,0.12416455149650574,0.4436022639274597,"202,235,126,145,220","203,8,154,37,87",5:228:2|5:488:2|5:518:2
ckpt_4100.pt,5,992,0.4828979969024658,0.11150187999010086,0.43774649500846863,"58,23,32,218,230","143,160,93,15,165",5:226:2|5:482:2|5:648:2
ckpt_4100.pt,5,993,0.5042968392372131,0.09570867568254471,0.4441898763179779,"109,45,170,234,218","9,32,245,203,111",5:51:2|5:728:2|5:13:1
ckpt_4100.pt,5,994,0.5311911702156067,0.09969571977853775,0.4477701783180237,"200,134,130,229,185","224,208,223,174,116",5:131:2|5:372:2|5:612:2
ckpt_4100.pt,5,995,0.5491285920143127,0.09999734908342361,0.48498907685279846,"196,19,72,156,166","11,128,211,243,55",5:100:2|5:362:2|5:685:2
ckpt_4100.pt,5,996,0.5907983183860779,0.12958203256130219,0.5069654583930969,"100,40,201,235,210","38,83,139,119,5",5:349:2|5:749:2|5:11:1
ckpt_4100.pt,5,997,0.49386441707611084,0.10087168961763382,0.4928463101387024,"23,21,54,198,22","161,175,208,30,240",5:182:2|5:385:2|5:416:2
ckpt_4100.pt,5,998,0.5913829207420349,0.13017873466014862,0.48403090238571167,"70,213,162,177,12","197,183,203,178,50",5:8:2|5:439:2|5:820:2
ckpt_4100.pt,5,999,0.5858269929885864,0.11149052530527115,0.5056527256965637,"181,3,251,203,253","178,133,190,174,129",5:70:2|5:302:2|5:871:2
ckpt_4100.pt,5,1000,0.613986074924469,0.11910132318735123,0.5013365745544434,"35,49,211,41,136","57,172,112,250,6",5:11:1|5:21:1|5:22:1
ckpt_4100.pt,5,1001,0.45560887455940247,0.076823391020298,0.45072415471076965,"201,30,132,195,218","43,195,164,75,245",5:70:2|5:185:2|5:350:2
ckpt_4100.pt,5,1002,0.5287984013557434,0.11096011102199554,0.4690174162387848,"10,129,122,161,205","54,222,135,120,248",5:298:3|5:24:1|5:29:1
ckpt_4100.pt,5,1003,0.5553510189056396,0.10595129430294037,0.4845397174358368,"216,237,201,76,187","188,247,216,126,149",5:106:2|5:361:2|5:407:2
ckpt_4100.pt,5,1004,0.5883378982543945,0.10681545734405518,0.49541175365448,"31,86,55,201,129","15,188,9,181,232",5:185:2|5:764:2|5:898:2
ckpt_4100.pt,5,1005,0.538953423500061,0.09746835380792618,0.48972728848457336,"41,63,79,176,232","224,180,35,61,210",5:158:2|5:200:2|5:638:2
ckpt_4100.pt,5,1006,0.5238987803459167,0.10568991303443909,0.48397669196128845,"17,244,21,129,97","84,228,95,120,5",5:1:1|5:23:1|5:27:1
ckpt_4100.pt,5,1007,0.5293789505958557,0.08600273728370667,0.4658154845237732,"64,28,218,95,201","164,8,26,31,171",5:425:2|5:662:2|5:1001:2
ckpt_4100.pt,5,1008,0.6039287447929382,0.13869725167751312,0.5291986465454102,"61,53,131,176,108","141,39,255,203,92",5:949:3|5:615:2|5:812:2
ckpt_4100.pt,5,1009,0.5493059754371643,0.09243322908878326,0.4698697626590729,"104,190,128,54,234","95,89,212,234,141",5:17:1|5:28:1|5:33:1
ckpt_4100.pt,5,1010,0.5245948433876038,0.10234197974205017,0.5085795521736145,"2,142,240,216,123","136,169,186,15,104",5:235:2|5:735:2|5:767:2
ckpt_4100.pt,5,1011,0.47775617241859436,0.08740964531898499,0.45809483528137207,"11,23,128,12,113","5,10,186,64,233",5:208:2|5:375:2|5:2:1
ckpt_4100.pt,5,1012,0.5951130986213684,0.14202867448329926,0.5024332404136658,"24,112,80,22,138","230,163,200,71,210",5:45:2|5:65:2|5:101:2
ckpt_4100.pt,5,1013,0.5831280946731567,0.10305801779031754,0.493081659078598,"134,16,189,87,18","111,174,8,244,254",5:615:2|5:0:1|5:3:1
ckpt_4100.pt,5,1014,0.6023866534233093,0.12178277969360352,0.5230609178543091,"94,180,17,168,240","41,204,17,208,181",5:183:2|5:393:2|5:608:2
ckpt_4100.pt,5,1015,0.5236815810203552,0.09815998375415802,0.48674237728118896,"169,154,30,155,231","59,56,29,244,220",5:252:2|5:255:2|5:263:2
ckpt_4100.pt,5,1016,0.6152400374412537,0.12972241640090942,0.46320706605911255,"246,6,35,221,173","246,48,97,6,101",5:175:2|5:404:2|5:428:2
ckpt_4100.pt,5,1017,0.6693273186683655,0.12819510698318481,0.5519474148750305,"115,145,35,59,91","244,116,26,115,53",5:176:2|5:260:2|5:598:2
ckpt_4100.pt,5,1018,0.542393684387207,0.10331511497497559,0.5272693634033203,"101,161,190,61,39","28,126,234,97,10",5:326:2|5:490:2|5:521:2
ckpt_4100.pt,5,1019,0.4246636927127838,0.08144250512123108,0.42158281803131104,"125,254,216,233,130","104,30,64,103,176",5:165:2|5:883:2|5:6:1
ckpt_4100.pt,5,1020,0.6433441638946533,0.11263269186019897,0.550457239151001,"8,223,174,141,208","3,7,224,15,160",5:921:2|5:8:1|5:23:1
ckpt_4100.pt,5,1021,0.575446367263794,0.09809954464435577,0.5077764391899109,"135,141,181,196,73","91,80,50,104,152",5:250:2|5:16:1|5:22:1
ckpt_4100.pt,5,1022,0.595330536365509,0.10643018782138824,0.5227741003036499,"226,20,219,53,96","180,68,227,187,229",5:5:3|5:6:1|5:17:1
ckpt_4100.pt,5,1023,0.5019239783287048,0.09729426354169846,0.44291388988494873,"114,179,112,250,62","166,223,185,208,90",5:2:2|5:469:2|5:771:2
