checkpoint,block,neuron,fc_l2,fc_max_abs,proj_l2,top_in_dims,top_out_dims,neighbors_input
ckpt_4700.pt,0,0,0.4008786976337433,0.0948495864868164,0.40471887588500977,"154,163,123,29,116","184,133,45,18,206",0:6:1|0:20:1|0:29:1
ckpt_4700.pt,0,1,0.34774094820022583,0.07342557609081268,0.3339678645133972,"86,167,12,157,253","155,150,192,166,59",0:15:1|0:16:1|0:29:1
ckpt_4700.pt,0,2,0.4506755471229553,0.09283081442117691,0.44037115573883057,"27,63,231,44,232","255,200,98,154,38",0:369:3|0:160:2|0:208:2
ckpt_4700.pt,0,3,0.45255208015441895,0.08297431468963623,0.44611862301826477,"80,217,49,207,53","209,67,128,32,205",0:141:2|0:149:2|0:845:2
ckpt_4700.pt,0,4,0.4666062295436859,0.08622312545776367,0.46125176548957825,"165,1,28,62,159","85,163,134,190,234",0:113:2|0:249:2|0:368:2
ckpt_4700.pt,0,5,0.43677470088005066,0.10367902368307114,0.40052375197410583,"121,71,63,186,147","55,46,109,157,65",0:144:2|0:371:2|0:909:2
ckpt_4700.pt,0,6,0.5310506820678711,0.11238894611597061,0.4631570875644684,"116,213,90,94,113","73,156,134,27,5",0:116:2|0:595:2|0:889:2
ckpt_4700.pt,0,7,0.41675999760627747,0.07159395515918732,0.4350907504558563,"220,128,211,119,173","223,34,118,158,35",0:195:2|0:465:2|0:706:2
ckpt_4700.pt,0,8,0.4052887558937073,0.072276771068573,0.3783430755138397,"60,150,115,70,166","161,145,234,171,92",0:120:2|0:577:2|0:874:2
ckpt_4700.pt,0,9,0.4339325428009033,0.08550842106342316,0.39389678835868835,"97,23,44,69,168","148,222,246,99,185",0:248:2|0:393:2|0:723:2
ckpt_4700.pt,0,10,0.4141013026237488,0.07310773432254791,0.3944248855113983,"44,191,15,245,26","171,92,93,129,215",0:143:2|0:248:2|0:275:2
ckpt_4700.pt,0,11,0.4724692404270172,0.08245433866977692,0.4640379846096039,"62,67,233,42,113","35,101,242,140,82",0:101:2|0:171:2|0:309:2
ckpt_4700.pt,0,12,0.44256865978240967,0.08948186039924622,0.43048182129859924,"91,185,84,59,89","117,29,68,236,9",0:352:2|0:397:2|0:462:2
ckpt_4700.pt,0,13,0.4181861877441406,0.08225905150175095,0.40807899832725525,"28,63,207,113,220","87,158,108,74,24",0:47:2|0:385:2|0:705:2
ckpt_4700.pt,0,14,0.4159495234489441,0.06871199607849121,0.41473832726478577,"36,113,4,251,152","119,244,59,22,179",0:196:2|0:283:2|0:503:2
ckpt_4700.pt,0,15,0.45124155282974243,0.10510817170143127,0.42453116178512573,"48,157,93,33,59","219,234,37,39,154",0:155:2|0:318:2|0:1:1
ckpt_4700.pt,0,16,0.4180622696876526,0.07893997430801392,0.4247295558452606,"226,255,42,10,167","124,223,62,222,11",0:220:2|0:282:2|0:1:1
ckpt_4700.pt,0,17,0.388284295797348,0.06550947576761246,0.4295019507408142,"102,244,180,106,168","82,97,4,89,132",0:59:2|0:392:2|0:1019:2
ckpt_4700.pt,0,18,0.34721770882606506,0.06021227687597275,0.37963834404945374,"189,122,33,175,82","98,45,23,192,100",0:254:2|0:325:2|0:409:2
ckpt_4700.pt,0,19,0.4168352484703064,0.07566851377487183,0.38858696818351746,"34,237,159,76,153","214,238,253,161,132",0:129:2|0:288:2|0:346:2
ckpt_4700.pt,0,20,0.4626022279262543,0.09185128659009933,0.46179792284965515,"154,121,21,69,64","155,143,215,241,163",0:350:2|0:723:2|0:0:1
ckpt_4700.pt,0,21,0.4652290344238281,0.08232643455266953,0.47921788692474365,"172,81,147,59,229","156,219,12,2,66",0:183:2|0:187:2|0:537:2
ckpt_4700.pt,0,22,0.42782217264175415,0.09101119637489319,0.41032418608665466,"43,174,56,150,194","174,27,50,158,100",0:820:2|0:8:1|0:31:1
ckpt_4700.pt,0,23,0.420816034078598,0.07628738135099411,0.3830334544181824,"38,47,18,89,61","76,171,213,242,231",0:12:1|0:37:1|0:42:1
ckpt_4700.pt,0,24,0.4802607297897339,0.09523709118366241,0.43002963066101074,"36,102,34,191,101","12,243,218,130,249",0:258:2|0:356:2|0:379:2
ckpt_4700.pt,0,25,0.38751888275146484,0.06230064481496811,0.3971196711063385,"178,113,205,122,239","112,88,190,185,127",0:231:2|0:358:2|0:876:2
ckpt_4700.pt,0,26,0.41923588514328003,0.07252533733844757,0.43769851326942444,"241,103,93,90,105","133,169,24,235,123",0:536:2|0:710:2|0:775:2
ckpt_4700.pt,0,27,0.4757342040538788,0.09922900050878525,0.4350733458995819,"208,9,183,30,202","16,218,62,14,108",0:581:2|0:609:2|0:619:2
ckpt_4700.pt,0,28,0.3563746213912964,0.06813228130340576,0.3763991594314575,"58,127,93,78,57","31,147,203,236,176",0:112:2|0:575:2|0:786:2
ckpt_4700.pt,0,29,0.41112008690834045,0.07610926777124405,0.44260239601135254,"189,167,55,154,40","207,66,197,9,45",0:185:2|0:924:2|0:0:1
ckpt_4700.pt,0,30,0.3943023085594177,0.07204389572143555,0.3814668655395508,"216,2,19,127,255","95,162,58,72,115",0:580:2|0:16:1|0:28:1
ckpt_4700.pt,0,31,0.4681999087333679,0.0725703239440918,0.4468679428100586,"139,121,174,231,166","185,174,12,247,220",0:165:2|0:529:2|0:541:2
ckpt_4700.pt,0,32,0.481651246547699,0.09428130090236664,0.44920071959495544,"172,236,88,218,244","77,206,153,197,207",0:226:2|0:708:2|0:17:1
ckpt_4700.pt,0,33,0.43383052945137024,0.07368366420269012,0.42450204491615295,"108,40,245,33,179","7,228,85,61,206",0:45:2|0:888:2|0:1002:2
ckpt_4700.pt,0,34,0.42066511511802673,0.07149661332368851,0.40780478715896606,"25,67,0,226,112","95,99,4,6,24",0:164:2|0:764:2|0:846:2
ckpt_4700.pt,0,35,0.4501565396785736,0.07744790613651276,0.4549894630908966,"205,130,41,6,145","94,83,52,196,162",0:145:2|0:278:2|0:285:2
ckpt_4700.pt,0,36,0.4450901448726654,0.0729626789689064,0.4531250298023224,"143,36,96,236,66","174,234,238,236,220",0:166:2|0:419:2|0:442:2
ckpt_4700.pt,0,37,0.44780439138412476,0.08032073825597763,0.4452473819255829,"47,141,116,70,174","140,57,229,42,210",0:77:2|0:210:2|0:367:2
ckpt_4700.pt,0,38,0.460805207490921,0.07802937179803848,0.4501331150531769,"14,163,112,56,204","5,204,248,154,125",0:39:2|0:102:2|0:103:2
ckpt_4700.pt,0,39,0.45510247349739075,0.0801062062382698,0.4386683702468872,"83,204,107,112,252","206,64,214,254,154",0:38:2|0:103:2|0:1012:2
ckpt_4700.pt,0,40,0.433752179145813,0.08890014886856079,0.4012523889541626,"4,177,115,209,235","131,191,161,250,129",0:238:2|0:372:2|0:518:2
ckpt_4700.pt,0,41,0.501598060131073,0.08261720836162567,0.4452393352985382,"165,252,99,92,37","126,238,138,15,151",0:191:2|0:640:2|0:738:2
ckpt_4700.pt,0,42,0.4581190347671509,0.09390866011381149,0.4360696077346802,"197,112,206,18,87","121,107,93,228,254",0:47:2|0:147:2|0:349:2
ckpt_4700.pt,0,43,0.3770260810852051,0.06621399521827698,0.36397257447242737,"248,189,54,98,181","48,180,73,156,19",0:363:2|0:427:2|0:438:2
ckpt_4700.pt,0,44,0.44715017080307007,0.1077665463089943,0.43956100940704346,"131,178,46,126,243","244,233,232,53,118",0:121:2|0:269:2|0:763:2
ckpt_4700.pt,0,45,0.4135892689228058,0.07674789428710938,0.4126276969909668,"245,232,48,125,40","124,23,43,87,61",0:33:2|0:2:1|0:10:1
ckpt_4700.pt,0,46,0.39468130469322205,0.06955967098474503,0.3963146507740021,"76,57,184,49,69","85,132,252,40,22",0:107:2|0:129:2|0:845:2
ckpt_4700.pt,0,47,0.4247225522994995,0.07945260405540466,0.44015297293663025,"18,214,220,63,87","114,51,116,164,73",0:13:2|0:42:2|0:385:2
ckpt_4700.pt,0,48,0.43041470646858215,0.07913657277822495,0.401694655418396,"148,156,40,18,118","100,18,197,87,93",0:23:1|0:29:1|0:33:1
ckpt_4700.pt,0,49,0.41997528076171875,0.08250142633914948,0.42980995774269104,"71,230,167,78,170","199,137,215,81,11",0:818:3|0:241:2|0:262:2
ckpt_4700.pt,0,50,0.45944514870643616,0.0788663998246193,0.4231472611427307,"119,13,103,17,193","15,138,221,65,104",0:775:3|0:87:2|0:224:2
ckpt_4700.pt,0,51,0.42416247725486755,0.0657881423830986,0.428203821182251,"85,206,106,171,63","153,234,94,8,10",0:288:2|0:700:2|0:2:1
ckpt_4700.pt,0,52,0.5357504487037659,0.11663120239973068,0.4290074110031128,"161,207,30,140,61","234,185,81,88,129",0:188:2|0:650:2|0:899:2
ckpt_4700.pt,0,53,0.4187968671321869,0.07702777534723282,0.431510865688324,"139,3,126,7,29","188,103,63,67,155",0:121:2|0:853:2|0:0:1
ckpt_4700.pt,0,54,0.4310094118118286,0.06608113646507263,0.43088072538375854,"82,187,46,101,66","78,43,183,49,109",0:190:2|0:242:2|0:18:1
ckpt_4700.pt,0,55,0.4189522862434387,0.07133552432060242,0.44849541783332825,"6,179,228,165,79","24,218,166,170,34",0:347:2|0:386:2|0:484:2
ckpt_4700.pt,0,56,0.43880629539489746,0.09598032385110855,0.4298367202281952,"20,37,168,11,219","174,107,49,90,106",0:217:2|0:581:2|0:838:2
ckpt_4700.pt,0,57,0.41122499108314514,0.0815211832523346,0.4327709376811981,"43,156,214,128,122","67,174,36,203,247",0:170:2|0:1014:2|0:7:1
ckpt_4700.pt,0,58,0.4634091258049011,0.09026399999856949,0.4593410789966583,"209,36,44,42,206","21,55,66,6,95",0:193:2|0:313:2|0:511:2
ckpt_4700.pt,0,59,0.4853363633155823,0.10014327615499496,0.47048646211624146,"106,208,180,254,107","174,197,212,30,222",0:17:2|0:27:1|0:39:1
ckpt_4700.pt,0,60,0.4270700216293335,0.0757061243057251,0.43012329936027527,"204,193,243,27,39","181,81,226,84,121",0:943:2|0:2:1|0:38:1
ckpt_4700.pt,0,61,0.4969371557235718,0.118202343583107,0.43843206763267517,"224,106,26,83,116","29,184,185,145,240",0:142:2|0:275:2|0:462:2
ckpt_4700.pt,0,62,0.40775609016418457,0.07702849060297012,0.41130441427230835,"90,140,208,29,101","127,0,151,254,14",0:538:2|0:747:2|0:896:2
ckpt_4700.pt,0,63,0.41716355085372925,0.07880314439535141,0.41236037015914917,"203,161,248,175,79","180,153,75,233,117",0:254:2|0:260:2|0:523:2
ckpt_4700.pt,0,64,0.43610715866088867,0.0977105125784874,0.4178987145423889,"212,93,165,171,143","4,56,58,144,246",0:454:2|0:690:2|0:808:2
ckpt_4700.pt,0,65,0.3531770706176758,0.056218020617961884,0.38962599635124207,"60,19,160,167,245","251,202,227,62,170",0:130:2|0:345:2|0:569:2
ckpt_4700.pt,0,66,0.34108826518058777,0.06732143461704254,0.34883245825767517,"111,144,1,121,248","105,87,116,62,184",0:192:2|0:880:2|0:992:2
ckpt_4700.pt,0,67,0.43442419171333313,0.09023147821426392,0.45801112055778503,"235,131,185,2,133","36,235,112,252,91",0:174:2|0:269:2|0:300:2
ckpt_4700.pt,0,68,0.5204029679298401,0.09463876485824585,0.5078078508377075,"137,176,23,202,77","117,2,148,155,205",0:612:2|0:813:2|0:9:1
ckpt_4700.pt,0,69,0.405872642993927,0.07024110853672028,0.4271557331085205,"134,230,135,104,218","87,123,44,238,65",0:284:2|0:759:2|0:999:2
ckpt_4700.pt,0,70,0.4220004081726074,0.08309684693813324,0.40794050693511963,"126,227,16,142,37","153,121,61,75,147",0:41:1|0:44:1|0:53:1
ckpt_4700.pt,0,71,0.3502724766731262,0.06220061331987381,0.37090927362442017,"7,167,175,153,182","254,91,102,19,232",0:234:2|0:345:2|0:373:2
ckpt_4700.pt,0,72,0.4498635232448578,0.0854560136795044,0.4317515194416046,"43,124,223,155,62","107,154,126,68,199",0:105:2|0:285:2|0:380:2
ckpt_4700.pt,0,73,0.4328664243221283,0.08506754785776138,0.4013977646827698,"7,226,90,4,75","150,13,222,149,58",0:242:2|0:327:2|0:556:2
ckpt_4700.pt,0,74,0.3979952931404114,0.0914192721247673,0.41485902667045593,"235,119,126,28,217","42,253,69,217,85",0:554:2|0:993:2|0:3:1
ckpt_4700.pt,0,75,0.3681986331939697,0.05978044867515564,0.3898754119873047,"105,158,251,162,54","137,198,186,182,83",0:996:2|0:14:1|0:26:1
ckpt_4700.pt,0,76,0.46181434392929077,0.08577612042427063,0.4540831446647644,"81,245,66,198,51","154,166,54,204,179",0:361:2|0:440:2|0:10:1
ckpt_4700.pt,0,77,0.43853074312210083,0.0816236287355423,0.4406638741493225,"70,47,180,4,185","234,223,179,91,186",0:37:2|0:281:2|0:352:2
ckpt_4700.pt,0,78,0.43783098459243774,0.0809297114610672,0.428277850151062,"247,70,81,22,130","222,193,49,73,67",0:342:2|0:661:2|0:8:1
ckpt_4700.pt,0,79,0.45860350131988525,0.08889813721179962,0.4532260000705719,"40,73,7,113,81","84,143,194,175,181",0:141:2|0:162:2|0:227:2
ckpt_4700.pt,0,80,0.4154798090457916,0.07749182730913162,0.40910232067108154,"119,86,24,41,14","90,124,102,233,113",0:126:2|0:224:2|0:584:2
ckpt_4700.pt,0,81,0.4420100152492523,0.07711105793714523,0.41283541917800903,"57,166,177,101,254","220,209,146,104,151",0:165:2|0:372:2|0:544:2
ckpt_4700.pt,0,82,0.42892757058143616,0.08463676273822784,0.42544031143188477,"103,219,27,74,134","212,156,47,203,38",0:907:2|0:967:2|0:998:2
ckpt_4700.pt,0,83,0.45842793583869934,0.08270267397165298,0.4612598717212677,"180,76,231,94,43","67,22,180,11,137",0:374:2|0:464:2|0:746:2
ckpt_4700.pt,0,84,0.4053070545196533,0.07071075588464737,0.3953644633293152,"126,234,189,239,226","253,174,244,11,108",0:674:2|0:16:1|0:18:1
ckpt_4700.pt,0,85,0.44470271468162537,0.08323632925748825,0.4239674210548401,"159,32,29,125,243","220,250,112,93,106",0:872:2|0:0:1|0:4:1
ckpt_4700.pt,0,86,0.4555739164352417,0.10353229939937592,0.4475122094154358,"138,181,61,229,153","3,228,19,174,27",0:234:2|0:252:2|0:670:2
ckpt_4700.pt,0,87,0.4555886387825012,0.08706483244895935,0.41684454679489136,"119,178,193,246,216","134,160,201,30,15",0:50:2|0:514:2|0:965:2
ckpt_4700.pt,0,88,0.46016499400138855,0.08864247053861618,0.428367555141449,"199,55,37,64,14","8,233,88,129,3",0:491:2|0:20:1|0:29:1
ckpt_4700.pt,0,89,0.36402568221092224,0.07493764907121658,0.37826037406921387,"43,92,188,175,75","254,151,213,167,235",0:296:2|0:620:2|0:673:2
ckpt_4700.pt,0,90,0.5249424576759338,0.11143792420625687,0.4546290338039398,"226,58,163,151,185","163,224,91,60,250",0:305:2|0:724:2|0:0:1
ckpt_4700.pt,0,91,0.4498823285102844,0.07929036021232605,0.4319624900817871,"11,130,158,241,39","160,80,77,12,156",0:111:2|0:178:2|0:211:2
ckpt_4700.pt,0,92,0.43307411670684814,0.07844512164592743,0.42901551723480225,"83,111,88,133,43","116,243,188,220,20",0:175:2|0:226:2|0:505:2
ckpt_4700.pt,0,93,0.5000767707824707,0.1222534030675888,0.44555744528770447,"143,191,110,11,238","93,13,20,43,121",0:419:2|0:10:1|0:24:1
ckpt_4700.pt,0,94,0.44309231638908386,0.09616216272115707,0.44771096110343933,"64,236,198,209,205","101,2,240,237,24",0:186:2|0:230:2|0:515:2
ckpt_4700.pt,0,95,0.47129228711128235,0.09459025412797928,0.4218451976776123,"4,219,202,45,79","44,191,172,28,197",0:352:2|0:494:2|0:619:2
ckpt_4700.pt,0,96,0.44894763827323914,0.08363576978445053,0.4322202801704407,"192,102,150,27,220","17,227,87,236,181",0:202:2|0:416:2|0:577:2
ckpt_4700.pt,0,97,0.4658718705177307,0.0792200118303299,0.44166895747184753,"2,250,223,31,44","209,15,194,56,61",0:348:2|0:449:2|0:933:2
ckpt_4700.pt,0,98,0.4438445270061493,0.07834918051958084,0.438108891248703,"62,74,119,108,135","120,195,20,55,151",0:187:2|0:690:2|0:4:1
ckpt_4700.pt,0,99,0.4015715420246124,0.07298474758863449,0.40825575590133667,"136,135,163,85,224","113,216,132,136,238",0:359:2|0:0:1|0:38:1
ckpt_4700.pt,0,100,0.4538443982601166,0.08765451610088348,0.4391249418258667,"29,132,136,89,0","168,49,193,127,93",0:168:2|0:272:2|0:311:2
ckpt_4700.pt,0,101,0.4958360195159912,0.08071731775999069,0.4568946063518524,"67,233,166,183,83","236,160,127,141,115",0:11:2|0:294:2|0:756:2
ckpt_4700.pt,0,102,0.42884570360183716,0.08446860313415527,0.38363325595855713,"56,136,196,14,25","234,16,151,29,113",0:38:2|0:219:2|0:440:2
ckpt_4700.pt,0,103,0.5086376667022705,0.09564822912216187,0.47282910346984863,"204,90,112,123,187","208,19,174,191,50",0:38:2|0:39:2|0:242:2
ckpt_4700.pt,0,104,0.4280552566051483,0.07559458911418915,0.43922847509384155,"3,165,49,197,240","222,110,103,199,166",0:263:2|0:654:2|0:948:2
ckpt_4700.pt,0,105,0.39307284355163574,0.06057525798678398,0.3783872127532959,"7,210,155,2,62","149,113,246,142,53",0:72:2|0:269:2|0:420:2
ckpt_4700.pt,0,106,0.44212061166763306,0.1058322861790657,0.4247731566429138,"71,53,57,244,233","120,148,235,87,178",0:116:2|0:222:2|0:445:2
ckpt_4700.pt,0,107,0.41066306829452515,0.07703328132629395,0.43128103017807007,"29,30,85,69,76","225,183,66,246,233",0:46:2|0:204:2|0:875:2
ckpt_4700.pt,0,108,0.37639161944389343,0.06606089323759079,0.40833061933517456,"252,175,96,193,162","83,179,167,122,19",0:711:3|0:931:2|0:18:1
ckpt_4700.pt,0,109,0.44546037912368774,0.06561759114265442,0.4370892345905304,"243,130,132,37,144","5,218,10,144,174",0:957:2|0:35:1|0:41:1
ckpt_4700.pt,0,110,0.3880205750465393,0.0747506245970726,0.38108131289482117,"194,67,141,219,95","195,250,121,51,113",0:473:2|0:494:2|0:646:2
ckpt_4700.pt,0,111,0.42417871952056885,0.07693692296743393,0.43289026618003845,"64,241,226,254,11","28,160,205,193,165",0:91:2|0:178:2|0:206:2
ckpt_4700.pt,0,112,0.47129079699516296,0.07973930984735489,0.4445578157901764,"219,58,113,47,78","44,73,249,36,91",0:28:2|0:724:2|0:6:1
ckpt_4700.pt,0,113,0.4243866205215454,0.09222658723592758,0.43561530113220215,"28,160,80,165,183","111,58,73,181,55",0:4:2|0:368:2|0:517:2
ckpt_4700.pt,0,114,0.4399595558643341,0.07217907160520554,0.4355388879776001,"27,100,21,35,25","78,201,204,199,71",0:140:2|0:171:2|0:471:2
ckpt_4700.pt,0,115,0.42331597208976746,0.07583032548427582,0.42159509658813477,"183,36,91,21,214","236,61,202,196,153",0:432:2|0:944:2|0:12:1
ckpt_4700.pt,0,116,0.46936875581741333,0.09090709686279297,0.4575863182544708,"233,2,90,116,244","112,104,201,28,173",0:6:2|0:106:2|0:367:2
ckpt_4700.pt,0,117,0.39270415902137756,0.07621487975120544,0.40617069602012634,"64,142,180,182,207","95,160,248,43,237",0:790:2|0:3:1|0:13:1
ckpt_4700.pt,0,118,0.43185216188430786,0.07509969919919968,0.45347484946250916,"214,54,12,216,99","82,80,17,133,127",0:156:2|0:382:2|0:591:2
ckpt_4700.pt,0,119,0.48828187584877014,0.0829361230134964,0.47116878628730774,"75,157,77,98,126","52,248,251,246,174",0:566:2|0:678:2|0:848:2
ckpt_4700.pt,0,120,0.4248085021972656,0.07196041196584702,0.4305388033390045,"244,150,166,24,249","85,9,209,140,113",0:8:2|0:632:2|0:950:2
ckpt_4700.pt,0,121,0.46937429904937744,0.07181926816701889,0.4171844720840454,"144,139,126,46,45","147,212,129,16,115",0:44:2|0:53:2|0:192:2
ckpt_4700.pt,0,122,0.4133538603782654,0.0907147154211998,0.40887677669525146,"97,146,129,178,213","139,245,35,188,68",0:143:2|0:657:2|0:685:2
ckpt_4700.pt,0,123,0.45432808995246887,0.07635140419006348,0.44986048340797424,"221,18,95,205,60","56,123,245,255,52",0:569:2|0:788:2|0:8:1
ckpt_4700.pt,0,124,0.41831356287002563,0.07774758338928223,0.4029906094074249,"255,154,198,85,223","48,82,49,90,238",0:291:2|0:326:2|0:644:2
ckpt_4700.pt,0,125,0.47450530529022217,0.09611570090055466,0.42388278245925903,"116,128,221,1,40","81,236,9,161,193",0:206:2|0:286:2|0:641:2
ckpt_4700.pt,0,126,0.4883454740047455,0.08807265758514404,0.42893534898757935,"175,14,86,120,163","47,153,24,32,148",0:38:2|0:80:2|0:196:2
ckpt_4700.pt,0,127,0.40969133377075195,0.08311302214860916,0.44011011719703674,"74,34,195,157,180","51,229,78,159,89",0:559:2|0:832:2|0:1:1
ckpt_4700.pt,0,128,0.4222008287906647,0.09525272250175476,0.37655359506607056,"211,144,223,36,39","219,225,223,199,0",0:135:2|0:439:2|0:549:2
ckpt_4700.pt,0,129,0.4205109775066376,0.07716231048107147,0.40113431215286255,"49,83,255,76,153","144,207,215,171,38",0:19:2|0:46:2|0:138:2
ckpt_4700.pt,0,130,0.43339335918426514,0.08105363696813583,0.4475859999656677,"167,150,83,19,79","92,24,200,15,13",0:65:2|0:619:2|0:1:1
ckpt_4700.pt,0,131,0.4217051565647125,0.10136895626783371,0.41738057136535645,"133,159,21,176,168","255,185,42,194,198",0:375:2|0:612:2|0:4:1
ckpt_4700.pt,0,132,0.4504733383655548,0.0914032831788063,0.4069157838821411,"169,78,61,217,32","86,34,0,36,143",0:696:2|0:3:1|0:23:1
ckpt_4700.pt,0,133,0.4426349699497223,0.07276483625173569,0.4147108197212219,"33,87,53,200,67","107,7,87,172,118",0:169:2|0:427:2|0:743:2
ckpt_4700.pt,0,134,0.45658427476882935,0.08036300539970398,0.47117576003074646,"230,32,56,60,237","121,33,90,53,166",0:722:2|0:757:2|0:851:2
ckpt_4700.pt,0,135,0.35460546612739563,0.0687408447265625,0.36759817600250244,"144,24,231,211,105","86,32,247,162,135",0:128:2|0:732:2|0:2:1
ckpt_4700.pt,0,136,0.4350474178791046,0.0898905098438263,0.40689751505851746,"25,15,170,177,81","127,209,42,126,122",0:140:2|0:776:2|0:794:2
ckpt_4700.pt,0,137,0.5037246346473694,0.09143313020467758,0.47299137711524963,"156,76,73,64,101","170,210,110,209,66",0:266:3|0:172:2|0:239:2
ckpt_4700.pt,0,138,0.4564703702926636,0.09353156387805939,0.4588356614112854,"76,219,229,255,225","167,143,123,136,245",0:129:2|0:174:2|0:203:2
ckpt_4700.pt,0,139,0.4049842953681946,0.09816393256187439,0.41978955268859863,"255,221,63,150,119","236,57,155,49,41",0:205:2|0:337:2|0:869:2
ckpt_4700.pt,0,140,0.43346619606018066,0.0899328961968422,0.40701666474342346,"146,21,25,223,170","142,9,22,67,133",0:114:2|0:136:2|0:702:2
ckpt_4700.pt,0,141,0.42181482911109924,0.0770621970295906,0.37815093994140625,"40,217,24,7,53","28,7,64,25,101",0:3:2|0:79:2|0:29:1
ckpt_4700.pt,0,142,0.4247358739376068,0.07426732033491135,0.40671634674072266,"84,26,83,39,100","45,66,126,113,176",0:61:2|0:10:1|0:12:1
ckpt_4700.pt,0,143,0.41758617758750916,0.08505095541477203,0.4085063338279724,"15,83,213,44,146","34,115,101,145,2",0:10:2|0:122:2|0:272:2
ckpt_4700.pt,0,144,0.47963330149650574,0.08641055226325989,0.4349876940250397,"8,191,63,147,126","3,26,203,78,212",0:570:3|0:5:2|0:672:2
ckpt_4700.pt,0,145,0.36517781019210815,0.06621343642473221,0.4079679250717163,"145,70,6,209,56","106,143,99,5,132",0:35:2|0:381:2|0:947:2
ckpt_4700.pt,0,146,0.40581971406936646,0.07064621895551682,0.42243677377700806,"18,10,93,250,249","122,54,153,142,27",0:349:2|0:629:2|0:15:1
ckpt_4700.pt,0,147,0.45633506774902344,0.10059886425733566,0.4183597266674042,"33,43,197,206,143","7,99,129,37,44",0:42:2|0:687:2|0:1006:2
ckpt_4700.pt,0,148,0.4455762803554535,0.0967012345790863,0.4296129047870636,"142,200,198,119,175","82,43,14,1,111",0:164:2|0:330:2|0:361:2
ckpt_4700.pt,0,149,0.4189654290676117,0.07690493762493134,0.42645761370658875,"49,96,179,207,124","136,86,24,253,111",0:3:2|0:956:2|0:13:1
ckpt_4700.pt,0,150,0.429872989654541,0.08009372651576996,0.4155333936214447,"181,192,38,215,28","254,116,97,243,235",0:577:2|0:635:2|0:4:1
ckpt_4700.pt,0,151,0.45476487278938293,0.07837264239788055,0.44927728176116943,"42,141,52,139,105","120,94,61,172,100",0:551:3|0:265:2|0:11:1
ckpt_4700.pt,0,152,0.44448086619377136,0.07514706999063492,0.43971773982048035,"99,80,179,135,194","165,112,69,144,103",0:317:2|0:389:2|0:394:2
ckpt_4700.pt,0,153,0.39962145686149597,0.07033609598875046,0.39046144485473633,"99,29,138,250,199","149,241,202,253,240",0:220:2|0:268:2|0:394:2
ckpt_4700.pt,0,154,0.44361749291419983,0.082064688205719,0.4283563196659088,"196,29,79,18,168","0,245,131,107,222",0:328:2|0:905:2|0:0:1
ckpt_4700.pt,0,155,0.46776995062828064,0.07605838030576706,0.4555213749408722,"33,93,243,123,222","186,130,133,138,129",0:318:3|0:15:2|0:371:2
ckpt_4700.pt,0,156,0.4517248570919037,0.08281970769166946,0.46647313237190247,"218,216,76,54,254","134,44,230,8,135",0:118:2|0:266:2|0:679:2
ckpt_4700.pt,0,157,0.4170939028263092,0.08032935857772827,0.38868647813796997,"177,53,162,248,78","16,211,47,239,10",0:737:2|0:844:2|0:972:2
ckpt_4700.pt,0,158,0.43593651056289673,0.08769842237234116,0.41450443863868713,"86,42,205,247,170","61,107,160,85,14",0:163:2|0:180:2|0:548:2
ckpt_4700.pt,0,159,0.4633670747280121,0.07963388413190842,0.42679470777511597,"88,134,15,51,42","122,26,60,190,209",0:284:2|0:10:1|0:11:1
ckpt_4700.pt,0,160,0.4389898180961609,0.07768838852643967,0.4065708816051483,"232,194,30,190,44","61,153,198,218,77",0:2:2|0:188:2|0:199:2
ckpt_4700.pt,0,161,0.4549106955528259,0.07860986143350601,0.4217599034309387,"47,98,229,197,102","76,58,168,65,170",0:392:2|0:526:2|0:694:2
ckpt_4700.pt,0,162,0.4447828233242035,0.07182612270116806,0.45522910356521606,"40,210,73,121,193","217,89,79,127,159",0:79:2|0:5:1|0:20:1
ckpt_4700.pt,0,163,0.47061142325401306,0.09575984627008438,0.4575376808643341,"205,75,86,202,185","22,150,153,30,75",0:158:2|0:352:2|0:883:2
ckpt_4700.pt,0,164,0.41872265934944153,0.07890566438436508,0.4004320502281189,"119,0,142,67,190","3,35,9,166,173",0:34:2|0:148:2|0:330:2
ckpt_4700.pt,0,165,0.43676501512527466,0.09868205338716507,0.4278780519962311,"166,170,139,57,208","41,152,56,211,147",0:31:2|0:81:2|0:493:2
ckpt_4700.pt,0,166,0.46393465995788574,0.07525643706321716,0.4177122414112091,"118,103,66,112,36","218,41,193,74,56",0:36:2|0:442:2|0:745:2
ckpt_4700.pt,0,167,0.35508689284324646,0.07173746824264526,0.3739067018032074,"90,71,136,153,100","180,78,73,130,19",0:854:2|0:5:1|0:6:1
ckpt_4700.pt,0,168,0.46302324533462524,0.09953166544437408,0.4144041836261749,"27,136,43,0,38","246,13,116,53,198",0:100:2|0:311:2|0:831:2
ckpt_4700.pt,0,169,0.46563294529914856,0.0879388079047203,0.42394471168518066,"95,87,161,53,19","71,98,156,113,146",0:133:2|0:222:2|0:3:1
ckpt_4700.pt,0,170,0.47692549228668213,0.09929253160953522,0.4377284646034241,"29,202,214,122,235","56,245,116,107,17",0:57:2|0:903:2|0:0:1
ckpt_4700.pt,0,171,0.44767358899116516,0.07910089194774628,0.4213687479496002,"233,27,100,229,42","64,33,223,87,168",0:11:2|0:114:2|0:205:2
ckpt_4700.pt,0,172,0.40652716159820557,0.0833384096622467,0.4172280728816986,"64,76,7,98,137","250,29,42,224,143",0:137:2|0:266:2|0:435:2
ckpt_4700.pt,0,173,0.40694019198417664,0.08821263909339905,0.3723423182964325,"192,72,158,29,26","159,197,202,53,179",0:376:2|0:799:2|0:900:2
ckpt_4700.pt,0,174,0.4530704915523529,0.07747866958379745,0.45816701650619507,"235,2,225,76,144","34,77,95,209,199",0:203:3|0:67:2|0:138:2
ckpt_4700.pt,0,175,0.42160722613334656,0.08770392835140228,0.4087334871292114,"145,88,75,111,219","156,153,39,44,3",0:92:2|0:226:2|0:453:2
ckpt_4700.pt,0,176,0.42921891808509827,0.07707085460424423,0.4276792109012604,"31,22,226,158,150","243,89,0,144,131",0:918:3|0:281:2|0:534:2
ckpt_4700.pt,0,177,0.43849626183509827,0.06971307098865509,0.4252277910709381,"157,123,42,24,241","217,157,118,132,109",0:191:2|0:292:2|0:301:2
ckpt_4700.pt,0,178,0.4653758108615875,0.08331020921468735,0.40419498085975647,"241,0,205,11,14","225,37,239,119,132",0:91:2|0:111:2|0:180:2
ckpt_4700.pt,0,179,0.37380194664001465,0.06958875805139542,0.4016677141189575,"99,150,34,172,210","30,124,155,78,7",0:574:2|0:603:2|0:640:2
ckpt_4700.pt,0,180,0.46001678705215454,0.09336598962545395,0.44332098960876465,"205,0,247,152,219","74,164,197,111,77",0:158:2|0:178:2|0:295:2
ckpt_4700.pt,0,181,0.4655440151691437,0.0877772867679596,0.4130723476409912,"116,222,177,210,112","107,203,213,210,243",0:564:2|0:722:2|0:814:2
ckpt_4700.pt,0,182,0.43124517798423767,0.08693799376487732,0.41260576248168945,"232,215,136,241,102","62,120,231,122,205",0:202:2|0:219:2|0:312:2
ckpt_4700.pt,0,183,0.4592130184173584,0.0897170677781105,0.4059474468231201,"110,59,64,147,125","188,202,175,94,55",0:21:2|0:387:2|0:560:2
ckpt_4700.pt,0,184,0.4734874665737152,0.0803811177611351,0.4334748685359955,"68,99,36,87,243","222,19,14,91,171",0:382:2|0:663:2|0:14:1
ckpt_4700.pt,0,185,0.47284528613090515,0.11153801530599594,0.4168029725551605,"180,136,189,86,40","68,82,17,81,115",0:29:2|0:325:2|0:359:2
ckpt_4700.pt,0,186,0.41559356451034546,0.07775504142045975,0.3848470449447632,"205,74,198,254,80","232,12,173,100,74",0:94:2|0:301:2|0:389:2
ckpt_4700.pt,0,187,0.4687761962413788,0.07686285674571991,0.440628319978714,"145,59,74,135,81","220,28,40,113,215",0:21:2|0:98:2|0:1018:2
ckpt_4700.pt,0,188,0.4246045649051666,0.08834283798933029,0.404788613319397,"30,190,240,61,102","160,64,124,157,175",0:52:2|0:160:2|0:17:1
ckpt_4700.pt,0,189,0.4591023921966553,0.08852646499872208,0.4326991140842438,"169,85,226,108,24","160,57,22,103,245",0:305:2|0:332:2|0:534:2
ckpt_4700.pt,0,190,0.33576077222824097,0.07099324464797974,0.37243130803108215,"184,108,66,101,174","100,233,167,74,198",0:54:2|0:824:2|0:22:1
ckpt_4700.pt,0,191,0.44133153557777405,0.06659764051437378,0.4032416343688965,"99,177,92,123,241","157,91,122,108,52",0:41:2|0:177:2|0:468:2
ckpt_4700.pt,0,192,0.4354366958141327,0.07206472009420395,0.4415627121925354,"1,96,126,5,144","216,113,196,228,135",0:66:2|0:121:2|0:525:2
ckpt_4700.pt,0,193,0.5183849930763245,0.09649012982845306,0.45281562209129333,"209,158,98,36,62","154,170,58,126,243",0:58:2|0:522:2|0:4:1
ckpt_4700.pt,0,194,0.39756548404693604,0.0636664479970932,0.382716566324234,"218,74,70,14,160","121,122,161,230,177",0:491:2|0:8:1|0:32:1
ckpt_4700.pt,0,195,0.4464132785797119,0.06705252826213837,0.4395230710506439,"16,81,119,220,206","130,185,238,82,147",0:7:2|0:484:2|0:913:2
ckpt_4700.pt,0,196,0.4283772110939026,0.07205016911029816,0.4164985120296478,"14,163,28,152,36","188,57,89,14,26",0:14:2|0:38:2|0:126:2
ckpt_4700.pt,0,197,0.41729745268821716,0.07467450946569443,0.4052760601043701,"249,169,117,143,13","85,185,23,213,44",0:332:2|0:741:2|0:941:2
ckpt_4700.pt,0,198,0.42545127868652344,0.07304706424474716,0.4398684501647949,"113,111,225,250,51","16,56,10,215,153",0:621:2|0:6:1|0:11:1
ckpt_4700.pt,0,199,0.4474269151687622,0.08164390176534653,0.42269837856292725,"194,170,186,190,73","128,83,212,1,55",0:160:2|0:548:2|0:617:2
ckpt_4700.pt,0,200,0.47810012102127075,0.08914436399936676,0.4639785587787628,"111,217,41,123,231","26,81,246,122,22",0:451:2|0:686:2|0:887:2
ckpt_4700.pt,0,201,0.46671655774116516,0.08060213923454285,0.4408974349498749,"158,4,124,0,41","226,108,26,216,198",0:281:2|0:532:2|0:717:2
ckpt_4700.pt,0,202,0.425798237323761,0.07405665516853333,0.41943588852882385,"102,97,124,150,136","37,57,11,147,55",0:96:2|0:182:2|0:582:2
ckpt_4700.pt,0,203,0.45290407538414,0.07245614379644394,0.4409236013889313,"76,240,225,144,164","112,68,107,10,37",0:174:3|0:138:2|0:287:2
ckpt_4700.pt,0,204,0.39352741837501526,0.06267013400793076,0.3858676254749298,"69,54,250,45,85","1,198,42,61,44",0:107:2|0:225:2|0:833:2
ckpt_4700.pt,0,205,0.3505763113498688,0.06258103251457214,0.374277263879776,"27,255,233,221,195","245,199,254,26,189",0:139:2|0:171:2|0:725:2
ckpt_4700.pt,0,206,0.41386106610298157,0.07071997225284576,0.40427860617637634,"1,221,241,161,254","122,250,182,1,188",0:111:2|0:125:2|0:614:2
ckpt_4700.pt,0,207,0.4722996652126312,0.08375091105699539,0.4516479969024658,"98,44,218,90,224","26,22,145,188,185",0:341:2|0:369:2|0:761:2
ckpt_4700.pt,0,208,0.44436416029930115,0.09585772454738617,0.44732150435447693,"53,44,27,197,208","243,202,117,181,132",0:2:2|0:493:2|0:793:2
ckpt_4700.pt,0,209,0.39744460582733154,0.0815189927816391,0.4213177263736725,"217,197,153,233,163","96,241,149,78,106",0:533:2|0:854:2|0:0:1
ckpt_4700.pt,0,210,0.44530123472213745,0.09190252423286438,0.4067073166370392,"126,205,116,174,230","145,107,33,254,183",0:37:2|0:367:2|0:461:2
ckpt_4700.pt,0,211,0.4693184494972229,0.08127862960100174,0.46096572279930115,"9,175,241,39,115","143,229,185,35,81",0:91:2|0:503:2|0:790:2
ckpt_4700.pt,0,212,0.4132818579673767,0.07833521068096161,0.43754905462265015,"200,250,151,41,81","250,22,195,229,199",0:227:2|0:833:2|0:21:1
ckpt_4700.pt,0,213,0.48490580916404724,0.09933285415172577,0.4451081156730652,"194,116,167,96,240","15,222,241,9,36",0:329:2|0:599:2|0:692:2
ckpt_4700.pt,0,214,0.44378530979156494,0.09558041393756866,0.4233134388923645,"173,247,232,230,12","177,133,72,90,125",0:403:2|0:624:2|0:818:2
ckpt_4700.pt,0,215,0.42397260665893555,0.07666368782520294,0.39237818121910095,"144,205,25,99,154","160,42,142,102,121",0:350:2|0:0:1|0:20:1
ckpt_4700.pt,0,216,0.4322112798690796,0.07114386558532715,0.4431082606315613,"82,182,139,2,5","121,10,148,174,234",0:493:2|0:778:2|0:18:1
ckpt_4700.pt,0,217,0.4368879199028015,0.08882959932088852,0.4288172721862793,"37,210,27,168,96","155,115,40,13,71",0:56:2|0:581:2|0:648:2
ckpt_4700.pt,0,218,0.4620836079120636,0.12789663672447205,0.403256356716156,"67,228,254,151,28","44,149,83,232,188",0:358:2|0:631:2|0:773:2
ckpt_4700.pt,0,219,0.43230557441711426,0.07624320685863495,0.40655937790870667,"56,83,241,125,136","251,12,68,161,225",0:102:2|0:182:2|0:272:2
ckpt_4700.pt,0,220,0.4224017560482025,0.09605076164007187,0.44966694712638855,"35,29,10,199,255","87,12,35,16,233",0:16:2|0:153:2|0:676:2
ckpt_4700.pt,0,221,0.4095437526702881,0.07872108370065689,0.41802722215652466,"2,159,169,240,54","56,208,206,247,8",0:308:2|0:4:1|0:19:1
ckpt_4700.pt,0,222,0.39890140295028687,0.06690099090337753,0.4256179630756378,"66,244,95,246,53","110,44,209,118,132",0:106:2|0:169:2|0:3:1
ckpt_4700.pt,0,223,0.4868415892124176,0.09011903405189514,0.4318012297153473,"129,47,92,77,26","226,189,46,164,57",0:387:2|0:638:2|0:862:2
ckpt_4700.pt,0,224,0.4059773087501526,0.08026492595672607,0.3984755277633667,"41,17,10,119,39","123,45,172,57,48",0:999:3|0:50:2|0:80:2
ckpt_4700.pt,0,225,0.45123687386512756,0.09467226266860962,0.4534454345703125,"179,190,250,231,45","193,97,255,65,129",0:817:3|0:204:2|0:487:2
ckpt_4700.pt,0,226,0.4102058708667755,0.07003192603588104,0.3698911666870117,"145,88,43,172,105","135,25,189,13,74",0:32:2|0:92:2|0:175:2
ckpt_4700.pt,0,227,0.4754869043827057,0.08153686672449112,0.45134100317955017,"202,84,151,113,81","186,65,235,236,35",0:79:2|0:212:2|0:313:2
ckpt_4700.pt,0,228,0.48163041472435,0.11166395992040634,0.43174588680267334,"131,140,81,69,224","8,120,205,123,204",0:469:2|0:482:2|0:723:2
ckpt_4700.pt,0,229,0.5143586993217468,0.10993238538503647,0.4630015790462494,"160,189,47,120,210","45,231,224,90,175",0:264:2|0:724:2|0:18:1
ckpt_4700.pt,0,230,0.4084811508655548,0.10885392874479294,0.42496877908706665,"236,43,190,49,205","226,218,191,207,11",0:94:2|0:255:2|0:285:2
ckpt_4700.pt,0,231,0.5217186808586121,0.1060171127319336,0.4321921467781067,"113,239,218,25,61","248,231,62,125,20",0:25:2|0:297:2|0:6:1
ckpt_4700.pt,0,232,0.49830737709999084,0.09902933239936829,0.47206002473831177,"248,167,147,58,72","196,136,106,203,204",0:455:2|0:587:2|0:1:1
ckpt_4700.pt,0,233,0.4072839021682739,0.06800961494445801,0.39380013942718506,"19,8,5,225,246","95,4,8,113,246",0:608:2|0:753:2|0:841:2
ckpt_4700.pt,0,234,0.4623859226703644,0.09911849349737167,0.42992863059043884,"229,44,175,28,153","81,213,46,136,112",0:71:2|0:86:2|0:373:2
ckpt_4700.pt,0,235,0.43731069564819336,0.10390935093164444,0.4146856963634491,"0,92,35,174,69","42,117,6,51,170",0:922:2|0:9:1|0:20:1
ckpt_4700.pt,0,236,0.4697650074958801,0.09216319024562836,0.42489224672317505,"106,110,131,42,248","124,203,137,0,1",0:881:2|0:11:1|0:16:1
ckpt_4700.pt,0,237,0.439348965883255,0.07318166643381119,0.43419691920280457,"159,130,181,99,8","218,228,86,138,38",0:509:2|0:570:2|0:871:2
ckpt_4700.pt,0,238,0.4731815457344055,0.09258481860160828,0.41030269861221313,"146,4,61,235,52","36,157,175,223,91",0:40:2|0:14:1|0:23:1
ckpt_4700.pt,0,239,0.42674070596694946,0.08366285264492035,0.41959822177886963,"101,104,223,4,76","154,27,217,7,193",0:137:2|0:274:2|0:549:2
ckpt_4700.pt,0,240,0.473239004611969,0.10317420214414597,0.4248327612876892,"209,50,93,68,163","31,195,168,62,115",0:829:2|0:0:1|0:15:1
ckpt_4700.pt,0,241,0.48828062415122986,0.09328419715166092,0.47206202149391174,"105,104,232,71,167","175,168,23,164,84",0:49:2|0:331:2|0:926:2
ckpt_4700.pt,0,242,0.44451749324798584,0.08271811902523041,0.43773597478866577,"90,75,229,187,82","224,19,175,158,183",0:54:2|0:73:2|0:103:2
ckpt_4700.pt,0,243,0.4333149194717407,0.08200956881046295,0.43362611532211304,"104,139,108,11,60","125,102,94,192,106",0:280:2|0:336:2|0:340:2
ckpt_4700.pt,0,244,0.35881978273391724,0.07616254687309265,0.37503787875175476,"44,84,86,106,203","115,99,234,77,153",0:418:2|0:472:2|0:507:2
ckpt_4700.pt,0,245,0.42483365535736084,0.07903245091438293,0.41893669962882996,"3,181,182,20,190","66,42,208,110,254",0:680:2|0:817:2|0:43:1
ckpt_4700.pt,0,246,0.42873629927635193,0.08826956897974014,0.4290812909603119,"210,154,109,111,242","220,91,11,9,170",0:755:2|0:0:1|0:20:1
ckpt_4700.pt,0,247,0.49664533138275146,0.12073671817779541,0.4441239535808563,"254,215,95,179,25","101,110,149,30,119",0:378:2|0:996:2|0:33:1
ckpt_4700.pt,0,248,0.410342276096344,0.06987770646810532,0.4097098410129547,"191,93,144,97,44","83,69,245,137,115",0:9:2|0:10:2|0:330:2
ckpt_4700.pt,0,249,0.42542025446891785,0.07242512702941895,0.4262755513191223,"28,214,247,62,179","13,131,21,228,121",0:4:2|0:351:2|0:760:2
ckpt_4700.pt,0,250,0.4576617181301117,0.07902311533689499,0.46052026748657227,"13,114,103,146,145","131,128,208,18,125",0:50:2|0:26:1|0:35:1
ckpt_4700.pt,0,251,0.4606335461139679,0.08727020770311356,0.4397955536842346,"52,199,100,214,7","237,58,65,38,167",0:558:2|0:752:2|0:791:2
ckpt_4700.pt,0,252,0.44877520203590393,0.08048287034034729,0.43374037742614746,"46,153,8,138,60","113,118,169,164,212",0:86:2|0:8:1|0:19:1
ckpt_4700.pt,0,253,0.42905840277671814,0.08171730488538742,0.42376431822776794,"115,51,144,52,55","244,251,189,118,102",0:287:2|0:623:2|0:713:2
ckpt_4700.pt,0,254,0.38141903281211853,0.06520133465528488,0.4101937413215637,"161,57,122,68,175","167,107,40,85,232",0:18:2|0:63:2|0:845:2
ckpt_4700.pt,0,255,0.45516741275787354,0.08035364001989365,0.4082736670970917,"120,49,245,205,17","106,37,115,36,56",0:230:2|0:569:2|0:3:1
ckpt_4700.pt,0,256,0.42648524045944214,0.07218524813652039,0.41157498955726624,"18,24,1,55,114","74,32,52,41,96",0:4:1|0:23:1|0:29:1
ckpt_4700.pt,0,257,0.5083983540534973,0.10706910490989685,0.4409976005554199,"251,164,128,96,177","55,133,214,177,91",0:283:2|0:388:2|0:715:2
ckpt_4700.pt,0,258,0.45587971806526184,0.07857256382703781,0.44192561507225037,"191,49,102,4,54","235,162,159,66,28",0:24:2|0:588:2|0:856:2
ckpt_4700.pt,0,259,0.43943801522254944,0.07884345203638077,0.41801029443740845,"38,196,23,185,66","68,36,234,181,213",0:688:2|0:994:2|0:9:1
ckpt_4700.pt,0,260,0.42663100361824036,0.0788489431142807,0.41285771131515503,"116,248,217,175,172","47,15,173,103,69",0:63:2|0:438:2|0:533:2
ckpt_4700.pt,0,261,0.4487019181251526,0.08131062239408493,0.40769657492637634,"119,101,158,17,207","134,230,203,173,38",0:50:2|0:224:2|0:379:2
ckpt_4700.pt,0,262,0.42719465494155884,0.08781377226114273,0.4126979410648346,"80,166,167,78,88","154,226,254,65,80",0:49:2|0:696:2|0:1:1
ckpt_4700.pt,0,263,0.45040738582611084,0.08464612811803818,0.434967964887619,"241,140,3,49,86","208,56,254,53,225",0:104:2|0:307:2|0:450:2
ckpt_4700.pt,0,264,0.41274890303611755,0.07167055457830429,0.41945403814315796,"5,47,191,160,179","92,111,13,103,1",0:229:2|0:974:2|0:10:1
ckpt_4700.pt,0,265,0.45933306217193604,0.07928237318992615,0.4567677676677704,"42,121,115,105,74","207,133,80,91,75",0:151:2|0:426:2|0:501:2
ckpt_4700.pt,0,266,0.4538360834121704,0.09604166448116302,0.43421873450279236,"67,64,76,218,73","182,66,233,60,23",0:137:3|0:156:2|0:172:2
ckpt_4700.pt,0,267,0.47596240043640137,0.08690651506185532,0.43276187777519226,"184,198,251,18,185","191,183,57,40,156",0:283:2|0:12:1|0:14:1
ckpt_4700.pt,0,268,0.4148731827735901,0.08997851610183716,0.4192730784416199,"174,99,104,29,112","150,64,118,114,121",0:153:2|0:280:2|0:824:2
ckpt_4700.pt,0,269,0.4217914044857025,0.0728062093257904,0.43350958824157715,"126,131,2,34,155","90,245,212,63,59",0:44:2|0:67:2|0:105:2
ckpt_4700.pt,0,270,0.3318028748035431,0.08467146009206772,0.36041855812072754,"10,209,67,39,104","0,186,86,198,26",0:999:3|0:224:2|0:492:2
ckpt_4700.pt,0,271,0.46146032214164734,0.08040577918291092,0.4337981939315796,"65,9,106,192,145","185,116,144,30,117",0:402:2|0:477:2|0:735:2
ckpt_4700.pt,0,272,0.454753041267395,0.09198388457298279,0.4562876224517822,"89,54,83,136,146","85,165,223,131,80",0:100:2|0:143:2|0:219:2
ckpt_4700.pt,0,273,0.4536907970905304,0.08495960384607315,0.45851582288742065,"185,138,114,249,224","35,250,134,124,71",0:462:2|0:463:2|0:464:2
ckpt_4700.pt,0,274,0.441096693277359,0.08429836481809616,0.4280610680580139,"76,1,223,213,143","158,85,122,88,98",0:239:2|0:380:2|0:449:2
ckpt_4700.pt,0,275,0.4280441701412201,0.09109966456890106,0.4136047661304474,"26,232,235,15,106","162,63,34,158,206",0:10:2|0:61:2|0:312:2
ckpt_4700.pt,0,276,0.4987907111644745,0.1040140762925148,0.4791824221611023,"237,104,222,69,157","11,85,159,79,222",0:516:2|0:540:2|0:561:2
ckpt_4700.pt,0,277,0.3842720687389374,0.06881790608167648,0.4064560830593109,"33,17,176,100,169","97,147,219,84,146",0:341:2|0:377:2|0:471:2
ckpt_4700.pt,0,278,0.35550418496131897,0.07768066227436066,0.38629207015037537,"41,102,32,130,242","239,164,192,113,247",0:35:2|0:652:2|0:736:2
ckpt_4700.pt,0,279,0.4038194715976715,0.07015854120254517,0.3918977379798889,"175,65,118,93,8","213,80,199,36,96",0:536:2|0:15:1|0:18:1
ckpt_4700.pt,0,280,0.44330286979675293,0.08877509832382202,0.4377434551715851,"99,139,128,104,78","11,49,225,236,180",0:243:2|0:268:2|0:663:2
ckpt_4700.pt,0,281,0.4194473922252655,0.07074553519487381,0.4148797392845154,"158,153,22,47,4","36,3,181,124,92",0:77:2|0:176:2|0:201:2
ckpt_4700.pt,0,282,0.4401918649673462,0.07383236289024353,0.42656317353248596,"28,166,255,42,30","185,174,17,125,84",0:16:2|0:4:1|0:8:1
ckpt_4700.pt,0,283,0.44037824869155884,0.07907618582248688,0.4000264108181,"251,74,96,185,152","86,151,235,5,167",0:14:2|0:257:2|0:267:2
ckpt_4700.pt,0,284,0.4292241036891937,0.08235987275838852,0.4466271996498108,"94,134,153,230,15","95,37,53,17,146",0:69:2|0:159:2|0:576:2
ckpt_4700.pt,0,285,0.42895758152008057,0.07338999956846237,0.4113185703754425,"190,205,41,223,62","93,71,171,16,37",0:35:2|0:72:2|0:230:2
ckpt_4700.pt,0,286,0.44960713386535645,0.09041859209537506,0.43554145097732544,"1,34,226,128,186","215,149,13,245,239",0:125:2|0:548:2|0:988:2
ckpt_4700.pt,0,287,0.46591266989707947,0.08323874324560165,0.45659229159355164,"62,53,240,52,144","248,161,163,110,165",0:203:2|0:253:2|0:623:2
ckpt_4700.pt,0,288,0.32957544922828674,0.05677168071269989,0.3591274321079254,"10,106,34,153,63","192,14,182,157,251",0:19:2|0:51:2|0:302:2
ckpt_4700.pt,0,289,0.42304274439811707,0.0715302973985672,0.41723403334617615,"19,40,74,4,208","233,135,218,29,198",0:556:2|0:690:2|0:962:2
ckpt_4700.pt,0,290,0.4187398850917816,0.07313548028469086,0.38696640729904175,"235,205,78,13,197","123,182,138,175,135",0:25:1|0:28:1|0:35:1
ckpt_4700.pt,0,291,0.42436400055885315,0.0851801410317421,0.4493881165981293,"215,255,223,249,40","188,227,252,191,46",0:124:2|0:326:2|0:583:2
ckpt_4700.pt,0,292,0.48122939467430115,0.10105471312999725,0.4669862985610962,"178,157,24,117,225","223,240,166,177,19",0:177:2|0:1:1|0:15:1
ckpt_4700.pt,0,293,0.4444412887096405,0.07078850269317627,0.4381517469882965,"50,24,232,60,236","169,231,206,136,203",0:306:2|0:626:2|0:788:2
ckpt_4700.pt,0,294,0.3894219696521759,0.07527405768632889,0.3909628689289093,"10,83,165,166,97","28,62,74,10,167",0:874:3|0:101:2|0:868:2
ckpt_4700.pt,0,295,0.4254618287086487,0.0806645080447197,0.37859103083610535,"13,152,244,219,101","56,216,136,239,251",0:180:2|0:843:2|0:991:2
ckpt_4700.pt,0,296,0.41345876455307007,0.08634671568870544,0.40697813034057617,"100,92,75,103,158","78,255,225,251,84",0:89:2|0:417:2|0:767:2
ckpt_4700.pt,0,297,0.3744523227214813,0.0703912153840065,0.38852766156196594,"41,65,239,142,25","210,34,78,179,92",0:231:2|0:836:2|0:25:1
ckpt_4700.pt,0,298,0.41016027331352234,0.07923950999975204,0.38547977805137634,"55,9,7,50,205","43,104,180,36,73",0:630:2|0:777:2|0:829:2
ckpt_4700.pt,0,299,0.5000746250152588,0.10841378569602966,0.49838924407958984,"203,127,138,246,118","220,68,74,247,130",0:28:1|0:30:1|0:48:1
ckpt_4700.pt,0,300,0.4443219006061554,0.09023327380418777,0.431257039308548,"238,107,95,131,133","248,58,227,64,210",0:67:2|0:762:2|0:816:2
ckpt_4700.pt,0,301,0.44863489270210266,0.09872511029243469,0.38206547498703003,"101,42,24,198,80","173,8,58,122,171",0:177:2|0:186:2|0:426:2
ckpt_4700.pt,0,302,0.44975823163986206,0.08492836356163025,0.42041802406311035,"153,106,247,212,97","158,161,91,83,129",0:288:2|0:393:2|0:651:2
ckpt_4700.pt,0,303,0.42138156294822693,0.07849550247192383,0.41042250394821167,"142,251,83,77,124","95,160,131,137,163",0:598:2|0:655:2|0:704:2
ckpt_4700.pt,0,304,0.47275158762931824,0.11018190532922745,0.4581380784511566,"198,239,135,203,214","217,177,198,70,113",0:25:1|0:47:1|0:57:1
ckpt_4700.pt,0,305,0.49269723892211914,0.0826873704791069,0.46401819586753845,"24,226,58,233,241","248,53,148,211,4",0:90:2|0:111:2|0:177:2
ckpt_4700.pt,0,306,0.4406176209449768,0.08056946843862534,0.4171435534954071,"116,214,245,50,236","163,130,206,135,150",0:293:2|0:842:2|0:1011:2
ckpt_4700.pt,0,307,0.4464842677116394,0.07786104828119278,0.41184648871421814,"220,140,71,241,77","34,116,188,200,102",0:263:2|0:955:2|0:983:2
ckpt_4700.pt,0,308,0.40357059240341187,0.071706622838974,0.4111388623714447,"136,10,174,240,2","107,73,115,64,156",0:221:2|0:367:2|0:874:2
ckpt_4700.pt,0,309,0.33667126297950745,0.07469554245471954,0.37279558181762695,"67,184,120,59,113","224,170,62,181,135",0:11:2|0:358:2|0:485:2
ckpt_4700.pt,0,310,0.4486120045185089,0.08669289946556091,0.43897899985313416,"213,138,252,11,30","113,58,173,204,149",0:718:2|0:825:2|0:6:1
ckpt_4700.pt,0,311,0.47776901721954346,0.08424276858568192,0.451661080121994,"0,156,136,95,207","12,38,175,20,19",0:100:2|0:168:2|0:3:1
ckpt_4700.pt,0,312,0.46047496795654297,0.0929877907037735,0.4536060094833374,"232,67,253,26,241","105,0,231,134,145",0:182:2|0:275:2|0:448:2
ckpt_4700.pt,0,313,0.43244513869285583,0.08513826131820679,0.40399229526519775,"209,84,252,202,42","7,142,152,91,229",0:58:2|0:227:2|0:418:2
ckpt_4700.pt,0,314,0.39146751165390015,0.0664646178483963,0.4164694845676422,"188,60,16,69,137","134,224,66,81,58",0:393:2|0:8:1|0:9:1
ckpt_4700.pt,0,315,0.436687171459198,0.07169544696807861,0.4118082523345947,"208,66,24,15,186","155,106,60,66,200",0:442:2|0:949:2|0:5:1
ckpt_4700.pt,0,316,0.3917878568172455,0.07539449632167816,0.3921213150024414,"254,209,156,31,112","154,204,240,196,149",0:372:2|0:433:2|0:614:2
ckpt_4700.pt,0,317,0.41091740131378174,0.0871395692229271,0.421053409576416,"173,49,194,99,146","31,33,99,9,75",0:152:2|0:329:2|0:510:2
ckpt_4700.pt,0,318,0.4279455244541168,0.08122386038303375,0.4277797341346741,"123,136,160,93,33","25,3,238,190,134",0:155:3|0:15:2|0:440:2
ckpt_4700.pt,0,319,0.4063047170639038,0.07308793067932129,0.41490039229393005,"16,201,167,179,209","73,76,80,247,184",0:573:2|0:818:2|0:1:1
ckpt_4700.pt,0,320,0.4083195626735687,0.08778681606054306,0.4107140004634857,"30,16,246,144,120","196,222,54,77,199",0:981:2|0:27:1|0:52:1
ckpt_4700.pt,0,321,0.419981449842453,0.07366777956485748,0.42354816198349,"169,26,200,244,146","222,203,161,196,3",0:856:2|0:990:2|0:1019:2
ckpt_4700.pt,0,322,0.4448353946208954,0.08990778774023056,0.4686901569366455,"117,102,66,177,29","100,104,219,174,32",0:518:2|0:689:2|0:727:2
ckpt_4700.pt,0,323,0.3989643156528473,0.06756572425365448,0.367273211479187,"99,255,158,95,175","58,176,86,81,151",0:931:2|0:16:1|0:18:1
ckpt_4700.pt,0,324,0.42517977952957153,0.10606245696544647,0.4011261761188507,"228,166,232,149,92","78,234,171,186,125",0:863:2|0:2:1|0:8:1
ckpt_4700.pt,0,325,0.3979836404323578,0.07994119822978973,0.4099929630756378,"189,205,175,136,206","112,43,167,107,155",0:18:2|0:185:2|0:571:2
ckpt_4700.pt,0,326,0.41081029176712036,0.069183349609375,0.4088377356529236,"231,255,12,223,78","177,56,185,126,94",0:124:2|0:291:2|0:859:2
ckpt_4700.pt,0,327,0.48980647325515747,0.07807961851358414,0.4307471215724945,"237,243,90,7,245","145,217,231,74,31",0:73:2|0:768:2|0:807:2
ckpt_4700.pt,0,328,0.4057227373123169,0.07036740332841873,0.42275360226631165,"163,18,168,241,127","142,173,26,83,158",0:154:2|0:450:2|0:0:1
ckpt_4700.pt,0,329,0.4510904550552368,0.087104432284832,0.431304395198822,"115,194,116,143,49","236,5,38,152,92",0:213:2|0:317:2|0:510:2
ckpt_4700.pt,0,330,0.39576256275177,0.09047690033912659,0.408425897359848,"93,114,97,142,119","249,3,180,76,59",0:633:3|0:148:2|0:164:2
ckpt_4700.pt,0,331,0.3815279006958008,0.06410472095012665,0.3780617415904999,"177,105,173,71,26","214,61,247,227,1",0:241:2|0:518:2|0:857:2
ckpt_4700.pt,0,332,0.46651265025138855,0.08849646896123886,0.4392069876194,"143,169,220,195,108","252,144,45,81,16",0:189:2|0:197:2|0:627:2
ckpt_4700.pt,0,333,0.46350157260894775,0.08728428930044174,0.4517700672149658,"138,255,232,9,214","14,153,19,56,126",0:351:2|0:510:2|0:788:2
ckpt_4700.pt,0,334,0.5012397766113281,0.10295315086841583,0.43362894654273987,"212,54,204,152,230","110,171,176,78,225",0:504:2|0:14:1|0:38:1
ckpt_4700.pt,0,335,0.47172775864601135,0.08639024943113327,0.42313408851623535,"123,121,3,172,252","136,235,159,49,135",0:640:2|0:680:2|0:738:2
ckpt_4700.pt,0,336,0.4460591971874237,0.08535901457071304,0.439946711063385,"246,90,60,11,206","252,128,211,172,179",0:243:2|0:365:2|0:432:2
ckpt_4700.pt,0,337,0.4091654419898987,0.09001082181930542,0.39671817421913147,"71,119,165,221,170","92,231,200,98,94",0:49:2|0:139:2|0:347:2
ckpt_4700.pt,0,338,0.49570295214653015,0.09647314995527267,0.43391621112823486,"215,3,164,209,9","245,217,133,117,66",0:351:2|0:522:2|0:589:2
ckpt_4700.pt,0,339,0.3986662030220032,0.0711098238825798,0.39213284850120544,"50,164,207,187,67","127,120,108,141,40",0:407:2|0:820:2|0:829:2
ckpt_4700.pt,0,340,0.4555931091308594,0.08054844290018082,0.42125868797302246,"139,87,133,108,47","173,114,218,26,73",0:243:2|0:618:2|0:658:2
ckpt_4700.pt,0,341,0.4038766920566559,0.07744945585727692,0.40459728240966797,"224,218,17,165,100","183,60,43,11,136",0:207:2|0:277:2|0:471:2
ckpt_4700.pt,0,342,0.5069510340690613,0.10120578110218048,0.46292105317115784,"247,126,100,187,130","112,181,176,47,63",0:78:2|0:543:2|0:35:1
ckpt_4700.pt,0,343,0.4055900275707245,0.07978741079568863,0.4219558537006378,"231,160,169,37,208","159,248,228,146,13",0:594:2|0:668:2|0:932:2
ckpt_4700.pt,0,344,0.42681366205215454,0.06580255180597305,0.4156792163848877,"20,68,136,8,148","146,246,158,207,248",0:359:2|0:968:2|0:48:1
ckpt_4700.pt,0,345,0.4278929829597473,0.08231694996356964,0.4181700050830841,"172,182,167,41,160","249,143,136,52,206",0:65:2|0:71:2|0:587:2
ckpt_4700.pt,0,346,0.5336671471595764,0.09026338905096054,0.4439757764339447,"220,237,76,33,163","104,110,248,120,57",0:19:2|0:400:2|0:529:2
ckpt_4700.pt,0,347,0.4153275787830353,0.10107851028442383,0.3756200969219208,"165,228,235,221,185","35,89,250,208,173",0:55:2|0:67:2|0:337:2
ckpt_4700.pt,0,348,0.4695184826850891,0.08241315931081772,0.4299875795841217,"89,213,31,44,70","209,33,11,99,212",0:97:2|0:143:2|0:381:2
ckpt_4700.pt,0,349,0.44635656476020813,0.08911918848752975,0.43963122367858887,"249,206,18,240,26","229,37,57,174,172",0:42:2|0:146:2|0:546:2
ckpt_4700.pt,0,350,0.4420294761657715,0.0697898417711258,0.4365483820438385,"154,136,238,144,21","37,213,211,55,87",0:20:2|0:215:2|0:0:1
ckpt_4700.pt,0,351,0.43473613262176514,0.07231684774160385,0.4169580936431885,"214,164,9,179,233","146,198,107,190,135",0:249:2|0:333:2|0:338:2
ckpt_4700.pt,0,352,0.43576499819755554,0.0693717673420906,0.4229747951030731,"4,91,202,136,185","90,25,240,181,58",0:12:2|0:77:2|0:95:2
ckpt_4700.pt,0,353,0.47421205043792725,0.0851396694779396,0.46882006525993347,"255,254,116,73,132","18,186,45,33,139",0:679:2|0:725:2|0:863:2
ckpt_4700.pt,0,354,0.4421112537384033,0.09052755683660507,0.4237529933452606,"229,80,50,96,20","114,152,237,228,115",0:904:3|0:407:2|0:715:2
ckpt_4700.pt,0,355,0.49789896607398987,0.09757837653160095,0.44861504435539246,"15,41,34,40,92","226,118,169,55,247",0:10:1|0:19:1|0:24:1
ckpt_4700.pt,0,356,0.45832186937332153,0.09375114738941193,0.4448593258857727,"215,129,205,102,34","119,64,81,73,107",0:24:2|0:182:2|0:804:2
ckpt_4700.pt,0,357,0.3435375392436981,0.0625961571931839,0.36540427803993225,"171,92,201,126,14","221,164,239,159,31",0:364:2|0:631:2|0:38:1
ckpt_4700.pt,0,358,0.423798531293869,0.08199341595172882,0.4440150260925293,"113,41,67,178,228","40,137,197,179,42",0:11:2|0:25:2|0:218:2
ckpt_4700.pt,0,359,0.41823405027389526,0.07140591740608215,0.410429447889328,"148,180,136,1,85","225,123,227,114,49",0:99:2|0:185:2|0:344:2
ckpt_4700.pt,0,360,0.4150964021682739,0.07968341559171677,0.4209981858730316,"58,38,244,201,142","64,33,104,240,180",0:361:2|0:17:1|0:23:1
ckpt_4700.pt,0,361,0.4060138463973999,0.07394962012767792,0.3987891674041748,"178,244,142,198,51","32,148,168,105,131",0:76:2|0:148:2|0:360:2
ckpt_4700.pt,0,362,0.44983306527137756,0.09249235689640045,0.40875813364982605,"73,15,26,80,82","223,40,52,233,3",0:10:2|0:275:2|0:490:2
ckpt_4700.pt,0,363,0.4484112560749054,0.07917492836713791,0.44488078355789185,"169,187,248,255,189","93,218,130,74,0",0:43:2|0:960:2|0:16:1
ckpt_4700.pt,0,364,0.4314699172973633,0.08158612251281738,0.4159640967845917,"92,214,219,250,201","17,77,34,93,221",0:357:2|0:41:1|0:47:1
ckpt_4700.pt,0,365,0.3875637948513031,0.07363560050725937,0.3889652192592621,"34,107,246,136,11","99,81,74,154,190",0:336:2|0:19:1|0:24:1
ckpt_4700.pt,0,366,0.37393319606781006,0.06665610522031784,0.39733439683914185,"234,130,26,123,197","224,142,208,54,50",0:0:1|0:10:1|0:35:1
ckpt_4700.pt,0,367,0.4958021342754364,0.08643782883882523,0.42014896869659424,"174,2,116,71,37","26,107,48,86,237",0:37:2|0:116:2|0:210:2
ckpt_4700.pt,0,368,0.4484556317329407,0.0822431668639183,0.4454704225063324,"28,50,165,137,65","28,241,103,221,87",0:4:2|0:113:2|0:482:2
ckpt_4700.pt,0,369,0.4177446663379669,0.08349230885505676,0.40854576230049133,"63,232,118,44,224","166,35,212,86,1",0:2:3|0:160:2|0:207:2
ckpt_4700.pt,0,370,0.40614235401153564,0.06495527923107147,0.3839165270328522,"56,112,135,240,50","112,88,216,152,74",0:38:2|0:22:1|0:34:1
ckpt_4700.pt,0,371,0.3989274203777313,0.085258848965168,0.37883326411247253,"243,71,63,45,33","118,172,140,221,75",0:5:2|0:155:2|0:872:2
ckpt_4700.pt,0,372,0.4891129732131958,0.08238624781370163,0.4294409155845642,"209,254,177,100,237","147,165,150,221,149",0:40:2|0:81:2|0:316:2
ckpt_4700.pt,0,373,0.409454345703125,0.08411172032356262,0.39478960633277893,"63,139,102,153,175","224,77,146,5,58",0:71:2|0:234:2|0:288:2
ckpt_4700.pt,0,374,0.46224647760391235,0.09887023270130157,0.42630070447921753,"43,255,5,14,180","171,122,97,54,144",0:83:2|0:580:2|0:831:2
ckpt_4700.pt,0,375,0.42524951696395874,0.0662141665816307,0.45045846700668335,"176,213,186,159,86","215,57,16,124,53",0:131:2|0:1:1|0:4:1
ckpt_4700.pt,0,376,0.4099247455596924,0.0702991858124733,0.4047081768512726,"156,154,192,185,72","89,20,167,32,181",0:173:2|0:799:2|0:970:2
ckpt_4700.pt,0,377,0.4405479431152344,0.08007952570915222,0.442216157913208,"233,33,17,29,13","78,238,243,211,86",0:50:2|0:277:2|0:463:2
ckpt_4700.pt,0,378,0.45895764231681824,0.08705514669418335,0.4145330786705017,"159,44,179,25,114","205,170,237,62,171",0:247:2|0:390:2|0:434:2
ckpt_4700.pt,0,379,0.5005571246147156,0.10919180512428284,0.4587022364139557,"41,101,30,17,36","58,37,173,40,211",0:24:2|0:224:2|0:261:2
ckpt_4700.pt,0,380,0.474361389875412,0.1076783537864685,0.4569326341152191,"143,80,124,223,137","235,57,131,123,246",0:785:3|0:72:2|0:274:2
ckpt_4700.pt,0,381,0.4853653013706207,0.0883985161781311,0.43881261348724365,"237,145,44,71,70","232,118,29,67,173",0:783:3|0:145:2|0:348:2
ckpt_4700.pt,0,382,0.4170030653476715,0.10082503408193588,0.4087584614753723,"12,99,68,249,111","1,94,27,73,149",0:118:2|0:184:2|0:987:2
ckpt_4700.pt,0,383,0.47961488366127014,0.0858246311545372,0.429575651884079,"185,52,227,95,137","234,139,33,207,80",0:12:1|0:67:1|0:68:1
ckpt_4700.pt,0,384,0.45927906036376953,0.08413764834403992,0.42291387915611267,"34,7,125,231,203","204,31,26,161,244",0:2:1|0:19:1|0:24:1
ckpt_4700.pt,0,385,0.4129084348678589,0.07010071724653244,0.4238496720790863,"116,63,152,220,23","226,178,192,82,60",0:13:2|0:47:2|0:725:2
ckpt_4700.pt,0,386,0.464790403842926,0.0817723274230957,0.4544271230697632,"255,179,3,79,157","110,129,23,247,63",0:55:2|0:478:2|0:508:2
ckpt_4700.pt,0,387,0.4342477023601532,0.06563945859670639,0.43475499749183655,"64,47,26,171,110","230,231,94,251,11",0:183:2|0:223:2|0:638:2
ckpt_4700.pt,0,388,0.4346649646759033,0.0921383649110794,0.48343703150749207,"96,128,62,59,9","204,233,71,242,228",0:257:2|0:720:2|0:4:1
ckpt_4700.pt,0,389,0.4481211006641388,0.1283835619688034,0.4170340895652771,"80,163,74,55,179","181,254,156,189,238",0:152:2|0:186:2|0:425:2
ckpt_4700.pt,0,390,0.4459976851940155,0.08956988900899887,0.41991865634918213,"60,211,159,179,73","154,183,251,37,245",0:378:2|0:4:1|0:7:1
ckpt_4700.pt,0,391,0.4400613307952881,0.09064603596925735,0.45131683349609375,"204,171,89,203,10","194,142,88,166,235",0:700:2|0:901:2|0:12:1
ckpt_4700.pt,0,392,0.4905507564544678,0.08849027007818222,0.4253312349319458,"47,102,2,105,106","54,242,8,250,69",0:17:2|0:161:2|0:770:2
ckpt_4700.pt,0,393,0.4367569386959076,0.07722307741641998,0.41105449199676514,"153,16,69,97,159","99,28,169,195,209",0:9:2|0:19:2|0:302:2
ckpt_4700.pt,0,394,0.46567854285240173,0.08455600589513779,0.457826167345047,"250,80,237,64,99","78,242,222,184,42",0:152:2|0:153:2|0:400:2
ckpt_4700.pt,0,395,0.45551416277885437,0.10025305300951004,0.41065528988838196,"14,66,215,216,59","95,54,224,34,159",0:653:2|0:949:2|0:12:1
ckpt_4700.pt,0,396,0.46260857582092285,0.09328869730234146,0.44047385454177856,"241,240,80,216,43","174,150,55,89,58",0:456:2|0:687:2|0:3:1
ckpt_4700.pt,0,397,0.41230154037475586,0.07813789695501328,0.40641292929649353,"129,111,91,59,78","251,197,190,167,99",0:12:2|0:685:2|0:15:1
ckpt_4700.pt,0,398,0.37474438548088074,0.06809750199317932,0.37906667590141296,"119,84,186,131,195","65,30,209,191,3",0:5:1|0:7:1|0:12:1
ckpt_4700.pt,0,399,0.4794371426105499,0.09770176559686661,0.43801262974739075,"78,189,218,110,200","62,77,203,107,219",0:437:2|0:18:1|0:28:1
ckpt_4700.pt,0,400,0.46123620867729187,0.08735579997301102,0.438345342874527,"119,33,99,225,237","201,39,82,143,128",0:346:2|0:394:2|0:568:2
ckpt_4700.pt,0,401,0.4731906056404114,0.0963427722454071,0.44476768374443054,"168,135,147,235,185","17,205,248,102,142",0:67:2|0:347:2|0:460:2
ckpt_4700.pt,0,402,0.42121994495391846,0.07892311364412308,0.4316634237766266,"65,4,9,167,122","207,188,215,2,0",0:271:2|0:696:2|0:735:2
ckpt_4700.pt,0,403,0.44390371441841125,0.07647810876369476,0.44992801547050476,"173,247,182,221,123","156,117,1,207,53",0:214:2|0:624:2|0:0:1
ckpt_4700.pt,0,404,0.49657759070396423,0.08033758401870728,0.4342040717601776,"222,126,36,88,238","54,174,43,228,98",0:499:2|0:703:2|0:925:2
ckpt_4700.pt,0,405,0.3813565671443939,0.08420207351446152,0.38268589973449707,"191,198,20,69,210","159,167,16,47,248",0:665:2|0:9:1|0:10:1
ckpt_4700.pt,0,406,0.42211300134658813,0.06620568782091141,0.4016706645488739,"122,216,71,102,169","140,15,215,93,72",0:634:2|0:1013:2|0:1019:2
ckpt_4700.pt,0,407,0.41821223497390747,0.093955859541893,0.41635167598724365,"187,159,50,51,229","68,196,162,128,50",0:242:2|0:339:2|0:354:2
ckpt_4700.pt,0,408,0.4809405505657196,0.07970568537712097,0.43360140919685364,"107,145,125,20,119","53,236,143,30,66",0:513:2|0:7:1|0:35:1
ckpt_4700.pt,0,409,0.47589510679244995,0.09731769561767578,0.42264416813850403,"236,191,170,33,122","254,60,121,33,65",0:18:2|0:974:2|0:10:1
ckpt_4700.pt,0,410,0.42725127935409546,0.08421793580055237,0.41222044825553894,"56,99,124,213,204","255,99,38,248,195",0:38:2|0:989:2|0:6:1
ckpt_4700.pt,0,411,0.49386435747146606,0.10559533536434174,0.45313477516174316,"212,83,215,127,196","123,179,231,195,205",0:613:2|0:1010:2|0:28:1
ckpt_4700.pt,0,412,0.5087010264396667,0.10445240139961243,0.4776848256587982,"81,162,174,255,60","110,228,66,250,174",0:931:2|0:8:1|0:16:1
ckpt_4700.pt,0,413,0.430220365524292,0.09309025853872299,0.4105752408504486,"144,164,104,180,206","87,209,215,182,158",0:203:2|0:928:2|0:1023:2
ckpt_4700.pt,0,414,0.41504064202308655,0.06758745014667511,0.4341593086719513,"7,11,167,174,149","88,203,110,92,177",0:71:2|0:486:2|0:602:2
ckpt_4700.pt,0,415,0.4146325886249542,0.07018499076366425,0.399265855550766,"53,235,0,84,128","242,97,187,100,47",0:526:2|0:858:2|0:3:1
ckpt_4700.pt,0,416,0.5145897269248962,0.07896063476800919,0.4263736605644226,"27,145,138,250,150","0,116,100,157,6",0:96:2|0:153:2|0:2:1
ckpt_4700.pt,0,417,0.5082942247390747,0.0876355692744255,0.46721139550209045,"206,75,133,158,3","183,47,235,217,73",0:296:2|0:512:2|0:542:2
ckpt_4700.pt,0,418,0.4394482374191284,0.0813450813293457,0.42154398560523987,"84,141,202,44,169","33,110,152,151,176",0:227:2|0:244:2|0:313:2
ckpt_4700.pt,0,419,0.46475809812545776,0.09707538783550262,0.4474391043186188,"204,159,238,66,143","204,69,134,29,130",0:36:2|0:93:2|0:4:1
ckpt_4700.pt,0,420,0.4263116419315338,0.08470187336206436,0.4251876771450043,"3,155,249,183,62","151,237,224,201,138",0:72:2|0:105:2|0:542:2
ckpt_4700.pt,0,421,0.43488314747810364,0.07483690977096558,0.42911893129348755,"3,253,101,47,192","90,27,34,32,142",0:423:2|0:694:2|0:802:2
ckpt_4700.pt,0,422,0.44374483823776245,0.07205341756343842,0.4338180422782898,"181,69,252,216,134","47,98,133,89,175",0:501:2|0:670:2|0:985:2
ckpt_4700.pt,0,423,0.4200176000595093,0.07989716529846191,0.3963368237018585,"126,101,47,150,170","194,52,240,1,165",0:421:2|0:672:2|0:986:2
ckpt_4700.pt,0,424,0.49952206015586853,0.08984144032001495,0.4705251455307007,"89,17,247,107,44","230,211,62,119,26",0:348:2|0:513:2|0:651:2
ckpt_4700.pt,0,425,0.47333472967147827,0.09217727929353714,0.4253219664096832,"80,74,18,23,187","124,168,61,96,25",0:186:2|0:389:2|0:719:2
ckpt_4700.pt,0,426,0.4042317569255829,0.0894087553024292,0.38348326086997986,"253,137,42,198,74","243,58,119,189,102",0:186:2|0:265:2|0:301:2
ckpt_4700.pt,0,427,0.42036953568458557,0.08217603713274002,0.4035225510597229,"181,67,98,122,53","12,181,127,134,62",0:43:2|0:133:2|0:494:2
ckpt_4700.pt,0,428,0.4750141501426697,0.08013194054365158,0.42840510606765747,"107,63,188,216,251","217,111,57,105,131",0:2:1|0:5:1|0:13:1
ckpt_4700.pt,0,429,0.41862305998802185,0.07420524209737778,0.41034334897994995,"19,202,26,166,156","194,154,141,45,14",0:753:2|0:8:1|0:10:1
ckpt_4700.pt,0,430,0.42240026593208313,0.07095648348331451,0.43609368801116943,"24,35,198,103,52","76,45,82,154,153",0:301:2|0:521:2|0:552:2
ckpt_4700.pt,0,431,0.48790860176086426,0.08931516855955124,0.4567447006702423,"210,165,89,45,159","232,63,53,177,195",0:4:2|0:506:2|0:651:2
ckpt_4700.pt,0,432,0.4445246756076813,0.08567513525485992,0.45233118534088135,"185,90,60,214,21","234,219,222,249,114",0:115:2|0:336:2|0:760:2
ckpt_4700.pt,0,433,0.43246176838874817,0.07338933646678925,0.42844727635383606,"156,12,31,188,106","40,232,67,21,73",0:316:2|0:507:2|0:807:2
ckpt_4700.pt,0,434,0.4470709264278412,0.08837820589542389,0.4138917922973633,"75,44,115,159,120","219,113,45,137,30",0:378:2|0:449:2|0:622:2
ckpt_4700.pt,0,435,0.44421616196632385,0.07539393752813339,0.4362618327140808,"64,76,134,225,45","156,223,194,48,106",0:137:2|0:138:2|0:172:2
ckpt_4700.pt,0,436,0.4365927278995514,0.07943948358297348,0.44388461112976074,"148,216,180,24,237","32,213,70,136,249",0:359:2|0:580:2|0:628:2
ckpt_4700.pt,0,437,0.4584290087223053,0.0933973491191864,0.4368631839752197,"218,220,151,179,189","12,135,248,223,28",0:399:2|0:478:2|0:539:2
ckpt_4700.pt,0,438,0.48772966861724854,0.08241947740316391,0.46347808837890625,"248,217,210,181,30","64,204,116,154,6",0:43:2|0:260:2|0:450:2
ckpt_4700.pt,0,439,0.4500087797641754,0.09236117452383041,0.43026599287986755,"241,207,36,173,144","11,33,73,14,90",0:128:2|0:528:2|0:593:2
ckpt_4700.pt,0,440,0.454367071390152,0.08205828815698624,0.44513067603111267,"136,160,81,66,56","231,20,228,206,227",0:76:2|0:102:2|0:219:2
ckpt_4700.pt,0,441,0.4282427728176117,0.08215083926916122,0.4171917140483856,"184,114,209,248,34","198,168,69,132,149",0:515:2|0:748:2|0:19:1
ckpt_4700.pt,0,442,0.44310903549194336,0.07423176616430283,0.4422639012336731,"85,36,15,7,66","160,170,117,26,131",0:36:2|0:166:2|0:315:2
ckpt_4700.pt,0,443,0.44456642866134644,0.09371604025363922,0.4334717094898224,"237,242,231,205,97","83,202,27,132,124",0:726:2|0:910:2|0:2:1
ckpt_4700.pt,0,444,0.459317684173584,0.0978488177061081,0.43392378091812134,"196,159,92,81,150","56,224,53,128,181",0:728:2|0:4:1|0:8:1
ckpt_4700.pt,0,445,0.44141095876693726,0.07096412032842636,0.42369380593299866,"253,57,125,31,233","94,82,63,61,100",0:106:2|0:991:2|0:1:1
ckpt_4700.pt,0,446,0.42863336205482483,0.08085501194000244,0.3948299288749695,"104,175,64,150,143","59,70,42,41,145",0:8:1|0:18:1|0:20:1
ckpt_4700.pt,0,447,0.43315938115119934,0.09099195897579193,0.4121817350387573,"31,190,200,69,56","53,245,90,1,73",0:809:2|0:9:1|0:20:1
ckpt_4700.pt,0,448,0.40384310483932495,0.07673513889312744,0.41622045636177063,"96,119,232,172,241","60,137,159,97,37",0:182:2|0:312:2|0:657:2
ckpt_4700.pt,0,449,0.4449421763420105,0.08027767390012741,0.44040194153785706,"223,59,44,75,213","25,116,220,246,67",0:97:2|0:143:2|0:274:2
ckpt_4700.pt,0,450,0.428232342004776,0.09454740583896637,0.4097420871257782,"241,30,248,49,163","181,125,206,122,6",0:263:2|0:328:2|0:438:2
ckpt_4700.pt,0,451,0.4503483176231384,0.07981373369693756,0.43794265389442444,"213,231,98,13,111","236,7,226,72,211",0:200:2|0:739:2|0:848:2
ckpt_4700.pt,0,452,0.454278826713562,0.10576169192790985,0.3892279863357544,"40,229,62,250,13","45,119,170,234,43",0:873:2|0:933:2|0:4:1
ckpt_4700.pt,0,453,0.487102746963501,0.10706658661365509,0.44835662841796875,"219,114,124,159,88","93,55,116,65,60",0:175:2|0:378:2|0:4:1
ckpt_4700.pt,0,454,0.4986537992954254,0.10198742896318436,0.4661337435245514,"82,144,165,222,212","55,124,78,66,64",0:64:2|0:709:2|0:892:2
ckpt_4700.pt,0,455,0.4319394826889038,0.07339081913232803,0.4338778555393219,"67,221,17,167,248","188,143,46,21,150",0:232:2|0:471:2|0:1:1
ckpt_4700.pt,0,456,0.4637902081012726,0.09235469251871109,0.39770883321762085,"43,40,240,21,105","102,56,12,47,28",0:226:2|0:396:2|0:639:2
ckpt_4700.pt,0,457,0.4125603437423706,0.0759403333067894,0.426122784614563,"120,254,66,191,125","242,169,199,228,100",0:881:2|0:10:1|0:24:1
ckpt_4700.pt,0,458,0.4460827708244324,0.11263367533683777,0.4072393774986267,"112,243,52,238,47","17,222,125,55,8",0:623:2|0:23:1|0:34:1
ckpt_4700.pt,0,459,0.46065062284469604,0.10390451550483704,0.44630828499794006,"42,46,232,174,157","157,152,165,181,111",0:177:2|0:879:2|0:1:1
ckpt_4700.pt,0,460,0.4019889235496521,0.08797295391559601,0.40425825119018555,"122,147,185,220,123","66,122,113,237,98",0:401:2|0:539:2|0:871:2
ckpt_4700.pt,0,461,0.45260435342788696,0.1122063398361206,0.4300912320613861,"39,182,230,108,205","130,48,192,14,183",0:210:2|0:790:2|0:912:2
ckpt_4700.pt,0,462,0.4714995324611664,0.08030222356319427,0.4591965675354004,"91,185,224,83,104","173,217,17,120,215",0:12:2|0:61:2|0:273:2
ckpt_4700.pt,0,463,0.45103591680526733,0.07344606518745422,0.42969319224357605,"33,224,194,185,233","145,143,88,235,238",0:273:2|0:377:2|0:462:2
ckpt_4700.pt,0,464,0.4880685806274414,0.09260478615760803,0.4439623951911926,"231,76,114,224,157","129,174,166,140,101",0:83:2|0:273:2|0:771:2
ckpt_4700.pt,0,465,0.46494829654693604,0.10062132030725479,0.4488528370857239,"119,204,189,173,90","98,104,89,17,71",0:7:2|0:103:2|0:775:2
ckpt_4700.pt,0,466,0.46442070603370667,0.090547114610672,0.4544268846511841,"151,198,59,177,149","142,7,3,155,62",0:12:1|0:15:1|0:21:1
ckpt_4700.pt,0,467,0.4380106031894684,0.08634486794471741,0.4198831617832184,"32,151,19,126,110","224,143,243,87,211",0:758:2|0:30:1|0:44:1
ckpt_4700.pt,0,468,0.41743454337120056,0.0927981287240982,0.41528454422950745,"123,14,143,177,31","69,168,149,64,110",0:191:2|0:1020:2|0:0:1
ckpt_4700.pt,0,469,0.45998647809028625,0.09209835529327393,0.470508873462677,"164,81,140,88,193","220,32,50,101,40",0:228:2|0:675:2|0:711:2
ckpt_4700.pt,0,470,0.3929266929626465,0.07600115984678268,0.3849896490573883,"83,129,18,22,177","22,102,119,51,192",0:782:2|0:840:2|0:842:2
ckpt_4700.pt,0,471,0.5600963234901428,0.12311448901891708,0.4694863557815552,"17,27,248,174,100","9,122,254,210,65",0:114:2|0:171:2|0:277:2
ckpt_4700.pt,0,472,0.3572537899017334,0.06851065158843994,0.34856680035591125,"86,218,203,144,232","99,172,193,106,240",0:244:2|0:1:1|0:2:1
ckpt_4700.pt,0,473,0.3963993787765503,0.0766991451382637,0.4029076099395752,"213,194,226,219,16","78,83,106,69,170",0:110:2|0:590:2|0:1007:2
ckpt_4700.pt,0,474,0.4209895730018616,0.07631125301122665,0.4380080997943878,"76,165,86,9,64","166,120,159,160,252",0:137:2|0:172:2|0:266:2
ckpt_4700.pt,0,475,0.4604155719280243,0.0980888083577156,0.4507591426372528,"164,57,240,11,222","75,113,251,204,157",0:203:2|0:701:2|0:997:2
ckpt_4700.pt,0,476,0.4344933032989502,0.0826025977730751,0.4301377236843109,"37,209,33,46,13","173,7,30,61,14",0:377:2|0:581:2|0:787:2
ckpt_4700.pt,0,477,0.41952237486839294,0.06859323382377625,0.4074629247188568,"90,143,80,106,9","240,89,59,230,11",0:271:2|0:380:2|0:507:2
ckpt_4700.pt,0,478,0.4480060040950775,0.0792890414595604,0.4672916531562805,"151,145,179,178,3","218,26,168,56,142",0:386:2|0:437:2|0:495:2
ckpt_4700.pt,0,479,0.44936174154281616,0.08376342803239822,0.45267897844314575,"207,242,209,123,106","213,122,233,250,109",0:614:2|0:836:2|0:0:1
ckpt_4700.pt,0,480,0.4374479055404663,0.08172281831502914,0.42425963282585144,"133,13,64,113,234","213,189,240,67,188",0:621:2|0:811:2|0:6:1
ckpt_4700.pt,0,481,0.418956458568573,0.09075512737035751,0.4368075728416443,"99,80,114,71,188","156,104,95,120,229",0:152:2|0:394:2|0:1020:2
ckpt_4700.pt,0,482,0.4139423668384552,0.07218609750270844,0.3993060886859894,"122,69,140,50,165","74,209,72,150,12",0:228:2|0:368:2|0:868:2
ckpt_4700.pt,0,483,0.44893962144851685,0.09170778840780258,0.4582473337650299,"180,126,225,138,176","249,74,117,51,193",0:538:2|0:17:1|0:44:1
ckpt_4700.pt,0,484,0.42167848348617554,0.08352985233068466,0.4282165467739105,"165,16,228,39,206","5,122,101,59,255",0:55:2|0:195:2|0:347:2
ckpt_4700.pt,0,485,0.44497090578079224,0.09572239220142365,0.4152955412864685,"139,189,184,165,67","233,44,248,76,174",0:309:2|0:592:2|0:4:1
ckpt_4700.pt,0,486,0.4383884370326996,0.07258865982294083,0.4253205358982086,"77,43,11,2,167","77,247,108,117,63",0:414:2|0:862:2|0:1:1
ckpt_4700.pt,0,487,0.36988869309425354,0.07037811726331711,0.4071088433265686,"231,68,46,132,250","27,42,198,96,39",0:225:2|0:594:2|0:2:1
ckpt_4700.pt,0,488,0.42588454484939575,0.07866191118955612,0.42772722244262695,"80,87,227,189,212","139,38,140,56,248",0:1020:2|0:3:1|0:18:1
ckpt_4700.pt,0,489,0.4408265948295593,0.09120398759841919,0.41082295775413513,"94,8,236,199,254","171,123,191,193,124",0:6:1|0:32:1|0:36:1
ckpt_4700.pt,0,490,0.42513924837112427,0.09222317487001419,0.4132509231567383,"251,80,203,119,82","131,166,27,129,108",0:362:2|0:511:2|0:517:2
ckpt_4700.pt,0,491,0.37279945611953735,0.07539310306310654,0.35913148522377014,"160,115,14,64,222","186,9,190,191,84",0:88:2|0:194:2|0:525:2
ckpt_4700.pt,0,492,0.4443238377571106,0.07955201715230942,0.43526017665863037,"104,18,75,39,179","124,223,36,191,129",0:270:2|0:912:2|0:999:2
ckpt_4700.pt,0,493,0.41836017370224,0.07296738773584366,0.4237741231918335,"5,139,146,197,208","103,95,100,138,105",0:165:2|0:208:2|0:216:2
ckpt_4700.pt,0,494,0.4738343060016632,0.0971914753317833,0.4531376361846924,"219,64,122,79,67","245,147,155,150,10",0:95:2|0:110:2|0:266:2
ckpt_4700.pt,0,495,0.42870908975601196,0.076597198843956,0.41972649097442627,"29,179,182,53,178","190,189,122,176,196",0:478:2|0:778:2|0:845:2
ckpt_4700.pt,0,496,0.4059408903121948,0.08151023089885712,0.38456979393959045,"144,209,124,45,188","174,48,144,183,70",0:121:2|0:957:2|0:40:1
ckpt_4700.pt,0,497,0.41154494881629944,0.06741621345281601,0.37842321395874023,"17,2,40,186,87","7,29,177,207,161",0:721:2|0:5:1|0:29:1
ckpt_4700.pt,0,498,0.4428669810295105,0.08560308814048767,0.408648818731308,"237,178,51,87,137","152,213,115,12,241",0:361:2|0:1019:2|0:19:1
ckpt_4700.pt,0,499,0.45703786611557007,0.09095863997936249,0.39443790912628174,"103,88,49,64,238","154,61,100,27,213",0:404:2|0:3:1|0:20:1
ckpt_4700.pt,0,500,0.41629084944725037,0.06905961036682129,0.45238062739372253,"53,198,229,75,174","51,81,244,31,230",0:242:2|0:1009:2|0:3:1
ckpt_4700.pt,0,501,0.3882130980491638,0.07233164459466934,0.40346765518188477,"134,115,216,123,105","127,52,121,59,102",0:265:2|0:422:2|0:536:2
ckpt_4700.pt,0,502,0.39809802174568176,0.06067642197012901,0.41405346989631653,"209,131,53,132,233","62,236,184,144,17",0:106:2|0:816:2|0:929:2
ckpt_4700.pt,0,503,0.442571759223938,0.0768311470746994,0.4064943194389343,"87,4,152,241,39","250,218,60,105,84",0:14:2|0:91:2|0:211:2
ckpt_4700.pt,0,504,0.44351333379745483,0.07740533351898193,0.4134749472141266,"52,54,9,125,204","160,237,20,191,33",0:334:2|0:552:2|0:27:1
ckpt_4700.pt,0,505,0.43987324833869934,0.08632025867700577,0.4254351556301117,"38,122,133,255,83","40,59,215,73,203",0:92:2|0:129:2|0:510:2
ckpt_4700.pt,0,506,0.43649205565452576,0.08206698298454285,0.4143335819244385,"211,149,165,89,74","89,25,128,231,205",0:431:2|0:602:2|0:690:2
ckpt_4700.pt,0,507,0.4310867488384247,0.08222118020057678,0.4268178343772888,"143,246,12,84,106","126,73,124,82,62",0:244:2|0:433:2|0:477:2
ckpt_4700.pt,0,508,0.43597662448883057,0.094460129737854,0.45478925108909607,"3,179,15,175,103","237,181,240,67,22",0:386:2|0:478:2|0:512:2
ckpt_4700.pt,0,509,0.4279114603996277,0.08198601007461548,0.4156912565231323,"181,237,255,160,8","181,35,145,11,135",0:237:2|0:851:2|0:16:1
ckpt_4700.pt,0,510,0.393538236618042,0.09169664233922958,0.37327489256858826,"232,194,49,255,133","214,217,202,29,159",0:129:2|0:160:2|0:317:2
ckpt_4700.pt,0,511,0.3723779320716858,0.06773253530263901,0.39061734080314636,"119,82,36,42,168","245,169,242,24,78",0:58:2|0:490:2|0:703:2
ckpt_4700.pt,0,512,0.49840569496154785,0.08847293257713318,0.4635784327983856,"205,158,3,15,140","18,33,62,111,125",0:263:2|0:417:2|0:508:2
ckpt_4700.pt,0,513,0.4639211893081665,0.09483297914266586,0.4341057538986206,"219,71,44,107,119","55,94,113,81,153",0:337:2|0:381:2|0:408:2
ckpt_4700.pt,0,514,0.33278587460517883,0.06707873195409775,0.3619132339954376,"234,139,246,208,216","192,172,239,184,253",0:87:2|0:165:2|0:493:2
ckpt_4700.pt,0,515,0.4495181739330292,0.08120188862085342,0.41341501474380493,"114,236,52,212,209","152,19,90,155,9",0:94:2|0:441:2|0:643:2
ckpt_4700.pt,0,516,0.43718573451042175,0.07168000936508179,0.4354623854160309,"104,107,157,202,54","178,142,214,217,175",0:276:2|0:679:2|0:824:2
ckpt_4700.pt,0,517,0.43569907546043396,0.08644287288188934,0.4395398497581482,"80,28,17,251,141","97,235,16,218,131",0:113:2|0:490:2|0:785:2
ckpt_4700.pt,0,518,0.47427451610565186,0.0920955166220665,0.4273533225059509,"26,194,177,102,115","219,61,194,93,180",0:40:2|0:322:2|0:329:2
ckpt_4700.pt,0,519,0.3981938362121582,0.07347693294286728,0.4044249951839447,"217,42,142,145,177","85,89,30,42,83",0:1018:2|0:3:1|0:11:1
ckpt_4700.pt,0,520,0.4160788655281067,0.07766714692115784,0.38652336597442627,"241,114,113,125,190","107,205,57,69,21",0:219:2|0:6:1|0:11:1
ckpt_4700.pt,0,521,0.44988250732421875,0.07312222570180893,0.42429912090301514,"24,162,176,35,90","91,47,102,115,112",0:430:2|0:574:2|0:815:2
ckpt_4700.pt,0,522,0.4910281002521515,0.08943726122379303,0.4359603822231293,"98,209,215,159,91","102,142,194,79,85",0:984:3|0:193:2|0:338:2
ckpt_4700.pt,0,523,0.4391326606273651,0.0836464911699295,0.4034613072872162,"152,203,85,56,79","255,26,150,42,1",0:63:2|0:710:2|0:947:2
ckpt_4700.pt,0,524,0.4451588988304138,0.0681416392326355,0.4172974228858948,"27,247,21,20,9","185,233,197,37,218",0:114:2|0:735:2|0:791:2
ckpt_4700.pt,0,525,0.44301167130470276,0.10278625786304474,0.4382131099700928,"1,222,6,96,64","88,73,60,59,164",0:192:2|0:491:2|0:4:1
ckpt_4700.pt,0,526,0.44791290163993835,0.09711506217718124,0.4191133677959442,"98,84,165,128,47","134,127,184,230,66",0:161:2|0:415:2|0:806:2
ckpt_4700.pt,0,527,0.5030848979949951,0.08733463287353516,0.4450624883174896,"216,42,153,57,190","170,42,12,231,191",0:645:2|0:11:1|0:16:1
ckpt_4700.pt,0,528,0.3840053975582123,0.07130199670791626,0.3839901387691498,"144,89,173,225,197","108,56,190,159,211",0:174:2|0:203:2|0:439:2
ckpt_4700.pt,0,529,0.4427868723869324,0.08925267308950424,0.4404776990413666,"163,169,237,174,166","233,133,76,228,213",0:31:2|0:346:2|0:868:2
ckpt_4700.pt,0,530,0.44630300998687744,0.07982049882411957,0.414895236492157,"210,130,205,236,248","108,137,13,28,134",0:35:2|0:94:2|0:230:2
ckpt_4700.pt,0,531,0.4547860026359558,0.081240214407444,0.42048242688179016,"160,81,173,111,48","163,162,46,174,45",0:440:2|0:755:2|0:860:2
ckpt_4700.pt,0,532,0.4719153940677643,0.08685009926557541,0.43993350863456726,"0,130,163,4,160","239,46,250,67,15",0:201:2|0:546:2|0:860:2
ckpt_4700.pt,0,533,0.4518261253833771,0.07965109497308731,0.4596208333969116,"217,30,163,173,172","107,181,196,19,220",0:209:2|0:260:2|0:438:2
ckpt_4700.pt,0,534,0.4104032814502716,0.08317673206329346,0.382977694272995,"85,111,158,168,226","47,100,67,46,243",0:176:2|0:189:2|0:764:2
ckpt_4700.pt,0,535,0.4383082985877991,0.08450844883918762,0.42625653743743896,"248,26,211,22,196","197,129,74,102,202",0:618:2|0:753:2|0:7:1
ckpt_4700.pt,0,536,0.4356466829776764,0.09499701857566833,0.4153594672679901,"105,8,115,188,93","91,2,252,124,84",0:26:2|0:265:2|0:279:2
ckpt_4700.pt,0,537,0.43163445591926575,0.07793810218572617,0.43010467290878296,"172,147,60,250,158","95,223,177,85,4",0:21:2|0:873:2|0:933:2
ckpt_4700.pt,0,538,0.4651402533054352,0.08647233992815018,0.42990726232528687,"225,29,140,191,138","181,163,145,1,63",0:62:2|0:153:2|0:483:2
ckpt_4700.pt,0,539,0.43542033433914185,0.08514710515737534,0.39775189757347107,"185,179,0,246,220","145,240,48,235,174",0:437:2|0:460:2|0:7:1
ckpt_4700.pt,0,540,0.4096963107585907,0.07440008223056793,0.3732038736343384,"223,248,35,222,237","70,158,14,100,81",0:276:2|0:561:2|0:933:2
ckpt_4700.pt,0,541,0.47079503536224365,0.09328718483448029,0.4550211429595947,"13,0,166,120,121","30,245,229,4,174",0:31:2|0:880:2|0:5:1
ckpt_4700.pt,0,542,0.4166705310344696,0.08287902176380157,0.4255760610103607,"169,230,183,3,206","171,99,50,81,84",0:417:2|0:420:2|0:27:1
ckpt_4700.pt,0,543,0.46895962953567505,0.09674914181232452,0.4515938460826874,"130,100,183,231,88","78,195,137,140,244",0:342:2|0:982:2|0:2:1
ckpt_4700.pt,0,544,0.43334588408470154,0.08065317571163177,0.4410415291786194,"254,177,213,168,223","91,152,6,248,14",0:81:2|0:274:2|0:372:2
ckpt_4700.pt,0,545,0.42865467071533203,0.07372603565454483,0.4466124475002289,"188,38,213,5,202","86,41,229,52,179",0:6:1|0:23:1|0:27:1
ckpt_4700.pt,0,546,0.4564051032066345,0.07764628529548645,0.44234657287597656,"203,163,249,240,0","77,219,28,87,80",0:349:2|0:532:2|0:858:2
ckpt_4700.pt,0,547,0.4566923677921295,0.08635810762643814,0.42923831939697266,"202,117,111,162,171","177,237,90,45,56",0:554:2|0:700:2|0:844:2
ckpt_4700.pt,0,548,0.48958906531333923,0.08230507373809814,0.4488692879676819,"186,170,158,42,1","202,199,45,224,107",0:158:2|0:199:2|0:286:2
ckpt_4700.pt,0,549,0.468449205160141,0.09757436066865921,0.46301689743995667,"59,223,211,8,104","178,156,245,23,205",0:128:2|0:239:2|0:449:2
ckpt_4700.pt,0,550,0.41779303550720215,0.06878364086151123,0.4011698067188263,"62,185,133,177,180","224,179,32,52,82",0:67:2|0:77:2|0:887:2
ckpt_4700.pt,0,551,0.3486705422401428,0.0697358250617981,0.36619535088539124,"105,139,137,111,42","135,47,127,113,22",0:151:3|0:265:2|0:426:2
ckpt_4700.pt,0,552,0.42679429054260254,0.08758389204740524,0.43210580945014954,"52,204,35,5,85","235,125,153,145,67",0:430:2|0:504:2|0:38:1
ckpt_4700.pt,0,553,0.43332216143608093,0.08395739644765854,0.3891964554786682,"234,155,220,94,99","208,27,58,237,136",0:811:2|0:867:2|0:871:2
ckpt_4700.pt,0,554,0.44810158014297485,0.09449072927236557,0.4371194839477539,"222,119,111,117,28","219,165,224,61,167",0:74:2|0:547:2|0:861:2
ckpt_4700.pt,0,555,0.43996739387512207,0.07592223584651947,0.40554600954055786,"213,211,42,151,20","213,14,226,115,216",0:590:2|0:702:2|0:6:1
ckpt_4700.pt,0,556,0.4156566858291626,0.08207370340824127,0.4094424545764923,"82,226,4,40,244","89,73,65,116,134",0:73:2|0:289:2|0:1013:2
ckpt_4700.pt,0,557,0.40092289447784424,0.07867036759853363,0.3914181590080261,"241,121,214,88,22","60,127,236,12,20",0:788:2|0:5:1|0:20:1
ckpt_4700.pt,0,558,0.3909103572368622,0.07395527511835098,0.39052367210388184,"114,182,251,100,214","62,238,81,40,178",0:251:2|0:560:2|0:767:2
ckpt_4700.pt,0,559,0.4030897617340088,0.07227644324302673,0.41602781414985657,"74,190,35,180,253","216,164,68,136,178",0:127:2|0:426:2|0:1:1
ckpt_4700.pt,0,560,0.5064374208450317,0.0978793278336525,0.4329276978969574,"59,114,100,252,147","14,50,255,5,59",0:21:2|0:183:2|0:558:2
ckpt_4700.pt,0,561,0.44611266255378723,0.0899074375629425,0.40879783034324646,"235,77,247,237,222","226,206,144,244,197",0:276:2|0:540:2|0:695:2
ckpt_4700.pt,0,562,0.3578948676586151,0.07693110406398773,0.37870264053344727,"241,177,226,209,166","209,0,168,96,108",0:40:2|0:81:2|0:111:2
ckpt_4700.pt,0,563,0.37021851539611816,0.06353268772363663,0.3929152190685272,"241,248,251,120,10","254,71,72,35,113",0:450:2|0:14:1|0:16:1
ckpt_4700.pt,0,564,0.3570674657821655,0.05210430547595024,0.3530309796333313,"177,97,249,112,94","103,216,38,171,217",0:181:2|0:6:1|0:9:1
ckpt_4700.pt,0,565,0.4091395139694214,0.07327892631292343,0.42664679884910583,"254,47,14,224,63","228,177,139,36,239",0:369:2|0:2:1|0:5:1
ckpt_4700.pt,0,566,0.4149908423423767,0.0846230685710907,0.4294753968715668,"10,157,20,77,132","201,230,166,56,202",0:119:2|0:678:2|0:904:2
ckpt_4700.pt,0,567,0.4351496696472168,0.08235581964254379,0.3987709879875183,"99,96,160,121,53","96,125,65,47,10",0:630:2|0:738:2|0:816:2
ckpt_4700.pt,0,568,0.434948593378067,0.0733434185385704,0.4455961287021637,"49,237,115,119,182","204,238,127,46,27",0:329:2|0:400:2|0:571:2
ckpt_4700.pt,0,569,0.4325582981109619,0.07667994499206543,0.44259437918663025,"245,164,205,60,146","127,25,24,243,190",0:65:2|0:123:2|0:255:2
ckpt_4700.pt,0,570,0.3730868995189667,0.07239015400409698,0.3767225742340088,"8,147,159,216,191","228,105,102,41,237",0:144:3|0:237:2|0:651:2
ckpt_4700.pt,0,571,0.4547605514526367,0.08722756803035736,0.46687737107276917,"175,189,49,182,228","221,12,250,139,133",0:18:2|0:71:2|0:325:2
ckpt_4700.pt,0,572,0.35948219895362854,0.07215823233127594,0.4048791229724884,"51,40,123,112,151","254,253,144,183,79",0:103:2|0:729:2|0:0:1
ckpt_4700.pt,0,573,0.4287413954734802,0.08152797073125839,0.4230239987373352,"25,167,193,75,16","186,219,1,194,197",0:319:2|0:818:2|0:1:1
ckpt_4700.pt,0,574,0.4467175006866455,0.07462285459041595,0.42190977931022644,"34,126,210,90,35","86,11,233,39,230",0:179:2|0:269:2|0:521:2
ckpt_4700.pt,0,575,0.4249406158924103,0.0813743844628334,0.42752933502197266,"60,127,58,139,191","246,31,76,129,168",0:28:2|0:243:2|0:8:1
ckpt_4700.pt,0,576,0.40373513102531433,0.05924160033464432,0.40726029872894287,"54,153,94,132,133","127,44,72,206,47",0:284:2|0:6:1|0:19:1
ckpt_4700.pt,0,577,0.42516186833381653,0.08539935946464539,0.4214337170124054,"150,28,70,192,225","71,211,227,94,35",0:8:2|0:96:2|0:150:2
ckpt_4700.pt,0,578,0.4348437786102295,0.08278219401836395,0.40581005811691284,"100,250,162,74,17","120,254,244,45,67",0:277:2|0:341:2|0:471:2
ckpt_4700.pt,0,579,0.3913855254650116,0.07905666530132294,0.40319815278053284,"191,229,194,113,71","211,103,173,134,226",0:731:2|0:917:2|0:1007:2
ckpt_4700.pt,0,580,0.39217984676361084,0.08043793588876724,0.42116793990135193,"180,255,216,38,239","89,142,169,21,20",0:30:2|0:374:2|0:436:2
ckpt_4700.pt,0,581,0.4527541399002075,0.09407098591327667,0.3913328945636749,"209,168,202,37,30","75,120,12,58,9",0:27:2|0:56:2|0:217:2
ckpt_4700.pt,0,582,0.434089332818985,0.08722104132175446,0.40521761775016785,"208,136,211,125,97","189,251,17,1,81",0:202:2|0:219:2|0:7:1
ckpt_4700.pt,0,583,0.4634343087673187,0.07524214684963226,0.47024214267730713,"228,215,115,223,43","19,211,30,161,102",0:72:2|0:291:2|0:687:2
ckpt_4700.pt,0,584,0.480014443397522,0.09965534508228302,0.4637102484703064,"225,174,86,73,119","185,36,95,208,8",0:80:2|0:400:2|0:824:2
ckpt_4700.pt,0,585,0.44272729754447937,0.07778540253639221,0.4515880346298218,"240,255,100,243,44","91,211,7,213,86",0:819:2|0:858:2|0:2:1
ckpt_4700.pt,0,586,0.3833414912223816,0.08138542622327805,0.4211723804473877,"243,154,12,17,199","157,103,179,0,235",0:843:2|0:0:1|0:1:1
ckpt_4700.pt,0,587,0.46020784974098206,0.08510890603065491,0.4522111415863037,"167,160,164,34,147","111,53,183,108,6",0:65:2|0:232:2|0:345:2
ckpt_4700.pt,0,588,0.4804810881614685,0.07793479412794113,0.4470405578613281,"163,49,20,54,114","119,68,143,61,238",0:258:2|0:450:2|0:623:2
ckpt_4700.pt,0,589,0.3509381413459778,0.05578657612204552,0.3716576397418976,"134,178,215,167,3","19,249,92,245,156",0:338:2|0:478:2|0:605:2
ckpt_4700.pt,0,590,0.4858649969100952,0.0816933885216713,0.4726051092147827,"249,211,245,213,226","149,54,226,240,128",0:473:2|0:555:2|0:634:2
ckpt_4700.pt,0,591,0.42451930046081543,0.08102597296237946,0.3978642523288727,"224,216,204,12,130","53,38,84,51,29",0:118:2|0:761:2|0:1:1
ckpt_4700.pt,0,592,0.4219731390476227,0.07688978314399719,0.4059571325778961,"139,54,67,57,119","12,43,74,37,237",0:164:2|0:165:2|0:485:2
ckpt_4700.pt,0,593,0.4393044114112854,0.0848287045955658,0.3941771984100342,"36,93,173,5,27","18,83,209,225,64",0:439:2|0:831:2|0:2:1
ckpt_4700.pt,0,594,0.48245516419410706,0.08862806111574173,0.44548818469047546,"231,247,160,132,249","67,152,183,57,26",0:343:2|0:487:2|0:634:2
ckpt_4700.pt,0,595,0.40932852029800415,0.0772509053349495,0.37626102566719055,"94,110,213,157,221","74,5,221,254,193",0:6:2|0:849:2|0:1:1
ckpt_4700.pt,0,596,0.46791353821754456,0.07132086902856827,0.44301503896713257,"121,74,163,198,76","197,97,0,90,115",0:186:2|0:265:2|0:346:2
ckpt_4700.pt,0,597,0.40351560711860657,0.06925298273563385,0.4046008884906769,"80,223,11,60,83","231,119,4,144,115",0:243:2|0:336:2|0:380:2
ckpt_4700.pt,0,598,0.44169527292251587,0.07500386983156204,0.4203614294528961,"115,155,83,89,251","205,62,47,49,206",0:272:2|0:303:2|0:867:2
ckpt_4700.pt,0,599,0.5006548166275024,0.0945877879858017,0.45832207798957825,"240,158,194,17,24","27,20,79,181,3",0:213:2|0:261:2|0:732:2
ckpt_4700.pt,0,600,0.42667073011398315,0.08832624554634094,0.4009150266647339,"141,113,255,230,57","127,123,110,95,92",0:621:2|0:736:2|0:851:2
ckpt_4700.pt,0,601,0.45483389496803284,0.08560172468423843,0.4350648820400238,"58,183,54,103,110","224,56,231,135,183",0:883:2|0:926:2|0:26:1
ckpt_4700.pt,0,602,0.43784716725349426,0.10491430759429932,0.4315694570541382,"167,165,149,102,131","98,225,44,222,160",0:414:2|0:506:2|0:692:2
ckpt_4700.pt,0,603,0.4174056053161621,0.08134254813194275,0.4087187945842743,"210,172,253,131,216","218,67,127,138,235",0:179:2|0:1:1|0:21:1
ckpt_4700.pt,0,604,0.4669371247291565,0.07749763131141663,0.4582211971282959,"205,229,180,165,199","122,5,174,23,60",0:726:2|0:746:2|0:4:1
ckpt_4700.pt,0,605,0.4748232960700989,0.08852986246347427,0.42399969696998596,"215,225,143,167,41","76,201,230,240,57",0:345:2|0:589:2|0:635:2
ckpt_4700.pt,0,606,0.4478294849395752,0.07959195226430893,0.43403148651123047,"160,224,49,58,145","37,56,87,103,48",0:668:2|0:3:1|0:28:1
ckpt_4700.pt,0,607,0.3623584806919098,0.06663436442613602,0.38127386569976807,"20,241,110,195,147","172,73,147,57,189",0:183:2|0:5:1|0:21:1
ckpt_4700.pt,0,608,0.48070448637008667,0.1040152907371521,0.43607380986213684,"9,107,37,8,5","251,166,213,181,250",0:233:2|0:826:2|0:1021:2
ckpt_4700.pt,0,609,0.4432298541069031,0.07951868325471878,0.41573312878608704,"9,150,33,220,30","244,220,209,39,155",0:27:2|0:96:2|0:346:2
ckpt_4700.pt,0,610,0.4024884104728699,0.07717377692461014,0.360897958278656,"160,105,206,83,30","69,61,231,134,92",0:932:2|0:26:1|0:27:1
ckpt_4700.pt,0,611,0.42568373680114746,0.08810138702392578,0.42973875999450684,"104,161,191,55,103","231,182,156,217,209",0:10:1|0:24:1|0:26:1
ckpt_4700.pt,0,612,0.3939985930919647,0.06433859467506409,0.3915673792362213,"176,248,28,21,202","7,106,164,43,97",0:68:2|0:131:2|0:979:2
ckpt_4700.pt,0,613,0.47871163487434387,0.09076736867427826,0.44173964858055115,"215,224,196,32,30","224,125,144,181,217",0:411:2|0:635:2|0:27:1
ckpt_4700.pt,0,614,0.4409717917442322,0.09019675105810165,0.4366803765296936,"242,249,209,1,254","64,3,212,152,180",0:206:2|0:316:2|0:372:2
ckpt_4700.pt,0,615,0.45203253626823425,0.08093510568141937,0.45295360684394836,"84,209,155,35,17","90,242,185,201,15",0:313:2|0:12:1|0:40:1
ckpt_4700.pt,0,616,0.4412497282028198,0.117283396422863,0.4133605659008026,"104,115,226,65,74","151,222,240,46,38",0:265:2|0:821:2|0:8:1
ckpt_4700.pt,0,617,0.45487654209136963,0.08535277843475342,0.418904572725296,"228,73,105,194,182","155,239,177,29,60",0:199:2|0:571:2|0:732:2
ckpt_4700.pt,0,618,0.4914860129356384,0.10275974124670029,0.43860745429992676,"211,196,87,171,139","38,244,1,64,242",0:340:2|0:535:2|0:7:1
ckpt_4700.pt,0,619,0.4618580639362335,0.08783892542123795,0.44884705543518066,"239,79,167,202,30","57,230,138,146,142",0:27:2|0:95:2|0:130:2
ckpt_4700.pt,0,620,0.4703254699707031,0.0920003205537796,0.44688141345977783,"72,175,98,92,217","140,46,34,201,71",0:89:2|0:260:2|0:3:1
ckpt_4700.pt,0,621,0.439188688993454,0.0715380609035492,0.4204244613647461,"13,43,113,141,225","122,205,236,106,35",0:198:2|0:480:2|0:600:2
ckpt_4700.pt,0,622,0.46522200107574463,0.08109981566667557,0.4663701057434082,"115,131,36,30,75","68,171,218,17,251",0:379:2|0:434:2|0:8:1
ckpt_4700.pt,0,623,0.40479686856269836,0.06843964010477066,0.4047975540161133,"52,144,49,112,20","29,216,150,180,145",0:253:2|0:287:2|0:458:2
ckpt_4700.pt,0,624,0.5880390405654907,0.11177518963813782,0.47950610518455505,"46,173,247,14,206","131,161,222,203,68",0:214:2|0:403:2|0:879:2
ckpt_4700.pt,0,625,0.4625440239906311,0.07824505865573883,0.44135984778404236,"200,202,234,152,208","102,87,23,253,66",0:27:2|0:514:2|0:14:1
ckpt_4700.pt,0,626,0.4462626874446869,0.07277083396911621,0.4155682623386383,"171,236,60,154,105","178,53,232,88,13",0:293:2|0:822:2|0:873:2
ckpt_4700.pt,0,627,0.4149446189403534,0.06724914163351059,0.4434274435043335,"220,141,143,186,178","134,251,96,8,172",0:332:2|0:876:2|0:5:1
ckpt_4700.pt,0,628,0.4468041658401489,0.07997218519449234,0.44408318400382996,"75,113,148,166,180","29,123,48,1,122",0:359:2|0:436:2|0:6:1
ckpt_4700.pt,0,629,0.31236734986305237,0.05759795382618904,0.3692433536052704,"25,10,250,30,1","156,117,241,103,91",0:146:2|0:875:2|0:976:2
ckpt_4700.pt,0,630,0.4359110891819,0.07934946566820145,0.4068705141544342,"99,50,55,160,230","220,198,54,48,202",0:298:2|0:567:2|0:777:2
ckpt_4700.pt,0,631,0.40612196922302246,0.07047148048877716,0.42191436886787415,"228,67,14,84,126","41,42,126,84,210",0:218:2|0:357:2|0:358:2
ckpt_4700.pt,0,632,0.4858643412590027,0.10349263995885849,0.44954416155815125,"166,249,242,129,35","155,188,9,133,126",0:120:2|0:614:2|0:667:2
ckpt_4700.pt,0,633,0.38390791416168213,0.0782078430056572,0.40603458881378174,"97,167,119,142,50","118,157,21,226,139",0:330:3|0:148:2|0:164:2
ckpt_4700.pt,0,634,0.44153353571891785,0.07483821362257004,0.4143471419811249,"132,211,71,249,216","14,193,170,57,108",0:1013:3|0:406:2|0:590:2
ckpt_4700.pt,0,635,0.45525625348091125,0.08178940415382385,0.4447198212146759,"38,41,224,215,125","161,231,64,164,117",0:150:2|0:605:2|0:613:2
ckpt_4700.pt,0,636,0.44373518228530884,0.08389559388160706,0.42424842715263367,"242,85,127,43,91","80,100,177,64,185",0:12:1|0:22:1|0:28:1
ckpt_4700.pt,0,637,0.3896683156490326,0.08454129844903946,0.4074750542640686,"213,71,225,144,103","88,217,183,174,224",0:174:2|0:203:2|0:528:2
ckpt_4700.pt,0,638,0.43572789430618286,0.0931321457028389,0.42997342348098755,"77,125,164,171,47","161,58,213,172,16",0:223:2|0:387:2|0:23:1
ckpt_4700.pt,0,639,0.4364356994628906,0.07957109063863754,0.4193883538246155,"5,143,240,97,21","37,225,181,122,188",0:456:2|0:878:2|0:1015:2
ckpt_4700.pt,0,640,0.4330223798751831,0.08122933655977249,0.4452415108680725,"252,120,99,85,172","113,149,140,26,131",0:41:2|0:179:2|0:335:2
ckpt_4700.pt,0,641,0.41948452591896057,0.08896943926811218,0.43407824635505676,"129,227,116,15,128","236,144,160,245,131",0:125:2|0:0:1|0:6:1
ckpt_4700.pt,0,642,0.49859848618507385,0.09797576069831848,0.43602254986763,"188,140,97,199,3","102,146,44,67,224",0:263:2|0:512:2|0:759:2
ckpt_4700.pt,0,643,0.41837751865386963,0.08951548486948013,0.4292852282524109,"236,226,220,52,37","251,82,61,217,166",0:515:2|0:846:2|0:7:1
ckpt_4700.pt,0,644,0.44156137108802795,0.09121120721101761,0.47388026118278503,"85,202,128,154,71","168,102,222,90,161",0:124:2|0:857:2|0:0:1
ckpt_4700.pt,0,645,0.4743663966655731,0.09539691358804703,0.4549790024757385,"45,42,57,146,234","222,190,246,204,225",0:527:2|0:811:2|0:11:1
ckpt_4700.pt,0,646,0.4513462781906128,0.07825782150030136,0.43565359711647034,"123,95,236,194,193","195,55,117,42,79",0:110:2|0:893:2|0:0:1
ckpt_4700.pt,0,647,0.41723722219467163,0.0765826627612114,0.42380133271217346,"22,210,110,101,206","32,116,203,95,85",0:661:2|0:24:1|0:42:1
ckpt_4700.pt,0,648,0.3972024917602539,0.07405327260494232,0.40152767300605774,"27,33,168,51,80","48,204,248,100,170",0:217:2|0:2:1|0:3:1
ckpt_4700.pt,0,649,0.409108966588974,0.07130618393421173,0.40098148584365845,"248,109,135,153,254","19,127,158,26,236",0:660:2|0:19:1|0:43:1
ckpt_4700.pt,0,650,0.4531461000442505,0.08740460872650146,0.4299449026584625,"11,61,111,88,161","209,121,84,57,130",0:52:2|0:92:2|0:175:2
ckpt_4700.pt,0,651,0.47257861495018005,0.10720858722925186,0.4158739149570465,"89,159,212,247,216","181,0,145,250,245",0:1003:3|0:302:2|0:424:2
ckpt_4700.pt,0,652,0.4496191143989563,0.07463418692350388,0.43147140741348267,"175,28,102,185,242","0,251,170,120,69",0:234:2|0:278:2|0:373:2
ckpt_4700.pt,0,653,0.4349694848060608,0.0770273432135582,0.41399678587913513,"14,7,215,188,154","25,191,85,86,242",0:395:2|0:704:2|0:0:1
ckpt_4700.pt,0,654,0.42188549041748047,0.0820860043168068,0.42570754885673523,"165,141,146,245,3","251,190,169,71,216",0:104:2|0:569:2|0:4:1
ckpt_4700.pt,0,655,0.4410853683948517,0.0881757065653801,0.4333312511444092,"67,104,77,127,142","108,190,220,43,17",0:704:3|0:164:2|0:270:2
ckpt_4700.pt,0,656,0.48233768343925476,0.10118410736322403,0.4569336473941803,"146,91,34,252,20","218,183,37,35,53",0:685:2|0:810:2|0:984:2
ckpt_4700.pt,0,657,0.45096856355667114,0.09999987483024597,0.40175727009773254,"213,241,172,150,146","205,151,222,175,47",0:122:2|0:143:2|0:179:2
ckpt_4700.pt,0,658,0.4211069345474243,0.09135942161083221,0.4243568480014801,"87,133,240,130,207","240,224,230,68,81",0:340:2|0:945:2|0:3:1
ckpt_4700.pt,0,659,0.41259515285491943,0.09394680708646774,0.4311535060405731,"15,125,140,37,18","4,32,152,228,158",0:512:2|0:776:2|0:859:2
ckpt_4700.pt,0,660,0.5201184749603271,0.10927949100732803,0.445134699344635,"160,183,248,153,188","34,103,232,108,73",0:113:2|0:649:2|0:19:1
ckpt_4700.pt,0,661,0.47252005338668823,0.08243125677108765,0.4337713122367859,"45,22,110,70,187","217,243,94,251,154",0:78:2|0:647:2|0:676:2
ckpt_4700.pt,0,662,0.5014373064041138,0.09862086176872253,0.48464733362197876,"249,234,27,67,48","130,180,92,3,117",0:915:2|0:1005:2|0:2:1
ckpt_4700.pt,0,663,0.45391252636909485,0.08251979202032089,0.42086949944496155,"87,78,206,99,135","40,188,57,16,113",0:42:2|0:152:2|0:184:2
ckpt_4700.pt,0,664,0.4340686500072479,0.0727919191122055,0.42329949140548706,"108,70,15,220,219","64,157,137,124,101",0:332:2|0:865:2|0:886:2
ckpt_4700.pt,0,665,0.42643606662750244,0.08064015954732895,0.44209006428718567,"161,69,210,145,152","99,228,204,8,39",0:405:2|0:935:2|0:9:1
ckpt_4700.pt,0,666,0.4500105679035187,0.07798104733228683,0.4467410743236542,"1,210,35,36,107","156,113,11,174,203",0:574:2|0:787:2|0:4:1
ckpt_4700.pt,0,667,0.4167448878288269,0.0838620737195015,0.41549527645111084,"225,166,215,242,37","43,196,183,128,67",0:605:2|0:632:2|0:826:2
ckpt_4700.pt,0,668,0.46834123134613037,0.07807877659797668,0.4480728507041931,"58,160,129,37,247","27,55,68,15,130",0:343:2|0:594:2|0:606:2
ckpt_4700.pt,0,669,0.428934246301651,0.08106301724910736,0.4190640151500702,"197,255,253,204,32","190,56,154,162,3",0:736:2|0:1:1|0:16:1
ckpt_4700.pt,0,670,0.35566142201423645,0.07208237797021866,0.3725481629371643,"227,181,194,69,153","253,222,194,66,75",0:86:2|0:393:2|0:422:2
ckpt_4700.pt,0,671,0.4447665214538574,0.08345360308885574,0.43829160928726196,"213,12,125,75,112","109,21,163,158,166",0:449:2|0:1:1|0:6:1
ckpt_4700.pt,0,672,0.42698273062705994,0.07905614376068115,0.4513322412967682,"237,191,219,150,126","4,81,251,204,89",0:144:2|0:423:2|0:986:2
ckpt_4700.pt,0,673,0.47010189294815063,0.08245658874511719,0.44054991006851196,"43,133,175,63,181","170,237,221,122,104",0:89:2|0:92:2|0:373:2
ckpt_4700.pt,0,674,0.46743282675743103,0.0896783247590065,0.4483708441257477,"210,250,126,52,239","100,19,145,171,109",0:84:2|0:574:2|0:25:1
ckpt_4700.pt,0,675,0.4329513609409332,0.0805407464504242,0.4077746272087097,"72,38,88,193,173","56,182,204,222,132",0:469:2|0:711:2|0:946:2
ckpt_4700.pt,0,676,0.42567282915115356,0.07709605991840363,0.419902503490448,"187,69,199,22,10","101,153,20,253,111",0:220:2|0:661:2|0:920:2
ckpt_4700.pt,0,677,0.4300769865512848,0.07514546066522598,0.40934187173843384,"138,36,47,156,177","104,175,136,159,121",0:931:2|0:14:1|0:23:1
ckpt_4700.pt,0,678,0.399482786655426,0.07371572405099869,0.4114839732646942,"157,134,77,122,182","166,51,141,197,254",0:119:2|0:566:2|0:845:2
ckpt_4700.pt,0,679,0.44128015637397766,0.08061496168375015,0.42682915925979614,"201,255,202,254,54","14,7,90,162,169",0:156:2|0:353:2|0:516:2
ckpt_4700.pt,0,680,0.46453404426574707,0.0771726742386818,0.4445861876010895,"98,189,172,3,20","246,92,211,102,163",0:43:2|0:245:2|0:335:2
ckpt_4700.pt,0,681,0.40761786699295044,0.0843934640288353,0.37000077962875366,"102,90,68,246,3","145,27,241,62,140",0:336:2|0:6:1|0:17:1
ckpt_4700.pt,0,682,0.3566384017467499,0.06803610175848007,0.3908059298992157,"71,107,221,174,30","124,98,209,96,194",0:337:2|0:367:2|0:513:2
ckpt_4700.pt,0,683,0.3609394431114197,0.06258262693881989,0.36900848150253296,"160,117,82,104,185","237,252,34,171,3",0:462:2|0:12:1|0:18:1
ckpt_4700.pt,0,684,0.41522371768951416,0.08134039491415024,0.4332139492034912,"88,79,146,115,242","218,167,102,136,61",0:713:2|0:905:2|0:8:1
ckpt_4700.pt,0,685,0.42249417304992676,0.07400532811880112,0.41023704409599304,"89,91,173,129,146","9,109,177,192,7",0:12:2|0:122:2|0:272:2
ckpt_4700.pt,0,686,0.4482148289680481,0.0761575996875763,0.4301181435585022,"75,231,152,146,41","147,78,210,23,248",0:200:2|0:833:2|0:2:1
ckpt_4700.pt,0,687,0.4202525019645691,0.07884721457958221,0.39571866393089294,"206,43,178,228,80","176,60,145,81,92",0:147:2|0:358:2|0:396:2
ckpt_4700.pt,0,688,0.4629509747028351,0.09257757663726807,0.45171552896499634,"23,196,246,143,59","75,42,68,143,161",0:259:2|0:507:2|0:9:1
ckpt_4700.pt,0,689,0.49051985144615173,0.08748462051153183,0.45657235383987427,"94,121,66,56,29","191,212,108,102,210",0:322:2|0:440:2|0:900:2
ckpt_4700.pt,0,690,0.43706440925598145,0.08693838119506836,0.420783668756485,"74,119,165,40,171","78,113,98,242,76",0:64:2|0:98:2|0:289:2
ckpt_4700.pt,0,691,0.4625631868839264,0.10255245119333267,0.4446820616722107,"115,213,95,190,23","139,1,195,140,25",0:884:2|0:6:1|0:8:1
ckpt_4700.pt,0,692,0.4430038332939148,0.09240478277206421,0.4113457202911377,"116,167,131,22,5","17,115,97,175,177",0:213:2|0:602:2|0:753:2
ckpt_4700.pt,0,693,0.37590980529785156,0.07147090137004852,0.37019452452659607,"248,225,9,81,116","214,217,118,239,62",0:260:2|0:728:2|0:797:2
ckpt_4700.pt,0,694,0.45045095682144165,0.08635061234235764,0.4376760423183441,"47,131,225,229,3","124,76,9,198,136",0:138:2|0:161:2|0:421:2
ckpt_4700.pt,0,695,0.3302960991859436,0.06688331067562103,0.3655242919921875,"195,106,187,77,222","99,205,239,162,103",0:561:2|0:980:2|0:1017:2
ckpt_4700.pt,0,696,0.42394378781318665,0.06684750318527222,0.4225342273712158,"167,78,204,122,217","103,166,63,186,167",0:49:2|0:132:2|0:262:2
ckpt_4700.pt,0,697,0.4791311025619507,0.09222240000963211,0.44754311442375183,"76,67,153,203,31","59,29,37,220,79",0:19:2|0:129:2|0:266:2
ckpt_4700.pt,0,698,0.4401370584964752,0.08630289882421494,0.44779297709465027,"121,130,90,174,239","50,158,191,239,180",0:31:2|0:777:2|0:870:2
ckpt_4700.pt,0,699,0.45483511686325073,0.07421928644180298,0.41605666279792786,"15,164,200,63,143","218,141,58,211,64",0:2:1|0:5:1|0:10:1
ckpt_4700.pt,0,700,0.3829832375049591,0.07318247854709625,0.38600337505340576,"85,89,171,162,173","2,201,255,17,209",0:51:2|0:391:2|0:528:2
ckpt_4700.pt,0,701,0.3737351596355438,0.06372033804655075,0.3954574465751648,"17,239,11,57,192","62,146,106,249,85",0:475:2|0:25:1|0:28:1
ckpt_4700.pt,0,702,0.42002296447753906,0.06661251187324524,0.4295099973678589,"223,239,213,170,42","219,201,200,205,102",0:140:2|0:158:2|0:274:2
ckpt_4700.pt,0,703,0.46036121249198914,0.09733817726373672,0.4357023537158966,"36,220,42,245,222","67,194,208,221,215",0:58:2|0:404:2|0:511:2
ckpt_4700.pt,0,704,0.44917434453964233,0.08953818678855896,0.42371442914009094,"77,142,127,188,154","44,158,223,100,144",0:655:3|0:303:2|0:653:2
ckpt_4700.pt,0,705,0.4692566990852356,0.07714290171861649,0.44094082713127136,"28,66,195,63,41","26,251,201,233,89",0:13:2|0:2:1|0:4:1
ckpt_4700.pt,0,706,0.40881744027137756,0.1089245155453682,0.4100704789161682,"211,240,103,173,185","240,100,195,193,94",0:7:2|0:12:1|0:26:1
ckpt_4700.pt,0,707,0.43457481265068054,0.09223499894142151,0.4441472887992859,"111,159,175,254,149","210,235,69,41,130",0:4:1|0:18:1|0:19:1
ckpt_4700.pt,0,708,0.4748811423778534,0.07744722068309784,0.4264011085033417,"240,172,236,168,25","0,180,103,12,69",0:32:2|0:9:1|0:17:1
ckpt_4700.pt,0,709,0.4269895553588867,0.0819205641746521,0.40474194288253784,"74,82,239,165,96","101,126,153,33,66",0:283:2|0:454:2|0:506:2
ckpt_4700.pt,0,710,0.4218944311141968,0.08253417164087296,0.3962056040763855,"56,197,241,85,90","126,69,51,45,250",0:26:2|0:219:2|0:523:2
ckpt_4700.pt,0,711,0.40389809012413025,0.08491720259189606,0.39343327283859253,"88,109,96,252,193","35,231,222,80,159",0:108:3|0:469:2|0:675:2
ckpt_4700.pt,0,712,0.40973931550979614,0.07527663558721542,0.4156493842601776,"242,78,180,204,196","210,184,143,241,151",0:696:2|0:905:2|0:17:1
ckpt_4700.pt,0,713,0.37340933084487915,0.08321161568164825,0.39145439863204956,"115,53,146,51,101","17,216,102,25,32",0:253:2|0:684:2|0:3:1
ckpt_4700.pt,0,714,0.4193675220012665,0.07014603167772293,0.44514644145965576,"167,213,7,220,97","141,109,152,228,56",0:71:2|0:122:2|0:414:2
ckpt_4700.pt,0,715,0.46406349539756775,0.08452679961919785,0.443215936422348,"251,229,20,164,86","61,182,167,202,154",0:257:2|0:354:2|0:810:2
ckpt_4700.pt,0,716,0.4323154091835022,0.07201287895441055,0.4192551076412201,"22,224,61,128,67","37,218,232,117,77",0:840:2|0:7:1|0:11:1
ckpt_4700.pt,0,717,0.47936195135116577,0.098133884370327,0.4175487160682678,"214,165,148,0,158","146,244,26,136,81",0:764:3|0:201:2|0:913:2
ckpt_4700.pt,0,718,0.460552453994751,0.0820881575345993,0.4390162229537964,"30,58,252,9,53","18,114,51,161,53",0:27:2|0:310:2|0:609:2
ckpt_4700.pt,0,719,0.34333452582359314,0.06280974298715591,0.3346937298774719,"187,105,16,249,80","140,243,254,184,1",0:425:2|0:3:1|0:26:1
ckpt_4700.pt,0,720,0.4607449471950531,0.08116576820611954,0.45401692390441895,"171,128,147,222,59","146,236,79,17,231",0:21:2|0:183:2|0:388:2
ckpt_4700.pt,0,721,0.4339512288570404,0.0982694998383522,0.44325459003448486,"87,2,217,213,143","88,20,75,185,158",0:274:2|0:497:2|0:916:2
ckpt_4700.pt,0,722,0.43787023425102234,0.0822533518075943,0.43351349234580994,"32,210,237,112,254","244,172,232,60,77",0:134:2|0:181:2|0:316:2
ckpt_4700.pt,0,723,0.416889488697052,0.07828042656183243,0.4273213744163513,"157,121,81,168,69","167,137,100,159,71",0:9:2|0:20:2|0:228:2
ckpt_4700.pt,0,724,0.46308860182762146,0.07063284516334534,0.46640294790267944,"47,210,163,17,58","68,145,135,37,187",0:90:2|0:112:2|0:229:2
ckpt_4700.pt,0,725,0.39910101890563965,0.07463565468788147,0.42027509212493896,"116,157,255,220,27","162,137,224,153,95",0:96:2|0:205:2|0:353:2
ckpt_4700.pt,0,726,0.43526551127433777,0.08425173163414001,0.4017378091812134,"76,237,205,199,111","130,34,209,70,201",0:19:2|0:346:2|0:443:2
ckpt_4700.pt,0,727,0.472683310508728,0.09319021552801132,0.42739138007164,"120,156,29,150,117","158,103,35,141,110",0:322:2|0:812:2|0:864:2
ckpt_4700.pt,0,728,0.47619208693504333,0.07931482791900635,0.47022274136543274,"81,118,9,180,92","235,210,148,160,81",0:444:2|0:693:2|0:17:1
ckpt_4700.pt,0,729,0.3996044993400574,0.06269942969083786,0.42278239130973816,"123,65,51,241,152","152,135,167,13,161",0:177:2|0:191:2|0:503:2
ckpt_4700.pt,0,730,0.4215649664402008,0.07864919304847717,0.38965609669685364,"112,171,109,253,113","174,215,33,142,162",0:1:1|0:6:1|0:11:1
ckpt_4700.pt,0,731,0.4680878221988678,0.0737500786781311,0.4512636959552765,"162,18,206,191,113","48,83,125,85,52",0:42:2|0:349:2|0:579:2
ckpt_4700.pt,0,732,0.43135347962379456,0.07547112554311752,0.3903534412384033,"212,194,105,81,24","92,41,194,247,77",0:135:2|0:599:2|0:617:2
ckpt_4700.pt,0,733,0.493173748254776,0.07936543971300125,0.40960243344306946,"144,155,26,5,102","246,168,90,30,202",0:192:2|0:518:2|0:753:2
ckpt_4700.pt,0,734,0.4073871970176697,0.08098474144935608,0.4103878140449524,"221,216,160,175,152","27,243,112,60,111",0:14:1|0:18:1|0:30:1
ckpt_4700.pt,0,735,0.4242081046104431,0.07291502505540848,0.4089854955673218,"9,112,200,65,21","120,222,108,218,114",0:271:2|0:402:2|0:524:2
ckpt_4700.pt,0,736,0.4431516230106354,0.09407341480255127,0.40709561109542847,"41,255,57,32,70","52,164,248,249,106",0:278:2|0:600:2|0:669:2
ckpt_4700.pt,0,737,0.4301467835903168,0.07132065296173096,0.42527836561203003,"162,83,194,78,119","217,250,242,150,214",0:157:2|0:782:2|0:835:2
ckpt_4700.pt,0,738,0.44244492053985596,0.10679596662521362,0.42954403162002563,"151,252,129,99,121","55,183,68,41,33",0:41:2|0:335:2|0:567:2
ckpt_4700.pt,0,739,0.5136408805847168,0.09447082132101059,0.4825371503829956,"213,71,111,145,14","148,158,125,44,235",0:175:2|0:381:2|0:451:2
ckpt_4700.pt,0,740,0.42492732405662537,0.07024425268173218,0.4054698944091797,"157,146,30,247,188","162,57,87,115,237",0:879:2|0:1:1|0:15:1
ckpt_4700.pt,0,741,0.36718714237213135,0.07395105063915253,0.3876151740550995,"179,210,84,13,143","158,105,14,56,84",0:197:2|0:507:2|0:806:2
ckpt_4700.pt,0,742,0.43010061979293823,0.07548178732395172,0.4610036313533783,"71,96,217,165,181","77,151,160,204,185",0:337:2|0:438:2|0:709:2
ckpt_4700.pt,0,743,0.4712904691696167,0.082098588347435,0.4463973641395569,"71,9,87,67,97","234,211,91,214,33",0:133:2|0:834:2|0:952:2
ckpt_4700.pt,0,744,0.32779359817504883,0.0752333253622055,0.38340967893600464,"79,227,124,41,253","39,126,5,7,239",0:201:2|0:1:1|0:35:1
ckpt_4700.pt,0,745,0.46924346685409546,0.08394414186477661,0.42191076278686523,"234,139,53,103,36","241,101,223,51,105",0:166:2|0:514:2|0:919:2
ckpt_4700.pt,0,746,0.46716025471687317,0.10234388709068298,0.4345772862434387,"238,180,76,229,160","61,222,121,16,152",0:83:2|0:138:2|0:604:2
ckpt_4700.pt,0,747,0.45061516761779785,0.09053952246904373,0.4225665032863617,"248,29,128,119,101","61,145,124,223,2",0:7:2|0:62:2|0:261:2
ckpt_4700.pt,0,748,0.48089152574539185,0.07826022058725357,0.4351402819156647,"153,209,118,34,85","222,129,156,228,155",0:19:2|0:288:2|0:441:2
ckpt_4700.pt,0,749,0.43058356642723083,0.07928770035505295,0.3995841145515442,"138,134,192,164,93","115,238,150,162,21",0:829:2|0:15:1|0:26:1
ckpt_4700.pt,0,750,0.38494154810905457,0.06583830714225769,0.3935110569000244,"245,161,131,211,163","157,129,192,207,82",0:590:2|0:771:2|0:1002:2
ckpt_4700.pt,0,751,0.4598856270313263,0.07647249102592468,0.44733214378356934,"101,177,226,91,246","108,46,218,251,104",0:81:2|0:562:2|0:888:2
ckpt_4700.pt,0,752,0.4260615110397339,0.09314686805009842,0.40685176849365234,"136,214,105,199,226","123,145,177,174,141",0:251:2|0:764:2|0:843:2
ckpt_4700.pt,0,753,0.4511345326900482,0.08092845231294632,0.4405386745929718,"22,19,59,26,5","228,104,103,13,40",0:233:2|0:429:2|0:535:2
ckpt_4700.pt,0,754,0.48200154304504395,0.10689279437065125,0.445066899061203,"133,38,111,45,37","126,116,231,83,13",0:92:2|0:505:2|0:755:2
ckpt_4700.pt,0,755,0.413861483335495,0.07568921148777008,0.4188096225261688,"210,111,133,79,48","33,3,197,61,147",0:92:2|0:246:2|0:531:2
ckpt_4700.pt,0,756,0.4578554034233093,0.09808851033449173,0.40659117698669434,"183,67,35,200,236","118,238,152,80,72",0:101:2|0:133:2|0:974:2
ckpt_4700.pt,0,757,0.46625614166259766,0.0819646343588829,0.4410633146762848,"246,60,230,168,224","95,163,9,117,177",0:134:2|0:336:2|0:8:1
ckpt_4700.pt,0,758,0.4166546165943146,0.07238446921110153,0.3965899646282196,"242,70,151,110,53","82,246,99,218,134",0:467:2|0:661:2|0:3:1
ckpt_4700.pt,0,759,0.41813698410987854,0.0816074088215828,0.42405828833580017,"104,199,230,97,145","245,127,62,157,204",0:69:2|0:642:2|0:763:2
ckpt_4700.pt,0,760,0.43999525904655457,0.08072055131196976,0.4287067651748657,"214,163,60,12,28","60,71,93,164,202",0:118:2|0:196:2|0:249:2
ckpt_4700.pt,0,761,0.47933757305145264,0.0833807960152626,0.45455577969551086,"218,154,224,181,204","101,61,22,196,125",0:207:2|0:341:2|0:591:2
ckpt_4700.pt,0,762,0.4502379298210144,0.07474362850189209,0.40822890400886536,"133,100,89,107,227","146,170,0,136,57",0:300:2|0:424:2|0:12:1
ckpt_4700.pt,0,763,0.44853442907333374,0.08763377368450165,0.4264596700668335,"239,46,97,243,230","176,238,159,100,108",0:44:2|0:759:2|0:784:2
ckpt_4700.pt,0,764,0.42418158054351807,0.07096664607524872,0.4175512194633484,"158,226,159,214,0","60,75,116,77,45",0:717:3|0:34:2|0:176:2
ckpt_4700.pt,0,765,0.4491807520389557,0.08423397690057755,0.46122586727142334,"121,203,77,216,230","69,170,62,108,196",0:789:2|0:5:1|0:20:1
ckpt_4700.pt,0,766,0.420761376619339,0.08296642452478409,0.42616817355155945,"177,172,144,196,3","67,19,49,56,134",0:335:2|0:680:2|0:21:1
ckpt_4700.pt,0,767,0.40313342213630676,0.06912330538034439,0.4302569627761841,"92,100,82,251,60","222,91,224,191,210",0:296:2|0:490:2|0:558:2
ckpt_4700.pt,0,768,0.4451392590999603,0.10469929128885269,0.40682506561279297,"241,243,67,7,153","26,166,250,30,219",0:71:2|0:312:2|0:327:2
ckpt_4700.pt,0,769,0.4456236958503723,0.06967898458242416,0.4323256313800812,"148,83,130,5,226","33,20,92,145,201",0:16:1|0:34:1|0:35:1
ckpt_4700.pt,0,770,0.46239525079727173,0.07802970707416534,0.4482629895210266,"102,128,2,86,131","221,26,34,235,101",0:67:2|0:269:2|0:392:2
ckpt_4700.pt,0,771,0.41570717096328735,0.0977826714515686,0.4281201660633087,"103,163,76,231,245","76,3,216,99,180",0:83:2|0:346:2|0:464:2
ckpt_4700.pt,0,772,0.42220616340637207,0.07537124305963516,0.41975805163383484,"241,159,56,62,84","135,25,82,20,102",0:4:2|0:219:2|0:710:2
ckpt_4700.pt,0,773,0.46566838026046753,0.09685299545526505,0.4546382427215576,"133,150,76,228,28","70,53,78,54,126",0:218:2|0:577:2|0:864:2
ckpt_4700.pt,0,774,0.424437016248703,0.07368434220552444,0.4249071776866913,"194,105,217,48,50","114,253,194,226,229",0:617:2|0:732:2|0:777:2
ckpt_4700.pt,0,775,0.4862172603607178,0.09298354387283325,0.4355035126209259,"90,103,119,17,166","152,56,242,154,14",0:50:3|0:26:2|0:224:2
ckpt_4700.pt,0,776,0.4489929974079132,0.08239196240901947,0.43585631251335144,"176,25,15,146,140","122,116,15,119,198",0:136:2|0:140:2|0:143:2
ckpt_4700.pt,0,777,0.4070141315460205,0.09629455953836441,0.38617420196533203,"90,50,55,174,217","244,109,122,182,45",0:298:2|0:630:2|0:698:2
ckpt_4700.pt,0,778,0.4522712230682373,0.07765863090753555,0.43258947134017944,"53,5,182,25,98","206,25,145,105,77",0:216:2|0:427:2|0:495:2
ckpt_4700.pt,0,779,0.4377480149269104,0.0734948068857193,0.4324033856391907,"1,72,152,206,62","123,2,126,12,35",0:4:2|0:967:2|0:11:1
ckpt_4700.pt,0,780,0.418547660112381,0.06416138261556625,0.42017754912376404,"37,222,206,100,250","81,255,248,222,117",0:578:2|0:928:2|0:41:1
ckpt_4700.pt,0,781,0.4657410979270935,0.0804377868771553,0.4497338831424713,"93,150,113,146,2","190,38,175,124,255",0:657:2|0:789:2|0:865:2
ckpt_4700.pt,0,782,0.4405311644077301,0.07696061581373215,0.40614232420921326,"18,83,191,119,87","30,62,104,10,217",0:42:2|0:47:2|0:470:2
ckpt_4700.pt,0,783,0.40278077125549316,0.05971749126911163,0.3759310245513916,"145,71,84,252,237","89,112,183,103,240",0:381:3|0:313:2|0:739:2
ckpt_4700.pt,0,784,0.47730571031570435,0.09931950271129608,0.43365946412086487,"206,97,243,25,217","211,104,92,249,53",0:763:2|0:981:2|0:3:1
ckpt_4700.pt,0,785,0.4703531861305237,0.08337074518203735,0.4472111165523529,"223,221,80,251,143","26,48,63,54,152",0:380:3|0:274:2|0:477:2
ckpt_4700.pt,0,786,0.41951778531074524,0.060246288776397705,0.41298890113830566,"37,93,123,174,57","197,79,155,123,128",0:28:2|0:155:2|0:318:2
ckpt_4700.pt,0,787,0.4072665870189667,0.06382747739553452,0.4155128300189972,"33,46,105,35,210","164,57,114,13,108",0:476:2|0:574:2|0:666:2
ckpt_4700.pt,0,788,0.4265299439430237,0.08304280042648315,0.44394350051879883,"214,60,232,205,22","189,251,18,68,240",0:123:2|0:293:2|0:333:2
ckpt_4700.pt,0,789,0.4990822374820709,0.08581618219614029,0.4939574599266052,"230,150,35,93,121","41,23,49,230,73",0:765:2|0:781:2|0:820:2
ckpt_4700.pt,0,790,0.668390154838562,0.1067909300327301,0.5251411199569702,"56,182,180,241,39","102,241,126,44,106",0:91:2|0:117:2|0:211:2
ckpt_4700.pt,0,791,0.4345603585243225,0.09420543909072876,0.38620418310165405,"214,20,232,52,27","124,235,160,55,199",0:2:2|0:251:2|0:333:2
ckpt_4700.pt,0,792,0.46557673811912537,0.10769572854042053,0.44089949131011963,"173,223,16,141,183","51,130,101,211,16",0:934:2|0:946:2|0:7:1
ckpt_4700.pt,0,793,0.3275882303714752,0.065221406519413,0.41274356842041016,"162,10,27,197,216","130,253,200,86,182",0:208:2|0:2:1|0:16:1
ckpt_4700.pt,0,794,0.3474099040031433,0.05895118787884712,0.3508114218711853,"25,87,170,64,11","165,193,146,44,184",0:111:2|0:136:2|0:140:2
ckpt_4700.pt,0,795,0.40929102897644043,0.09402690827846527,0.4039021134376526,"47,217,43,237,134","236,16,42,0,97",0:3:1|0:19:1|0:22:1
ckpt_4700.pt,0,796,0.4783833622932434,0.11129747331142426,0.424237996339798,"133,45,22,16,169","209,255,242,6,42",0:661:2|0:754:2|0:67:1
ckpt_4700.pt,0,797,0.48376187682151794,0.100670225918293,0.4376266896724701,"116,88,9,135,206","204,154,205,241,21",0:663:2|0:693:2|0:834:2
ckpt_4700.pt,0,798,0.44468608498573303,0.10942241549491882,0.44293874502182007,"125,237,249,61,186","194,96,113,134,93",0:876:2|0:917:2|0:5:1
ckpt_4700.pt,0,799,0.4551079273223877,0.08690587431192398,0.42577001452445984,"192,132,128,6,72","147,213,51,55,208",0:173:2|0:376:2|0:7:1
ckpt_4700.pt,0,800,0.4584333300590515,0.074888676404953,0.41544225811958313,"41,1,108,191,32","158,185,97,1,155",0:278:2|0:736:2|0:952:2
ckpt_4700.pt,0,801,0.4840448200702667,0.10773807018995285,0.435824990272522,"160,159,93,147,1","208,4,78,104,231",0:4:2|0:318:2|0:570:2
ckpt_4700.pt,0,802,0.39748284220695496,0.06790297478437424,0.40097659826278687,"99,3,192,24,69","225,156,3,58,206",0:421:2|0:9:1|0:20:1
ckpt_4700.pt,0,803,0.4461912214756012,0.10351182520389557,0.38978737592697144,"111,207,151,196,146","72,162,17,46,47",0:861:2|0:956:2|0:3:1
ckpt_4700.pt,0,804,0.4438574016094208,0.07158782333135605,0.44914567470550537,"205,87,43,141,215","158,60,62,197,146",0:230:2|0:356:2|0:583:2
ckpt_4700.pt,0,805,0.3954605460166931,0.07164281606674194,0.39988642930984497,"122,13,56,41,116","21,125,107,37,99",0:808:2|0:0:1|0:6:1
ckpt_4700.pt,0,806,0.41779664158821106,0.09310146421194077,0.39478424191474915,"213,84,165,179,249","48,255,90,22,155",0:55:2|0:526:2|0:590:2
ckpt_4700.pt,0,807,0.4479878544807434,0.08323425054550171,0.43946248292922974,"156,90,109,237,12","98,58,252,182,227",0:327:2|0:433:2|0:1:1
ckpt_4700.pt,0,808,0.4485749900341034,0.12306635081768036,0.4121841788291931,"211,165,143,116,41","155,122,36,128,50",0:64:2|0:329:2|0:506:2
ckpt_4700.pt,0,809,0.42430177330970764,0.07706195116043091,0.400954008102417,"175,21,115,56,200","217,119,20,149,191",0:148:2|0:211:2|0:447:2
ckpt_4700.pt,0,810,0.4910520911216736,0.08399500697851181,0.4678904712200165,"251,20,71,187,91","49,142,132,128,174",0:656:2|0:715:2|0:936:2
ckpt_4700.pt,0,811,0.4244910478591919,0.06830290704965591,0.40642330050468445,"64,146,234,74,99","151,73,115,97,28",0:317:2|0:394:2|0:480:2
ckpt_4700.pt,0,812,0.44235944747924805,0.0685260146856308,0.4077930748462677,"29,156,46,212,31","68,141,92,222,26",0:316:2|0:433:2|0:727:2
ckpt_4700.pt,0,813,0.46268022060394287,0.07828263938426971,0.4500627815723419,"25,176,137,2,59","174,57,44,245,150",0:68:2|0:776:2|0:975:2
ckpt_4700.pt,0,814,0.4851601719856262,0.08607841283082962,0.4550383687019348,"116,198,220,26,112","123,149,22,90,95",0:61:2|0:181:2|0:385:2
ckpt_4700.pt,0,815,0.4534592032432556,0.09549571573734283,0.4709268808364868,"27,35,3,176,57","205,69,146,3,88",0:114:2|0:521:2|0:853:2
ckpt_4700.pt,0,816,0.41824010014533997,0.072038933634758,0.39381372928619385,"107,99,131,53,91","192,186,165,37,120",0:300:2|0:502:2|0:567:2
ckpt_4700.pt,0,817,0.40492695569992065,0.06840858608484268,0.38917726278305054,"190,20,179,45,239","97,250,11,142,176",0:225:3|0:245:2|0:25:1
ckpt_4700.pt,0,818,0.4215698540210724,0.07521717250347137,0.41562625765800476,"170,247,16,167,230","21,84,230,78,171",0:49:3|0:158:2|0:214:2
ckpt_4700.pt,0,819,0.42728614807128906,0.07513437420129776,0.3822806477546692,"209,116,100,243,166","18,117,196,107,116",0:372:2|0:562:2|0:585:2
ckpt_4700.pt,0,820,0.4444465935230255,0.09934273362159729,0.39902517199516296,"164,50,121,194,150","244,240,155,195,72",0:22:2|0:339:2|0:774:2
ckpt_4700.pt,0,821,0.3943907916545868,0.06914117932319641,0.3938162624835968,"24,74,0,115,39","228,43,54,124,160",0:211:2|0:265:2|0:616:2
ckpt_4700.pt,0,822,0.4508858919143677,0.08143038302659988,0.4055458605289459,"236,47,251,4,60","152,150,176,128,236",0:14:2|0:77:2|0:281:2
ckpt_4700.pt,0,823,0.49473974108695984,0.09653595834970474,0.4532836079597473,"235,80,254,201,218","154,116,203,6,155",0:156:2|0:186:2|0:679:2
ckpt_4700.pt,0,824,0.40102818608283997,0.06663831323385239,0.4029579162597656,"107,104,174,225,184","156,240,5,120,6",0:190:2|0:268:2|0:516:2
ckpt_4700.pt,0,825,0.4119601547718048,0.0901266410946846,0.4254307150840759,"209,81,165,138,30","69,17,145,140,7",0:310:2|0:581:2|0:913:2
ckpt_4700.pt,0,826,0.45778408646583557,0.08332738280296326,0.4530967175960541,"37,25,138,9,166","222,242,129,168,174",0:333:2|0:608:2|0:667:2
ckpt_4700.pt,0,827,0.33568280935287476,0.05912524089217186,0.37108397483825684,"195,10,81,254,221","82,141,67,42,54",0:205:2|0:206:2|0:16:1
ckpt_4700.pt,0,828,0.356186181306839,0.06408490985631943,0.3359537124633789,"234,141,23,0,109","12,166,246,89,165",0:9:1|0:34:1|0:37:1
ckpt_4700.pt,0,829,0.4253809452056885,0.08397980779409409,0.43292370438575745,"164,93,205,50,20","61,102,53,56,147",0:240:2|0:298:2|0:339:2
ckpt_4700.pt,0,830,0.4125390648841858,0.07198701798915863,0.39516720175743103,"186,6,7,52,102","106,190,4,69,200",0:251:2|0:5:1|0:17:1
ckpt_4700.pt,0,831,0.365827351808548,0.07165689021348953,0.36725476384162903,"43,95,5,26,27","146,117,64,103,183",0:168:2|0:374:2|0:593:2
ckpt_4700.pt,0,832,0.42496952414512634,0.07716221362352371,0.4060383439064026,"200,53,71,74,34","125,126,191,139,178",0:106:2|0:127:2|0:133:2
ckpt_4700.pt,0,833,0.35702967643737793,0.06493905931711197,0.36156749725341797,"41,45,250,152,197","192,122,163,18,66",0:204:2|0:212:2|0:225:2
ckpt_4700.pt,0,834,0.43668657541275024,0.10292652249336243,0.430127888917923,"143,67,9,45,135","50,15,64,122,55",0:477:2|0:743:2|0:797:2
ckpt_4700.pt,0,835,0.4007170796394348,0.09639852494001389,0.3884728252887726,"83,24,201,51,119","198,38,160,179,137",0:80:2|0:737:2|0:782:2
ckpt_4700.pt,0,836,0.4577952027320862,0.09305020421743393,0.43572503328323364,"242,148,142,41,209","81,63,82,210,190",0:278:2|0:297:2|0:479:2
ckpt_4700.pt,0,837,0.4706120491027832,0.09067204594612122,0.44245028495788574,"203,80,180,91,48","48,93,161,227,91",0:490:2|0:3:1|0:12:1
ckpt_4700.pt,0,838,0.40539905428886414,0.074056476354599,0.40431100130081177,"15,112,168,193,11","102,154,45,74,177",0:56:2|0:9:1|0:10:1
ckpt_4700.pt,0,839,0.3979240953922272,0.10568414628505707,0.4148849546909332,"89,178,65,69,217","29,161,121,211,36",0:3:1|0:9:1|0:12:1
ckpt_4700.pt,0,840,0.4576117694377899,0.09180174767971039,0.4159974157810211,"22,102,83,67,77","243,174,106,232,47",0:101:2|0:303:2|0:470:2
ckpt_4700.pt,0,841,0.46167072653770447,0.09962841868400574,0.439477801322937,"7,202,225,246,9","57,58,173,84,90",0:27:2|0:233:2|0:298:2
ckpt_4700.pt,0,842,0.43486765027046204,0.08754096925258636,0.4141900837421417,"109,18,83,116,214","44,22,9,109,33",0:47:2|0:61:2|0:306:2
ckpt_4700.pt,0,843,0.39862653613090515,0.074915312230587,0.4066060483455658,"13,154,199,214,152","25,173,63,40,65",0:251:2|0:295:2|0:586:2
ckpt_4700.pt,0,844,0.422048419713974,0.08284512907266617,0.4055410921573639,"162,202,53,210,102","35,96,22,197,83",0:157:2|0:547:2|0:972:2
ckpt_4700.pt,0,845,0.44452425837516785,0.08422140777111053,0.4465153217315674,"122,49,57,53,182","235,80,104,88,3",0:3:2|0:46:2|0:106:2
ckpt_4700.pt,0,846,0.47485455870628357,0.11828784644603729,0.4650580585002899,"226,25,37,56,76","144,210,197,225,73",0:34:2|0:102:2|0:643:2
ckpt_4700.pt,0,847,0.40753960609436035,0.08214382827281952,0.4335147738456726,"31,71,101,72,178","245,51,83,21,213",0:5:1|0:24:1|0:25:1
ckpt_4700.pt,0,848,0.4397648870944977,0.07947537302970886,0.4601777195930481,"111,98,75,52,26","4,145,79,160,167",0:119:2|0:175:2|0:451:2
ckpt_4700.pt,0,849,0.42466187477111816,0.07830579578876495,0.4220936894416809,"14,6,213,208,157","205,198,150,161,149",0:595:2|0:739:2|0:994:2
ckpt_4700.pt,0,850,0.4736365079879761,0.08403199166059494,0.4737217128276825,"227,136,119,233,226","141,122,46,102,116",0:305:2|0:752:2|0:965:2
ckpt_4700.pt,0,851,0.4205971956253052,0.08560317754745483,0.4188336133956909,"179,230,46,255,237","180,220,153,223,227",0:134:2|0:386:2|0:509:2
ckpt_4700.pt,0,852,0.4262068271636963,0.06815830618143082,0.4447146952152252,"227,33,223,49,60","68,112,75,83,176",0:597:2|0:933:2|0:3:1
ckpt_4700.pt,0,853,0.4255497455596924,0.08702614158391953,0.418096125125885,"218,3,254,29,27","141,46,7,123,196",0:53:2|0:156:2|0:815:2
ckpt_4700.pt,0,854,0.44028210639953613,0.10713784396648407,0.4164454936981201,"153,163,90,225,114","85,248,64,254,42",0:167:2|0:209:2|0:588:2
ckpt_4700.pt,0,855,0.4782695472240448,0.10034410655498505,0.4300210475921631,"43,185,100,102,9","146,244,16,162,193",0:652:2|0:12:1|0:17:1
ckpt_4700.pt,0,856,0.4503290355205536,0.07627113163471222,0.42910999059677124,"244,169,49,171,191","89,222,35,194,87",0:258:2|0:321:2|0:1019:2
ckpt_4700.pt,0,857,0.4523250460624695,0.108233243227005,0.44784602522850037,"49,128,177,182,71","39,194,113,63,43",0:257:2|0:331:2|0:568:2
ckpt_4700.pt,0,858,0.4636121094226837,0.08529091626405716,0.4425394833087921,"240,243,210,128,0","197,142,16,32,42",0:415:2|0:546:2|0:585:2
ckpt_4700.pt,0,859,0.4363479018211365,0.0728241354227066,0.4249005615711212,"134,78,125,255,37","182,216,173,124,39",0:326:2|0:659:2|0:16:1
ckpt_4700.pt,0,860,0.3908247947692871,0.0734269991517067,0.4016313850879669,"4,160,53,42,111","100,80,185,11,106",0:531:2|0:532:2|0:551:2
ckpt_4700.pt,0,861,0.43235382437705994,0.07761786133050919,0.4272647202014923,"222,151,111,86,22","147,199,74,181,43",0:554:2|0:803:2|0:977:2
ckpt_4700.pt,0,862,0.4486958682537079,0.08146041631698608,0.4205132722854614,"129,48,77,148,167","38,227,90,58,177",0:223:2|0:486:2|0:1:1
ckpt_4700.pt,0,863,0.3980337381362915,0.0800999253988266,0.4367294907569885,"53,116,73,232,92","150,214,31,97,44",0:324:2|0:353:2|0:877:2
ckpt_4700.pt,0,864,0.4040135443210602,0.07402095198631287,0.4039513170719147,"29,62,28,150,149","187,13,81,80,253",0:4:2|0:249:2|0:577:2
ckpt_4700.pt,0,865,0.4400434195995331,0.08386235684156418,0.40757784247398376,"150,113,108,15,29","200,64,52,124,42",0:664:2|0:727:2|0:781:2
ckpt_4700.pt,0,866,0.4226330816745758,0.07228021323680878,0.4120328426361084,"57,122,25,118,157","46,89,109,222,150",0:254:2|0:678:2|0:845:2
ckpt_4700.pt,0,867,0.43591222167015076,0.08394267410039902,0.4471321105957031,"254,99,90,155,251","236,40,56,5,55",0:553:2|0:598:2|0:942:2
ckpt_4700.pt,0,868,0.46777036786079407,0.08952808380126953,0.4414632320404053,"165,227,166,174,50","81,7,64,1,118",0:31:2|0:294:2|0:368:2
ckpt_4700.pt,0,869,0.3910229206085205,0.07356902211904526,0.3817867338657379,"73,124,245,63,119","42,45,172,133,98",0:139:2|0:584:2|0:1016:2
ckpt_4700.pt,0,870,0.35956671833992004,0.07221819460391998,0.36597344279289246,"33,35,121,104,239","167,19,93,81,25",0:698:2|0:787:2|0:789:2
ckpt_4700.pt,0,871,0.4605261981487274,0.07582704722881317,0.45302218198776245,"130,8,155,122,220","107,125,158,176,150",0:237:2|0:460:2|0:553:2
ckpt_4700.pt,0,872,0.44800758361816406,0.095921091735363,0.41673341393470764,"219,125,63,243,227","30,139,82,60,117",0:85:2|0:371:2|0:954:2
ckpt_4700.pt,0,873,0.43826958537101746,0.07695744186639786,0.453933984041214,"250,62,240,60,171","104,204,66,74,6",0:287:2|0:452:2|0:537:2
ckpt_4700.pt,0,874,0.4336303770542145,0.0901036337018013,0.4240138530731201,"70,2,83,10,166","101,31,190,248,199",0:294:3|0:8:2|0:101:2
ckpt_4700.pt,0,875,0.4543628990650177,0.10238764435052872,0.4233575165271759,"111,29,30,212,25","97,150,82,67,9",0:107:2|0:629:2|0:812:2
ckpt_4700.pt,0,876,0.45343703031539917,0.07736774533987045,0.4333379566669464,"239,249,30,178,186","120,32,122,64,205",0:25:2|0:619:2|0:627:2
ckpt_4700.pt,0,877,0.45845162868499756,0.07719656825065613,0.44675180315971375,"50,53,62,232,184","136,126,193,214,124",0:287:2|0:293:2|0:863:2
ckpt_4700.pt,0,878,0.4019388258457184,0.08195817470550537,0.4282342493534088,"97,21,174,117,98","218,16,123,210,118",0:639:2|0:9:1|0:20:1
ckpt_4700.pt,0,879,0.4827132225036621,0.1082279235124588,0.44739246368408203,"30,247,14,174,232","13,82,170,233,11",0:160:2|0:214:2|0:459:2
ckpt_4700.pt,0,880,0.490424245595932,0.09443008899688721,0.4570329487323761,"20,120,169,121,111","230,244,216,167,250",0:66:2|0:541:2|0:992:2
ckpt_4700.pt,0,881,0.5679377913475037,0.09813433140516281,0.49765080213546753,"120,66,170,42,106","45,151,131,248,170",0:158:2|0:236:2|0:457:2
ckpt_4700.pt,0,882,0.4550255239009857,0.11324821412563324,0.4419788718223572,"133,253,206,6,194","229,189,4,193,109",0:417:2|0:510:2|0:1:1
ckpt_4700.pt,0,883,0.5174335241317749,0.09630413353443146,0.46664947271347046,"205,1,183,103,75","168,20,54,37,95",0:163:2|0:296:2|0:601:2
ckpt_4700.pt,0,884,0.4211062788963318,0.08291561901569366,0.4311930239200592,"205,169,52,115,23","8,162,90,133,227",0:253:2|0:691:2|0:8:1
ckpt_4700.pt,0,885,0.412833571434021,0.08377085626125336,0.4207639992237091,"212,40,149,26,31","185,20,44,107,230",0:812:2|0:1017:2|0:10:1
ckpt_4700.pt,0,886,0.4460694491863251,0.07438389956951141,0.45269232988357544,"143,70,112,132,108","38,132,121,124,170",0:332:2|0:664:2|0:8:1
ckpt_4700.pt,0,887,0.4329245090484619,0.0811690241098404,0.4133126735687256,"59,185,217,231,133","102,44,149,53,184",0:12:2|0:67:2|0:200:2
ckpt_4700.pt,0,888,0.42215070128440857,0.07501506060361862,0.4098163843154907,"223,177,245,101,179","114,163,72,162,222",0:33:2|0:81:2|0:239:2
ckpt_4700.pt,0,889,0.4495496153831482,0.0693402886390686,0.4215737581253052,"216,179,36,116,90","171,194,200,51,60",0:6:2|0:116:2|0:925:2
ckpt_4700.pt,0,890,0.3833169639110565,0.0823102816939354,0.38279086351394653,"217,90,86,250,6","125,85,95,135,150",0:777:2|0:928:2|0:1:1
ckpt_4700.pt,0,891,0.43854591250419617,0.08623600006103516,0.4259003698825836,"235,99,196,189,232","235,38,4,160,89",0:275:2|0:893:2|0:2:1
ckpt_4700.pt,0,892,0.4304431080818176,0.08942653238773346,0.4424016773700714,"58,212,82,48,236","118,19,191,38,169",0:908:3|0:454:2|0:515:2
ckpt_4700.pt,0,893,0.4388789236545563,0.0862000435590744,0.45501065254211426,"58,123,196,99,194","18,67,72,180,51",0:152:2|0:191:2|0:317:2
ckpt_4700.pt,0,894,0.4382932782173157,0.09284285455942154,0.45262518525123596,"53,121,85,38,98","29,77,189,123,234",0:427:2|0:567:2|0:778:2
ckpt_4700.pt,0,895,0.4319280982017517,0.07509905099868774,0.4131884276866913,"145,226,30,39,149","106,74,131,1,60",0:16:1|0:27:1|0:34:1
ckpt_4700.pt,0,896,0.38343510031700134,0.0754188746213913,0.39792361855506897,"134,226,101,251,140","195,82,7,52,198",0:62:2|0:751:2|0:14:1
ckpt_4700.pt,0,897,0.46926888823509216,0.08400743454694748,0.4246063232421875,"189,111,6,251,204","173,181,242,65,71",0:465:2|0:987:2|0:14:1
ckpt_4700.pt,0,898,0.36356642842292786,0.07159258425235748,0.3908018469810486,"231,235,15,175,241","171,11,228,163,220",0:211:2|0:275:2|0:508:2
ckpt_4700.pt,0,899,0.46478432416915894,0.09152758866548538,0.47280582785606384,"202,194,136,140,30","238,75,35,126,208",0:27:2|0:52:2|0:160:2
ckpt_4700.pt,0,900,0.41114601492881775,0.06596225500106812,0.37690648436546326,"29,6,121,158,27","251,233,137,160,30",0:173:2|0:689:2|0:853:2
ckpt_4700.pt,0,901,0.4507240653038025,0.10289604961872101,0.414044588804245,"223,171,100,204,69","232,139,123,95,57",0:391:2|0:9:1|0:20:1
ckpt_4700.pt,0,902,0.43124881386756897,0.07868551462888718,0.37477272748947144,"0,162,33,16,154","53,216,253,211,191",0:0:1|0:15:1|0:18:1
ckpt_4700.pt,0,903,0.4456161856651306,0.0701310858130455,0.4107726812362671,"151,187,157,235,122","83,213,42,70,198",0:170:2|0:678:2|0:866:2
ckpt_4700.pt,0,904,0.3958592712879181,0.06912148743867874,0.3820725381374359,"157,80,76,20,50","95,166,124,3,252",0:354:3|0:464:2|0:566:2
ckpt_4700.pt,0,905,0.48357248306274414,0.1023983433842659,0.44087332487106323,"250,208,79,196,242","199,43,41,159,34",0:154:2|0:684:2|0:712:2
ckpt_4700.pt,0,906,0.4465813636779785,0.09574076533317566,0.4116297662258148,"173,67,31,126,58","101,50,213,76,74",0:631:2|0:697:2|0:7:1
ckpt_4700.pt,0,907,0.3831808269023895,0.07810570299625397,0.3873705267906189,"165,219,232,210,134","251,146,225,29,241",0:82:2|0:431:2|0:2:1
ckpt_4700.pt,0,908,0.457465261220932,0.084938645362854,0.4400361180305481,"48,174,215,58,236","114,174,70,115,248",0:892:3|0:989:2|0:15:1
ckpt_4700.pt,0,909,0.44214189052581787,0.10738684237003326,0.43722018599510193,"147,71,159,193,135","80,195,48,90,242",0:5:2|0:401:2|0:570:2
ckpt_4700.pt,0,910,0.43893539905548096,0.0949402004480362,0.4243074059486389,"26,242,13,237,38","213,77,163,64,46",0:443:2|0:10:1|0:19:1
ckpt_4700.pt,0,911,0.40068912506103516,0.07633676379919052,0.415000855922699,"11,133,196,14,163","118,9,40,202,166",0:38:2|0:102:2|0:126:2
ckpt_4700.pt,0,912,0.406236857175827,0.08497125655412674,0.4160059690475464,"182,14,39,150,179","219,110,127,178,61",0:461:2|0:492:2|0:495:2
ckpt_4700.pt,0,913,0.37810763716697693,0.06632265448570251,0.3826206922531128,"81,119,231,158,165","230,184,140,51,111",0:195:2|0:261:2|0:337:2
ckpt_4700.pt,0,914,0.4009331464767456,0.07125519216060638,0.3735645115375519,"134,149,16,55,136","171,213,90,178,238",0:29:1|0:69:1|0:70:1
ckpt_4700.pt,0,915,0.4721360206604004,0.10165675729513168,0.41594722867012024,"225,67,44,90,27","73,35,142,47,182",0:2:2|0:207:2|0:208:2
ckpt_4700.pt,0,916,0.45429307222366333,0.09477132558822632,0.43950313329696655,"143,254,2,39,86","158,38,155,218,137",0:721:2|0:770:2|0:1:1
ckpt_4700.pt,0,917,0.4454101324081421,0.08547146618366241,0.41869813203811646,"237,249,113,71,159","166,247,69,137,193",0:19:2|0:381:2|0:579:2
ckpt_4700.pt,0,918,0.4500552713871002,0.09059681743383408,0.4501427114009857,"150,70,226,9,158","197,115,47,215,211",0:176:3|0:8:2|0:534:2
ckpt_4700.pt,0,919,0.48002275824546814,0.12608619034290314,0.4358939528465271,"69,139,46,4,36","243,50,127,245,119",0:14:2|0:121:2|0:745:2
ckpt_4700.pt,0,920,0.3682517409324646,0.07359113544225693,0.40388208627700806,"10,218,69,211,194","82,14,214,10,99",0:670:2|0:676:2|0:999:2
ckpt_4700.pt,0,921,0.43435823917388916,0.0891762226819992,0.42262810468673706,"59,202,144,101,103","48,93,1,95,62",0:637:2|0:12:1|0:15:1
ckpt_4700.pt,0,922,0.4589599072933197,0.07801201939582825,0.434754341840744,"0,75,102,160,35","215,143,27,102,13",0:235:2|0:532:2|0:17:1
ckpt_4700.pt,0,923,0.3936435580253601,0.07557369768619537,0.4251120984554291,"106,147,125,142,247","203,55,19,136,125",0:183:2|0:302:2|0:5:1
ckpt_4700.pt,0,924,0.45518940687179565,0.0854458287358284,0.4144493639469147,"63,167,121,55,9","234,44,2,65,174",0:5:2|0:29:2|0:298:2
ckpt_4700.pt,0,925,0.3920952081680298,0.07210597395896912,0.4308341145515442,"36,222,118,116,171","249,254,2,74,216",0:166:2|0:181:2|0:404:2
ckpt_4700.pt,0,926,0.4582836329936981,0.09388399124145508,0.43059244751930237,"58,51,105,183,71","21,128,76,113,176",0:241:2|0:331:2|0:601:2
ckpt_4700.pt,0,927,0.34912267327308655,0.067239910364151,0.3652348220348358,"191,141,10,253,22","201,99,88,122,215",0:676:2|0:1:1|0:10:1
ckpt_4700.pt,0,928,0.38740238547325134,0.07560217380523682,0.39669251441955566,"250,49,104,206,90","246,202,248,220,20",0:336:2|0:413:2|0:780:2
ckpt_4700.pt,0,929,0.3858172595500946,0.0704011619091034,0.40028658509254456,"136,209,117,183,53","194,86,181,171,128",0:502:2|0:3:1|0:27:1
ckpt_4700.pt,0,930,0.46121281385421753,0.08443138003349304,0.4209144711494446,"134,31,129,155,205","217,251,28,231,43",0:356:2|0:25:1|0:35:1
ckpt_4700.pt,0,931,0.3993915617465973,0.0705970823764801,0.39352715015411377,"175,47,162,36,255","136,98,143,234,101",0:108:2|0:323:2|0:412:2
ckpt_4700.pt,0,932,0.49013620615005493,0.11354686319828033,0.4485151469707489,"17,37,21,105,160","197,249,107,199,207",0:343:2|0:456:2|0:610:2
ckpt_4700.pt,0,933,0.46224096417427063,0.07081843912601471,0.4091869294643402,"60,223,35,40,250","140,124,57,131,164",0:97:2|0:291:2|0:452:2
ckpt_4700.pt,0,934,0.4100532829761505,0.0885973870754242,0.4080565571784973,"50,183,173,213,156","231,135,87,137,84",0:792:2|0:962:2|0:6:1
ckpt_4700.pt,0,935,0.4292091131210327,0.08507028222084045,0.4492168426513672,"152,145,17,220,189","2,76,135,197,36",0:385:2|0:437:2|0:665:2
ckpt_4700.pt,0,936,0.390825092792511,0.08792261779308319,0.38495925068855286,"15,251,20,29,142","41,78,97,7,243",0:303:2|0:715:2|0:810:2
ckpt_4700.pt,0,937,0.5012673139572144,0.09549121558666229,0.42682668566703796,"102,69,243,141,175","7,24,221,220,171",0:373:2|0:652:2|0:9:1
ckpt_4700.pt,0,938,0.4902631342411041,0.0848769098520279,0.453921914100647,"145,37,247,246,36","50,121,44,38,220",0:668:2|0:14:1|0:24:1
ckpt_4700.pt,0,939,0.4250205457210541,0.09054482728242874,0.4115547239780426,"241,112,35,118,146","188,205,59,65,113",0:166:2|0:657:2|0:26:1
ckpt_4700.pt,0,940,0.45645672082901,0.0786038190126419,0.45823994278907776,"11,124,158,46,59","166,136,41,144,167",0:997:3|0:91:2|0:201:2
ckpt_4700.pt,0,941,0.457489013671875,0.08979468792676926,0.41812440752983093,"13,249,189,140,95","89,201,119,253,202",0:197:2|0:18:1|0:29:1
ckpt_4700.pt,0,942,0.4491107761859894,0.08178852498531342,0.4414392113685608,"71,237,155,238,251","127,234,98,178,37",0:381:2|0:598:2|0:783:2
ckpt_4700.pt,0,943,0.41884568333625793,0.07163198292255402,0.4052138030529022,"220,204,39,64,206","252,77,88,208,45",0:60:2|0:195:2|0:484:2
ckpt_4700.pt,0,944,0.3975484073162079,0.07007991522550583,0.41179680824279785,"214,141,41,96,21","172,124,96,41,198",0:115:2|0:432:2|0:20:1
ckpt_4700.pt,0,945,0.3496650457382202,0.07557493448257446,0.3430337607860565,"87,234,235,240,179","187,14,117,212,22",0:658:2|0:33:1|0:40:1
ckpt_4700.pt,0,946,0.3822912275791168,0.06089632958173752,0.421161413192749,"108,193,145,173,141","55,197,2,199,180",0:675:2|0:792:2|0:7:1
ckpt_4700.pt,0,947,0.4263976514339447,0.10100772231817245,0.4171445369720459,"48,56,6,152,205","240,46,127,14,40",0:35:2|0:145:2|0:180:2
ckpt_4700.pt,0,948,0.4100441336631775,0.06316009163856506,0.41937994956970215,"37,165,49,38,63","100,131,164,66,179",0:41:2|0:104:2|0:754:2
ckpt_4700.pt,0,949,0.41575300693511963,0.07918979227542877,0.4034205675125122,"215,24,76,186,59","137,110,197,80,43",0:315:2|0:395:2|0:5:1
ckpt_4700.pt,0,950,0.43241578340530396,0.07316351681947708,0.42688003182411194,"16,181,244,229,150","170,80,22,40,26",0:86:2|0:120:2|0:8:1
ckpt_4700.pt,0,951,0.4588690400123596,0.08490024507045746,0.4553350508213043,"223,51,128,135,180","13,52,6,39,1",0:7:1|0:17:1|0:57:1
ckpt_4700.pt,0,952,0.4096837639808655,0.06821373105049133,0.4227104187011719,"73,71,32,9,1","129,227,2,66,124",0:743:2|0:800:2|0:4:1
ckpt_4700.pt,0,953,0.4278121888637543,0.09968027472496033,0.4068112373352051,"49,137,34,5,151","16,27,219,115,193",0:1001:2|0:3:1|0:19:1
ckpt_4700.pt,0,954,0.40624552965164185,0.0857454165816307,0.3907964825630188,"63,231,61,255,227","175,13,148,15,191",0:2:2|0:139:2|0:326:2
ckpt_4700.pt,0,955,0.4552088975906372,0.08819768577814102,0.41679349541664124,"4,151,140,162,71","16,39,215,251,142",0:307:2|0:1013:2|0:5:1
ckpt_4700.pt,0,956,0.47365444898605347,0.09225458651781082,0.4514998495578766,"207,179,54,151,143","46,109,229,77,212",0:149:2|0:437:2|0:478:2
ckpt_4700.pt,0,957,0.4550359547138214,0.07707556337118149,0.42551377415657043,"37,144,160,2,45","32,123,6,178,115",0:109:2|0:121:2|0:174:2
ckpt_4700.pt,0,958,0.47650229930877686,0.0811404287815094,0.45161253213882446,"108,51,12,211,47","16,32,9,52,118",0:340:2|0:1:1|0:7:1
ckpt_4700.pt,0,959,0.47027456760406494,0.09293340891599655,0.41757145524024963,"25,44,47,49,3","13,93,59,149,89",0:104:2|0:263:2|0:378:2
ckpt_4700.pt,0,960,0.4613223671913147,0.08156456053256989,0.445689857006073,"169,246,42,241,189","46,228,55,223,92",0:177:2|0:363:2|0:992:2
ckpt_4700.pt,0,961,0.4557870924472809,0.08555923402309418,0.4103211462497711,"17,59,123,28,69","242,207,231,16,195",0:517:2|0:0:1|0:4:1
ckpt_4700.pt,0,962,0.4313533902168274,0.08751635253429413,0.44996780157089233,"247,213,74,19,50","250,215,173,223,144",0:289:2|0:934:2|0:6:1
ckpt_4700.pt,0,963,0.4411909580230713,0.07296868413686752,0.4299720823764801,"165,147,217,192,37","137,40,76,199,180",0:41:2|0:742:2|0:948:2
ckpt_4700.pt,0,964,0.3736688196659088,0.06490208208560944,0.394121378660202,"251,174,209,95,237","60,109,142,129,63",0:372:2|0:529:2|0:942:2
ckpt_4700.pt,0,965,0.4567417502403259,0.08262156695127487,0.444411963224411,"119,247,136,216,13","194,144,3,183,115",0:50:2|0:87:2|0:651:2
ckpt_4700.pt,0,966,0.4525313675403595,0.0766819566488266,0.4345051944255829,"102,199,230,105,82","113,225,39,131,32",0:392:2|0:752:2|0:759:2
ckpt_4700.pt,0,967,0.4387822151184082,0.07547575980424881,0.4304172992706299,"1,27,152,103,220","205,85,59,143,108",0:82:2|0:96:2|0:385:2
ckpt_4700.pt,0,968,0.4787675738334656,0.09183355420827866,0.4036918580532074,"199,20,136,201,112","88,155,82,50,120",0:344:2|0:623:2|0:752:2
ckpt_4700.pt,0,969,0.4671573042869568,0.08933958411216736,0.43869659304618835,"44,153,89,222,113","80,164,248,234,62",0:234:2|0:348:2|0:424:2
ckpt_4700.pt,0,970,0.42127710580825806,0.07243312895298004,0.4266700744628906,"141,72,107,185,74","151,194,56,62,66",0:283:2|0:376:2|0:12:1
ckpt_4700.pt,0,971,0.4676971435546875,0.08323877304792404,0.4263068437576294,"168,113,62,151,144","224,44,30,12,123",0:11:2|0:227:2|0:287:2
ckpt_4700.pt,0,972,0.41582009196281433,0.07461143285036087,0.4318157434463501,"226,53,93,162,204","245,17,224,46,123",0:157:2|0:844:2|0:3:1
ckpt_4700.pt,0,973,0.4187353849411011,0.06680440157651901,0.41220518946647644,"49,116,249,130,119","120,80,74,113,13",0:329:2|0:568:2|0:0:1
ckpt_4700.pt,0,974,0.38666629791259766,0.06754548102617264,0.3893381655216217,"236,47,35,206,191","192,151,254,63,167",0:264:2|0:409:2|0:731:2
ckpt_4700.pt,0,975,0.4091552197933197,0.08363594114780426,0.40514087677001953,"137,228,37,59,208","215,13,59,118,144",0:343:2|0:813:2|0:12:1
ckpt_4700.pt,0,976,0.4515530467033386,0.09079720824956894,0.4403080940246582,"30,195,179,92,1","91,90,89,136,71",0:629:2|0:4:1|0:27:1
ckpt_4700.pt,0,977,0.414104163646698,0.06741698086261749,0.40331926941871643,"151,22,220,8,216","19,111,30,189,144",0:437:2|0:570:2|0:861:2
ckpt_4700.pt,0,978,0.4635317325592041,0.07476823776960373,0.436537504196167,"31,16,99,214,237","173,211,16,169,98",0:118:2|0:394:2|0:400:2
ckpt_4700.pt,0,979,0.4294370710849762,0.08719414472579956,0.4400677978992462,"28,176,84,136,206","64,240,39,29,49",0:325:2|0:612:2|0:993:2
ckpt_4700.pt,0,980,0.3586925268173218,0.060153864324092865,0.373912513256073,"182,62,144,187,195","53,222,174,82,88",0:287:2|0:695:2|0:971:2
ckpt_4700.pt,0,981,0.3807663917541504,0.06336034834384918,0.3797893524169922,"25,120,97,56,246","252,189,76,83,255",0:1000:3|0:102:2|0:320:2
ckpt_4700.pt,0,982,0.4428882896900177,0.07309751957654953,0.39627692103385925,"190,32,231,55,130","143,106,202,13,7",0:225:2|0:278:2|0:543:2
ckpt_4700.pt,0,983,0.45506128668785095,0.0785531997680664,0.4242756962776184,"167,156,74,71,241","237,46,73,211,55",0:49:2|0:241:2|0:307:2
ckpt_4700.pt,0,984,0.4901478588581085,0.10180221498012543,0.4252437353134155,"98,91,20,159,231","181,183,191,120,158",0:522:3|0:451:2|0:656:2
ckpt_4700.pt,0,985,0.42125949263572693,0.0976555347442627,0.40429893136024475,"248,231,252,156,69","245,71,170,66,28",0:422:2|0:2:1|0:9:1
ckpt_4700.pt,0,986,0.39875084161758423,0.07427862286567688,0.38490545749664307,"126,245,150,215,105","124,197,104,220,159",0:423:2|0:672:2|0:8:1
ckpt_4700.pt,0,987,0.4647705554962158,0.10594425350427628,0.4475722312927246,"236,111,67,251,12","201,67,48,93,33",0:382:2|0:756:2|0:822:2
ckpt_4700.pt,0,988,0.4417421519756317,0.08861245959997177,0.427923321723938,"97,128,13,68,226","71,47,123,133,199",0:286:2|0:7:1|0:9:1
ckpt_4700.pt,0,989,0.4763436019420624,0.08418084681034088,0.4237591624259949,"48,204,217,236,124","52,239,248,28,55",0:410:2|0:696:2|0:774:2
ckpt_4700.pt,0,990,0.4220028817653656,0.07826691120862961,0.40848588943481445,"169,148,250,36,26","124,195,75,81,36",0:321:2|0:10:1|0:14:1
ckpt_4700.pt,0,991,0.4101296067237854,0.07464827597141266,0.40760427713394165,"29,253,101,244,57","226,82,1,154,113",0:62:2|0:81:2|0:106:2
ckpt_4700.pt,0,992,0.4374457001686096,0.08755119144916534,0.4293229579925537,"42,47,169,144,111","55,6,41,247,87",0:66:2|0:551:2|0:860:2
ckpt_4700.pt,0,993,0.41396641731262207,0.08567419648170471,0.4094100296497345,"126,77,146,28,136","77,62,116,217,49",0:74:2|0:119:2|0:272:2
ckpt_4700.pt,0,994,0.38884609937667847,0.0626210868358612,0.3952557444572449,"38,157,6,23,4","102,100,213,9,171",0:259:2|0:849:2|0:1:1
ckpt_4700.pt,0,995,0.43243810534477234,0.07485590875148773,0.4290062487125397,"208,159,62,217,71","46,48,22,150,136",0:4:2|0:742:2|0:772:2
ckpt_4700.pt,0,996,0.4402511417865753,0.09491750597953796,0.45388057827949524,"190,215,25,251,162","246,190,54,130,58",0:75:2|0:247:2|0:14:1
ckpt_4700.pt,0,997,0.4135891795158386,0.0739547535777092,0.4206373393535614,"222,11,124,158,169","25,229,7,180,158",0:940:3|0:91:2|0:201:2
ckpt_4700.pt,0,998,0.4207637310028076,0.06721002608537674,0.4151814877986908,"27,72,153,9,134","197,82,235,10,16",0:82:2|0:284:2|0:524:2
ckpt_4700.pt,0,999,0.3497072458267212,0.09495090693235397,0.399589478969574,"10,41,218,39,104","0,23,185,184,193",0:224:3|0:270:3|0:69:2
ckpt_4700.pt,0,1000,0.42516809701919556,0.0806507021188736,0.4247620105743408,"255,56,246,227,97","93,174,214,182,53",0:981:3|0:954:2|0:9:1
ckpt_4700.pt,0,1001,0.36970359086990356,0.06702744215726852,0.39148303866386414,"158,1,49,34,237","127,201,4,221,124",0:19:2|0:286:2|0:548:2
ckpt_4700.pt,0,1002,0.386857271194458,0.07286779582500458,0.392240971326828,"179,193,245,161,224","206,155,139,219,193",0:33:2|0:750:2|0:888:2
ckpt_4700.pt,0,1003,0.4356752634048462,0.0870787724852562,0.45046013593673706,"41,212,159,216,39","65,59,247,49,229",0:651:3|0:224:2|0:570:2
ckpt_4700.pt,0,1004,0.4336766004562378,0.08697100728750229,0.4323256015777588,"239,138,161,90,98","181,218,41,209,13",0:207:2|0:698:2|0:6:1
ckpt_4700.pt,0,1005,0.4512942135334015,0.08351839333772659,0.43669721484184265,"74,67,186,30,234","215,103,116,24,40",0:662:2|0:811:2|0:876:2
ckpt_4700.pt,0,1006,0.45028942823410034,0.08306027948856354,0.39164936542510986,"231,43,21,197,49","223,84,211,77,129",0:83:2|0:104:2|0:147:2
ckpt_4700.pt,0,1007,0.4254007041454315,0.07934800535440445,0.4192589521408081,"226,194,191,165,105","197,12,173,215,255",0:473:2|0:579:2|0:617:2
ckpt_4700.pt,0,1008,0.3961045444011688,0.07931767404079437,0.3962157666683197,"3,151,105,36,175","12,177,163,238,115",0:478:2|0:508:2|0:931:2
ckpt_4700.pt,0,1009,0.41871699690818787,0.07346103340387344,0.39693108201026917,"53,111,60,36,229","11,166,172,217,67",0:500:2|0:745:2|0:860:2
ckpt_4700.pt,0,1010,0.4109038710594177,0.07785135507583618,0.4130743741989136,"212,83,2,32,221","27,66,236,133,17",0:411:2|0:874:2|0:30:1
ckpt_4700.pt,0,1011,0.40476685762405396,0.06904082745313644,0.3959967792034149,"245,50,101,38,151","48,241,79,159,189",0:306:2|0:888:2|0:10:1
ckpt_4700.pt,0,1012,0.3946055471897125,0.06341247260570526,0.412781685590744,"102,204,107,94,76","154,116,90,243,136",0:39:2|0:83:2|0:6:1
ckpt_4700.pt,0,1013,0.4358264207839966,0.07417269796133041,0.4323066174983978,"226,211,4,216,71","7,161,81,49,103",0:634:3|0:73:2|0:406:2
ckpt_4700.pt,0,1014,0.45855948328971863,0.0969991385936737,0.45379576086997986,"112,156,227,93,43","7,178,232,246,58",0:57:2|0:316:2|0:15:1
ckpt_4700.pt,0,1015,0.4287916123867035,0.08210107684135437,0.4125194549560547,"143,240,163,202,24","78,40,170,138,93",0:546:2|0:599:2|0:639:2
ckpt_4700.pt,0,1016,0.463924378156662,0.08213112503290176,0.434711754322052,"124,215,119,136,133","236,59,45,30,62",0:182:2|0:202:2|0:850:2
ckpt_4700.pt,0,1017,0.4276898503303528,0.08206195384263992,0.38961830735206604,"212,31,187,85,222","169,52,6,61,231",0:454:2|0:695:2|0:812:2
ckpt_4700.pt,0,1018,0.4369075298309326,0.07836630195379257,0.42747771739959717,"225,135,142,219,145","177,38,58,83,102",0:138:2|0:175:2|0:187:2
ckpt_4700.pt,0,1019,0.42543479800224304,0.09260635823011398,0.4383058547973633,"169,178,137,102,244","138,0,92,114,220",0:17:2|0:321:2|0:361:2
ckpt_4700.pt,0,1020,0.4035135507583618,0.0676160678267479,0.3883993923664093,"143,80,212,71,14","193,141,103,30,242",0:64:2|0:380:2|0:468:2
ckpt_4700.pt,0,1021,0.4336448013782501,0.07055366039276123,0.40046730637550354,"182,37,45,163,9","51,22,236,181,173",0:608:2|0:754:2|0:826:2
ckpt_4700.pt,0,1022,0.44527214765548706,0.09190251678228378,0.4260464906692505,"210,75,238,150,217","193,177,238,33,239",0:179:2|0:438:2|0:3:1
ckpt_4700.pt,0,1023,0.45510411262512207,0.08236461877822876,0.45778557658195496,"241,135,104,31,164","240,170,81,56,222",0:69:2|0:413:2|0:26:1
ckpt_4700.pt,1,0,0.4966571033000946,0.11376792192459106,0.4255801737308502,"167,27,31,87,96","163,40,241,32,110",1:791:2|1:1007:2|1:14:1
ckpt_4700.pt,1,1,0.4950149357318878,0.0878576785326004,0.43527573347091675,"189,197,145,137,114","178,100,25,135,122",1:435:2|1:460:2|1:561:2
ckpt_4700.pt,1,2,0.477292001247406,0.10861065983772278,0.39628785848617554,"39,17,174,241,206","156,125,95,203,169",1:251:2|1:346:2|1:400:2
ckpt_4700.pt,1,3,0.5229148268699646,0.08362995088100433,0.427833616733551,"144,201,178,168,146","131,45,60,161,90",1:339:2|1:523:2|1:820:2
ckpt_4700.pt,1,4,0.5158217549324036,0.09892572462558746,0.37382248044013977,"48,250,39,118,244","52,151,32,80,240",1:229:2|1:445:2|1:512:2
ckpt_4700.pt,1,5,0.43180006742477417,0.07301078736782074,0.3765448331832886,"52,91,128,19,92","13,81,240,173,201",1:234:2|1:366:2|1:587:2
ckpt_4700.pt,1,6,0.45383673906326294,0.08627275377511978,0.4093669056892395,"134,71,234,237,232","97,233,164,198,207",1:92:2|1:709:2|1:999:2
ckpt_4700.pt,1,7,0.5245152115821838,0.11132557690143585,0.4270152747631073,"77,34,126,75,49","186,152,66,205,27",1:552:2|1:16:1|1:18:1
ckpt_4700.pt,1,8,0.511013388633728,0.09812577813863754,0.41651663184165955,"128,85,196,99,250","142,46,191,238,113",1:380:2|1:451:2|1:826:2
ckpt_4700.pt,1,9,0.49002352356910706,0.09604886174201965,0.4304749071598053,"220,13,97,102,26","144,249,212,11,180",1:293:2|1:364:2|1:681:2
ckpt_4700.pt,1,10,0.4775063693523407,0.10117310285568237,0.4400252401828766,"249,4,110,103,164","107,56,223,141,86",1:417:2|1:549:2|1:13:1
ckpt_4700.pt,1,11,0.5059397220611572,0.08833514899015427,0.3965185880661011,"136,19,60,238,205","208,177,251,111,189",1:53:2|1:330:2|1:586:2
ckpt_4700.pt,1,12,0.5631773471832275,0.1190868392586708,0.4805549085140228,"90,165,25,188,255","122,118,19,117,53",1:55:2|1:215:2|1:234:2
ckpt_4700.pt,1,13,0.5008274912834167,0.09012027829885483,0.41923758387565613,"103,197,217,208,116","26,167,216,250,160",1:22:2|1:721:2|1:1:1
ckpt_4700.pt,1,14,0.4478722810745239,0.09135857224464417,0.40430590510368347,"144,183,42,255,87","188,6,143,196,154",1:216:2|1:603:2|1:1006:2
ckpt_4700.pt,1,15,0.5149678587913513,0.09416594356298447,0.4358731210231781,"189,88,29,36,97","39,8,24,251,31",1:365:2|1:893:2|1:946:2
ckpt_4700.pt,1,16,0.46677231788635254,0.08555702865123749,0.3969123065471649,"77,160,137,217,88","139,22,91,189,171",1:43:2|1:322:2|1:483:2
ckpt_4700.pt,1,17,0.4707981050014496,0.08335161954164505,0.4121197760105133,"131,70,46,56,217","130,179,239,63,228",1:143:2|1:312:2|1:431:2
ckpt_4700.pt,1,18,0.46768486499786377,0.0824505016207695,0.3731931746006012,"248,3,75,53,20","23,164,89,175,36",1:404:2|1:565:2|1:7:1
ckpt_4700.pt,1,19,0.46211764216423035,0.07774724811315536,0.41204094886779785,"245,226,235,105,104","100,70,238,101,123",1:32:2|1:395:2|1:470:2
ckpt_4700.pt,1,20,0.4584605097770691,0.07801405340433121,0.374447762966156,"239,52,95,87,118","146,213,32,137,52",1:217:2|1:229:2|1:616:2
ckpt_4700.pt,1,21,0.4715680778026581,0.07680106163024902,0.407476544380188,"38,113,142,240,212","97,70,23,104,153",1:585:2|1:827:2|1:29:1
ckpt_4700.pt,1,22,0.4798464775085449,0.09688505530357361,0.4176453649997711,"103,197,75,228,41","108,154,210,20,10",1:13:2|1:397:2|1:542:2
ckpt_4700.pt,1,23,0.5138156414031982,0.0937308743596077,0.4273707866668701,"64,46,81,137,19","71,145,152,118,179",1:143:2|1:1:1|1:5:1
ckpt_4700.pt,1,24,0.5048044919967651,0.10763775557279587,0.4160764515399933,"149,51,236,127,71","4,222,13,147,225",1:39:2|1:332:2|1:540:2
ckpt_4700.pt,1,25,0.4188401997089386,0.07817378640174866,0.4040025770664215,"43,163,250,241,247","211,166,178,22,242",1:395:2|1:396:2|1:514:2
ckpt_4700.pt,1,26,0.4950043559074402,0.09002309292554855,0.42264559864997864,"23,191,218,237,176","11,159,106,59,18",1:781:2|1:6:1|1:28:1
ckpt_4700.pt,1,27,0.4815119802951813,0.08081196993589401,0.3875620663166046,"137,4,187,188,29","122,4,88,102,185",1:530:2|1:837:2|1:1:1
ckpt_4700.pt,1,28,0.4857688844203949,0.07832825183868408,0.4285179674625397,"57,197,96,191,10","55,205,177,80,96",1:0:1|1:1:1|1:13:1
ckpt_4700.pt,1,29,0.5107385516166687,0.10894577950239182,0.4195336103439331,"142,110,34,32,69","156,231,251,82,70",1:369:2|1:614:2|1:870:2
ckpt_4700.pt,1,30,0.4478926360607147,0.09061196446418762,0.3934727907180786,"61,66,174,229,179","156,254,164,225,218",1:110:2|1:740:2|1:756:2
ckpt_4700.pt,1,31,0.5248826742172241,0.10893319547176361,0.4362621009349823,"101,163,221,17,230","8,33,245,145,212",1:77:2|1:543:2|1:692:2
ckpt_4700.pt,1,32,0.5258416533470154,0.09573853015899658,0.42756029963493347,"245,157,108,199,105","171,251,88,223,199",1:19:2|1:151:2|1:470:2
ckpt_4700.pt,1,33,0.4759751260280609,0.10840962827205658,0.3627476096153259,"85,248,224,105,230","244,184,131,42,255",1:398:2|1:404:2|1:429:2
ckpt_4700.pt,1,34,0.4674718677997589,0.10372302681207657,0.3855246901512146,"206,50,126,73,150","129,76,182,64,243",1:804:2|1:2:1|1:7:1
ckpt_4700.pt,1,35,0.48599371314048767,0.10956838726997375,0.39632222056388855,"123,112,104,106,14","197,109,161,72,42",1:180:2|1:411:2|1:771:2
ckpt_4700.pt,1,36,0.46178293228149414,0.10368669033050537,0.4203881621360779,"179,198,255,97,191","168,200,4,117,116",1:898:2|1:9:1|1:12:1
ckpt_4700.pt,1,37,0.5172086954116821,0.09001623094081879,0.39412322640419006,"240,234,254,168,12","212,231,65,15,241",1:81:2|1:316:2|1:926:2
ckpt_4700.pt,1,38,0.5147383213043213,0.08000698685646057,0.45606204867362976,"237,153,77,113,167","217,98,65,114,121",1:575:2|1:0:1|1:6:1
ckpt_4700.pt,1,39,0.4731401801109314,0.10613732784986496,0.3785138726234436,"20,13,149,243,51","160,1,121,243,229",1:24:2|1:40:2|1:106:2
ckpt_4700.pt,1,40,0.5032376646995544,0.10882551223039627,0.47607553005218506,"40,242,212,51,13","184,68,180,176,196",1:39:2|1:331:2|1:662:2
ckpt_4700.pt,1,41,0.5200499296188354,0.09128561615943909,0.4547933340072632,"209,36,225,9,181","60,7,231,67,179",1:132:2|1:377:2|1:645:2
ckpt_4700.pt,1,42,0.43869438767433167,0.08135832101106644,0.4095863103866577,"142,199,250,137,36","177,212,140,103,163",1:220:2|1:303:2|1:597:2
ckpt_4700.pt,1,43,0.5276041030883789,0.09338654577732086,0.456145703792572,"180,217,9,77,41","170,233,150,221,241",1:16:2|1:613:2|1:636:2
ckpt_4700.pt,1,44,0.42430105805397034,0.08506051450967789,0.39374488592147827,"203,80,81,143,14","90,241,26,124,194",1:360:2|1:361:2|1:408:2
ckpt_4700.pt,1,45,0.5123696327209473,0.09791582822799683,0.44038233160972595,"80,7,89,31,223","230,212,205,158,196",1:231:2|1:771:2|1:773:2
ckpt_4700.pt,1,46,0.5223097801208496,0.10627206414937973,0.45608702301979065,"209,203,45,15,122","48,87,167,233,26",1:168:2|1:434:2|1:736:2
ckpt_4700.pt,1,47,0.47058385610580444,0.09170246124267578,0.4348370432853699,"114,164,72,175,77","188,229,145,72,66",1:418:2|1:841:2|1:954:2
ckpt_4700.pt,1,48,0.4735270142555237,0.11012030392885208,0.3656104803085327,"237,122,76,241,112","254,247,136,18,157",1:2:1|1:6:1|1:25:1
ckpt_4700.pt,1,49,0.4357955753803253,0.07123784720897675,0.4255444407463074,"143,37,219,187,13","5,170,59,206,116",1:245:2|1:360:2|1:443:2
ckpt_4700.pt,1,50,0.4858664274215698,0.10970411449670792,0.3903719484806061,"116,67,43,73,29","208,116,70,195,112",1:227:2|1:327:2|1:804:2
ckpt_4700.pt,1,51,0.44962725043296814,0.09772921353578568,0.43223103880882263,"212,118,117,108,41","91,209,240,44,115",1:252:2|1:766:2|1:905:2
ckpt_4700.pt,1,52,0.4557553231716156,0.08815671503543854,0.39381468296051025,"251,43,172,173,165","198,135,87,48,144",1:517:2|1:12:1|1:25:1
ckpt_4700.pt,1,53,0.5237905979156494,0.12814706563949585,0.4202793538570404,"19,255,93,73,238","232,93,188,168,178",1:11:2|1:63:2|1:125:2
ckpt_4700.pt,1,54,0.5099765062332153,0.11203457415103912,0.4149951636791229,"248,86,139,97,154","49,118,133,19,107",1:307:2|1:626:2|1:9:1
ckpt_4700.pt,1,55,0.4730513095855713,0.10877040028572083,0.3817542791366577,"165,25,206,56,129","14,253,244,12,210",1:12:2|1:176:2|1:276:2
ckpt_4700.pt,1,56,0.539405345916748,0.1004628986120224,0.4350831210613251,"235,237,33,195,93","126,196,250,180,70",1:6:1|1:19:1|1:26:1
ckpt_4700.pt,1,57,0.44458845257759094,0.07002900540828705,0.40851667523384094,"7,99,81,123,232","15,250,49,24,124",1:428:2|1:771:2|1:842:2
ckpt_4700.pt,1,58,0.48474159836769104,0.09822417050600052,0.411700040102005,"246,39,79,233,4","97,151,123,42,45",1:149:2|1:189:2|1:247:2
ckpt_4700.pt,1,59,0.4387255311012268,0.09104415029287338,0.3646543025970459,"220,251,7,230,22","35,127,8,166,49",1:237:2|1:732:2|1:9:1
ckpt_4700.pt,1,60,0.4867788255214691,0.10471417009830475,0.4309501349925995,"8,189,191,220,133","229,40,201,131,46",1:423:2|1:781:2|1:821:2
ckpt_4700.pt,1,61,0.47044098377227783,0.08103582262992859,0.4261142909526825,"223,199,175,146,237","81,248,254,223,20",1:430:2|1:703:2|1:3:1
ckpt_4700.pt,1,62,0.4872581362724304,0.08435405790805817,0.4050436317920685,"61,119,173,127,95","172,233,38,116,160",1:653:2|1:20:1|1:24:1
ckpt_4700.pt,1,63,0.511125922203064,0.11319643259048462,0.41842490434646606,"73,204,59,255,117","60,64,246,28,211",1:53:2|1:817:2|1:12:1
ckpt_4700.pt,1,64,0.4893532693386078,0.09061166644096375,0.43750205636024475,"10,7,51,24,18","98,113,210,46,34",1:24:1|1:28:1|1:39:1
ckpt_4700.pt,1,65,0.5016074180603027,0.0962243378162384,0.4043489992618561,"16,53,44,39,66","88,183,255,118,223",1:1013:2|1:2:1|1:4:1
ckpt_4700.pt,1,66,0.474617600440979,0.10550470650196075,0.4181297719478607,"191,86,146,73,131","64,169,54,133,66",1:376:2|1:582:2|1:3:1
ckpt_4700.pt,1,67,0.4840314984321594,0.09564938396215439,0.417355477809906,"231,59,159,233,150","158,255,31,66,234",1:82:2|1:167:2|1:229:2
ckpt_4700.pt,1,68,0.5528734922409058,0.09448268264532089,0.4278469979763031,"157,102,107,18,209","54,50,31,115,43",1:293:2|1:381:2|1:419:2
ckpt_4700.pt,1,69,0.5594887137413025,0.09916508197784424,0.45954567193984985,"11,248,65,40,253","78,205,26,151,60",1:864:2|1:931:2|1:1022:2
ckpt_4700.pt,1,70,0.5491282939910889,0.12004491686820984,0.45760577917099,"185,100,182,176,217","102,45,206,175,78",1:802:2|1:13:1|1:16:1
ckpt_4700.pt,1,71,0.5248917937278748,0.09435977786779404,0.4201734960079193,"33,221,98,190,60","200,128,179,136,253",1:314:2|1:421:2|1:507:2
ckpt_4700.pt,1,72,0.5128117203712463,0.08869922906160355,0.4334794580936432,"101,210,197,160,66","56,239,95,241,107",1:692:2|1:859:2|1:1:1
ckpt_4700.pt,1,73,0.493653267621994,0.1044219508767128,0.4134218692779541,"17,77,65,98,4","159,147,18,43,255",1:457:2|1:748:2|1:2:1
ckpt_4700.pt,1,74,0.5099327564239502,0.10643687099218369,0.4340333342552185,"111,70,204,19,219","226,117,79,0,33",1:226:2|1:578:2|1:662:2
ckpt_4700.pt,1,75,0.5029809474945068,0.08340944349765778,0.40463271737098694,"99,51,114,150,204","47,86,33,147,7",1:561:2|1:673:2|1:877:2
ckpt_4700.pt,1,76,0.5302267074584961,0.10587529093027115,0.4399907886981964,"226,160,219,244,162","13,74,21,53,144",1:379:2|1:420:2|1:589:2
ckpt_4700.pt,1,77,0.418116956949234,0.06856849789619446,0.3639402985572815,"17,163,79,15,84","157,129,87,203,168",1:31:2|1:135:2|1:708:2
ckpt_4700.pt,1,78,0.4764806032180786,0.10347122699022293,0.42120423913002014,"44,90,146,13,52","199,244,235,116,54",1:255:2|1:281:2|1:380:2
ckpt_4700.pt,1,79,0.42847731709480286,0.07969729602336884,0.41789528727531433,"0,203,114,228,139","238,29,239,160,34",1:442:2|1:977:2|1:1:1
ckpt_4700.pt,1,80,0.527191698551178,0.08632820099592209,0.43868234753608704,"58,174,212,188,44","103,4,53,105,246",1:179:2|1:252:2|1:526:2
ckpt_4700.pt,1,81,0.49058714509010315,0.0820561870932579,0.42697182297706604,"12,234,73,68,83","188,180,204,134,26",1:37:2|1:316:2|1:658:2
ckpt_4700.pt,1,82,0.46149227023124695,0.08424945920705795,0.4223245084285736,"231,233,108,182,87","61,134,225,170,148",1:67:2|1:123:2|1:229:2
ckpt_4700.pt,1,83,0.440125435590744,0.08070217818021774,0.41398656368255615,"56,5,208,183,147","34,146,47,28,222",1:142:2|1:464:2|1:13:1
ckpt_4700.pt,1,84,0.5078455805778503,0.09372881799936295,0.4498503804206848,"202,112,86,91,118","109,225,193,84,200",1:625:2|1:848:2|1:4:1
ckpt_4700.pt,1,85,0.42419689893722534,0.07590390741825104,0.3904016315937042,"79,9,139,218,68","15,150,228,216,124",1:144:2|1:178:2|1:337:2
ckpt_4700.pt,1,86,0.44639989733695984,0.09377681463956833,0.38110241293907166,"204,201,110,215,55","114,121,243,189,241",1:599:2|1:3:1|1:10:1
ckpt_4700.pt,1,87,0.4993991553783417,0.09547408670186996,0.4064810574054718,"216,193,83,153,45","130,97,229,43,163",1:434:2|1:38:1|1:46:1
ckpt_4700.pt,1,88,0.46162956953048706,0.08468015491962433,0.39014318585395813,"84,62,23,49,76","32,227,221,124,7",1:228:2|1:248:2|1:681:2
ckpt_4700.pt,1,89,0.504719078540802,0.09847898781299591,0.40215402841567993,"111,106,194,133,150","16,1,153,196,173",1:216:2|1:869:2|1:34:1
ckpt_4700.pt,1,90,0.4885142147541046,0.08912374824285507,0.3805409073829651,"10,13,101,115,202","232,115,189,175,151",1:112:2|1:328:2|1:364:2
ckpt_4700.pt,1,91,0.48486119508743286,0.10136644542217255,0.42512375116348267,"194,64,230,185,231","152,8,114,33,237",1:167:2|1:643:2|1:685:2
ckpt_4700.pt,1,92,0.4654995799064636,0.09078394621610641,0.39598438143730164,"237,97,44,62,232","250,125,15,90,66",1:6:2|1:204:2|1:343:2
ckpt_4700.pt,1,93,0.47472578287124634,0.07743467390537262,0.40099790692329407,"47,253,50,115,76","169,161,154,105,110",1:956:2|1:34:1|1:48:1
ckpt_4700.pt,1,94,0.48641908168792725,0.09519491344690323,0.4325603246688843,"111,131,239,181,68","44,103,131,247,90",1:488:2|1:633:2|1:957:2
ckpt_4700.pt,1,95,0.47145581245422363,0.08498473465442657,0.4331988990306854,"198,155,107,154,109","142,251,63,213,28",1:36:1|1:54:1|1:68:1
ckpt_4700.pt,1,96,0.4896557629108429,0.08807319402694702,0.4187776446342468,"125,96,171,176,186","72,73,10,221,121",1:566:2|1:904:2|1:0:1
ckpt_4700.pt,1,97,0.4805438816547394,0.07826130092144012,0.43193167448043823,"163,178,67,111,127","49,163,31,6,34",1:546:2|1:774:2|1:3:1
ckpt_4700.pt,1,98,0.45734304189682007,0.08115833252668381,0.3945586085319519,"230,243,132,218,135","212,102,109,65,135",1:253:2|1:390:2|1:745:2
ckpt_4700.pt,1,99,0.49105656147003174,0.08932119607925415,0.41509997844696045,"186,61,243,58,46","58,15,172,219,228",1:119:2|1:203:2|1:383:2
ckpt_4700.pt,1,100,0.4772871732711792,0.08900737762451172,0.3771149218082428,"212,208,219,220,213","240,18,40,226,161",1:161:2|1:9:1|1:13:1
ckpt_4700.pt,1,101,0.5393736958503723,0.08894506841897964,0.45754358172416687,"45,26,1,181,205","34,56,233,67,125",1:508:2|1:592:2|1:9:1
ckpt_4700.pt,1,102,0.4933162033557892,0.08599156141281128,0.396554559469223,"2,48,22,74,27","77,25,13,102,39",1:233:2|1:684:2|1:983:2
ckpt_4700.pt,1,103,0.4898005723953247,0.08469446003437042,0.41307079792022705,"25,51,162,220,52","122,182,140,131,36",1:420:2|1:557:2|1:644:2
ckpt_4700.pt,1,104,0.4758811295032501,0.09139934927225113,0.41253137588500977,"51,67,232,60,132","55,171,154,83,145",1:758:3|1:390:2|1:669:2
ckpt_4700.pt,1,105,0.4845065176486969,0.0977080762386322,0.4053665101528168,"107,196,30,72,133","235,67,172,149,229",1:691:2|1:730:2|1:735:2
ckpt_4700.pt,1,106,0.5164810419082642,0.097127765417099,0.44680389761924744,"13,222,20,112,179","196,3,166,124,177",1:627:3|1:967:3|1:39:2
ckpt_4700.pt,1,107,0.5457792282104492,0.09144091606140137,0.46296536922454834,"51,181,116,81,65","148,249,54,178,99",1:13:1|1:23:1|1:24:1
ckpt_4700.pt,1,108,0.51278156042099,0.09839364141225815,0.4194103181362152,"12,157,96,0,218","122,216,187,5,238",1:620:2|1:0:1|1:26:1
ckpt_4700.pt,1,109,0.548902690410614,0.12883958220481873,0.4510173499584198,"94,157,143,152,82","223,0,251,87,168",1:852:2|1:932:2|1:32:1
ckpt_4700.pt,1,110,0.49041685461997986,0.0813199132680893,0.42702722549438477,"102,43,99,179,174","43,100,209,71,111",1:30:2|1:149:2|1:356:2
ckpt_4700.pt,1,111,0.4974418580532074,0.10079105943441391,0.3989798128604889,"54,193,232,80,145","23,61,82,112,50",1:219:2|1:828:2|1:1:1
ckpt_4700.pt,1,112,0.4713496267795563,0.0941634401679039,0.3802027702331543,"45,101,131,170,13","138,126,252,210,233",1:90:2|1:255:2|1:277:2
ckpt_4700.pt,1,113,0.4674816131591797,0.08228091895580292,0.39457738399505615,"22,172,198,136,236","144,99,116,39,25",1:11:1|1:24:1|1:36:1
ckpt_4700.pt,1,114,0.5317744016647339,0.10573311150074005,0.4437166750431061,"232,90,223,75,224","39,180,240,203,252",1:326:2|1:716:2|1:898:2
ckpt_4700.pt,1,115,0.4825167655944824,0.07955210655927658,0.3799365758895874,"176,5,6,210,209","177,217,135,137,4",1:155:2|1:802:2|1:857:2
ckpt_4700.pt,1,116,0.4399966597557068,0.08057641237974167,0.41253966093063354,"231,33,239,76,226","11,25,55,177,26",1:241:2|1:242:2|1:911:2
ckpt_4700.pt,1,117,0.4259243309497833,0.08059322834014893,0.35906821489334106,"111,25,134,119,252","247,47,100,1,94",1:491:2|1:565:2|1:696:2
ckpt_4700.pt,1,118,0.497516006231308,0.10502555966377258,0.38966041803359985,"22,219,137,42,124","116,139,34,3,193",1:147:2|1:353:2|1:485:2
ckpt_4700.pt,1,119,0.48444581031799316,0.12026021629571915,0.4177231192588806,"58,245,243,28,152","242,255,124,104,158",1:99:2|1:490:2|1:494:2
ckpt_4700.pt,1,120,0.42602646350860596,0.07659116387367249,0.37482914328575134,"35,246,201,170,203","171,46,140,9,76",1:254:2|1:389:2|1:3:1
ckpt_4700.pt,1,121,0.5197247862815857,0.08619584888219833,0.4389135241508484,"39,61,103,88,30","236,56,195,83,250",1:251:2|1:600:2|1:2:1
ckpt_4700.pt,1,122,0.4835105240345001,0.10350458323955536,0.4189762771129608,"66,221,125,187,185","15,111,81,241,251",1:272:2|1:318:2|1:692:2
ckpt_4700.pt,1,123,0.5172808766365051,0.09288185089826584,0.4368787109851837,"170,231,202,182,235","52,226,99,34,205",1:82:2|1:19:1|1:56:1
ckpt_4700.pt,1,124,0.4935348331928253,0.1277405023574829,0.4387388825416565,"74,216,225,167,1","124,50,219,167,100",1:259:2|1:325:2|1:729:2
ckpt_4700.pt,1,125,0.450965017080307,0.0915364921092987,0.3801240622997284,"238,174,142,246,73","64,61,9,249,122",1:53:2|1:236:2|1:585:2
ckpt_4700.pt,1,126,0.48663201928138733,0.08871908485889435,0.41561466455459595,"229,194,91,153,120","0,48,26,131,57",1:279:2|1:596:2|1:790:2
ckpt_4700.pt,1,127,0.48132652044296265,0.11602219939231873,0.3899346590042114,"103,219,240,178,45","141,194,244,246,112",1:397:3|1:298:2|1:485:2
ckpt_4700.pt,1,128,0.470689982175827,0.09457041323184967,0.3912787437438965,"66,146,246,62,105","15,84,6,60,88",1:333:2|1:398:2|1:470:2
ckpt_4700.pt,1,129,0.47993630170822144,0.07608296722173691,0.39503389596939087,"57,221,55,184,127","17,254,202,115,221",1:357:2|1:690:2|1:848:2
ckpt_4700.pt,1,130,0.4725770056247711,0.09876109659671783,0.4373910427093506,"132,93,36,20,103","36,68,98,140,103",1:441:2|1:502:2|1:664:2
ckpt_4700.pt,1,131,0.4785187840461731,0.09360592812299728,0.41853711009025574,"146,88,20,141,236","188,105,42,175,3",1:153:2|1:347:2|1:3:1
ckpt_4700.pt,1,132,0.5313534736633301,0.10464804619550705,0.42011621594429016,"36,155,247,85,181","80,36,185,241,108",1:41:2|1:367:2|1:377:2
ckpt_4700.pt,1,133,0.5187196135520935,0.09971241652965546,0.4009360074996948,"163,109,152,129,119","11,205,148,209,175",1:387:2|1:395:2|1:424:2
ckpt_4700.pt,1,134,0.46307191252708435,0.08879940211772919,0.42414918541908264,"76,158,127,43,246","131,73,23,247,174",1:245:2|1:357:2|1:24:1
ckpt_4700.pt,1,135,0.46318137645721436,0.07902103662490845,0.37764015793800354,"205,15,242,194,163","202,255,248,193,9",1:77:2|1:539:2|1:11:1
ckpt_4700.pt,1,136,0.43091070652008057,0.09561175107955933,0.3802320659160614,"113,148,233,20,28","103,178,77,108,111",1:153:2|1:206:2|1:363:2
ckpt_4700.pt,1,137,0.429995596408844,0.07432648539543152,0.4154473543167114,"110,144,24,48,0","103,122,36,145,60",1:358:2|1:432:2|1:817:2
ckpt_4700.pt,1,138,0.4975643455982208,0.08523277938365936,0.43214038014411926,"70,221,7,77,139","41,53,105,210,244",1:7:1|1:16:1|1:17:1
ckpt_4700.pt,1,139,0.4988175332546234,0.1033516600728035,0.3999997079372406,"203,155,206,183,179","91,123,43,89,156",1:362:2|1:447:2|1:2:1
ckpt_4700.pt,1,140,0.5436834692955017,0.11920419335365295,0.42901208996772766,"249,180,11,134,243","107,175,110,181,73",1:678:2|1:931:2|1:6:1
ckpt_4700.pt,1,141,0.4647798538208008,0.0850738063454628,0.3931564688682556,"35,104,8,151,47","41,170,113,250,234",1:534:2|1:706:2|1:19:1
ckpt_4700.pt,1,142,0.506499171257019,0.08065837621688843,0.4394010305404663,"179,208,5,8,92","232,84,24,62,107",1:83:2|1:162:2|1:211:2
ckpt_4700.pt,1,143,0.5020135045051575,0.09418988227844238,0.40593454241752625,"19,131,2,46,237","47,97,37,117,226",1:17:2|1:23:2|1:282:2
ckpt_4700.pt,1,144,0.48987919092178345,0.0898982509970665,0.43209514021873474,"9,82,79,151,241","75,4,157,39,49",1:85:2|1:178:2|1:247:2
ckpt_4700.pt,1,145,0.44551554322242737,0.09678925573825836,0.41791266202926636,"228,28,80,146,229","70,114,18,177,118",1:310:2|1:344:2|1:376:2
ckpt_4700.pt,1,146,0.5018080472946167,0.0946936085820198,0.42496272921562195,"117,125,140,153,64","175,31,112,161,133",1:207:2|1:509:2|1:23:1
ckpt_4700.pt,1,147,0.4791450500488281,0.09008397161960602,0.3995855152606964,"242,22,214,137,113","16,127,181,191,29",1:118:2|1:353:2|1:503:2
ckpt_4700.pt,1,148,0.43202829360961914,0.09280869364738464,0.4052635729312897,"189,121,179,171,182","244,235,171,180,18",1:345:2|1:757:2|1:1:1
ckpt_4700.pt,1,149,0.46451863646507263,0.08138906955718994,0.3854398727416992,"99,233,179,4,227","152,42,46,18,126",1:58:2|1:110:2|1:181:2
ckpt_4700.pt,1,150,0.4730200171470642,0.09721263498067856,0.37935230135917664,"143,42,79,63,111","235,168,243,33,51",1:535:3|1:948:2|1:1018:2
ckpt_4700.pt,1,151,0.44685518741607666,0.0989617183804512,0.4086437225341797,"52,26,67,157,245","222,103,173,62,95",1:32:2|1:473:2|1:807:2
ckpt_4700.pt,1,152,0.48418092727661133,0.08882580697536469,0.431549072265625,"185,137,70,169,97","142,237,202,222,111",1:707:2|1:982:2|1:1011:2
ckpt_4700.pt,1,153,0.4626338481903076,0.07407408207654953,0.3938848078250885,"142,236,159,20,148","110,14,62,2,92",1:131:2|1:136:2|1:246:2
ckpt_4700.pt,1,154,0.5318008661270142,0.11533147841691971,0.42055103182792664,"255,116,227,69,128","100,107,80,189,221",1:275:2|1:287:2|1:935:2
ckpt_4700.pt,1,155,0.5291452407836914,0.08681090921163559,0.43461912870407104,"163,210,18,6,168","160,71,112,183,65",1:115:2|1:649:2|1:820:2
ckpt_4700.pt,1,156,0.4098380506038666,0.08409146964550018,0.38839849829673767,"32,144,120,79,250","63,174,2,73,11",1:445:2|1:715:2|1:783:2
ckpt_4700.pt,1,157,0.48162323236465454,0.07185608893632889,0.4150792062282562,"119,124,231,133,250","100,225,236,243,238",1:469:2|1:4:1|1:8:1
ckpt_4700.pt,1,158,0.47798919677734375,0.08508383482694626,0.38477063179016113,"80,103,241,114,136","192,40,68,115,196",1:386:2|1:516:2|1:974:2
ckpt_4700.pt,1,159,0.5030360221862793,0.09041228145360947,0.41359150409698486,"138,55,124,177,77","36,73,254,211,1",1:284:2|1:309:2|1:359:2
ckpt_4700.pt,1,160,0.5070710778236389,0.10065122693777084,0.3993145525455475,"196,95,243,241,105","209,235,141,122,199",1:395:2|1:439:2|1:548:2
ckpt_4700.pt,1,161,0.5107972621917725,0.12436925619840622,0.4240565598011017,"220,208,6,156,113","13,247,248,165,249",1:100:2|1:224:2|1:270:2
ckpt_4700.pt,1,162,0.4917208254337311,0.09646321088075638,0.3707468509674072,"44,92,179,246,225","210,100,77,197,203",1:142:2|1:416:2|1:604:2
ckpt_4700.pt,1,163,0.5058565735816956,0.10053414106369019,0.4166760742664337,"226,43,103,121,56","108,19,25,78,81",1:572:2|1:598:2|1:860:2
ckpt_4700.pt,1,164,0.48895445466041565,0.09371068328619003,0.40358349680900574,"44,177,46,43,94","164,69,107,139,115",1:570:2|1:615:2|1:17:1
ckpt_4700.pt,1,165,0.4879474639892578,0.11370017379522324,0.42031657695770264,"184,1,29,250,125","221,233,133,39,249",1:425:2|1:644:2|1:767:2
ckpt_4700.pt,1,166,0.4955770671367645,0.08799342811107635,0.4267643392086029,"18,161,195,14,232","14,57,243,203,19",1:348:2|1:6:1|1:35:1
ckpt_4700.pt,1,167,0.46501144766807556,0.0906057059764862,0.37590476870536804,"165,159,38,185,231","211,112,39,102,66",1:67:2|1:91:2|1:229:2
ckpt_4700.pt,1,168,0.47180598974227905,0.07516013830900192,0.3972940444946289,"203,15,31,181,200","1,189,48,222,108",1:46:2|1:286:2|1:508:2
ckpt_4700.pt,1,169,0.42447829246520996,0.07811034470796585,0.390872597694397,"138,20,135,153,249","25,2,76,115,99",1:657:2|1:779:2|1:10:1
ckpt_4700.pt,1,170,0.4878171682357788,0.1195494532585144,0.39392998814582825,"168,218,141,33,17","1,252,98,233,116",1:256:2|1:670:2|1:2:1
ckpt_4700.pt,1,171,0.48903515934944153,0.09454154968261719,0.4247992932796478,"181,253,246,3,161","196,124,252,15,47",1:575:2|1:18:1|1:41:1
ckpt_4700.pt,1,172,0.4754049777984619,0.11324955523014069,0.39091888070106506,"128,122,183,6,14","33,91,32,207,78",1:351:2|1:777:2|1:5:1
ckpt_4700.pt,1,173,0.4984639286994934,0.10479304939508438,0.40507692098617554,"43,32,89,233,134","212,11,209,42,115",1:239:2|1:556:2|1:615:2
ckpt_4700.pt,1,174,0.4063822627067566,0.06900447607040405,0.362662672996521,"204,20,66,134,37","33,79,136,204,63",1:6:1|1:18:1|1:30:1
ckpt_4700.pt,1,175,0.44497862458229065,0.08046098053455353,0.3660084009170532,"48,128,134,213,54","157,169,217,218,96",1:178:2|1:994:2|1:4:1
ckpt_4700.pt,1,176,0.5226607322692871,0.09150304645299911,0.4145163893699646,"34,115,116,129,206","243,179,250,190,145",1:55:2|1:947:2|1:969:2
ckpt_4700.pt,1,177,0.49909651279449463,0.09664339572191238,0.40918266773223877,"156,136,158,140,249","229,123,51,66,141",1:224:2|1:492:2|1:509:2
ckpt_4700.pt,1,178,0.4600035548210144,0.096343494951725,0.4234507083892822,"79,54,9,48,235","228,233,174,78,213",1:85:2|1:144:2|1:175:2
ckpt_4700.pt,1,179,0.4599880874156952,0.11558160930871964,0.39321503043174744,"17,58,44,161,182","122,188,0,154,167",1:80:2|1:225:2|1:401:2
ckpt_4700.pt,1,180,0.4953441321849823,0.10600493103265762,0.4366642236709595,"74,104,201,106,156","108,47,138,13,241",1:35:2|1:776:2|1:3:1
ckpt_4700.pt,1,181,0.4314625859260559,0.08569156378507614,0.356546014547348,"245,21,179,233,248","214,37,143,9,98",1:149:2|1:490:2|1:898:2
ckpt_4700.pt,1,182,0.48351001739501953,0.1014622151851654,0.41240575909614563,"162,73,139,23,229","254,78,153,194,131",1:311:2|1:442:2|1:444:2
ckpt_4700.pt,1,183,0.57608562707901,0.1086653396487236,0.457170307636261,"2,8,222,81,128","201,223,232,236,212",1:873:2|1:5:1|1:8:1
ckpt_4700.pt,1,184,0.5190017223358154,0.10132381319999695,0.4155946373939514,"255,211,2,164,138","211,117,61,216,143",1:421:2|1:532:2|1:10:1
ckpt_4700.pt,1,185,0.5075879096984863,0.08898374438285828,0.40380150079727173,"49,25,2,87,200","244,29,19,100,219",1:532:3|1:443:2|1:0:1
ckpt_4700.pt,1,186,0.5083911418914795,0.10577958077192307,0.42799851298332214,"64,159,164,195,146","75,244,116,131,89",1:194:2|1:674:2|1:3:1
ckpt_4700.pt,1,187,0.5220518708229065,0.10223720967769623,0.4006337821483612,"21,232,244,73,20","134,186,124,224,175",1:524:2|1:4:1|1:6:1
ckpt_4700.pt,1,188,0.511832058429718,0.10855972766876221,0.45273804664611816,"73,243,7,64,240","168,207,251,66,217",1:745:2|1:833:2|1:986:2
ckpt_4700.pt,1,189,0.4965469539165497,0.08980460464954376,0.43868309259414673,"2,220,246,79,108","179,52,80,106,128",1:722:3|1:58:2|1:247:2
ckpt_4700.pt,1,190,0.47011104226112366,0.09845062345266342,0.4245210886001587,"190,57,113,83,70","175,217,225,158,33",1:639:2|1:17:1|1:21:1
ckpt_4700.pt,1,191,0.45385876297950745,0.11676155030727386,0.43060430884361267,"91,223,208,20,122","55,168,3,44,223",1:205:2|1:412:2|1:5:1
ckpt_4700.pt,1,192,0.4984877109527588,0.12408128380775452,0.4427206814289093,"31,62,8,101,9","212,157,88,175,238",1:343:2|1:0:1|1:31:1
ckpt_4700.pt,1,193,0.44842174649238586,0.09446428716182709,0.4084523618221283,"234,27,121,35,117","26,165,44,129,140",1:450:2|1:774:2|1:897:2
ckpt_4700.pt,1,194,0.5769003033638,0.12673135101795197,0.4720238149166107,"207,64,159,101,5","85,51,244,165,201",1:186:2|1:355:2|1:656:2
ckpt_4700.pt,1,195,0.5275753736495972,0.11939369142055511,0.4312402307987213,"187,147,209,23,215","168,2,191,126,211",1:857:2|1:26:1|1:27:1
ckpt_4700.pt,1,196,0.4649597704410553,0.09043017774820328,0.4010206460952759,"123,236,24,197,215","164,145,242,140,196",1:316:2|1:452:2|1:937:2
ckpt_4700.pt,1,197,0.5182024240493774,0.10691755264997482,0.40604808926582336,"97,247,223,216,196","7,182,222,218,28",1:326:2|1:630:2|1:696:2
ckpt_4700.pt,1,198,0.5758268237113953,0.09771616756916046,0.46063897013664246,"220,126,54,106,41","61,175,165,39,13",1:238:2|1:655:2|1:821:2
ckpt_4700.pt,1,199,0.4749193787574768,0.10063391178846359,0.42877060174942017,"169,175,120,231,106","128,173,32,161,189",1:643:2|1:688:2|1:35:1
ckpt_4700.pt,1,200,0.4921196699142456,0.08264513313770294,0.38589921593666077,"51,209,155,41,138","107,4,161,121,11",1:405:2|1:744:2|1:995:2
ckpt_4700.pt,1,201,0.4901714324951172,0.09515105932950974,0.4300119876861572,"244,225,119,159,135","204,13,169,195,223",1:229:2|1:4:1|1:41:1
ckpt_4700.pt,1,202,0.41478028893470764,0.07869909703731537,0.36924004554748535,"145,186,201,92,32","94,190,12,28,80",1:1:1|1:3:1|1:5:1
ckpt_4700.pt,1,203,0.5191666483879089,0.09955368936061859,0.4406725764274597,"221,157,61,38,243","62,166,189,164,46",1:99:2|1:21:1|1:30:1
ckpt_4700.pt,1,204,0.42249369621276855,0.09936098754405975,0.37738943099975586,"62,44,244,213,230","244,138,68,52,185",1:92:2|1:511:2|1:781:2
ckpt_4700.pt,1,205,0.4546166956424713,0.08154530078172684,0.37631094455718994,"122,93,208,191,117","10,137,13,228,74",1:191:2|1:499:2|1:13:1
ckpt_4700.pt,1,206,0.47854557633399963,0.09190482646226883,0.40252768993377686,"233,239,29,113,196","118,151,218,197,156",1:136:2|1:556:2|1:8:1
ckpt_4700.pt,1,207,0.4906218349933624,0.08637916296720505,0.42327776551246643,"128,28,125,64,224","4,24,36,98,69",1:146:2|1:5:1|1:8:1
ckpt_4700.pt,1,208,0.476071298122406,0.0834648460149765,0.4091171324253082,"107,79,177,29,71","254,9,103,92,27",1:461:2|1:571:2|1:6:1
ckpt_4700.pt,1,209,0.5121188163757324,0.09885555505752563,0.4281245172023773,"62,200,156,188,245","7,19,221,100,104",1:12:1|1:19:1|1:27:1
ckpt_4700.pt,1,210,0.5358535051345825,0.09768517315387726,0.4523438811302185,"118,153,102,247,227","186,21,181,200,120",1:262:2|1:445:2|1:479:2
ckpt_4700.pt,1,211,0.5064256191253662,0.08085483312606812,0.40891143679618835,"5,185,184,92,12","134,139,202,213,65",1:142:2|1:464:2|1:878:2
ckpt_4700.pt,1,212,0.48368480801582336,0.11946245282888412,0.3948705494403839,"55,249,199,209,100","89,191,218,252,62",1:599:2|1:657:2|1:922:2
ckpt_4700.pt,1,213,0.4517311155796051,0.08365124464035034,0.3922131061553955,"55,24,161,42,114","212,172,177,142,216",1:372:2|1:876:2|1:1:1
ckpt_4700.pt,1,214,0.46005892753601074,0.091085284948349,0.364956259727478,"230,237,180,28,92","0,218,245,208,48",1:344:2|1:374:2|1:482:2
ckpt_4700.pt,1,215,0.609268069267273,0.13360486924648285,0.4832974076271057,"112,119,188,165,139","126,90,12,210,72",1:12:2|1:256:2|1:749:2
ckpt_4700.pt,1,216,0.5170137882232666,0.1169920414686203,0.42652565240859985,"255,111,194,22,144","40,172,134,255,179",1:14:2|1:89:2|1:226:2
ckpt_4700.pt,1,217,0.5666298270225525,0.10522594302892685,0.4445088505744934,"2,118,101,52,106","169,153,149,69,117",1:20:2|1:776:2|1:4:1
ckpt_4700.pt,1,218,0.5307040810585022,0.10213581472635269,0.46627140045166016,"187,57,8,230,78","42,171,222,31,8",1:558:2|1:643:2|1:27:1
ckpt_4700.pt,1,219,0.5410354137420654,0.08684831857681274,0.43622246384620667,"80,220,37,218,193","36,74,115,248,180",1:111:2|1:536:2|1:964:2
ckpt_4700.pt,1,220,0.4780600368976593,0.10037204623222351,0.43802493810653687,"142,36,77,207,57","91,189,150,129,201",1:42:2|1:303:2|1:403:2
ckpt_4700.pt,1,221,0.4913972020149231,0.10146132856607437,0.41063064336776733,"32,147,128,73,130","175,30,231,99,153",1:261:2|1:321:2|1:5:1
ckpt_4700.pt,1,222,0.4482760727405548,0.088091641664505,0.3994321823120117,"145,200,28,252,163","170,244,201,44,30",1:514:2|1:593:2|1:647:2
ckpt_4700.pt,1,223,0.5375542044639587,0.10355346649885178,0.44476425647735596,"67,36,236,182,119","254,212,165,221,54",1:446:2|1:637:2|1:648:2
ckpt_4700.pt,1,224,0.5103809833526611,0.08345384150743484,0.4207456707954407,"166,156,140,113,177","255,219,50,87,109",1:161:2|1:177:2|1:449:2
ckpt_4700.pt,1,225,0.48967328667640686,0.09169016778469086,0.43798398971557617,"107,17,182,188,143","33,203,98,174,247",1:179:2|1:401:2|1:628:2
ckpt_4700.pt,1,226,0.4588913917541504,0.08252359181642532,0.3908054530620575,"22,111,93,86,204","189,108,29,51,55",1:74:2|1:216:2|1:243:2
ckpt_4700.pt,1,227,0.5056410431861877,0.09844329208135605,0.417360782623291,"54,207,43,87,67","225,146,145,114,9",1:50:2|1:356:2|1:520:2
ckpt_4700.pt,1,228,0.46175965666770935,0.08982666581869125,0.4010246694087982,"76,242,233,123,62","3,215,204,214,96",1:654:3|1:88:2|1:615:2
ckpt_4700.pt,1,229,0.4930296838283539,0.09868355095386505,0.390519917011261,"87,118,231,159,244","201,99,83,177,17",1:4:2|1:20:2|1:67:2
ckpt_4700.pt,1,230,0.4448307454586029,0.09897617995738983,0.376478374004364,"254,96,15,124,41","2,209,175,47,57",1:953:2|1:0:1|1:22:1
ckpt_4700.pt,1,231,0.5270996689796448,0.11194265633821487,0.44684168696403503,"244,196,80,75,89","132,130,81,217,52",1:45:2|1:570:2|1:866:2
ckpt_4700.pt,1,232,0.4819745421409607,0.08142390102148056,0.41846609115600586,"155,65,223,190,104","7,126,213,145,216",1:410:2|1:771:2|1:19:1
ckpt_4700.pt,1,233,0.49117311835289,0.09275175631046295,0.43300801515579224,"74,177,64,162,48","44,107,241,0,192",1:102:2|1:778:2|1:4:1
ckpt_4700.pt,1,234,0.5030617713928223,0.09367040544748306,0.4298756420612335,"25,128,19,102,90","4,95,34,249,44",1:5:2|1:12:2|1:257:2
ckpt_4700.pt,1,235,0.5116589665412903,0.09256618469953537,0.4213547706604004,"109,62,96,4,208","98,239,170,24,26",1:424:2|1:721:2|1:886:2
ckpt_4700.pt,1,236,0.4885295033454895,0.0891590565443039,0.4360024631023407,"142,54,238,241,25","27,19,222,73,148",1:125:2|1:585:2|1:684:2
ckpt_4700.pt,1,237,0.5015303492546082,0.10485250502824783,0.40726253390312195,"22,7,117,244,49","28,121,203,37,54",1:59:2|1:384:2|1:486:2
ckpt_4700.pt,1,238,0.4528028964996338,0.09070694446563721,0.38996604084968567,"126,190,255,86,220","113,23,22,139,205",1:198:2|1:304:2|1:751:2
ckpt_4700.pt,1,239,0.45365697145462036,0.08656281977891922,0.4082333743572235,"18,43,233,146,129","46,202,219,240,100",1:173:2|1:340:2|1:615:2
ckpt_4700.pt,1,240,0.5643461346626282,0.11436998844146729,0.4726227819919586,"1,149,59,76,210","201,46,115,181,82",1:891:2|1:946:2|1:24:1
ckpt_4700.pt,1,241,0.5245553255081177,0.10070890933275223,0.45045578479766846,"189,85,231,226,144","67,142,176,134,61",1:116:2|1:340:2|1:594:2
ckpt_4700.pt,1,242,0.46524134278297424,0.09485318511724472,0.4191882908344269,"20,226,68,242,33","117,223,95,131,232",1:116:2|1:18:1|1:19:1
ckpt_4700.pt,1,243,0.45734718441963196,0.1256197988986969,0.39399969577789307,"213,22,80,93,239","127,216,17,154,1",1:226:2|1:448:2|1:556:2
ckpt_4700.pt,1,244,0.46489688754081726,0.09100382030010223,0.3839910626411438,"129,19,72,121,126","206,61,154,125,68",1:304:2|1:679:2|1:751:2
ckpt_4700.pt,1,245,0.41134506464004517,0.06688101589679718,0.37022820115089417,"143,43,219,153,127","126,182,240,246,127",1:49:2|1:134:2|1:992:2
ckpt_4700.pt,1,246,0.5165814757347107,0.09415919333696365,0.4415958523750305,"15,129,142,159,23","171,65,224,114,52",1:153:2|1:315:2|1:403:2
ckpt_4700.pt,1,247,0.49753645062446594,0.08484630286693573,0.4107062518596649,"79,245,82,246,251","133,48,126,210,76",1:58:2|1:144:2|1:189:2
ckpt_4700.pt,1,248,0.45079725980758667,0.0803433433175087,0.36656811833381653,"84,113,134,76,97","17,165,118,82,62",1:88:2|1:681:2|1:782:2
ckpt_4700.pt,1,249,0.4517406225204468,0.0756305456161499,0.3847516179084778,"108,107,216,78,152","87,215,33,178,90",1:894:2|1:32:1|1:51:1
ckpt_4700.pt,1,250,0.59200119972229,0.1003439724445343,0.4659251868724823,"55,231,23,213,206","186,162,9,180,17",1:264:2|1:848:2|1:876:2
ckpt_4700.pt,1,251,0.5132342576980591,0.08445066213607788,0.4639567732810974,"17,40,39,61,183","13,99,248,45,24",1:2:2|1:121:2|1:883:2
ckpt_4700.pt,1,252,0.5076867341995239,0.08030042797327042,0.4201379120349884,"136,212,90,108,188","110,254,11,131,27",1:12:2|1:51:2|1:80:2
ckpt_4700.pt,1,253,0.4596554636955261,0.08885055780410767,0.3869592249393463,"169,230,218,252,75","143,111,89,207,244",1:98:2|1:643:2|1:688:2
ckpt_4700.pt,1,254,0.4725624918937683,0.10704327374696732,0.414724737405777,"152,212,18,35,246","40,96,243,99,255",1:120:2|1:21:1|1:40:1
ckpt_4700.pt,1,255,0.48674994707107544,0.08371646702289581,0.4079320430755615,"13,218,131,44,61","161,42,81,202,38",1:78:2|1:112:2|1:574:2
ckpt_4700.pt,1,256,0.4782760441303253,0.09515213221311569,0.4152507483959198,"17,165,33,148,119","128,225,36,220,17",1:170:2|1:215:2|1:424:2
ckpt_4700.pt,1,257,0.5307857990264893,0.09339936822652817,0.4452296495437622,"128,195,168,165,90","196,21,218,254,228",1:12:2|1:234:2|1:281:2
ckpt_4700.pt,1,258,0.5341020226478577,0.10152895748615265,0.4489281177520752,"14,237,89,95,168","251,3,156,150,254",1:3:1|1:6:1|1:20:1
ckpt_4700.pt,1,259,0.4486975371837616,0.09669139236211777,0.3752211630344391,"74,145,255,71,225","116,100,231,251,92",1:124:2|1:843:2|1:1:1
ckpt_4700.pt,1,260,0.49935030937194824,0.08875002712011337,0.42031794786453247,"99,112,40,46,87","249,197,245,169,93",1:519:2|1:915:2|1:0:1
ckpt_4700.pt,1,261,0.5053601264953613,0.08919691294431686,0.4437597990036011,"21,32,181,230,147","131,32,190,189,169",1:221:2|1:286:2|1:941:2
ckpt_4700.pt,1,262,0.4548604488372803,0.0902693122625351,0.38514214754104614,"226,153,102,201,250","175,128,215,116,55",1:210:2|1:356:2|1:445:2
ckpt_4700.pt,1,263,0.4724254608154297,0.0800987035036087,0.4207538664340973,"190,100,227,160,37","138,74,142,248,247",1:379:2|1:930:2|1:16:1
ckpt_4700.pt,1,264,0.49969714879989624,0.10752671211957932,0.42883995175361633,"23,74,121,206,228","167,89,218,222,175",1:250:2|1:918:2|1:2:1
ckpt_4700.pt,1,265,0.4426329433917999,0.09144202619791031,0.3969368636608124,"149,154,190,240,13","226,60,248,74,77",1:39:2|1:573:2|1:743:2
ckpt_4700.pt,1,266,0.5055595636367798,0.08399929106235504,0.44233712553977966,"12,43,126,11,37","193,31,50,52,120",1:316:2|1:520:2|1:541:2
ckpt_4700.pt,1,267,0.45805713534355164,0.07293692231178284,0.36714884638786316,"88,82,162,92,107","17,178,60,127,219",1:735:2|1:894:2|1:5:1
ckpt_4700.pt,1,268,0.484127014875412,0.09424508363008499,0.42414596676826477,"38,56,241,199,35","230,175,14,247,235",1:2:1|1:17:1|1:21:1
ckpt_4700.pt,1,269,0.4631769061088562,0.08836876600980759,0.39890265464782715,"251,245,222,98,175","191,129,153,27,130",1:522:4|1:247:2|1:873:2
ckpt_4700.pt,1,270,0.49993640184402466,0.0802081897854805,0.45254212617874146,"156,220,30,206,197","248,142,143,112,144",1:161:2|1:364:2|1:378:2
ckpt_4700.pt,1,271,0.48817184567451477,0.08778279274702072,0.4306633174419403,"55,69,4,220,91","165,219,21,31,70",1:524:2|1:722:2|1:895:2
ckpt_4700.pt,1,272,0.4760439395904541,0.1168999969959259,0.41699331998825073,"187,83,183,221,181","19,155,55,251,58",1:122:2|1:14:1|1:27:1
ckpt_4700.pt,1,273,0.5473615527153015,0.08901616930961609,0.4523877501487732,"142,18,29,39,139","131,204,28,47,197",1:327:2|1:369:2|1:844:2
ckpt_4700.pt,1,274,0.47549721598625183,0.09314104914665222,0.40880846977233887,"203,69,3,211,154","94,139,177,140,134",1:533:2|1:596:2|1:665:2
ckpt_4700.pt,1,275,0.5014393925666809,0.08824767917394638,0.41126033663749695,"116,221,164,119,128","114,112,211,232,83",1:154:2|1:421:2|1:465:2
ckpt_4700.pt,1,276,0.5183796286582947,0.0879593938589096,0.4538240134716034,"7,165,122,56,109","39,104,244,178,61",1:55:2|1:424:2|1:773:2
ckpt_4700.pt,1,277,0.4594492018222809,0.07731673866510391,0.4016803205013275,"45,249,255,13,195","210,67,244,123,5",1:112:2|1:278:2|1:9:1
ckpt_4700.pt,1,278,0.5175777673721313,0.10347094386816025,0.4065202474594116,"255,45,157,196,10","254,169,129,102,73",1:277:2|1:784:2|1:8:1
ckpt_4700.pt,1,279,0.43352246284484863,0.07035588473081589,0.36193418502807617,"46,71,120,153,13","94,137,90,223,61",1:126:2|1:596:2|1:672:2
ckpt_4700.pt,1,280,0.4721825122833252,0.07015866041183472,0.3962467908859253,"232,24,40,140,227","7,94,135,168,212",1:467:2|1:472:2|1:549:2
ckpt_4700.pt,1,281,0.49444857239723206,0.08497322350740433,0.46559858322143555,"22,3,52,90,165","154,66,81,23,5",1:12:2|1:78:2|1:257:2
ckpt_4700.pt,1,282,0.4883417785167694,0.0959794670343399,0.42076802253723145,"35,131,180,98,19","131,75,165,50,148",1:143:2|1:697:2|1:889:2
ckpt_4700.pt,1,283,0.47062361240386963,0.08440793305635452,0.42027562856674194,"242,83,53,225,46","255,148,161,210,24",1:615:2|1:710:2|1:720:2
ckpt_4700.pt,1,284,0.49896475672721863,0.0948914960026741,0.40720105171203613,"158,52,124,55,80","62,235,182,203,24",1:159:2|1:460:2|1:587:2
ckpt_4700.pt,1,285,0.48064547777175903,0.07531410455703735,0.3630862832069397,"99,205,118,8,158","177,9,241,219,57",1:368:2|1:428:2|1:762:2
ckpt_4700.pt,1,286,0.46869534254074097,0.08596554398536682,0.41766247153282166,"31,251,21,181,159","87,13,149,130,96",1:168:2|1:261:2|1:933:2
ckpt_4700.pt,1,287,0.4587121307849884,0.11481662839651108,0.408737450838089,"69,194,233,116,162","219,102,254,211,226",1:154:2|1:299:2|1:13:1
ckpt_4700.pt,1,288,0.48215723037719727,0.08662861585617065,0.39748823642730713,"222,74,107,141,147","137,184,191,59,41",1:501:2|1:832:2|1:955:2
ckpt_4700.pt,1,289,0.4353460967540741,0.08282573521137238,0.3689552843570709,"103,131,17,232,236","175,18,73,145,211",1:397:2|1:549:2|1:598:2
ckpt_4700.pt,1,290,0.49023112654685974,0.07836860418319702,0.4048224985599518,"113,9,208,215,118","15,20,146,77,86",1:161:2|1:444:2|1:473:2
ckpt_4700.pt,1,291,0.5189033150672913,0.0827152356505394,0.4509434103965759,"99,227,108,75,48","38,24,62,133,144",1:149:2|1:358:2|1:733:2
ckpt_4700.pt,1,292,0.5185016989707947,0.08182787895202637,0.40453243255615234,"251,225,197,2,99","171,237,68,116,55",1:354:2|1:737:2|1:851:2
ckpt_4700.pt,1,293,0.4418163001537323,0.10317465662956238,0.38048094511032104,"107,220,60,167,102","39,32,138,201,220",1:9:2|1:68:2|1:419:2
ckpt_4700.pt,1,294,0.456587016582489,0.10848110914230347,0.38499146699905396,"198,1,187,73,9","32,66,226,111,27",1:325:2|1:872:2|1:986:2
ckpt_4700.pt,1,295,0.48666059970855713,0.10324349999427795,0.4362182021141052,"235,156,6,40,218","205,125,80,135,100",1:161:2|1:875:2|1:19:1
ckpt_4700.pt,1,296,0.4969726800918579,0.1035015881061554,0.4205682873725891,"108,74,57,38,11","77,249,40,71,27",1:541:2|1:21:1|1:28:1
ckpt_4700.pt,1,297,0.5493351221084595,0.13432677090168,0.45033422112464905,"86,16,23,153,36","124,107,28,45,55",1:577:2|1:900:2|1:15:1
ckpt_4700.pt,1,298,0.48670291900634766,0.0820729210972786,0.3883688151836395,"223,45,219,123,129","196,253,139,174,244",1:127:2|1:568:2|1:673:2
ckpt_4700.pt,1,299,0.47685906291007996,0.0942765325307846,0.38945984840393066,"152,100,162,194,42","28,15,61,128,179",1:287:2|1:538:2|1:576:2
ckpt_4700.pt,1,300,0.5265989899635315,0.10240335017442703,0.4339427649974823,"24,188,132,100,91","204,239,203,150,72",1:361:2|1:432:2|1:625:2
ckpt_4700.pt,1,301,0.5172380208969116,0.10234741121530533,0.43456530570983887,"50,32,220,87,138","97,35,252,52,188",1:505:2|1:532:2|1:801:2
ckpt_4700.pt,1,302,0.5326544046401978,0.09896621108055115,0.4356970489025116,"25,172,248,232,36","60,178,247,100,206",1:433:2|1:600:2|1:626:2
ckpt_4700.pt,1,303,0.4716947376728058,0.10216562449932098,0.4097643196582794,"36,198,227,175,142","227,224,252,45,25",1:42:2|1:220:2|1:377:2
ckpt_4700.pt,1,304,0.5202863812446594,0.09630177170038223,0.459767609834671,"142,94,126,255,72","149,215,46,232,184",1:238:2|1:244:2|1:7:1
ckpt_4700.pt,1,305,0.44976264238357544,0.09176348149776459,0.3897939920425415,"211,61,116,180,8","212,101,250,65,232",1:514:2|1:613:2|1:13:1
ckpt_4700.pt,1,306,0.49135473370552063,0.1066315546631813,0.4085104167461395,"79,22,19,170,33","61,203,251,31,191",1:335:2|1:431:2|1:459:2
ckpt_4700.pt,1,307,0.5323504209518433,0.10350705683231354,0.4444100260734558,"45,250,237,86,154","164,235,29,154,197",1:767:3|1:54:2|1:462:2
ckpt_4700.pt,1,308,0.5040946006774902,0.09653142094612122,0.4107256829738617,"125,32,44,111,229","189,173,19,77,170",1:682:2|1:731:2|1:741:2
ckpt_4700.pt,1,309,0.4820404350757599,0.09828320890665054,0.4081277847290039,"86,55,77,245,30","116,45,86,226,151",1:159:2|1:422:2|1:572:2
ckpt_4700.pt,1,310,0.4863341152667999,0.10105331242084503,0.4312114715576172,"80,36,228,127,179","130,179,196,94,222",1:145:2|1:377:2|1:964:2
ckpt_4700.pt,1,311,0.5481272339820862,0.11990203708410263,0.4196152091026306,"186,105,139,164,73","54,142,237,234,157",1:182:2|1:470:2|1:822:2
ckpt_4700.pt,1,312,0.5126252174377441,0.11203782260417938,0.43054088950157166,"28,244,70,210,217","47,3,71,221,78",1:17:2|1:482:2|1:4:1
ckpt_4700.pt,1,313,0.460048109292984,0.0911196693778038,0.416607141494751,"97,20,57,69,104","99,61,143,172,96",1:480:2|1:9:1|1:15:1
ckpt_4700.pt,1,314,0.5020804405212402,0.10432270169258118,0.4460291862487793,"33,58,92,244,190","175,128,82,0,216",1:71:2|1:875:2|1:1010:2
ckpt_4700.pt,1,315,0.4424971640110016,0.08247528225183487,0.39273807406425476,"94,149,159,129,211","54,10,171,216,134",1:246:2|1:803:2|1:24:1
ckpt_4700.pt,1,316,0.5034083127975464,0.09030058979988098,0.4029044508934021,"43,236,12,123,234","98,209,57,128,135",1:37:2|1:81:2|1:196:2
ckpt_4700.pt,1,317,0.4377930462360382,0.08049523085355759,0.4020836651325226,"110,182,31,124,148","75,112,53,92,70",1:878:2|1:938:2|1:0:1
ckpt_4700.pt,1,318,0.4678537845611572,0.08337743580341339,0.39058324694633484,"102,185,35,61,125","96,202,153,76,206",1:122:2|1:756:2|1:9:1
ckpt_4700.pt,1,319,0.4847813844680786,0.0972922295331955,0.4114813506603241,"118,179,235,150,131","105,33,5,223,38",1:659:2|1:964:2|1:4:1
ckpt_4700.pt,1,320,0.47807660698890686,0.08888503909111023,0.3927394151687622,"20,252,112,191,159","68,107,13,227,66",1:106:2|1:153:2|1:363:2
ckpt_4700.pt,1,321,0.4800100028514862,0.08111637830734253,0.43946534395217896,"156,147,169,58,130","94,122,102,47,90",1:221:2|1:474:2|1:581:2
ckpt_4700.pt,1,322,0.50186687707901,0.08889017254114151,0.4291747510433197,"136,77,243,74,88","53,173,46,168,21",1:16:2|1:483:2|1:7:1
ckpt_4700.pt,1,323,0.5021383762359619,0.11250321567058563,0.4152246117591858,"182,252,196,132,23","1,202,253,181,22",1:696:2|1:8:1|1:26:1
ckpt_4700.pt,1,324,0.5618548393249512,0.09837528318166733,0.49287673830986023,"194,175,141,84,156","217,142,186,208,168",1:790:2|1:47:1|1:61:1
ckpt_4700.pt,1,325,0.5229249000549316,0.11867769807577133,0.41002482175827026,"1,127,198,74,20","182,219,76,240,183",1:124:2|1:294:2|1:18:1
ckpt_4700.pt,1,326,0.4474027752876282,0.08249334245920181,0.41037076711654663,"75,213,223,247,204","220,217,102,187,97",1:114:2|1:197:2|1:7:1
ckpt_4700.pt,1,327,0.5414116978645325,0.0935516208410263,0.4423159062862396,"29,43,139,232,231","63,14,189,21,37",1:50:2|1:273:2|1:418:2
ckpt_4700.pt,1,328,0.46365344524383545,0.08498354256153107,0.3699674904346466,"17,115,185,223,13","118,45,170,12,254",1:90:2|1:2:1|1:9:1
ckpt_4700.pt,1,329,0.45587924122810364,0.10265406221151352,0.40020129084587097,"71,58,110,141,30","245,203,90,64,112",1:369:2|1:391:2|1:6:1
ckpt_4700.pt,1,330,0.48487576842308044,0.0853128582239151,0.4523865282535553,"227,109,60,144,19","134,47,231,250,53",1:11:2|1:358:2|1:410:2
ckpt_4700.pt,1,331,0.5175397396087646,0.08919822424650192,0.4201047420501709,"251,51,40,219,174","100,108,233,196,247",1:40:2|1:400:2|1:662:2
ckpt_4700.pt,1,332,0.43688634037971497,0.0732295960187912,0.4199647903442383,"87,140,127,51,106","18,237,40,232,78",1:24:2|1:492:2|1:509:2
ckpt_4700.pt,1,333,0.4433579742908478,0.0705876275897026,0.4181589186191559,"62,222,66,136,119","191,177,240,232,77",1:128:2|1:387:2|1:480:2
ckpt_4700.pt,1,334,0.4582393169403076,0.08629806339740753,0.4121529757976532,"102,50,59,186,141","7,109,194,80,205",1:516:2|1:814:2|1:9:1
ckpt_4700.pt,1,335,0.5336722135543823,0.11463547497987747,0.43239566683769226,"78,22,59,234,170","189,200,252,95,82",1:306:2|1:612:2|1:946:2
ckpt_4700.pt,1,336,0.43896493315696716,0.08136234432458878,0.3598105311393738,"82,22,158,3,232","180,200,250,81,19",1:281:2|1:448:2|1:750:2
ckpt_4700.pt,1,337,0.49259087443351746,0.09827256202697754,0.39052844047546387,"89,216,139,200,9","139,149,218,82,224",1:85:2|1:489:2|1:812:2
ckpt_4700.pt,1,338,0.4542832374572754,0.097742460668087,0.41350388526916504,"114,120,152,23,172","34,7,104,145,163",1:966:2|1:1:1|1:26:1
ckpt_4700.pt,1,339,0.47159770131111145,0.10461528599262238,0.38952895998954773,"146,84,107,55,144","132,115,93,184,141",1:3:2|1:837:2|1:14:1
ckpt_4700.pt,1,340,0.5368942618370056,0.11267510801553726,0.43740314245224,"233,94,85,146,226","66,121,139,244,175",1:239:2|1:241:2|1:3:1
ckpt_4700.pt,1,341,0.5278285145759583,0.09216427057981491,0.40872329473495483,"98,149,160,206,181","53,100,51,89,139",1:663:2|1:2:1|1:16:1
ckpt_4700.pt,1,342,0.4298117756843567,0.07464439421892166,0.36701735854148865,"233,135,228,27,120","80,47,28,55,164",1:0:1|1:22:1|1:58:1
ckpt_4700.pt,1,343,0.5516385436058044,0.09090148657560349,0.46470507979393005,"217,8,237,79,62","48,181,234,15,115",1:92:2|1:192:2|1:387:2
ckpt_4700.pt,1,344,0.5071937441825867,0.08228347450494766,0.4143039286136627,"241,28,180,229,188","125,216,36,208,119",1:145:2|1:214:2|1:401:2
ckpt_4700.pt,1,345,0.4891861379146576,0.09939655661582947,0.4118097424507141,"55,121,171,248,240","48,96,102,176,213",1:148:2|1:450:2|1:702:2
ckpt_4700.pt,1,346,0.44185394048690796,0.08388543874025345,0.40274980664253235,"254,17,189,174,69","28,224,40,81,32",1:2:2|1:359:2|1:453:2
ckpt_4700.pt,1,347,0.5201389193534851,0.08150850981473923,0.427246630191803,"150,88,108,91,141","184,238,35,164,12",1:131:2|1:894:2|1:5:1
ckpt_4700.pt,1,348,0.44836732745170593,0.09623989462852478,0.3781120479106903,"14,41,85,18,19","217,184,199,224,212",1:166:2|1:765:2|1:889:2
ckpt_4700.pt,1,349,0.39831897616386414,0.0663086473941803,0.37916266918182373,"59,15,144,182,114","189,20,92,188,171",1:495:2|1:610:2|1:817:2
ckpt_4700.pt,1,350,0.4929905831813812,0.10353600978851318,0.4194949269294739,"100,251,19,74,184","217,216,116,99,224",1:651:2|1:761:2|1:811:2
ckpt_4700.pt,1,351,0.48319458961486816,0.09223558753728867,0.4380911886692047,"183,110,14,176,188","56,91,24,179,83",1:172:2|1:398:2|1:1015:2
ckpt_4700.pt,1,352,0.4844073951244354,0.08102607727050781,0.4160216152667999,"166,207,206,103,143","246,198,217,191,197",1:670:2|1:884:2|1:1009:2
ckpt_4700.pt,1,353,0.4843909740447998,0.08914320915937424,0.42104631662368774,"137,22,116,44,89","183,37,163,220,38",1:118:2|1:147:2|1:503:2
ckpt_4700.pt,1,354,0.5083112120628357,0.12279993295669556,0.4449801445007324,"2,13,133,210,99","252,121,238,169,198",1:292:2|1:380:2|1:443:2
ckpt_4700.pt,1,355,0.521770715713501,0.08746642619371414,0.45886436104774475,"220,5,207,225,27","223,175,80,188,25",1:194:2|1:791:2|1:0:1
ckpt_4700.pt,1,356,0.4653169810771942,0.08542989939451218,0.39903607964515686,"102,43,201,54,91","185,103,55,250,31",1:110:2|1:227:2|1:262:2
ckpt_4700.pt,1,357,0.44092240929603577,0.08875641226768494,0.3994569480419159,"78,127,158,37,221","123,27,250,228,70",1:129:2|1:134:2|1:612:2
ckpt_4700.pt,1,358,0.4616428017616272,0.08411895483732224,0.39597824215888977,"30,119,144,227,48","132,202,148,53,67",1:137:2|1:291:2|1:330:2
ckpt_4700.pt,1,359,0.5011212229728699,0.09724496304988861,0.4187660217285156,"254,89,177,174,77","252,223,44,30,23",1:159:2|1:346:2|1:436:2
ckpt_4700.pt,1,360,0.4497365355491638,0.09451989829540253,0.377594530582428,"144,143,222,14,187","199,80,146,93,20",1:44:2|1:49:2|1:522:2
ckpt_4700.pt,1,361,0.45621025562286377,0.07677219063043594,0.39499780535697937,"11,80,203,132,100","248,167,160,137,45",1:408:3|1:44:2|1:300:2
ckpt_4700.pt,1,362,0.45880189538002014,0.07470214366912842,0.37115517258644104,"183,189,178,203,79","247,175,80,68,148",1:139:2|1:634:2|1:984:2
ckpt_4700.pt,1,363,0.44490355253219604,0.10857343673706055,0.384926974773407,"133,233,20,112,54","12,104,196,61,131",1:106:2|1:136:2|1:320:2
ckpt_4700.pt,1,364,0.5911937952041626,0.15058603882789612,0.4770958423614502,"220,67,13,101,156","224,252,63,4,115",1:9:2|1:90:2|1:112:2
ckpt_4700.pt,1,365,0.5355749130249023,0.10002488642930984,0.42631447315216064,"29,249,189,19,224","47,44,209,34,73",1:15:2|1:435:2|1:874:2
ckpt_4700.pt,1,366,0.545091986656189,0.10385160893201828,0.42906278371810913,"128,176,204,178,52","194,195,161,16,122",1:5:2|1:763:2|1:799:2
ckpt_4700.pt,1,367,0.4715620279312134,0.09001222997903824,0.41704750061035156,"181,22,155,0,238","137,55,39,149,97",1:132:2|1:838:2|1:11:1
ckpt_4700.pt,1,368,0.49395260214805603,0.08513277024030685,0.4209457039833069,"212,158,166,99,4","24,231,204,6,222",1:149:2|1:285:2|1:428:2
ckpt_4700.pt,1,369,0.46859288215637207,0.12268280982971191,0.4123176038265228,"155,139,142,58,110","84,97,73,236,153",1:29:2|1:273:2|1:329:2
ckpt_4700.pt,1,370,0.5165213942527771,0.08791603147983551,0.40603411197662354,"70,61,168,236,223","19,128,185,178,191",1:371:2|1:618:2|1:863:2
ckpt_4700.pt,1,371,0.48577389121055603,0.0823623538017273,0.42511889338493347,"215,70,2,223,152","227,22,190,28,79",1:370:2|1:618:2|1:639:2
ckpt_4700.pt,1,372,0.4033319056034088,0.06967206299304962,0.3451114296913147,"191,248,114,24,107","255,133,177,5,175",1:213:2|1:595:2|1:864:2
ckpt_4700.pt,1,373,0.4642914831638336,0.08611199259757996,0.41630446910858154,"151,239,115,188,63","49,250,90,51,208",1:12:1|1:20:1|1:27:1
ckpt_4700.pt,1,374,0.49555858969688416,0.08358306437730789,0.425995409488678,"48,140,242,180,230","108,200,117,115,183",1:214:2|1:563:2|1:720:2
ckpt_4700.pt,1,375,0.48437240719795227,0.08380892127752304,0.42310744524002075,"212,254,53,103,255","112,81,213,219,227",1:584:2|1:683:2|1:10:1
ckpt_4700.pt,1,376,0.49051883816719055,0.08725685626268387,0.4206085205078125,"39,146,109,86,228","24,39,216,107,220",1:66:2|1:145:2|1:451:2
ckpt_4700.pt,1,377,0.49293458461761475,0.08325047791004181,0.4350557029247284,"181,6,127,36,175","115,233,142,32,43",1:41:2|1:132:2|1:303:2
ckpt_4700.pt,1,378,0.5062291026115417,0.08354441821575165,0.4201359152793884,"220,109,117,181,30","52,82,143,3,154",1:270:2|1:433:2|1:486:2
ckpt_4700.pt,1,379,0.48559871315956116,0.10099047422409058,0.41527384519577026,"227,219,114,160,186","160,95,8,65,23",1:76:2|1:263:2|1:935:2
ckpt_4700.pt,1,380,0.5281871557235718,0.11705957353115082,0.426474392414093,"93,90,99,13,128","34,32,93,63,76",1:8:2|1:78:2|1:234:2
ckpt_4700.pt,1,381,0.5183401703834534,0.13097666203975677,0.4164414405822754,"127,245,209,230,102","117,119,37,73,217",1:68:2|1:545:2|1:546:2
ckpt_4700.pt,1,382,0.4629019796848297,0.0795818492770195,0.4209829270839691,"140,61,145,6,123","117,129,96,88,21",1:514:2|1:561:2|1:919:2
ckpt_4700.pt,1,383,0.4756712019443512,0.09288743883371353,0.44454291462898254,"80,46,171,243,91","91,151,9,13,215",1:99:2|1:408:2|1:5:1
ckpt_4700.pt,1,384,0.4777442216873169,0.10438019782304764,0.4194571375846863,"156,117,49,90,221","116,245,193,106,6",1:237:2|1:432:2|1:449:2
ckpt_4700.pt,1,385,0.5085965394973755,0.09363023191690445,0.4291856288909912,"206,124,251,16,63","167,51,120,112,166",1:942:2|1:2:1|1:34:1
ckpt_4700.pt,1,386,0.5096585154533386,0.11987035721540451,0.41589561104774475,"108,103,6,13,114","2,185,89,212,142",1:158:2|1:1:1|1:9:1
ckpt_4700.pt,1,387,0.4776116609573364,0.09327235072851181,0.401113897562027,"217,122,152,62,119","122,152,53,68,178",1:133:2|1:333:2|1:343:2
ckpt_4700.pt,1,388,0.4939979314804077,0.08893652260303497,0.4371732771396637,"218,86,145,103,98","238,182,56,13,39",1:657:2|1:697:2|1:900:2
ckpt_4700.pt,1,389,0.5099664926528931,0.09829822182655334,0.42873209714889526,"31,201,35,53,210","134,25,8,140,132",1:120:2|1:0:1|1:3:1
ckpt_4700.pt,1,390,0.4079726040363312,0.06858251988887787,0.37572458386421204,"185,218,132,51,255","94,10,26,248,25",1:758:3|1:98:2|1:104:2
ckpt_4700.pt,1,391,0.5305336713790894,0.08645467460155487,0.45235827565193176,"22,97,141,231,30","95,135,254,216,139",1:329:2|1:415:2|1:9:1
ckpt_4700.pt,1,392,0.43464845418930054,0.09725203365087509,0.4317375719547272,"31,39,10,185,136","246,0,235,171,230",1:0:1|1:2:1|1:4:1
ckpt_4700.pt,1,393,0.502147376537323,0.11244475841522217,0.3969212770462036,"85,100,84,150,149","85,146,124,111,186",1:8:1|1:24:1|1:33:1
ckpt_4700.pt,1,394,0.5497404932975769,0.09716518223285675,0.4248184859752655,"160,58,184,136,70","99,95,15,204,7",1:578:2|1:633:2|1:694:2
ckpt_4700.pt,1,395,0.44344350695610046,0.08464929461479187,0.394661545753479,"163,241,105,235,152","243,56,41,203,188",1:19:2|1:25:2|1:133:2
ckpt_4700.pt,1,396,0.44533002376556396,0.09799011796712875,0.39797940850257874,"43,163,108,47,228","89,61,18,38,104",1:25:2|1:528:2|1:901:2
ckpt_4700.pt,1,397,0.44829532504081726,0.07866440713405609,0.4305723011493683,"103,228,240,178,131","174,97,53,133,71",1:127:3|1:22:2|1:289:2
ckpt_4700.pt,1,398,0.4979665279388428,0.09441075474023819,0.46084749698638916,"105,224,188,246,176","223,252,250,61,230",1:33:2|1:128:2|1:351:2
ckpt_4700.pt,1,399,0.47488051652908325,0.08732344955205917,0.4353407323360443,"249,227,146,177,31","228,250,156,248,163",1:430:2|1:0:1|1:3:1
ckpt_4700.pt,1,400,0.4252457916736603,0.07624393701553345,0.3702957034111023,"138,33,241,40,174","96,87,129,253,76",1:2:2|1:331:2|1:421:2
ckpt_4700.pt,1,401,0.43901559710502625,0.10982215404510498,0.3900687098503113,"241,182,229,104,17","210,4,139,182,143",1:2:2|1:179:2|1:225:2
ckpt_4700.pt,1,402,0.4407895505428314,0.08729448914527893,0.39752623438835144,"178,25,212,17,197","40,235,93,254,84",1:1015:2|1:1:1|1:2:1
ckpt_4700.pt,1,403,0.4465649127960205,0.09878578037023544,0.4006582498550415,"190,77,1,23,142","202,96,236,52,32",1:220:2|1:246:2|1:459:2
ckpt_4700.pt,1,404,0.46318507194519043,0.08331435918807983,0.4079289138317108,"224,248,3,229,133","208,171,50,132,25",1:18:2|1:33:2|1:518:2
ckpt_4700.pt,1,405,0.536999523639679,0.09664323925971985,0.4466868042945862,"51,14,138,66,8","122,132,35,72,33",1:200:2|1:747:2|1:24:1
ckpt_4700.pt,1,406,0.510021448135376,0.10455229878425598,0.4244630038738251,"196,154,251,25,47","33,216,120,61,128",1:437:2|1:866:2|1:969:2
ckpt_4700.pt,1,407,0.4943164885044098,0.10319282114505768,0.4100338816642761,"72,5,154,236,98","126,13,136,3,210",1:767:2|1:906:2|1:24:1
ckpt_4700.pt,1,408,0.5108404755592346,0.08525785803794861,0.43607190251350403,"11,171,203,129,80","64,145,101,163,193",1:361:3|1:44:2|1:383:2
ckpt_4700.pt,1,409,0.547523558139801,0.1078207790851593,0.46283647418022156,"146,194,90,215,192","17,131,217,35,114",1:78:2|1:582:2|1:992:2
ckpt_4700.pt,1,410,0.5012264847755432,0.08638741075992584,0.40051114559173584,"138,19,190,223,144","171,208,193,2,197",1:232:2|1:330:2|1:3:1
ckpt_4700.pt,1,411,0.43547993898391724,0.09031204879283905,0.3779972791671753,"251,123,158,14,141","181,189,95,27,132",1:35:2|1:937:2|1:44:1
ckpt_4700.pt,1,412,0.6162514686584473,0.13033315539360046,0.4636520743370056,"250,61,208,20,42","35,155,114,229,63",1:191:2|1:589:2|1:613:2
ckpt_4700.pt,1,413,0.5267682671546936,0.11786491423845291,0.43529626727104187,"236,163,93,78,184","99,38,215,138,148",1:650:2|1:993:2|1:24:1
ckpt_4700.pt,1,414,0.4964332580566406,0.09743917733430862,0.4172736704349518,"110,161,99,162,170","184,49,98,185,32",1:8:1|1:10:1|1:29:1
ckpt_4700.pt,1,415,0.4251023828983307,0.07355673611164093,0.38380923867225647,"174,231,22,156,132","106,154,2,254,18",1:391:2|1:432:2|1:590:2
ckpt_4700.pt,1,416,0.5761275291442871,0.12083163112401962,0.481775164604187,"92,44,70,200,64","55,35,255,11,133",1:162:2|1:570:2|1:578:2
ckpt_4700.pt,1,417,0.5023048520088196,0.0894511491060257,0.4016205668449402,"78,172,4,209,164","7,79,215,225,196",1:10:2|1:27:1|1:41:1
ckpt_4700.pt,1,418,0.49603286385536194,0.09026429057121277,0.4354216754436493,"218,43,231,164,72","112,49,53,31,114",1:47:2|1:327:2|1:875:2
ckpt_4700.pt,1,419,0.48347988724708557,0.09005322307348251,0.38925954699516296,"209,58,236,60,107","2,187,167,247,195",1:68:2|1:293:2|1:497:2
ckpt_4700.pt,1,420,0.4813768267631531,0.0844670981168747,0.42517605423927307,"162,25,205,226,203","118,167,38,59,159",1:76:2|1:103:2|1:11:1
ckpt_4700.pt,1,421,0.5257656574249268,0.09861820191144943,0.4356679320335388,"33,164,138,221,30","163,166,103,191,40",1:71:2|1:184:2|1:275:2
ckpt_4700.pt,1,422,0.482409805059433,0.08490896224975586,0.3976718783378601,"202,153,115,55,30","172,62,180,148,106",1:90:2|1:309:2|1:686:2
ckpt_4700.pt,1,423,0.502440333366394,0.09120003134012222,0.4082372784614563,"133,242,189,235,35","22,167,218,96,119",1:60:2|1:606:2|1:1:1
ckpt_4700.pt,1,424,0.48103541135787964,0.10517105460166931,0.38206759095191956,"96,165,33,163,109","158,243,238,11,191",1:133:2|1:235:2|1:256:2
ckpt_4700.pt,1,425,0.4789893627166748,0.08628243952989578,0.41530054807662964,"1,184,241,242,146","38,221,114,203,210",1:165:2|1:690:2|1:703:2
ckpt_4700.pt,1,426,0.47723105549812317,0.08845658600330353,0.41811391711235046,"213,225,133,131,155","241,124,140,191,95",1:574:2|1:17:1|1:41:1
ckpt_4700.pt,1,427,0.47627976536750793,0.08099997788667679,0.42283231019973755,"238,152,84,254,43","246,13,223,237,97",1:490:2|1:11:1|1:25:1
ckpt_4700.pt,1,428,0.47867321968078613,0.08232929557561874,0.3866315484046936,"158,99,149,63,7","169,127,60,189,179",1:57:2|1:285:2|1:368:2
ckpt_4700.pt,1,429,0.5061641335487366,0.116889588534832,0.3929019570350647,"210,46,105,224,147","242,73,24,36,9",1:33:2|1:398:2|1:439:2
ckpt_4700.pt,1,430,0.4938833713531494,0.08345548808574677,0.40707412362098694,"202,217,237,177,146","96,235,151,4,107",1:61:2|1:343:2|1:399:2
ckpt_4700.pt,1,431,0.45344972610473633,0.0880500078201294,0.37463998794555664,"46,33,70,37,22","28,185,145,163,141",1:17:2|1:306:2|1:448:2
ckpt_4700.pt,1,432,0.4789007902145386,0.08880221098661423,0.4044785797595978,"132,117,0,156,24","237,227,171,143,89",1:137:2|1:300:2|1:384:2
ckpt_4700.pt,1,433,0.5159359574317932,0.09907161444425583,0.40335729718208313,"232,109,117,172,235","71,13,57,0,100",1:302:2|1:378:2|1:472:2
ckpt_4700.pt,1,434,0.5337527394294739,0.09560903906822205,0.4324932098388672,"224,45,54,209,216","73,185,38,138,187",1:646:3|1:46:2|1:87:2
ckpt_4700.pt,1,435,0.44438233971595764,0.09525224566459656,0.3674473166465759,"189,249,114,234,214","25,215,56,122,173",1:1:2|1:365:2|1:460:2
ckpt_4700.pt,1,436,0.45666271448135376,0.09137527644634247,0.40928247570991516,"252,2,177,254,209","145,178,149,124,44",1:359:2|1:532:2|1:591:2
ckpt_4700.pt,1,437,0.47938334941864014,0.1003635823726654,0.4298657178878784,"47,23,111,83,154","177,225,179,8,108",1:406:2|1:527:2|1:665:2
ckpt_4700.pt,1,438,0.4715985953807831,0.08393465727567673,0.4131481647491455,"225,147,108,31,160","15,9,149,127,244",1:693:2|1:0:1|1:16:1
ckpt_4700.pt,1,439,0.5102015733718872,0.09061257541179657,0.42023012042045593,"147,54,105,94,196","44,196,241,161,32",1:160:2|1:429:2|1:548:2
ckpt_4700.pt,1,440,0.48207008838653564,0.08953391015529633,0.3951807916164398,"11,174,206,109,35","180,127,170,111,144",1:2:2|1:632:2|1:706:2
ckpt_4700.pt,1,441,0.4783790111541748,0.11222227662801743,0.40059322118759155,"132,220,108,178,20","163,107,173,122,64",1:130:2|1:189:2|1:557:2
ckpt_4700.pt,1,442,0.5042473673820496,0.0993131771683693,0.39641833305358887,"139,156,23,20,203","124,210,160,179,191",1:79:2|1:182:2|1:977:2
ckpt_4700.pt,1,443,0.5314401388168335,0.11364629864692688,0.41042137145996094,"219,200,13,232,2","211,248,30,180,226",1:49:2|1:185:2|1:354:2
ckpt_4700.pt,1,444,0.48332706093788147,0.10777804255485535,0.43094539642333984,"113,118,229,139,60","241,27,36,223,111",1:182:2|1:290:2|1:746:2
ckpt_4700.pt,1,445,0.5270753502845764,0.09265109151601791,0.4476166069507599,"90,250,144,118,153","226,255,48,246,148",1:4:2|1:156:2|1:210:2
ckpt_4700.pt,1,446,0.4650057256221771,0.07929421961307526,0.4031703472137451,"36,182,26,244,30","71,227,147,95,91",1:223:2|1:691:2|1:4:1
ckpt_4700.pt,1,447,0.4839154779911041,0.08926884084939957,0.4015389084815979,"183,224,199,104,179","222,95,13,205,219",1:139:2|1:703:2|1:898:2
ckpt_4700.pt,1,448,0.451278418302536,0.09877954423427582,0.43097028136253357,"229,239,46,82,22","62,142,226,205,209",1:243:2|1:336:2|1:431:2
ckpt_4700.pt,1,449,0.50318443775177,0.08832654356956482,0.4399130940437317,"233,156,138,166,117","134,126,79,69,224",1:224:2|1:384:2|1:432:2
ckpt_4700.pt,1,450,0.4256959557533264,0.08396469056606293,0.3784012198448181,"117,241,131,121,240","147,194,113,204,195",1:193:2|1:345:2|1:397:2
ckpt_4700.pt,1,451,0.4804701507091522,0.10349583625793457,0.4236026406288147,"128,39,45,109,99","215,31,69,156,191",1:8:2|1:376:2|1:380:2
ckpt_4700.pt,1,452,0.4652107357978821,0.08642181754112244,0.41094598174095154,"147,236,234,174,197","200,239,197,131,228",1:196:2|1:316:2|1:1:1
ckpt_4700.pt,1,453,0.4917844533920288,0.08271414786577225,0.4169246554374695,"174,180,23,254,45","70,231,220,90,157",1:346:2|1:359:2|1:2:1
ckpt_4700.pt,1,454,0.5337128043174744,0.09225227683782578,0.4750335216522217,"173,68,189,0,207","176,134,2,16,154",1:882:2|1:1005:2|1:1:1
ckpt_4700.pt,1,455,0.42607802152633667,0.0819978192448616,0.3776763081550598,"73,39,123,78,195","53,7,13,65,105",1:588:2|1:976:2|1:2:1
ckpt_4700.pt,1,456,0.47596797347068787,0.09497305005788803,0.42522096633911133,"143,57,44,15,86","241,122,97,115,56",1:28:1|1:44:1|1:46:1
ckpt_4700.pt,1,457,0.5230375528335571,0.10243165493011475,0.433183491230011,"17,71,96,98,158","107,30,122,55,147",1:73:2|1:1001:2|1:0:1
ckpt_4700.pt,1,458,0.4788319170475006,0.09309660643339157,0.43350425362586975,"230,98,89,126,87","93,179,221,18,247",1:0:1|1:7:1|1:14:1
ckpt_4700.pt,1,459,0.45836642384529114,0.10121622681617737,0.3597661852836609,"142,79,23,97,33","97,103,83,223,124",1:246:2|1:306:2|1:403:2
ckpt_4700.pt,1,460,0.5022249221801758,0.09459304064512253,0.41719627380371094,"114,189,52,240,124","98,180,225,157,223",1:1:2|1:284:2|1:435:2
ckpt_4700.pt,1,461,0.49139752984046936,0.08892568945884705,0.41601985692977905,"177,253,79,82,123","174,133,83,163,9",1:144:2|1:208:2|1:247:2
ckpt_4700.pt,1,462,0.4813218116760254,0.09178483486175537,0.3817662298679352,"8,154,15,103,250","99,33,29,230,196",1:307:2|1:534:2|1:767:2
ckpt_4700.pt,1,463,0.48565003275871277,0.11389210820198059,0.403939813375473,"236,91,228,96,9","254,183,227,20,55",1:742:2|1:863:2|1:0:1
ckpt_4700.pt,1,464,0.5162796378135681,0.10422897338867188,0.40079984068870544,"56,5,84,224,184","141,216,227,11,114",1:83:2|1:211:2|1:624:2
ckpt_4700.pt,1,465,0.39192938804626465,0.0650419145822525,0.36297741532325745,"116,244,228,221,216","211,78,218,48,54",1:275:2|1:742:2|1:4:1
ckpt_4700.pt,1,466,0.466831237077713,0.09638595581054688,0.3948591649532318,"158,58,50,183,12","133,98,166,198,65",1:505:2|1:530:2|1:658:2
ckpt_4700.pt,1,467,0.4801250696182251,0.07592017203569412,0.39148005843162537,"232,219,64,239,24","185,88,103,203,225",1:280:2|1:443:2|1:6:1
ckpt_4700.pt,1,468,0.44933056831359863,0.09905021637678146,0.40832602977752686,"176,32,10,219,164","68,115,223,239,107",1:10:1|1:26:1|1:28:1
ckpt_4700.pt,1,469,0.4809350371360779,0.08367294073104858,0.44762933254241943,"158,220,146,119,231","8,132,206,171,27",1:157:2|1:653:2|1:749:2
ckpt_4700.pt,1,470,0.5002777576446533,0.0865979865193367,0.4070992171764374,"143,73,245,66,105","149,96,95,254,181",1:19:2|1:32:2|1:128:2
ckpt_4700.pt,1,471,0.467041015625,0.09589449316263199,0.3911457359790802,"198,111,129,245,36","221,45,230,208,99",1:303:2|1:1012:2|1:15:1
ckpt_4700.pt,1,472,0.5192714929580688,0.0888359472155571,0.44909340143203735,"101,117,232,227,57","243,44,247,59,71",1:280:2|1:433:2|1:549:2
ckpt_4700.pt,1,473,0.48796242475509644,0.08769587427377701,0.4204004406929016,"245,208,52,216,215","193,216,87,131,170",1:151:2|1:290:2|1:886:2
ckpt_4700.pt,1,474,0.511780858039856,0.10958665609359741,0.4114549160003662,"191,51,156,147,37","208,184,62,254,185",1:321:2|1:728:2|1:24:1
ckpt_4700.pt,1,475,0.4976414144039154,0.09089252352714539,0.4208788573741913,"213,246,165,85,61","124,218,107,84,42",1:818:2|1:8:1|1:12:1
ckpt_4700.pt,1,476,0.4786309003829956,0.08805783838033676,0.4238041341304779,"187,154,35,51,58","161,65,170,196,139",1:559:2|1:569:2|1:606:2
ckpt_4700.pt,1,477,0.44509413838386536,0.09650583565235138,0.3798064589500427,"196,96,79,114,222","45,23,167,118,43",1:535:2|1:620:2|1:920:2
ckpt_4700.pt,1,478,0.5099250078201294,0.10371530801057816,0.44150757789611816,"255,7,26,54,39","124,218,48,119,6",1:945:2|1:2:1|1:4:1
ckpt_4700.pt,1,479,0.4497903287410736,0.10084956139326096,0.38196897506713867,"102,55,104,135,247","158,255,214,85,73",1:210:2|1:9:1|1:19:1
ckpt_4700.pt,1,480,0.4997618496417999,0.09659495949745178,0.43286383152008057,"66,104,57,56,222","131,133,24,233,208",1:313:2|1:333:2|1:776:2
ckpt_4700.pt,1,481,0.4111969470977783,0.07622241228818893,0.3887670338153839,"233,5,191,221,238","2,177,152,250,169",1:495:2|1:562:2|1:896:2
ckpt_4700.pt,1,482,0.4937646687030792,0.08420593291521072,0.40953096747398376,"98,92,20,28,210","239,178,138,167,180",1:136:2|1:214:2|1:312:2
ckpt_4700.pt,1,483,0.49129465222358704,0.09144771099090576,0.4101230502128601,"77,147,63,235,88","194,31,39,62,180",1:16:2|1:322:2|1:7:1
ckpt_4700.pt,1,484,0.4606335461139679,0.08664222806692123,0.43992793560028076,"96,168,221,118,58","92,177,5,137,124",1:536:2|1:919:2|1:0:1
ckpt_4700.pt,1,485,0.5471609830856323,0.12381615489721298,0.462175190448761,"5,240,124,219,49","197,6,30,91,68",1:118:2|1:127:2|1:460:2
ckpt_4700.pt,1,486,0.4855630695819855,0.09488322585821152,0.389512300491333,"22,222,109,224,117","48,5,208,56,209",1:237:2|1:378:2|1:433:2
ckpt_4700.pt,1,487,0.4788646697998047,0.11900341510772705,0.41605857014656067,"124,85,193,185,240","38,112,28,48,248",1:460:2|1:485:2|1:504:2
ckpt_4700.pt,1,488,0.4111224412918091,0.08693306893110275,0.36158251762390137,"111,162,33,97,131","23,217,179,191,77",1:94:2|1:459:2|1:850:2
ckpt_4700.pt,1,489,0.49637752771377563,0.10030432045459747,0.4133753478527069,"189,143,89,243,139","228,113,217,187,54",1:337:2|1:1:1|1:15:1
ckpt_4700.pt,1,490,0.488324910402298,0.08017832040786743,0.41732490062713623,"152,242,245,84,179","209,172,170,196,189",1:119:2|1:181:2|1:427:2
ckpt_4700.pt,1,491,0.4976990818977356,0.09245110303163528,0.41763991117477417,"245,70,25,114,119","205,235,100,106,254",1:117:2|1:618:2|1:877:2
ckpt_4700.pt,1,492,0.49971234798431396,0.10341797024011612,0.4349732995033264,"87,249,121,104,140","33,1,180,88,13",1:801:3|1:177:2|1:332:2
ckpt_4700.pt,1,493,0.5159130096435547,0.10169350355863571,0.3792966604232788,"154,153,213,175,218","210,31,61,131,104",1:700:2|1:26:1|1:38:1
ckpt_4700.pt,1,494,0.49390751123428345,0.09346617758274078,0.4480484426021576,"245,28,15,142,13","106,244,204,254,143",1:119:2|1:246:2|1:579:2
ckpt_4700.pt,1,495,0.4595019817352295,0.0946861207485199,0.3982200622558594,"238,59,15,95,191","125,238,161,173,197",1:349:2|1:481:2|1:534:2
ckpt_4700.pt,1,496,0.5005766749382019,0.10268446803092957,0.4275609850883484,"35,28,75,209,62","65,126,23,76,158",1:525:2|1:581:2|1:808:2
ckpt_4700.pt,1,497,0.5003811717033386,0.11035657674074173,0.4385589063167572,"224,68,60,171,107","32,250,127,21,163",1:293:2|1:419:2|1:538:2
ckpt_4700.pt,1,498,0.4793657064437866,0.08727199584245682,0.3922576308250427,"100,124,43,2,0","65,232,223,149,22",1:25:1|1:50:1|1:52:1
ckpt_4700.pt,1,499,0.4615746736526489,0.09306172281503677,0.3742254376411438,"122,40,180,191,224","165,91,2,43,209",1:205:2|1:699:2|1:898:2
ckpt_4700.pt,1,500,0.5040363073348999,0.1040220633149147,0.41068035364151,"100,102,142,197,89","30,193,131,227,132",1:677:2|1:814:2|1:938:2
ckpt_4700.pt,1,501,0.46889200806617737,0.10033192485570908,0.38767632842063904,"4,211,123,147,107","34,110,106,250,229",1:288:2|1:832:2|1:955:2
ckpt_4700.pt,1,502,0.44887852668762207,0.08461161702871323,0.3722304701805115,"36,93,226,46,183","219,214,128,151,195",1:130:2|1:664:2|1:787:2
ckpt_4700.pt,1,503,0.5092169046401978,0.11150693893432617,0.39774003624916077,"89,0,72,214,137","124,22,193,149,248",1:147:2|1:353:2|1:997:2
ckpt_4700.pt,1,504,0.5271592736244202,0.09205292910337448,0.4396792948246002,"240,124,159,122,255","57,121,212,202,20",1:460:2|1:485:2|1:487:2
ckpt_4700.pt,1,505,0.471147358417511,0.07534153759479523,0.3973544239997864,"58,180,32,18,50","253,40,187,112,219",1:301:2|1:466:2|1:569:2
ckpt_4700.pt,1,506,0.4332989454269409,0.09325399249792099,0.4044129550457001,"79,169,62,216,69","10,88,30,115,250",1:343:2|1:783:2|1:922:2
ckpt_4700.pt,1,507,0.4480035603046417,0.07366019487380981,0.39677074551582336,"39,217,221,60,188","201,50,97,157,99",1:71:2|1:711:2|1:2:1
ckpt_4700.pt,1,508,0.5122243762016296,0.09604556858539581,0.42690518498420715,"231,205,94,181,200","211,220,103,154,13",1:101:2|1:168:2|1:11:1
ckpt_4700.pt,1,509,0.5267806053161621,0.10183430463075638,0.4489101469516754,"249,125,9,51,140","134,50,101,203,16",1:146:2|1:177:2|1:332:2
ckpt_4700.pt,1,510,0.48030778765678406,0.08365839719772339,0.3964293599128723,"198,78,156,128,3","3,52,5,185,166",1:5:1|1:8:1|1:18:1
ckpt_4700.pt,1,511,0.47111740708351135,0.11299938708543777,0.40903979539871216,"146,44,244,207,47","46,220,144,63,152",1:78:2|1:204:2|1:703:2
ckpt_4700.pt,1,512,0.49119487404823303,0.08761554956436157,0.39642515778541565,"122,118,69,89,250","181,104,250,88,93",1:4:2|1:445:2|1:533:2
ckpt_4700.pt,1,513,0.49023860692977905,0.10915243625640869,0.4049837589263916,"106,224,144,65,238","12,127,1,29,157",1:1006:2|1:3:1|1:11:1
ckpt_4700.pt,1,514,0.4912944436073303,0.09348290413618088,0.43033403158187866,"61,211,247,163,145","204,251,10,83,122",1:25:2|1:222:2|1:305:2
ckpt_4700.pt,1,515,0.49736788868904114,0.09133033454418182,0.4214556813240051,"138,105,167,129,131","123,254,94,73,107",1:660:2|1:714:2|1:0:1
ckpt_4700.pt,1,516,0.5012774467468262,0.08011756092309952,0.4408191442489624,"241,102,50,136,108","181,49,226,216,246",1:158:2|1:252:2|1:334:2
ckpt_4700.pt,1,517,0.46019425988197327,0.08303512632846832,0.4171934425830841,"165,76,227,20,251","97,224,157,227,153",1:52:2|1:737:2|1:779:2
ckpt_4700.pt,1,518,0.5025368928909302,0.10198924690485,0.41482269763946533,"224,134,140,3,182","11,189,93,235,62",1:404:2|1:6:1|1:18:1
ckpt_4700.pt,1,519,0.4644491374492645,0.0778101459145546,0.4219948947429657,"46,246,99,199,207","132,221,242,23,149",1:260:2|1:847:2|1:1009:2
ckpt_4700.pt,1,520,0.4641415476799011,0.08433747291564941,0.40463632345199585,"136,43,151,207,11","132,84,96,75,143",1:227:2|1:266:2|1:555:2
ckpt_4700.pt,1,521,0.4251165986061096,0.08316590636968613,0.3722863793373108,"213,59,65,151,19","127,162,15,156,248",1:5:1|1:11:1|1:23:1
ckpt_4700.pt,1,522,0.4989738464355469,0.09741837531328201,0.3890288174152374,"98,251,222,175,144","144,56,78,54,41",1:269:4|1:360:2|1:873:2
ckpt_4700.pt,1,523,0.42938995361328125,0.08123692870140076,0.4120548963546753,"101,144,236,126,178","18,196,58,136,1",1:3:2|1:974:2|1:1003:2
ckpt_4700.pt,1,524,0.4876518249511719,0.09811510145664215,0.4235225021839142,"232,220,21,4,165","117,178,200,60,82",1:187:2|1:271:2|1:631:2
ckpt_4700.pt,1,525,0.46632227301597595,0.08063329756259918,0.4067261815071106,"75,47,28,110,63","186,109,130,165,90",1:496:2|1:7:1|1:10:1
ckpt_4700.pt,1,526,0.48237892985343933,0.08170303702354431,0.42801058292388916,"174,145,58,210,250","204,235,68,148,3",1:80:2|1:613:2|1:783:2
ckpt_4700.pt,1,527,0.5474068522453308,0.10665179789066315,0.4512324929237366,"182,20,222,154,111","166,12,187,205,81",1:106:2|1:437:2|1:535:2
ckpt_4700.pt,1,528,0.5464845895767212,0.1162305548787117,0.4497399926185608,"222,53,228,164,163","167,36,246,138,27",1:396:2|1:1019:2|1:10:1
ckpt_4700.pt,1,529,0.5073701739311218,0.0810309499502182,0.4151492714881897,"168,25,185,81,41","128,212,96,77,102",1:3:1|1:12:1|1:22:1
ckpt_4700.pt,1,530,0.5169013142585754,0.12402363121509552,0.3972227871417999,"137,139,50,12,4","215,60,246,77,245",1:27:2|1:466:2|1:837:2
ckpt_4700.pt,1,531,0.5327001810073853,0.08876653015613556,0.40004023909568787,"148,194,7,166,30","174,63,80,244,68",1:634:2|1:45:1|1:57:1
ckpt_4700.pt,1,532,0.5044187903404236,0.09837512671947479,0.4194142818450928,"252,87,2,49,138","0,233,85,216,248",1:185:3|1:184:2|1:301:2
ckpt_4700.pt,1,533,0.5400672554969788,0.1172780767083168,0.4525406062602997,"85,122,69,171,154","16,174,136,40,148",1:274:2|1:512:2|1:672:2
ckpt_4700.pt,1,534,0.49296852946281433,0.08892745524644852,0.4340299665927887,"32,47,15,95,8","189,153,1,200,198",1:141:2|1:462:2|1:495:2
ckpt_4700.pt,1,535,0.5275298953056335,0.09516841918230057,0.4726482629776001,"42,223,79,111,222","4,146,77,151,91",1:150:3|1:477:2|1:527:2
ckpt_4700.pt,1,536,0.5003196597099304,0.10954555124044418,0.43062976002693176,"80,220,19,118,58","244,125,252,27,96",1:964:3|1:219:2|1:484:2
ckpt_4700.pt,1,537,0.4850836992263794,0.09157869964838028,0.40449512004852295,"178,222,73,140,34","255,185,253,88,19",1:561:2|1:861:2|1:3:1
ckpt_4700.pt,1,538,0.4674493670463562,0.09157111495733261,0.4345911145210266,"98,224,171,194,100","243,50,73,226,96",1:299:2|1:497:2|1:576:2
ckpt_4700.pt,1,539,0.47124171257019043,0.10756168514490128,0.4167999029159546,"163,205,172,77,31","12,200,23,2,196",1:135:2|1:601:2|1:871:2
ckpt_4700.pt,1,540,0.4462102949619293,0.10358567535877228,0.38599762320518494,"39,127,189,236,248","108,1,19,25,249",1:24:2|1:682:2|1:945:2
ckpt_4700.pt,1,541,0.5121885538101196,0.11842094361782074,0.4179975688457489,"53,57,98,12,11","88,46,250,155,185",1:266:2|1:296:2|1:864:2
ckpt_4700.pt,1,542,0.42023926973342896,0.08578218519687653,0.3790742754936218,"75,73,103,161,158","43,79,12,255,13",1:22:2|1:702:2|1:7:1
ckpt_4700.pt,1,543,0.4834862947463989,0.07647315412759781,0.41516730189323425,"163,76,44,126,221","115,153,254,75,146",1:31:2|1:879:2|1:7:1
ckpt_4700.pt,1,544,0.5350164175033569,0.09747762233018875,0.4402369558811188,"59,157,24,229,189","79,18,211,175,128",1:629:2|1:1:1|1:15:1
ckpt_4700.pt,1,545,0.4709506630897522,0.07871425151824951,0.39781737327575684,"127,101,102,22,120","13,203,44,199,89",1:381:2|1:838:2|1:939:2
ckpt_4700.pt,1,546,0.502691924571991,0.10287880152463913,0.4234192669391632,"209,127,111,103,92","146,163,250,64,115",1:97:2|1:381:2|1:565:2
ckpt_4700.pt,1,547,0.4835856556892395,0.11019772291183472,0.4351711869239807,"39,83,100,35,119","178,248,122,100,128",1:697:2|1:748:2|1:2:1
ckpt_4700.pt,1,548,0.535945475101471,0.10185201466083527,0.4574722647666931,"102,226,196,173,105","200,24,144,89,248",1:19:2|1:160:2|1:262:2
ckpt_4700.pt,1,549,0.4910224974155426,0.0850883349776268,0.41066908836364746,"78,232,110,227,103","180,148,76,236,143",1:558:3|1:10:2|1:280:2
ckpt_4700.pt,1,550,0.5192039608955383,0.11047416180372238,0.4016149044036865,"35,3,26,25,160","220,245,175,194,207",1:897:2|1:963:2|1:9:1
ckpt_4700.pt,1,551,0.5495374202728271,0.09204018115997314,0.463807076215744,"11,124,56,4,214","11,108,57,220,235",1:587:2|1:10:1|1:17:1
ckpt_4700.pt,1,552,0.48266100883483887,0.07593970745801926,0.41343867778778076,"133,245,126,60,49","62,153,133,143,162",1:7:2|1:11:1|1:19:1
ckpt_4700.pt,1,553,0.48101291060447693,0.07845377177000046,0.3998229205608368,"106,250,226,223,51","216,42,150,71,134",1:262:2|1:332:2|1:644:2
ckpt_4700.pt,1,554,0.4920310080051422,0.08592652529478073,0.40988171100616455,"160,250,75,150,212","55,204,201,107,227",1:808:2|1:828:2|1:930:2
ckpt_4700.pt,1,555,0.5295048952102661,0.09820659458637238,0.40812796354293823,"234,207,41,136,221","79,201,12,153,135",1:520:2|1:709:2|1:973:2
ckpt_4700.pt,1,556,0.5161046385765076,0.08359824866056442,0.4374600350856781,"22,32,237,239,233","252,90,74,201,17",1:896:3|1:173:2|1:206:2
ckpt_4700.pt,1,557,0.5015894770622253,0.09660924971103668,0.44923147559165955,"220,98,101,162,132","58,86,139,170,235",1:103:2|1:364:2|1:441:2
ckpt_4700.pt,1,558,0.513615071773529,0.10135330259799957,0.43315085768699646,"103,57,237,227,78","174,36,221,111,95",1:549:3|1:218:2|1:472:2
ckpt_4700.pt,1,559,0.43613409996032715,0.10594583302736282,0.409599244594574,"35,72,177,58,155","150,41,133,163,203",1:369:2|1:476:2|1:889:2
ckpt_4700.pt,1,560,0.5458173155784607,0.1231001690030098,0.47111982107162476,"87,179,19,24,63","144,147,160,11,139",1:651:2|1:699:2|1:765:2
ckpt_4700.pt,1,561,0.4751990735530853,0.0902976393699646,0.42802193760871887,"34,140,114,145,150","160,161,164,246,134",1:1:2|1:75:2|1:382:2
ckpt_4700.pt,1,562,0.4764314591884613,0.10094118863344193,0.4094180166721344,"239,191,212,221,138","143,154,96,90,204",1:421:2|1:481:2|1:854:2
ckpt_4700.pt,1,563,0.48392871022224426,0.10108253359794617,0.3837219178676605,"180,49,48,220,95","249,121,207,164,5",1:374:2|1:732:2|1:815:2
ckpt_4700.pt,1,564,0.5066483020782471,0.10612428188323975,0.42136073112487793,"245,22,19,242,255","114,137,123,132,159",1:586:3|1:53:2|1:147:2
ckpt_4700.pt,1,565,0.45481181144714355,0.09154455363750458,0.423039048910141,"111,53,119,209,248","239,111,94,161,50",1:18:2|1:117:2|1:546:2
ckpt_4700.pt,1,566,0.4541214108467102,0.0939488336443901,0.40123969316482544,"176,96,26,33,152","216,208,171,113,196",1:96:2|1:424:2|1:1002:2
ckpt_4700.pt,1,567,0.4539908766746521,0.07897818833589554,0.41849225759506226,"6,148,254,33,78","55,24,7,34,138",1:256:2|1:667:2|1:910:2
ckpt_4700.pt,1,568,0.5319211483001709,0.08363866806030273,0.4655764102935791,"129,17,51,62,45","33,164,168,127,184",1:298:2|1:679:2|1:809:2
ckpt_4700.pt,1,569,0.4755637049674988,0.08713516592979431,0.41480007767677307,"163,180,154,58,46","188,13,215,240,182",1:99:2|1:476:2|1:505:2
ckpt_4700.pt,1,570,0.4956391751766205,0.08746708929538727,0.40900492668151855,"89,196,70,44,46","10,94,145,189,51",1:17:2|1:164:2|1:231:2
ckpt_4700.pt,1,571,0.5165078043937683,0.08840448409318924,0.4192424714565277,"29,12,107,52,136","182,105,176,6,107",1:208:2|1:611:2|1:628:2
ckpt_4700.pt,1,572,0.47741827368736267,0.11178112030029297,0.38883474469184875,"86,43,245,56,161","215,136,21,177,146",1:163:2|1:309:2|1:17:1
ckpt_4700.pt,1,573,0.5470858216285706,0.09525181353092194,0.44249534606933594,"149,124,64,199,13","129,69,180,31,101",1:39:2|1:265:2|1:685:2
ckpt_4700.pt,1,574,0.47479912638664246,0.07686124742031097,0.41566434502601624,"151,131,133,13,52","125,135,183,177,66",1:78:2|1:112:2|1:255:2
ckpt_4700.pt,1,575,0.5043414831161499,0.11201171576976776,0.3749818801879883,"153,246,69,113,181","183,119,5,99,181",1:38:2|1:171:2|1:596:2
ckpt_4700.pt,1,576,0.49465295672416687,0.08509324491024017,0.39227181673049927,"173,194,44,100,59","76,242,9,209,207",1:299:2|1:538:2|1:817:2
ckpt_4700.pt,1,577,0.47740602493286133,0.1136617362499237,0.41987890005111694,"110,86,250,219,23","253,227,169,233,160",1:297:2|1:307:2|1:4:1
ckpt_4700.pt,1,578,0.4627687335014343,0.09601405262947083,0.4070096015930176,"75,70,44,58,219","163,189,147,241,136",1:74:2|1:80:2|1:179:2
ckpt_4700.pt,1,579,0.4753037095069885,0.08961855620145798,0.41144803166389465,"13,160,72,222,15","93,66,229,223,25",1:106:2|1:494:2|1:738:2
ckpt_4700.pt,1,580,0.4900924861431122,0.07221512496471405,0.3987880349159241,"213,70,100,248,135","220,181,107,82,164",1:666:2|1:778:2|1:876:2
ckpt_4700.pt,1,581,0.49910402297973633,0.08569743484258652,0.41837459802627563,"222,28,130,156,209","196,68,11,144,204",1:321:2|1:496:2|1:772:2
ckpt_4700.pt,1,582,0.5287373065948486,0.08500204980373383,0.4389728903770447,"146,3,90,191,6","67,107,187,106,28",1:66:2|1:78:2|1:281:2
ckpt_4700.pt,1,583,0.47195714712142944,0.09287535399198532,0.41551363468170166,"42,108,33,249,23","202,32,36,123,34",1:459:2|1:608:2|1:10:1
ckpt_4700.pt,1,584,0.5330073237419128,0.0879899188876152,0.4215559661388397,"255,109,254,24,14","250,92,162,96,35",1:375:2|1:910:2|1:12:1
ckpt_4700.pt,1,585,0.5011038184165955,0.10475945472717285,0.40936991572380066,"38,169,238,142,193","106,185,188,204,92",1:21:2|1:125:2|1:236:2
ckpt_4700.pt,1,586,0.4922909736633301,0.09366551786661148,0.440707266330719,"255,120,242,19,136","40,154,77,196,252",1:564:3|1:11:2|1:53:2
ckpt_4700.pt,1,587,0.4424605071544647,0.07171068340539932,0.4013354778289795,"143,91,52,124,11","108,240,12,151,9",1:5:2|1:284:2|1:460:2
ckpt_4700.pt,1,588,0.4370150566101074,0.0866556316614151,0.4131277799606323,"136,123,98,214,195","106,175,45,66,221",1:455:2|1:11:1|1:35:1
ckpt_4700.pt,1,589,0.4307473301887512,0.08641625940799713,0.3702956736087799,"61,118,162,160,20","118,204,79,176,248",1:76:2|1:412:2|1:693:2
ckpt_4700.pt,1,590,0.49834734201431274,0.0904778391122818,0.42889273166656494,"154,174,22,34,195","89,64,185,48,109",1:415:2|1:2:1|1:7:1
ckpt_4700.pt,1,591,0.49372291564941406,0.09145303070545197,0.4572755694389343,"2,137,252,184,162","79,67,96,216,58",1:436:2|1:532:2|1:640:2
ckpt_4700.pt,1,592,0.4781760275363922,0.07838723808526993,0.408670574426651,"181,126,118,45,240","117,34,142,212,189",1:101:2|1:127:2|1:679:2
ckpt_4700.pt,1,593,0.4714963138103485,0.07455268502235413,0.399995893239975,"145,47,200,147,59","126,124,78,92,49",1:222:2|1:828:2|1:1:1
ckpt_4700.pt,1,594,0.4669347405433655,0.08042147010564804,0.4213273823261261,"40,231,144,8,143","43,128,87,167,226",1:241:2|1:360:2|1:3:1
ckpt_4700.pt,1,595,0.4725748598575592,0.08092620223760605,0.4021306335926056,"217,107,191,207,113","73,231,132,83,157",1:372:2|1:746:2|1:882:2
ckpt_4700.pt,1,596,0.4946562647819519,0.0851815715432167,0.4241032600402832,"153,69,191,3,120","189,126,71,120,220",1:126:2|1:274:2|1:279:2
ckpt_4700.pt,1,597,0.5400561690330505,0.10309493541717529,0.4437921643257141,"50,92,36,191,250","111,151,232,91,39",1:42:2|1:4:1|1:5:1
ckpt_4700.pt,1,598,0.4531887173652649,0.0698542445898056,0.37766408920288086,"121,17,149,48,103","17,147,34,62,248",1:163:2|1:289:2|1:868:2
ckpt_4700.pt,1,599,0.5035125613212585,0.09750330448150635,0.39568787813186646,"201,249,234,55,155","210,116,37,96,62",1:86:2|1:212:2|1:435:2
ckpt_4700.pt,1,600,0.4564566910266876,0.11051788926124573,0.359748899936676,"172,89,25,30,88","136,240,244,52,91",1:121:2|1:302:2|1:12:1
ckpt_4700.pt,1,601,0.47607627511024475,0.0850609689950943,0.4112910032272339,"75,172,118,163,7","219,230,226,66,138",1:539:2|1:871:2|1:4:1
ckpt_4700.pt,1,602,0.5633897185325623,0.11266236752271652,0.4663171172142029,"62,206,204,158,80","87,110,115,211,105",1:284:2|1:750:2|1:2:1
ckpt_4700.pt,1,603,0.49283650517463684,0.07827763259410858,0.3895852863788605,"92,183,45,115,144","238,237,120,177,159",1:14:2|1:609:2|1:679:2
ckpt_4700.pt,1,604,0.5084774494171143,0.10752947628498077,0.437764048576355,"243,44,232,246,255","71,165,15,29,162",1:92:2|1:162:2|1:1006:2
ckpt_4700.pt,1,605,0.4890778362751007,0.0874830037355423,0.40822476148605347,"249,0,82,196,220","109,177,15,7,84",1:1000:2|1:8:1|1:9:1
ckpt_4700.pt,1,606,0.4544621407985687,0.09902416914701462,0.3921547830104828,"35,54,154,133,221","67,61,143,58,209",1:363:2|1:423:2|1:476:2
ckpt_4700.pt,1,607,0.4923383593559265,0.09654918313026428,0.3982529044151306,"137,230,133,151,90","160,60,220,55,4",1:574:2|1:1:1|1:12:1
ckpt_4700.pt,1,608,0.455520361661911,0.09960813075304031,0.4416756331920624,"108,42,115,97,217","249,175,178,179,36",1:583:2|1:888:2|1:9:1
ckpt_4700.pt,1,609,0.47677767276763916,0.08990181237459183,0.3698209226131439,"11,45,183,47,112","185,2,72,215,249",1:603:2|1:679:2|1:703:2
ckpt_4700.pt,1,610,0.49936643242836,0.08490967750549316,0.41820573806762695,"195,182,59,56,60","193,30,170,163,230",1:349:2|1:754:2|1:770:2
ckpt_4700.pt,1,611,0.4334842264652252,0.09129957109689713,0.40470942854881287,"39,140,12,52,109","34,99,209,222,139",1:376:2|1:451:2|1:571:2
ckpt_4700.pt,1,612,0.44878751039505005,0.08897510915994644,0.3967035412788391,"43,28,78,22,221","180,36,157,69,242",1:335:2|1:357:2|1:643:2
ckpt_4700.pt,1,613,0.5182284116744995,0.10402090847492218,0.4745369553565979,"210,180,77,61,250","23,7,201,150,102",1:43:2|1:305:2|1:412:2
ckpt_4700.pt,1,614,0.42357584834098816,0.09095580130815506,0.4139164686203003,"35,110,34,163,251","34,11,252,23,251",1:29:2|1:706:2|1:901:2
ckpt_4700.pt,1,615,0.3986227810382843,0.07941287755966187,0.35460442304611206,"242,233,142,43,46","19,102,251,48,157",1:164:2|1:173:2|1:228:2
ckpt_4700.pt,1,616,0.524166464805603,0.12440986186265945,0.45607924461364746,"52,94,229,87,38","178,73,63,77,212",1:20:2|1:699:2|1:1007:2
ckpt_4700.pt,1,617,0.474730521440506,0.06898374110460281,0.41222888231277466,"173,18,160,252,62","28,29,158,2,144",1:16:1|1:52:1|1:62:1
ckpt_4700.pt,1,618,0.5297987461090088,0.09241224825382233,0.44852593541145325,"116,70,32,223,119","175,243,129,184,210",1:275:2|1:370:2|1:371:2
ckpt_4700.pt,1,619,0.46853208541870117,0.08613540232181549,0.37308165431022644,"12,38,188,28,72","44,6,122,143,117",1:344:2|1:12:1|1:21:1
ckpt_4700.pt,1,620,0.4959956407546997,0.09568248689174652,0.3927493095397949,"246,79,13,96,12","122,68,166,205,195",1:58:2|1:108:2|1:189:2
ckpt_4700.pt,1,621,0.511739194393158,0.08907394856214523,0.4087449312210083,"212,183,20,168,252","28,111,192,190,170",1:320:2|1:967:2|1:3:1
ckpt_4700.pt,1,622,0.442272812128067,0.09392879903316498,0.39115196466445923,"134,43,156,174,214","87,170,196,223,222",1:110:2|1:173:2|1:415:2
ckpt_4700.pt,1,623,0.4748668074607849,0.08504675328731537,0.3896227478981018,"128,80,98,118,155","79,228,238,20,211",1:536:2|1:885:2|1:964:2
ckpt_4700.pt,1,624,0.5028364062309265,0.08236397057771683,0.39551034569740295,"141,187,45,224,56","169,215,183,79,242",1:434:2|1:464:2|1:904:2
ckpt_4700.pt,1,625,0.5038349628448486,0.10341797769069672,0.41040486097335815,"117,127,132,202,91","155,77,235,209,44",1:84:2|1:300:2|1:432:2
ckpt_4700.pt,1,626,0.4274662733078003,0.08000248670578003,0.3758263885974884,"137,59,232,248,86","118,123,40,212,173",1:54:2|1:302:2|1:918:2
ckpt_4700.pt,1,627,0.4641263782978058,0.0821172222495079,0.37120410799980164,"222,112,194,179,252","239,60,57,65,5",1:106:3|1:320:2|1:795:2
ckpt_4700.pt,1,628,0.48169898986816406,0.08921373635530472,0.4377121329307556,"194,17,107,52,37","228,141,216,175,200",1:225:2|1:571:2|1:2:1
ckpt_4700.pt,1,629,0.45948898792266846,0.09178956598043442,0.3834301233291626,"189,20,229,185,78","228,21,191,107,179",1:544:2|1:1:1|1:15:1
ckpt_4700.pt,1,630,0.5000999569892883,0.09254806488752365,0.4188639521598816,"44,178,196,216,63","117,50,44,246,207",1:197:2|1:570:2|1:868:2
ckpt_4700.pt,1,631,0.5211816430091858,0.10003742575645447,0.4432413578033447,"224,115,4,145,165","167,143,103,198,200",1:524:2|1:874:2|1:950:2
ckpt_4700.pt,1,632,0.481399267911911,0.08431500196456909,0.41242650151252747,"44,11,128,109,120","155,220,244,195,144",1:440:2|1:451:2|1:721:2
ckpt_4700.pt,1,633,0.5186823606491089,0.09648015350103378,0.4140702486038208,"58,27,111,184,239","247,215,101,176,59",1:94:2|1:394:2|1:842:2
ckpt_4700.pt,1,634,0.4662519097328186,0.08326450735330582,0.4062868058681488,"113,7,178,166,189","144,102,50,135,244",1:224:2|1:362:2|1:531:2
ckpt_4700.pt,1,635,0.4444471001625061,0.09651581943035126,0.371809720993042,"240,15,51,207,120","36,111,98,13,226",1:659:2|1:669:2|1:834:2
ckpt_4700.pt,1,636,0.47430482506752014,0.083914615213871,0.4079684913158417,"44,41,180,104,204","32,186,40,16,236",1:43:2|1:953:2|1:19:1
ckpt_4700.pt,1,637,0.49693015217781067,0.11313111335039139,0.4428618550300598,"211,119,90,182,50","211,125,180,212,110",1:223:2|1:990:2|1:12:1
ckpt_4700.pt,1,638,0.5756425857543945,0.11646562069654465,0.455869197845459,"85,53,185,38,114","50,36,192,170,131",1:167:2|1:487:2|1:917:2
ckpt_4700.pt,1,639,0.4403533637523651,0.11532343178987503,0.3847084939479828,"70,190,5,152,44","61,108,42,74,238",1:190:2|1:371:2|1:416:2
ckpt_4700.pt,1,640,0.4889364242553711,0.0947662889957428,0.42325693368911743,"49,80,137,148,184","149,248,132,66,176",1:591:2|1:878:2|1:1:1
ckpt_4700.pt,1,641,0.46526074409484863,0.08073198795318604,0.3928639590740204,"244,154,120,156,189","216,241,175,9,194",1:672:2|1:834:2|1:1:1
ckpt_4700.pt,1,642,0.4292776882648468,0.07847949117422104,0.3811729848384857,"43,66,62,107,34","152,135,186,131,56",1:128:2|1:333:2|1:870:2
ckpt_4700.pt,1,643,0.5240623950958252,0.10147370398044586,0.4329832196235657,"230,231,28,78,169","184,57,21,170,17",1:91:2|1:199:2|1:214:2
ckpt_4700.pt,1,644,0.5209238529205322,0.09841117262840271,0.4329264760017395,"250,162,51,184,39","250,196,163,44,55",1:4:2|1:103:2|1:165:2
ckpt_4700.pt,1,645,0.5333101749420166,0.09787052124738693,0.4453195631504059,"209,158,65,9,117","188,109,163,182,31",1:41:2|1:750:2|1:937:2
ckpt_4700.pt,1,646,0.513958215713501,0.10560168325901031,0.4142930209636688,"209,54,71,224,163","57,253,132,207,197",1:434:3|1:6:1|1:24:1
ckpt_4700.pt,1,647,0.44879835844039917,0.07990343868732452,0.3843635320663452,"28,98,228,95,200","215,180,14,238,179",1:145:2|1:222:2|1:482:2
ckpt_4700.pt,1,648,0.5008097290992737,0.08843994140625,0.42805641889572144,"167,139,236,210,182","19,57,237,48,212",1:223:2|1:819:2|1:891:2
ckpt_4700.pt,1,649,0.4947599768638611,0.0887170284986496,0.4203139543533325,"18,163,171,40,56","207,150,205,218,93",1:155:2|1:708:2|1:904:2
ckpt_4700.pt,1,650,0.4449642598628998,0.08194983005523682,0.39845553040504456,"217,93,135,246,78","87,174,14,101,240",1:413:2|1:840:2|1:13:1
ckpt_4700.pt,1,651,0.47078701853752136,0.08630002290010452,0.3824380040168762,"24,217,184,193,19","1,232,71,40,111",1:350:2|1:560:2|1:5:1
ckpt_4700.pt,1,652,0.4752366542816162,0.09022369980812073,0.3876599371433258,"224,39,178,241,33","162,251,97,111,7",1:2:2|1:400:2|1:974:2
ckpt_4700.pt,1,653,0.5252297520637512,0.10656263679265976,0.4549689292907715,"61,146,67,13,119","17,32,16,72,48",1:62:2|1:78:2|1:223:2
ckpt_4700.pt,1,654,0.4800305664539337,0.08756566792726517,0.4313366115093231,"123,26,233,76,198","97,217,201,115,24",1:228:3|1:691:2|1:862:2
ckpt_4700.pt,1,655,0.4781581163406372,0.09767962247133255,0.43080228567123413,"106,61,126,204,122","195,77,80,72,36",1:198:2|1:7:1|1:30:1
ckpt_4700.pt,1,656,0.48231059312820435,0.131358340382576,0.41083309054374695,"48,33,159,174,101","246,79,99,8,85",1:194:2|1:400:2|1:2:1
ckpt_4700.pt,1,657,0.46664538979530334,0.09902219474315643,0.3977653682231903,"199,98,145,249,138","154,8,97,203,178",1:169:2|1:212:2|1:388:2
ckpt_4700.pt,1,658,0.4649309813976288,0.08452364802360535,0.3809736967086792,"58,12,107,208,73","205,102,106,237,57",1:81:2|1:419:2|1:466:2
ckpt_4700.pt,1,659,0.5010440349578857,0.08864766359329224,0.431858092546463,"171,15,120,118,131","130,77,93,19,233",1:319:2|1:635:2|1:752:2
ckpt_4700.pt,1,660,0.44419553875923157,0.0759672001004219,0.3633127212524414,"217,138,253,167,132","206,10,49,44,199",1:515:2|1:912:2|1:0:1
ckpt_4700.pt,1,661,0.5009173154830933,0.08413092792034149,0.45301923155784607,"137,212,62,48,60","133,115,139,77,135",1:1:1|1:4:1|1:11:1
ckpt_4700.pt,1,662,0.4702136814594269,0.09447567164897919,0.39522260427474976,"51,172,111,40,19","61,198,126,4,162",1:40:2|1:74:2|1:331:2
ckpt_4700.pt,1,663,0.48543399572372437,0.09555648267269135,0.39806294441223145,"145,149,12,133,160","230,57,117,63,204",1:341:2|1:1:1|1:16:1
ckpt_4700.pt,1,664,0.48724859952926636,0.1041264459490776,0.40590131282806396,"103,7,211,183,36","44,39,147,193,254",1:130:2|1:502:2|1:10:1
ckpt_4700.pt,1,665,0.5070244669914246,0.0983077734708786,0.4468382000923157,"203,154,111,41,91","180,100,44,254,31",1:274:2|1:437:2|1:527:2
ckpt_4700.pt,1,666,0.4832255244255066,0.0851728767156601,0.4020737409591675,"49,138,70,207,213","230,22,96,33,254",1:532:2|1:580:2|1:876:2
ckpt_4700.pt,1,667,0.47231629490852356,0.08152950555086136,0.4140498638153076,"254,71,26,6,132","217,82,158,31,159",1:567:2|1:6:1|1:9:1
ckpt_4700.pt,1,668,0.49150195717811584,0.09196976572275162,0.4215882420539856,"112,37,144,228,186","138,109,149,114,26",1:3:1|1:14:1|1:22:1
ckpt_4700.pt,1,669,0.5110134482383728,0.08104466646909714,0.45715585350990295,"120,73,2,51,60","131,89,121,61,23",1:104:2|1:635:2|1:834:2
ckpt_4700.pt,1,670,0.5238056182861328,0.11875855922698975,0.43200844526290894,"206,218,207,170,141","188,214,102,236,203",1:170:2|1:352:2|1:2:1
ckpt_4700.pt,1,671,0.5007152557373047,0.09403646737337112,0.42284443974494934,"154,32,90,3,99","37,52,201,30,82",1:274:2|1:281:2|1:380:2
ckpt_4700.pt,1,672,0.5294426083564758,0.08872642368078232,0.4360067844390869,"193,46,154,122,120","107,13,116,216,111",1:279:2|1:533:2|1:569:2
ckpt_4700.pt,1,673,0.4782748818397522,0.0770372822880745,0.3817041218280792,"45,33,123,114,150","177,32,159,0,198",1:75:2|1:298:2|1:561:2
ckpt_4700.pt,1,674,0.5216960310935974,0.0965399220585823,0.4388575851917267,"145,146,67,159,156","244,63,223,206,157",1:186:2|1:364:2|1:653:2
ckpt_4700.pt,1,675,0.49052104353904724,0.08816733211278915,0.41952797770500183,"163,156,113,180,72","100,212,224,229,56",1:161:2|1:224:2|1:569:2
ckpt_4700.pt,1,676,0.4182904064655304,0.07441282272338867,0.36450132727622986,"136,34,253,42,232","156,141,192,225,71",1:947:2|1:6:1|1:7:1
ckpt_4700.pt,1,677,0.4700295925140381,0.09397505223751068,0.41296255588531494,"136,100,170,8,89","11,146,96,20,22",1:500:2|1:11:1|1:45:1
ckpt_4700.pt,1,678,0.4314064681529999,0.07008055597543716,0.36799702048301697,"162,238,32,180,249","12,22,215,84,248",1:140:2|1:505:2|1:870:2
ckpt_4700.pt,1,679,0.5182431936264038,0.08581019937992096,0.4256804585456848,"139,183,126,129,45","21,47,228,217,46",1:244:2|1:298:2|1:568:2
ckpt_4700.pt,1,680,0.4418756663799286,0.10132928937673569,0.39872249960899353,"79,168,171,83,3","67,120,153,171,81",1:984:2|1:1018:2|1:3:1
ckpt_4700.pt,1,681,0.5014711618423462,0.09044772386550903,0.4238933324813843,"97,62,102,6,76","91,228,1,12,216",1:9:2|1:88:2|1:92:2
ckpt_4700.pt,1,682,0.5158770084381104,0.10120149701833725,0.4224408268928528,"236,111,189,44,190","44,235,84,157,248",1:308:2|1:540:2|1:639:2
ckpt_4700.pt,1,683,0.48165324330329895,0.0889553353190422,0.40782710909843445,"176,233,109,53,212","11,148,214,177,122",1:375:2|1:1015:2|1:18:1
ckpt_4700.pt,1,684,0.5462605357170105,0.10672308504581451,0.49006691575050354,"48,45,25,241,22","223,217,39,21,36",1:102:2|1:236:2|1:789:2
ckpt_4700.pt,1,685,0.4381701946258545,0.07732285559177399,0.4134899973869324,"185,79,64,199,18","192,191,253,99,120",1:91:2|1:573:2|1:986:2
ckpt_4700.pt,1,686,0.5089641809463501,0.08799988031387329,0.4196723699569702,"225,115,20,202,124","21,204,106,24,32",1:90:2|1:422:2|1:878:2
ckpt_4700.pt,1,687,0.46558842062950134,0.08553966879844666,0.37838706374168396,"44,135,40,137,74","242,222,203,164,219",1:353:2|1:1:1|1:16:1
ckpt_4700.pt,1,688,0.5136982798576355,0.09117095917463303,0.43754199147224426,"169,146,106,173,218","73,122,130,104,82",1:199:2|1:253:2|1:764:2
ckpt_4700.pt,1,689,0.45626044273376465,0.0951092317700386,0.44288578629493713,"96,60,183,210,117","151,141,120,93,163",1:925:2|1:0:1|1:11:1
ckpt_4700.pt,1,690,0.49608251452445984,0.10638323426246643,0.42731988430023193,"167,184,241,221,84","107,124,193,20,187",1:129:2|1:425:2|1:464:2
ckpt_4700.pt,1,691,0.47954434156417847,0.08179855346679688,0.3997655212879181,"233,26,30,133,144","3,80,255,242,87",1:105:2|1:358:2|1:363:2
ckpt_4700.pt,1,692,0.470023512840271,0.09744050353765488,0.39416268467903137,"3,221,101,250,66","9,216,168,140,101",1:31:2|1:72:2|1:122:2
ckpt_4700.pt,1,693,0.4748537838459015,0.10239779204130173,0.39085355401039124,"198,160,61,147,196","34,72,132,147,253",1:438:2|1:439:2|1:589:2
ckpt_4700.pt,1,694,0.4635087847709656,0.09814898669719696,0.42249804735183716,"70,148,26,136,189","37,169,110,51,221",1:394:2|1:849:2|1:1:1
ckpt_4700.pt,1,695,0.46153876185417175,0.08084949105978012,0.39483916759490967,"93,182,95,69,125","189,54,155,44,107",1:796:2|1:942:2|1:20:1
ckpt_4700.pt,1,696,0.4826483726501465,0.0955643430352211,0.42579200863838196,"252,196,247,144,119","122,101,105,75,162",1:117:2|1:197:2|1:323:2
ckpt_4700.pt,1,697,0.49991947412490845,0.0954379141330719,0.4342373013496399,"119,35,98,218,130","199,12,13,212,114",1:282:2|1:388:2|1:547:2
ckpt_4700.pt,1,698,0.4400677978992462,0.08140267431735992,0.36656343936920166,"103,210,171,141,237","89,209,151,142,59",1:558:2|1:1018:2|1:6:1
ckpt_4700.pt,1,699,0.535829484462738,0.08869016170501709,0.4367169141769409,"180,63,87,52,191","179,82,209,167,93",1:20:2|1:499:2|1:560:2
ckpt_4700.pt,1,700,0.45497339963912964,0.07070297002792358,0.429627388715744,"63,218,153,161,134","70,204,225,53,197",1:493:2|1:6:1|1:26:1
ckpt_4700.pt,1,701,0.5199043154716492,0.10558055341243744,0.4369959533214569,"188,162,90,113,42","164,12,45,244,233",1:12:2|1:252:2|1:299:2
ckpt_4700.pt,1,702,0.5003471374511719,0.10674675554037094,0.4156995713710785,"55,158,224,240,103","230,43,177,74,18",1:127:2|1:284:2|1:345:2
ckpt_4700.pt,1,703,0.5162006616592407,0.09720976650714874,0.43697938323020935,"146,1,183,199,47","172,130,233,254,5",1:61:2|1:425:2|1:447:2
ckpt_4700.pt,1,704,0.4941284954547882,0.09953182935714722,0.42702800035476685,"30,64,33,35,211","93,110,108,216,138",1:421:2|1:833:2|1:23:1
ckpt_4700.pt,1,705,0.5205422043800354,0.10129247605800629,0.4231500029563904,"12,87,90,247,173","32,13,66,211,117",1:0:1|1:12:1|1:14:1
ckpt_4700.pt,1,706,0.45231202244758606,0.08254315704107285,0.3854227364063263,"190,151,110,35,174","85,57,11,170,250",1:141:2|1:440:2|1:614:2
ckpt_4700.pt,1,707,0.5208728909492493,0.10812468081712723,0.420738160610199,"110,97,152,185,80","237,114,35,43,128",1:982:3|1:152:2|1:755:2
ckpt_4700.pt,1,708,0.4623357057571411,0.06632772833108902,0.3899148106575012,"154,163,84,40,123","94,249,242,60,132",1:77:2|1:569:2|1:649:2
ckpt_4700.pt,1,709,0.43356242775917053,0.07232049852609634,0.3811948597431183,"221,11,232,234,176","154,206,41,119,153",1:6:2|1:555:2|1:999:2
ckpt_4700.pt,1,710,0.480821818113327,0.09893936663866043,0.4043212831020355,"42,247,83,189,53","51,48,169,144,190",1:283:2|1:1:1|1:14:1
ckpt_4700.pt,1,711,0.5161907076835632,0.09053347259759903,0.450482577085495,"221,60,35,202,162","233,191,107,210,221",1:71:2|1:507:2|1:606:2
ckpt_4700.pt,1,712,0.472500741481781,0.09864340722560883,0.3835163712501526,"60,100,71,42,103","209,111,254,145,41",1:299:2|1:6:1|1:10:1
ckpt_4700.pt,1,713,0.509074330329895,0.090591199696064,0.4495558440685272,"79,128,200,163,201","193,218,163,103,133",1:77:2|1:222:2|1:3:1
ckpt_4700.pt,1,714,0.4334603250026703,0.07822516560554504,0.3781338036060333,"61,55,105,191,167","105,218,147,82,117",1:515:2|1:733:2|1:756:2
ckpt_4700.pt,1,715,0.5314363241195679,0.08976510912179947,0.4298571050167084,"135,220,79,250,73","21,239,145,119,44",1:156:2|1:189:2|1:722:2
ckpt_4700.pt,1,716,0.47381168603897095,0.08066045492887497,0.4208323061466217,"90,166,124,109,224","4,115,21,240,210",1:114:2|1:486:2|1:773:2
ckpt_4700.pt,1,717,0.47499746084213257,0.09142313152551651,0.4086907207965851,"106,250,108,89,235","112,94,108,140,141",1:512:2|1:553:2|1:920:2
ckpt_4700.pt,1,718,0.4824773371219635,0.09797635674476624,0.4202280044555664,"45,169,162,213,7","148,80,178,241,85",1:45:1|1:46:1|1:57:1
ckpt_4700.pt,1,719,0.4577949643135071,0.08435282111167908,0.4144727289676666,"0,30,154,164,185","25,119,184,254,15",1:421:2|1:10:1|1:47:1
ckpt_4700.pt,1,720,0.4874931871891022,0.08626767992973328,0.40582242608070374,"242,8,206,48,83","46,220,11,252,4",1:283:2|1:374:2|1:800:2
ckpt_4700.pt,1,721,0.47137099504470825,0.09660159051418304,0.38423293828964233,"109,72,128,208,197","196,115,55,26,209",1:13:2|1:235:2|1:451:2
ckpt_4700.pt,1,722,0.5079639554023743,0.10315965116024017,0.4095832109451294,"55,79,139,246,220","114,170,178,26,87",1:189:3|1:58:2|1:85:2
ckpt_4700.pt,1,723,0.5097596049308777,0.08726947754621506,0.4548335075378418,"95,189,213,64,94","61,129,167,93,104",1:1:1|1:15:1|1:20:1
ckpt_4700.pt,1,724,0.4599688649177551,0.08403744548559189,0.42084357142448425,"19,106,117,20,17","199,126,66,3,138",1:924:2|1:968:2|1:2:1
ckpt_4700.pt,1,725,0.47642263770103455,0.07563215494155884,0.43053215742111206,"244,246,169,168,242","213,129,55,200,47",1:890:2|1:3:1|1:4:1
ckpt_4700.pt,1,726,0.5582858324050903,0.08990117162466049,0.4615285396575928,"190,192,101,133,142","78,155,40,58,46",1:403:2|1:869:2|1:979:2
ckpt_4700.pt,1,727,0.5612823963165283,0.10167248547077179,0.4727844297885895,"102,157,228,230,15","89,171,138,67,205",1:68:2|1:381:2|1:742:2
ckpt_4700.pt,1,728,0.5009410977363586,0.09025251120328903,0.413358211517334,"2,223,156,147,112","184,188,60,94,1",1:321:2|1:371:2|1:474:2
ckpt_4700.pt,1,729,0.4195540249347687,0.07236866652965546,0.37381109595298767,"84,237,225,37,216","202,60,183,149,153",1:124:2|1:6:1|1:26:1
ckpt_4700.pt,1,730,0.44914624094963074,0.0764443650841713,0.40149468183517456,"133,185,107,247,226","46,11,239,243,20",1:105:2|1:788:2|1:934:2
ckpt_4700.pt,1,731,0.48156532645225525,0.08685372769832611,0.42402368783950806,"125,118,44,115,183","189,176,6,44,147",1:308:2|1:603:2|1:741:2
ckpt_4700.pt,1,732,0.49611955881118774,0.10725831985473633,0.42936834692955017,"251,95,67,90,220","185,67,89,72,149",1:59:2|1:364:2|1:563:2
ckpt_4700.pt,1,733,0.47091254591941833,0.0896289050579071,0.3896850645542145,"61,99,33,167,75","241,22,186,198,27",1:291:2|1:714:2|1:0:1
ckpt_4700.pt,1,734,0.49643227458000183,0.09830943495035172,0.40036746859550476,"58,67,233,206,9","131,50,95,233,147",1:1017:2|1:2:1|1:34:1
ckpt_4700.pt,1,735,0.49915918707847595,0.0954006090760231,0.41491588950157166,"92,61,245,196,107","223,218,100,250,22",1:105:2|1:267:2|1:693:2
ckpt_4700.pt,1,736,0.48411086201667786,0.11989825963973999,0.44415968656539917,"156,71,45,15,50","161,255,108,65,215",1:46:2|1:6:1|1:24:1
ckpt_4700.pt,1,737,0.4725780785083771,0.09002372622489929,0.4157715141773224,"227,251,93,197,4","148,245,210,216,30",1:149:2|1:292:2|1:517:2
ckpt_4700.pt,1,738,0.49620819091796875,0.09554261714220047,0.4094606339931488,"109,13,222,30,75","20,34,208,234,179",1:106:2|1:378:2|1:486:2
ckpt_4700.pt,1,739,0.4714142680168152,0.09123200923204422,0.40048840641975403,"154,69,137,165,18","123,40,184,232,26",1:274:2|1:533:2|1:762:2
ckpt_4700.pt,1,740,0.4870801270008087,0.09670323878526688,0.4099904000759125,"66,174,4,191,235","220,30,224,186,163",1:30:2|1:747:2|1:2:1
ckpt_4700.pt,1,741,0.5504043698310852,0.11542958766222,0.4326583743095398,"125,85,159,212,44","6,63,29,166,186",1:80:2|1:308:2|1:731:2
ckpt_4700.pt,1,742,0.44390472769737244,0.08112005889415741,0.39443227648735046,"228,244,93,91,102","108,158,42,203,157",1:356:2|1:463:2|1:465:2
ckpt_4700.pt,1,743,0.4499366879463196,0.10956265777349472,0.37522459030151367,"13,149,200,116,53","47,96,145,37,91",1:39:2|1:265:2|1:443:2
ckpt_4700.pt,1,744,0.4596478044986725,0.08063745498657227,0.40890610218048096,"105,88,215,155,51","193,35,51,187,79",1:200:2|1:15:1|1:16:1
ckpt_4700.pt,1,745,0.4739789664745331,0.09065412729978561,0.42459219694137573,"132,73,243,101,82","252,245,58,255,0",1:98:2|1:188:2|1:557:2
ckpt_4700.pt,1,746,0.4709133505821228,0.08308333903551102,0.37634310126304626,"107,229,138,73,113","6,218,31,250,5",1:182:2|1:444:2|1:595:2
ckpt_4700.pt,1,747,0.5341421961784363,0.10605265945196152,0.40407100319862366,"235,66,14,239,215","220,122,57,158,16",1:405:2|1:740:2|1:19:1
ckpt_4700.pt,1,748,0.4819495677947998,0.09572327136993408,0.4287654459476471,"39,100,77,98,36","183,35,144,122,232",1:73:2|1:220:2|1:538:2
ckpt_4700.pt,1,749,0.4784511923789978,0.0894792228937149,0.4044787585735321,"146,91,165,119,205","10,65,137,237,204",1:215:2|1:256:2|1:469:2
ckpt_4700.pt,1,750,0.4699830114841461,0.0970572978258133,0.4012376666069031,"82,40,209,158,206","45,181,12,150,111",1:336:2|1:602:2|1:645:2
ckpt_4700.pt,1,751,0.4846838116645813,0.08988261967897415,0.45747119188308716,"121,114,190,214,126","24,48,51,67,110",1:238:2|1:244:2|1:435:2
ckpt_4700.pt,1,752,0.4008297324180603,0.09279441833496094,0.3624540865421295,"15,55,118,137,236","244,255,181,45,229",1:659:2|1:762:2|1:1:1
ckpt_4700.pt,1,753,0.46271640062332153,0.07535207271575928,0.3861875534057617,"67,57,19,198,62","79,49,190,144,103",1:765:2|1:5:1|1:11:1
ckpt_4700.pt,1,754,0.4742185175418854,0.08298297971487045,0.4262697100639343,"56,52,48,195,113","48,26,158,246,100",1:610:2|1:4:1|1:5:1
ckpt_4700.pt,1,755,0.4691266715526581,0.11967633664608002,0.431986004114151,"97,109,110,16,244","44,27,245,155,213",1:707:2|1:982:2|1:4:1
ckpt_4700.pt,1,756,0.47462332248687744,0.11863615363836288,0.43345513939857483,"61,55,1,229,35","61,199,161,98,226",1:30:2|1:318:2|1:714:2
ckpt_4700.pt,1,757,0.47327902913093567,0.08630739152431488,0.4176216721534729,"54,171,179,70,85","250,233,112,223,158",1:148:2|1:533:2|1:760:2
ckpt_4700.pt,1,758,0.5505431294441223,0.10730945318937302,0.4481928050518036,"51,228,132,185,67","11,108,186,3,89",1:104:3|1:390:3|1:998:2
ckpt_4700.pt,1,759,0.4587646722793579,0.08322443813085556,0.4093489646911621,"18,78,220,162,190","84,185,175,17,24",1:103:2|1:238:2|1:557:2
ckpt_4700.pt,1,760,0.45906728506088257,0.08231934159994125,0.4008137583732605,"99,229,179,54,15","188,112,167,143,110",1:30:2|1:110:2|1:149:2
ckpt_4700.pt,1,761,0.5135988593101501,0.0889400839805603,0.4474998116493225,"174,222,100,19,133","248,173,231,204,218",1:350:2|1:811:2|1:2:1
ckpt_4700.pt,1,762,0.47545862197875977,0.09149929136037827,0.43504443764686584,"118,205,137,159,154","204,114,56,145,28",1:229:2|1:285:2|1:739:2
ckpt_4700.pt,1,763,0.49412092566490173,0.09162683039903641,0.41667118668556213,"176,102,204,139,103","76,55,204,15,157",1:366:2|1:9:1|1:10:1
ckpt_4700.pt,1,764,0.5490816235542297,0.10707864165306091,0.4441278576850891,"173,184,33,196,146","129,197,242,134,163",1:425:2|1:548:2|1:688:2
ckpt_4700.pt,1,765,0.4670678973197937,0.09037736058235168,0.41568538546562195,"19,85,62,63,108","239,48,81,167,244",1:348:2|1:560:2|1:753:2
ckpt_4700.pt,1,766,0.5571327209472656,0.11656118929386139,0.46015414595603943,"70,11,117,215,212","112,161,24,116,143",1:51:2|1:371:2|1:17:1
ckpt_4700.pt,1,767,0.5756620764732361,0.1352677047252655,0.48845723271369934,"236,125,154,250,45","241,198,180,223,124",1:307:3|1:165:2|1:407:2
ckpt_4700.pt,1,768,0.47321727871894836,0.07194230705499649,0.40188878774642944,"153,53,24,147,76","17,193,80,129,180",1:18:1|1:38:1|1:48:1
ckpt_4700.pt,1,769,0.46681174635887146,0.09540529549121857,0.3956829309463501,"242,30,114,214,17","250,233,18,144,124",1:147:2|1:435:2|1:751:2
ckpt_4700.pt,1,770,0.533024787902832,0.09962967038154602,0.45006993412971497,"19,56,80,182,112","130,128,219,31,43",1:536:2|1:610:2|1:798:2
ckpt_4700.pt,1,771,0.5872310996055603,0.10957252234220505,0.5032387375831604,"7,223,104,207,123","115,222,98,66,178",1:35:2|1:45:2|1:57:2
ckpt_4700.pt,1,772,0.4232030510902405,0.09320544451475143,0.4030415415763855,"235,222,226,209,13","197,254,121,63,114",1:19:2|1:106:2|1:579:2
ckpt_4700.pt,1,773,0.5165337920188904,0.09828129410743713,0.4471175968647003,"80,90,100,109,7","110,216,32,183,187",1:45:2|1:276:2|1:361:2
ckpt_4700.pt,1,774,0.46390220522880554,0.07770247012376785,0.4313693344593048,"178,67,84,234,35","51,31,186,130,115",1:97:2|1:193:2|1:952:2
ckpt_4700.pt,1,775,0.4464419186115265,0.08057864755392075,0.40684887766838074,"54,187,27,79,122","50,247,127,234,252",1:178:2|1:0:1|1:27:1
ckpt_4700.pt,1,776,0.46297478675842285,0.08274774253368378,0.3917914927005768,"104,59,118,56,106","99,122,150,248,104",1:35:2|1:180:2|1:217:2
ckpt_4700.pt,1,777,0.4534301459789276,0.11833338439464569,0.38906657695770264,"107,253,6,128,68","174,150,185,188,186",1:172:2|1:497:2|1:882:2
ckpt_4700.pt,1,778,0.43927550315856934,0.10079627484083176,0.38794445991516113,"48,26,135,248,162","90,81,23,16,47",1:233:2|1:580:2|1:1022:2
ckpt_4700.pt,1,779,0.4807974696159363,0.08443542569875717,0.4148363471031189,"135,165,20,123,196","110,73,217,117,187",1:169:2|1:517:2|1:8:1
ckpt_4700.pt,1,780,0.502208411693573,0.10688311606645584,0.4234273135662079,"62,71,180,176,68","243,124,111,44,211",1:915:2|1:1005:2|1:6:1
ckpt_4700.pt,1,781,0.5072512030601501,0.09851591289043427,0.4611411988735199,"244,44,191,8,176","131,184,217,10,220",1:26:2|1:60:2|1:204:2
ckpt_4700.pt,1,782,0.5413188934326172,0.09116936475038528,0.43278539180755615,"113,134,165,160,215","5,107,112,205,148",1:248:2|1:290:2|1:829:2
ckpt_4700.pt,1,783,0.5125687122344971,0.07836517691612244,0.4161493182182312,"79,76,250,169,174","66,249,125,151,18",1:156:2|1:506:2|1:526:2
ckpt_4700.pt,1,784,0.4927469789981842,0.10672533512115479,0.4487253427505493,"58,196,209,201,157","72,229,236,176,31",1:68:2|1:278:2|1:419:2
ckpt_4700.pt,1,785,0.4693887233734131,0.08953019231557846,0.44263315200805664,"242,81,153,107,70","178,101,219,164,248",1:882:2|1:955:2|1:17:1
ckpt_4700.pt,1,786,0.5127001404762268,0.09074858576059341,0.40002214908599854,"133,128,45,76,177","229,202,50,127,243",1:451:2|1:792:2|1:5:1
ckpt_4700.pt,1,787,0.497821569442749,0.1104218065738678,0.44082552194595337,"107,12,93,46,203","91,248,114,89,143",1:502:2|1:571:2|1:658:2
ckpt_4700.pt,1,788,0.4825257956981659,0.08050331473350525,0.40104326605796814,"85,247,73,133,37","24,165,152,45,6",1:132:2|1:730:2|1:830:2
ckpt_4700.pt,1,789,0.4752967953681946,0.0942087396979332,0.40620723366737366,"175,22,139,241,247","86,78,205,45,241",1:25:2|1:684:2|1:2:1
ckpt_4700.pt,1,790,0.5039718151092529,0.0856279507279396,0.41983842849731445,"72,194,91,84,135","112,95,178,248,109",1:126:2|1:324:2|1:5:1
ckpt_4700.pt,1,791,0.4684755504131317,0.0933857262134552,0.43356019258499146,"101,87,27,207,39","72,231,250,157,78",1:0:2|1:194:2|1:227:2
ckpt_4700.pt,1,792,0.44632184505462646,0.11202215403318405,0.4054315984249115,"221,45,171,108,133","119,11,18,190,183",1:606:2|1:786:2|1:904:2
ckpt_4700.pt,1,793,0.4472891688346863,0.09305913001298904,0.33753129839897156,"212,99,231,224,111","144,26,29,42,63",1:368:2|1:972:2|1:8:1
ckpt_4700.pt,1,794,0.4273342192173004,0.08694195747375488,0.3699108362197876,"22,73,79,25,56","4,171,71,24,189",1:55:2|1:306:2|1:684:2
ckpt_4700.pt,1,795,0.44422152638435364,0.09224880486726761,0.39297381043434143,"70,205,179,44,222","228,189,116,142,230",1:106:2|1:162:2|1:416:2
ckpt_4700.pt,1,796,0.5210050940513611,0.09305687248706818,0.4470660388469696,"87,69,234,122,95","100,32,139,223,134",1:20:2|1:512:2|1:533:2
ckpt_4700.pt,1,797,0.5283383131027222,0.0993008241057396,0.4175865650177002,"87,207,150,61,202","188,220,218,160,7",1:227:2|1:791:2|1:0:1
ckpt_4700.pt,1,798,0.48362281918525696,0.09431339055299759,0.44467610120773315,"112,92,56,97,236","22,163,164,55,175",1:770:2|1:932:2|1:5:1
ckpt_4700.pt,1,799,0.4785139560699463,0.08569204807281494,0.4273166060447693,"178,112,132,109,128","51,12,216,136,176",1:366:2|1:441:2|1:451:2
ckpt_4700.pt,1,800,0.5007644891738892,0.09554056823253632,0.3984297513961792,"206,95,54,217,83","131,33,213,164,49",1:720:2|1:2:1|1:13:1
ckpt_4700.pt,1,801,0.5420712232589722,0.09721842408180237,0.45698297023773193,"121,140,220,13,87","31,239,227,27,221",1:492:3|1:9:2|1:301:2
ckpt_4700.pt,1,802,0.4638672471046448,0.0825514867901802,0.37320801615715027,"5,99,100,176,21","106,118,93,217,65",1:70:2|1:115:2|1:857:2
ckpt_4700.pt,1,803,0.44609203934669495,0.07343215495347977,0.39389538764953613,"149,129,152,53,253","94,180,96,149,194",1:133:2|1:315:2|1:743:2
ckpt_4700.pt,1,804,0.43835219740867615,0.10373824834823608,0.3991035223007202,"126,53,207,73,43","67,101,132,74,13",1:34:2|1:50:2|1:227:2
ckpt_4700.pt,1,805,0.505206286907196,0.08120059221982956,0.4516236186027527,"130,89,167,231,81","38,232,17,216,209",1:0:1|1:23:1|1:38:1
ckpt_4700.pt,1,806,0.5167260766029358,0.088192418217659,0.4399828314781189,"21,136,138,121,52","106,154,187,192,188",1:571:2|1:5:1|1:11:1
ckpt_4700.pt,1,807,0.5330439209938049,0.12514854967594147,0.4445829689502716,"13,157,92,245,182","81,182,39,79,60",1:32:2|1:151:2|1:494:2
ckpt_4700.pt,1,808,0.47394394874572754,0.12425322085618973,0.411377489566803,"239,107,75,209,250","127,243,195,118,49",1:68:2|1:419:2|1:496:2
ckpt_4700.pt,1,809,0.5113509893417358,0.11498255282640457,0.44821834564208984,"230,62,129,97,144","51,71,229,98,53",1:92:2|1:204:2|1:568:2
ckpt_4700.pt,1,810,0.4942868947982788,0.07841809093952179,0.3930404484272003,"140,52,13,193,128","238,31,17,119,137",1:5:2|1:78:2|1:366:2
ckpt_4700.pt,1,811,0.5061681866645813,0.08815247565507889,0.4314554035663605,"100,15,133,251,93","206,60,15,187,65",1:350:2|1:737:2|1:761:2
ckpt_4700.pt,1,812,0.5539430975914001,0.11515630036592484,0.43761157989501953,"22,200,32,91,89","38,9,110,8,133",1:173:2|1:337:2|1:353:2
ckpt_4700.pt,1,813,0.49652528762817383,0.1056976392865181,0.4180210530757904,"55,103,1,234,162","216,29,195,189,43",1:599:2|1:702:2|1:756:2
ckpt_4700.pt,1,814,0.44392743706703186,0.10463687777519226,0.37752506136894226,"89,59,102,226,169","1,82,91,195,32",1:262:2|1:334:2|1:500:2
ckpt_4700.pt,1,815,0.43173861503601074,0.08517763018608093,0.37300342321395874,"95,209,156,180,60","55,129,161,244,199",1:419:2|1:563:2|1:581:2
ckpt_4700.pt,1,816,0.39899972081184387,0.07875511795282364,0.3772933781147003,"89,219,191,171,185","7,42,135,77,230",1:26:1|1:28:1|1:36:1
ckpt_4700.pt,1,817,0.45018017292022705,0.08374811708927155,0.3942103683948517,"144,0,44,73,59","148,144,120,128,8",1:63:2|1:137:2|1:349:2
ckpt_4700.pt,1,818,0.4648764729499817,0.08222021907567978,0.4066271185874939,"159,223,85,246,5","107,70,112,231,182",1:194:2|1:475:2|1:741:2
ckpt_4700.pt,1,819,0.5307461619377136,0.09879982471466064,0.4093920886516571,"33,196,139,236,133","90,91,21,208,178",1:105:2|1:648:2|1:764:2
ckpt_4700.pt,1,820,0.43220558762550354,0.06517456471920013,0.36938101053237915,"144,26,168,184,18","37,215,23,86,208",1:3:2|1:155:2|1:691:2
ckpt_4700.pt,1,821,0.49503496289253235,0.09340675175189972,0.41061916947364807,"8,30,41,127,220","89,240,25,77,231",1:60:2|1:198:2|1:270:2
ckpt_4700.pt,1,822,0.4876728355884552,0.09087373316287994,0.391304612159729,"208,239,251,186,139","130,234,194,238,211",1:311:2|1:13:1|1:20:1
ckpt_4700.pt,1,823,0.4750898480415344,0.08587322384119034,0.4135361313819885,"218,51,19,194,196","52,6,173,174,40",1:390:2|1:662:2|1:944:2
ckpt_4700.pt,1,824,0.45625239610671997,0.1021943986415863,0.3797962963581085,"186,127,255,89,5","136,248,212,85,29",1:12:1|1:14:1|1:24:1
ckpt_4700.pt,1,825,0.46779507398605347,0.08421378582715988,0.3685677647590637,"216,132,188,250,101","7,4,128,100,230",1:300:2|1:557:2|1:692:2
ckpt_4700.pt,1,826,0.468599408864975,0.0796089768409729,0.4038502871990204,"242,65,99,172,196","141,79,195,105,216",1:8:2|1:40:1|1:52:1
ckpt_4700.pt,1,827,0.47793012857437134,0.08413677662611008,0.44290000200271606,"23,48,230,142,240","216,107,93,200,38",1:21:2|1:246:2|1:374:2
ckpt_4700.pt,1,828,0.5243898630142212,0.08771012723445892,0.4592720866203308,"145,80,250,212,47","215,25,144,53,212",1:111:2|1:526:2|1:554:2
ckpt_4700.pt,1,829,0.4445163607597351,0.07595444470643997,0.40251362323760986,"113,43,134,102,8","91,162,87,96,233",1:110:2|1:173:2|1:248:2
ckpt_4700.pt,1,830,0.5067793726921082,0.11436673998832703,0.4539085328578949,"133,179,54,170,37","8,38,126,207,5",1:363:2|1:606:2|1:757:2
ckpt_4700.pt,1,831,0.4316907525062561,0.07615314424037933,0.38727548718452454,"170,225,166,168,239","87,126,39,234,120",1:3:1|1:20:1|1:37:1
ckpt_4700.pt,1,832,0.48980340361595154,0.08699410408735275,0.4214513301849365,"36,54,147,107,67","201,130,176,223,70",1:223:2|1:227:2|1:288:2
ckpt_4700.pt,1,833,0.5086593627929688,0.09474892914295197,0.41337916254997253,"60,98,243,64,211","219,22,175,249,218",1:71:2|1:188:2|1:704:2
ckpt_4700.pt,1,834,0.46885332465171814,0.07330484688282013,0.37602177262306213,"52,244,51,120,206","85,235,108,202,99",1:103:2|1:635:2|1:641:2
ckpt_4700.pt,1,835,0.4256124198436737,0.09407583624124527,0.3896201252937317,"65,165,197,239,32","24,152,14,209,11",1:556:2|1:1:1|1:12:1
ckpt_4700.pt,1,836,0.4154721200466156,0.09921029955148697,0.43023890256881714,"86,31,173,200,32","139,192,138,237,176",1:168:2|1:812:2|1:0:1
ckpt_4700.pt,1,837,0.4731579124927521,0.08984427899122238,0.40456995368003845,"139,107,137,187,84","240,23,36,255,178",1:27:2|1:339:2|1:530:2
ckpt_4700.pt,1,838,0.4367130696773529,0.09223143011331558,0.38154035806655884,"113,22,181,101,71","63,57,46,44,248",1:147:2|1:367:2|1:545:2
ckpt_4700.pt,1,839,0.4639204740524292,0.07630740851163864,0.39181825518608093,"241,138,166,126,188","100,191,85,238,223",1:344:2|1:400:2|1:449:2
ckpt_4700.pt,1,840,0.5524358153343201,0.10668783634901047,0.43483784794807434,"78,95,246,111,180","246,181,13,75,223",1:563:2|1:650:2|1:815:2
ckpt_4700.pt,1,841,0.4569198787212372,0.07950319349765778,0.407179594039917,"211,114,65,46,72","221,16,149,211,111",1:47:2|1:1:1|1:17:1
ckpt_4700.pt,1,842,0.45131126046180725,0.11869611591100693,0.4176262319087982,"27,58,99,7,182","44,42,98,139,127",1:57:2|1:179:2|1:428:2
ckpt_4700.pt,1,843,0.4621739089488983,0.07049944996833801,0.40993955731391907,"55,225,145,229,198","93,44,5,84,45",1:259:2|1:756:2|1:1:1
ckpt_4700.pt,1,844,0.5121468305587769,0.0914507806301117,0.4418274760246277,"228,205,39,29,42","1,148,255,64,15",1:273:2|1:376:2|1:2:1
ckpt_4700.pt,1,845,0.509322464466095,0.0877564400434494,0.4251037538051605,"146,151,110,98,117","104,119,92,141,17",1:706:2|1:3:1|1:10:1
ckpt_4700.pt,1,846,0.462371289730072,0.10194405913352966,0.3898317813873291,"158,83,244,19,126","232,181,20,220,145",1:244:2|1:4:1|1:5:1
ckpt_4700.pt,1,847,0.4790879189968109,0.09274936467409134,0.4176795482635498,"60,50,246,207,16","113,70,177,239,7",1:519:2|1:990:2|1:1009:2
ckpt_4700.pt,1,848,0.5063251852989197,0.10647865384817123,0.4525902569293976,"57,202,23,112,55","229,245,104,253,46",1:84:2|1:129:2|1:250:2
ckpt_4700.pt,1,849,0.5042443871498108,0.08034037798643112,0.4337691068649292,"189,106,186,136,51","74,121,177,207,196",1:332:2|1:553:2|1:694:2
ckpt_4700.pt,1,850,0.4805866479873657,0.08760692179203033,0.42255640029907227,"195,162,119,97,40","38,213,220,8,196",1:488:2|1:9:1|1:15:1
ckpt_4700.pt,1,851,0.5306447148323059,0.10255453735589981,0.39791634678840637,"99,251,184,4,89","45,36,217,231,229",1:149:2|1:292:2|1:350:2
ckpt_4700.pt,1,852,0.4971219003200531,0.08642999082803726,0.44047367572784424,"94,240,214,152,54","201,181,236,47,51",1:109:2|1:439:2|1:21:1
ckpt_4700.pt,1,853,0.5046934485435486,0.09154405444860458,0.41976475715637207,"159,216,137,109,227","47,222,87,159,185",1:330:2|1:762:2|1:1:1
ckpt_4700.pt,1,854,0.5204609632492065,0.10407856851816177,0.4292466938495636,"191,243,62,100,138","139,193,124,175,213",1:562:2|1:922:2|1:26:1
ckpt_4700.pt,1,855,0.48092034459114075,0.10812555253505707,0.4205620288848877,"51,0,108,172,61","55,22,61,221,118",1:662:2|1:24:1|1:30:1
ckpt_4700.pt,1,856,0.4632684290409088,0.08720429986715317,0.41348937153816223,"129,37,143,12,110","138,4,18,236,11",1:49:2|1:266:2|1:1009:2
ckpt_4700.pt,1,857,0.4549289643764496,0.08347346633672714,0.4079139828681946,"99,209,159,215,5","163,219,223,104,108",1:115:2|1:194:2|1:195:2
ckpt_4700.pt,1,858,0.45377999544143677,0.07240741699934006,0.38413554430007935,"124,141,204,229,216","138,29,95,46,49",1:30:1|1:63:1|1:74:1
ckpt_4700.pt,1,859,0.4776443839073181,0.09345792233943939,0.3912367522716522,"254,197,237,179,66","22,99,229,76,178",1:30:2|1:72:2|1:1:1
ckpt_4700.pt,1,860,0.4975453317165375,0.11411251127719879,0.4100046157836914,"74,85,43,55,103","114,159,244,47,191",1:163:2|1:702:2|1:813:2
ckpt_4700.pt,1,861,0.516278862953186,0.09332747012376785,0.44885292649269104,"38,22,19,73,140","22,134,94,99,215",1:53:2|1:306:2|1:537:2
ckpt_4700.pt,1,862,0.49498823285102844,0.07744178920984268,0.41661790013313293,"228,232,180,26,76","12,41,84,136,188",1:654:2|1:6:1|1:9:1
ckpt_4700.pt,1,863,0.4863596558570862,0.0813124030828476,0.41967400908470154,"236,9,217,61,220","66,218,27,247,41",1:43:2|1:370:2|1:463:2
ckpt_4700.pt,1,864,0.5031823515892029,0.08794788271188736,0.40214940905570984,"11,170,107,12,248","188,64,75,228,131",1:69:2|1:266:2|1:372:2
ckpt_4700.pt,1,865,0.4784599244594574,0.09875998646020889,0.4181538224220276,"33,22,137,215,205","19,115,195,5,85",1:118:2|1:147:2|1:306:2
ckpt_4700.pt,1,866,0.44979342818260193,0.09444180130958557,0.3736392855644226,"211,196,154,55,89","211,38,154,171,41",1:231:2|1:274:2|1:406:2
ckpt_4700.pt,1,867,0.4441052973270416,0.10246146470308304,0.3748123049736023,"114,217,91,250,201","207,236,245,89,224",1:262:2|1:356:2|1:920:2
ckpt_4700.pt,1,868,0.46134692430496216,0.09397634118795395,0.39930009841918945,"103,82,178,63,121","33,247,203,52,5",1:127:2|1:163:2|1:397:2
ckpt_4700.pt,1,869,0.4772532284259796,0.08807647228240967,0.41040435433387756,"150,133,101,104,218","39,32,89,117,119",1:89:2|1:726:2|1:19:1
ckpt_4700.pt,1,870,0.468691885471344,0.07899850606918335,0.36876150965690613,"34,66,46,180,32","97,4,195,143,17",1:29:2|1:505:2|1:569:2
ckpt_4700.pt,1,871,0.4974592626094818,0.09924422204494476,0.4119788408279419,"172,237,118,166,205","103,142,60,147,42",1:285:2|1:539:2|1:601:2
ckpt_4700.pt,1,872,0.5421801805496216,0.11206354200839996,0.44271788001060486,"196,1,9,72,200","37,3,34,14,13",1:105:2|1:294:2|1:337:2
ckpt_4700.pt,1,873,0.4432397484779358,0.10315509885549545,0.3763064742088318,"128,222,9,33,175","33,5,142,147,94",1:183:2|1:269:2|1:522:2
ckpt_4700.pt,1,874,0.5024262070655823,0.0926365777850151,0.4220408797264099,"224,32,115,249,87","58,34,175,160,73",1:950:4|1:301:2|1:365:2
ckpt_4700.pt,1,875,0.4929063320159912,0.09932062029838562,0.39444640278816223,"43,40,92,58,218","148,201,84,80,212",1:295:2|1:314:2|1:418:2
ckpt_4700.pt,1,876,0.46472468972206116,0.09873869270086288,0.4009340703487396,"213,42,24,231,70","46,0,50,197,110",1:213:2|1:250:2|1:580:2
ckpt_4700.pt,1,877,0.40364742279052734,0.0841343030333519,0.3767642676830292,"113,114,245,166,99","15,234,216,138,111",1:75:2|1:224:2|1:368:2
ckpt_4700.pt,1,878,0.4564695358276367,0.07736358046531677,0.39444178342819214,"20,12,184,124,148","147,39,27,243,179",1:136:2|1:153:2|1:211:2
ckpt_4700.pt,1,879,0.5467101335525513,0.10548780858516693,0.4341544806957245,"221,81,126,166,154","226,81,172,213,13",1:543:2|1:606:2|1:839:2
ckpt_4700.pt,1,880,0.5330787301063538,0.10337007790803909,0.4080508053302765,"175,95,124,188,163","160,38,27,36,198",1:923:2|1:12:1|1:20:1
ckpt_4700.pt,1,881,0.49790143966674805,0.07990135997533798,0.43098652362823486,"235,124,39,164,70","182,173,87,129,89",1:909:2|1:2:1|1:4:1
ckpt_4700.pt,1,882,0.46850156784057617,0.07565633952617645,0.39108654856681824,"70,68,207,72,107","236,163,22,102,44",1:105:2|1:454:2|1:497:2
ckpt_4700.pt,1,883,0.4932509660720825,0.11487309634685516,0.4134696125984192,"191,61,17,31,209","123,8,226,67,221",1:251:2|1:714:2|1:0:1
ckpt_4700.pt,1,884,0.4699828326702118,0.09114407747983932,0.3903777599334717,"207,42,226,147,166","237,160,178,77,9",1:352:2|1:14:1|1:19:1
ckpt_4700.pt,1,885,0.42526328563690186,0.08364641666412354,0.3941340148448944,"118,128,65,129,121","206,48,17,126,181",1:244:2|1:623:2|1:4:1
ckpt_4700.pt,1,886,0.5594629645347595,0.13864365220069885,0.4625425934791565,"208,226,52,189,62","21,67,13,116,71",1:235:2|1:241:2|1:460:2
ckpt_4700.pt,1,887,0.5250747799873352,0.0793648436665535,0.45484307408332825,"150,7,105,44,217","77,184,31,166,177",1:912:2|1:13:1|1:16:1
ckpt_4700.pt,1,888,0.5024895071983337,0.11534471809864044,0.42906612157821655,"108,18,110,115,139","56,21,93,17,168",1:273:2|1:369:2|1:608:2
ckpt_4700.pt,1,889,0.5984320044517517,0.113491952419281,0.49794459342956543,"58,35,41,19,252","46,39,243,138,42",1:282:2|1:348:2|1:476:2
ckpt_4700.pt,1,890,0.4594399631023407,0.09672091156244278,0.39173343777656555,"251,250,169,246,125","116,90,176,198,81",1:165:2|1:247:2|1:725:2
ckpt_4700.pt,1,891,0.492998331785202,0.07507035881280899,0.4207399785518646,"149,139,210,42,49","179,212,185,177,21",1:240:2|1:648:2|1:7:1
ckpt_4700.pt,1,892,0.4885464012622833,0.09554911404848099,0.4143824875354767,"62,5,119,91,81","2,9,250,59,211",1:333:2|1:387:2|1:749:2
ckpt_4700.pt,1,893,0.4714305102825165,0.0864844024181366,0.40596359968185425,"61,212,130,29,97","251,245,149,133,31",1:15:2|1:9:1|1:21:1
ckpt_4700.pt,1,894,0.4338429570198059,0.08205349743366241,0.4007481634616852,"88,107,108,104,113","240,98,211,87,225",1:249:2|1:267:2|1:347:2
ckpt_4700.pt,1,895,0.475300133228302,0.07679237425327301,0.3650568425655365,"69,253,56,31,220","181,195,182,215,11",1:271:2|1:0:1|1:9:1
ckpt_4700.pt,1,896,0.5403043627738953,0.10089732706546783,0.48272040486335754,"221,252,233,32,22","14,181,126,80,211",1:556:3|1:173:2|1:481:2
ckpt_4700.pt,1,897,0.5159101486206055,0.11151660978794098,0.40816769003868103,"117,3,126,35,55","161,238,129,201,220",1:193:2|1:550:2|1:756:2
ckpt_4700.pt,1,898,0.4679073393344879,0.08675315976142883,0.40088704228401184,"248,224,223,179,191","20,168,55,182,133",1:33:2|1:36:2|1:114:2
ckpt_4700.pt,1,899,0.4701583981513977,0.11603181809186935,0.42710962891578674,"203,19,124,69,73","52,227,135,53,188",1:53:2|1:274:2|1:861:2
ckpt_4700.pt,1,900,0.5270546078681946,0.08684070408344269,0.42483270168304443,"230,86,145,153,96","153,137,203,105,22",1:297:2|1:388:2|1:0:1
ckpt_4700.pt,1,901,0.4942079782485962,0.09458410739898682,0.41166409850120544,"106,34,163,191,43","86,69,101,136,209",1:25:2|1:396:2|1:614:2
ckpt_4700.pt,1,902,0.49587148427963257,0.09207165986299515,0.41705381870269775,"227,94,183,93,3","156,82,177,60,220",1:502:2|1:737:2|1:925:2
ckpt_4700.pt,1,903,0.5033369660377502,0.12893560528755188,0.43871942162513733,"31,59,112,244,5","50,152,233,65,33",1:0:1|1:4:1|1:35:1
ckpt_4700.pt,1,904,0.4867142140865326,0.09595265239477158,0.44609224796295166,"171,176,56,45,184","30,149,32,18,210",1:96:2|1:464:2|1:624:2
ckpt_4700.pt,1,905,0.4713778793811798,0.10992904007434845,0.37228429317474365,"228,117,118,49,47","248,58,176,236,21",1:51:2|1:237:2|1:384:2
ckpt_4700.pt,1,906,0.5185251235961914,0.10492520779371262,0.44677188992500305,"154,182,227,241,72","46,181,54,124,143",1:401:2|1:407:2|1:527:2
ckpt_4700.pt,1,907,0.48965078592300415,0.09421584755182266,0.4262394607067108,"158,32,59,224,110","176,79,36,224,241",1:29:2|1:702:2|1:874:2
ckpt_4700.pt,1,908,0.5197131037712097,0.11792459338903427,0.43554243445396423,"124,44,82,72,181","144,93,196,225,68",1:909:2|1:954:2|1:41:1
ckpt_4700.pt,1,909,0.4430108666419983,0.08530457317829132,0.37337449193000793,"235,19,124,82,149","11,80,55,163,45",1:573:2|1:881:2|1:899:2
ckpt_4700.pt,1,910,0.46936938166618347,0.07899423688650131,0.4140875041484833,"5,52,78,254,24","37,216,222,250,129",1:567:2|1:584:2|1:5:1
ckpt_4700.pt,1,911,0.48782357573509216,0.09999106824398041,0.39463359117507935,"76,194,80,12,226","7,254,141,200,176",1:116:2|1:19:1|1:37:1
ckpt_4700.pt,1,912,0.5341582894325256,0.11649475246667862,0.42294320464134216,"167,51,44,127,217","134,162,135,161,248",1:24:2|1:332:2|1:660:2
ckpt_4700.pt,1,913,0.49939924478530884,0.08742468059062958,0.42486873269081116,"86,203,30,157,134","234,196,31,165,88",1:309:2|1:6:1|1:32:1
ckpt_4700.pt,1,914,0.5467861294746399,0.09955709427595139,0.42560014128685,"129,242,59,95,208","75,112,219,225,98",1:495:2|1:13:1|1:20:1
ckpt_4700.pt,1,915,0.40847542881965637,0.08415178209543228,0.4125080704689026,"112,71,46,113,68","191,44,130,6,156",1:260:2|1:279:2|1:780:2
ckpt_4700.pt,1,916,0.5613840222358704,0.09776005893945694,0.4061417579650879,"18,59,108,181,166","135,252,229,7,119",1:888:2|1:32:1|1:41:1
ckpt_4700.pt,1,917,0.4470655024051666,0.0825461596250534,0.3749310374259949,"205,38,129,70,53","253,140,222,68,241",1:638:2|1:795:2|1:803:2
ckpt_4700.pt,1,918,0.47759079933166504,0.09653115272521973,0.4082721769809723,"248,191,59,206,121","100,145,205,148,201",1:264:2|1:345:2|1:372:2
ckpt_4700.pt,1,919,0.4343893229961395,0.08409446477890015,0.40556690096855164,"58,84,168,123,6","209,52,104,62,47",1:155:2|1:382:2|1:484:2
ckpt_4700.pt,1,920,0.5130346417427063,0.09109798818826675,0.4023398160934448,"217,250,79,196,106","121,196,167,175,81",1:8:2|1:156:2|1:343:2
ckpt_4700.pt,1,921,0.5174600481987,0.09980861097574234,0.44595611095428467,"142,213,80,116,209","133,246,10,18,163",1:243:2|1:13:1|1:21:1
ckpt_4700.pt,1,922,0.5755965709686279,0.09362384676933289,0.4166005849838257,"62,79,86,209,100","100,192,97,59,83",1:212:2|1:343:2|1:496:2
ckpt_4700.pt,1,923,0.4863336980342865,0.11269547045230865,0.3966040313243866,"249,209,124,222,188","103,41,242,37,132",1:212:2|1:581:2|1:772:2
ckpt_4700.pt,1,924,0.5323286652565002,0.10812763124704361,0.4499133229255676,"20,83,106,239,58","13,99,103,216,185",1:633:2|1:724:2|1:968:2
ckpt_4700.pt,1,925,0.513138473033905,0.09134601056575775,0.4457206130027771,"183,234,60,115,93","250,107,143,226,185",1:502:2|1:603:2|1:689:2
ckpt_4700.pt,1,926,0.49156272411346436,0.10277124494314194,0.43010184168815613,"112,168,240,90,123","146,131,67,136,192",1:35:2|1:37:2|1:257:2
ckpt_4700.pt,1,927,0.4680023193359375,0.10033437609672546,0.4144470989704132,"93,204,211,81,84","172,30,120,34,62",1:226:2|1:23:1|1:44:1
ckpt_4700.pt,1,928,0.4730626046657562,0.09701226651668549,0.38397765159606934,"46,234,93,82,168","21,17,244,210,70",1:37:2|1:448:2|1:502:2
ckpt_4700.pt,1,929,0.5225728750228882,0.08225734531879425,0.3969297409057617,"47,212,167,32,108","92,16,132,40,136",1:51:2|1:252:2|1:396:2
ckpt_4700.pt,1,930,0.501553475856781,0.109492227435112,0.40127426385879517,"160,178,190,200,150","154,127,2,144,132",1:263:2|1:554:2|1:3:1
ckpt_4700.pt,1,931,0.5211954712867737,0.11081792414188385,0.4229312539100647,"169,253,11,222,249","197,159,117,227,255",1:69:2|1:140:2|1:923:2
ckpt_4700.pt,1,932,0.45988890528678894,0.09304088354110718,0.41659700870513916,"82,97,176,143,236","107,82,131,246,183",1:109:2|1:798:2|1:991:2
ckpt_4700.pt,1,933,0.4940934479236603,0.10052713006734848,0.4230237901210785,"79,60,181,37,251","73,202,24,63,91",1:247:2|1:286:2|1:11:1
ckpt_4700.pt,1,934,0.5630315542221069,0.10161568969488144,0.41398343443870544,"185,241,238,134,226","169,108,17,53,104",1:236:2|1:730:2|1:2:1
ckpt_4700.pt,1,935,0.5261140465736389,0.10849787294864655,0.4559217393398285,"227,254,69,115,219","234,9,80,90,245",1:154:2|1:346:2|1:379:2
ckpt_4700.pt,1,936,0.4397263526916504,0.07042180001735687,0.3813689947128296,"55,202,4,79,197","158,41,93,222,72",1:58:2|1:271:2|1:422:2
ckpt_4700.pt,1,937,0.47327837347984314,0.08084681630134583,0.42381563782691956,"123,24,213,158,9","161,28,91,58,198",1:196:2|1:411:2|1:645:2
ckpt_4700.pt,1,938,0.5036316514015198,0.08573678135871887,0.3956702947616577,"89,182,142,228,124","39,63,125,32,49",1:317:2|1:500:2|1:1019:2
ckpt_4700.pt,1,939,0.47245827317237854,0.08713267743587494,0.3962104618549347,"101,122,137,22,171","155,181,77,133,103",1:118:2|1:147:2|1:353:2
ckpt_4700.pt,1,940,0.43423742055892944,0.0793132409453392,0.3843206465244293,"75,253,184,15,128","116,56,163,81,213",1:777:2|1:5:1|1:7:1
ckpt_4700.pt,1,941,0.479760080575943,0.09867823123931885,0.4041113257408142,"21,181,58,41,69","158,8,86,166,154",1:261:2|1:286:2|1:575:2
ckpt_4700.pt,1,942,0.4856582283973694,0.07948202639818192,0.4197332262992859,"251,69,206,93,229","52,60,24,68,181",1:385:2|1:695:2|1:737:2
ckpt_4700.pt,1,943,0.43270009756088257,0.07400480657815933,0.41697701811790466,"139,253,52,129,180","136,62,168,222,86",1:679:2|1:699:2|1:803:2
ckpt_4700.pt,1,944,0.49264538288116455,0.12271197885274887,0.4164714813232422,"19,195,128,89,194","87,98,120,80,218",1:5:2|1:234:2|1:257:2
ckpt_4700.pt,1,945,0.46879610419273376,0.10668882727622986,0.4218374490737915,"194,255,39,151,248","64,192,218,128,45",1:216:2|1:478:2|1:540:2
ckpt_4700.pt,1,946,0.49839991331100464,0.08837628364562988,0.4289643466472626,"170,59,210,29,36","155,118,255,95,177",1:1021:3|1:15:2|1:240:2
ckpt_4700.pt,1,947,0.4875626862049103,0.0911111980676651,0.39446333050727844,"34,116,232,143,173","164,186,83,77,119",1:176:2|1:676:2|1:969:2
ckpt_4700.pt,1,948,0.5296216607093811,0.10382521152496338,0.43738171458244324,"2,42,12,79,92","234,47,69,157,115",1:150:2|1:189:2|1:211:2
ckpt_4700.pt,1,949,0.4680899381637573,0.0804726779460907,0.39494267106056213,"68,66,123,150,21","208,103,244,201,5",1:673:2|1:30:1|1:34:1
ckpt_4700.pt,1,950,0.5088652968406677,0.09657091647386551,0.4325599670410156,"175,224,115,87,32","4,13,60,254,114",1:874:4|1:301:2|1:631:2
ckpt_4700.pt,1,951,0.5327963829040527,0.09509062767028809,0.46554073691368103,"158,52,122,104,188","112,19,9,8,33",1:284:2|1:5:1|1:12:1
ckpt_4700.pt,1,952,0.4919709861278534,0.08849934488534927,0.421566367149353,"84,79,68,35,103","133,46,100,250,166",1:77:2|1:85:2|1:774:2
ckpt_4700.pt,1,953,0.4631454646587372,0.08761612325906754,0.399669349193573,"198,96,44,41,224","192,195,233,68,136",1:230:2|1:636:2|1:0:1
ckpt_4700.pt,1,954,0.4512268900871277,0.09071432054042816,0.41997548937797546,"77,124,40,72,23","217,183,230,143,106",1:47:2|1:159:2|1:403:2
ckpt_4700.pt,1,955,0.4758111238479614,0.07885817438364029,0.3969545364379883,"107,242,142,139,147","47,245,78,107,130",1:273:2|1:288:2|1:369:2
ckpt_4700.pt,1,956,0.47214341163635254,0.0875718742609024,0.41391313076019287,"28,50,193,115,77","133,18,72,62,169",1:93:2|1:7:1|1:16:1
ckpt_4700.pt,1,957,0.4841994643211365,0.09656323492527008,0.3879137635231018,"180,13,181,239,57","125,133,29,178,201",1:94:2|1:9:1|1:20:1
ckpt_4700.pt,1,958,0.4849083423614502,0.08742175251245499,0.4058760702610016,"209,74,8,29,242","44,27,222,244,112",1:720:2|1:15:1|1:27:1
ckpt_4700.pt,1,959,0.47984740138053894,0.09796437621116638,0.38667669892311096,"52,207,77,209,114","22,44,248,239,227",1:47:2|1:220:2|1:460:2
ckpt_4700.pt,1,960,0.5272376537322998,0.0921577587723732,0.4148937463760376,"14,62,118,81,40","39,238,67,225,251",1:44:2|1:892:2|1:4:1
ckpt_4700.pt,1,961,0.44608914852142334,0.07224095612764359,0.41243281960487366,"33,131,212,9,24","139,56,251,50,58",1:488:2|1:873:2|1:937:2
ckpt_4700.pt,1,962,0.49852484464645386,0.10287462174892426,0.43290746212005615,"230,144,108,119,53","149,221,82,34,242",1:358:2|1:565:2|1:696:2
ckpt_4700.pt,1,963,0.47116655111312866,0.08795332163572311,0.385612428188324,"194,9,3,97,35","129,167,75,252,191",1:550:2|1:897:2|1:9:1
ckpt_4700.pt,1,964,0.49195119738578796,0.09952399134635925,0.4242875874042511,"118,179,80,220,67","175,99,126,163,133",1:536:3|1:219:2|1:310:2
ckpt_4700.pt,1,965,0.4300943911075592,0.08341151475906372,0.3744572401046753,"230,139,58,130,88","11,20,195,13,38",1:321:2|1:369:2|1:977:2
ckpt_4700.pt,1,966,0.4394288957118988,0.07957866042852402,0.38024139404296875,"120,158,155,236,23","232,169,102,124,66",1:338:2|1:24:1|1:26:1
ckpt_4700.pt,1,967,0.4932894706726074,0.11107716709375381,0.4427187144756317,"20,13,211,168,112","147,222,25,194,93",1:106:3|1:39:2|1:320:2
ckpt_4700.pt,1,968,0.4541209936141968,0.08958970755338669,0.3627014756202698,"207,84,106,109,20","252,130,29,49,76",1:724:2|1:924:2|1:18:1
ckpt_4700.pt,1,969,0.480986624956131,0.10765038430690765,0.38977885246276855,"116,25,34,147,196","82,69,170,154,174",1:176:2|1:406:2|1:439:2
ckpt_4700.pt,1,970,0.485811322927475,0.09050000458955765,0.44667109847068787,"86,79,50,124,222","99,112,186,140,249",1:477:2|1:535:2|1:922:2
ckpt_4700.pt,1,971,0.4425790309906006,0.11089611798524857,0.3883225917816162,"64,54,253,67,97","176,181,193,13,93",1:227:2|1:832:2|1:9:1
ckpt_4700.pt,1,972,0.45183995366096497,0.09262479841709137,0.4059768319129944,"111,224,59,46,203","224,211,46,169,87",1:429:2|1:665:2|1:787:2
ckpt_4700.pt,1,973,0.5032545924186707,0.09678919613361359,0.41318464279174805,"32,41,47,80,221","216,167,15,80,96",1:534:2|1:555:2|1:828:2
ckpt_4700.pt,1,974,0.5039812326431274,0.10932184010744095,0.4488566517829895,"103,144,241,234,178","79,147,99,106,216",1:3:2|1:127:2|1:158:2
ckpt_4700.pt,1,975,0.5142155885696411,0.11507246643304825,0.41844990849494934,"218,102,2,130,181","17,56,112,117,90",1:697:2|1:9:1|1:26:1
ckpt_4700.pt,1,976,0.521920919418335,0.09500093758106232,0.44239291548728943,"233,78,245,195,142","255,100,174,141,110",1:181:2|1:455:2|1:494:2
ckpt_4700.pt,1,977,0.41129717230796814,0.08790282905101776,0.36464083194732666,"46,139,182,203,58","127,71,172,38,102",1:79:2|1:99:2|1:179:2
ckpt_4700.pt,1,978,0.4888342320919037,0.11712329089641571,0.45081284642219543,"147,134,93,205,255","112,226,255,118,51",1:53:2|1:6:1|1:11:1
ckpt_4700.pt,1,979,0.49741432070732117,0.09390707314014435,0.42441654205322266,"101,220,192,23,26","64,71,78,19,65",1:9:2|1:364:2|1:557:2
ckpt_4700.pt,1,980,0.5113672018051147,0.09152568876743317,0.40428778529167175,"191,85,160,139,157","121,24,178,87,250",1:8:1|1:16:1|1:26:1
ckpt_4700.pt,1,981,0.4996784031391144,0.0997496023774147,0.39637455344200134,"107,43,160,209,49","163,57,251,207,56",1:68:2|1:419:2|1:642:2
ckpt_4700.pt,1,982,0.4146524667739868,0.08040434867143631,0.3448268473148346,"2,97,185,110,62","79,248,2,54,90",1:707:3|1:92:2|1:152:2
ckpt_4700.pt,1,983,0.4771067202091217,0.08652888983488083,0.39691978693008423,"60,83,2,46,74","85,184,75,141,182",1:102:2|1:143:2|1:283:2
ckpt_4700.pt,1,984,0.4450368881225586,0.09887084364891052,0.389641135931015,"79,0,99,83,178","177,237,234,92,93",1:362:2|1:680:2|1:997:2
ckpt_4700.pt,1,985,0.4666167199611664,0.09145079553127289,0.4266051650047302,"179,242,216,184,22","62,120,63,29,22",1:147:2|1:425:2|1:490:2
ckpt_4700.pt,1,986,0.47930455207824707,0.11187946051359177,0.3822493255138397,"79,73,198,212,64","70,255,153,26,90",1:188:2|1:294:2|1:685:2
ckpt_4700.pt,1,987,0.5055011510848999,0.09400282055139542,0.397329181432724,"74,148,232,185,210","27,186,225,75,166",1:6:1|1:57:1|1:70:1
ckpt_4700.pt,1,988,0.49519240856170654,0.11252528429031372,0.42839810252189636,"65,178,31,194,42","96,211,144,218,123",1:299:2|1:991:2|1:0:1
ckpt_4700.pt,1,989,0.5353298783302307,0.10962928831577301,0.45094022154808044,"157,235,99,78,151","90,44,120,216,245",1:8:1|1:19:1|1:32:1
ckpt_4700.pt,1,990,0.49429836869239807,0.09619929641485214,0.4111097753047943,"7,60,50,119,116","117,233,67,112,100",1:275:2|1:618:2|1:637:2
ckpt_4700.pt,1,991,0.4808513820171356,0.0833008736371994,0.3850790560245514,"31,176,97,178,224","2,186,122,46,56",1:366:2|1:398:2|1:652:2
ckpt_4700.pt,1,992,0.4746537506580353,0.08374053239822388,0.42958131432533264,"250,194,143,43,90","27,233,131,157,93",1:25:2|1:245:2|1:409:2
ckpt_4700.pt,1,993,0.4981228709220886,0.07874439656734467,0.4373209476470947,"170,163,226,243,184","69,243,93,100,190",1:413:2|1:19:1|1:25:1
ckpt_4700.pt,1,994,0.4510306715965271,0.08520274609327316,0.4089833199977875,"134,31,81,164,48","209,63,32,20,225",1:175:2|1:0:1|1:4:1
ckpt_4700.pt,1,995,0.48514512181282043,0.0875057503581047,0.4252089560031891,"138,13,60,199,209","47,198,205,105,85",1:200:2|1:212:2|1:419:2
ckpt_4700.pt,1,996,0.4727412462234497,0.08666883409023285,0.4047057032585144,"227,43,240,104,126","137,232,252,50,122",1:266:2|1:592:2|1:804:2
ckpt_4700.pt,1,997,0.40654101967811584,0.07637614011764526,0.3730386197566986,"0,79,123,89,94","156,9,182,85,120",1:461:2|1:503:2|1:984:2
ckpt_4700.pt,1,998,0.5235512256622314,0.0959145575761795,0.458616703748703,"101,51,185,27,90","131,5,53,79,163",1:390:2|1:758:2|1:791:2
ckpt_4700.pt,1,999,0.5464283227920532,0.11107613891363144,0.4356101453304291,"217,202,234,232,104","215,253,29,173,163",1:6:2|1:430:2|1:709:2
ckpt_4700.pt,1,1000,0.3756008446216583,0.08066093921661377,0.3402734398841858,"73,171,82,247,0","232,50,54,195,64",1:605:2|1:745:2|1:788:2
ckpt_4700.pt,1,1001,0.46775171160697937,0.07704807817935944,0.3910665512084961,"79,6,96,92,17","138,78,51,216,110",1:77:2|1:457:2|1:477:2
ckpt_4700.pt,1,1002,0.4827337861061096,0.11757118999958038,0.445026695728302,"116,152,165,243,176","56,94,194,16,181",1:119:2|1:566:2|1:12:1
ckpt_4700.pt,1,1003,0.44841790199279785,0.08797051757574081,0.35193854570388794,"188,126,236,185,99","250,3,187,99,182",1:523:2|1:839:2|1:7:1
ckpt_4700.pt,1,1004,0.5480393767356873,0.102944515645504,0.4487084448337555,"162,51,1,78,222","2,112,64,161,40",1:103:2|1:644:2|1:759:2
ckpt_4700.pt,1,1005,0.5148175358772278,0.10184666514396667,0.43841224908828735,"62,68,189,2,187","235,103,117,218,6",1:454:2|1:780:2|1:886:2
ckpt_4700.pt,1,1006,0.4301464855670929,0.09807691723108292,0.38432908058166504,"255,106,144,44,11","72,75,120,227,66",1:14:2|1:216:2|1:513:2
ckpt_4700.pt,1,1007,0.47923544049263,0.08827845752239227,0.4068959653377533,"229,87,139,31,180","70,15,55,60,201",1:0:2|1:182:2|1:344:2
ckpt_4700.pt,1,1008,0.5074551701545715,0.09373746812343597,0.4464672803878784,"119,246,109,92,34","75,9,229,55,239",1:133:2|1:162:2|1:5:1
ckpt_4700.pt,1,1009,0.4953405261039734,0.10081551969051361,0.4042193591594696,"207,19,129,143,246","167,135,62,236,107",1:244:2|1:352:2|1:519:2
ckpt_4700.pt,1,1010,0.4874815046787262,0.0983150377869606,0.4148087203502655,"86,26,22,190,92","34,133,249,180,72",1:226:2|1:238:2|1:314:2
ckpt_4700.pt,1,1011,0.40744152665138245,0.07157228142023087,0.3682388365268707,"202,110,137,70,13","16,8,213,235,103",1:90:2|1:152:2|1:1:1
ckpt_4700.pt,1,1012,0.4647028148174286,0.07726503163576126,0.3972594738006592,"36,200,234,111,170","171,90,54,203,75",1:335:2|1:471:2|1:946:2
ckpt_4700.pt,1,1013,0.4935706853866577,0.08252973109483719,0.38858047127723694,"243,178,242,66,44","119,31,178,4,13",1:65:2|1:604:2|1:630:2
ckpt_4700.pt,1,1014,0.485941082239151,0.08247940242290497,0.4267900586128235,"239,97,149,190,237","2,62,69,200,108",1:92:2|1:265:2|1:556:2
ckpt_4700.pt,1,1015,0.4386669099330902,0.08126448094844818,0.37234359979629517,"212,178,110,176,179","74,92,210,197,63",1:351:2|1:366:2|1:402:2
ckpt_4700.pt,1,1016,0.4966639280319214,0.09631949663162231,0.38747939467430115,"1,170,167,95,46","116,0,190,66,98",1:124:2|1:0:1|1:17:1
ckpt_4700.pt,1,1017,0.4025224447250366,0.07879073172807693,0.37443482875823975,"76,206,233,78,175","12,33,255,101,28",1:228:2|1:654:2|1:734:2
ckpt_4700.pt,1,1018,0.4972405731678009,0.08656489104032516,0.40320613980293274,"171,214,143,79,103","89,225,90,54,209",1:150:2|1:352:2|1:680:2
ckpt_4700.pt,1,1019,0.5418599843978882,0.13104596734046936,0.4635847210884094,"124,53,14,228,227","177,245,97,2,94",1:528:2|1:938:2|1:18:1
ckpt_4700.pt,1,1020,0.46607735753059387,0.09239936619997025,0.4067715108394623,"150,80,140,119,255","23,237,41,80,229",1:561:2|1:12:1|1:14:1
ckpt_4700.pt,1,1021,0.45352625846862793,0.0893927663564682,0.38866665959358215,"210,29,36,52,38","48,32,228,188,78",1:946:3|1:15:2|1:571:2
ckpt_4700.pt,1,1022,0.4866315424442291,0.08734209835529327,0.44570380449295044,"248,65,94,102,162","6,184,249,85,56",1:69:2|1:778:2|1:9:1
ckpt_4700.pt,1,1023,0.5035271644592285,0.09442579001188278,0.4417833089828491,"164,77,133,44,87","64,137,163,230,5",1:47:2|1:0:1|1:7:1
ckpt_4700.pt,2,0,0.4836302101612091,0.09405993670225143,0.4087378978729248,"31,177,235,239,91","199,56,78,84,114",2:78:2|2:28:1|2:39:1
ckpt_4700.pt,2,1,0.4934804141521454,0.0857037827372551,0.40350279211997986,"49,124,198,9,12","254,5,164,0,231",2:774:2|2:10:1|2:36:1
ckpt_4700.pt,2,2,0.49955376982688904,0.08426496386528015,0.42077064514160156,"78,228,127,159,129","68,85,13,34,156",2:4:1|2:5:1|2:8:1
ckpt_4700.pt,2,3,0.5671826004981995,0.11565002799034119,0.488783597946167,"103,223,209,82,179","54,57,213,238,194",2:799:3|2:131:2|2:154:2
ckpt_4700.pt,2,4,0.5485898852348328,0.0986224040389061,0.4537504315376282,"128,130,106,228,156","89,67,149,130,57",2:287:2|2:403:2|2:441:2
ckpt_4700.pt,2,5,0.539470911026001,0.10626662522554398,0.4315524399280548,"151,129,109,68,255","156,42,82,189,237",2:732:2|2:2:1|2:11:1
ckpt_4700.pt,2,6,0.5556140542030334,0.11573705077171326,0.46905940771102905,"131,126,142,244,207","7,251,105,103,79",2:7:2|2:63:2|2:593:2
ckpt_4700.pt,2,7,0.5147687196731567,0.10143397748470306,0.4102778434753418,"42,126,71,131,32","47,207,204,91,63",2:6:2|2:226:2|2:391:2
ckpt_4700.pt,2,8,0.5609520673751831,0.1090058833360672,0.4494400918483734,"69,127,90,252,14","141,179,89,206,158",2:126:2|2:270:2|2:526:2
ckpt_4700.pt,2,9,0.46101054549217224,0.07979848980903625,0.3826574385166168,"243,211,55,126,56","204,167,124,63,216",2:32:2|2:153:2|2:319:2
ckpt_4700.pt,2,10,0.4791537821292877,0.0785912498831749,0.41922008991241455,"142,246,12,53,54","250,119,59,247,63",2:215:2|2:644:2|2:913:2
ckpt_4700.pt,2,11,0.5642239451408386,0.10810354351997375,0.4774441719055176,"116,229,201,234,151","229,243,65,29,85",2:672:2|2:772:2|2:5:1
ckpt_4700.pt,2,12,0.5460368990898132,0.09241437911987305,0.452333003282547,"71,168,114,44,82","36,112,198,221,136",2:75:2|2:85:2|2:387:2
ckpt_4700.pt,2,13,0.478146493434906,0.10694564878940582,0.41218888759613037,"48,100,250,13,229","124,119,201,209,95",2:54:2|2:557:2|2:769:2
ckpt_4700.pt,2,14,0.4974128305912018,0.09278357774019241,0.41143327951431274,"223,182,160,13,168","131,227,190,14,185",2:36:2|2:582:2|2:629:2
ckpt_4700.pt,2,15,0.580317497253418,0.101483553647995,0.49241703748703003,"172,104,107,233,122","184,17,78,15,128",2:111:2|2:294:2|2:615:2
ckpt_4700.pt,2,16,0.5347534418106079,0.094821035861969,0.4347701966762543,"78,17,207,39,181","83,252,150,248,242",2:819:2|2:850:2|2:2:1
ckpt_4700.pt,2,17,0.5616888999938965,0.13106098771095276,0.43864914774894714,"191,133,23,182,94","82,227,160,65,84",2:916:2|2:938:2|2:961:2
ckpt_4700.pt,2,18,0.5182775855064392,0.10831263661384583,0.43532517552375793,"128,158,243,50,46","1,146,194,41,228",2:441:2|2:530:2|2:974:2
ckpt_4700.pt,2,19,0.5309678912162781,0.09958101063966751,0.4207454323768616,"36,19,241,39,62","9,70,111,146,247",2:439:2|2:788:2|2:881:2
ckpt_4700.pt,2,20,0.49644169211387634,0.08664087951183319,0.40219947695732117,"95,46,131,29,140","24,76,177,250,245",2:49:2|2:218:2|2:597:2
ckpt_4700.pt,2,21,0.43909960985183716,0.08667410910129547,0.37718063592910767,"243,53,24,96,139","126,182,122,146,22",2:810:3|2:428:2|2:877:2
ckpt_4700.pt,2,22,0.49047768115997314,0.08638487756252289,0.41129475831985474,"121,107,167,199,243","16,169,90,248,21",2:471:2|2:710:2|2:9:1
ckpt_4700.pt,2,23,0.5298537611961365,0.09703529626131058,0.4294590651988983,"32,1,233,103,58","132,188,208,108,115",2:76:2|2:169:2|2:345:2
ckpt_4700.pt,2,24,0.5184202790260315,0.10491999983787537,0.41568440198898315,"255,207,24,7,46","51,172,115,138,123",2:107:2|2:151:2|2:274:2
ckpt_4700.pt,2,25,0.5470215082168579,0.118708536028862,0.45869114995002747,"102,82,226,25,78","16,10,125,14,146",2:128:2|2:2:1|2:3:1
ckpt_4700.pt,2,26,0.5682092308998108,0.11714596301317215,0.4456109404563904,"194,189,188,87,98","173,79,210,71,117",2:359:2|2:958:2|2:39:1
ckpt_4700.pt,2,27,0.4719618856906891,0.11332591623067856,0.4147633910179138,"27,167,47,171,0","59,131,194,80,116",2:236:2|2:969:2|2:22:1
ckpt_4700.pt,2,28,0.47505471110343933,0.09483425319194794,0.3985610604286194,"209,104,197,31,73","186,85,214,45,104",2:564:2|2:729:2|2:992:2
ckpt_4700.pt,2,29,0.5016384124755859,0.10226467251777649,0.42908504605293274,"149,226,232,108,142","247,146,41,39,222",2:6:1|2:10:1|2:25:1
ckpt_4700.pt,2,30,0.5392407774925232,0.1486278921365738,0.44046732783317566,"3,19,162,147,81","147,3,52,235,236",2:182:2|2:259:2|2:419:2
ckpt_4700.pt,2,31,0.5683503150939941,0.12014573812484741,0.4371262192726135,"71,217,149,34,28","31,116,104,218,56",2:292:2|2:418:2|2:520:2
ckpt_4700.pt,2,32,0.5560160279273987,0.1240864023566246,0.4386308193206787,"126,6,108,243,8","254,188,156,157,30",2:9:2|2:131:2|2:258:2
ckpt_4700.pt,2,33,0.6855947971343994,0.1222691461443901,0.5962902307510376,"196,93,73,80,184","98,171,181,141,207",2:194:2|2:208:2|2:424:2
ckpt_4700.pt,2,34,0.5611676573753357,0.11146945506334305,0.43935641646385193,"120,152,41,121,160","60,212,248,61,251",2:610:2|2:14:1|2:22:1
ckpt_4700.pt,2,35,0.49756598472595215,0.09764468669891357,0.4283941686153412,"206,40,74,118,208","243,46,66,45,173",2:219:2|2:321:2|2:670:2
ckpt_4700.pt,2,36,0.5547275543212891,0.09259071946144104,0.46956488490104675,"13,130,168,49,97","123,7,145,135,133",2:14:2|2:390:2|2:503:2
ckpt_4700.pt,2,37,0.5518397092819214,0.11185876280069351,0.46336090564727783,"146,231,29,218,124","143,224,30,9,146",2:72:2|2:175:2|2:767:2
ckpt_4700.pt,2,38,0.527583122253418,0.12007128447294235,0.4517890512943268,"92,46,111,191,203","241,24,119,177,212",2:161:2|2:656:2|2:17:1
ckpt_4700.pt,2,39,0.5233452320098877,0.09765119850635529,0.43644770979881287,"31,131,218,44,194","11,38,88,7,50",2:391:2|2:704:2|2:767:2
ckpt_4700.pt,2,40,0.5198200345039368,0.08871009200811386,0.4263726472854614,"182,220,119,0,236","115,240,1,5,194",2:355:2|2:568:2|2:837:2
ckpt_4700.pt,2,41,0.5012606978416443,0.1239234134554863,0.42877814173698425,"161,109,73,134,225","91,32,75,134,48",2:840:2|2:5:1|2:28:1
ckpt_4700.pt,2,42,0.5276250839233398,0.1042855754494667,0.44340935349464417,"90,179,118,177,110","30,202,129,141,84",2:62:2|2:219:2|2:867:2
ckpt_4700.pt,2,43,0.5516995191574097,0.10599121451377869,0.4423092305660248,"32,222,69,44,238","173,136,152,44,126",2:430:2|2:7:1|2:8:1
ckpt_4700.pt,2,44,0.4993421733379364,0.08897557109594345,0.4500260055065155,"7,200,27,71,163","212,199,2,195,188",2:60:2|2:96:2|2:169:2
ckpt_4700.pt,2,45,0.4796566665172577,0.09742411226034164,0.39422157406806946,"238,117,78,182,249","98,212,142,15,233",2:177:2|2:2:1|2:14:1
ckpt_4700.pt,2,46,0.587251603603363,0.12345670163631439,0.454409658908844,"236,143,154,19,111","30,4,22,248,219",2:161:2|2:237:2|2:897:2
ckpt_4700.pt,2,47,0.449223130941391,0.07921376079320908,0.37138205766677856,"76,124,36,1,180","16,255,111,92,95",2:113:2|2:250:2|2:694:2
ckpt_4700.pt,2,48,0.46368759870529175,0.09625836461782455,0.41705265641212463,"228,109,20,84,34","229,161,133,134,137",2:668:2|2:858:2|2:2:1
ckpt_4700.pt,2,49,0.4708561897277832,0.08529818803071976,0.3818080425262451,"247,46,17,227,29","255,102,117,18,146",2:20:2|2:59:2|2:176:2
ckpt_4700.pt,2,50,0.49007517099380493,0.08685404062271118,0.4305494427680969,"104,133,19,149,101","220,74,83,84,159",2:229:2|2:928:2|2:938:2
ckpt_4700.pt,2,51,0.5409432649612427,0.09424141049385071,0.46356523036956787,"218,246,55,226,88","4,149,174,173,129",2:280:2|2:333:2|2:345:2
ckpt_4700.pt,2,52,0.572704017162323,0.10436441004276276,0.42401179671287537,"63,216,2,26,176","228,175,251,20,195",2:822:2|2:978:2|2:53:1
ckpt_4700.pt,2,53,0.5013941526412964,0.08632472902536392,0.39707469940185547,"222,2,212,236,64","36,229,174,24,226",2:224:2|2:371:2|2:785:2
ckpt_4700.pt,2,54,0.5206125378608704,0.10579802840948105,0.42611053586006165,"250,151,182,175,48","80,175,219,77,45",2:13:2|2:103:2|2:297:2
ckpt_4700.pt,2,55,0.49774405360221863,0.09783831238746643,0.4003359377384186,"218,168,161,176,104","176,117,100,202,115",2:500:3|2:249:2|2:254:2
ckpt_4700.pt,2,56,0.5112200975418091,0.11733423918485641,0.41478341817855835,"40,119,139,47,222","20,236,95,189,177",2:141:2|2:490:2|2:590:2
ckpt_4700.pt,2,57,0.5382857918739319,0.09078825265169144,0.3932313323020935,"8,227,65,224,154","53,92,132,129,201",2:258:2|2:388:2|2:670:2
ckpt_4700.pt,2,58,0.5151685476303101,0.12438178807497025,0.4275565445423126,"98,244,227,21,99","151,219,237,209,192",2:543:2|2:842:2|2:6:1
ckpt_4700.pt,2,59,0.5330684185028076,0.10535142570734024,0.44637757539749146,"201,17,214,29,117","24,87,128,237,126",2:49:2|2:465:2|2:511:2
ckpt_4700.pt,2,60,0.4789442718029022,0.0988633930683136,0.41741710901260376,"119,158,27,209,163","235,185,224,126,160",2:44:2|2:94:2|2:203:2
ckpt_4700.pt,2,61,0.5279224514961243,0.09716517478227615,0.46704384684562683,"74,146,18,8,38","230,253,166,46,8",2:371:2|2:492:2|2:32:1
ckpt_4700.pt,2,62,0.4558926224708557,0.08466534316539764,0.37909185886383057,"66,197,90,15,179","66,146,148,141,201",2:42:2|2:167:2|2:3:1
ckpt_4700.pt,2,63,0.5383725762367249,0.11073558032512665,0.44802963733673096,"201,244,49,126,23","222,117,27,17,252",2:6:2|2:1:1|2:7:1
ckpt_4700.pt,2,64,0.5560113787651062,0.09228668361902237,0.44971737265586853,"56,98,136,240,249","207,125,245,34,116",2:394:2|2:475:2|2:531:2
ckpt_4700.pt,2,65,0.5158840417861938,0.10921724885702133,0.41820013523101807,"91,52,80,61,209","81,22,217,45,44",2:509:2|2:829:2|2:971:2
ckpt_4700.pt,2,66,0.46986261010169983,0.09335954487323761,0.41076895594596863,"70,43,98,247,206","56,228,186,137,92",2:26:1|2:35:1|2:49:1
ckpt_4700.pt,2,67,0.5453802347183228,0.09480973333120346,0.4224650263786316,"188,246,32,182,123","16,147,53,114,116",2:159:2|2:345:2|2:553:2
ckpt_4700.pt,2,68,0.4472733736038208,0.07903189212083817,0.39014938473701477,"141,4,175,127,111","122,227,178,59,108",2:389:2|2:618:2|2:660:2
ckpt_4700.pt,2,69,0.524347186088562,0.10630452632904053,0.4245724081993103,"170,55,198,80,161","159,67,52,127,246",2:153:2|2:458:2|2:583:2
ckpt_4700.pt,2,70,0.44113367795944214,0.07230371236801147,0.4094434082508087,"29,253,152,209,226","93,131,248,11,114",2:524:2|2:575:2|2:756:2
ckpt_4700.pt,2,71,0.5118557214736938,0.09814963489770889,0.45871421694755554,"152,78,139,187,132","30,162,203,48,89",2:338:2|2:561:2|2:569:2
ckpt_4700.pt,2,72,0.5371121764183044,0.08667635917663574,0.47286108136177063,"7,172,206,29,124","148,85,203,139,115",2:37:2|2:735:2|2:756:2
ckpt_4700.pt,2,73,0.47820547223091125,0.08656322211027145,0.42403462529182434,"127,202,99,54,147","90,118,229,244,205",2:200:2|2:447:2|2:477:2
ckpt_4700.pt,2,74,0.5945953130722046,0.13457980751991272,0.4593638479709625,"94,8,125,250,216","124,210,111,65,50",2:267:2|2:573:2|2:584:2
ckpt_4700.pt,2,75,0.4862237572669983,0.09283141046762466,0.37821975350379944,"56,71,8,114,205","248,205,170,93,52",2:12:2|2:434:2|2:7:1
ckpt_4700.pt,2,76,0.528469979763031,0.10580099374055862,0.4250243902206421,"204,103,233,220,137","59,44,243,5,225",2:23:2|2:509:2|2:634:2
ckpt_4700.pt,2,77,0.5354641079902649,0.1304880529642105,0.44279494881629944,"149,40,160,175,215","9,65,162,255,128",2:273:2|2:431:2|2:574:2
ckpt_4700.pt,2,78,0.5483354926109314,0.11460533738136292,0.4364900290966034,"148,187,239,31,66","131,230,119,241,236",2:0:2|2:542:2|2:28:1
ckpt_4700.pt,2,79,0.5771258473396301,0.13944591581821442,0.44904428720474243,"246,111,241,145,89","255,196,75,128,229",2:111:2|2:179:2|2:304:2
ckpt_4700.pt,2,80,0.5196734070777893,0.10388079285621643,0.43174827098846436,"42,241,147,139,253","16,112,222,89,202",2:228:2|2:357:2|2:7:1
ckpt_4700.pt,2,81,0.4284130930900574,0.07719472795724869,0.374117374420166,"110,91,207,68,14","239,152,59,216,120",2:274:2|2:1007:2|2:0:1
ckpt_4700.pt,2,82,0.5127058625221252,0.12593476474285126,0.4388136863708496,"239,223,213,99,52","30,89,154,46,4",2:203:2|2:392:2|2:829:2
ckpt_4700.pt,2,83,0.519313395023346,0.1150379329919815,0.4487481713294983,"253,129,247,116,106","200,93,0,101,22",2:215:2|2:2:1|2:4:1
ckpt_4700.pt,2,84,0.4794289767742157,0.09633313119411469,0.4245830178260803,"171,179,98,235,208","187,162,147,4,157",2:206:2|2:911:2|2:0:1
ckpt_4700.pt,2,85,0.4837423861026764,0.09913135319948196,0.4215398132801056,"120,1,114,200,82","132,154,39,164,61",2:12:2|2:926:2|2:3:1
ckpt_4700.pt,2,86,0.5429188013076782,0.13632798194885254,0.45259299874305725,"245,185,111,150,116","163,54,12,225,205",2:846:2|2:11:1|2:38:1
ckpt_4700.pt,2,87,0.4670482277870178,0.10229144245386124,0.40282538533210754,"57,230,147,124,244","128,252,214,73,143",2:380:2|2:440:2|2:543:2
ckpt_4700.pt,2,88,0.5276346206665039,0.11020324379205704,0.442575067281723,"116,143,83,20,52","241,199,54,111,9",2:537:2|2:558:2|2:846:2
ckpt_4700.pt,2,89,0.5028933882713318,0.10689765959978104,0.4070063829421997,"138,106,112,147,158","108,39,221,63,96",2:203:2|2:4:1|2:18:1
ckpt_4700.pt,2,90,0.5742181539535522,0.1310063898563385,0.4632820188999176,"241,214,220,80,40","54,93,146,215,176",2:493:2|2:794:2|2:19:1
ckpt_4700.pt,2,91,0.5566384196281433,0.10574131458997726,0.4225807785987854,"116,67,27,15,203","204,203,234,66,43",2:177:2|2:233:2|2:315:2
ckpt_4700.pt,2,92,0.49274274706840515,0.09044093638658524,0.4182181656360626,"113,170,117,97,3","74,244,226,118,13",2:390:2|2:985:2|2:30:1
ckpt_4700.pt,2,93,0.5049910545349121,0.11297260969877243,0.42625972628593445,"243,227,179,89,175","117,196,186,34,41",2:126:2|2:220:2|2:420:2
ckpt_4700.pt,2,94,0.5228623747825623,0.09443848580121994,0.44244664907455444,"99,43,119,158,208","252,226,70,78,237",2:203:3|2:60:2|2:303:2
ckpt_4700.pt,2,95,0.5035579800605774,0.08810609579086304,0.44422435760498047,"115,32,159,72,163","52,157,85,44,56",2:430:2|2:442:2|2:680:2
ckpt_4700.pt,2,96,0.5619331002235413,0.1237100213766098,0.4679858386516571,"130,41,204,200,27","54,102,120,66,34",2:44:2|2:876:2|2:984:2
ckpt_4700.pt,2,97,0.5518962740898132,0.09908641129732132,0.43169286847114563,"178,169,126,41,220","153,118,95,99,137",2:516:2|2:909:2|2:6:1
ckpt_4700.pt,2,98,0.5519882440567017,0.10978594422340393,0.46681463718414307,"169,89,112,204,250","247,237,251,244,146",2:225:2|2:531:2|2:13:1
ckpt_4700.pt,2,99,0.607479453086853,0.11242371797561646,0.4960111081600189,"207,112,9,74,173","244,96,194,11,56",2:252:2|2:642:2|2:670:2
ckpt_4700.pt,2,100,0.5167558193206787,0.0885544866323471,0.4333787262439728,"130,65,88,30,255","205,95,47,186,168",2:595:2|2:4:1|2:5:1
ckpt_4700.pt,2,101,0.5374936461448669,0.10054531693458557,0.4612257182598114,"151,91,62,140,136","0,202,219,244,56",2:123:2|2:244:2|2:457:2
ckpt_4700.pt,2,102,0.4915525019168854,0.08217331022024155,0.39498573541641235,"23,194,171,53,92","186,230,187,96,108",2:246:2|2:471:2|2:10:1
ckpt_4700.pt,2,103,0.444220632314682,0.08314662426710129,0.39080315828323364,"7,66,151,48,249","85,20,11,133,111",2:54:2|2:293:2|2:733:2
ckpt_4700.pt,2,104,0.449499249458313,0.08381999284029007,0.38979634642601013,"99,79,255,230,83","188,12,25,221,152",2:217:2|2:849:2|2:5:1
ckpt_4700.pt,2,105,0.4877500832080841,0.11279021203517914,0.39484673738479614,"97,27,8,90,33","253,223,90,109,195",2:784:3|2:245:2|2:503:2
ckpt_4700.pt,2,106,0.5573740601539612,0.10966946184635162,0.4343104660511017,"96,2,121,185,124","22,234,150,232,108",2:298:2|2:592:2|2:694:2
ckpt_4700.pt,2,107,0.4838314950466156,0.1000494435429573,0.4220801591873169,"255,164,249,170,24","57,39,76,16,84",2:24:2|2:753:2|2:5:1
ckpt_4700.pt,2,108,0.4592503011226654,0.08348483592271805,0.3805858790874481,"202,29,94,15,205","101,32,200,39,131",2:200:2|2:447:2|2:778:2
ckpt_4700.pt,2,109,0.5229440331459045,0.08139637857675552,0.4642437696456909,"76,142,202,0,19","153,232,57,127,224",2:398:2|2:593:2|2:6:1
ckpt_4700.pt,2,110,0.5505925416946411,0.10762550681829453,0.4511633813381195,"233,9,171,224,193","81,176,116,5,248",2:591:2|2:931:2|2:1:1
ckpt_4700.pt,2,111,0.519097089767456,0.09314485639333725,0.40607336163520813,"107,246,172,111,76","221,252,117,52,175",2:15:2|2:79:2|2:294:2
ckpt_4700.pt,2,112,0.5619932413101196,0.10413191467523575,0.4592893421649933,"95,11,97,139,121","102,90,180,238,182",2:330:2|2:746:2|2:20:1
ckpt_4700.pt,2,113,0.5096173882484436,0.09902958571910858,0.40260642766952515,"139,186,76,188,180","230,110,99,217,194",2:47:2|2:159:2|2:250:2
ckpt_4700.pt,2,114,0.537372350692749,0.1004389077425003,0.4166404604911804,"54,164,112,122,241","87,112,224,173,98",2:241:2|2:468:2|2:504:2
ckpt_4700.pt,2,115,0.4932103753089905,0.10652747750282288,0.3983019292354584,"167,48,2,115,103","68,155,186,21,219",2:210:2|2:361:2|2:623:2
ckpt_4700.pt,2,116,0.558542788028717,0.1166614443063736,0.45313531160354614,"248,218,67,50,137","143,210,2,246,206",2:473:2|2:683:2|2:809:2
ckpt_4700.pt,2,117,0.512873113155365,0.08150795102119446,0.42112645506858826,"212,197,118,152,141","217,141,138,78,120",2:139:2|2:167:2|2:813:2
ckpt_4700.pt,2,118,0.47768762707710266,0.07886144518852234,0.41486626863479614,"10,222,54,124,77","112,63,175,193,60",2:299:2|2:551:2|2:578:2
ckpt_4700.pt,2,119,0.5285780429840088,0.12066778540611267,0.48271968960762024,"219,122,102,52,177","32,115,75,13,61",2:731:2|2:0:1|2:15:1
ckpt_4700.pt,2,120,0.5678521990776062,0.11062555015087128,0.44584283232688904,"51,93,46,168,38","13,6,177,83,38",2:151:2|2:165:2|2:335:2
ckpt_4700.pt,2,121,0.5283600091934204,0.12052378058433533,0.4267200827598572,"39,100,4,252,227","161,191,241,181,178",2:126:2|2:188:2|2:204:2
ckpt_4700.pt,2,122,0.5298057794570923,0.1104232519865036,0.4474293887615204,"27,220,132,185,16","30,43,0,130,56",2:27:1|2:40:1|2:44:1
ckpt_4700.pt,2,123,0.5667657256126404,0.09079539030790329,0.44898369908332825,"95,136,186,250,91","128,5,56,161,53",2:101:2|2:709:2|2:0:1
ckpt_4700.pt,2,124,0.5292871594429016,0.10556531697511673,0.4467635154724121,"114,142,79,224,78","250,56,17,3,42",2:272:2|2:591:2|2:2:1
ckpt_4700.pt,2,125,0.5134658217430115,0.08821991831064224,0.44346120953559875,"61,123,254,31,43","138,144,111,79,31",2:168:2|2:354:2|2:550:2
ckpt_4700.pt,2,126,0.4732707142829895,0.07971305400133133,0.4045426845550537,"120,252,127,227,179","124,253,180,227,91",2:8:2|2:93:2|2:121:2
ckpt_4700.pt,2,127,0.48029911518096924,0.08321283757686615,0.40117892622947693,"249,219,43,141,92","160,46,69,255,169",2:901:2|2:38:1|2:45:1
ckpt_4700.pt,2,128,0.5428569912910461,0.09733939170837402,0.43558356165885925,"186,25,14,102,37","252,144,185,249,11",2:25:2|2:282:2|2:947:2
ckpt_4700.pt,2,129,0.5666769742965698,0.105801522731781,0.4542609751224518,"32,94,176,229,129","193,252,142,133,28",2:653:2|2:688:2|2:720:2
ckpt_4700.pt,2,130,0.5240991115570068,0.11298606544733047,0.4193270802497864,"220,133,213,33,28","117,203,53,90,246",2:138:2|2:313:2|2:621:2
ckpt_4700.pt,2,131,0.4686613380908966,0.09661528468132019,0.4283406734466553,"108,82,6,209,233","6,107,127,183,240",2:3:2|2:32:2|2:143:2
ckpt_4700.pt,2,132,0.5508512854576111,0.0997040644288063,0.47957316040992737,"64,132,226,112,203","226,78,237,203,6",2:163:2|2:223:2|2:814:2
ckpt_4700.pt,2,133,0.4668673574924469,0.08805513381958008,0.40106287598609924,"178,112,236,247,113","225,176,117,22,102",2:241:2|2:610:2|2:654:2
ckpt_4700.pt,2,134,0.5452036261558533,0.1016303300857544,0.463765025138855,"205,196,204,251,96","34,117,227,251,78",2:634:2|2:21:1|2:33:1
ckpt_4700.pt,2,135,0.5581937432289124,0.12136156857013702,0.43280139565467834,"120,51,27,222,225","226,173,93,15,85",2:299:2|2:950:2|2:27:1
ckpt_4700.pt,2,136,0.5365244746208191,0.10489242523908615,0.441549152135849,"236,181,101,211,94","52,81,165,188,122",2:267:2|2:472:2|2:9:1
ckpt_4700.pt,2,137,0.5232231020927429,0.10163388401269913,0.44470593333244324,"102,16,24,28,58","117,30,165,91,231",2:519:2|2:549:2|2:614:2
ckpt_4700.pt,2,138,0.5283086895942688,0.1040261834859848,0.45192161202430725,"117,145,147,133,33","220,142,184,48,157",2:130:2|2:511:2|2:523:2
ckpt_4700.pt,2,139,0.5371001958847046,0.10026652365922928,0.43650704622268677,"212,100,197,142,201","184,92,199,164,252",2:117:2|2:494:2|2:638:2
ckpt_4700.pt,2,140,0.5305928587913513,0.10108926147222519,0.42870861291885376,"20,207,245,113,44","154,138,225,239,107",2:241:2|2:384:2|2:679:2
ckpt_4700.pt,2,141,0.5101776719093323,0.0945630818605423,0.4219483733177185,"222,60,45,40,50","248,252,179,39,81",2:56:2|2:357:2|2:696:2
ckpt_4700.pt,2,142,0.5176124572753906,0.08805500715970993,0.3965621888637543,"121,73,129,122,136","105,176,230,32,135",2:305:2|2:2:1|2:5:1
ckpt_4700.pt,2,143,0.5248371362686157,0.09002610296010971,0.4249444007873535,"65,6,187,200,233","67,244,178,75,153",2:131:2|2:448:2|2:15:1
ckpt_4700.pt,2,144,0.49943387508392334,0.11589150130748749,0.4296121895313263,"22,239,221,146,33","33,91,164,48,233",2:426:3|2:309:2|2:404:2
ckpt_4700.pt,2,145,0.5296913981437683,0.11686748266220093,0.4732014834880829,"48,51,43,29,243","131,202,69,43,23",2:321:2|2:447:2|2:797:2
ckpt_4700.pt,2,146,0.5216476321220398,0.10467058420181274,0.45151469111442566,"71,144,220,146,24","56,43,66,148,243",2:296:2|2:692:2|2:712:2
ckpt_4700.pt,2,147,0.5098571181297302,0.09776217490434647,0.4220176339149475,"14,243,97,93,151","198,117,80,128,181",2:187:2|2:264:2|2:992:2
ckpt_4700.pt,2,148,0.4718036949634552,0.1099495068192482,0.38390102982521057,"47,237,51,31,128","51,246,210,130,195",2:181:2|2:441:2|2:474:2
ckpt_4700.pt,2,149,0.5536608695983887,0.12462388724088669,0.4393610656261444,"23,79,120,110,113","112,86,115,125,205",2:416:2|2:610:2|2:815:2
ckpt_4700.pt,2,150,0.5526509881019592,0.11678707599639893,0.4529975950717926,"165,47,191,212,66","49,142,204,132,211",2:334:2|2:533:2|2:17:1
ckpt_4700.pt,2,151,0.5455649495124817,0.1118992418050766,0.454925537109375,"98,24,57,46,51","80,46,104,37,5",2:24:2|2:120:2|2:165:2
ckpt_4700.pt,2,152,0.571871280670166,0.09706097096204758,0.47037914395332336,"190,254,162,24,93","23,154,146,201,158",2:402:3|2:751:2|2:942:2
ckpt_4700.pt,2,153,0.5213184356689453,0.08495944738388062,0.4189174473285675,"198,243,55,225,153","201,205,249,80,216",2:9:2|2:69:2|2:425:2
ckpt_4700.pt,2,154,0.501518964767456,0.08895566314458847,0.4291304349899292,"222,85,179,255,223","245,216,120,132,136",2:3:2|2:212:2|2:420:2
ckpt_4700.pt,2,155,0.4833749234676361,0.09759561717510223,0.38819703459739685,"197,202,101,62,203","56,97,246,105,60",2:174:2|2:486:2|2:964:2
ckpt_4700.pt,2,156,0.561016857624054,0.10236267745494843,0.4643765389919281,"71,242,232,102,66","108,71,230,53,63",2:166:2|2:538:2|2:714:2
ckpt_4700.pt,2,157,0.5872077941894531,0.09227871894836426,0.46833303570747375,"32,236,138,66,153","186,0,182,100,12",2:291:2|2:837:2|2:7:1
ckpt_4700.pt,2,158,0.49765607714653015,0.10199587047100067,0.414200097322464,"69,18,98,174,42","193,17,84,107,113",2:228:2|2:257:2|2:557:2
ckpt_4700.pt,2,159,0.5717530250549316,0.10906854271888733,0.4652520418167114,"32,164,188,185,76","87,126,66,95,219",2:67:2|2:113:2|2:328:2
ckpt_4700.pt,2,160,0.49861401319503784,0.104413241147995,0.41257503628730774,"227,158,140,219,181","115,43,63,31,6",2:878:2|2:16:1|2:18:1
ckpt_4700.pt,2,161,0.4983482360839844,0.07916856557130814,0.4115561544895172,"152,111,191,56,19","101,211,139,196,227",2:38:2|2:46:2|2:304:2
ckpt_4700.pt,2,162,0.5132741332054138,0.0834631621837616,0.44546183943748474,"142,89,37,101,125","249,89,52,252,95",2:887:2|2:6:1|2:10:1
ckpt_4700.pt,2,163,0.4234743118286133,0.07364726811647415,0.32603320479393005,"104,203,2,162,132","84,235,182,140,93",2:132:2|2:569:2|2:734:2
ckpt_4700.pt,2,164,0.5590217709541321,0.10609294474124908,0.4103246331214905,"38,63,9,24,137","97,20,207,202,243",2:208:2|2:509:2|2:549:2
ckpt_4700.pt,2,165,0.48571962118148804,0.07777222245931625,0.42711567878723145,"51,121,88,42,46","81,124,56,143,212",2:120:2|2:151:2|2:298:2
ckpt_4700.pt,2,166,0.47579067945480347,0.09180016070604324,0.4057645797729492,"91,66,102,39,60","143,101,179,165,1",2:156:2|2:0:1|2:16:1
ckpt_4700.pt,2,167,0.5350279808044434,0.10187385231256485,0.41903042793273926,"169,197,15,143,152","108,180,33,168,127",2:62:2|2:117:2|2:183:2
ckpt_4700.pt,2,168,0.5322736501693726,0.09047335386276245,0.4413078725337982,"206,144,31,8,254","238,205,180,168,229",2:125:2|2:232:2|2:367:2
ckpt_4700.pt,2,169,0.5385407209396362,0.10115224123001099,0.43926528096199036,"163,7,103,1,210","57,156,95,66,67",2:23:2|2:44:2|2:927:2
ckpt_4700.pt,2,170,0.4712653160095215,0.10885190218687057,0.38612866401672363,"255,19,237,227,63","22,215,85,30,51",2:732:2|2:746:2|2:874:2
ckpt_4700.pt,2,171,0.5182937383651733,0.1202421709895134,0.4226216673851013,"94,103,107,185,117","94,234,15,142,214",2:465:2|2:701:2|2:844:2
ckpt_4700.pt,2,172,0.5047988891601562,0.10957226157188416,0.46360963582992554,"153,12,223,86,43","13,185,154,60,169",2:195:2|2:247:2|2:604:2
ckpt_4700.pt,2,173,0.44368675351142883,0.08528998494148254,0.3818066120147705,"96,195,136,52,167","183,122,7,147,79",2:930:2|2:1006:2|2:21:1
ckpt_4700.pt,2,174,0.5555914640426636,0.09405520558357239,0.47976183891296387,"122,197,62,174,79","63,226,134,58,29",2:155:2|2:15:1|2:19:1
ckpt_4700.pt,2,175,0.5661504864692688,0.12402895092964172,0.42768943309783936,"124,6,218,154,60","26,161,73,189,220",2:37:2|2:1:1|2:32:1
ckpt_4700.pt,2,176,0.5795571804046631,0.09905076026916504,0.4799039661884308,"29,237,240,125,247","95,91,201,1,101",2:49:2|2:267:2|2:399:2
ckpt_4700.pt,2,177,0.4811699688434601,0.08983927220106125,0.41910257935523987,"67,249,241,27,78","186,79,107,220,43",2:45:2|2:91:2|2:409:2
ckpt_4700.pt,2,178,0.5050326585769653,0.09617861360311508,0.41640549898147583,"99,126,111,195,124","44,20,121,186,179",2:702:2|2:1:1|2:6:1
ckpt_4700.pt,2,179,0.5588122606277466,0.08513159304857254,0.4521115720272064,"140,246,241,186,61","251,193,24,71,42",2:79:2|2:905:2|2:908:2
ckpt_4700.pt,2,180,0.5102190971374512,0.09998031705617905,0.4253220558166504,"48,120,19,122,22","110,13,154,189,153",2:815:2|2:13:1|2:15:1
ckpt_4700.pt,2,181,0.4779508709907532,0.07767661660909653,0.38091781735420227,"52,117,178,237,47","131,26,134,76,34",2:148:2|2:356:2|2:678:2
ckpt_4700.pt,2,182,0.48807650804519653,0.09573425352573395,0.41802695393562317,"223,19,134,162,50","91,123,110,42,67",2:30:2|2:808:2|2:874:2
ckpt_4700.pt,2,183,0.5094450116157532,0.09374100714921951,0.4153890311717987,"252,196,15,169,194","253,15,56,9,249",2:167:2|2:207:2|2:311:2
ckpt_4700.pt,2,184,0.496073842048645,0.0920862928032875,0.4421738386154175,"237,235,58,18,154","195,154,63,244,57",2:441:2|2:483:2|2:935:2
ckpt_4700.pt,2,185,0.475220650434494,0.08193495869636536,0.409978985786438,"231,46,142,35,227","29,35,30,7,208",2:49:2|2:596:2|2:828:2
ckpt_4700.pt,2,186,0.5138706564903259,0.08889071643352509,0.43629905581474304,"143,62,177,54,60","51,201,67,196,5",2:545:2|2:894:2|2:0:1
ckpt_4700.pt,2,187,0.4965100884437561,0.0742034763097763,0.4166271686553955,"151,154,243,123,161","107,185,245,243,114",2:147:2|2:289:2|2:5:1
ckpt_4700.pt,2,188,0.4948788285255432,0.10930435359477997,0.37650421261787415,"100,234,227,24,72","8,52,167,99,27",2:121:2|2:535:2|2:751:2
ckpt_4700.pt,2,189,0.5145663022994995,0.0970914289355278,0.41181397438049316,"37,20,222,166,29","202,48,53,124,105",2:212:2|2:224:2|2:524:2
ckpt_4700.pt,2,190,0.5271346569061279,0.09757021069526672,0.43283069133758545,"231,100,84,44,40","46,166,201,214,84",2:227:2|2:494:2|2:623:2
ckpt_4700.pt,2,191,0.5124245285987854,0.09829244017601013,0.443500280380249,"60,194,111,33,173","143,71,232,219,52",2:389:2|2:897:2|2:1000:2
ckpt_4700.pt,2,192,0.5157560110092163,0.08884634077548981,0.4067883789539337,"217,2,117,194,210","185,157,177,145,126",2:307:2|2:734:2|2:796:2
ckpt_4700.pt,2,193,0.48415449261665344,0.08494432270526886,0.3932270407676697,"137,1,57,202,92","42,64,190,124,158",2:647:2|2:681:2|2:23:1
ckpt_4700.pt,2,194,0.47419273853302,0.09169977158308029,0.39262670278549194,"61,196,101,150,93","228,93,58,122,250",2:33:2|2:326:2|2:424:2
ckpt_4700.pt,2,195,0.5155660510063171,0.10920779407024384,0.4240817725658417,"91,194,12,78,223","206,189,81,44,122",2:172:2|2:247:2|2:457:2
ckpt_4700.pt,2,196,0.4386194348335266,0.07798715680837631,0.36680617928504944,"96,44,197,149,177","92,131,255,17,216",2:292:2|2:943:2|2:0:1
ckpt_4700.pt,2,197,0.533598005771637,0.11558093875646591,0.420815646648407,"217,214,205,157,168","187,19,123,154,195",2:250:2|2:511:2|2:778:2
ckpt_4700.pt,2,198,0.5032942891120911,0.08840008080005646,0.4365701973438263,"80,39,124,75,28","217,216,27,206,83",2:340:2|2:370:2|2:592:2
ckpt_4700.pt,2,199,0.49920034408569336,0.09554742276668549,0.42164719104766846,"70,18,52,15,207","38,174,45,100,110",2:340:2|2:482:2|2:636:2
ckpt_4700.pt,2,200,0.5742684006690979,0.11351018399000168,0.46726030111312866,"231,54,94,209,202","5,69,171,119,19",2:73:2|2:108:2|2:497:2
ckpt_4700.pt,2,201,0.44729653000831604,0.08998963236808777,0.36774393916130066,"61,198,121,109,154","202,247,170,35,171",2:831:3|2:611:2|2:1:1
ckpt_4700.pt,2,202,0.5389255285263062,0.10371308028697968,0.45793014764785767,"212,181,162,204,234","28,84,31,67,10",2:11:1|2:16:1|2:30:1
ckpt_4700.pt,2,203,0.48809805512428284,0.09696654975414276,0.4129519462585449,"239,158,99,112,119","118,218,63,168,246",2:94:3|2:60:2|2:82:2
ckpt_4700.pt,2,204,0.4655747413635254,0.0912972018122673,0.3817060887813568,"235,144,4,7,100","15,54,182,160,219",2:121:2|2:301:2|2:922:2
ckpt_4700.pt,2,205,0.5410208702087402,0.1165834590792656,0.4621005654335022,"212,61,57,48,107","188,62,214,148,205",2:691:2|2:717:2|2:949:2
ckpt_4700.pt,2,206,0.5391294360160828,0.10626516491174698,0.4539686143398285,"72,155,217,98,208","114,208,108,230,162",2:84:2|2:26:1|2:31:1
ckpt_4700.pt,2,207,0.5977998375892639,0.12608081102371216,0.45260125398635864,"196,1,250,194,126","118,94,18,117,185",2:183:2|2:360:2|2:584:2
ckpt_4700.pt,2,208,0.5834828615188599,0.11124028265476227,0.47302111983299255,"63,93,9,103,80","116,93,195,88,244",2:33:2|2:164:2|2:402:2
ckpt_4700.pt,2,209,0.5158021450042725,0.10477820038795471,0.39949294924736023,"154,225,181,216,131","83,243,106,7,199",2:792:2|2:873:2|2:980:2
ckpt_4700.pt,2,210,0.4749661684036255,0.06980123370885849,0.3765326142311096,"245,2,19,167,233","244,246,255,107,252",2:115:2|2:326:2|2:394:2
ckpt_4700.pt,2,211,0.5396885275840759,0.08813510835170746,0.4498760402202606,"180,149,7,93,229","35,62,183,139,8",2:269:2|2:452:2|2:520:2
ckpt_4700.pt,2,212,0.5116226077079773,0.10853259265422821,0.436868816614151,"179,48,166,163,222","115,86,51,69,61",2:154:2|2:189:2|2:424:2
ckpt_4700.pt,2,213,0.545158326625824,0.11901926249265671,0.4478437304496765,"225,248,0,205,221","68,149,61,172,127",2:355:2|2:413:2|2:516:2
ckpt_4700.pt,2,214,0.5453289151191711,0.11435284465551376,0.44903460144996643,"154,102,239,7,129","3,128,127,73,60",2:388:2|2:548:2|2:759:2
ckpt_4700.pt,2,215,0.496991902589798,0.09396356344223022,0.4223359525203705,"53,106,247,246,199","125,61,173,241,103",2:10:2|2:83:2|2:216:2
ckpt_4700.pt,2,216,0.5159691572189331,0.09278383105993271,0.40723174810409546,"177,4,223,199,247","202,71,239,89,177",2:215:2|2:629:2|2:0:1
ckpt_4700.pt,2,217,0.5229666233062744,0.1044745221734047,0.3832295536994934,"48,206,46,79,230","158,112,216,186,199",2:104:2|2:367:2|2:656:2
ckpt_4700.pt,2,218,0.527291476726532,0.0976174846291542,0.4554603397846222,"131,46,250,109,157","66,248,23,242,45",2:20:2|2:868:2|2:5:1
ckpt_4700.pt,2,219,0.52420574426651,0.08900696039199829,0.43862244486808777,"165,118,99,206,179","148,171,154,159,161",2:35:2|2:42:2|2:260:2
ckpt_4700.pt,2,220,0.5744282603263855,0.09280800074338913,0.47005581855773926,"85,243,26,214,175","29,56,182,187,184",2:290:3|2:93:2|2:710:2
ckpt_4700.pt,2,221,0.5351537466049194,0.10398411750793457,0.4722815155982971,"40,182,5,76,12","116,140,66,196,82",2:410:2|2:463:2|2:1:1
ckpt_4700.pt,2,222,0.42327743768692017,0.07633602619171143,0.37714192271232605,"133,13,123,12,197","9,184,42,60,234",2:1:1|2:10:1|2:13:1
ckpt_4700.pt,2,223,0.538477897644043,0.09781239926815033,0.4385303854942322,"132,4,148,181,226","12,231,173,179,226",2:132:2|2:814:2|2:16:1
ckpt_4700.pt,2,224,0.4733833074569702,0.07737451791763306,0.42101263999938965,"29,84,148,236,222","80,110,78,109,89",2:53:2|2:189:2|2:609:2
ckpt_4700.pt,2,225,0.5048713684082031,0.08641290664672852,0.449628621339798,"216,172,138,89,169","127,167,51,92,163",2:98:2|2:294:2|2:649:2
ckpt_4700.pt,2,226,0.5539332628250122,0.1028045117855072,0.47184276580810547,"42,24,178,238,131","250,81,41,169,249",2:7:2|2:391:2|2:6:1
ckpt_4700.pt,2,227,0.5656241178512573,0.11506355553865433,0.4602574408054352,"244,178,246,84,44","63,199,181,7,206",2:190:2|2:851:2|2:859:2
ckpt_4700.pt,2,228,0.5378418564796448,0.09266934543848038,0.451140820980072,"232,125,42,241,18","225,238,8,171,44",2:80:2|2:158:2|2:357:2
ckpt_4700.pt,2,229,0.484939843416214,0.10232421010732651,0.3930782973766327,"20,104,133,10,156","84,96,93,199,58",2:50:2|2:578:2|2:730:2
ckpt_4700.pt,2,230,0.5247034430503845,0.08854199200868607,0.4234115481376648,"122,159,150,27,86","183,121,12,162,171",2:676:2|2:2:1|2:15:1
ckpt_4700.pt,2,231,0.5373695492744446,0.11924579739570618,0.4363102614879608,"255,254,241,26,203","55,140,15,58,121",2:232:2|2:311:2|2:458:2
ckpt_4700.pt,2,232,0.5880505442619324,0.09625643491744995,0.4806429445743561,"187,144,254,196,241","203,42,75,93,107",2:168:2|2:231:2|2:271:2
ckpt_4700.pt,2,233,0.5476924180984497,0.10879011452198029,0.4882552921772003,"67,69,15,106,34","50,152,190,53,12",2:91:2|2:295:2|2:315:2
ckpt_4700.pt,2,234,0.5284979939460754,0.09504808485507965,0.44075146317481995,"70,112,46,99,26","199,126,142,200,98",2:203:2|2:392:2|2:676:2
ckpt_4700.pt,2,235,0.4884030818939209,0.07994712889194489,0.3863348066806793,"194,22,11,7,236","71,218,215,232,128",2:452:2|2:686:2|2:735:2
ckpt_4700.pt,2,236,0.5347753167152405,0.11404880881309509,0.4498363435268402,"152,0,3,45,171","161,93,247,197,133",2:27:2|2:575:2|2:1006:2
ckpt_4700.pt,2,237,0.5572327971458435,0.10579174757003784,0.4410512149333954,"19,40,154,103,219","143,34,50,173,193",2:46:2|2:603:2|2:972:2
ckpt_4700.pt,2,238,0.47369125485420227,0.09599754959344864,0.37106019258499146,"185,153,228,179,230","78,162,187,207,34",2:469:2|2:684:2|2:858:2
ckpt_4700.pt,2,239,0.49736589193344116,0.08986233919858932,0.43518176674842834,"40,49,213,158,189","230,11,132,62,234",2:362:2|2:1:1|2:18:1
ckpt_4700.pt,2,240,0.4462447166442871,0.08229536563158035,0.3625636696815491,"89,151,193,61,218","25,51,174,83,77",2:527:2|2:773:2|2:5:1
ckpt_4700.pt,2,241,0.5909669399261475,0.11690469831228256,0.4739305078983307,"112,200,113,44,164","216,70,122,26,18",2:114:2|2:133:2|2:140:2
ckpt_4700.pt,2,242,0.5688223242759705,0.10718689858913422,0.4798014461994171,"31,87,113,92,122","46,53,135,175,217",2:588:2|2:768:2|2:872:2
ckpt_4700.pt,2,243,0.5401052832603455,0.09189153462648392,0.42982903122901917,"247,66,45,44,184","186,33,151,202,196",2:642:2|2:716:2|2:12:1
ckpt_4700.pt,2,244,0.45882153511047363,0.09037628769874573,0.410897821187973,"91,119,140,106,90","62,45,213,146,117",2:101:2|2:0:1|2:4:1
ckpt_4700.pt,2,245,0.4995756447315216,0.10692961513996124,0.4044918119907379,"39,97,245,90,100","69,0,234,212,63",2:105:2|2:121:2|2:372:2
ckpt_4700.pt,2,246,0.56978440284729,0.11026261746883392,0.4636478126049042,"64,206,92,94,171","186,29,43,225,15",2:102:2|2:267:2|2:497:2
ckpt_4700.pt,2,247,0.5297611951828003,0.09253306686878204,0.429779052734375,"227,194,43,223,229","103,213,133,41,36",2:172:2|2:195:2|2:452:2
ckpt_4700.pt,2,248,0.47181203961372375,0.0743633359670639,0.37336212396621704,"49,211,169,202,248","180,75,124,189,32",2:868:2|2:904:2|2:1:1
ckpt_4700.pt,2,249,0.47924676537513733,0.08785329759120941,0.40652593970298767,"159,125,9,168,104","167,91,111,58,184",2:55:2|2:278:2|2:555:2
ckpt_4700.pt,2,250,0.5366055369377136,0.0994933620095253,0.424134224653244,"180,76,157,205,92","254,83,224,124,247",2:47:2|2:113:2|2:197:2
ckpt_4700.pt,2,251,0.5244559049606323,0.08444433659315109,0.423220157623291,"55,173,61,238,133","144,174,195,95,26",2:643:2|2:9:1|2:17:1
ckpt_4700.pt,2,252,0.537345290184021,0.10709472745656967,0.4598366320133209,"112,71,129,74,67","112,145,242,123,15",2:99:2|2:295:2|2:617:2
ckpt_4700.pt,2,253,0.5135206580162048,0.10250700265169144,0.41382643580436707,"87,101,81,27,114","146,231,104,214,97",2:12:1|2:26:1|2:27:1
ckpt_4700.pt,2,254,0.5419655442237854,0.09969896078109741,0.4603993892669678,"87,96,236,161,104","85,202,125,144,228",2:55:2|2:609:2|2:724:2
ckpt_4700.pt,2,255,0.4587794840335846,0.09887805581092834,0.38807007670402527,"142,234,14,71,180","107,138,58,52,151",2:387:2|2:587:2|2:593:2
ckpt_4700.pt,2,256,0.537998616695404,0.11514365673065186,0.4379337430000305,"29,24,223,133,129","46,89,113,123,81",2:313:2|2:447:2|2:548:2
ckpt_4700.pt,2,257,0.5078378915786743,0.0982728898525238,0.45385366678237915,"239,69,42,224,20","252,157,126,183,127",2:158:2|2:520:2|2:858:2
ckpt_4700.pt,2,258,0.5591440796852112,0.11340955644845963,0.4152359366416931,"154,213,8,126,145","188,45,12,239,151",2:32:2|2:57:2|2:464:2
ckpt_4700.pt,2,259,0.5244141221046448,0.0981946811079979,0.42447391152381897,"9,206,76,3,162","15,46,229,255,206",2:30:2|2:402:2|2:769:2
ckpt_4700.pt,2,260,0.49279674887657166,0.09851270169019699,0.42821013927459717,"12,179,165,119,172","176,210,222,144,70",2:219:2|2:707:2|2:977:2
ckpt_4700.pt,2,261,0.5746679902076721,0.11960212141275406,0.48112571239471436,"27,96,98,4,34","174,87,34,167,214",2:409:2|2:592:2|2:633:2
ckpt_4700.pt,2,262,0.4934672713279724,0.10794328898191452,0.3920043110847473,"170,59,247,77,53","248,166,109,206,179",2:215:2|2:654:2|2:981:2
ckpt_4700.pt,2,263,0.5004785060882568,0.09487633407115936,0.39331841468811035,"41,24,112,167,111","39,107,36,254,24",2:344:2|2:346:2|2:389:2
ckpt_4700.pt,2,264,0.5567705631256104,0.09154780209064484,0.4666380286216736,"226,205,14,33,243","28,9,45,84,57",2:147:2|2:274:2|2:333:2
ckpt_4700.pt,2,265,0.5730574727058411,0.14215724170207977,0.4953618049621582,"189,221,7,69,187","39,146,223,48,213",2:276:2|2:388:2|2:1016:2
ckpt_4700.pt,2,266,0.5477920174598694,0.09224012494087219,0.40276119112968445,"5,142,138,39,229","183,46,254,189,247",2:387:2|2:819:2|2:924:2
ckpt_4700.pt,2,267,0.4518832862377167,0.08021177351474762,0.394791841506958,"94,125,181,92,240","36,196,178,87,165",2:74:2|2:136:2|2:176:2
ckpt_4700.pt,2,268,0.48228898644447327,0.0972769558429718,0.44289931654930115,"171,52,89,124,68","107,86,118,72,109",2:931:3|2:415:2|2:640:2
ckpt_4700.pt,2,269,0.5378233790397644,0.11069046705961227,0.4724343717098236,"163,223,149,184,180","198,135,97,8,4",2:211:2|2:678:2|2:927:2
ckpt_4700.pt,2,270,0.53953617811203,0.09813210368156433,0.4545118510723114,"90,85,127,186,94","255,231,28,130,110",2:521:3|2:8:2|2:671:2
ckpt_4700.pt,2,271,0.5206338763237,0.09452638030052185,0.43858543038368225,"187,62,144,9,34","35,219,222,196,240",2:232:2|2:296:2|2:457:2
ckpt_4700.pt,2,272,0.4482322037220001,0.09650778025388718,0.3811990022659302,"19,79,49,75,78","41,13,223,157,254",2:808:3|2:124:2|2:283:2
ckpt_4700.pt,2,273,0.4792095422744751,0.08125431090593338,0.4069943428039551,"67,59,160,9,149","238,10,208,167,204",2:77:2|2:871:2|2:1:1
ckpt_4700.pt,2,274,0.4839422106742859,0.08807236701250076,0.37744563817977905,"226,14,255,160,207","189,104,171,217,224",2:24:2|2:81:2|2:264:2
ckpt_4700.pt,2,275,0.550933301448822,0.10208074748516083,0.43815621733665466,"251,69,184,175,166","75,72,35,143,250",2:518:2|2:663:2|2:723:2
ckpt_4700.pt,2,276,0.6049893498420715,0.1258770078420639,0.49391844868659973,"250,242,107,187,221","57,150,17,142,125",2:265:2|2:294:2|2:701:2
ckpt_4700.pt,2,277,0.5331337451934814,0.08349678665399551,0.41345807909965515,"119,138,44,11,115","74,200,246,52,5",2:300:2|2:303:2|2:430:2
ckpt_4700.pt,2,278,0.4438423812389374,0.07361561059951782,0.3551124334335327,"159,65,117,168,79","134,110,198,128,99",2:613:3|2:249:2|2:721:2
ckpt_4700.pt,2,279,0.506293535232544,0.09282483905553818,0.4137308895587921,"144,66,69,65,152","245,236,61,187,49",2:805:2|2:852:2|2:891:2
ckpt_4700.pt,2,280,0.4834551215171814,0.09178847074508667,0.4061557352542877,"137,52,246,125,88","80,78,239,137,32",2:898:3|2:51:2|2:309:2
ckpt_4700.pt,2,281,0.5203657150268555,0.09594042599201202,0.4166671633720398,"4,43,83,80,215","113,179,68,152,122",2:896:2|2:33:1|2:65:1
ckpt_4700.pt,2,282,0.5389403700828552,0.1005534827709198,0.445283979177475,"174,83,25,186,22","108,127,100,251,12",2:128:2|2:417:2|2:425:2
ckpt_4700.pt,2,283,0.3980410695075989,0.06939085572957993,0.3611627221107483,"154,134,215,78,49","101,247,126,139,204",2:272:2|2:454:2|2:808:2
ckpt_4700.pt,2,284,0.5073387622833252,0.09435399621725082,0.42951321601867676,"152,102,11,254,189","56,202,145,244,12",2:720:2|2:25:1|2:26:1
ckpt_4700.pt,2,285,0.5325345396995544,0.10040494799613953,0.4554157853126526,"31,50,181,74,54","181,188,44,201,15",2:401:2|2:637:2|2:860:2
ckpt_4700.pt,2,286,0.4739322066307068,0.10492745786905289,0.3936065435409546,"82,13,141,121,192","161,217,78,67,128",2:652:2|2:660:2|2:3:1
ckpt_4700.pt,2,287,0.4970865845680237,0.08591776341199875,0.42132630944252014,"64,219,106,99,130","9,13,19,111,34",2:4:2|2:36:1|2:53:1
ckpt_4700.pt,2,288,0.5304213762283325,0.10834634304046631,0.43335673213005066,"215,201,65,47,250","98,252,118,72,70",2:705:2|2:760:2|2:945:2
ckpt_4700.pt,2,289,0.52986079454422,0.09634095430374146,0.443727046251297,"254,151,161,17,41","207,229,83,193,50",2:187:2|2:341:2|2:458:2
ckpt_4700.pt,2,290,0.5258912444114685,0.11484720557928085,0.4508402943611145,"215,85,214,156,26","110,25,19,51,122",2:220:3|2:4:1|2:52:1
ckpt_4700.pt,2,291,0.5293552875518799,0.0833139568567276,0.4353082478046417,"230,67,66,213,32","212,168,58,208,225",2:157:2|2:579:2|2:7:1
ckpt_4700.pt,2,292,0.5164542198181152,0.08499036729335785,0.461565226316452,"34,44,209,235,149","123,202,227,196,99",2:31:2|2:196:2|2:418:2
ckpt_4700.pt,2,293,0.4725111126899719,0.08135426789522171,0.38483843207359314,"66,249,209,229,50","94,221,50,158,195",2:103:2|2:3:1|2:11:1
ckpt_4700.pt,2,294,0.5763908624649048,0.10533855110406876,0.4515385925769806,"107,169,172,200,242","240,170,212,88,3",2:15:2|2:111:2|2:225:2
ckpt_4700.pt,2,295,0.5097569227218628,0.08014388382434845,0.4335618019104004,"129,86,34,216,67","89,126,208,154,218",2:233:2|2:252:2|2:354:2
ckpt_4700.pt,2,296,0.4904724657535553,0.10083937644958496,0.42779022455215454,"144,220,9,17,205","18,203,101,152,197",2:979:3|2:146:2|2:271:2
ckpt_4700.pt,2,297,0.5269182920455933,0.10288789123296738,0.43015047907829285,"107,151,182,179,210","154,121,230,129,27",2:54:2|2:599:2|2:961:2
ckpt_4700.pt,2,298,0.4895230829715729,0.09198392182588577,0.4075646996498108,"51,214,185,255,121","62,197,17,59,196",2:106:2|2:165:2|2:883:2
ckpt_4700.pt,2,299,0.47090664505958557,0.10146663337945938,0.3942551612854004,"51,77,81,235,222","173,30,141,196,175",2:118:2|2:135:2|2:551:2
ckpt_4700.pt,2,300,0.4852292537689209,0.09552687406539917,0.41116058826446533,"73,138,50,115,85","119,17,179,132,195",2:277:2|2:438:2|2:598:2
ckpt_4700.pt,2,301,0.4961160123348236,0.0857779011130333,0.43191152811050415,"31,2,7,100,168","117,53,108,163,25",2:1009:3|2:204:2|2:342:2
ckpt_4700.pt,2,302,0.46301549673080444,0.087558813393116,0.40540558099746704,"87,90,41,210,158","252,227,254,33,0",2:328:2|2:467:2|2:507:2
ckpt_4700.pt,2,303,0.4976828992366791,0.12394218891859055,0.43893125653266907,"44,119,192,99,233","252,18,241,64,55",2:94:2|2:203:2|2:277:2
ckpt_4700.pt,2,304,0.5749423503875732,0.11691293865442276,0.4888378381729126,"36,111,246,149,152","129,132,16,75,80",2:79:2|2:111:2|2:161:2
ckpt_4700.pt,2,305,0.48848092555999756,0.10458477586507797,0.40612074732780457,"3,56,121,122,32","42,119,163,149,106",2:142:2|2:998:2|2:7:1
ckpt_4700.pt,2,306,0.6201468706130981,0.12832492589950562,0.4628407955169678,"26,225,14,34,158","55,33,105,152,201",2:755:2|2:8:1|2:18:1
ckpt_4700.pt,2,307,0.5952420234680176,0.10968662053346634,0.4923378527164459,"125,231,134,194,210","19,188,184,56,125",2:192:2|2:646:2|2:648:2
ckpt_4700.pt,2,308,0.49811169505119324,0.0855075940489769,0.4107542932033539,"85,188,200,42,89","186,39,0,113,244",2:396:2|2:631:2|2:7:1
ckpt_4700.pt,2,309,0.5083728432655334,0.12482514977455139,0.44042208790779114,"221,133,137,88,239","49,239,196,22,123",2:144:2|2:280:2|2:426:2
ckpt_4700.pt,2,310,0.4785716235637665,0.10629379004240036,0.3942553400993347,"237,0,138,121,207","7,36,177,219,16",2:660:2|2:746:2|2:6:1
ckpt_4700.pt,2,311,0.4656866788864136,0.09887044876813889,0.4105207324028015,"137,255,169,26,252","77,32,93,44,61",2:183:2|2:231:2|2:724:2
ckpt_4700.pt,2,312,0.4852452874183655,0.08360525965690613,0.42433828115463257,"49,1,28,232,173","98,80,19,4,54",2:431:2|2:643:2|2:1:1
ckpt_4700.pt,2,313,0.4987911880016327,0.09387674182653427,0.4352049231529236,"29,86,102,220,133","126,214,108,31,244",2:130:2|2:256:2|2:754:2
ckpt_4700.pt,2,314,0.5191506743431091,0.0888671725988388,0.4361974000930786,"176,89,152,58,88","89,210,115,66,221",2:351:2|2:23:1|2:34:1
ckpt_4700.pt,2,315,0.5290021896362305,0.09705295413732529,0.44516217708587646,"215,67,15,254,184","118,185,128,169,198",2:91:2|2:233:2|2:454:2
ckpt_4700.pt,2,316,0.4804883599281311,0.11062926054000854,0.4035132825374603,"123,233,120,179,56","209,152,166,103,107",2:126:2|2:651:2|2:765:2
ckpt_4700.pt,2,317,0.49973779916763306,0.09654596447944641,0.42622342705726624,"200,238,141,122,193","36,127,254,48,174",2:15:1|2:43:1|2:44:1
ckpt_4700.pt,2,318,0.4851660430431366,0.09381978213787079,0.3853732943534851,"239,74,36,138,149","204,48,41,231,198",2:304:2|2:520:2|2:666:2
ckpt_4700.pt,2,319,0.5281755924224854,0.09618338197469711,0.42553046345710754,"184,19,218,56,126","56,90,72,33,168",2:9:2|2:161:2|2:717:2
ckpt_4700.pt,2,320,0.5569300055503845,0.10209346562623978,0.4824550449848175,"125,15,60,7,108","183,108,93,107,35",2:24:1|2:29:1|2:32:1
ckpt_4700.pt,2,321,0.5273730158805847,0.08200649917125702,0.44935962557792664,"43,234,208,74,29","123,255,125,97,57",2:35:2|2:94:2|2:145:2
ckpt_4700.pt,2,322,0.4521488845348358,0.07724878937005997,0.35627010464668274,"91,28,185,73,176","204,24,64,120,185",2:641:2|2:775:2|2:0:1
ckpt_4700.pt,2,323,0.5380459427833557,0.08991445600986481,0.43759697675704956,"120,242,44,70,252","77,206,213,162,147",2:126:2|2:331:2|2:8:1
ckpt_4700.pt,2,324,0.595441997051239,0.12371423840522766,0.4524696171283722,"67,76,228,111,63","56,129,59,187,223",2:111:2|2:405:2|2:806:2
ckpt_4700.pt,2,325,0.5933557748794556,0.10937278717756271,0.468998521566391,"184,216,204,159,239","209,203,156,239,48",2:716:2|2:919:2|2:984:2
ckpt_4700.pt,2,326,0.5286365151405334,0.11038583517074585,0.43600723147392273,"245,0,196,101,233","255,27,236,107,47",2:194:2|2:210:2|2:394:2
ckpt_4700.pt,2,327,0.5092266201972961,0.10678122937679291,0.45666831731796265,"138,75,48,125,113","122,27,18,144,22",2:408:2|2:649:2|2:13:1
ckpt_4700.pt,2,328,0.5200620293617249,0.11668786406517029,0.41967159509658813,"185,210,133,41,76","149,135,183,14,210",2:159:2|2:302:2|2:17:1
ckpt_4700.pt,2,329,0.5067548155784607,0.10379725694656372,0.41733166575431824,"144,57,196,255,94","240,155,33,165,111",2:232:2|2:632:2|2:955:2
ckpt_4700.pt,2,330,0.5840849876403809,0.12336494773626328,0.4579561650753021,"121,181,135,164,95","13,202,139,206,189",2:112:2|2:410:2|2:1021:2
ckpt_4700.pt,2,331,0.4915042221546173,0.10733462870121002,0.4153936207294464,"32,252,4,120,183","168,183,107,172,1",2:121:2|2:126:2|2:323:2
ckpt_4700.pt,2,332,0.5672101974487305,0.123380646109581,0.41975897550582886,"136,209,36,18,137","182,52,199,99,87",2:566:2|2:3:1|2:19:1
ckpt_4700.pt,2,333,0.4899281859397888,0.08965291827917099,0.4114443361759186,"119,218,16,14,226","55,253,244,92,61",2:51:2|2:264:2|2:274:2
ckpt_4700.pt,2,334,0.48586729168891907,0.1079326644539833,0.43929535150527954,"216,191,221,165,110","150,15,252,77,78",2:150:2|2:376:2|2:835:2
ckpt_4700.pt,2,335,0.4847505986690521,0.0999322459101677,0.40766534209251404,"215,167,168,51,131","250,179,152,160,21",2:120:2|2:361:2|2:6:1
ckpt_4700.pt,2,336,0.4743480384349823,0.08890499919652939,0.3857731819152832,"161,11,101,56,224","32,173,226,175,118",2:341:2|2:495:2|2:9:1
ckpt_4700.pt,2,337,0.47855710983276367,0.10755939781665802,0.42059847712516785,"232,132,58,41,239","158,78,238,22,188",2:351:2|2:0:1|2:23:1
ckpt_4700.pt,2,338,0.4997081160545349,0.10629371553659439,0.40089020133018494,"137,187,152,2,157","153,163,63,244,248",2:71:2|2:567:2|2:869:2
ckpt_4700.pt,2,339,0.5224139094352722,0.09331408888101578,0.45139387249946594,"214,124,98,254,202","251,120,234,134,142",2:841:2|2:964:2|2:1012:2
ckpt_4700.pt,2,340,0.5105082988739014,0.10362266004085541,0.40816688537597656,"196,75,124,18,15","110,70,44,106,139",2:841:4|2:183:2|2:198:2
ckpt_4700.pt,2,341,0.5278872847557068,0.09975369274616241,0.40836742520332336,"71,224,161,17,191","69,22,16,195,176",2:289:2|2:336:2|2:366:2
ckpt_4700.pt,2,342,0.4532298147678375,0.1032666265964508,0.4103926122188568,"241,2,7,109,123","22,7,123,150,238",2:301:2|2:761:2|2:5:1
ckpt_4700.pt,2,343,0.4785742163658142,0.09597954899072647,0.40431880950927734,"19,254,195,150,166","145,253,149,164,161",2:490:2|2:737:2|2:925:2
ckpt_4700.pt,2,344,0.515299379825592,0.08992472290992737,0.43632134795188904,"182,91,112,111,234","167,62,163,147,188",2:263:2|2:389:2|2:585:2
ckpt_4700.pt,2,345,0.5303041934967041,0.09052825719118118,0.44711175560951233,"240,226,32,103,246","152,202,178,150,23",2:23:2|2:51:2|2:67:2
ckpt_4700.pt,2,346,0.48769477009773254,0.11015381664037704,0.40846097469329834,"13,112,78,66,24","34,192,170,171,97",2:263:2|2:510:2|2:640:2
ckpt_4700.pt,2,347,0.5478412508964539,0.09884940087795258,0.4718460738658905,"97,99,2,110,25","147,99,242,124,169",2:734:2|2:968:2|2:1021:2
ckpt_4700.pt,2,348,0.501788318157196,0.10010084509849548,0.43386122584342957,"245,214,123,139,15","74,77,134,155,139",2:464:2|2:21:1|2:56:1
ckpt_4700.pt,2,349,0.546420693397522,0.10844673961400986,0.44571590423583984,"85,118,105,129,235","153,60,36,249,72",2:548:2|2:811:2|2:0:1
ckpt_4700.pt,2,350,0.41628319025039673,0.07749965041875839,0.3973332345485687,"67,158,245,229,131","193,183,56,19,214",2:373:3|2:372:2|2:974:2
ckpt_4700.pt,2,351,0.530588686466217,0.11669482290744781,0.43127045035362244,"132,33,91,58,89","121,231,173,26,171",2:314:2|2:337:2|2:561:2
ckpt_4700.pt,2,352,0.500203013420105,0.09045644849538803,0.4057334065437317,"75,180,59,29,190","225,222,7,151,175",2:566:2|2:685:2|2:967:2
ckpt_4700.pt,2,353,0.5037832856178284,0.0971982553601265,0.4187798500061035,"22,79,72,202,179","225,51,3,221,157",2:563:2|2:572:2|2:643:2
ckpt_4700.pt,2,354,0.5289605259895325,0.09838247299194336,0.4272734224796295,"67,216,43,61,58","65,8,228,73,87",2:125:2|2:295:2|2:23:1
ckpt_4700.pt,2,355,0.4910878539085388,0.08433874696493149,0.41743066906929016,"218,220,255,221,0","247,250,23,144,2",2:40:2|2:213:2|2:386:2
ckpt_4700.pt,2,356,0.5434444546699524,0.09941607713699341,0.4613284170627594,"93,52,186,178,249","240,131,190,117,200",2:181:2|2:433:2|2:731:2
ckpt_4700.pt,2,357,0.5283046960830688,0.09268584847450256,0.4298418164253235,"42,60,222,242,241","232,28,58,103,62",2:80:2|2:141:2|2:228:2
ckpt_4700.pt,2,358,0.5845019817352295,0.11797981709241867,0.483391135931015,"219,133,50,119,3","140,218,132,168,246",2:544:2|2:754:2|2:17:1
ckpt_4700.pt,2,359,0.5461512804031372,0.1084175556898117,0.4613831043243408,"154,157,83,98,188","85,82,132,175,200",2:26:2|2:774:2|2:46:1
ckpt_4700.pt,2,360,0.530818521976471,0.12248195707798004,0.43181952834129333,"206,196,126,33,21","4,53,112,116,31",2:207:2|2:498:2|2:1007:2
ckpt_4700.pt,2,361,0.5303820967674255,0.10837726294994354,0.4374288320541382,"178,103,51,167,79","205,203,247,244,74",2:115:2|2:335:2|2:714:2
ckpt_4700.pt,2,362,0.5352383255958557,0.10843054205179214,0.44675248861312866,"189,213,42,247,110","246,126,79,28,49",2:239:2|2:463:2|2:673:2
ckpt_4700.pt,2,363,0.47098997235298157,0.08128813654184341,0.3913571238517761,"13,14,206,146,47","182,27,149,91,219",2:908:2|2:8:1|2:13:1
ckpt_4700.pt,2,364,0.46476680040359497,0.09479489922523499,0.4088149964809418,"217,252,29,38,60","221,235,34,13,30",2:1004:2|2:8:1|2:20:1
ckpt_4700.pt,2,365,0.5202401280403137,0.09589879214763641,0.4391441345214844,"252,87,243,233,218","61,99,24,156,83",2:940:2|2:8:1|2:9:1
ckpt_4700.pt,2,366,0.5321103930473328,0.10162976384162903,0.4454241991043091,"191,130,195,169,17","138,196,181,78,6",2:341:2|2:376:2|2:4:1
ckpt_4700.pt,2,367,0.5422006845474243,0.09354164451360703,0.4128926396369934,"48,156,202,206,144","162,11,87,129,232",2:168:2|2:217:2|2:619:2
ckpt_4700.pt,2,368,0.5526947975158691,0.14121903479099274,0.4314184784889221,"165,195,232,246,60","88,151,28,176,112",2:611:2|2:695:2|2:900:2
ckpt_4700.pt,2,369,0.549064576625824,0.08545536547899246,0.46810925006866455,"112,218,148,237,72","26,178,138,89,155",2:787:2|2:37:1|2:39:1
ckpt_4700.pt,2,370,0.5083543062210083,0.08611910045146942,0.41376298666000366,"28,80,191,48,112","99,117,88,66,155",2:198:2|2:903:2|2:916:2
ckpt_4700.pt,2,371,0.4860190749168396,0.09134805202484131,0.3657643795013428,"212,39,74,8,236","179,208,129,70,190",2:53:2|2:61:2|2:581:2
ckpt_4700.pt,2,372,0.5377711653709412,0.09410060197114944,0.4366298019886017,"132,245,39,67,96","35,173,27,51,127",2:245:2|2:350:2|2:373:2
ckpt_4700.pt,2,373,0.5362863540649414,0.10917044430971146,0.4539696276187897,"67,229,206,245,121","32,195,63,118,206",2:350:3|2:372:2|2:1021:2
ckpt_4700.pt,2,374,0.4772636592388153,0.09635987132787704,0.41306087374687195,"23,242,68,157,60","124,221,236,46,237",2:357:2|2:381:2|2:5:1
ckpt_4700.pt,2,375,0.534905731678009,0.09499155730009079,0.46155989170074463,"145,114,35,164,116","42,97,210,110,75",2:11:1|2:12:1|2:75:1
ckpt_4700.pt,2,376,0.5023021697998047,0.08688486367464066,0.4243379533290863,"15,191,130,39,221","194,43,27,173,208",2:334:2|2:366:2|2:519:2
ckpt_4700.pt,2,377,0.5245470404624939,0.09758578985929489,0.44838783144950867,"55,231,190,176,181","170,9,130,107,99",2:786:2|2:9:1|2:16:1
ckpt_4700.pt,2,378,0.49008455872535706,0.10432252287864685,0.4040634036064148,"251,19,59,155,46","108,98,75,122,249",2:723:2|2:802:2|2:874:2
ckpt_4700.pt,2,379,0.44828397035598755,0.09348145872354507,0.4246737062931061,"197,231,150,189,76","218,191,160,221,246",2:539:2|2:26:1|2:28:1
ckpt_4700.pt,2,380,0.5120844841003418,0.07909820973873138,0.43921494483947754,"57,163,247,254,147","17,211,164,39,8",2:87:2|2:665:2|2:674:2
ckpt_4700.pt,2,381,0.49094486236572266,0.09134994447231293,0.42673566937446594,"68,35,157,133,254","84,45,132,248,158",2:374:2|2:511:2|2:925:2
ckpt_4700.pt,2,382,0.5663303136825562,0.1123458594083786,0.46880003809928894,"89,242,168,59,105","59,65,92,214,58",2:773:2|2:12:1|2:14:1
ckpt_4700.pt,2,383,0.5164815187454224,0.09770186990499496,0.45675739645957947,"116,98,107,223,38","46,144,236,228,185",2:787:2|2:3:1|2:11:1
ckpt_4700.pt,2,384,0.5542933344841003,0.11355487257242203,0.4382803738117218,"245,172,23,44,142","41,23,246,30,170",2:140:2|2:416:2|2:435:2
ckpt_4700.pt,2,385,0.5145477652549744,0.10298056900501251,0.4493601620197296,"176,135,158,186,248","255,226,12,198,236",2:18:1|2:52:1|2:55:1
ckpt_4700.pt,2,386,0.5125817060470581,0.09306319057941437,0.43217000365257263,"23,52,115,221,218","250,1,114,152,20",2:355:2|2:404:2|2:415:2
ckpt_4700.pt,2,387,0.5272315144538879,0.1121409684419632,0.41752889752388,"39,18,82,142,71","162,184,149,181,62",2:12:2|2:255:2|2:266:2
ckpt_4700.pt,2,388,0.5288299322128296,0.10593418776988983,0.43840447068214417,"7,154,187,224,183","169,119,184,2,185",2:57:2|2:214:2|2:265:2
ckpt_4700.pt,2,389,0.5204242467880249,0.10576368868350983,0.4239198863506317,"112,194,115,127,111","42,53,54,148,87",2:68:2|2:191:2|2:263:2
ckpt_4700.pt,2,390,0.5305248498916626,0.09122941642999649,0.44861218333244324,"49,113,210,69,97","144,15,20,179,162",2:36:2|2:92:2|2:1:1
ckpt_4700.pt,2,391,0.5225119590759277,0.09635353833436966,0.42003482580184937,"74,131,42,166,44","142,147,37,87,240",2:7:2|2:39:2|2:226:2
ckpt_4700.pt,2,392,0.5487419962882996,0.11596031486988068,0.4535805583000183,"239,99,84,70,115","200,199,249,172,193",2:82:2|2:203:2|2:234:2
ckpt_4700.pt,2,393,0.5047426223754883,0.08323336392641068,0.41211771965026855,"78,230,68,98,146","170,17,35,179,227",2:555:2|2:640:2|2:2:1
ckpt_4700.pt,2,394,0.5202511548995972,0.09890948981046677,0.4425804316997528,"245,81,233,98,249","87,79,175,59,5",2:64:2|2:210:2|2:326:2
ckpt_4700.pt,2,395,0.48892050981521606,0.09293763339519501,0.3925570249557495,"52,197,208,16,229","106,216,147,31,207",2:443:2|2:517:2|2:558:2
ckpt_4700.pt,2,396,0.49598410725593567,0.08589112013578415,0.40693601965904236,"230,2,188,55,85","37,172,136,201,188",2:308:2|2:718:2|2:9:1
ckpt_4700.pt,2,397,0.5244448781013489,0.09153783321380615,0.4436531662940979,"137,118,150,123,228","216,215,149,69,148",2:695:2|2:813:2|2:2:1
ckpt_4700.pt,2,398,0.483236163854599,0.0817437544465065,0.4373699128627777,"58,0,251,21,202","243,71,48,86,185",2:109:2|2:626:2|2:23:1
ckpt_4700.pt,2,399,0.5040396451950073,0.07964171469211578,0.43018949031829834,"74,65,2,247,237","223,224,240,58,205",2:176:2|2:613:2|2:637:2
ckpt_4700.pt,2,400,0.4753933846950531,0.11098937690258026,0.4014235734939575,"34,23,116,7,32","191,125,0,235,134",2:929:2|2:1009:2|2:7:1
ckpt_4700.pt,2,401,0.5728330612182617,0.10477473586797714,0.48906654119491577,"252,116,31,181,13","157,100,184,247,209",2:285:2|2:846:2|2:0:1
ckpt_4700.pt,2,402,0.5042961835861206,0.10063418745994568,0.43035823106765747,"9,113,254,162,93","20,84,111,176,40",2:152:3|2:208:2|2:259:2
ckpt_4700.pt,2,403,0.4980594515800476,0.08710823953151703,0.42341920733451843,"77,62,156,4,228","82,155,18,250,97",2:4:2|2:538:2|2:732:2
ckpt_4700.pt,2,404,0.5623952746391296,0.0986921638250351,0.45574069023132324,"21,221,151,52,22","24,138,188,251,20",2:144:2|2:386:2|2:426:2
ckpt_4700.pt,2,405,0.531552255153656,0.11676929146051407,0.43570366501808167,"204,170,228,195,63","246,67,53,32,182",2:324:2|2:876:2|2:892:2
ckpt_4700.pt,2,406,0.5429441928863525,0.11459919065237045,0.4642757475376129,"245,19,65,5,171","83,41,222,232,97",2:210:2|2:506:2|2:595:2
ckpt_4700.pt,2,407,0.48487454652786255,0.09126245230436325,0.41272956132888794,"196,146,247,31,17","223,112,96,118,191",2:49:2|2:799:2|2:0:1
ckpt_4700.pt,2,408,0.49351567029953003,0.08856874704360962,0.4268164038658142,"129,108,204,138,48","162,181,68,60,73",2:327:2|2:493:2|2:598:2
ckpt_4700.pt,2,409,0.5553435683250427,0.1004570871591568,0.46055930852890015,"145,67,55,27,98","154,208,22,36,96",2:91:2|2:177:2|2:261:2
ckpt_4700.pt,2,410,0.49477094411849976,0.08778447657823563,0.3840479552745819,"95,5,40,14,181","142,171,108,144,23",2:221:2|2:330:2|2:587:2
ckpt_4700.pt,2,411,0.4622190594673157,0.09457894414663315,0.4003978669643402,"6,248,194,37,172","188,37,48,20,36",2:413:2|2:15:1|2:26:1
ckpt_4700.pt,2,412,0.47922003269195557,0.07950954139232635,0.4203137457370758,"22,106,101,191,131","206,213,62,122,230",2:554:2|2:4:1|2:6:1
ckpt_4700.pt,2,413,0.5514013171195984,0.11073440313339233,0.45614203810691833,"85,5,248,37,225","183,146,179,239,203",2:213:2|2:411:2|2:997:2
ckpt_4700.pt,2,414,0.5759868025779724,0.10273188352584839,0.42178070545196533,"131,49,221,20,234","212,7,234,60,121",2:581:2|2:868:2|2:1:1
ckpt_4700.pt,2,415,0.5162023901939392,0.08568854629993439,0.4225882291793823,"171,121,52,100,115","239,169,255,80,10",2:268:2|2:386:2|2:471:2
ckpt_4700.pt,2,416,0.4871113896369934,0.09409769624471664,0.42664697766304016,"219,110,23,29,44","136,249,19,252,142",2:149:2|2:384:2|2:754:2
ckpt_4700.pt,2,417,0.4489530920982361,0.08885422348976135,0.40577182173728943,"66,96,83,253,174","123,248,111,247,112",2:282:2|2:425:2|2:693:2
ckpt_4700.pt,2,418,0.49375733733177185,0.09987238049507141,0.4162050187587738,"34,149,167,100,82","116,78,62,21,121",2:31:2|2:292:2|2:3:1
ckpt_4700.pt,2,419,0.5218048691749573,0.08881743997335434,0.461437463760376,"147,3,115,86,78","37,186,195,184,110",2:30:2|2:543:2|2:867:2
ckpt_4700.pt,2,420,0.5033352375030518,0.10819704830646515,0.41749730706214905,"235,243,223,89,255","117,17,223,112,52",2:93:2|2:154:2|2:810:2
ckpt_4700.pt,2,421,0.5066958069801331,0.1074451208114624,0.4466303288936615,"93,108,16,126,223","217,240,248,92,160",2:32:2|2:577:2|2:731:2
ckpt_4700.pt,2,422,0.4859877824783325,0.07968292385339737,0.3968387842178345,"202,17,109,166,82","144,102,162,17,126",2:700:2|2:1012:2|2:3:1
ckpt_4700.pt,2,423,0.5671342015266418,0.10783034563064575,0.46793678402900696,"166,18,97,79,89","34,229,46,18,228",2:518:2|2:915:2|2:920:2
ckpt_4700.pt,2,424,0.5042718052864075,0.0997866690158844,0.4206550717353821,"102,196,93,48,163","142,251,7,148,133",2:33:2|2:194:2|2:212:2
ckpt_4700.pt,2,425,0.5304803252220154,0.10927000641822815,0.4516437351703644,"153,83,225,174,201","215,48,155,70,149",2:153:2|2:282:2|2:417:2
ckpt_4700.pt,2,426,0.5888683795928955,0.12342006713151932,0.4514026641845703,"147,22,239,221,150","156,113,239,117,29",2:144:3|2:309:2|2:404:2
ckpt_4700.pt,2,427,0.43810901045799255,0.10834180563688278,0.36378782987594604,"144,37,92,200,185","133,139,37,119,22",2:604:2|2:821:2|2:954:2
ckpt_4700.pt,2,428,0.4649043381214142,0.10630124062299728,0.4000881016254425,"33,96,24,163,3","247,129,76,62,35",2:21:2|2:675:2|2:684:2
ckpt_4700.pt,2,429,0.4762125313282013,0.0950278490781784,0.4018508493900299,"137,230,240,84,221","181,61,14,93,96",2:309:2|2:605:2|2:668:2
ckpt_4700.pt,2,430,0.4971899688243866,0.09802619367837906,0.42605575919151306,"179,139,115,44,32","79,138,1,63,173",2:43:2|2:95:2|2:277:2
ckpt_4700.pt,2,431,0.4906402826309204,0.08655407279729843,0.4067065417766571,"169,215,28,40,173","195,7,20,179,12",2:77:2|2:312:2|2:31:1
ckpt_4700.pt,2,432,0.5291285514831543,0.09986359626054764,0.4374655783176422,"168,185,22,110,180","219,152,108,138,41",2:503:2|2:946:2|2:12:1
ckpt_4700.pt,2,433,0.5649258494377136,0.12390509247779846,0.456653892993927,"93,52,41,148,198","194,5,142,56,95",2:356:2|2:556:2|2:731:2
ckpt_4700.pt,2,434,0.4614091217517853,0.10833378881216049,0.3520762622356415,"56,60,149,114,254","13,136,30,24,128",2:75:2|2:574:2|2:9:1
ckpt_4700.pt,2,435,0.4680042862892151,0.0817311629652977,0.35910192131996155,"17,186,245,62,23","124,69,39,16,189",2:384:2|2:819:2|2:856:2
ckpt_4700.pt,2,436,0.4772428274154663,0.08424770087003708,0.38849133253097534,"75,84,83,225,102","76,241,223,138,143",2:425:2|2:921:2|2:997:2
ckpt_4700.pt,2,437,0.5425596833229065,0.11246263235807419,0.43287011981010437,"84,144,130,189,181","25,144,13,120,53",2:692:2|2:4:1|2:16:1
ckpt_4700.pt,2,438,0.5538540482521057,0.10251028835773468,0.4451189935207367,"146,235,73,61,138","210,233,145,78,230",2:300:2|2:492:2|2:598:2
ckpt_4700.pt,2,439,0.4969404935836792,0.0847858339548111,0.37717607617378235,"62,196,93,185,241","148,158,20,185,63",2:19:2|2:33:2|2:194:2
ckpt_4700.pt,2,440,0.5371983647346497,0.11220356822013855,0.43073269724845886,"109,57,176,230,178","243,58,108,247,213",2:87:2|2:1018:2|2:5:1
ckpt_4700.pt,2,441,0.5271934270858765,0.10396946966648102,0.4196854531764984,"228,50,128,235,237","217,37,224,242,58",2:4:2|2:18:2|2:148:2
ckpt_4700.pt,2,442,0.5440461039543152,0.09096091240644455,0.41861432790756226,"72,182,121,250,159","183,146,199,103,102",2:54:2|2:95:2|2:657:2
ckpt_4700.pt,2,443,0.509899914264679,0.09788226336240768,0.4432070851325989,"225,16,52,233,66","59,253,52,35,161",2:395:2|2:558:2|2:570:2
ckpt_4700.pt,2,444,0.5468791127204895,0.09413041919469833,0.4189181327819824,"115,191,218,114,213","131,74,9,24,194",2:386:2|2:500:2|2:522:2
ckpt_4700.pt,2,445,0.5386521220207214,0.09838413447141647,0.4593042731285095,"30,227,214,42,104","67,167,22,36,68",2:586:2|2:7:1|2:15:1
ckpt_4700.pt,2,446,0.5849893689155579,0.10249672830104828,0.5074208378791809,"201,137,176,27,160","222,24,210,46,241",2:11:1|2:14:1|2:27:1
ckpt_4700.pt,2,447,0.5547564029693604,0.13046498596668243,0.4709619879722595,"202,99,51,129,29","126,110,254,190,160",2:73:2|2:108:2|2:145:2
ckpt_4700.pt,2,448,0.5234838724136353,0.09367664903402328,0.43730273842811584,"65,200,142,121,161","210,135,244,144,154",2:143:2|2:471:2|2:595:2
ckpt_4700.pt,2,449,0.5985107421875,0.11762674152851105,0.47822776436805725,"41,253,97,128,225","71,181,223,255,254",2:757:2|2:4:1|2:18:1
ckpt_4700.pt,2,450,0.4800703227519989,0.07762375473976135,0.4024052619934082,"243,242,125,117,1","175,161,109,203,136",2:647:2|2:701:2|2:940:2
ckpt_4700.pt,2,451,0.5166836380958557,0.09736787527799606,0.4420435130596161,"84,215,248,187,8","47,159,164,247,202",2:542:2|2:576:2|2:815:2
ckpt_4700.pt,2,452,0.5283375382423401,0.10819423198699951,0.4290773868560791,"240,46,229,194,7","221,207,135,218,181",2:24:2|2:211:2|2:235:2
ckpt_4700.pt,2,453,0.544163167476654,0.09930023550987244,0.4452568590641022,"108,38,196,111,115","37,18,64,103,104",2:389:2|2:29:1|2:32:1
ckpt_4700.pt,2,454,0.5208137631416321,0.10165691375732422,0.42229458689689636,"254,215,154,113,32","46,147,42,30,57",2:283:2|2:315:2|2:402:2
ckpt_4700.pt,2,455,0.47156697511672974,0.0834401324391365,0.41229248046875,"55,73,245,90,11","229,149,144,96,11",2:245:2|2:8:1|2:9:1
ckpt_4700.pt,2,456,0.5194666981697083,0.09373652935028076,0.43941256403923035,"171,156,39,125,106","67,47,253,34,223",2:4:2|2:722:2|2:16:1
ckpt_4700.pt,2,457,0.43671250343322754,0.0856262743473053,0.43473586440086365,"44,12,62,34,91","185,10,178,79,247",2:101:2|2:195:2|2:271:2
ckpt_4700.pt,2,458,0.49296805262565613,0.0926327183842659,0.4356515407562256,"161,80,254,26,97","7,247,79,177,203",2:69:2|2:231:2|2:289:2
ckpt_4700.pt,2,459,0.5380635857582092,0.09011231362819672,0.42391127347946167,"165,23,90,5,178","42,232,248,75,199",2:496:2|2:762:2|2:983:2
ckpt_4700.pt,2,460,0.51568603515625,0.1131080612540245,0.41067564487457275,"40,77,223,191,125","50,40,174,141,45",2:629:2|2:944:2|2:962:2
ckpt_4700.pt,2,461,0.543649435043335,0.0985645279288292,0.42311665415763855,"174,87,115,47,153","227,229,194,216,241",2:425:2|2:26:1|2:27:1
ckpt_4700.pt,2,462,0.5217937231063843,0.09777020663022995,0.4529097080230713,"105,58,180,113,123","4,40,161,190,18",2:23:1|2:47:1|2:67:1
ckpt_4700.pt,2,463,0.48084941506385803,0.1349676549434662,0.4123097062110901,"182,5,213,161,247","96,233,109,121,220",2:221:2|2:362:2|2:500:2
ckpt_4700.pt,2,464,0.5673052072525024,0.08947887271642685,0.4328024387359619,"8,145,245,15,95","96,69,220,169,226",2:258:2|2:348:2|2:584:2
ckpt_4700.pt,2,465,0.43724116683006287,0.09317728877067566,0.37110480666160583,"56,185,17,117,231","38,118,37,86,24",2:59:2|2:171:2|2:560:2
ckpt_4700.pt,2,466,0.5163266658782959,0.08789992332458496,0.4633854627609253,"29,98,122,144,1","201,107,88,214,142",2:783:2|2:15:1|2:20:1
ckpt_4700.pt,2,467,0.4800063669681549,0.09615620225667953,0.39614981412887573,"158,117,87,127,38","27,71,82,191,160",2:302:2|2:507:2|2:734:2
ckpt_4700.pt,2,468,0.542797327041626,0.12134028226137161,0.436455637216568,"180,248,104,112,164","97,251,20,7,227",2:114:2|2:241:2|2:809:2
ckpt_4700.pt,2,469,0.5810730457305908,0.10776236653327942,0.4559473693370819,"141,228,230,233,37","102,216,186,203,66",2:238:2|2:742:2|2:813:2
ckpt_4700.pt,2,470,0.4721646010875702,0.09876103699207306,0.36697643995285034,"35,33,93,242,245","181,116,8,190,39",2:798:2|2:888:2|2:957:2
ckpt_4700.pt,2,471,0.5821483135223389,0.10481798648834229,0.47864001989364624,"142,171,23,121,107","194,191,96,136,246",2:22:2|2:102:2|2:384:2
ckpt_4700.pt,2,472,0.5769444108009338,0.10803937166929245,0.43966248631477356,"114,211,196,124,181","212,219,233,126,127",2:136:2|2:340:2|2:841:2
ckpt_4700.pt,2,473,0.5301443934440613,0.09993031620979309,0.4313126504421234,"241,105,248,223,218","22,138,20,103,193",2:116:2|2:493:2|2:745:2
ckpt_4700.pt,2,474,0.4673064649105072,0.0836024358868599,0.4108458459377289,"47,211,20,220,51","44,25,20,174,17",2:148:2|2:730:2|2:979:2
ckpt_4700.pt,2,475,0.6031420826911926,0.1230410486459732,0.4768013656139374,"106,228,98,88,240","65,161,240,198,196",2:4:2|2:64:2|2:531:2
ckpt_4700.pt,2,476,0.5230055451393127,0.1514796018600464,0.44169047474861145,"73,217,177,141,236","210,138,58,31,69",2:992:2|2:0:1|2:28:1
ckpt_4700.pt,2,477,0.5396756529808044,0.14192786812782288,0.5044529438018799,"108,127,128,202,145","53,202,69,155,123",2:73:2|2:2:1|2:4:1
ckpt_4700.pt,2,478,0.5313490033149719,0.11127140372991562,0.43903183937072754,"239,227,191,201,171","63,201,99,196,65",2:796:2|2:956:2|2:0:1
ckpt_4700.pt,2,479,0.5780341029167175,0.12262626737356186,0.45776721835136414,"205,51,129,175,218","28,166,106,52,78",2:447:2|2:527:2|2:618:2
ckpt_4700.pt,2,480,0.46314340829849243,0.0863114520907402,0.3924916386604309,"213,74,150,85,202","196,205,6,131,94",2:35:1|2:61:1|2:73:1
ckpt_4700.pt,2,481,0.45155659317970276,0.08351999521255493,0.35415005683898926,"51,182,85,98,8","198,105,191,28,244",2:151:2|2:576:2|2:708:2
ckpt_4700.pt,2,482,0.5203149318695068,0.10321004688739777,0.44179198145866394,"3,118,15,238,70","248,36,227,158,117",2:199:2|2:30:1|2:35:1
ckpt_4700.pt,2,483,0.5147088170051575,0.10828665643930435,0.442325234413147,"51,32,237,58,92","24,32,96,98,114",2:23:2|2:148:2|2:184:2
ckpt_4700.pt,2,484,0.5010345578193665,0.08814974129199982,0.42256587743759155,"213,177,61,232,144","237,186,53,178,99",2:567:2|2:0:1|2:29:1
ckpt_4700.pt,2,485,0.5545523762702942,0.09894006699323654,0.4755949378013611,"211,122,173,235,156","120,43,64,97,52",2:912:2|2:0:1|2:4:1
ckpt_4700.pt,2,486,0.5158122777938843,0.09264243394136429,0.43382954597473145,"202,234,203,97,159","246,231,69,174,202",2:155:2|2:535:2|2:2:1
ckpt_4700.pt,2,487,0.5015543699264526,0.09172113984823227,0.4241179823875427,"226,0,54,93,92","159,249,221,89,162",2:648:2|2:758:2|2:885:2
ckpt_4700.pt,2,488,0.47173061966896057,0.08169179409742355,0.41639408469200134,"105,229,179,82,42","220,228,204,115,250",2:3:2|2:799:2|2:7:1
ckpt_4700.pt,2,489,0.4799664318561554,0.09403866529464722,0.39570167660713196,"190,96,165,168,45","169,185,27,192,213",2:919:2|2:1006:2|2:12:1
ckpt_4700.pt,2,490,0.5088802576065063,0.10010843724012375,0.44018420577049255,"19,139,254,34,222","254,59,77,149,114",2:56:2|2:343:2|2:889:2
ckpt_4700.pt,2,491,0.48884886503219604,0.1041380986571312,0.42425182461738586,"226,11,125,225,67","111,93,160,97,164",2:25:1|2:29:1|2:41:1
ckpt_4700.pt,2,492,0.5310804843902588,0.13079531490802765,0.41879576444625854,"229,146,73,74,117","82,7,145,138,30",2:61:2|2:438:2|2:880:2
ckpt_4700.pt,2,493,0.5636907815933228,0.1199624240398407,0.4442213773727417,"204,223,214,48,241","147,194,215,128,207",2:90:2|2:408:2|2:473:2
ckpt_4700.pt,2,494,0.5388364195823669,0.11822308599948883,0.4057735204696655,"212,193,128,100,44","29,32,251,121,197",2:139:2|2:190:2|2:4:1
ckpt_4700.pt,2,495,0.596945583820343,0.11901140958070755,0.5052812099456787,"36,161,43,224,157","244,171,255,117,47",2:336:2|2:341:2|2:639:2
ckpt_4700.pt,2,496,0.4994902014732361,0.0918072909116745,0.39857620000839233,"23,90,136,172,26","130,200,15,241,221",2:384:2|2:459:2|2:8:1
ckpt_4700.pt,2,497,0.47147804498672485,0.08755704760551453,0.40279054641723633,"64,94,134,209,169","229,47,12,74,9",2:200:2|2:246:2|2:3:1
ckpt_4700.pt,2,498,0.4788120687007904,0.07969030737876892,0.43933171033859253,"215,206,141,33,1","30,15,98,242,198",2:360:2|2:635:2|2:23:1
ckpt_4700.pt,2,499,0.4962746202945709,0.07633425295352936,0.41411110758781433,"131,230,241,136,0","101,7,47,92,49",2:738:2|2:745:2|2:6:1
ckpt_4700.pt,2,500,0.49954381585121155,0.0882493406534195,0.40961429476737976,"149,213,161,218,176","166,165,105,28,4",2:55:3|2:444:2|2:463:2
ckpt_4700.pt,2,501,0.48296529054641724,0.08682689070701599,0.40465375781059265,"2,126,61,161,172","11,14,48,73,175",2:760:2|2:776:2|2:6:1
ckpt_4700.pt,2,502,0.5537999272346497,0.10106878727674484,0.46850621700286865,"48,233,21,211,140","70,120,71,36,162",2:9:1|2:13:1|2:15:1
ckpt_4700.pt,2,503,0.5965654253959656,0.12881137430667877,0.4771382808685303,"168,232,97,185,33","187,168,232,96,219",2:36:2|2:105:2|2:432:2
ckpt_4700.pt,2,504,0.5066633820533752,0.07955314218997955,0.4209577739238739,"224,179,75,112,54","139,194,244,2,234",2:114:2|2:670:2|2:858:2
ckpt_4700.pt,2,505,0.6014524698257446,0.09762496501207352,0.49267759919166565,"175,199,189,207,80","17,89,126,189,45",2:630:2|2:764:2|2:6:1
ckpt_4700.pt,2,506,0.47243303060531616,0.09122584015130997,0.4063713252544403,"116,19,170,65,231","214,244,167,104,232",2:406:2|2:11:1|2:19:1
ckpt_4700.pt,2,507,0.4971506893634796,0.0965031087398529,0.4228590428829193,"7,79,87,158,68","225,100,83,224,214",2:302:2|2:467:2|2:609:2
ckpt_4700.pt,2,508,0.46341150999069214,0.11069218814373016,0.38614344596862793,"161,178,18,190,147","110,51,199,83,75",2:740:2|2:30:1|2:41:1
ckpt_4700.pt,2,509,0.4556379020214081,0.09670916199684143,0.40601009130477905,"204,80,24,61,137","19,150,230,202,80",2:65:2|2:76:2|2:164:2
ckpt_4700.pt,2,510,0.5570310354232788,0.12498929351568222,0.46324047446250916,"66,38,244,78,123","147,234,4,44,79",2:346:2|2:640:2|2:852:2
ckpt_4700.pt,2,511,0.46423789858818054,0.07807101309299469,0.4041769802570343,"157,214,133,117,90","86,13,78,137,102",2:59:2|2:138:2|2:197:2
ckpt_4700.pt,2,512,0.5386788249015808,0.09518489241600037,0.4238573908805847,"75,91,228,57,162","201,129,232,53,215",2:741:2|2:748:2|2:0:1
ckpt_4700.pt,2,513,0.5070031881332397,0.09116898477077484,0.4315231442451477,"30,180,102,95,170","96,184,215,83,211",2:865:2|2:902:2|2:20:1
ckpt_4700.pt,2,514,0.5295922160148621,0.11407823115587234,0.46300026774406433,"144,86,139,33,199","195,196,41,248,17",2:852:2|2:854:2|2:21:1
ckpt_4700.pt,2,515,0.5035552978515625,0.09449461102485657,0.3952941596508026,"226,153,212,133,71","191,4,27,218,169",2:871:2|2:7:1|2:12:1
ckpt_4700.pt,2,516,0.526207447052002,0.07935643196105957,0.44556596875190735,"221,0,151,41,178","68,231,118,17,59",2:97:2|2:213:2|2:289:2
ckpt_4700.pt,2,517,0.4831082820892334,0.0819174125790596,0.4105440080165863,"208,112,38,197,114","190,178,128,7,50",2:395:2|2:564:2|2:964:2
ckpt_4700.pt,2,518,0.4749745726585388,0.08808384835720062,0.38325172662734985,"64,11,18,166,175","248,79,98,188,253",2:275:2|2:423:2|2:713:2
ckpt_4700.pt,2,519,0.4815990626811981,0.08319562673568726,0.3933015763759613,"130,16,24,39,44","190,123,16,138,100",2:137:2|2:376:2|2:847:2
ckpt_4700.pt,2,520,0.5657110810279846,0.10249171406030655,0.45854780077934265,"149,20,28,239,229","103,142,77,124,15",2:31:2|2:211:2|2:257:2
ckpt_4700.pt,2,521,0.5481708645820618,0.11859600245952606,0.45669329166412354,"85,90,12,212,94","59,247,136,139,51",2:270:3|2:546:2|2:573:2
ckpt_4700.pt,2,522,0.5038065910339355,0.10232210159301758,0.3959783613681793,"188,53,191,72,213","12,175,240,43,203",2:444:2|2:10:1|2:17:1
ckpt_4700.pt,2,523,0.5285944938659668,0.09510131180286407,0.4317261576652527,"181,232,117,167,145","200,146,214,64,245",2:138:2|2:714:2|2:749:2
ckpt_4700.pt,2,524,0.5238952040672302,0.07925403118133545,0.47382888197898865,"237,29,152,177,20","83,90,229,97,154",2:70:2|2:176:2|2:189:2
ckpt_4700.pt,2,525,0.5639837384223938,0.13005109131336212,0.44538724422454834,"186,174,92,36,175","24,185,102,168,45",2:872:3|2:282:2|2:667:2
ckpt_4700.pt,2,526,0.5558890104293823,0.09523722529411316,0.4304841160774231,"191,252,74,69,153","2,217,216,63,71",2:8:2|2:903:2|2:17:1
ckpt_4700.pt,2,527,0.5055473446846008,0.07839174568653107,0.4028974771499634,"170,218,89,215,129","77,219,171,175,81",2:240:2|2:479:2|2:985:2
ckpt_4700.pt,2,528,0.4973644018173218,0.10770796239376068,0.4213111102581024,"223,17,183,224,48","18,86,46,96,157",2:341:2|2:388:2|2:493:2
ckpt_4700.pt,2,529,0.47499507665634155,0.08196182548999786,0.4183410108089447,"28,62,31,192,38","225,243,72,37,100",2:549:2|2:590:2|2:0:1
ckpt_4700.pt,2,530,0.5155695676803589,0.09607712179422379,0.4439627528190613,"248,133,243,128,143","242,226,81,161,163",2:18:2|2:546:2|2:4:1
ckpt_4700.pt,2,531,0.554237425327301,0.12842322885990143,0.44497403502464294,"98,240,112,121,169","34,203,2,39,93",2:64:2|2:98:2|2:475:2
ckpt_4700.pt,2,532,0.48103752732276917,0.07755162566900253,0.3988575041294098,"139,244,168,255,2","79,254,107,226,199",2:301:2|2:978:2|2:5:1
ckpt_4700.pt,2,533,0.5213516354560852,0.10771021246910095,0.44168826937675476,"189,202,191,212,67","160,91,131,73,174",2:150:2|2:807:2|2:17:1
ckpt_4700.pt,2,534,0.547924280166626,0.11105000972747803,0.45195814967155457,"96,182,9,248,7","154,239,182,208,219",2:576:2|2:724:2|2:801:2
ckpt_4700.pt,2,535,0.48092642426490784,0.08752555400133133,0.39956673979759216,"24,203,252,234,241","48,184,105,107,50",2:188:2|2:231:2|2:486:2
ckpt_4700.pt,2,536,0.5279923677444458,0.10192311555147171,0.4403877854347229,"96,73,179,186,51","229,66,38,58,236",2:952:2|2:3:1|2:21:1
ckpt_4700.pt,2,537,0.5167595148086548,0.10162700712680817,0.4051164984703064,"143,52,11,201,42","198,114,236,179,75",2:88:2|2:558:2|2:579:2
ckpt_4700.pt,2,538,0.5670453906059265,0.09800004214048386,0.4439496099948883,"242,97,77,102,228","144,180,133,174,124",2:156:2|2:403:2|2:2:1
ckpt_4700.pt,2,539,0.45769867300987244,0.08555740863084793,0.42580220103263855,"95,150,197,22,143","134,42,99,138,34",2:167:2|2:379:2|2:426:2
ckpt_4700.pt,2,540,0.540389358997345,0.0939522460103035,0.4224860370159149,"120,181,188,43,253","208,185,43,15,109",2:587:2|2:16:1|2:26:1
ckpt_4700.pt,2,541,0.5573223829269409,0.119979128241539,0.4349398612976074,"196,95,59,82,4","235,138,242,146,35",2:601:2|2:871:2|2:896:2
ckpt_4700.pt,2,542,0.5201486349105835,0.10473980754613876,0.41982948780059814,"187,31,198,215,114","49,136,242,135,240",2:78:2|2:451:2|2:706:2
ckpt_4700.pt,2,543,0.5834130048751831,0.11422447115182877,0.4486522078514099,"115,147,244,45,99","111,92,39,121,194",2:58:2|2:73:2|2:87:2
ckpt_4700.pt,2,544,0.4791661500930786,0.10644513368606567,0.38600999116897583,"124,131,83,133,219","136,217,84,230,184",2:358:2|2:754:2|2:873:2
ckpt_4700.pt,2,545,0.531316876411438,0.10512483865022659,0.4364478588104248,"154,62,160,54,234","195,9,103,3,173",2:186:2|2:608:2|2:10:1
ckpt_4700.pt,2,546,0.5734038352966309,0.1244867593050003,0.47927430272102356,"248,243,86,90,212","80,197,90,246,2",2:521:2|2:530:2|2:568:2
ckpt_4700.pt,2,547,0.5429014563560486,0.10611666738986969,0.4428565204143524,"28,96,212,199,157","229,5,225,61,199",2:634:2|2:952:2|2:21:1
ckpt_4700.pt,2,548,0.49303412437438965,0.08983223140239716,0.4355908930301666,"143,85,239,129,29","36,68,196,235,133",2:214:2|2:256:2|2:349:2
ckpt_4700.pt,2,549,0.565777599811554,0.10351830720901489,0.46418407559394836,"38,24,187,20,28","34,125,196,134,177",2:137:2|2:164:2|2:520:2
ckpt_4700.pt,2,550,0.5042359232902527,0.09061270207166672,0.4547167420387268,"73,42,43,187,123","80,244,125,128,77",2:125:2|2:553:2|2:744:2
ckpt_4700.pt,2,551,0.6139739155769348,0.10135667771100998,0.4951980710029602,"222,107,77,35,205","110,91,118,149,137",2:118:2|2:299:2|2:600:2
ckpt_4700.pt,2,552,0.5553234219551086,0.0906389057636261,0.4391244649887085,"145,174,94,150,53","155,222,233,229,81",2:10:1|2:17:1|2:21:1
ckpt_4700.pt,2,553,0.527370274066925,0.10098060220479965,0.44755351543426514,"123,128,182,187,219","91,162,44,170,154",2:67:2|2:550:2|2:972:2
ckpt_4700.pt,2,554,0.49149027466773987,0.0865786075592041,0.4204244315624237,"13,255,3,191,22","83,127,104,178,11",2:412:2|2:1006:2|2:5:1
ckpt_4700.pt,2,555,0.533584713935852,0.09376085549592972,0.4390096068382263,"252,125,78,230,9","99,221,85,83,197",2:249:2|2:393:2|2:591:2
ckpt_4700.pt,2,556,0.5651793479919434,0.10793367028236389,0.4451815187931061,"5,230,13,198,41","69,80,71,149,161",2:433:2|2:582:2|2:924:2
ckpt_4700.pt,2,557,0.5517716407775879,0.09627099335193634,0.4504222273826599,"13,69,234,174,250","75,24,101,100,68",2:13:2|2:158:2|2:582:2
ckpt_4700.pt,2,558,0.5234712362289429,0.10340207815170288,0.43105942010879517,"57,143,241,52,16","114,99,121,250,4",2:88:2|2:395:2|2:443:2
ckpt_4700.pt,2,559,0.46802374720573425,0.09966875612735748,0.39413756132125854,"2,13,127,18,240","196,244,8,127,73",2:698:2|2:2:1|2:8:1
ckpt_4700.pt,2,560,0.7148993015289307,0.1270301789045334,0.5431028604507446,"175,231,107,17,140","145,250,16,213,132",2:465:2|2:599:2|2:677:2
ckpt_4700.pt,2,561,0.5370508432388306,0.09674932062625885,0.4483240842819214,"187,91,18,213,132","5,46,248,40,6",2:71:2|2:351:2|2:621:2
ckpt_4700.pt,2,562,0.4835110902786255,0.08749169856309891,0.41707226634025574,"144,223,97,136,216","84,109,106,201,146",2:915:2|2:3:1|2:14:1
ckpt_4700.pt,2,563,0.5291439294815063,0.09812144935131073,0.4528675973415375,"10,95,79,22,154","167,111,112,18,201",2:353:2|2:539:2|2:20:1
ckpt_4700.pt,2,564,0.4993394911289215,0.11927654594182968,0.3923492431640625,"197,112,162,20,31","230,12,131,247,191",2:28:2|2:517:2|2:800:2
ckpt_4700.pt,2,565,0.5532035827636719,0.08436181396245956,0.4308134615421295,"58,156,200,93,118","203,207,39,118,87",2:633:2|2:4:1|2:23:1
ckpt_4700.pt,2,566,0.5248208045959473,0.1151735857129097,0.4307856559753418,"190,75,209,36,42","145,24,108,203,204",2:332:2|2:352:2|2:811:2
ckpt_4700.pt,2,567,0.5519545078277588,0.09294991195201874,0.43961480259895325,"213,157,137,144,249","163,203,123,232,8",2:338:2|2:484:2|2:45:1
ckpt_4700.pt,2,568,0.5222522020339966,0.11519722640514374,0.42801082134246826,"243,182,253,236,90","110,199,83,40,66",2:40:2|2:546:2|2:797:2
ckpt_4700.pt,2,569,0.4811066687107086,0.09023181349039078,0.3984143137931824,"152,191,132,177,162","26,183,238,90,71",2:71:2|2:161:2|2:163:2
ckpt_4700.pt,2,570,0.4803328216075897,0.0878085121512413,0.37104398012161255,"233,118,124,155,225","201,209,217,237,3",2:443:2|2:1:1|2:15:1
ckpt_4700.pt,2,571,0.46285122632980347,0.08257031440734863,0.4074438512325287,"232,78,178,227,187","44,36,40,216,178",2:71:2|2:594:2|2:2:1
ckpt_4700.pt,2,572,0.4911392629146576,0.10348603129386902,0.4179542660713196,"181,79,42,111,72","67,125,249,36,38",2:353:2|2:714:2|2:814:2
ckpt_4700.pt,2,573,0.5695827007293701,0.09179714322090149,0.405704528093338,"253,250,3,212,94","27,1,143,57,142",2:74:2|2:521:2|2:601:2
ckpt_4700.pt,2,574,0.45738548040390015,0.08687953650951385,0.3784950375556946,"39,56,72,149,40","179,20,201,183,244",2:77:2|2:434:2|2:9:1
ckpt_4700.pt,2,575,0.5114928483963013,0.0931577980518341,0.4361821413040161,"226,44,152,171,192","226,175,8,73,19",2:70:2|2:236:2|2:303:2
ckpt_4700.pt,2,576,0.5683077573776245,0.09798532724380493,0.4756554365158081,"248,188,8,182,93","125,87,52,78,230",2:67:2|2:451:2|2:481:2
ckpt_4700.pt,2,577,0.530331552028656,0.12413765490055084,0.43115589022636414,"223,212,108,6,179","12,145,169,22,41",2:3:2|2:32:2|2:131:2
ckpt_4700.pt,2,578,0.4930204153060913,0.10473749041557312,0.3972400426864624,"10,222,156,117,98","89,212,63,144,224",2:118:2|2:229:2|2:633:2
ckpt_4700.pt,2,579,0.49956855177879333,0.1135723888874054,0.39784756302833557,"32,201,230,168,143","182,127,211,204,79",2:291:2|2:537:2|2:1009:2
ckpt_4700.pt,2,580,0.47231772541999817,0.08458232134580612,0.40543511509895325,"149,164,52,27,64","17,21,152,108,50",2:27:1|2:29:1|2:31:1
ckpt_4700.pt,2,581,0.5144914388656616,0.09728028625249863,0.4326222538948059,"47,236,49,131,74","131,62,53,67,230",2:371:2|2:391:2|2:414:2
ckpt_4700.pt,2,582,0.5155777931213379,0.07696128636598587,0.44427722692489624,"131,198,223,69,13","51,55,140,91,136",2:14:2|2:556:2|2:557:2
ckpt_4700.pt,2,583,0.5149261355400085,0.08715475350618362,0.40666571259498596,"198,161,7,237,81","218,223,74,29,157",2:69:2|2:733:2|2:1:1
ckpt_4700.pt,2,584,0.5749716758728027,0.10148054361343384,0.4802509844303131,"245,138,250,1,8","5,122,117,4,203",2:74:2|2:207:2|2:464:2
ckpt_4700.pt,2,585,0.4624162018299103,0.10190615057945251,0.40199801325798035,"167,21,255,111,91","63,39,153,239,75",2:263:2|2:344:2|2:886:2
ckpt_4700.pt,2,586,0.4985398054122925,0.10262548178434372,0.4185976982116699,"23,119,30,82,227","112,136,93,96,202",2:445:2|2:1002:2|2:3:1
ckpt_4700.pt,2,587,0.5259779691696167,0.09767190366983414,0.4383887052536011,"14,181,253,24,142","250,135,156,47,17",2:255:2|2:410:2|2:540:2
ckpt_4700.pt,2,588,0.5395278930664062,0.09564357995986938,0.44459471106529236,"87,92,26,160,78","197,137,223,76,86",2:242:2|2:594:2|2:2:1
ckpt_4700.pt,2,589,0.5528082847595215,0.0932452529668808,0.4571310877799988,"126,251,117,112,30","178,92,88,94,93",2:610:2|2:864:2|2:6:1
ckpt_4700.pt,2,590,0.519585371017456,0.09092742949724197,0.4202265441417694,"31,139,47,29,192","174,190,78,21,196",2:56:2|2:148:2|2:529:2
ckpt_4700.pt,2,591,0.45746755599975586,0.08523562550544739,0.35643908381462097,"224,78,194,9,77","93,57,7,53,148",2:110:2|2:124:2|2:195:2
ckpt_4700.pt,2,592,0.5416573882102966,0.11104677617549896,0.46865391731262207,"96,75,78,124,27","153,11,240,176,102",2:106:2|2:177:2|2:198:2
ckpt_4700.pt,2,593,0.5613878965377808,0.09397269785404205,0.46326643228530884,"71,196,142,131,202","239,151,99,254,255",2:6:2|2:7:2|2:109:2
ckpt_4700.pt,2,594,0.5079423189163208,0.0777709037065506,0.43671295046806335,"92,178,199,78,216","171,89,7,111,50",2:571:2|2:588:2|2:2:1
ckpt_4700.pt,2,595,0.501063346862793,0.10527128726243973,0.39947712421417236,"130,171,216,65,161","13,68,168,108,117",2:100:2|2:406:2|2:448:2
ckpt_4700.pt,2,596,0.560684084892273,0.10330703109502792,0.4699287712574005,"35,154,11,50,231","67,230,205,66,213",2:185:2|2:843:2|2:18:1
ckpt_4700.pt,2,597,0.5257452130317688,0.10215633362531662,0.40698954463005066,"140,255,131,220,242","64,94,219,37,9",2:20:2|2:355:2|2:5:1
ckpt_4700.pt,2,598,0.5863383412361145,0.10165471583604813,0.46402275562286377,"73,138,154,21,108","199,53,172,213,226",2:300:2|2:408:2|2:438:2
ckpt_4700.pt,2,599,0.4703354239463806,0.09650526195764542,0.40622246265411377,"231,107,151,32,42","237,253,30,244,113",2:7:2|2:297:2|2:560:2
ckpt_4700.pt,2,600,0.4977883994579315,0.11143399775028229,0.4182880222797394,"99,146,107,136,222","31,82,247,55,233",2:551:2|2:955:2|2:15:1
ckpt_4700.pt,2,601,0.526249885559082,0.11364546418190002,0.42217326164245605,"196,212,3,95,190","226,19,150,101,108",2:541:2|2:573:2|2:20:1
ckpt_4700.pt,2,602,0.556306779384613,0.09003816545009613,0.44378334283828735,"41,42,101,18,33","117,215,112,74,7",2:158:2|2:228:2|2:854:2
ckpt_4700.pt,2,603,0.519009530544281,0.08716637641191483,0.41613471508026123,"219,183,62,40,146","3,227,167,90,237",2:237:2|2:870:2|2:973:2
ckpt_4700.pt,2,604,0.5287784934043884,0.1043822169303894,0.43332722783088684,"185,175,43,223,37","7,211,152,122,28",2:172:2|2:247:2|2:427:2
ckpt_4700.pt,2,605,0.5200750827789307,0.11350121349096298,0.4589410424232483,"1,240,112,230,86","55,31,21,255,144",2:429:2|2:531:2|2:676:2
ckpt_4700.pt,2,606,0.48316383361816406,0.08978305011987686,0.4212946593761444,"172,198,10,96,35","250,55,206,94,183",2:1:1|2:15:1|2:21:1
ckpt_4700.pt,2,607,0.5434620976448059,0.1093536913394928,0.45352786779403687,"15,212,119,163,75","6,255,204,223,51",2:60:2|2:340:2|2:612:2
ckpt_4700.pt,2,608,0.5575693845748901,0.11614396423101425,0.4444549083709717,"53,154,62,71,69","156,15,161,193,224",2:545:2|2:866:2|2:7:1
ckpt_4700.pt,2,609,0.4700072407722473,0.0845038890838623,0.3707720935344696,"87,29,236,68,159","128,229,204,255,64",2:224:2|2:254:2|2:507:2
ckpt_4700.pt,2,610,0.5433311462402344,0.1058921068906784,0.4143074154853821,"112,120,121,113,126","17,51,202,6,19",2:34:2|2:133:2|2:149:2
ckpt_4700.pt,2,611,0.4568418562412262,0.0741676613688469,0.3836280405521393,"121,232,163,246,109","160,56,28,147,35",2:201:2|2:368:2|2:771:2
ckpt_4700.pt,2,612,0.5700074434280396,0.09553933888673782,0.4549112915992737,"15,89,75,115,73","35,53,167,78,179",2:300:2|2:340:2|2:607:2
ckpt_4700.pt,2,613,0.5385914444923401,0.09254934638738632,0.4360851049423218,"247,159,33,65,117","50,89,40,209,125",2:278:3|2:138:2|2:399:2
ckpt_4700.pt,2,614,0.5364292860031128,0.08655954897403717,0.4229651987552643,"163,58,241,52,28","62,128,162,125,76",2:137:2|2:558:2|2:675:2
ckpt_4700.pt,2,615,0.4895409047603607,0.09505775570869446,0.42133912444114685,"237,182,11,233,104","121,194,87,144,6",2:15:2|2:743:2|2:14:1
ckpt_4700.pt,2,616,0.4659881889820099,0.07509896904230118,0.4071303606033325,"224,166,213,70,13","179,45,240,236,252",2:698:2|2:820:2|2:13:1
ckpt_4700.pt,2,617,0.5515872836112976,0.10463413596153259,0.46580034494400024,"74,204,71,6,168","144,99,253,63,114",2:12:2|2:252:2|2:7:1
ckpt_4700.pt,2,618,0.5008245706558228,0.09325185418128967,0.41332584619522095,"218,111,213,4,205","215,87,174,141,162",2:68:2|2:444:2|2:479:2
ckpt_4700.pt,2,619,0.590984046459198,0.10968896001577377,0.4554423987865448,"6,8,53,206,156","15,21,200,172,114",2:32:2|2:168:2|2:367:2
ckpt_4700.pt,2,620,0.5027899146080017,0.08331166207790375,0.41615039110183716,"67,7,5,8,70","197,68,158,213,237",2:698:2|2:750:2|2:997:2
ckpt_4700.pt,2,621,0.5529330968856812,0.0933331549167633,0.45459461212158203,"213,81,28,18,160","85,51,201,3,66",2:130:2|2:561:2|2:699:2
ckpt_4700.pt,2,622,0.5260613560676575,0.11785194277763367,0.4585215151309967,"22,193,52,146,6","146,232,230,43,238",2:144:2|2:404:2|2:32:1
ckpt_4700.pt,2,623,0.505927324295044,0.0914275050163269,0.42889857292175293,"153,103,100,2,84","246,199,58,236,2",2:115:2|2:190:2|2:301:2
ckpt_4700.pt,2,624,0.5082520842552185,0.08204203844070435,0.4490136504173279,"244,87,167,4,3","99,107,141,64,60",2:833:2|2:922:2|2:1006:2
ckpt_4700.pt,2,625,0.5417435169219971,0.09483740478754044,0.42861855030059814,"163,243,71,206,225","142,24,232,23,21",2:44:2|2:153:2|2:674:2
ckpt_4700.pt,2,626,0.5013624429702759,0.08059453964233398,0.42433857917785645,"0,51,21,169,154","79,219,223,39,0",2:398:2|2:598:2|2:645:2
ckpt_4700.pt,2,627,0.5302527546882629,0.08941593021154404,0.44754329323768616,"73,13,207,218,135","135,188,216,219,11",2:6:1|2:13:1|2:14:1
ckpt_4700.pt,2,628,0.525594174861908,0.1106775626540184,0.4192057251930237,"61,204,206,35,73","132,218,45,141,185",2:438:2|2:509:2|2:641:2
ckpt_4700.pt,2,629,0.5101910829544067,0.09395928680896759,0.43446865677833557,"4,168,223,114,191","240,126,252,169,61",2:12:2|2:14:2|2:216:2
ckpt_4700.pt,2,630,0.5468600988388062,0.08822012692689896,0.4468390941619873,"119,207,80,11,75","232,185,169,191,36",2:198:2|2:277:2|2:505:2
ckpt_4700.pt,2,631,0.5379294157028198,0.09965509176254272,0.41578564047813416,"66,57,217,200,85","128,85,154,165,91",2:308:2|2:31:1|2:44:1
ckpt_4700.pt,2,632,0.5438607931137085,0.12013493478298187,0.4016275405883789,"164,196,50,144,48","244,65,195,93,118",2:232:2|2:329:2|2:367:2
ckpt_4700.pt,2,633,0.574804425239563,0.0869932472705841,0.4847802221775055,"156,200,98,240,34","245,119,107,233,126",2:64:2|2:261:2|2:475:2
ckpt_4700.pt,2,634,0.48809701204299927,0.08603551983833313,0.4605368375778198,"204,137,28,60,96","89,216,12,22,235",2:76:2|2:134:2|2:509:2
ckpt_4700.pt,2,635,0.5096922516822815,0.10007421672344208,0.41492947936058044,"40,33,224,26,141","122,118,57,110,226",2:498:2|2:35:1|2:52:1
ckpt_4700.pt,2,636,0.4846786558628082,0.10309629887342453,0.42679283022880554,"71,228,174,18,207","95,34,255,249,8",2:158:2|2:199:2|2:387:2
ckpt_4700.pt,2,637,0.5650470852851868,0.1057814210653305,0.4456460177898407,"74,31,65,240,12","168,45,71,93,234",2:285:2|2:399:2|2:699:2
ckpt_4700.pt,2,638,0.5162386894226074,0.09586580097675323,0.43627187609672546,"243,201,142,200,159","126,147,3,26,81",2:139:2|2:448:2|2:696:2
ckpt_4700.pt,2,639,0.5562726259231567,0.08681867271661758,0.44772347807884216,"90,36,224,194,146","190,112,107,39,104",2:495:2|2:591:2|2:796:2
ckpt_4700.pt,2,640,0.4539135694503784,0.09284287691116333,0.39269688725471497,"78,124,145,66,68","115,167,182,232,66",2:268:2|2:346:2|2:393:2
ckpt_4700.pt,2,641,0.47781357169151306,0.08982717990875244,0.39886268973350525,"204,143,180,73,28","194,224,86,126,46",2:322:2|2:628:2|2:634:2
ckpt_4700.pt,2,642,0.5025505423545837,0.0957198292016983,0.39463555812835693,"247,9,211,66,74","167,10,23,205,223",2:99:2|2:243:2|2:399:2
ckpt_4700.pt,2,643,0.5351151823997498,0.09826848655939102,0.45932772755622864,"133,232,72,179,173","114,121,131,172,115",2:251:2|2:312:2|2:353:2
ckpt_4700.pt,2,644,0.523337185382843,0.10109161585569382,0.44910866022109985,"11,15,246,53,180","107,173,58,188,227",2:10:2|2:215:2|2:21:1
ckpt_4700.pt,2,645,0.6043152213096619,0.10154511034488678,0.47470518946647644,"176,246,154,251,169","255,123,178,162,183",2:626:2|2:851:2|2:10:1
ckpt_4700.pt,2,646,0.43992719054222107,0.08962418138980865,0.416736900806427,"152,105,24,125,194","56,33,52,13,133",2:307:2|2:648:2|2:869:2
ckpt_4700.pt,2,647,0.5461887121200562,0.09996600449085236,0.46206215023994446,"92,1,117,72,161","239,119,80,162,83",2:193:2|2:450:2|2:23:1
ckpt_4700.pt,2,648,0.491571307182312,0.09539058804512024,0.4091917872428894,"240,194,0,125,93","237,191,201,54,96",2:176:2|2:267:2|2:307:2
ckpt_4700.pt,2,649,0.5532560348510742,0.14000016450881958,0.4805167317390442,"60,138,172,176,75","67,218,2,40,106",2:225:2|2:327:2|2:1013:2
ckpt_4700.pt,2,650,0.5363913774490356,0.09639675170183182,0.40423959493637085,"123,57,183,111,28","90,97,165,139,125",2:31:1|2:38:1|2:46:1
ckpt_4700.pt,2,651,0.49471408128738403,0.09419174492359161,0.3708753287792206,"179,80,157,56,44","248,137,196,156,223",2:316:2|2:430:2|2:911:2
ckpt_4700.pt,2,652,0.5415840744972229,0.09423302114009857,0.44298070669174194,"176,82,147,141,124","31,119,34,65,106",2:87:2|2:286:2|2:682:2
ckpt_4700.pt,2,653,0.5830513834953308,0.09546377509832382,0.45589587092399597,"32,176,111,87,64","137,31,160,65,169",2:129:2|2:7:1|2:23:1
ckpt_4700.pt,2,654,0.5095797777175903,0.10583442449569702,0.43717464804649353,"198,53,247,113,214","242,93,104,96,95",2:133:2|2:215:2|2:262:2
ckpt_4700.pt,2,655,0.46629834175109863,0.10063304752111435,0.39845776557922363,"19,124,229,232,64","136,11,33,67,133",2:1:1|2:11:1|2:13:1
ckpt_4700.pt,2,656,0.49890682101249695,0.10866820067167282,0.3998587727546692,"79,198,46,16,191","163,252,89,249,202",2:38:2|2:217:2|2:959:2
ckpt_4700.pt,2,657,0.5182810425758362,0.09856955707073212,0.43032392859458923,"223,72,17,226,121","142,48,166,224,92",2:442:2|2:528:2|2:814:2
ckpt_4700.pt,2,658,0.5474991798400879,0.11113891005516052,0.4538862705230713,"143,55,63,226,106","35,85,11,15,232",2:51:2|2:812:2|2:4:1
ckpt_4700.pt,2,659,0.4754970669746399,0.08109164237976074,0.40793174505233765,"221,126,26,37,153","180,141,195,44,157",2:755:2|2:869:2|2:6:1
ckpt_4700.pt,2,660,0.4743453562259674,0.10383220762014389,0.3774612843990326,"138,121,111,201,141","128,116,100,85,117",2:68:2|2:286:2|2:310:2
ckpt_4700.pt,2,661,0.55329430103302,0.13115845620632172,0.4803456962108612,"4,105,254,51,84","53,74,217,194,170",2:745:2|2:788:2|2:979:2
ckpt_4700.pt,2,662,0.4513548016548157,0.07914344221353531,0.39521849155426025,"126,180,4,140,143","251,194,116,96,27",2:641:2|2:6:1|2:7:1
ckpt_4700.pt,2,663,0.4797753095626831,0.08850083500146866,0.3948223292827606,"166,85,136,210,251","215,73,101,6,34",2:275:2|2:64:1|2:101:1
ckpt_4700.pt,2,664,0.5143323540687561,0.11155355721712112,0.43813037872314453,"175,27,19,12,226","37,136,102,200,90",2:1:1|2:10:1|2:19:1
ckpt_4700.pt,2,665,0.5423298478126526,0.1040995791554451,0.4470054507255554,"36,73,147,133,57","118,102,57,221,27",2:87:2|2:138:2|2:380:2
ckpt_4700.pt,2,666,0.46358466148376465,0.11485350131988525,0.400111585855484,"149,54,239,162,252","184,46,204,27,102",2:318:2|2:520:2|2:741:2
ckpt_4700.pt,2,667,0.5480433106422424,0.10532107949256897,0.4313434660434723,"208,174,121,48,36","158,108,196,69,46",2:525:2|2:13:1|2:19:1
ckpt_4700.pt,2,668,0.5637070536613464,0.12655168771743774,0.44051533937454224,"84,34,65,81,221","54,140,162,144,56",2:48:2|2:429:2|2:738:2
ckpt_4700.pt,2,669,0.5407938361167908,0.10168397426605225,0.4294826090335846,"95,200,110,62,248","207,176,196,67,221",2:870:3|2:19:1|2:20:1
ckpt_4700.pt,2,670,0.6137832999229431,0.12673865258693695,0.4780818521976471,"74,118,112,224,227","12,242,16,81,176",2:35:2|2:57:2|2:99:2
ckpt_4700.pt,2,671,0.5730966329574585,0.1144389808177948,0.4614332318305969,"186,162,188,201,127","124,126,252,180,77",2:113:2|2:270:2|2:904:2
ckpt_4700.pt,2,672,0.5763007998466492,0.09629786759614944,0.47511330246925354,"219,151,6,32,234","78,162,25,27,39",2:11:2|2:599:2|2:772:2
ckpt_4700.pt,2,673,0.48876088857650757,0.09338728338479996,0.4050416350364685,"110,247,52,60,76","171,11,113,28,142",2:362:2|2:739:2|2:42:1
ckpt_4700.pt,2,674,0.48116809129714966,0.0989164263010025,0.39435291290283203,"248,206,147,150,163","233,41,25,175,173",2:380:2|2:426:2|2:625:2
ckpt_4700.pt,2,675,0.49790966510772705,0.09066781401634216,0.4196355938911438,"241,96,160,211,163","3,254,15,33,148",2:428:2|2:614:2|2:966:2
ckpt_4700.pt,2,676,0.46956518292427063,0.08461012691259384,0.38159987330436707,"159,70,112,86,155","47,243,138,141,180",2:230:2|2:234:2|2:605:2
ckpt_4700.pt,2,677,0.514034628868103,0.10522778332233429,0.44397467374801636,"175,17,35,200,71","38,173,111,226,129",2:44:2|2:341:2|2:560:2
ckpt_4700.pt,2,678,0.4900795519351959,0.08689872175455093,0.4199317991733551,"223,178,117,184,234","107,103,205,253,56",2:181:2|2:269:2|2:3:1
ckpt_4700.pt,2,679,0.45935505628585815,0.10978887975215912,0.40984150767326355,"113,137,245,172,178","48,218,94,138,195",2:133:2|2:140:2|2:384:2
ckpt_4700.pt,2,680,0.5287831425666809,0.08855781704187393,0.46310505270957947,"31,72,115,167,105","255,83,151,207,94",2:95:2|2:115:2|2:749:2
ckpt_4700.pt,2,681,0.5349850058555603,0.09447917342185974,0.44483909010887146,"184,202,42,40,57","59,212,191,165,11",2:193:2|2:797:2|2:962:2
ckpt_4700.pt,2,682,0.5491713285446167,0.1057296171784401,0.4492107331752777,"184,124,147,80,17","195,154,3,232,235",2:33:2|2:87:2|2:198:2
ckpt_4700.pt,2,683,0.5190235376358032,0.08489350974559784,0.4256249666213989,"25,184,248,137,28","133,151,87,24,221",2:116:2|2:634:2|2:820:2
ckpt_4700.pt,2,684,0.5416416525840759,0.0996355339884758,0.4315466582775116,"185,163,228,3,247","125,71,191,146,121",2:238:2|2:380:2|2:428:2
ckpt_4700.pt,2,685,0.5119571089744568,0.09458417445421219,0.45644253492355347,"63,29,241,203,75","214,9,104,39,111",2:231:2|2:352:2|2:535:2
ckpt_4700.pt,2,686,0.4634190797805786,0.09292253851890564,0.36772891879081726,"7,236,209,24,57","174,122,251,111,246",2:24:2|2:151:2|2:235:2
ckpt_4700.pt,2,687,0.5482923984527588,0.1253524124622345,0.4372246563434601,"29,251,88,113,106","68,188,9,145,154",2:475:2|2:4:1|2:20:1
ckpt_4700.pt,2,688,0.5149405002593994,0.100401371717453,0.4262458086013794,"52,108,94,24,32","202,217,180,205,102",2:129:2|2:731:2|2:844:2
ckpt_4700.pt,2,689,0.519341766834259,0.09953492134809494,0.4154070019721985,"7,177,220,46,28","229,85,131,76,244",2:24:2|2:130:2|2:452:2
ckpt_4700.pt,2,690,0.5624114871025085,0.12666715681552887,0.4645742177963257,"64,196,24,1,252","228,28,234,108,127",2:183:2|2:207:2|2:535:2
ckpt_4700.pt,2,691,0.5088520050048828,0.08855139464139938,0.4342391788959503,"61,48,225,149,1","55,149,82,190,63",2:205:2|2:755:2|2:757:2
ckpt_4700.pt,2,692,0.5560421347618103,0.11335219442844391,0.44278785586357117,"181,144,138,71,159","94,83,233,219,138",2:146:2|2:437:2|2:2:1
ckpt_4700.pt,2,693,0.473000705242157,0.10251648724079132,0.3919864296913147,"8,66,255,174,188","197,32,233,191,243",2:417:2|2:576:2|2:718:2
ckpt_4700.pt,2,694,0.5460957884788513,0.1226046085357666,0.4582670032978058,"88,1,124,96,42","248,148,99,87,42",2:47:2|2:106:2|2:165:2
ckpt_4700.pt,2,695,0.5613937973976135,0.1006711795926094,0.4119652807712555,"232,137,8,165,228","90,92,159,210,204",2:368:2|2:397:2|2:2:1
ckpt_4700.pt,2,696,0.4841320514678955,0.08970276266336441,0.4072931408882141,"142,50,200,222,111","255,3,196,183,249",2:141:2|2:448:2|2:638:2
ckpt_4700.pt,2,697,0.5522729754447937,0.10457420349121094,0.3914699852466583,"179,62,67,223,10","2,23,188,48,253",2:3:2|2:154:2|2:577:2
ckpt_4700.pt,2,698,0.5531526207923889,0.0925249233841896,0.4463415741920471,"67,240,13,142,70","223,122,53,23,127",2:559:2|2:616:2|2:620:2
ckpt_4700.pt,2,699,0.4747660160064697,0.10996745526790619,0.3944450318813324,"12,134,240,160,28","117,240,132,92,56",2:621:2|2:637:2|2:959:2
ckpt_4700.pt,2,700,0.5179482698440552,0.09645343571901321,0.4465204179286957,"33,116,166,236,17","194,143,247,242,245",2:422:2|2:11:1|2:16:1
ckpt_4700.pt,2,701,0.5274531245231628,0.10271181166172028,0.40763166546821594,"117,221,222,242,103","201,127,211,197,16",2:171:2|2:276:2|2:357:2
ckpt_4700.pt,2,702,0.5867559909820557,0.0932757556438446,0.49799972772598267,"193,215,126,99,60","79,205,96,146,5",2:178:2|2:760:2|2:969:2
ckpt_4700.pt,2,703,0.4808787703514099,0.08426862955093384,0.4314540922641754,"128,173,80,124,252","53,82,180,68,18",2:198:2|2:682:2|2:1:1
ckpt_4700.pt,2,704,0.5236201882362366,0.11048002541065216,0.4395386874675751,"143,44,31,228,241","178,36,23,161,191",2:39:2|2:558:2|2:0:1
ckpt_4700.pt,2,705,0.44340071082115173,0.07435502111911774,0.36651185154914856,"9,185,48,65,47","145,176,1,27,200",2:288:2|2:721:2|2:803:2
ckpt_4700.pt,2,706,0.5005161762237549,0.09084159135818481,0.4154086410999298,"104,198,114,66,127","220,31,214,19,27",2:542:2|2:845:2|2:1:1
ckpt_4700.pt,2,707,0.5445560216903687,0.09982509911060333,0.4505625069141388,"173,196,12,119,14","191,87,248,198,17",2:260:2|2:333:2|2:1:1
ckpt_4700.pt,2,708,0.4887257218360901,0.08882156759500504,0.4285966157913208,"182,213,55,89,8","148,78,241,196,147",2:258:2|2:463:2|2:481:2
ckpt_4700.pt,2,709,0.6001509428024292,0.11689522117376328,0.4883792996406555,"194,95,16,143,136","154,79,247,171,78",2:123:2|2:539:2|2:558:2
ckpt_4700.pt,2,710,0.4930942952632904,0.11003366857767105,0.4074024558067322,"103,175,243,121,144","8,177,167,189,230",2:22:2|2:93:2|2:220:2
ckpt_4700.pt,2,711,0.5828146934509277,0.09865642338991165,0.428465336561203,"110,32,231,103,36","208,99,126,171,12",2:23:2|2:345:2|2:599:2
ckpt_4700.pt,2,712,0.5259421467781067,0.09413125365972519,0.41365793347358704,"91,127,220,144,180","5,138,234,166,132",2:146:2|2:296:2|2:809:2
ckpt_4700.pt,2,713,0.49483543634414673,0.10042016208171844,0.41407695412635803,"175,125,18,139,70","53,100,224,180,188",2:199:2|2:228:2|2:518:2
ckpt_4700.pt,2,714,0.517197847366333,0.0913374274969101,0.4524073600769043,"79,181,242,232,103","107,254,216,232,181",2:156:2|2:361:2|2:523:2
ckpt_4700.pt,2,715,0.5161184072494507,0.0985705628991127,0.4204166531562805,"70,0,229,108,243","14,123,7,133,239",2:32:2|2:956:2|2:969:2
ckpt_4700.pt,2,716,0.4875152111053467,0.09947044402360916,0.4193923771381378,"247,211,84,184,159","17,219,117,54,28",2:243:2|2:325:2|2:613:2
ckpt_4700.pt,2,717,0.5458945631980896,0.10894908010959625,0.4461940824985504,"196,107,218,56,48","214,163,142,230,206",2:205:2|2:319:2|2:424:2
ckpt_4700.pt,2,718,0.5621209740638733,0.08595526218414307,0.4557591676712036,"188,55,255,0,36","113,174,146,152,42",2:355:2|2:396:2|2:693:2
ckpt_4700.pt,2,719,0.4934042990207672,0.09611230343580246,0.41170716285705566,"93,78,217,152,251","209,181,252,6,186",2:71:2|2:756:2|2:2:1
ckpt_4700.pt,2,720,0.5533649921417236,0.12912678718566895,0.4325985908508301,"224,152,229,94,254","113,233,155,51,66",2:129:2|2:284:2|2:844:2
ckpt_4700.pt,2,721,0.49314334988594055,0.08899351209402084,0.4167564809322357,"65,159,235,185,213","87,17,84,180,29",2:278:2|2:613:2|2:705:2
ckpt_4700.pt,2,722,0.4781460762023926,0.07769270986318588,0.4080553948879242,"39,75,106,52,132","193,128,146,27,120",2:198:2|2:372:2|2:456:2
ckpt_4700.pt,2,723,0.5436087250709534,0.10968868434429169,0.45162713527679443,"251,228,69,105,46","67,19,100,248,60",2:275:2|2:378:2|2:2:1
ckpt_4700.pt,2,724,0.5138391852378845,0.10584376007318497,0.4211232662200928,"255,161,137,182,96","12,120,217,113,97",2:254:2|2:311:2|2:463:2
ckpt_4700.pt,2,725,0.429985374212265,0.08568765968084335,0.3831970989704132,"24,79,116,144,103","102,208,228,5,188",2:146:2|2:361:2|2:710:2
ckpt_4700.pt,2,726,0.5112504363059998,0.11122143268585205,0.4710806906223297,"80,78,119,101,180","53,180,221,63,210",2:630:2|2:2:1|2:16:1
ckpt_4700.pt,2,727,0.5200715661048889,0.08954973518848419,0.41714704036712646,"151,237,163,73,172","186,206,178,55,97",2:5:1|2:11:1|2:15:1
ckpt_4700.pt,2,728,0.5392881035804749,0.10100191086530685,0.4149230122566223,"9,30,54,120,229","241,118,229,19,86",2:924:2|2:1011:2|2:1:1
ckpt_4700.pt,2,729,0.5213348865509033,0.11206057667732239,0.4359077215194702,"164,111,146,209,197","185,177,217,114,162",2:28:2|2:799:2|2:897:2
ckpt_4700.pt,2,730,0.5518446564674377,0.10761348903179169,0.47966066002845764,"172,133,240,211,20","227,41,138,69,154",2:229:2|2:474:2|2:930:2
ckpt_4700.pt,2,731,0.4842124283313751,0.09706869721412659,0.3985041677951813,"52,102,93,3,108","183,145,4,89,16",2:119:2|2:356:2|2:421:2
ckpt_4700.pt,2,732,0.4343896508216858,0.07532248646020889,0.3696780502796173,"228,227,62,255,68","95,188,150,50,113",2:5:2|2:170:2|2:403:2
ckpt_4700.pt,2,733,0.49987083673477173,0.08496710658073425,0.4115442633628845,"7,50,48,161,142","127,116,245,221,17",2:103:2|2:448:2|2:583:2
ckpt_4700.pt,2,734,0.46615514159202576,0.08721809089183807,0.3930121660232544,"203,99,2,117,158","210,248,90,74,9",2:94:2|2:163:2|2:192:2
ckpt_4700.pt,2,735,0.5451648831367493,0.11850087344646454,0.4490056037902832,"153,11,128,7,172","246,1,224,220,102",2:782:3|2:72:2|2:235:2
ckpt_4700.pt,2,736,0.5110070109367371,0.08982496708631516,0.4237750172615051,"184,132,251,158,127","161,254,212,57,4",2:275:2|2:467:2|2:2:1
ckpt_4700.pt,2,737,0.49583902955055237,0.10290446132421494,0.41910475492477417,"107,166,28,19,20","236,198,148,93,212",2:189:2|2:343:2|2:520:2
ckpt_4700.pt,2,738,0.46031224727630615,0.06905176490545273,0.3769480586051941,"34,136,79,221,241","180,50,143,103,96",2:499:2|2:668:2|2:745:2
ckpt_4700.pt,2,739,0.5220800042152405,0.09009112417697906,0.419495165348053,"247,60,104,236,49","5,15,29,13,87",2:133:2|2:254:2|2:581:2
ckpt_4700.pt,2,740,0.4732721745967865,0.0990271344780922,0.39628708362579346,"167,71,190,178,155","143,57,156,109,242",2:361:2|2:508:2|2:983:2
ckpt_4700.pt,2,741,0.4559895098209381,0.10804326832294464,0.43119850754737854,"162,54,65,57,68","221,227,215,94,48",2:512:2|2:666:2|2:748:2
ckpt_4700.pt,2,742,0.5209476351737976,0.09350170940160751,0.4552139639854431,"32,15,229,233,228","190,198,31,182,122",2:23:2|2:129:2|2:469:2
ckpt_4700.pt,2,743,0.5059853196144104,0.09697423130273819,0.3858470618724823,"213,104,162,80,233","218,149,110,136,189",2:15:2|2:163:2|2:615:2
ckpt_4700.pt,2,744,0.5197538733482361,0.09965400397777557,0.44025543332099915,"234,195,125,43,123","119,222,146,52,50",2:125:2|2:321:2|2:550:2
ckpt_4700.pt,2,745,0.496930867433548,0.0858430489897728,0.4227904975414276,"136,252,241,105,254","210,78,71,151,43",2:231:2|2:232:2|2:473:2
ckpt_4700.pt,2,746,0.5233890414237976,0.09106511622667313,0.4149700105190277,"121,171,237,97,63","12,34,119,86,173",2:112:2|2:170:2|2:310:2
ckpt_4700.pt,2,747,0.5224199295043945,0.10400021821260452,0.40177956223487854,"53,201,207,55,108","190,250,249,214,248",2:6:1|2:9:1|2:10:1
ckpt_4700.pt,2,748,0.5053039789199829,0.09805689752101898,0.40556034445762634,"239,162,208,119,57","254,24,4,120,150",2:94:2|2:203:2|2:512:2
ckpt_4700.pt,2,749,0.5339366793632507,0.10019434243440628,0.48167553544044495,"42,31,189,167,117","222,60,133,255,129",2:362:2|2:523:2|2:680:2
ckpt_4700.pt,2,750,0.5013938546180725,0.111646868288517,0.3879559636116028,"134,227,7,70,180","199,237,138,11,133",2:211:2|2:620:2|2:1019:2
ckpt_4700.pt,2,751,0.5128915309906006,0.112146757543087,0.4071323871612549,"24,121,87,234,254","24,166,46,239,47",2:152:2|2:188:2|2:535:2
ckpt_4700.pt,2,752,0.5952401161193848,0.10212289541959763,0.5183278322219849,"199,172,48,193,130","89,66,30,216,131",2:4:1|2:13:1|2:15:1
ckpt_4700.pt,2,753,0.5389425754547119,0.11241492629051208,0.43691548705101013,"145,154,24,226,170","4,242,253,249,59",2:107:2|2:258:2|2:981:2
ckpt_4700.pt,2,754,0.5664553642272949,0.1248926967382431,0.44946935772895813,"133,219,34,29,2","76,75,50,247,34",2:256:2|2:313:2|2:358:2
ckpt_4700.pt,2,755,0.5505309104919434,0.11557570844888687,0.4237346649169922,"225,1,153,26,79","228,28,251,103,53",2:153:2|2:306:2|2:425:2
ckpt_4700.pt,2,756,0.4822884798049927,0.08079428225755692,0.3872547149658203,"7,78,29,42,152","190,180,46,212,36",2:70:2|2:71:2|2:72:2
ckpt_4700.pt,2,757,0.532619059085846,0.14505904912948608,0.4241265058517456,"225,189,253,78,61","198,85,57,228,3",2:449:2|2:691:2|2:918:2
ckpt_4700.pt,2,758,0.5323441028594971,0.12316069006919861,0.4074917733669281,"226,221,238,92,28","248,214,226,17,103",2:487:2|2:25:1|2:29:1
ckpt_4700.pt,2,759,0.5694775581359863,0.10177458822727203,0.45293959975242615,"251,129,54,244,239","243,141,254,164,128",2:214:2|2:548:2|2:666:2
ckpt_4700.pt,2,760,0.5491651892662048,0.1199447512626648,0.4566151201725006,"126,65,172,127,215","102,73,0,114,49",2:288:2|2:501:2|2:702:2
ckpt_4700.pt,2,761,0.5238749980926514,0.11196428537368774,0.44198814034461975,"2,185,7,243,249","211,141,93,83,193",2:103:2|2:106:2|2:301:2
ckpt_4700.pt,2,762,0.5884417295455933,0.11382069438695908,0.46828705072402954,"6,188,161,90,5","70,58,140,206,21",2:459:2|2:463:2|2:8:1
ckpt_4700.pt,2,763,0.5458932518959045,0.12214599549770355,0.43775567412376404,"33,100,185,88,109","162,96,80,133,59",2:503:2|2:779:2|2:5:1
ckpt_4700.pt,2,764,0.5406396389007568,0.14419549703598022,0.46570664644241333,"189,244,186,252,175","102,196,133,4,236",2:505:2|2:525:2|2:918:2
ckpt_4700.pt,2,765,0.42717427015304565,0.08776924759149551,0.35305365920066833,"120,232,205,91,233","166,201,212,8,112",2:316:2|2:804:2|2:0:1
ckpt_4700.pt,2,766,0.4975608289241791,0.10009492188692093,0.4261900782585144,"179,237,47,135,173","24,50,112,176,51",2:148:2|2:181:2|2:643:2
ckpt_4700.pt,2,767,0.5731493234634399,0.09910478442907333,0.4735439717769623,"186,15,146,44,218","157,16,17,96,121",2:37:2|2:39:2|2:12:1
ckpt_4700.pt,2,768,0.4789738953113556,0.09104166179895401,0.41330090165138245,"87,46,216,31,169","1,42,96,198,255",2:225:2|2:242:2|2:910:2
ckpt_4700.pt,2,769,0.5202078223228455,0.08808524161577225,0.4277060031890869,"100,162,13,132,76","147,196,87,1,58",2:13:2|2:163:2|2:259:2
ckpt_4700.pt,2,770,0.524671196937561,0.09812881797552109,0.41468945145606995,"17,175,193,176,249","60,209,52,239,235",2:560:2|2:677:2|2:16:1
ckpt_4700.pt,2,771,0.5321160554885864,0.11360328644514084,0.4537995457649231,"109,203,71,163,221","121,103,245,196,118",2:44:2|2:611:2|2:625:2
ckpt_4700.pt,2,772,0.45947423577308655,0.0832897499203682,0.3819652199745178,"173,234,53,151,44","185,176,98,143,83",2:11:2|2:672:2|2:5:1
ckpt_4700.pt,2,773,0.5030382871627808,0.09679130464792252,0.41999393701553345,"115,217,89,151,59","54,47,31,1,225",2:240:2|2:382:2|2:612:2
ckpt_4700.pt,2,774,0.5601525902748108,0.11510282754898071,0.44025543332099915,"12,41,9,188,157","128,195,234,177,219",2:1:2|2:359:2|2:10:1
ckpt_4700.pt,2,775,0.47378838062286377,0.09392281621694565,0.394655704498291,"128,73,176,43,113","147,73,253,212,20",2:322:2|2:550:2|2:4:1
ckpt_4700.pt,2,776,0.4929203689098358,0.09163621068000793,0.4105066955089569,"119,168,126,161,145","167,20,6,61,35",2:55:2|2:258:2|2:501:2
ckpt_4700.pt,2,777,0.47619208693504333,0.08770675957202911,0.40838417410850525,"236,124,172,242,127","218,236,48,49,32",2:72:2|2:294:2|2:760:2
ckpt_4700.pt,2,778,0.5204957723617554,0.11429426819086075,0.4152963161468506,"54,94,69,205,157","215,160,135,8,141",2:108:2|2:197:2|2:200:2
ckpt_4700.pt,2,779,0.6047053337097168,0.09984814375638962,0.47264304757118225,"88,61,14,33,134","216,56,3,167,134",2:264:2|2:763:2|2:908:2
ckpt_4700.pt,2,780,0.5651673078536987,0.11422868072986603,0.4795842170715332,"13,253,229,159,57","230,61,152,3,128",2:13:2|2:924:2|2:2:1
ckpt_4700.pt,2,781,0.4846283197402954,0.09866853803396225,0.4047596752643585,"156,135,48,46,252","146,228,233,131,103",2:217:2|2:367:2|2:824:2
ckpt_4700.pt,2,782,0.4722484052181244,0.08035029470920563,0.43626290559768677,"11,172,156,159,128","48,216,215,15,36",2:735:3|2:4:2|2:2:1
ckpt_4700.pt,2,783,0.4845670163631439,0.0923551544547081,0.39423638582229614,"1,132,231,29,42","128,166,118,46,94",2:37:2|2:466:2|2:599:2
ckpt_4700.pt,2,784,0.49924343824386597,0.09568040072917938,0.4161328673362732,"142,33,210,8,27","148,195,181,143,238",2:105:3|2:823:2|2:824:2
ckpt_4700.pt,2,785,0.4838828444480896,0.09351096302270889,0.42930471897125244,"222,42,31,70,212","227,83,113,19,136",2:53:2|2:357:2|2:749:2
ckpt_4700.pt,2,786,0.5652965307235718,0.0934753492474556,0.461935430765152,"70,61,190,163,176","60,125,121,245,18",2:377:2|2:933:2|2:958:2
ckpt_4700.pt,2,787,0.45901772379875183,0.07870647311210632,0.4154388904571533,"107,112,116,237,249","107,161,191,229,52",2:369:2|2:383:2|2:11:1
ckpt_4700.pt,2,788,0.522543728351593,0.09555336087942123,0.4537452459335327,"62,241,13,51,254","4,188,116,243,245",2:19:2|2:231:2|2:232:2
ckpt_4700.pt,2,789,0.5370568037033081,0.08898340910673141,0.4370962083339691,"179,116,162,159,255","38,4,150,148,58",2:154:2|2:2:1|2:3:1
ckpt_4700.pt,2,790,0.5000137686729431,0.08938019722700119,0.3712485432624817,"128,84,48,52,101","247,90,197,39,67",2:791:2|2:4:1|2:13:1
ckpt_4700.pt,2,791,0.5590126514434814,0.10664570331573486,0.44974416494369507,"249,48,128,194,142","215,4,23,54,230",2:103:2|2:733:2|2:790:2
ckpt_4700.pt,2,792,0.5205107927322388,0.09230408072471619,0.4259546101093292,"138,129,154,3,216","66,153,107,145,190",2:209:2|2:214:2|2:225:2
ckpt_4700.pt,2,793,0.512516975402832,0.08794264495372772,0.4096519351005554,"112,195,71,177,161","156,29,196,242,158",2:252:2|2:341:2|2:0:1
ckpt_4700.pt,2,794,0.5073875784873962,0.0983608141541481,0.43825453519821167,"241,162,40,54,88","197,54,135,206,85",2:90:2|2:114:2|2:666:2
ckpt_4700.pt,2,795,0.5065435767173767,0.10176166146993637,0.4206431806087494,"215,56,240,6,107","157,32,60,44,237",2:64:2|2:717:2|2:9:1
ckpt_4700.pt,2,796,0.5640843510627747,0.0976402685046196,0.46480441093444824,"194,36,227,210,239","167,236,79,205,82",2:192:2|2:247:2|2:307:2
ckpt_4700.pt,2,797,0.5281146764755249,0.13724255561828613,0.4433881342411041,"48,42,184,243,182","197,12,244,194,239",2:54:2|2:145:2|2:568:2
ckpt_4700.pt,2,798,0.49025648832321167,0.08886691182851791,0.4243986904621124,"242,147,137,93,216","167,248,215,160,250",2:470:2|2:936:2|2:30:1
ckpt_4700.pt,2,799,0.4841983914375305,0.09683758020401001,0.3985646069049835,"209,247,179,82,146","91,10,160,176,243",2:3:3|2:131:2|2:407:2
ckpt_4700.pt,2,800,0.5307217240333557,0.10133694112300873,0.4295518696308136,"145,26,162,47,112","205,120,95,127,62",2:234:2|2:564:2|2:27:1
ckpt_4700.pt,2,801,0.5183307528495789,0.10139068961143494,0.41525503993034363,"15,248,116,182,74","169,142,127,32,113",2:91:2|2:534:2|2:576:2
ckpt_4700.pt,2,802,0.5318719148635864,0.11839115619659424,0.4378068745136261,"224,129,251,189,19","141,171,165,178,157",2:378:2|2:759:2|2:989:2
ckpt_4700.pt,2,803,0.5466987490653992,0.12015247344970703,0.45244166254997253,"50,99,9,15,47","122,84,201,132,227",2:705:2|2:907:2|2:1:1
ckpt_4700.pt,2,804,0.5245923399925232,0.09550203382968903,0.42964428663253784,"229,198,91,233,221","24,128,68,33,11",2:742:2|2:765:2|2:0:1
ckpt_4700.pt,2,805,0.4764396548271179,0.10800394415855408,0.3869948089122772,"66,201,68,170,144","244,27,187,211,246",2:279:2|2:640:2|2:852:2
ckpt_4700.pt,2,806,0.4972900152206421,0.10061096400022507,0.43935468792915344,"94,138,132,228,76","104,121,199,95,9",2:324:2|2:769:2|2:954:2
ckpt_4700.pt,2,807,0.48684900999069214,0.1027485802769661,0.41432085633277893,"160,202,247,236,212","254,115,188,134,85",2:53:2|2:133:2|2:371:2
ckpt_4700.pt,2,808,0.5643993020057678,0.1035083532333374,0.43069878220558167,"134,79,49,19,84","209,208,248,45,221",2:272:3|2:182:2|2:283:2
ckpt_4700.pt,2,809,0.4794328510761261,0.10308422893285751,0.38101550936698914,"180,50,248,173,127","79,214,249,109,51",2:116:2|2:468:2|2:712:2
ckpt_4700.pt,2,810,0.5010720491409302,0.07516420632600784,0.4147820472717285,"96,243,223,139,110","27,31,139,45,90",2:21:3|2:420:2|2:855:2
ckpt_4700.pt,2,811,0.4647323489189148,0.09102313965559006,0.4072544574737549,"118,36,75,105,49","224,204,91,154,218",2:272:2|2:349:2|2:566:2
ckpt_4700.pt,2,812,0.5116214156150818,0.09600146859884262,0.407856285572052,"56,26,55,143,117","204,77,139,27,88",2:9:2|2:465:2|2:658:2
ckpt_4700.pt,2,813,0.526121973991394,0.08925971388816833,0.47121354937553406,"126,228,118,141,38","94,128,248,24,175",2:117:2|2:397:2|2:469:2
ckpt_4700.pt,2,814,0.4355340301990509,0.09622817486524582,0.38050246238708496,"75,72,132,42,226","124,122,141,93,91",2:132:2|2:223:2|2:566:2
ckpt_4700.pt,2,815,0.5477827787399292,0.10656173527240753,0.44663211703300476,"23,187,215,122,120","20,178,114,85,131",2:149:2|2:180:2|2:451:2
ckpt_4700.pt,2,816,0.506060779094696,0.10128811001777649,0.4395930767059326,"186,47,32,58,130","53,119,196,99,29",2:23:2|2:483:2|2:4:1
ckpt_4700.pt,2,817,0.49484631419181824,0.11429666727781296,0.44288915395736694,"243,130,36,4,91","53,24,169,71,50",2:940:2|2:0:1|2:4:1
ckpt_4700.pt,2,818,0.5352342128753662,0.10136353969573975,0.44329410791397095,"73,154,47,190,106","177,224,120,119,216",2:598:2|2:4:1|2:27:1
ckpt_4700.pt,2,819,0.5250952839851379,0.11662888526916504,0.44186919927597046,"17,142,39,90,186","251,86,162,214,210",2:16:2|2:245:2|2:266:2
ckpt_4700.pt,2,820,0.4761982560157776,0.08917523175477982,0.36931154131889343,"25,213,28,224,21","106,85,57,11,97",2:130:2|2:616:2|2:621:2
ckpt_4700.pt,2,821,0.4701906144618988,0.08788319677114487,0.3907568156719208,"3,106,200,246,92","185,99,186,184,173",2:215:2|2:427:2|2:867:2
ckpt_4700.pt,2,822,0.6080411076545715,0.11708668619394302,0.47218361496925354,"26,30,216,174,4","14,189,97,240,175",2:52:2|2:835:2|2:839:2
ckpt_4700.pt,2,823,0.47839492559432983,0.09337474405765533,0.41856440901756287,"142,69,80,2,8","57,44,40,25,155",2:784:2|2:6:1|2:8:1
ckpt_4700.pt,2,824,0.4481393098831177,0.08720672130584717,0.4033786654472351,"127,46,8,156,210","41,230,106,124,181",2:619:2|2:781:2|2:784:2
ckpt_4700.pt,2,825,0.5269610285758972,0.10637541115283966,0.4318222105503082,"96,79,36,201,75","62,169,19,156,34",2:272:2|2:566:2|2:592:2
ckpt_4700.pt,2,826,0.5088211297988892,0.08910112082958221,0.4820389151573181,"104,118,203,54,24","222,96,84,171,117",2:163:2|2:535:2|2:10:1
ckpt_4700.pt,2,827,0.5434921383857727,0.1180863156914711,0.45091375708580017,"245,177,48,103,63","137,72,27,63,36",2:115:2|2:208:2|2:0:1
ckpt_4700.pt,2,828,0.4713495671749115,0.08838696777820587,0.4111243188381195,"142,230,183,35,22","80,100,109,21,153",2:185:2|2:893:2|2:6:1
ckpt_4700.pt,2,829,0.4637663960456848,0.10712981224060059,0.369436115026474,"59,61,229,239,52","92,226,38,188,203",2:65:2|2:82:2|2:395:2
ckpt_4700.pt,2,830,0.5004269480705261,0.10892724245786667,0.42453089356422424,"137,71,132,64,252","13,173,191,65,163",2:132:2|2:311:2|2:690:2
ckpt_4700.pt,2,831,0.48458632826805115,0.08706434071063995,0.4278276264667511,"154,4,99,121,109","201,245,133,1,115",2:201:3|2:611:2|2:883:2
ckpt_4700.pt,2,832,0.5225222110748291,0.09064312279224396,0.43208929896354675,"43,218,189,203,9","194,84,95,235,206",2:1:1|2:26:1|2:37:1
ckpt_4700.pt,2,833,0.583464503288269,0.10334867984056473,0.46780306100845337,"141,154,244,142,3","209,195,67,54,231",2:6:2|2:624:2|2:792:2
ckpt_4700.pt,2,834,0.508917510509491,0.09205688536167145,0.44179773330688477,"51,227,175,159,44","44,204,153,94,155",2:93:2|2:479:2|2:2:1
ckpt_4700.pt,2,835,0.551188051700592,0.10479018092155457,0.43817126750946045,"4,245,170,216,110","52,200,173,1,204",2:334:2|2:822:2|2:839:2
ckpt_4700.pt,2,836,0.5335859060287476,0.12570016086101532,0.4483787417411804,"179,1,123,176,227","179,177,205,125,216",2:93:2|2:126:2|2:316:2
ckpt_4700.pt,2,837,0.4657701551914215,0.08807428926229477,0.4072464406490326,"66,220,109,162,236","36,58,239,237,94",2:40:2|2:157:2|2:852:2
ckpt_4700.pt,2,838,0.4836696684360504,0.0798465833067894,0.4230213761329651,"205,45,157,166,119","171,200,67,196,109",2:197:2|2:250:2|2:778:2
ckpt_4700.pt,2,839,0.537054181098938,0.12138082832098007,0.4348883628845215,"4,206,185,79,216","43,252,41,60,74",2:217:2|2:822:2|2:835:2
ckpt_4700.pt,2,840,0.5638390779495239,0.12365242838859558,0.4272124469280243,"241,161,73,173,200","86,240,190,68,177",2:41:2|2:448:2|2:19:1
ckpt_4700.pt,2,841,0.44657033681869507,0.06990537792444229,0.39180856943130493,"15,124,254,196,18","171,149,244,98,19",2:340:4|2:183:2|2:199:2
ckpt_4700.pt,2,842,0.4772513806819916,0.08762878179550171,0.4295222759246826,"45,72,236,99,227","163,117,199,195,140",2:58:2|2:188:2|2:543:2
ckpt_4700.pt,2,843,0.49803462624549866,0.08601806312799454,0.46513494849205017,"184,35,115,11,203","111,39,231,74,230",2:277:2|2:596:2|2:962:2
ckpt_4700.pt,2,844,0.5066360831260681,0.08648622035980225,0.37871459126472473,"152,94,103,52,180","43,27,252,248,61",2:171:2|2:688:2|2:720:2
ckpt_4700.pt,2,845,0.5061227083206177,0.08796174079179764,0.38079896569252014,"182,114,64,127,252","84,134,54,40,17",2:8:2|2:126:2|2:690:2
ckpt_4700.pt,2,846,0.4858887195587158,0.08104444295167923,0.40185481309890747,"213,116,245,52,252","107,150,136,26,223",2:82:2|2:86:2|2:88:2
ckpt_4700.pt,2,847,0.4714118540287018,0.09292163699865341,0.4087173342704773,"24,39,124,70,150","3,72,212,211,87",2:198:2|2:519:2|2:895:2
ckpt_4700.pt,2,848,0.46095705032348633,0.08573589473962784,0.42166030406951904,"105,55,215,233,151","62,196,11,188,22",2:5:1|2:9:1|2:11:1
ckpt_4700.pt,2,849,0.5095223784446716,0.13235551118850708,0.4292208254337311,"99,255,245,14,76","29,87,50,143,114",2:104:2|2:274:2|2:908:2
ckpt_4700.pt,2,850,0.5066742300987244,0.11397577077150345,0.4196327328681946,"207,130,35,39,188","31,57,154,33,216",2:16:2|2:376:2|2:519:2
ckpt_4700.pt,2,851,0.49149614572525024,0.0963348001241684,0.405552476644516,"44,245,16,176,246","107,51,225,151,142",2:140:2|2:227:2|2:384:2
ckpt_4700.pt,2,852,0.5421608090400696,0.09918288141489029,0.4518524408340454,"162,78,66,144,139","185,21,158,248,1",2:71:2|2:279:2|2:346:2
ckpt_4700.pt,2,853,0.5157315135002136,0.09446103125810623,0.4107514023780823,"27,98,57,181,119","27,242,68,223,135",2:60:2|2:151:2|2:261:2
ckpt_4700.pt,2,854,0.4793959856033325,0.09841044992208481,0.3869224786758423,"41,175,144,96,33","20,191,73,80,146",2:428:2|2:514:2|2:602:2
ckpt_4700.pt,2,855,0.5339733362197876,0.10124023258686066,0.42775627970695496,"139,108,223,100,56","112,4,66,144,44",2:421:2|2:577:2|2:810:2
ckpt_4700.pt,2,856,0.569173276424408,0.10150380432605743,0.4755273759365082,"207,204,86,186,245","245,2,123,129,1",2:140:2|2:435:2|2:905:2
ckpt_4700.pt,2,857,0.5270004868507385,0.1504524201154709,0.4193751811981201,"84,126,203,160,50","50,127,194,2,220",2:6:1|2:7:1|2:9:1
ckpt_4700.pt,2,858,0.5004847049713135,0.10541114956140518,0.44525662064552307,"228,179,224,20,99","8,116,151,180,213",2:48:2|2:219:2|2:238:2
ckpt_4700.pt,2,859,0.48472142219543457,0.08470526337623596,0.4219374656677246,"178,118,244,149,81","251,79,76,249,150",2:227:2|2:6:1|2:29:1
ckpt_4700.pt,2,860,0.4987337291240692,0.0897846519947052,0.41796159744262695,"1,86,54,31,218","100,203,153,36,243",2:39:2|2:285:2|2:605:2
ckpt_4700.pt,2,861,0.4767146706581116,0.09682860225439072,0.41430941224098206,"177,241,70,255,97","187,140,234,77,46",2:231:2|2:1019:2|2:0:1
ckpt_4700.pt,2,862,0.5622349977493286,0.10610058903694153,0.4431228041648865,"147,153,20,217,39","67,30,195,198,232",2:977:2|2:16:1|2:19:1
ckpt_4700.pt,2,863,0.5002058148384094,0.11320143193006516,0.4283939599990845,"196,28,125,131,56","104,244,136,41,177",2:593:2|2:717:2|2:975:2
ckpt_4700.pt,2,864,0.522818922996521,0.08459801971912384,0.4091138541698456,"30,112,115,100,228","193,246,238,91,92",2:389:2|2:415:2|2:589:2
ckpt_4700.pt,2,865,0.606963574886322,0.10679499804973602,0.5167161226272583,"180,30,79,153,111","172,33,38,184,245",2:513:2|2:572:2|2:755:2
ckpt_4700.pt,2,866,0.5299973487854004,0.08729656785726547,0.42205798625946045,"167,69,62,223,90","183,230,250,145,32",2:8:2|2:582:2|2:608:2
ckpt_4700.pt,2,867,0.5621054172515869,0.10071132332086563,0.4747616648674011,"86,179,177,3,92","222,54,49,144,186",2:42:2|2:419:2|2:821:2
ckpt_4700.pt,2,868,0.4895413815975189,0.0981152355670929,0.4327297508716583,"131,127,49,157,211","125,11,232,138,63",2:218:2|2:248:2|2:414:2
ckpt_4700.pt,2,869,0.5467141270637512,0.10404860228300095,0.47480350732803345,"221,157,152,153,194","4,216,172,62,203",2:338:2|2:646:2|2:659:2
ckpt_4700.pt,2,870,0.5212817788124084,0.11033333092927933,0.4370931386947632,"110,183,248,239,62","218,136,14,249,85",2:669:3|2:603:2|2:941:2
ckpt_4700.pt,2,871,0.5487371683120728,0.10296729952096939,0.43101271986961365,"59,226,133,196,9","66,20,38,53,63",2:273:2|2:515:2|2:541:2
ckpt_4700.pt,2,872,0.5434920191764832,0.10517535358667374,0.4460386335849762,"36,31,92,186,64","254,247,51,9,202",2:525:3|2:242:2|2:246:2
ckpt_4700.pt,2,873,0.5165507793426514,0.11825497448444366,0.44190528988838196,"131,72,200,133,225","238,10,208,255,152",2:209:2|2:544:2|2:643:2
ckpt_4700.pt,2,874,0.4968646168708801,0.110592782497406,0.42529428005218506,"8,59,134,19,255","211,249,162,104,255",2:170:2|2:182:2|2:378:2
ckpt_4700.pt,2,875,0.48241689801216125,0.1006116047501564,0.41262349486351013,"153,219,105,159,210","188,118,234,54,46",2:980:2|2:2:1|2:95:1
ckpt_4700.pt,2,876,0.4993683695793152,0.08911189436912537,0.4394324719905853,"146,204,119,200,228","200,168,104,225,241",2:96:2|2:405:2|2:1002:2
ckpt_4700.pt,2,877,0.4982420802116394,0.1038474515080452,0.42475202679634094,"180,26,96,64,243","203,30,61,198,186",2:21:2|2:220:2|2:810:2
ckpt_4700.pt,2,878,0.5395117998123169,0.10692040622234344,0.4273519217967987,"158,36,27,219,2","109,69,83,122,198",2:60:2|2:160:2|2:734:2
ckpt_4700.pt,2,879,0.5494418740272522,0.12811020016670227,0.43865031003952026,"79,183,182,38,180","7,177,64,35,187",2:865:2|2:14:1|2:17:1
ckpt_4700.pt,2,880,0.4495531916618347,0.08078985661268234,0.36415258049964905,"143,146,191,45,229","230,215,163,167,210",2:492:2|2:11:1|2:13:1
ckpt_4700.pt,2,881,0.5205329656600952,0.09604386240243912,0.4252762496471405,"245,148,41,39,62","248,174,161,177,19",2:19:2|2:245:2|2:372:2
ckpt_4700.pt,2,882,0.48868128657341003,0.1069541722536087,0.40276336669921875,"48,181,161,149,53","249,157,247,255,144",2:500:2|2:691:2|2:733:2
ckpt_4700.pt,2,883,0.49371007084846497,0.08788403868675232,0.40668949484825134,"99,121,214,188,137","66,186,50,217,185",2:298:2|2:831:2|2:22:1
ckpt_4700.pt,2,884,0.49079063534736633,0.09236615151166916,0.41261371970176697,"217,168,161,133,75","224,164,249,97,57",2:55:2|2:197:2|2:776:2
ckpt_4700.pt,2,885,0.586143434047699,0.10047924518585205,0.4529590606689453,"74,65,226,54,110","222,225,99,135,227",2:285:2|2:399:2|2:487:2
ckpt_4700.pt,2,886,0.5098508596420288,0.12506558001041412,0.40905076265335083,"180,167,104,255,213","54,4,217,117,207",2:468:2|2:585:2|2:743:2
ckpt_4700.pt,2,887,0.4969863295555115,0.08020254224538803,0.441773921251297,"45,204,142,101,43","131,138,116,43,98",2:162:2|2:901:2|2:6:1
ckpt_4700.pt,2,888,0.5041984915733337,0.10307598859071732,0.43653708696365356,"152,115,27,242,245","187,63,119,233,56",2:470:2|2:27:1|2:34:1
ckpt_4700.pt,2,889,0.556187629699707,0.10242282599210739,0.44880759716033936,"222,19,176,239,96","143,16,179,117,87",2:490:2|2:938:2|2:0:1
ckpt_4700.pt,2,890,0.47708889842033386,0.0869620144367218,0.3896779716014862,"31,198,68,144,150","39,225,183,216,180",2:168:2|2:542:2|2:805:2
ckpt_4700.pt,2,891,0.47703227400779724,0.08945461362600327,0.41243690252304077,"144,47,22,18,152","138,28,119,11,172",2:279:2|2:27:1|2:34:1
ckpt_4700.pt,2,892,0.49135276675224304,0.08687040954828262,0.4147047996520996,"204,195,78,76,42","121,245,203,254,82",2:405:2|2:756:2|2:2:1
ckpt_4700.pt,2,893,0.4952831268310547,0.0901130884885788,0.41552865505218506,"231,179,22,117,183","200,64,63,196,9",2:353:2|2:465:2|2:828:2
ckpt_4700.pt,2,894,0.4967145025730133,0.09107186645269394,0.4354915916919708,"143,5,15,54,124","44,159,170,115,67",2:118:2|2:167:2|2:186:2
ckpt_4700.pt,2,895,0.5244436860084534,0.09129685908555984,0.43047869205474854,"1,150,70,240,152","81,31,211,62,218",2:605:2|2:698:2|2:847:2
ckpt_4700.pt,2,896,0.49780958890914917,0.10099756717681885,0.42846864461898804,"196,4,208,83,18","189,19,194,20,50",2:281:2|2:340:2|2:541:2
ckpt_4700.pt,2,897,0.5738345980644226,0.11302348226308823,0.45989057421684265,"111,134,173,164,154","63,21,44,123,207",2:46:2|2:191:2|2:283:2
ckpt_4700.pt,2,898,0.5270377993583679,0.11056079715490341,0.4129646420478821,"137,79,246,125,175","87,137,195,18,127",2:280:3|2:713:2|2:10:1
ckpt_4700.pt,2,899,0.5473816394805908,0.10572288930416107,0.4312551021575928,"31,207,215,100,52","137,156,80,34,40",2:199:2|2:301:2|2:415:2
ckpt_4700.pt,2,900,0.5151802897453308,0.09800320863723755,0.4177742302417755,"48,131,246,165,37","249,208,73,69,23",2:368:2|2:6:1|2:7:1
ckpt_4700.pt,2,901,0.5248094201087952,0.09502869844436646,0.472304105758667,"142,168,43,123,92","180,72,73,121,111",2:125:2|2:127:2|2:550:2
ckpt_4700.pt,2,902,0.4585803151130676,0.10562653839588165,0.37273427844047546,"71,218,180,216,30","242,54,183,19,232",2:255:2|2:513:2|2:822:2
ckpt_4700.pt,2,903,0.5337873697280884,0.09953626990318298,0.4404773414134979,"144,191,180,252,48","236,19,243,190,195",2:367:2|2:370:2|2:526:2
ckpt_4700.pt,2,904,0.5612170696258545,0.11320348083972931,0.46846941113471985,"188,211,248,201,221","205,221,3,71,198",2:213:2|2:248:2|2:576:2
ckpt_4700.pt,2,905,0.5194703340530396,0.1044880747795105,0.39698493480682373,"165,61,186,207,60","166,58,87,36,48",2:179:2|2:368:2|2:856:2
ckpt_4700.pt,2,906,0.4904416501522064,0.11818476766347885,0.41912952065467834,"55,44,195,107,75","74,44,31,164,34",2:9:1|2:12:1|2:15:1
ckpt_4700.pt,2,907,0.5426821112632751,0.10727909207344055,0.4504266679286957,"50,99,223,176,53","133,175,57,42,168",2:82:2|2:182:2|2:803:2
ckpt_4700.pt,2,908,0.5082187652587891,0.09787652641534805,0.41912010312080383,"14,99,206,61,241","58,197,182,143,180",2:179:2|2:219:2|2:363:2
ckpt_4700.pt,2,909,0.4994063973426819,0.09164994955062866,0.4258596897125244,"72,126,103,41,75","205,162,188,240,144",2:97:2|2:814:2|2:3:1
ckpt_4700.pt,2,910,0.512469470500946,0.08134310692548752,0.4025561809539795,"216,39,28,15,46","107,249,7,66,94",2:198:2|2:376:2|2:689:2
ckpt_4700.pt,2,911,0.5081526041030884,0.11402855068445206,0.4103069305419922,"235,80,25,179,121","38,103,210,73,174",2:84:2|2:651:2|2:1021:2
ckpt_4700.pt,2,912,0.5137301683425903,0.08376152068376541,0.4526342451572418,"206,115,173,156,204","152,181,112,4,101",2:367:2|2:485:2|2:619:2
ckpt_4700.pt,2,913,0.47200822830200195,0.08966608345508575,0.40881726145744324,"239,53,12,93,80","61,38,195,28,181",2:10:2|2:33:2|2:208:2
ckpt_4700.pt,2,914,0.5001038908958435,0.08674772828817368,0.40490227937698364,"163,33,158,11,222","110,203,42,233,188",2:60:2|2:212:2|2:428:2
ckpt_4700.pt,2,915,0.5384312868118286,0.09759379923343658,0.43480661511421204,"254,79,144,97,34","85,41,201,235,175",2:168:2|2:232:2|2:271:2
ckpt_4700.pt,2,916,0.488567590713501,0.10782388597726822,0.38721662759780884,"191,23,112,166,163","166,6,90,101,172",2:17:2|2:212:2|2:370:2
ckpt_4700.pt,2,917,0.4951115846633911,0.09097696840763092,0.42356014251708984,"28,230,151,152,244","63,127,8,40,67",2:87:2|2:5:1|2:6:1
ckpt_4700.pt,2,918,0.5715792179107666,0.1326279193162918,0.5001280903816223,"35,253,244,196,189","233,231,21,99,101",2:757:2|2:764:2|2:6:1
ckpt_4700.pt,2,919,0.591067373752594,0.1291053593158722,0.4957411587238312,"188,168,239,184,165","217,178,255,240,182",2:325:2|2:489:2|2:0:1
ckpt_4700.pt,2,920,0.5186696648597717,0.0993436947464943,0.3906942903995514,"89,132,97,246,108","73,239,117,156,204",2:79:2|2:351:2|2:423:2
ckpt_4700.pt,2,921,0.49679166078567505,0.08902987092733383,0.39571306109428406,"102,6,84,27,251","99,136,197,65,18",2:436:2|2:25:1|2:27:1
ckpt_4700.pt,2,922,0.5416178107261658,0.09123056381940842,0.4150451719760895,"144,167,4,160,231","37,229,24,214,173",2:204:2|2:624:2|2:14:1
ckpt_4700.pt,2,923,0.4571598768234253,0.07748186588287354,0.39760822057724,"113,33,231,46,38","68,160,145,114,172",2:120:2|2:185:2|2:990:2
ckpt_4700.pt,2,924,0.5316036939620972,0.11903073638677597,0.45441916584968567,"54,229,138,13,41","163,104,125,29,34",2:13:2|2:266:2|2:556:2
ckpt_4700.pt,2,925,0.5100067257881165,0.09988008439540863,0.4102209806442261,"68,203,19,254,75","19,47,113,0,23",2:231:2|2:272:2|2:343:2
ckpt_4700.pt,2,926,0.4914495646953583,0.08345624804496765,0.41347214579582214,"120,12,254,82,79","177,180,130,214,182",2:85:2|2:149:2|2:915:2
ckpt_4700.pt,2,927,0.5370038747787476,0.1092568188905716,0.4260390102863312,"63,1,163,91,223","78,252,134,81,244",2:169:2|2:195:2|2:269:2
ckpt_4700.pt,2,928,0.56209397315979,0.10462825000286102,0.4450247585773468,"19,17,98,149,11","51,197,13,199,235",2:50:2|2:16:1|2:19:1
ckpt_4700.pt,2,929,0.5768920183181763,0.09758075326681137,0.4714920222759247,"7,148,33,78,23","4,9,179,198,165",2:400:2|2:756:2|2:2:1
ckpt_4700.pt,2,930,0.5097038149833679,0.1095440685749054,0.39298734068870544,"167,211,195,240,154","214,59,238,55,138",2:173:2|2:730:2|2:9:1
ckpt_4700.pt,2,931,0.5054157376289368,0.10261069238185883,0.4241560697555542,"9,89,1,52,171","143,62,128,172,162",2:268:3|2:110:2|2:415:2
ckpt_4700.pt,2,932,0.5325850248336792,0.0863618478178978,0.4479013681411743,"117,4,216,123,229","187,191,235,239,16",2:492:2|2:822:2|2:835:2
ckpt_4700.pt,2,933,0.5233204960823059,0.09856558591127396,0.4549156725406647,"231,61,70,64,246","124,131,49,214,168",2:179:2|2:786:2|2:10:1
ckpt_4700.pt,2,934,0.5189152956008911,0.10788489133119583,0.4423220157623291,"180,26,252,108,154","202,144,68,159,223",2:311:2|2:598:2|2:877:2
ckpt_4700.pt,2,935,0.5374125242233276,0.10458799451589584,0.436613529920578,"122,18,154,42,217","7,121,79,189,144",2:158:2|2:184:2|2:228:2
ckpt_4700.pt,2,936,0.5652585625648499,0.09830597788095474,0.44403359293937683,"133,147,216,233,47","79,129,23,231,117",2:138:2|2:665:2|2:798:2
ckpt_4700.pt,2,937,0.5518409013748169,0.11019821465015411,0.4544660747051239,"181,112,129,15,142","128,243,163,75,168",2:252:2|2:587:2|2:2:1
ckpt_4700.pt,2,938,0.5236548185348511,0.09308092296123505,0.42661452293395996,"19,182,239,24,133","220,141,105,254,81",2:17:2|2:50:2|2:256:2
ckpt_4700.pt,2,939,0.5101555585861206,0.09270788729190826,0.455388605594635,"220,213,108,56,186","145,91,135,200,133",2:130:2|2:855:2|2:9:1
ckpt_4700.pt,2,940,0.5599943995475769,0.10395263880491257,0.4322677254676819,"4,86,233,243,117","203,147,130,140,92",2:365:2|2:450:2|2:546:2
ckpt_4700.pt,2,941,0.494805246591568,0.09037449955940247,0.41705843806266785,"182,126,229,248,239","139,213,150,141,92",2:520:2|2:534:2|2:576:2
ckpt_4700.pt,2,942,0.46778932213783264,0.08999697864055634,0.39729082584381104,"167,128,24,254,68","214,126,170,22,180",2:152:2|2:263:2|2:381:2
ckpt_4700.pt,2,943,0.5373146533966064,0.08652138710021973,0.4439275562763214,"251,197,33,142,177","106,155,151,212,197",2:139:2|2:196:2|2:784:2
ckpt_4700.pt,2,944,0.49949902296066284,0.08154226094484329,0.4261208176612854,"111,216,232,77,40","81,112,30,68,49",2:460:2|2:29:1|2:35:1
ckpt_4700.pt,2,945,0.5089808702468872,0.0859958752989769,0.42407289147377014,"65,139,67,250,119","142,120,225,76,146",2:56:2|2:288:2|2:13:1
ckpt_4700.pt,2,946,0.5134677886962891,0.11102073639631271,0.41575658321380615,"93,180,168,197,233","245,80,140,0,18",2:120:2|2:211:2|2:432:2
ckpt_4700.pt,2,947,0.5110887885093689,0.09390127658843994,0.40616628527641296,"73,45,102,63,14","97,149,134,89,229",2:128:2|2:992:2|2:8:1
ckpt_4700.pt,2,948,0.592025637626648,0.11270027607679367,0.447640597820282,"74,244,175,223,119","205,78,188,244,198",2:604:2|2:764:2|2:3:1
ckpt_4700.pt,2,949,0.5195872783660889,0.1291937232017517,0.4067940413951874,"48,115,39,255,107","59,128,245,101,82",2:115:2|2:205:2|2:717:2
ckpt_4700.pt,2,950,0.581209659576416,0.10769804567098618,0.46410784125328064,"110,3,120,55,27","52,86,205,113,80",2:135:2|2:149:2|2:409:2
ckpt_4700.pt,2,951,0.4559074342250824,0.08218567818403244,0.4237822890281677,"143,163,197,81,17","182,51,139,230,254",2:167:2|2:539:2|2:16:1
ckpt_4700.pt,2,952,0.5015645027160645,0.09269509464502335,0.4150469899177551,"51,171,96,199,217","96,250,48,80,100",2:536:2|2:547:2|2:21:1
ckpt_4700.pt,2,953,0.46769553422927856,0.08917289972305298,0.41291287541389465,"113,108,209,161,25","4,43,71,234,130",2:131:2|2:3:1|2:25:1
ckpt_4700.pt,2,954,0.583817720413208,0.11941899359226227,0.4671097993850708,"200,37,138,139,132","213,41,180,196,233",2:71:2|2:427:2|2:806:2
ckpt_4700.pt,2,955,0.5892996191978455,0.1276385486125946,0.4782266616821289,"222,144,99,57,8","150,234,0,193,213",2:168:2|2:329:2|2:600:2
ckpt_4700.pt,2,956,0.4950879216194153,0.09768687188625336,0.4090431332588196,"239,227,0,229,33","173,250,88,225,164",2:144:2|2:247:2|2:478:2
ckpt_4700.pt,2,957,0.47121375799179077,0.08066859841346741,0.38590574264526367,"201,35,33,175,217","110,15,52,174,227",2:470:2|2:677:2|2:854:2
ckpt_4700.pt,2,958,0.4888805150985718,0.08987174928188324,0.38543108105659485,"188,87,22,163,190","138,67,224,3,20",2:26:2|2:786:2|2:44:1
ckpt_4700.pt,2,959,0.47632089257240295,0.07113603502511978,0.40140482783317566,"240,134,198,67,79","80,247,43,174,189",2:656:2|2:698:2|2:699:2
ckpt_4700.pt,2,960,0.4950479567050934,0.08798174560070038,0.40821707248687744,"28,78,214,236,44","202,170,179,241,89",2:2:1|2:12:1|2:16:1
ckpt_4700.pt,2,961,0.5150877237319946,0.10614994913339615,0.4131849706172943,"182,133,9,252,107","50,131,112,35,28",2:17:2|2:297:2|2:534:2
ckpt_4700.pt,2,962,0.5581160187721252,0.12022442370653152,0.4880734086036682,"40,10,125,115,184","87,101,128,135,46",2:460:2|2:681:2|2:843:2
ckpt_4700.pt,2,963,0.4415488839149475,0.08898254483938217,0.3843471109867096,"212,97,22,16,208","250,159,87,230,184",2:395:2|2:35:1|2:36:1
ckpt_4700.pt,2,964,0.482394814491272,0.0836392492055893,0.3861353397369385,"124,243,208,202,197","137,154,196,135,158",2:155:2|2:339:2|2:395:2
ckpt_4700.pt,2,965,0.4392196238040924,0.08900515735149384,0.3969048857688904,"37,43,79,20,100","137,239,214,145,86",2:189:2|2:604:2|2:13:1
ckpt_4700.pt,2,966,0.6038124561309814,0.10321511328220367,0.491660475730896,"160,191,36,163,199","47,211,238,193,138",2:675:2|2:916:2|2:14:1
ckpt_4700.pt,2,967,0.5040490627288818,0.09932432323694229,0.430422842502594,"75,59,130,31,226","108,49,166,20,84",2:352:2|2:814:2|2:871:2
ckpt_4700.pt,2,968,0.43111279606819153,0.06522035598754883,0.36379456520080566,"216,99,22,25,171","144,66,244,11,90",2:282:2|2:347:2|2:595:2
ckpt_4700.pt,2,969,0.5072677731513977,0.08802799880504608,0.4484046399593353,"27,0,70,193,215","111,33,93,70,157",2:27:2|2:702:2|2:715:2
ckpt_4700.pt,2,970,0.4789884090423584,0.08080312609672546,0.4144318997859955,"12,46,118,154,192","220,161,1,95,45",2:988:2|2:1:1|2:10:1
ckpt_4700.pt,2,971,0.4913192391395569,0.08602174371480942,0.3935367465019226,"209,158,80,41,63","193,71,80,77,157",2:60:2|2:65:2|2:208:2
ckpt_4700.pt,2,972,0.5631213188171387,0.09864387661218643,0.4644291400909424,"9,206,19,219,182","79,27,179,147,52",2:237:2|2:259:2|2:534:2
ckpt_4700.pt,2,973,0.4481353759765625,0.1060962900519371,0.36689355969429016,"61,170,147,219,183","152,44,185,40,80",2:603:2|2:30:1|2:65:1
ckpt_4700.pt,2,974,0.4873018264770508,0.08411987125873566,0.4101143181324005,"197,158,243,82,67","148,32,185,67,57",2:18:2|2:350:2|2:964:2
ckpt_4700.pt,2,975,0.5103992223739624,0.10220640897750854,0.44534748792648315,"30,13,196,28,45","47,196,117,207,177",2:863:2|2:13:1|2:14:1
ckpt_4700.pt,2,976,0.4870619475841522,0.09030731767416,0.4232215881347656,"133,102,80,139,53","66,122,162,149,59",2:21:2|2:313:2|2:913:2
ckpt_4700.pt,2,977,0.5163750052452087,0.11406136304140091,0.39299726486206055,"217,20,124,165,179","27,57,117,216,9",2:219:2|2:260:2|2:858:2
ckpt_4700.pt,2,978,0.5135538578033447,0.08892462402582169,0.44950318336486816,"139,59,216,2,180","230,243,171,159,17",2:52:2|2:113:2|2:352:2
ckpt_4700.pt,2,979,0.6142803430557251,0.11635428667068481,0.5030395984649658,"105,17,220,51,9","102,77,19,49,246",2:296:3|2:474:2|2:661:2
ckpt_4700.pt,2,980,0.5437326431274414,0.11216340959072113,0.4592159390449524,"154,105,153,181,38","47,126,71,153,51",2:209:2|2:875:2|2:16:1
ckpt_4700.pt,2,981,0.5054793953895569,0.09622194617986679,0.4199486970901489,"247,154,228,131,170","98,54,73,25,156",2:209:2|2:262:2|2:405:2
ckpt_4700.pt,2,982,0.48683372139930725,0.11942311376333237,0.3600236475467682,"46,253,112,29,123","135,184,136,74,144",2:20:2|2:49:2|2:70:2
ckpt_4700.pt,2,983,0.5845178365707397,0.1031837984919548,0.4565330445766449,"194,207,178,90,71","66,252,130,179,122",2:459:2|2:636:2|2:639:2
ckpt_4700.pt,2,984,0.4679560363292694,0.0852925106883049,0.4169639050960541,"184,204,57,133,130","204,220,210,186,36",2:96:2|2:325:2|2:665:2
ckpt_4700.pt,2,985,0.5610644817352295,0.09352148324251175,0.46284255385398865,"215,220,120,170,113","150,173,166,128,28",2:92:2|2:149:2|2:454:2
ckpt_4700.pt,2,986,0.48778629302978516,0.09954265505075455,0.38666728138923645,"126,252,102,208,56","112,251,231,215,84",2:9:2|2:319:2|2:988:2
ckpt_4700.pt,2,987,0.5260612368583679,0.09657668322324753,0.43434855341911316,"188,127,211,52,243","9,110,63,137,154",2:9:2|2:671:2|2:868:2
ckpt_4700.pt,2,988,0.5553419589996338,0.11852741241455078,0.4434499144554138,"154,197,102,56,46","217,129,190,172,42",2:214:2|2:970:2|2:986:2
ckpt_4700.pt,2,989,0.49978476762771606,0.09634580463171005,0.37672924995422363,"164,19,244,129,174","39,180,89,246,83",2:759:2|2:802:2|2:2:1
ckpt_4700.pt,2,990,0.49299028515815735,0.09277950972318649,0.4130985140800476,"129,231,33,66,178","101,91,151,120,61",2:923:2|2:1003:2|2:2:1
ckpt_4700.pt,2,991,0.5022792220115662,0.08486557751893997,0.41580167412757874,"77,204,173,83,30","198,16,242,227,122",2:912:2|2:76:1|2:88:1
ckpt_4700.pt,2,992,0.568114697933197,0.10603594034910202,0.4251518249511719,"97,14,141,104,73","250,226,164,197,247",2:28:2|2:147:2|2:476:2
ckpt_4700.pt,2,993,0.5964801907539368,0.09643135219812393,0.4973243176937103,"252,11,92,207,54","153,245,186,180,168",2:487:2|2:630:2|2:666:2
ckpt_4700.pt,2,994,0.5419430732727051,0.0975949838757515,0.4541921317577362,"187,42,255,169,59","144,162,22,219,65",2:311:2|2:550:2|2:874:2
ckpt_4700.pt,2,995,0.5047757029533386,0.09640032798051834,0.4232589602470398,"239,197,70,124,141","55,23,99,214,156",2:117:2|2:392:2|2:652:2
ckpt_4700.pt,2,996,0.4236923158168793,0.08185689151287079,0.3772335946559906,"47,136,83,118,120","174,38,248,114,244",2:27:1|2:34:1|2:35:1
ckpt_4700.pt,2,997,0.4985877573490143,0.09450145810842514,0.4266296327114105,"7,225,102,61,5","138,121,22,110,65",2:214:2|2:413:2|2:436:2
ckpt_4700.pt,2,998,0.5718311071395874,0.10980242490768433,0.4376218020915985,"96,189,3,42,121","165,54,82,16,61",2:106:2|2:165:2|2:305:2
ckpt_4700.pt,2,999,0.5431687831878662,0.09461496770381927,0.4458736777305603,"115,141,97,129,96","97,38,185,224,169",2:992:2|2:2:1|2:5:1
ckpt_4700.pt,2,1000,0.4929048717021942,0.09117627888917923,0.44159939885139465,"247,33,111,5,24","33,100,168,3,61",2:191:2|2:263:2|2:428:2
ckpt_4700.pt,2,1001,0.5659421682357788,0.12491335719823837,0.4288734793663025,"43,42,109,172,125","53,97,75,166,207",2:228:2|2:550:2|2:744:2
ckpt_4700.pt,2,1002,0.5038121938705444,0.09042027592658997,0.4027770161628723,"119,21,146,189,23","219,154,34,246,40",2:586:2|2:876:2|2:17:1
ckpt_4700.pt,2,1003,0.4999910593032837,0.12051955610513687,0.3849506676197052,"22,33,38,27,178","210,199,48,255,187",2:105:2|2:144:2|2:784:2
ckpt_4700.pt,2,1004,0.5136611461639404,0.09397980570793152,0.40682554244995117,"195,131,60,217,207","18,1,99,196,11",2:6:2|2:364:2|2:368:2
ckpt_4700.pt,2,1005,0.4255571961402893,0.0849214494228363,0.36044031381607056,"102,100,190,171,248","0,34,58,31,117",2:415:2|2:13:1|2:25:1
ckpt_4700.pt,2,1006,0.6007220149040222,0.11891521513462067,0.5062710046768188,"3,96,167,45,255","142,122,49,221,69",2:173:2|2:236:2|2:428:2
ckpt_4700.pt,2,1007,0.47439825534820557,0.12181835621595383,0.39951586723327637,"207,206,68,184,196","201,69,107,78,190",2:33:2|2:81:2|2:360:2
ckpt_4700.pt,2,1008,0.5755740404129028,0.1191408783197403,0.463540256023407,"57,86,35,23,9","33,60,84,39,128",2:1:1|2:17:1|2:63:1
ckpt_4700.pt,2,1009,0.5440126061439514,0.11533045023679733,0.41970181465148926,"32,100,168,7,35","244,140,241,185,43",2:301:3|2:204:2|2:400:2
ckpt_4700.pt,2,1010,0.5077078342437744,0.10526944696903229,0.4115992784500122,"95,178,46,48,93","198,131,79,225,158",2:20:2|2:120:2|2:217:2
ckpt_4700.pt,2,1011,0.44444307684898376,0.08765033632516861,0.387683629989624,"144,227,125,120,9","75,166,56,34,210",2:126:2|2:249:2|2:271:2
ckpt_4700.pt,2,1012,0.5076538324356079,0.08929536491632462,0.39843055605888367,"214,194,202,166,43","230,20,165,156,137",2:247:2|2:339:2|2:422:2
ckpt_4700.pt,2,1013,0.5156317949295044,0.09137538075447083,0.4212679862976074,"196,129,246,75,172","79,88,46,15,90",2:111:2|2:340:2|2:649:2
ckpt_4700.pt,2,1014,0.5243410468101501,0.10181517153978348,0.41610077023506165,"166,137,124,132,81","68,166,164,162,89",2:830:2|2:1017:2|2:1:1
ckpt_4700.pt,2,1015,0.43972182273864746,0.06867322325706482,0.38402724266052246,"29,151,132,134,77","108,180,77,181,113",2:783:2|2:5:1|2:11:1
ckpt_4700.pt,2,1016,0.47993797063827515,0.09622539579868317,0.4201754927635193,"59,146,54,221,187","148,190,110,128,161",2:144:2|2:265:2|2:276:2
ckpt_4700.pt,2,1017,0.4841419756412506,0.0852663442492485,0.39176201820373535,"187,206,166,137,203","144,94,10,49,107",2:338:2|2:1014:2|2:35:1
ckpt_4700.pt,2,1018,0.4787100851535797,0.11439836770296097,0.4056926965713501,"57,104,139,230,195","6,144,98,68,161",2:87:2|2:440:2|2:15:1
ckpt_4700.pt,2,1019,0.5435798764228821,0.10362934321165085,0.44677409529685974,"62,255,134,6,70","74,164,175,162,13",2:732:2|2:750:2|2:861:2
ckpt_4700.pt,2,1020,0.5117323994636536,0.12624208629131317,0.4378373920917511,"113,168,240,7,217","46,127,17,39,73",2:197:2|2:301:2|2:452:2
ckpt_4700.pt,2,1021,0.5564956665039062,0.08854306489229202,0.4469079077243805,"25,2,121,67,181","41,245,30,166,45",2:106:2|2:330:2|2:347:2
ckpt_4700.pt,2,1022,0.5142809748649597,0.1092883050441742,0.43206173181533813,"152,186,53,214,116","193,141,152,171,129",2:654:2|2:10:1|2:11:1
ckpt_4700.pt,2,1023,0.5065938234329224,0.09364970773458481,0.41395390033721924,"204,230,231,51,248","241,143,168,170,18",2:37:1|2:76:1|2:87:1
ckpt_4700.pt,3,0,0.48480820655822754,0.08823637664318085,0.41790053248405457,"208,145,103,130,19","55,143,57,91,73",3:242:2|3:334:2|3:566:2
ckpt_4700.pt,3,1,0.5784741640090942,0.11589208245277405,0.47863176465034485,"235,204,248,226,86","132,236,107,73,9",3:371:2|3:965:2|3:5:1
ckpt_4700.pt,3,2,0.5428303480148315,0.10364475846290588,0.4266447424888611,"181,117,206,80,40","129,225,171,45,195",3:65:2|3:66:2|3:307:2
ckpt_4700.pt,3,3,0.5543884038925171,0.09982242435216904,0.470116525888443,"120,135,210,98,39","194,191,82,160,61",3:501:2|3:4:1|3:9:1
ckpt_4700.pt,3,4,0.5741435289382935,0.09892509877681732,0.46873071789741516,"22,216,197,135,160","167,130,98,244,109",3:597:2|3:715:2|3:725:2
ckpt_4700.pt,3,5,0.5525379180908203,0.12785865366458893,0.4587622284889221,"101,248,217,24,241","124,199,74,105,52",3:376:2|3:466:2|3:752:2
ckpt_4700.pt,3,6,0.5661373734474182,0.09409560263156891,0.5016322135925293,"75,23,80,233,229","197,52,235,30,75",3:52:2|3:422:2|3:553:2
ckpt_4700.pt,3,7,0.5441796183586121,0.1065136194229126,0.46868541836738586,"106,94,95,129,47","89,106,102,52,57",3:15:2|3:403:2|3:449:2
ckpt_4700.pt,3,8,0.5407813787460327,0.10229362547397614,0.45306503772735596,"76,227,2,59,237","221,80,203,115,67",3:24:2|3:176:2|3:228:2
ckpt_4700.pt,3,9,0.5330901145935059,0.097263403236866,0.4271015524864197,"210,142,21,150,37","105,156,164,75,213",3:10:2|3:949:2|3:3:1
ckpt_4700.pt,3,10,0.5288121700286865,0.10432660579681396,0.4647134840488434,"88,14,37,210,253","90,0,215,120,91",3:9:2|3:618:2|3:949:2
ckpt_4700.pt,3,11,0.5953190326690674,0.11126541346311569,0.5102058053016663,"147,113,118,251,208","237,56,241,49,47",3:141:2|3:251:2|3:318:2
ckpt_4700.pt,3,12,0.4918174743652344,0.08528302609920502,0.4076562821865082,"243,103,132,254,42","4,89,91,159,202",3:252:2|3:319:2|3:493:2
ckpt_4700.pt,3,13,0.5199544429779053,0.09161991626024246,0.42673248052597046,"44,122,29,245,27","79,93,144,236,195",3:19:2|3:400:2|3:696:2
ckpt_4700.pt,3,14,0.5599386096000671,0.1162487044930458,0.4699819087982178,"40,11,215,197,0","215,219,168,70,180",3:402:2|3:520:2|3:584:2
ckpt_4700.pt,3,15,0.5960456728935242,0.1536310464143753,0.45639654994010925,"47,32,53,95,230","118,189,31,162,116",3:7:2|3:241:2|3:502:2
ckpt_4700.pt,3,16,0.4481166899204254,0.08895609527826309,0.3991778492927551,"235,65,18,49,107","207,1,28,121,236",3:188:2|3:514:2|3:595:2
ckpt_4700.pt,3,17,0.546836256980896,0.09445779025554657,0.4456280469894409,"182,89,95,253,80","211,83,108,164,12",3:108:2|3:379:2|3:2:1
ckpt_4700.pt,3,18,0.5135678648948669,0.07903775572776794,0.44245412945747375,"107,29,50,251,81","96,15,139,57,151",3:127:2|3:532:2|3:11:1
ckpt_4700.pt,3,19,0.5077946782112122,0.10358746349811554,0.4133986234664917,"212,38,250,44,27","180,245,44,234,187",3:13:2|3:737:2|3:807:2
ckpt_4700.pt,3,20,0.4862036406993866,0.09245635569095612,0.41659045219421387,"239,46,247,233,194","171,118,141,226,105",3:284:2|3:324:2|3:339:2
ckpt_4700.pt,3,21,0.5559614300727844,0.09627842903137207,0.47044482827186584,"143,148,89,113,161","232,12,234,213,172",3:47:2|3:760:2|3:11:1
ckpt_4700.pt,3,22,0.5507022142410278,0.09520314633846283,0.4872962534427643,"25,92,152,125,78","6,106,50,83,84",3:213:2|3:321:2|3:505:2
ckpt_4700.pt,3,23,0.5255188345909119,0.12311073392629623,0.4145869314670563,"170,3,149,128,90","255,195,148,244,111",3:42:1|3:77:1|3:84:1
ckpt_4700.pt,3,24,0.4892784059047699,0.10038378834724426,0.4162483513355255,"248,76,44,34,59","220,245,161,210,54",3:8:2|3:293:2|3:527:2
ckpt_4700.pt,3,25,0.540441632270813,0.10508158057928085,0.479111909866333,"175,4,112,141,7","60,135,101,153,65",3:96:2|3:525:2|3:730:2
ckpt_4700.pt,3,26,0.528528094291687,0.10112931579351425,0.4292234480381012,"190,220,47,197,244","190,216,62,182,89",3:160:2|3:315:2|3:599:2
ckpt_4700.pt,3,27,0.47210824489593506,0.08499341458082199,0.38810908794403076,"27,163,129,133,26","135,254,89,187,167",3:136:2|3:593:2|3:681:2
ckpt_4700.pt,3,28,0.5208050012588501,0.09748969227075577,0.44735240936279297,"232,228,208,196,24","27,54,23,131,9",3:107:2|3:202:2|3:734:2
ckpt_4700.pt,3,29,0.4635825455188751,0.08338526636362076,0.4382089674472809,"147,137,89,206,200","116,31,201,118,215",3:270:2|3:582:2|3:641:2
ckpt_4700.pt,3,30,0.5601559281349182,0.12253623455762863,0.47432926297187805,"10,38,220,36,239","5,185,52,19,110",3:424:2|3:1015:2|3:19:1
ckpt_4700.pt,3,31,0.5352271199226379,0.10452850908041,0.4221086800098419,"121,174,241,100,53","96,35,10,163,188",3:144:2|3:333:2|3:5:1
ckpt_4700.pt,3,32,0.5714210271835327,0.13401441276073456,0.457349956035614,"15,57,146,50,137","9,84,162,17,98",3:218:2|3:359:2|3:749:2
ckpt_4700.pt,3,33,0.5061017870903015,0.10455486178398132,0.4291630685329437,"33,97,101,103,143","25,100,247,144,219",3:325:2|3:726:2|3:1005:2
ckpt_4700.pt,3,34,0.48808664083480835,0.09140222519636154,0.3954375386238098,"172,161,220,205,5","80,230,226,74,89",3:60:2|3:129:2|3:159:2
ckpt_4700.pt,3,35,0.5443359017372131,0.09662648290395737,0.4810812175273895,"185,202,169,79,15","79,69,11,83,198",3:250:2|3:273:2|3:535:2
ckpt_4700.pt,3,36,0.5453587770462036,0.12160880863666534,0.4569365680217743,"209,251,33,18,146","185,99,60,22,222",3:175:2|3:294:2|3:342:2
ckpt_4700.pt,3,37,0.5517129302024841,0.12479454278945923,0.4862479269504547,"93,211,16,83,131","228,190,38,0,34",3:591:3|3:166:2|3:304:2
ckpt_4700.pt,3,38,0.5875386595726013,0.11522215604782104,0.539684534072876,"95,110,25,203,204","203,240,196,139,10",3:287:2|3:407:2|3:451:2
ckpt_4700.pt,3,39,0.5525060296058655,0.09350848197937012,0.4431886672973633,"80,47,22,248,227","219,25,110,190,26",3:286:2|3:315:2|3:410:2
ckpt_4700.pt,3,40,0.5503709316253662,0.11033254116773605,0.4514690041542053,"161,203,153,129,13","56,113,120,61,131",3:60:2|3:89:2|3:449:2
ckpt_4700.pt,3,41,0.46760720014572144,0.07308709621429443,0.40805765986442566,"101,6,169,67,41","228,67,90,157,178",3:936:2|3:945:2|3:5:1
ckpt_4700.pt,3,42,0.5643455386161804,0.11831510812044144,0.5111117362976074,"36,51,13,106,90","146,120,185,51,222",3:7:1|3:23:1|3:30:1
ckpt_4700.pt,3,43,0.5063581466674805,0.09190564602613449,0.4118557274341583,"31,6,20,252,142","91,164,223,225,30",3:100:2|3:291:2|3:873:2
ckpt_4700.pt,3,44,0.540939211845398,0.10548216849565506,0.42343997955322266,"183,129,96,74,254","49,210,6,36,24",3:288:2|3:994:2|3:7:1
ckpt_4700.pt,3,45,0.5434319376945496,0.10594581812620163,0.45162343978881836,"58,232,75,141,143","141,97,84,106,170",3:68:2|3:325:2|3:6:1
ckpt_4700.pt,3,46,0.5638932585716248,0.12383375316858292,0.4538654088973999,"232,74,195,239,13","242,160,60,74,10",3:529:2|3:587:2|3:678:2
ckpt_4700.pt,3,47,0.5984187126159668,0.12570972740650177,0.500569760799408,"156,195,48,113,161","246,109,134,180,75",3:21:2|3:951:2|3:11:1
ckpt_4700.pt,3,48,0.5580384135246277,0.116378054022789,0.4373634457588196,"6,210,73,223,91","32,190,204,197,97",3:327:2|3:3:1|3:9:1
ckpt_4700.pt,3,49,0.5397365689277649,0.10038387030363083,0.4711189866065979,"85,70,143,173,159","3,35,233,16,217",3:561:2|3:623:2|3:21:1
ckpt_4700.pt,3,50,0.5677785277366638,0.1223420798778534,0.4812133014202118,"160,233,212,79,19","174,181,180,232,170",3:363:2|3:535:2|3:728:2
ckpt_4700.pt,3,51,0.49002137780189514,0.09092087298631668,0.4416188895702362,"151,223,37,255,196","222,128,154,141,30",3:202:2|3:592:2|3:9:1
ckpt_4700.pt,3,52,0.5963714122772217,0.10554932802915573,0.4930697977542877,"86,189,230,75,23","18,145,230,4,52",3:6:2|3:386:2|3:526:2
ckpt_4700.pt,3,53,0.6273823380470276,0.10883429646492004,0.5054025053977966,"112,116,28,248,181","172,62,210,224,167",3:648:2|3:834:2|3:1:1
ckpt_4700.pt,3,54,0.5000026822090149,0.10621435195207596,0.43318289518356323,"100,64,233,20,88","234,73,100,20,81",3:6:1|3:10:1|3:20:1
ckpt_4700.pt,3,55,0.5520277619361877,0.09589612483978271,0.4781781733036041,"183,193,207,243,172","58,197,199,138,191",3:751:2|3:12:1|3:34:1
ckpt_4700.pt,3,56,0.5270521640777588,0.11150476336479187,0.4448108375072479,"221,216,244,48,213","137,209,49,57,168",3:75:2|3:237:2|3:436:2
ckpt_4700.pt,3,57,0.4433876574039459,0.08889899402856827,0.41273611783981323,"1,44,4,43,39","27,193,85,144,130",3:139:2|3:259:2|3:382:2
ckpt_4700.pt,3,58,0.4840922951698303,0.09946059435606003,0.38995611667633057,"100,63,75,106,19","51,5,215,75,116",3:334:2|3:367:2|3:838:2
ckpt_4700.pt,3,59,0.5417837500572205,0.08636409789323807,0.4602200388908386,"25,11,217,164,38","117,125,60,139,242",3:236:2|3:341:2|3:505:2
ckpt_4700.pt,3,60,0.5011511445045471,0.10077035427093506,0.43197596073150635,"153,161,57,225,5","94,39,65,216,61",3:34:2|3:40:2|3:283:2
ckpt_4700.pt,3,61,0.5582116842269897,0.09102469682693481,0.49223437905311584,"25,40,73,178,105","84,80,92,75,65",3:245:2|3:295:2|3:364:2
ckpt_4700.pt,3,62,0.5143218040466309,0.08609255403280258,0.43003690242767334,"2,73,20,26,176","224,72,114,13,201",3:417:2|3:8:1|3:27:1
ckpt_4700.pt,3,63,0.48465725779533386,0.08683611452579498,0.4241044223308563,"211,105,112,85,189","201,44,184,40,216",3:164:2|3:703:2|3:721:2
ckpt_4700.pt,3,64,0.5560104250907898,0.11748897284269333,0.48102837800979614,"182,8,165,39,217","161,25,24,247,96",3:443:2|3:509:2|3:540:2
ckpt_4700.pt,3,65,0.6657431721687317,0.12323831766843796,0.5416565537452698,"224,146,206,181,65","254,126,233,40,58",3:2:2|3:231:2|3:307:2
ckpt_4700.pt,3,66,0.5138440132141113,0.11186634004116058,0.4175744950771332,"136,129,181,80,251","9,249,213,246,225",3:2:2|3:235:2|3:837:2
ckpt_4700.pt,3,67,0.5621386766433716,0.09792225807905197,0.4601649045944214,"229,84,223,226,76","233,167,79,22,1",3:179:2|3:548:2|3:810:2
ckpt_4700.pt,3,68,0.5444892644882202,0.11091194301843643,0.4430900812149048,"162,58,94,143,88","179,101,111,155,176",3:45:2|3:429:2|3:544:2
ckpt_4700.pt,3,69,0.5249032378196716,0.10109227150678635,0.4120059013366699,"114,167,18,202,248","75,254,65,101,216",3:515:2|3:695:2|3:1:1
ckpt_4700.pt,3,70,0.5074905753135681,0.0959339365363121,0.44342416524887085,"184,48,217,110,209","97,205,127,255,229",3:443:2|3:485:2|3:909:2
ckpt_4700.pt,3,71,0.5053461194038391,0.09251188486814499,0.4122007191181183,"116,178,225,96,154","114,197,154,65,17",3:295:2|3:395:2|3:44:1
ckpt_4700.pt,3,72,0.5447245836257935,0.10757613182067871,0.4506880044937134,"129,53,132,145,21","26,4,252,78,179",3:192:2|3:891:2|3:0:1
ckpt_4700.pt,3,73,0.529075562953949,0.08892430365085602,0.42930343747138977,"163,57,166,42,209","158,122,251,3,126",3:81:2|3:112:2|3:331:2
ckpt_4700.pt,3,74,0.4917145073413849,0.0923658162355423,0.41929152607917786,"217,175,252,56,225","37,53,157,117,184",3:413:2|3:874:2|3:983:2
ckpt_4700.pt,3,75,0.5394452214241028,0.11700959503650665,0.4492706060409546,"114,176,250,216,48","11,209,200,244,147",3:56:2|3:478:2|3:556:2
ckpt_4700.pt,3,76,0.5636829137802124,0.11636146157979965,0.45851758122444153,"194,132,74,147,166","137,55,109,29,58",3:368:2|3:396:2|3:558:2
ckpt_4700.pt,3,77,0.5703692436218262,0.10201282799243927,0.47185179591178894,"31,128,117,27,79","107,44,69,229,92",3:753:3|3:230:2|3:363:2
ckpt_4700.pt,3,78,0.5244742035865784,0.08292023092508316,0.429653137922287,"31,226,189,244,103","216,205,248,157,81",3:758:2|3:781:2|3:946:2
ckpt_4700.pt,3,79,0.5308578610420227,0.09208133816719055,0.44757652282714844,"75,162,224,48,76","204,241,135,227,36",3:293:2|3:478:2|3:503:2
ckpt_4700.pt,3,80,0.5060772895812988,0.08575785160064697,0.4400852620601654,"21,56,227,134,77","254,235,226,188,117",3:167:2|3:479:2|3:909:2
ckpt_4700.pt,3,81,0.5808506011962891,0.11712682247161865,0.4833252727985382,"66,202,57,42,105","218,213,54,200,232",3:73:2|3:220:2|3:845:2
ckpt_4700.pt,3,82,0.5744169354438782,0.12836205959320068,0.4474358856678009,"38,93,84,61,242","239,220,199,222,0",3:480:2|3:860:2|3:19:1
ckpt_4700.pt,3,83,0.5721344947814941,0.1070423349738121,0.4489329159259796,"130,166,137,189,79","128,188,202,11,250",3:0:1|3:29:1|3:32:1
ckpt_4700.pt,3,84,0.5640146732330322,0.09164509922266006,0.5011827945709229,"58,145,215,149,25","210,230,117,255,56",3:274:2|3:500:2|3:680:2
ckpt_4700.pt,3,85,0.5211067795753479,0.11797111481428146,0.4482469856739044,"107,33,131,147,213","84,59,101,156,108",3:368:2|3:532:2|3:767:2
ckpt_4700.pt,3,86,0.5355609655380249,0.10183962434530258,0.4642658531665802,"69,6,47,114,219","215,29,170,80,34",3:431:2|3:508:2|3:948:2
ckpt_4700.pt,3,87,0.5652697086334229,0.10488729923963547,0.4745236933231354,"63,108,148,201,119","68,201,227,26,146",3:410:2|3:428:2|3:489:2
ckpt_4700.pt,3,88,0.5084645748138428,0.08495581895112991,0.4225887954235077,"98,225,117,254,205","215,9,169,20,233",3:277:2|3:553:2|3:647:2
ckpt_4700.pt,3,89,0.5605873465538025,0.11583229154348373,0.4493108093738556,"49,137,203,129,48","115,172,138,219,166",3:40:2|3:218:2|3:590:2
ckpt_4700.pt,3,90,0.5966792702674866,0.12079301476478577,0.4646182656288147,"7,217,6,167,224","71,105,198,145,240",3:390:2|3:5:1|3:25:1
ckpt_4700.pt,3,91,0.5717829465866089,0.11189503967761993,0.4488532245159149,"205,56,112,139,251","170,21,36,233,17",3:567:2|3:874:2|3:878:2
ckpt_4700.pt,3,92,0.5763618350028992,0.1157684251666069,0.5024150609970093,"191,12,62,61,131","216,106,157,197,128",3:37:1|3:82:1|3:85:1
ckpt_4700.pt,3,93,0.5729086995124817,0.11320940405130386,0.47315260767936707,"154,32,3,113,217","32,105,147,65,153",3:509:2|3:629:2|3:710:2
ckpt_4700.pt,3,94,0.5383943915367126,0.09712368249893188,0.44825151562690735,"1,97,116,17,220","57,255,193,8,9",3:262:2|3:971:2|3:26:1
ckpt_4700.pt,3,95,0.4859735667705536,0.08735687285661697,0.38254597783088684,"123,7,64,1,185","131,241,90,1,16",3:212:2|3:344:2|3:458:2
ckpt_4700.pt,3,96,0.537505567073822,0.09896151721477509,0.4270475208759308,"76,175,170,63,141","195,105,120,94,53",3:25:2|3:732:2|3:8:1
ckpt_4700.pt,3,97,0.5418492555618286,0.09425961226224899,0.476451575756073,"59,223,188,10,42","196,112,240,124,73",3:938:2|3:8:1|3:12:1
ckpt_4700.pt,3,98,0.5218794941902161,0.09455476701259613,0.43414562940597534,"149,216,45,110,47","25,117,217,42,243",3:547:2|3:4:1|3:7:1
ckpt_4700.pt,3,99,0.539348304271698,0.094376340508461,0.4426327645778656,"204,160,63,146,17","133,131,53,206,215",3:134:2|3:240:2|3:1:1
ckpt_4700.pt,3,100,0.5786484479904175,0.12902896106243134,0.47642990946769714,"75,154,247,31,252","134,155,15,166,73",3:43:2|3:356:2|3:980:2
ckpt_4700.pt,3,101,0.5064923167228699,0.10153335332870483,0.48826727271080017,"206,157,53,220,234","162,246,86,229,183",3:156:2|3:270:2|3:426:2
ckpt_4700.pt,3,102,0.5810485482215881,0.10738256573677063,0.4745646119117737,"85,94,102,123,140","23,136,112,17,48",3:247:2|3:337:2|3:440:2
ckpt_4700.pt,3,103,0.6255040764808655,0.12797711789608002,0.49104416370391846,"36,254,45,46,161","202,34,31,167,198",3:194:2|3:463:2|3:798:2
ckpt_4700.pt,3,104,0.6084477305412292,0.1215972751379013,0.509489119052887,"95,152,254,49,83","118,207,49,119,252",3:170:2|3:430:2|3:749:2
ckpt_4700.pt,3,105,0.5115814805030823,0.08522938191890717,0.45323073863983154,"203,242,254,91,178","254,205,203,113,71",3:323:2|3:580:2|3:651:2
ckpt_4700.pt,3,106,0.5901544094085693,0.12188111245632172,0.5041055083274841,"100,89,96,38,26","185,39,206,232,23",3:260:2|3:994:2|3:17:1
ckpt_4700.pt,3,107,0.5069444179534912,0.10231481492519379,0.4037988781929016,"32,232,196,180,80","116,210,70,78,156",3:28:2|3:202:2|3:492:2
ckpt_4700.pt,3,108,0.5917336940765381,0.11585376411676407,0.4884287416934967,"89,80,132,156,155","46,90,240,251,103",3:17:2|3:422:2|3:1018:2
ckpt_4700.pt,3,109,0.5376119613647461,0.14438657462596893,0.45911741256713867,"82,106,203,230,17","159,120,130,239,163",3:513:2|3:596:2|3:7:1
ckpt_4700.pt,3,110,0.5139543414115906,0.1008199155330658,0.41227564215660095,"21,34,31,165,105","204,81,220,69,150",3:9:1|3:24:1|3:43:1
ckpt_4700.pt,3,111,0.5499728322029114,0.1393970102071762,0.433414101600647,"188,235,96,93,128","243,166,178,184,235",3:329:2|3:1:1|3:16:1
ckpt_4700.pt,3,112,0.5182108879089355,0.09560920298099518,0.42170801758766174,"209,51,163,62,65","212,48,157,85,5",3:73:2|3:181:2|3:331:2
ckpt_4700.pt,3,113,0.5478545427322388,0.13865338265895844,0.4925885498523712,"219,4,17,70,65","6,46,105,41,1",3:364:2|3:816:2|3:971:2
ckpt_4700.pt,3,114,0.5462325811386108,0.10593537986278534,0.4270133674144745,"217,81,53,146,67","112,62,117,65,96",3:569:2|3:5:1|3:15:1
ckpt_4700.pt,3,115,0.5447383522987366,0.10033847391605377,0.4645743668079376,"201,120,117,161,72","230,233,205,4,154",3:140:2|3:449:2|3:489:2
ckpt_4700.pt,3,116,0.5721964836120605,0.09638503938913345,0.4534190893173218,"22,13,180,102,184","143,91,172,99,150",3:557:2|3:613:2|3:742:2
ckpt_4700.pt,3,117,0.5401542782783508,0.135715514421463,0.44024303555488586,"248,234,152,174,230","82,217,175,228,90",3:430:2|3:530:2|3:1:1
ckpt_4700.pt,3,118,0.5407161712646484,0.1013442724943161,0.4434393048286438,"59,50,155,13,172","24,128,144,251,205",3:8:1|3:18:1|3:24:1
ckpt_4700.pt,3,119,0.5680619478225708,0.11876685172319412,0.4568783938884735,"86,164,144,33,3","117,145,92,101,106",3:850:2|3:896:2|3:1:1
ckpt_4700.pt,3,120,0.5285630822181702,0.09921395033597946,0.4441241919994354,"219,226,75,183,208","145,26,207,85,59",3:163:2|3:0:1|3:1:1
ckpt_4700.pt,3,121,0.538038432598114,0.10227958858013153,0.4443592131137848,"38,128,20,28,58","153,38,66,3,21",3:272:2|3:467:2|3:598:2
ckpt_4700.pt,3,122,0.5363540053367615,0.12327779084444046,0.4456387758255005,"209,40,246,177,1","85,12,170,227,67",3:450:2|3:583:2|3:969:2
ckpt_4700.pt,3,123,0.5527831315994263,0.12542326748371124,0.47292834520339966,"224,216,101,239,132","74,71,65,140,45",3:308:2|3:4:1|3:5:1
ckpt_4700.pt,3,124,0.5869410634040833,0.1221202164888382,0.4906437397003174,"134,247,146,180,2","17,238,119,217,20",3:190:2|3:490:2|3:577:2
ckpt_4700.pt,3,125,0.5528202652931213,0.09742619097232819,0.4244057834148407,"123,166,216,252,237","15,46,172,117,142",3:241:2|3:393:2|3:450:2
ckpt_4700.pt,3,126,0.5272117853164673,0.09949705749750137,0.4502510726451874,"129,120,71,116,189","195,45,161,234,172",3:192:2|3:289:2|3:349:2
ckpt_4700.pt,3,127,0.5442939400672913,0.11494801938533783,0.47125735878944397,"80,84,203,107,29","107,17,211,207,197",3:18:2|3:469:2|3:2:1
ckpt_4700.pt,3,128,0.55989670753479,0.09909892827272415,0.4241056740283966,"158,90,112,249,150","137,201,39,191,90",3:685:2|3:903:2|3:9:1
ckpt_4700.pt,3,129,0.5512887835502625,0.10366407781839371,0.46292242407798767,"24,172,64,127,5","98,155,228,163,200",3:34:2|3:299:2|3:581:2
ckpt_4700.pt,3,130,0.6197450757026672,0.1409318447113037,0.5155600309371948,"176,135,122,31,107","77,179,19,155,206",3:808:2|3:828:2|3:831:2
ckpt_4700.pt,3,131,0.5743324160575867,0.11203282326459885,0.4649631679058075,"11,114,81,54,177","67,178,6,145,195",3:538:2|3:799:2|3:14:1
ckpt_4700.pt,3,132,0.5747315287590027,0.11758626252412796,0.4889861047267914,"71,121,221,142,164","132,218,112,40,210",3:165:2|3:205:2|3:209:2
ckpt_4700.pt,3,133,0.5206491947174072,0.08649659901857376,0.41919344663619995,"188,120,12,9,32","72,138,109,132,48",3:139:2|3:477:2|3:744:2
ckpt_4700.pt,3,134,0.6128995418548584,0.10615633428096771,0.4819023013114929,"63,154,169,189,160","242,187,123,143,197",3:99:2|3:417:2|3:939:2
ckpt_4700.pt,3,135,0.5344188809394836,0.11249436438083649,0.4758756458759308,"203,26,22,10,194","239,52,101,252,206",3:938:2|3:4:1|3:20:1
ckpt_4700.pt,3,136,0.5081839561462402,0.11058641225099564,0.4123116135597229,"80,27,86,26,205","160,142,169,244,109",3:27:2|3:526:2|3:646:2
ckpt_4700.pt,3,137,0.49158719182014465,0.1112188771367073,0.3777864873409271,"50,22,195,171,250","133,202,126,84,254",3:529:3|3:842:2|3:4:1
ckpt_4700.pt,3,138,0.5753898620605469,0.0858377069234848,0.5160597562789917,"196,59,43,56,35","161,110,76,34,70",3:227:2|3:242:2|3:523:2
ckpt_4700.pt,3,139,0.5451366901397705,0.10030852258205414,0.4719235897064209,"188,4,71,44,9","92,235,155,26,217",3:57:2|3:133:2|3:261:2
ckpt_4700.pt,3,140,0.532349169254303,0.10813159495592117,0.4610217213630676,"72,79,161,30,73","185,217,110,231,173",3:115:2|3:143:2|3:830:2
ckpt_4700.pt,3,141,0.5497681498527527,0.10185901820659637,0.44210031628608704,"147,144,138,118,53","178,163,64,199,36",3:11:2|3:251:2|3:528:2
ckpt_4700.pt,3,142,0.5537823438644409,0.0886724591255188,0.46154001355171204,"233,176,133,41,214","121,104,138,152,189",3:154:2|3:339:2|3:981:2
ckpt_4700.pt,3,143,0.6399162411689758,0.12227034568786621,0.5368085503578186,"145,30,134,169,73","123,134,34,18,91",3:140:2|3:0:1|3:35:1
ckpt_4700.pt,3,144,0.5409150719642639,0.0984766036272049,0.44377368688583374,"241,156,160,125,100","213,105,46,150,29",3:31:2|3:150:2|3:4:1
ckpt_4700.pt,3,145,0.5600864291191101,0.09544140100479126,0.4479551315307617,"253,1,219,100,207","208,186,35,159,177",3:379:2|3:416:2|3:10:1
ckpt_4700.pt,3,146,0.5758489370346069,0.10846113413572311,0.48243486881256104,"35,30,204,147,253","210,212,246,60,11",3:151:2|3:423:2|3:1:1
ckpt_4700.pt,3,147,0.5460504293441772,0.11393721401691437,0.44618362188339233,"193,4,156,13,253","102,210,139,159,107",3:175:2|3:353:2|3:379:2
ckpt_4700.pt,3,148,0.5535981059074402,0.1389458030462265,0.4448864459991455,"160,57,179,11,244","80,193,243,218,175",3:311:2|3:409:2|3:4:1
ckpt_4700.pt,3,149,0.5299804210662842,0.08147064596414566,0.4345734417438507,"16,38,185,31,149","17,34,163,157,73",3:498:2|3:19:1|3:23:1
ckpt_4700.pt,3,150,0.525311291217804,0.09982409328222275,0.4536263346672058,"230,156,231,206,241","179,147,157,28,185",3:144:2|3:231:2|3:466:2
ckpt_4700.pt,3,151,0.5519618391990662,0.14562496542930603,0.45812445878982544,"180,173,190,253,147","55,17,86,27,136",3:146:2|3:210:2|3:327:2
ckpt_4700.pt,3,152,0.5310149192810059,0.09079662710428238,0.4487525224685669,"107,6,220,51,134","116,15,143,102,39",3:833:2|3:1006:2|3:16:1
ckpt_4700.pt,3,153,0.6240002512931824,0.13276197016239166,0.4837338626384735,"171,153,196,143,160","217,109,69,224,34",3:529:2|3:725:2|3:4:1
ckpt_4700.pt,3,154,0.5490060448646545,0.08422721922397614,0.445796400308609,"142,214,70,127,41","120,255,76,144,90",3:142:2|3:785:2|3:9:1
ckpt_4700.pt,3,155,0.5686520338058472,0.11528825759887695,0.43218332529067993,"199,83,197,111,18","13,194,240,189,50",3:385:3|3:704:2|3:1008:2
ckpt_4700.pt,3,156,0.5260804295539856,0.09869388490915298,0.47741594910621643,"32,42,206,112,234","245,179,32,169,73",3:101:2|3:270:2|3:311:2
ckpt_4700.pt,3,157,0.5560125708580017,0.10277950018644333,0.44810524582862854,"225,46,138,160,251","252,152,169,178,26",3:543:2|3:624:2|3:837:2
ckpt_4700.pt,3,158,0.5345179438591003,0.0994749516248703,0.44783249497413635,"207,232,150,188,136","35,201,4,113,197",3:257:2|3:562:2|3:761:2
ckpt_4700.pt,3,159,0.5117950439453125,0.09178023040294647,0.4056985378265381,"205,96,42,152,161","46,67,191,92,178",3:34:2|3:606:2|3:803:2
ckpt_4700.pt,3,160,0.5122753977775574,0.10470612347126007,0.4344039857387543,"244,174,56,45,220","69,130,131,46,93",3:26:2|3:479:2|3:30:1
ckpt_4700.pt,3,161,0.5468881726264954,0.10035194456577301,0.45652511715888977,"169,206,141,131,198","182,147,80,48,105",3:813:3|3:736:2|3:2:1
ckpt_4700.pt,3,162,0.5204287767410278,0.08986485004425049,0.4333728551864624,"198,38,98,136,22","152,18,40,55,136",3:3:1|3:4:1|3:19:1
ckpt_4700.pt,3,163,0.4973601996898651,0.08166147023439407,0.41547226905822754,"180,226,151,183,210","1,210,167,81,16",3:120:2|3:618:2|3:622:2
ckpt_4700.pt,3,164,0.5575472712516785,0.10843317955732346,0.48007717728614807,"175,133,189,186,105","190,214,138,222,47",3:63:2|3:207:2|3:756:2
ckpt_4700.pt,3,165,0.5196045637130737,0.08908646553754807,0.43433675169944763,"142,164,157,173,39","156,135,53,130,60",3:132:2|3:836:2|3:3:1
ckpt_4700.pt,3,166,0.4957878887653351,0.10910167545080185,0.44349899888038635,"101,131,170,249,211","41,252,157,197,108",3:37:2|3:304:2|3:728:2
ckpt_4700.pt,3,167,0.5295048356056213,0.09399517625570297,0.4382387697696686,"235,139,77,254,227","229,4,191,176,167",3:80:2|3:315:2|3:915:2
ckpt_4700.pt,3,168,0.5247228145599365,0.10437600314617157,0.46371546387672424,"69,245,167,65,98","181,189,248,96,206",3:464:2|3:647:2|3:899:2
ckpt_4700.pt,3,169,0.5096407532691956,0.08867359161376953,0.42600151896476746,"75,175,65,87,153","217,116,12,236,172",3:396:2|3:575:2|3:587:2
ckpt_4700.pt,3,170,0.4800441265106201,0.09586577117443085,0.40541180968284607,"157,152,44,167,83","87,47,104,50,217",3:104:2|3:686:2|3:774:2
ckpt_4700.pt,3,171,0.551834762096405,0.11372530460357666,0.43489155173301697,"76,174,225,128,107","93,22,157,42,89",3:777:2|3:992:2|3:1023:2
ckpt_4700.pt,3,172,0.5406323671340942,0.0956609845161438,0.4498569965362549,"23,251,32,224,58","89,159,245,124,240",3:293:2|3:6:1|3:11:1
ckpt_4700.pt,3,173,0.6058161854743958,0.12235423922538757,0.5073413848876953,"19,217,245,232,138","114,160,157,91,181",3:332:2|3:453:2|3:505:2
ckpt_4700.pt,3,174,0.6270989179611206,0.10565193742513657,0.4946550726890564,"166,186,212,26,154","148,20,13,133,7",3:232:2|3:997:2|3:19:1
ckpt_4700.pt,3,175,0.620578944683075,0.11566299200057983,0.498088538646698,"4,251,88,146,156","17,206,236,200,223",3:36:2|3:147:2|3:231:2
ckpt_4700.pt,3,176,0.5714479684829712,0.09505178779363632,0.4832843244075775,"227,109,157,2,130","58,16,187,106,101",3:8:2|3:211:2|3:228:2
ckpt_4700.pt,3,177,0.5220960974693298,0.095265232026577,0.4305633306503296,"84,98,190,207,27","211,241,50,216,63",3:825:2|3:3:1|3:13:1
ckpt_4700.pt,3,178,0.5561650395393372,0.1094985082745552,0.4788183867931366,"199,238,49,206,167","179,103,81,23,125",3:300:2|3:442:2|3:773:2
ckpt_4700.pt,3,179,0.540894091129303,0.10969393700361252,0.47584328055381775,"1,84,226,171,33","19,204,161,106,49",3:67:2|3:232:2|3:548:2
ckpt_4700.pt,3,180,0.5938422679901123,0.12780778110027313,0.46344417333602905,"121,123,190,70,231","106,156,108,223,9",3:835:2|3:26:1|3:31:1
ckpt_4700.pt,3,181,0.5807039141654968,0.10585030913352966,0.4605681598186493,"93,187,50,65,51","164,69,156,66,104",3:112:2|3:16:1|3:18:1
ckpt_4700.pt,3,182,0.5086682438850403,0.09954898804426193,0.427957147359848,"244,29,117,95,149","94,30,159,251,49",3:315:2|3:434:2|3:449:2
ckpt_4700.pt,3,183,0.5075785517692566,0.10285313427448273,0.4771230220794678,"173,145,194,232,191","8,251,118,124,216",3:304:2|3:524:2|3:539:2
ckpt_4700.pt,3,184,0.563855767250061,0.09617963433265686,0.44969597458839417,"28,252,213,200,24","220,14,160,249,35",3:222:2|3:290:2|3:413:2
ckpt_4700.pt,3,185,0.5241657495498657,0.09966613352298737,0.4490779638290405,"196,243,245,17,252","142,139,117,244,206",3:393:2|3:705:2|3:751:2
ckpt_4700.pt,3,186,0.5339781045913696,0.13478603959083557,0.41833043098449707,"80,54,92,71,96","64,71,216,200,238",3:676:2|3:888:2|3:901:2
ckpt_4700.pt,3,187,0.514297366142273,0.09341463446617126,0.45022058486938477,"185,224,160,230,201","120,21,104,39,35",3:934:3|3:256:2|3:725:2
ckpt_4700.pt,3,188,0.5585445165634155,0.08750958740711212,0.4324013292789459,"70,101,235,18,153","255,26,86,246,225",3:16:2|3:1:1|3:5:1
ckpt_4700.pt,3,189,0.480907678604126,0.08555016666650772,0.3951888978481293,"43,181,149,227,250","173,89,229,149,239",3:655:2|3:842:2|3:917:2
ckpt_4700.pt,3,190,0.5467864274978638,0.10317797213792801,0.46563810110092163,"48,146,83,180,103","99,46,29,246,215",3:124:2|3:419:2|3:472:2
ckpt_4700.pt,3,191,0.515372097492218,0.09582192450761795,0.4125390946865082,"134,81,229,136,230","81,244,152,92,114",3:381:2|3:451:2|3:6:1
ckpt_4700.pt,3,192,0.5361708998680115,0.11293062567710876,0.42681148648262024,"51,53,175,129,71","98,253,49,73,65",3:72:2|3:126:2|3:495:2
ckpt_4700.pt,3,193,0.505345344543457,0.09339084476232529,0.39802199602127075,"243,205,187,149,72","88,147,166,32,201",3:516:2|3:999:2|3:12:1
ckpt_4700.pt,3,194,0.5964217185974121,0.0884062722325325,0.46759626269340515,"46,214,205,45,3","211,43,80,30,130",3:103:2|3:339:2|3:573:2
ckpt_4700.pt,3,195,0.5380659699440002,0.10016704350709915,0.40992724895477295,"163,181,179,130,64","156,132,182,163,190",3:217:2|3:844:2|3:0:1
ckpt_4700.pt,3,196,0.611355185508728,0.1263839304447174,0.48369643092155457,"2,88,17,71,38","186,99,160,219,30",3:260:2|3:713:2|3:8:1
ckpt_4700.pt,3,197,0.4868285655975342,0.09552260488271713,0.4279003143310547,"126,59,203,176,147","232,187,158,7,239",3:405:2|3:8:1|3:11:1
ckpt_4700.pt,3,198,0.6110960841178894,0.12702801823616028,0.47161564230918884,"76,215,117,232,92","42,71,199,58,46",3:497:2|3:527:2|3:2:1
ckpt_4700.pt,3,199,0.5496339201927185,0.09760107845067978,0.4490930736064911,"194,146,162,157,66","127,208,37,252,56",3:285:2|3:419:2|3:494:2
ckpt_4700.pt,3,200,0.5087543725967407,0.09597291052341461,0.410627156496048,"149,113,226,168,153","115,26,133,48,213",3:205:2|3:622:2|3:697:2
ckpt_4700.pt,3,201,0.5405574440956116,0.08569792658090591,0.47121596336364746,"152,35,62,64,113","238,91,118,209,121",3:296:2|3:910:2|3:11:1
ckpt_4700.pt,3,202,0.5743229985237122,0.10699208825826645,0.5149499773979187,"196,248,223,232,120","57,207,77,228,143",3:28:2|3:51:2|3:107:2
ckpt_4700.pt,3,203,0.5135566592216492,0.08974844217300415,0.42823949456214905,"190,15,222,227,45","108,215,244,119,29",3:479:2|3:904:2|3:1001:2
ckpt_4700.pt,3,204,0.5249411463737488,0.09425941854715347,0.45207372307777405,"250,120,140,92,202","113,87,138,131,205",3:912:2|3:3:1|3:19:1
ckpt_4700.pt,3,205,0.5151944756507874,0.10934816300868988,0.40405696630477905,"226,71,142,149,101","54,167,127,94,237",3:132:2|3:200:2|3:209:2
ckpt_4700.pt,3,206,0.5262050628662109,0.08669373393058777,0.4081629812717438,"87,33,77,220,249","192,70,163,5,10",3:306:2|3:348:2|3:412:2
ckpt_4700.pt,3,207,0.5707778334617615,0.0964292511343956,0.431727796792984,"232,105,254,30,133","91,22,135,195,179",3:164:2|3:553:2|3:894:2
ckpt_4700.pt,3,208,0.5176564455032349,0.12052225321531296,0.41195037961006165,"109,136,165,47,24","114,32,154,106,156",3:863:2|3:893:2|3:995:2
ckpt_4700.pt,3,209,0.5062302350997925,0.10707627236843109,0.4388357400894165,"142,161,71,56,249","42,201,163,181,40",3:132:2|3:205:2|3:567:2
ckpt_4700.pt,3,210,0.6165178418159485,0.12347185611724854,0.4700724184513092,"182,32,184,190,173","166,109,80,209,72",3:151:2|3:234:2|3:502:2
ckpt_4700.pt,3,211,0.5333135724067688,0.1012910008430481,0.430420845746994,"2,106,69,132,130","238,42,231,19,159",3:176:2|3:334:2|3:838:2
ckpt_4700.pt,3,212,0.5612846612930298,0.13351719081401825,0.45863568782806396,"1,223,7,168,57","207,69,26,47,105",3:95:2|3:344:2|3:819:2
ckpt_4700.pt,3,213,0.5238245725631714,0.10195030272006989,0.4352045953273773,"125,207,14,109,78","39,4,51,181,79",3:22:2|3:510:2|3:618:2
ckpt_4700.pt,3,214,0.5489915609359741,0.11558187752962112,0.47096720337867737,"32,110,61,138,237","47,128,38,140,109",3:645:2|3:808:2|3:8:1
ckpt_4700.pt,3,215,0.5784469246864319,0.09339597076177597,0.4728688895702362,"176,146,228,222,178","23,250,15,160,224",3:831:2|3:975:2|3:28:1
ckpt_4700.pt,3,216,0.5522974133491516,0.09774498641490936,0.4819507896900177,"108,133,107,195,15","224,207,146,98,193",3:228:2|3:359:2|3:692:2
ckpt_4700.pt,3,217,0.5356042981147766,0.08043993264436722,0.4469435513019562,"163,181,82,119,213","182,85,13,35,210",3:195:2|3:460:2|3:560:2
ckpt_4700.pt,3,218,0.5002959370613098,0.08372139930725098,0.4134182035923004,"69,137,247,203,50","55,245,1,144,48",3:32:2|3:89:2|3:590:2
ckpt_4700.pt,3,219,0.48434215784072876,0.09746238589286804,0.4065759778022766,"233,99,11,170,125","80,220,179,23,30",3:6:1|3:14:1|3:20:1
ckpt_4700.pt,3,220,0.5322613716125488,0.08872377872467041,0.444622278213501,"32,66,197,200,57","48,17,180,129,97",3:81:2|3:492:2|3:597:2
ckpt_4700.pt,3,221,0.5110546350479126,0.10848116129636765,0.4075198471546173,"49,44,26,149,218","49,223,188,159,14",3:714:2|3:999:2|3:13:1
ckpt_4700.pt,3,222,0.5500137209892273,0.10566338896751404,0.44092392921447754,"24,11,252,110,63","39,14,30,167,93",3:184:2|3:368:2|3:795:2
ckpt_4700.pt,3,223,0.590268611907959,0.11456852406263351,0.4965311288833618,"196,156,81,137,74","161,158,76,152,111",3:329:2|3:529:2|3:582:2
ckpt_4700.pt,3,224,0.5090376138687134,0.09810884296894073,0.4238034784793854,"104,26,125,172,255","220,31,183,1,59",3:510:2|3:22:1|3:27:1
ckpt_4700.pt,3,225,0.6215906143188477,0.09197981655597687,0.48364540934562683,"172,180,21,73,124","62,43,197,147,128",3:9:1|3:34:1|3:48:1
ckpt_4700.pt,3,226,0.5827459692955017,0.1056259348988533,0.47644317150115967,"188,99,33,43,31","112,150,167,64,118",3:269:2|3:937:2|3:33:1
ckpt_4700.pt,3,227,0.4921188950538635,0.08642647415399551,0.41112327575683594,"196,35,200,221,210","242,92,107,222,115",3:138:2|3:373:2|3:492:2
ckpt_4700.pt,3,228,0.5656847357749939,0.13063880801200867,0.4461689591407776,"108,227,2,107,242","225,154,226,85,163",3:8:2|3:176:2|3:216:2
ckpt_4700.pt,3,229,0.47404754161834717,0.08912677317857742,0.4252524673938751,"255,38,18,254,221","128,49,85,61,65",3:457:2|3:610:2|3:621:2
ckpt_4700.pt,3,230,0.5411292910575867,0.09474492818117142,0.4410744905471802,"78,146,139,31,27","163,78,66,89,197",3:77:2|3:310:2|3:13:1
ckpt_4700.pt,3,231,0.5781179666519165,0.12289641052484512,0.5072449445724487,"206,107,248,146,156","229,147,102,55,168",3:65:2|3:150:2|3:175:2
ckpt_4700.pt,3,232,0.5312143564224243,0.09165776520967484,0.4368119537830353,"186,212,226,1,82","245,248,139,192,118",3:174:2|3:179:2|3:639:2
ckpt_4700.pt,3,233,0.570456326007843,0.0972643792629242,0.4782954752445221,"50,190,97,41,92","197,208,143,82,46",3:599:2|3:676:2|3:891:2
ckpt_4700.pt,3,234,0.5530476570129395,0.0960111990571022,0.47148561477661133,"32,231,173,19,250","201,32,55,113,36",3:210:2|3:336:2|3:462:2
ckpt_4700.pt,3,235,0.48662710189819336,0.10797560214996338,0.3860492706298828,"243,129,181,79,157","171,52,168,137,29",3:66:2|3:287:2|3:363:2
ckpt_4700.pt,3,236,0.5592182278633118,0.13509508967399597,0.47491419315338135,"25,183,11,153,134","207,173,184,78,220",3:59:2|3:525:2|3:14:1
ckpt_4700.pt,3,237,0.5155593156814575,0.09152137488126755,0.4358745515346527,"138,213,121,117,216","44,127,235,43,107",3:56:2|3:333:2|3:527:2
ckpt_4700.pt,3,238,0.5253465175628662,0.09753797203302383,0.40382352471351624,"83,118,142,43,26","197,35,244,182,27",3:269:2|3:623:2|3:9:1
ckpt_4700.pt,3,239,0.5238359570503235,0.11442171037197113,0.47507110238075256,"198,189,207,134,142","219,25,109,218,159",3:932:2|3:9:1|3:43:1
ckpt_4700.pt,3,240,0.6224648952484131,0.11959493905305862,0.4934145212173462,"252,146,126,204,169","76,220,179,125,93",3:99:2|3:342:2|3:550:2
ckpt_4700.pt,3,241,0.47176435589790344,0.09044776111841202,0.40236037969589233,"95,230,246,166,123","131,60,67,247,36",3:15:2|3:125:2|3:450:2
ckpt_4700.pt,3,242,0.582017183303833,0.13015766441822052,0.4774553179740906,"196,19,230,130,56","41,6,60,214,2",3:0:2|3:138:2|3:334:2
ckpt_4700.pt,3,243,0.6232824921607971,0.1081693097949028,0.5013642311096191,"174,160,117,243,237","231,182,179,6,20",3:734:2|3:2:1|3:4:1
ckpt_4700.pt,3,244,0.5725931525230408,0.10102054476737976,0.46670228242874146,"28,118,35,163,0","216,199,233,102,161",3:251:2|3:275:2|3:401:2
ckpt_4700.pt,3,245,0.5800837278366089,0.10593152046203613,0.4806903898715973,"178,115,249,247,105","92,108,129,213,139",3:61:2|3:295:2|3:875:2
ckpt_4700.pt,3,246,0.5190199017524719,0.09445296227931976,0.4384235441684723,"176,123,34,99,223","251,157,1,206,76",3:620:2|3:881:2|3:24:1
ckpt_4700.pt,3,247,0.5428363680839539,0.1207139790058136,0.4447536766529083,"187,123,212,193,140","76,203,116,211,217",3:102:2|3:360:2|3:744:2
ckpt_4700.pt,3,248,0.5358980894088745,0.09657759219408035,0.42686936259269714,"157,24,179,239,71","202,221,182,69,248",3:255:2|3:435:2|3:697:2
ckpt_4700.pt,3,249,0.5527307391166687,0.10313829779624939,0.47934943437576294,"88,23,173,46,60","93,60,13,144,1",3:306:2|3:459:2|3:521:2
ckpt_4700.pt,3,250,0.49740496277809143,0.09590283781290054,0.42915743589401245,"202,29,96,185,214","226,150,30,252,134",3:35:2|3:260:2|3:273:2
ckpt_4700.pt,3,251,0.558488667011261,0.10728830844163895,0.4643200635910034,"147,165,118,243,0","22,131,220,41,113",3:11:2|3:141:2|3:244:2
ckpt_4700.pt,3,252,0.5470687747001648,0.13238587975502014,0.47562581300735474,"107,42,95,103,46","34,250,202,102,61",3:12:2|3:0:1|3:7:1
ckpt_4700.pt,3,253,0.5224018692970276,0.10134891420602798,0.46317803859710693,"126,238,140,77,137","173,67,126,107,248",3:29:1|3:32:1|3:80:1
ckpt_4700.pt,3,254,0.5300517678260803,0.09351428598165512,0.44439053535461426,"119,210,86,161,116","62,247,152,108,216",3:460:2|3:552:2|3:830:2
ckpt_4700.pt,3,255,0.5084751844406128,0.09474792331457138,0.41575679183006287,"71,157,214,123,182","231,87,223,37,22",3:248:2|3:462:2|3:822:2
ckpt_4700.pt,3,256,0.5917698740959167,0.15516041219234467,0.4910336136817932,"191,230,160,195,78","93,114,168,192,11",3:187:2|3:605:2|3:4:1
ckpt_4700.pt,3,257,0.48704293370246887,0.08066199719905853,0.41606277227401733,"150,154,223,232,8","202,51,238,247,180",3:361:3|3:158:2|3:202:2
ckpt_4700.pt,3,258,0.5195529460906982,0.13536830246448517,0.4718140959739685,"223,179,26,8,41","3,179,124,97,136",3:257:2|3:309:2|3:361:2
ckpt_4700.pt,3,259,0.5710159540176392,0.10602564364671707,0.47943422198295593,"186,223,39,89,4","69,19,129,179,70",3:57:2|3:592:2|3:819:2
ckpt_4700.pt,3,260,0.5213062763214111,0.09698527306318283,0.4442426860332489,"17,96,108,38,214","159,191,22,244,76",3:106:2|3:196:2|3:250:2
ckpt_4700.pt,3,261,0.5502485036849976,0.10773608088493347,0.5041168332099915,"152,16,177,4,71","243,152,176,245,20",3:139:2|3:321:2|3:430:2
ckpt_4700.pt,3,262,0.5475956797599792,0.09107673168182373,0.47169390320777893,"1,17,170,210,167","63,43,48,82,94",3:94:2|3:1012:2|3:3:1
ckpt_4700.pt,3,263,0.5924229025840759,0.10994981974363327,0.46116626262664795,"123,240,126,132,0","27,142,88,26,182",3:12:1|3:14:1|3:72:1
ckpt_4700.pt,3,264,0.4613693952560425,0.07642986625432968,0.41546666622161865,"175,64,110,6,165","50,176,163,77,71",3:457:2|3:700:2|3:25:1
ckpt_4700.pt,3,265,0.49644386768341064,0.08172470331192017,0.443325400352478,"107,0,70,212,45","101,107,224,231,179",3:401:2|3:573:2|3:604:2
ckpt_4700.pt,3,266,0.5094221234321594,0.0914456844329834,0.39750638604164124,"229,78,245,143,119","153,109,53,163,177",3:505:2|3:802:2|3:6:1
ckpt_4700.pt,3,267,0.48243847489356995,0.09162434935569763,0.40794822573661804,"121,43,10,61,155","224,160,91,16,40",3:808:2|3:917:2|3:30:1
ckpt_4700.pt,3,268,0.5770867466926575,0.10691088438034058,0.46292853355407715,"43,71,167,105,55","105,173,162,250,98",3:623:2|3:650:2|3:57:1
ckpt_4700.pt,3,269,0.47042110562324524,0.09662340581417084,0.40380987524986267,"254,26,99,43,114","119,21,67,39,25",3:226:2|3:238:2|3:432:2
ckpt_4700.pt,3,270,0.5477081537246704,0.104719378054142,0.45296576619148254,"200,234,72,206,68","84,39,29,226,151",3:29:2|3:101:2|3:156:2
ckpt_4700.pt,3,271,0.5869638919830322,0.09479180723428726,0.45954638719558716,"2,72,136,29,208","78,194,135,217,177",3:609:2|3:939:2|3:0:1
ckpt_4700.pt,3,272,0.5583829283714294,0.08991662412881851,0.4483594000339508,"206,86,194,128,20","212,22,242,162,15",3:121:2|3:526:2|3:830:2
ckpt_4700.pt,3,273,0.5743663311004639,0.13457050919532776,0.4757263958454132,"209,249,96,79,202","50,158,139,141,65",3:35:2|3:250:2|3:36:1
ckpt_4700.pt,3,274,0.6001988649368286,0.11852975934743881,0.4624527096748352,"25,215,87,188,111","113,133,189,243,252",3:84:2|3:335:2|3:416:2
ckpt_4700.pt,3,275,0.5873006582260132,0.11250553280115128,0.5007079839706421,"163,114,180,120,28","40,67,50,163,20",3:244:2|3:425:2|3:432:2
ckpt_4700.pt,3,276,0.4976459741592407,0.1108366996049881,0.4130121171474457,"230,175,98,162,128","45,57,30,215,90",3:375:2|3:885:2|3:3:1
ckpt_4700.pt,3,277,0.5576883554458618,0.097197026014328,0.4696682393550873,"117,51,32,91,225","67,226,215,153,134",3:88:2|3:576:2|3:660:2
ckpt_4700.pt,3,278,0.5150432586669922,0.08997458219528198,0.45481938123703003,"100,51,208,98,77","253,241,108,126,37",3:0:1|3:3:1|3:11:1
ckpt_4700.pt,3,279,0.503861129283905,0.09043427556753159,0.4218234717845917,"115,15,124,55,111","175,5,150,252,127",3:807:2|3:976:2|3:1004:2
ckpt_4700.pt,3,280,0.5525423288345337,0.09569907933473587,0.46425312757492065,"2,24,87,115,133","194,49,245,7,212",3:723:2|3:754:2|3:756:2
ckpt_4700.pt,3,281,0.5807198882102966,0.11078345775604248,0.4523596167564392,"82,130,185,87,216","127,25,15,125,123",3:522:2|3:597:2|3:690:2
ckpt_4700.pt,3,282,0.5824747085571289,0.10734871029853821,0.4688206911087036,"233,207,115,21,47","112,86,242,141,134",3:285:2|3:730:2|3:875:2
ckpt_4700.pt,3,283,0.5268791317939758,0.12911510467529297,0.45387110114097595,"149,225,5,180,135","75,229,33,40,31",3:60:2|3:490:2|3:574:2
ckpt_4700.pt,3,284,0.6016867160797119,0.111819788813591,0.5073581337928772,"46,187,233,97,156","160,194,4,228,146",3:20:2|3:339:2|3:360:2
ckpt_4700.pt,3,285,0.5691801905632019,0.1426643431186676,0.45380011200904846,"153,146,47,115,162","155,181,93,133,157",3:199:2|3:282:2|3:294:2
ckpt_4700.pt,3,286,0.5420658588409424,0.11352736502885818,0.46682918071746826,"22,91,211,80,122","62,120,116,212,103",3:39:2|3:380:2|3:646:2
ckpt_4700.pt,3,287,0.5994663834571838,0.09480978548526764,0.4934397339820862,"95,157,204,243,88","50,214,66,222,72",3:38:2|3:235:2|3:451:2
ckpt_4700.pt,3,288,0.585725724697113,0.10388663411140442,0.4941169321537018,"254,32,72,176,129","118,55,175,29,97",3:44:2|3:7:1|3:12:1
ckpt_4700.pt,3,289,0.5125600099563599,0.10674576461315155,0.42288336157798767,"189,17,37,43,129","40,61,184,17,248",3:126:2|3:349:2|3:395:2
ckpt_4700.pt,3,290,0.595298707485199,0.09770159423351288,0.49481359124183655,"32,140,28,252,127","188,248,26,89,90",3:184:2|3:413:2|3:15:1
ckpt_4700.pt,3,291,0.4969681203365326,0.09512288123369217,0.42792949080467224,"169,142,177,31,93","174,161,137,237,160",3:43:2|3:657:2|3:810:2
ckpt_4700.pt,3,292,0.5800843834877014,0.11107302457094193,0.467666894197464,"46,11,93,66,43","83,39,121,169,231",3:534:2|3:624:2|3:798:2
ckpt_4700.pt,3,293,0.4917602837085724,0.08752743899822235,0.41404053568840027,"77,23,76,224,248","155,68,251,54,215",3:24:2|3:79:2|3:172:2
ckpt_4700.pt,3,294,0.556596577167511,0.10368571430444717,0.484419047832489,"89,115,230,146,209","140,82,148,194,87",3:36:2|3:285:2|3:307:2
ckpt_4700.pt,3,295,0.5073326826095581,0.08855444937944412,0.4607917368412018,"178,81,225,105,8","96,119,195,14,35",3:61:2|3:71:2|3:245:2
ckpt_4700.pt,3,296,0.5245576500892639,0.099686399102211,0.41561827063560486,"39,64,207,38,152","147,58,193,240,232",3:201:2|3:3:1|3:19:1
ckpt_4700.pt,3,297,0.5344161987304688,0.07895971834659576,0.4479263126850128,"140,180,245,110,161","15,137,163,254,169",3:332:2|3:426:2|3:541:2
ckpt_4700.pt,3,298,0.4946853816509247,0.1095178946852684,0.4048190712928772,"182,236,53,69,135","189,233,179,91,236",3:490:2|3:757:2|3:3:1
ckpt_4700.pt,3,299,0.5328957438468933,0.08828495442867279,0.4769596457481384,"142,172,24,247,119","181,144,54,5,179",3:129:2|3:356:2|3:581:2
ckpt_4700.pt,3,300,0.5360924005508423,0.11950171738862991,0.43542349338531494,"150,167,117,199,143","147,165,76,77,44",3:178:2|3:442:2|3:499:2
ckpt_4700.pt,3,301,0.556821882724762,0.10902094095945358,0.47125571966171265,"229,224,120,79,138","4,126,117,199,233",3:477:2|3:564:2|3:664:2
ckpt_4700.pt,3,302,0.605522096157074,0.12025708705186844,0.4665476083755493,"180,246,145,248,91","118,129,55,135,202",3:327:2|3:826:2|3:940:2
ckpt_4700.pt,3,303,0.5157436728477478,0.09320691972970963,0.4405975341796875,"236,56,75,27,49","134,157,252,194,168",3:503:3|3:605:2|3:6:1
ckpt_4700.pt,3,304,0.6092907786369324,0.09807220846414566,0.506263017654419,"173,211,131,194,13","114,221,25,181,255",3:37:2|3:166:2|3:183:2
ckpt_4700.pt,3,305,0.5678266286849976,0.11024143546819687,0.47552987933158875,"184,31,230,249,205","155,233,40,84,132",3:646:2|3:831:2|3:875:2
ckpt_4700.pt,3,306,0.51201331615448,0.08999230712652206,0.42961761355400085,"60,220,88,249,12","186,8,155,37,220",3:206:2|3:249:2|3:453:2
ckpt_4700.pt,3,307,0.5030623078346252,0.1102285087108612,0.4054194986820221,"181,117,146,115,159","96,41,165,186,29",3:2:2|3:65:2|3:285:2
ckpt_4700.pt,3,308,0.5325551629066467,0.08705827593803406,0.4138246178627014,"72,226,216,239,64","207,28,46,216,144",3:123:2|3:1:1|3:4:1
ckpt_4700.pt,3,309,0.5323187708854675,0.09019425511360168,0.4214661121368408,"59,221,41,246,26","96,223,46,45,21",3:258:2|3:926:2|3:945:2
ckpt_4700.pt,3,310,0.586869478225708,0.09733972698450089,0.4739939868450165,"27,185,204,139,228","53,142,12,108,16",3:230:2|3:448:2|3:522:2
ckpt_4700.pt,3,311,0.5501355528831482,0.10139182955026627,0.4412790834903717,"32,179,214,112,244","73,218,46,164,119",3:148:2|3:156:2|3:339:2
ckpt_4700.pt,3,312,0.6280304193496704,0.10264581441879272,0.5013427734375,"181,114,236,72,38","28,219,59,253,117",3:471:2|3:2:1|3:19:1
ckpt_4700.pt,3,313,0.47737640142440796,0.07730340957641602,0.40314215421676636,"143,128,111,104,80","129,13,206,1,29",3:788:2|3:805:2|3:2:1
ckpt_4700.pt,3,314,0.5276573300361633,0.09277975559234619,0.42527270317077637,"202,247,49,121,229","36,224,122,21,116",3:659:2|3:710:2|3:958:2
ckpt_4700.pt,3,315,0.5555962920188904,0.10062465816736221,0.4816761016845703,"47,227,117,235,244","75,129,102,210,10",3:26:2|3:39:2|3:167:2
ckpt_4700.pt,3,316,0.5773885250091553,0.09737607836723328,0.46341174840927124,"164,240,247,88,153","4,130,18,224,9",3:433:2|3:659:2|3:661:2
ckpt_4700.pt,3,317,0.5754349231719971,0.13449518382549286,0.4711191952228546,"54,126,17,84,155","43,126,33,153,75",3:860:2|3:1018:2|3:67:1
ckpt_4700.pt,3,318,0.584547221660614,0.11128173768520355,0.5024529099464417,"232,251,159,147,199","133,212,94,115,45",3:11:2|3:18:1|3:28:1
ckpt_4700.pt,3,319,0.49602872133255005,0.09345364570617676,0.42858460545539856,"42,254,121,140,240","235,190,97,193,217",3:12:2|3:357:2|3:915:2
ckpt_4700.pt,3,320,0.5975695848464966,0.09681251645088196,0.4719613194465637,"132,83,1,232,213","52,129,122,145,32",3:355:2|3:686:2|3:740:2
ckpt_4700.pt,3,321,0.5991177558898926,0.10881054401397705,0.5124243497848511,"152,25,66,182,4","214,226,114,134,5",3:22:2|3:261:2|3:379:2
ckpt_4700.pt,3,322,0.6000188589096069,0.11454533040523529,0.5025995373725891,"107,156,11,124,209","54,22,255,184,7",3:231:2|3:383:2|3:394:2
ckpt_4700.pt,3,323,0.508632481098175,0.10538079589605331,0.46990951895713806,"1,14,115,242,254","218,16,89,72,7",3:105:2|3:651:2|3:675:2
ckpt_4700.pt,3,324,0.5631136298179626,0.09276719391345978,0.4843464493751526,"174,46,194,18,71","51,39,76,199,107",3:20:2|3:506:2|3:521:2
ckpt_4700.pt,3,325,0.5695937871932983,0.11630287766456604,0.46245285868644714,"106,103,126,232,143","187,8,53,186,32",3:33:2|3:45:2|3:698:2
ckpt_4700.pt,3,326,0.5577512979507446,0.10755260288715363,0.4700711667537689,"203,215,158,220,42","173,35,179,232,194",3:376:2|3:412:2|3:488:2
ckpt_4700.pt,3,327,0.5854018926620483,0.11823177337646484,0.5106114149093628,"180,253,223,91,133","234,95,44,230,92",3:48:2|3:151:2|3:302:2
ckpt_4700.pt,3,328,0.5334119200706482,0.09228059649467468,0.43214553594589233,"122,195,128,89,214","153,179,163,142,58",3:400:2|3:13:1|3:17:1
ckpt_4700.pt,3,329,0.5937061309814453,0.10276725143194199,0.4443441927433014,"196,74,95,235,128","12,203,109,161,49",3:111:2|3:223:2|3:529:2
ckpt_4700.pt,3,330,0.4697386920452118,0.09138075262308121,0.42465126514434814,"48,232,4,204,170","226,156,83,21,136",3:556:2|3:1009:2|3:1:1
ckpt_4700.pt,3,331,0.5537922978401184,0.10335440188646317,0.4608824551105499,"242,164,209,163,15","133,52,54,108,101",3:369:3|3:73:2|3:112:2
ckpt_4700.pt,3,332,0.6007484197616577,0.13834619522094727,0.5126709938049316,"180,194,220,217,245","75,241,65,167,252",3:173:2|3:297:2|3:412:2
ckpt_4700.pt,3,333,0.5659810900688171,0.09664095193147659,0.48180654644966125,"213,87,121,52,241","43,56,210,227,116",3:31:2|3:237:2|3:5:1
ckpt_4700.pt,3,334,0.5538909435272217,0.11103661358356476,0.4459115266799927,"198,19,128,130,106","46,98,252,165,151",3:0:2|3:58:2|3:211:2
ckpt_4700.pt,3,335,0.5404167771339417,0.13197574019432068,0.41138094663619995,"28,87,41,215,207","25,55,113,237,48",3:274:2|3:731:2|3:896:2
ckpt_4700.pt,3,336,0.5305865406990051,0.10637687146663666,0.4550308287143707,"250,73,32,59,153","77,209,245,33,25",3:234:2|3:629:2|3:8:1
ckpt_4700.pt,3,337,0.5217357873916626,0.10536263138055801,0.4326319396495819,"95,85,223,200,102","61,105,194,207,41",3:102:2|3:434:2|3:806:2
ckpt_4700.pt,3,338,0.5117477774620056,0.10160684585571289,0.44800302386283875,"25,246,167,36,181","217,166,56,174,252",3:358:2|3:390:2|3:842:2
ckpt_4700.pt,3,339,0.556475818157196,0.09484651684761047,0.4493148624897003,"179,233,137,214,46","181,249,37,67,116",3:20:2|3:142:2|3:194:2
ckpt_4700.pt,3,340,0.5476205348968506,0.10728885233402252,0.4285315275192261,"28,142,146,22,125","197,206,11,62,120",3:763:2|3:781:2|3:4:1
ckpt_4700.pt,3,341,0.5767468214035034,0.11638723313808441,0.4681989848613739,"94,217,132,164,161","147,252,35,193,99",3:59:2|3:633:2|3:803:2
ckpt_4700.pt,3,342,0.5176963806152344,0.10686907917261124,0.4507233798503876,"233,146,169,18,161","204,72,208,47,12",3:36:2|3:240:2|3:6:1
ckpt_4700.pt,3,343,0.5394395589828491,0.09953827410936356,0.4358651340007782,"242,16,188,195,104","42,204,85,209,66",3:692:2|3:37:1|3:46:1
ckpt_4700.pt,3,344,0.5989879965782166,0.11145894974470139,0.5086556077003479,"90,1,7,53,72","124,115,213,134,74",3:95:2|3:212:2|3:903:2
ckpt_4700.pt,3,345,0.5315414071083069,0.09323059767484665,0.4569191634654999,"62,159,136,45,141","219,7,19,68,35",3:530:2|3:801:2|3:25:1
ckpt_4700.pt,3,346,0.5699585676193237,0.08934030681848526,0.47165945172309875,"108,98,214,158,49","223,149,36,151,209",3:260:2|3:647:2|3:659:2
ckpt_4700.pt,3,347,0.5330621004104614,0.11683616042137146,0.4520329535007477,"237,201,190,7,221","80,175,132,254,33",3:428:2|3:1003:2|3:8:1
ckpt_4700.pt,3,348,0.5091055631637573,0.13334067165851593,0.44087252020835876,"245,6,76,87,77","245,62,216,189,57",3:206:2|3:293:2|3:683:2
ckpt_4700.pt,3,349,0.5149468779563904,0.09186430275440216,0.4373447000980377,"15,129,120,70,37","109,175,194,182,172",3:126:2|3:289:2|3:395:2
ckpt_4700.pt,3,350,0.5691479444503784,0.11022551357746124,0.46353960037231445,"171,25,251,163,86","131,166,237,150,220",3:358:2|3:598:2|3:624:2
ckpt_4700.pt,3,351,0.4566369354724884,0.08812044560909271,0.4091944992542267,"216,175,78,8,9","196,115,175,168,149",3:4:1|3:22:1|3:25:1
ckpt_4700.pt,3,352,0.5539432168006897,0.10509854555130005,0.46291545033454895,"98,0,154,73,182","6,152,76,81,131",3:401:2|3:461:2|3:908:2
ckpt_4700.pt,3,353,0.545488178730011,0.10188303142786026,0.43432193994522095,"174,4,239,245,156","57,255,176,183,149",3:147:2|3:175:2|3:791:2
ckpt_4700.pt,3,354,0.6029240489006042,0.1259206235408783,0.5120438933372498,"252,48,12,51,19","238,15,17,199,18",3:372:2|3:673:2|3:935:2
ckpt_4700.pt,3,355,0.5079829096794128,0.08393646776676178,0.4259735345840454,"231,244,132,83,228","252,183,64,189,62",3:320:2|3:472:2|3:582:2
ckpt_4700.pt,3,356,0.511742115020752,0.08526737987995148,0.42895200848579407,"75,222,172,99,247","26,87,22,164,237",3:100:2|3:299:2|3:666:2
ckpt_4700.pt,3,357,0.49161240458488464,0.09371976554393768,0.43903201818466187,"89,54,121,254,9","152,72,20,241,79",3:319:2|3:12:1|3:17:1
ckpt_4700.pt,3,358,0.5428134202957153,0.10653051733970642,0.4774877727031708,"86,167,25,22,35","132,114,198,201,26",3:338:2|3:350:2|3:613:2
ckpt_4700.pt,3,359,0.5691959857940674,0.11599154025316238,0.47128522396087646,"28,133,15,36,57","143,57,25,129,66",3:32:2|3:216:2|3:27:1
ckpt_4700.pt,3,360,0.5820503234863281,0.12369377911090851,0.48408934473991394,"196,188,187,233,123","18,75,54,196,111",3:247:2|3:284:2|3:744:2
ckpt_4700.pt,3,361,0.5530380606651306,0.11575097590684891,0.4686490297317505,"161,150,93,8,223","93,171,77,97,113",3:257:3|3:258:2|3:447:2
ckpt_4700.pt,3,362,0.4621444642543793,0.07961258292198181,0.4125097692012787,"98,151,249,81,195","30,5,43,89,221",3:859:3|3:3:1|3:18:1
ckpt_4700.pt,3,363,0.5231494903564453,0.09967554360628128,0.4090196490287781,"212,128,181,79,239","190,11,57,96,42",3:50:2|3:77:2|3:235:2
ckpt_4700.pt,3,364,0.5305261015892029,0.090525783598423,0.4233240783214569,"105,70,17,40,224","129,106,56,2,75",3:61:2|3:113:2|3:584:2
ckpt_4700.pt,3,365,0.637605607509613,0.12283822894096375,0.5019146203994751,"191,71,74,30,188","133,222,21,115,248",3:551:3|3:139:2|3:388:2
ckpt_4700.pt,3,366,0.577150821685791,0.10130105167627335,0.4914436340332031,"168,205,162,124,177","65,5,102,210,245",3:468:2|3:486:2|3:839:2
ckpt_4700.pt,3,367,0.5873397588729858,0.10589207708835602,0.4837082028388977,"14,100,106,146,189","253,152,60,221,105",3:698:3|3:58:2|3:388:2
ckpt_4700.pt,3,368,0.49750563502311707,0.12679645419120789,0.4337441027164459,"131,132,110,147,252","224,205,136,32,27",3:76:2|3:85:2|3:222:2
ckpt_4700.pt,3,369,0.5882675051689148,0.09861219674348831,0.45726466178894043,"154,15,91,209,164","158,164,112,137,191",3:331:3|3:380:2|3:864:2
ckpt_4700.pt,3,370,0.5304675102233887,0.10048335790634155,0.4290080964565277,"144,134,103,160,96","177,212,115,146,61",3:0:1|3:4:1|3:12:1
ckpt_4700.pt,3,371,0.5600378513336182,0.09792376309633255,0.47349321842193604,"199,248,226,3,225","27,249,34,248,48",3:1:2|3:5:1|3:23:1
ckpt_4700.pt,3,372,0.5058125257492065,0.11362407356500626,0.4362128674983978,"48,82,252,124,153","160,149,216,187,200",3:354:2|3:814:2|3:873:2
ckpt_4700.pt,3,373,0.5504233241081238,0.10628830641508102,0.4615928530693054,"235,71,35,221,63","143,253,32,76,254",3:132:2|3:227:2|3:848:2
ckpt_4700.pt,3,374,0.4957250952720642,0.08089430630207062,0.4197070300579071,"158,78,254,28,131","12,66,146,19,239",3:425:2|3:505:2|3:836:2
ckpt_4700.pt,3,375,0.4868568480014801,0.09693784266710281,0.42192623019218445,"29,67,253,128,98","199,243,154,144,4",3:276:2|3:870:2|3:916:2
ckpt_4700.pt,3,376,0.5213097929954529,0.10794338583946228,0.4350672662258148,"215,217,42,248,172","44,128,17,46,41",3:5:2|3:326:2|3:412:2
ckpt_4700.pt,3,377,0.5587131381034851,0.11316440254449844,0.4545843303203583,"139,99,0,183,29","87,122,189,178,177",3:13:1|3:14:1|3:18:1
ckpt_4700.pt,3,378,0.5966563820838928,0.12603463232517242,0.4625192880630493,"114,3,230,93,157","115,41,131,158,3",3:832:2|3:1020:2|3:15:1
ckpt_4700.pt,3,379,0.5759358406066895,0.14006301760673523,0.48253506422042847,"100,4,108,253,182","167,144,71,44,36",3:17:2|3:145:2|3:147:2
ckpt_4700.pt,3,380,0.42320623993873596,0.07200638204813004,0.38725000619888306,"164,7,124,22,91","150,132,149,81,167",3:286:2|3:369:2|3:944:2
ckpt_4700.pt,3,381,0.5899771451950073,0.0907195582985878,0.4988793432712555,"165,185,81,229,200","229,219,91,21,185",3:954:3|3:191:2|3:451:2
ckpt_4700.pt,3,382,0.5438952445983887,0.12825025618076324,0.44762277603149414,"69,34,199,43,1","129,43,225,99,32",3:57:2|3:458:2|3:573:2
ckpt_4700.pt,3,383,0.5344464182853699,0.10114768892526627,0.45522579550743103,"107,114,207,156,112","101,223,81,123,179",3:231:2|3:322:2|3:580:2
ckpt_4700.pt,3,384,0.5938202738761902,0.11271250247955322,0.482235848903656,"237,130,25,214,249","184,219,112,76,44",3:523:2|3:563:2|3:844:2
ckpt_4700.pt,3,385,0.47373440861701965,0.08986447006464005,0.39274153113365173,"199,52,83,111,163","186,144,159,34,31",3:155:3|3:481:2|3:511:2
ckpt_4700.pt,3,386,0.5328148007392883,0.09720881283283234,0.4103003442287445,"176,86,75,196,90","105,13,115,204,148",3:52:2|3:526:2|3:680:2
ckpt_4700.pt,3,387,0.5505990386009216,0.1084175556898117,0.46717017889022827,"56,42,221,55,99","104,199,243,253,18",3:12:1|3:56:1|3:73:1
ckpt_4700.pt,3,388,0.5671144723892212,0.09996338933706284,0.47436684370040894,"189,100,30,227,188","115,22,12,104,205",3:365:2|3:367:2|3:416:2
ckpt_4700.pt,3,389,0.5412404537200928,0.09539053589105606,0.4462183713912964,"52,133,43,86,49","198,241,63,225,67",3:536:2|3:592:2|3:1:1
ckpt_4700.pt,3,390,0.5740519165992737,0.10132747888565063,0.4659302234649658,"224,167,254,181,108","26,87,122,13,133",3:65:2|3:90:2|3:338:2
ckpt_4700.pt,3,391,0.568878173828125,0.10915188491344452,0.4853142499923706,"79,214,67,112,124","18,60,97,243,148",3:311:2|3:664:2|3:685:2
ckpt_4700.pt,3,392,0.5660302639007568,0.12160111963748932,0.4446012079715729,"91,184,238,255,204","231,112,4,200,65",3:753:2|3:1:1|3:38:1
ckpt_4700.pt,3,393,0.5742539167404175,0.09455373883247375,0.4546440839767456,"196,216,219,77,252","154,104,178,56,208",3:935:3|3:125:2|3:185:2
ckpt_4700.pt,3,394,0.5278340578079224,0.08589997887611389,0.45657023787498474,"124,201,42,47,209","50,85,130,38,209",3:73:2|3:322:2|3:410:2
ckpt_4700.pt,3,395,0.5086216330528259,0.09253104031085968,0.42459481954574585,"116,154,129,12,37","34,103,149,1,32",3:71:2|3:126:2|3:289:2
ckpt_4700.pt,3,396,0.5711100697517395,0.12551645934581757,0.457315593957901,"153,194,175,147,121","230,254,245,6,228",3:964:3|3:76:2|3:169:2
ckpt_4700.pt,3,397,0.5565826892852783,0.10200326144695282,0.43495693802833557,"86,155,85,21,111","117,239,124,252,77",3:1:1|3:9:1|3:49:1
ckpt_4700.pt,3,398,0.5144752860069275,0.0923955887556076,0.4489084482192993,"142,17,57,107,194","141,43,122,78,186",3:567:2|3:644:2|3:705:2
ckpt_4700.pt,3,399,0.5505858063697815,0.09496837854385376,0.504600465297699,"99,109,185,49,128","237,17,155,6,251",3:595:2|3:643:2|3:16:1
ckpt_4700.pt,3,400,0.5722208619117737,0.11760452389717102,0.4658471643924713,"122,89,44,84,221","2,49,206,179,60",3:13:2|3:328:2|3:469:2
ckpt_4700.pt,3,401,0.5623851418495178,0.12398548424243927,0.48246482014656067,"107,66,0,35,73","221,183,198,69,85",3:244:2|3:265:2|3:352:2
ckpt_4700.pt,3,402,0.5562534928321838,0.1154668852686882,0.4369734823703766,"54,0,40,198,152","248,128,125,60,81",3:14:2|3:888:2|3:2:1
ckpt_4700.pt,3,403,0.5675426721572876,0.11444762349128723,0.4721595346927643,"47,94,252,35,137","249,221,202,17,38",3:7:2|3:486:2|3:633:2
ckpt_4700.pt,3,404,0.520344614982605,0.09778466075658798,0.47167888283729553,"186,21,251,71,244","205,186,99,74,52",3:841:2|3:9:1|3:11:1
ckpt_4700.pt,3,405,0.5925516486167908,0.13563519716262817,0.46293365955352783,"111,97,2,59,126","39,3,56,115,161",3:868:3|3:8:2|3:197:2
ckpt_4700.pt,3,406,0.5873528718948364,0.1340179592370987,0.46498245000839233,"31,127,235,233,194","38,75,208,170,141",3:20:2|3:494:2|3:636:2
ckpt_4700.pt,3,407,0.5264060497283936,0.11194419860839844,0.49517807364463806,"25,7,109,110,177","102,2,175,89,81",3:38:2|3:634:2|3:897:2
ckpt_4700.pt,3,408,0.5685719847679138,0.10101129859685898,0.4848479926586151,"76,119,149,189,40","36,227,117,194,66",3:460:2|3:588:2|3:640:2
ckpt_4700.pt,3,409,0.5849063992500305,0.1105278953909874,0.48762190341949463,"179,105,205,11,102","248,9,238,81,60",3:148:2|3:775:2|3:14:1
ckpt_4700.pt,3,410,0.5420107841491699,0.10925328731536865,0.4227020740509033,"47,22,19,201,119","194,162,119,97,117",3:39:2|3:87:2|3:394:2
ckpt_4700.pt,3,411,0.5387398600578308,0.08827599138021469,0.45843979716300964,"81,199,148,228,252","96,20,89,247,30",3:18:1|3:21:1|3:28:1
ckpt_4700.pt,3,412,0.5677949786186218,0.10857295989990234,0.45610103011131287,"40,220,217,42,33","116,245,85,31,237",3:206:2|3:326:2|3:332:2
ckpt_4700.pt,3,413,0.5546026825904846,0.10178134590387344,0.45875558257102966,"252,28,194,241,175","221,83,47,85,94",3:74:2|3:184:2|3:290:2
ckpt_4700.pt,3,414,0.5662023425102234,0.09676267951726913,0.46339675784111023,"183,51,213,20,242","39,120,87,4,40",3:857:2|3:941:2|3:42:1
ckpt_4700.pt,3,415,0.50596022605896,0.10740167647600174,0.40844598412513733,"92,139,245,60,26","126,98,174,136,71",3:13:1|3:22:1|3:27:1
ckpt_4700.pt,3,416,0.4992047846317291,0.0761314108967781,0.4057735502719879,"100,0,1,25,188","255,112,222,128,47",3:145:2|3:274:2|3:388:2
ckpt_4700.pt,3,417,0.5002639293670654,0.08191405981779099,0.451939195394516,"154,2,160,129,20","42,225,109,171,9",3:62:2|3:134:2|3:395:2
ckpt_4700.pt,3,418,0.5116649866104126,0.10781408101320267,0.44391322135925293,"196,248,224,39,161","202,27,66,159,171",3:202:2|3:293:2|3:834:2
ckpt_4700.pt,3,419,0.554656445980072,0.10516896098852158,0.4644324779510498,"95,48,194,212,146","133,203,165,140,37",3:190:2|3:199:2|3:494:2
ckpt_4700.pt,3,420,0.5704895257949829,0.08765813708305359,0.4575866460800171,"130,207,206,32,205","228,198,35,210,136",3:156:2|3:526:2|3:629:2
ckpt_4700.pt,3,421,0.5005992650985718,0.10501745343208313,0.42933031916618347,"233,247,140,10,205","36,103,154,223,132",3:20:2|3:797:2|3:1014:2
ckpt_4700.pt,3,422,0.5169026255607605,0.1148451641201973,0.4639812409877777,"44,81,155,23,80","123,137,244,239,87",3:6:2|3:108:2|3:536:2
ckpt_4700.pt,3,423,0.6070765852928162,0.11674609780311584,0.471859335899353,"41,196,9,30,253","146,3,85,135,138",3:146:2|3:676:2|3:706:2
ckpt_4700.pt,3,424,0.5150440335273743,0.0951099768280983,0.43084391951560974,"78,7,18,239,220","233,44,205,143,220",3:30:2|3:944:2|3:16:1
ckpt_4700.pt,3,425,0.5657141804695129,0.10916585475206375,0.49722594022750854,"97,163,254,28,249","106,194,180,195,126",3:244:2|3:275:2|3:374:2
ckpt_4700.pt,3,426,0.5563452839851379,0.10453245788812637,0.4543415904045105,"87,157,220,180,110","187,62,230,41,174",3:101:2|3:206:2|3:297:2
ckpt_4700.pt,3,427,0.5918921232223511,0.11181686073541641,0.5105257630348206,"70,81,39,216,118","44,233,217,117,181",3:743:2|3:799:2|3:816:2
ckpt_4700.pt,3,428,0.5742189884185791,0.09307975322008133,0.47724857926368713,"201,220,108,24,221","43,52,27,113,29",3:87:2|3:347:2|3:606:2
ckpt_4700.pt,3,429,0.6157420873641968,0.120331309735775,0.5025449991226196,"191,30,143,162,40","161,188,11,95,32",3:68:2|3:365:2|3:544:2
ckpt_4700.pt,3,430,0.5517033934593201,0.09967527538537979,0.4230346381664276,"16,84,254,230,152","169,167,29,126,168",3:104:2|3:117:2|3:261:2
ckpt_4700.pt,3,431,0.5008782744407654,0.11521505564451218,0.3937046527862549,"168,219,47,58,51","231,143,17,117,253",3:508:3|3:86:2|3:7:1
ckpt_4700.pt,3,432,0.6008365750312805,0.10118869692087173,0.5016019344329834,"28,141,114,43,221","4,174,113,26,81",3:269:2|3:275:2|3:644:2
ckpt_4700.pt,3,433,0.6123138070106506,0.1511370688676834,0.47493913769721985,"77,164,153,150,110","172,78,70,99,123",3:316:2|3:771:2|3:956:2
ckpt_4700.pt,3,434,0.5094547271728516,0.08795271068811417,0.4084378480911255,"29,133,95,11,223","220,44,144,254,195",3:182:2|3:327:2|3:337:2
ckpt_4700.pt,3,435,0.5430610775947571,0.11142509430646896,0.4525220990180969,"244,24,155,0,239","73,66,201,153,234",3:248:2|3:973:2|3:5:1
ckpt_4700.pt,3,436,0.5190714597702026,0.08659248054027557,0.4424976706504822,"213,203,221,218,12","19,89,150,192,224",3:56:2|3:588:2|3:590:2
ckpt_4700.pt,3,437,0.5382468104362488,0.10220152884721756,0.482221782207489,"93,121,179,221,132","130,150,198,181,201",3:132:2|3:565:2|3:12:1
ckpt_4700.pt,3,438,0.49008819460868835,0.07142158597707748,0.390097439289093,"14,5,215,56,133","0,55,61,41,97",3:488:2|3:750:2|3:10:1
ckpt_4700.pt,3,439,0.535129725933075,0.09338857233524323,0.48471778631210327,"32,162,82,27,41","251,181,215,253,9",3:502:2|3:709:2|3:883:2
ckpt_4700.pt,3,440,0.5595777034759521,0.101466603577137,0.4568941295146942,"94,190,181,85,23","72,52,109,190,83",3:102:2|3:670:2|3:2:1
ckpt_4700.pt,3,441,0.49599355459213257,0.09155644476413727,0.4204834997653961,"178,151,156,120,87","27,186,76,159,80",3:455:2|3:587:2|3:3:1
ckpt_4700.pt,3,442,0.5327655673027039,0.0976966992020607,0.43608278036117554,"240,199,156,167,58","82,97,248,166,241",3:178:2|3:300:2|3:45:1
ckpt_4700.pt,3,443,0.5295954346656799,0.13430973887443542,0.452554315328598,"39,100,217,21,110","51,128,194,238,153",3:64:2|3:70:2|3:993:2
ckpt_4700.pt,3,444,0.5193896889686584,0.10278191417455673,0.44227078557014465,"99,245,112,149,208","104,197,34,70,145",3:881:2|3:0:1|3:11:1
ckpt_4700.pt,3,445,0.5018187165260315,0.0970488116145134,0.43881142139434814,"57,176,186,209,113","180,225,204,44,123",3:73:2|3:11:1|3:21:1
ckpt_4700.pt,3,446,0.5415196418762207,0.09262227267026901,0.4410580098628998,"96,215,2,199,157","115,248,16,126,35",3:176:2|3:497:2|3:680:2
ckpt_4700.pt,3,447,0.5515131950378418,0.11006154865026474,0.4912436604499817,"179,150,6,161,229","54,40,250,160,175",3:361:2|3:6:1|3:9:1
ckpt_4700.pt,3,448,0.560581624507904,0.11125058680772781,0.4468626379966736,"21,239,228,204,26","13,165,141,98,177",3:310:2|3:665:2|3:804:2
ckpt_4700.pt,3,449,0.46468982100486755,0.0778176411986351,0.40233874320983887,"161,95,117,247,129","109,201,253,46,170",3:7:2|3:40:2|3:115:2
ckpt_4700.pt,3,450,0.5630375146865845,0.09676279872655869,0.4843832850456238,"166,237,157,246,1","178,48,247,128,162",3:122:2|3:125:2|3:241:2
ckpt_4700.pt,3,451,0.6275967359542847,0.11103136092424393,0.5225940942764282,"81,204,229,95,33","248,166,82,164,142",3:38:2|3:191:2|3:287:2
ckpt_4700.pt,3,452,0.5353987812995911,0.10936237871646881,0.45608246326446533,"237,26,232,45,209","227,56,254,146,207",3:547:2|3:698:2|3:8:1
ckpt_4700.pt,3,453,0.5956797003746033,0.08769109100103378,0.46650561690330505,"245,135,249,88,232","28,159,169,226,227",3:173:2|3:306:2|3:626:2
ckpt_4700.pt,3,454,0.5626254081726074,0.11091092973947525,0.4348490238189697,"41,212,63,117,14","244,191,135,234,114",3:465:2|3:499:2|3:795:2
ckpt_4700.pt,3,455,0.5315811038017273,0.10988586395978928,0.4567064642906189,"130,152,178,97,156","65,53,236,211,86",3:284:2|3:441:2|3:900:2
ckpt_4700.pt,3,456,0.6005884408950806,0.11623531579971313,0.48953983187675476,"98,188,201,215,19","179,196,76,157,194",3:274:2|3:410:2|3:562:2
ckpt_4700.pt,3,457,0.6044803857803345,0.1201942190527916,0.4373864531517029,"64,255,254,82,175","19,136,42,152,55",3:229:2|3:264:2|3:564:2
ckpt_4700.pt,3,458,0.6026283502578735,0.12494014203548431,0.4892592430114746,"184,43,47,185,1","115,58,100,142,186",3:57:2|3:95:2|3:382:2
ckpt_4700.pt,3,459,0.5902922749519348,0.12569420039653778,0.4371751546859741,"72,228,209,173,60","18,47,134,165,238",3:249:2|3:652:2|3:722:2
ckpt_4700.pt,3,460,0.5558946132659912,0.09142092615365982,0.4644768238067627,"29,116,119,76,163","29,204,200,120,19",3:217:2|3:254:2|3:408:2
ckpt_4700.pt,3,461,0.5255336165428162,0.09561244398355484,0.42158129811286926,"243,154,182,179,208","4,90,158,1,118",3:352:2|3:822:2|3:959:2
ckpt_4700.pt,3,462,0.5443626046180725,0.09526412934064865,0.4688573181629181,"231,170,250,182,214","93,162,211,185,254",3:234:2|3:255:2|3:877:2
ckpt_4700.pt,3,463,0.5422555208206177,0.09628521651029587,0.4508635997772217,"19,47,222,46,36","97,173,40,138,193",3:103:2|3:410:2|3:535:2
ckpt_4700.pt,3,464,0.5446663498878479,0.10830019414424896,0.4565999507904053,"103,98,167,174,32","186,248,129,75,226",3:168:2|3:629:2|3:691:2
ckpt_4700.pt,3,465,0.5701005458831787,0.10810791701078415,0.4691613018512726,"137,136,14,212,46","239,155,247,7,87",3:339:2|3:454:2|3:10:1
ckpt_4700.pt,3,466,0.5008932948112488,0.08638384193181992,0.41583922505378723,"36,241,230,84,101","99,49,71,11,182",3:5:2|3:150:2|3:430:2
ckpt_4700.pt,3,467,0.5597476363182068,0.12307329475879669,0.4614804983139038,"219,79,53,38,128","197,57,130,72,53",3:77:2|3:121:2|3:363:2
ckpt_4700.pt,3,468,0.6043947339057922,0.10815990716218948,0.4871726632118225,"162,156,168,123,96","144,26,30,232,112",3:366:2|3:475:2|3:544:2
ckpt_4700.pt,3,469,0.5328144431114197,0.10285565257072449,0.43395647406578064,"125,203,84,113,44","88,217,189,255,80",3:127:2|3:400:2|3:703:2
ckpt_4700.pt,3,470,0.5124699473381042,0.11033037304878235,0.446320503950119,"196,179,117,58,19","63,188,20,3,24",3:242:2|3:952:2|3:0:1
ckpt_4700.pt,3,471,0.513112485408783,0.10168802738189697,0.4622591435909271,"15,114,41,38,165","242,31,13,252,42",3:716:3|3:312:2|3:807:2
ckpt_4700.pt,3,472,0.5554990172386169,0.12857389450073242,0.48825016617774963,"231,221,83,227,146","113,44,207,83,221",3:190:2|3:355:2|3:655:2
ckpt_4700.pt,3,473,0.5818172693252563,0.0981842577457428,0.4776765704154968,"157,48,185,213,58","204,6,187,89,173",3:56:2|3:35:1|3:45:1
ckpt_4700.pt,3,474,0.5448877215385437,0.10056991130113602,0.44780001044273376,"76,222,204,158,161","174,116,130,29,186",3:1023:2|3:1:1|3:8:1
ckpt_4700.pt,3,475,0.5641275644302368,0.11292976140975952,0.48726391792297363,"46,96,156,40,220","56,193,65,160,125",3:284:2|3:412:2|3:468:2
ckpt_4700.pt,3,476,0.5214455723762512,0.10328856855630875,0.47281497716903687,"29,233,159,151,206","60,35,2,82,245",3:626:2|3:656:2|3:1011:2
ckpt_4700.pt,3,477,0.538615882396698,0.10157130658626556,0.43283596634864807,"81,120,208,12,79","167,242,1,124,25",3:133:2|3:301:2|3:664:2
ckpt_4700.pt,3,478,0.5145516395568848,0.1016240119934082,0.44833242893218994,"216,48,15,2,162","66,80,111,244,146",3:56:2|3:75:2|3:79:2
ckpt_4700.pt,3,479,0.5666773915290833,0.12394442409276962,0.48511502146720886,"88,15,227,56,220","217,143,219,29,190",3:80:2|3:160:2|3:203:2
ckpt_4700.pt,3,480,0.5768805146217346,0.12659768760204315,0.4599619507789612,"197,226,194,38,61","228,197,119,246,115",3:82:2|3:767:2|3:987:2
ckpt_4700.pt,3,481,0.5779306292533875,0.12651962041854858,0.42965608835220337,"2,183,163,80,52","63,233,238,28,22",3:385:2|3:511:2|3:788:2
ckpt_4700.pt,3,482,0.5686902403831482,0.10346110910177231,0.5020368695259094,"218,3,251,89,19","200,205,39,165,132",3:829:2|3:0:1|3:11:1
ckpt_4700.pt,3,483,0.5218390226364136,0.11406438052654266,0.43001437187194824,"61,100,83,107,105","126,3,97,54,176",3:628:2|3:766:2|3:912:2
ckpt_4700.pt,3,484,0.5735666155815125,0.09732665866613388,0.46340587735176086,"144,243,228,155,41","187,182,215,150,141",3:499:2|3:718:2|3:733:2
ckpt_4700.pt,3,485,0.5478810667991638,0.09013029932975769,0.43781349062919617,"184,135,209,156,6","108,8,7,61,18",3:70:2|3:322:2|3:493:2
ckpt_4700.pt,3,486,0.5702406167984009,0.11971338093280792,0.516961932182312,"94,205,124,220,35","203,132,171,56,1",3:34:2|3:366:2|3:403:2
ckpt_4700.pt,3,487,0.5176993608474731,0.11882387846708298,0.40717628598213196,"20,24,190,13,139","218,43,7,245,102",3:5:1|3:26:1|3:28:1
ckpt_4700.pt,3,488,0.5709171891212463,0.10590780526399612,0.4574238061904907,"215,237,14,241,42","41,231,34,202,151",3:326:2|3:376:2|3:438:2
ckpt_4700.pt,3,489,0.5124370455741882,0.09221477806568146,0.41915008425712585,"9,148,201,64,117","234,82,144,96,180",3:87:2|3:115:2|3:847:2
ckpt_4700.pt,3,490,0.574174702167511,0.11501530557870865,0.48479849100112915,"180,255,135,247,182","99,214,103,202,219",3:124:2|3:283:2|3:298:2
ckpt_4700.pt,3,491,0.5566197037696838,0.08707629889249802,0.46028628945350647,"154,219,33,66,21","181,157,102,23,130",3:508:2|3:977:2|3:9:1
ckpt_4700.pt,3,492,0.5211239457130432,0.11997944861650467,0.4463556408882141,"196,136,32,200,183","244,134,209,10,144",3:107:2|3:220:2|3:227:2
ckpt_4700.pt,3,493,0.45085516571998596,0.09485705196857452,0.4058634042739868,"163,156,6,103,243","137,27,73,120,16",3:12:2|3:485:2|3:594:2
ckpt_4700.pt,3,494,0.5628711581230164,0.12774983048439026,0.48323342204093933,"194,235,195,146,75","168,82,194,230,99",3:199:2|3:406:2|3:419:2
ckpt_4700.pt,3,495,0.5627436637878418,0.10020504146814346,0.47023963928222656,"129,227,59,12,175","235,155,174,10,197",3:8:2|3:192:2|3:395:2
ckpt_4700.pt,3,496,0.5314323306083679,0.120366670191288,0.4886262118816376,"189,190,11,14,29","67,17,8,158,170",3:367:2|3:434:2|3:545:2
ckpt_4700.pt,3,497,0.5732725858688354,0.09371577948331833,0.47283226251602173,"215,2,117,214,104","94,183,115,195,17",3:198:2|3:446:2|3:647:2
ckpt_4700.pt,3,498,0.5972181558609009,0.11195108294487,0.45552074909210205,"182,31,121,185,248","205,135,155,4,193",3:149:2|3:572:2|3:808:2
ckpt_4700.pt,3,499,0.5101783275604248,0.09409694373607635,0.4136735498905182,"117,143,198,41,144","234,93,254,225,61",3:943:3|3:300:2|3:454:2
ckpt_4700.pt,3,500,0.5866958498954773,0.10918901860713959,0.4734494388103485,"102,25,149,34,240","199,214,84,138,94",3:84:2|3:745:2|3:775:2
ckpt_4700.pt,3,501,0.5859262347221375,0.09279108792543411,0.5037602782249451,"89,120,173,210,244","156,158,206,213,160",3:3:2|3:809:2|3:9:1
ckpt_4700.pt,3,502,0.5631314516067505,0.10646986961364746,0.44825783371925354,"47,32,41,173,141","151,62,70,139,174",3:15:2|3:210:2|3:234:2
ckpt_4700.pt,3,503,0.5387041568756104,0.10541000217199326,0.45464420318603516,"75,162,56,49,50","196,44,150,214,21",3:303:3|3:79:2|3:783:2
ckpt_4700.pt,3,504,0.6712213754653931,0.11700133979320526,0.5266517400741577,"91,173,169,187,118","191,22,121,207,11",3:615:2|3:11:1|3:35:1
ckpt_4700.pt,3,505,0.5644476413726807,0.09492361545562744,0.5204647779464722,"245,25,78,158,217","75,127,77,239,30",3:22:2|3:59:2|3:173:2
ckpt_4700.pt,3,506,0.5763847827911377,0.12828101217746735,0.46683332324028015,"224,157,46,174,51","50,32,96,200,1",3:324:2|3:20:1|3:31:1
ckpt_4700.pt,3,507,0.5259586572647095,0.09341425448656082,0.4284563362598419,"114,179,80,152,53","27,244,12,145,183",3:585:2|3:857:2|3:2:1
ckpt_4700.pt,3,508,0.5275018215179443,0.10567733645439148,0.4317981004714966,"219,111,168,33,47","65,4,230,190,112",3:431:3|3:86:2|3:491:2
ckpt_4700.pt,3,509,0.5192421078681946,0.09658322483301163,0.41644933819770813,"32,182,242,217,76","248,74,239,110,23",3:64:2|3:93:2|3:210:2
ckpt_4700.pt,3,510,0.5031362175941467,0.08278514444828033,0.42820337414741516,"109,35,248,125,26","9,26,176,191,148",3:213:2|3:224:2|3:876:2
ckpt_4700.pt,3,511,0.5122604966163635,0.09421747922897339,0.46473655104637146,"13,163,41,182,52","175,81,142,171,152",3:385:2|3:481:2|3:740:2
ckpt_4700.pt,3,512,0.5531710982322693,0.10137532651424408,0.4830114245414734,"254,179,68,108,48","74,232,46,163,226",3:390:2|3:12:1|3:44:1
ckpt_4700.pt,3,513,0.5840905904769897,0.10259199142456055,0.5108413100242615,"203,17,172,244,191","252,53,37,41,5",3:109:2|3:644:2|3:1010:2
ckpt_4700.pt,3,514,0.5149670243263245,0.09111898392438889,0.43474772572517395,"65,135,18,109,42","207,51,201,158,92",3:16:2|3:746:2|3:818:2
ckpt_4700.pt,3,515,0.590842604637146,0.13920150697231293,0.522363007068634,"167,114,70,117,186","140,78,37,1,216",3:69:2|3:300:2|3:695:2
ckpt_4700.pt,3,516,0.5226938128471375,0.11104683578014374,0.44315019249916077,"72,230,149,151,51","85,116,154,134,174",3:193:2|3:622:2|3:15:1
ckpt_4700.pt,3,517,0.4525858759880066,0.07818478345870972,0.40750759840011597,"186,168,173,36,54","34,89,174,69,33",3:711:2|3:902:2|3:1019:2
ckpt_4700.pt,3,518,0.5173852443695068,0.08715943247079849,0.4396245777606964,"248,156,73,11,247","122,94,66,81,201",3:231:2|3:322:2|3:1:1
ckpt_4700.pt,3,519,0.5242442488670349,0.10107352584600449,0.4192022383213043,"85,230,57,252,139","66,1,5,62,177",3:677:2|3:705:2|3:15:1
ckpt_4700.pt,3,520,0.5529000163078308,0.12866045534610748,0.4447788894176483,"20,103,215,197,12","210,85,235,78,80",3:14:2|3:0:1|3:4:1
ckpt_4700.pt,3,521,0.6132999062538147,0.11962172389030457,0.5126436352729797,"180,29,18,23,46","89,205,229,17,122",3:249:2|3:324:2|3:568:2
ckpt_4700.pt,3,522,0.6066298484802246,0.14138934016227722,0.4959414303302765,"27,185,87,231,233","93,101,41,239,160",3:281:2|3:310:2|3:611:2
ckpt_4700.pt,3,523,0.5808336734771729,0.0997278243303299,0.46798813343048096,"56,25,59,124,130","13,19,142,166,123",3:138:2|3:242:2|3:384:2
ckpt_4700.pt,3,524,0.4823770523071289,0.07629691809415817,0.3994300365447998,"195,66,194,100,173","116,211,77,176,42",3:183:2|3:199:2|3:304:2
ckpt_4700.pt,3,525,0.5387378931045532,0.0990082174539566,0.4411293864250183,"173,112,175,11,183","203,150,189,221,113",3:25:2|3:236:2|3:809:2
ckpt_4700.pt,3,526,0.5426777005195618,0.10793861001729965,0.4166223406791687,"75,88,206,86,205","49,109,183,90,211",3:52:2|3:136:2|3:272:2
ckpt_4700.pt,3,527,0.5708075761795044,0.10731763392686844,0.4587533175945282,"76,252,248,213,117","26,221,173,255,191",3:24:2|3:184:2|3:198:2
ckpt_4700.pt,3,528,0.6028183102607727,0.09285901486873627,0.45644617080688477,"6,181,125,147,53","87,13,69,97,112",3:141:2|3:586:2|3:641:2
ckpt_4700.pt,3,529,0.5275496244430542,0.10018732398748398,0.449050635099411,"171,196,195,250,74","153,35,175,15,180",3:137:3|3:46:2|3:153:2
ckpt_4700.pt,3,530,0.45087990164756775,0.08396440744400024,0.42832306027412415,"163,141,45,152,230","119,110,72,10,126",3:117:2|3:345:2|3:430:2
ckpt_4700.pt,3,531,0.5776685476303101,0.10884934663772583,0.450642466545105,"67,20,22,231,96","155,117,67,83,225",3:921:2|3:4:1|3:39:1
ckpt_4700.pt,3,532,0.5649386644363403,0.0980205163359642,0.4847615361213684,"107,179,50,147,231","93,200,214,174,24",3:18:2|3:85:2|3:667:2
ckpt_4700.pt,3,533,0.5999684929847717,0.1138385683298111,0.4510045647621155,"235,98,132,191,88","37,165,221,146,43",3:603:3|3:838:2|3:1:1
ckpt_4700.pt,3,534,0.587411105632782,0.12040626257658005,0.48194369673728943,"187,43,66,6,40","113,203,140,69,133",3:292:2|3:917:2|3:2:1
ckpt_4700.pt,3,535,0.5597274303436279,0.09452913701534271,0.45637771487236023,"79,185,19,210,46","71,191,42,129,233",3:35:2|3:50:2|3:463:2
ckpt_4700.pt,3,536,0.5654618144035339,0.10441367328166962,0.4634878933429718,"23,81,133,160,86","221,136,105,206,180",3:52:2|3:389:2|3:422:2
ckpt_4700.pt,3,537,0.5675312280654907,0.12616878747940063,0.4850648045539856,"35,114,14,57,134","150,152,26,202,75",3:795:2|3:10:1|3:32:1
ckpt_4700.pt,3,538,0.5517971515655518,0.11650142818689346,0.4541657567024231,"144,61,81,54,153","175,71,95,219,174",3:131:2|3:18:1|3:40:1
ckpt_4700.pt,3,539,0.5972839593887329,0.1135549247264862,0.48698368668556213,"145,205,240,110,173","143,254,175,68,70",3:183:2|3:773:2|3:0:1
ckpt_4700.pt,3,540,0.5650366544723511,0.10882275551557541,0.44926899671554565,"43,22,217,182,9","37,26,216,173,217",3:796:3|3:64:2|3:509:2
ckpt_4700.pt,3,541,0.544421911239624,0.09725075960159302,0.4099847078323364,"180,110,79,201,126","85,233,114,19,172",3:297:2|3:426:2|3:568:2
ckpt_4700.pt,3,542,0.540541410446167,0.08117649704217911,0.48810875415802,"121,65,44,188,1","239,41,159,220,219",3:57:2|3:139:2|3:416:2
ckpt_4700.pt,3,543,0.5772823691368103,0.10594441741704941,0.4723331332206726,"2,251,154,46,47","243,58,84,52,201",3:157:2|3:417:2|3:463:2
ckpt_4700.pt,3,544,0.5083293914794922,0.08928705006837845,0.42048174142837524,"96,162,94,30,203","90,250,112,96,222",3:68:2|3:429:2|3:468:2
ckpt_4700.pt,3,545,0.5329487919807434,0.10512550175189972,0.45319923758506775,"174,139,50,189,11","236,175,87,179,168",3:496:2|3:14:1|3:18:1
ckpt_4700.pt,3,546,0.5456151366233826,0.080571748316288,0.4295240640640259,"92,55,136,182,28","18,75,146,83,85",3:861:3|3:801:2|3:17:1
ckpt_4700.pt,3,547,0.49505218863487244,0.0880781039595604,0.40286147594451904,"121,126,26,47,45","180,164,85,86,215",3:98:2|3:452:2|3:7:1
ckpt_4700.pt,3,548,0.5595813989639282,0.11434387415647507,0.4449264407157898,"187,226,84,135,162","84,9,142,141,21",3:67:2|3:179:2|3:658:2
ckpt_4700.pt,3,549,0.5078842043876648,0.08736977726221085,0.42576462030410767,"147,170,102,65,224","155,24,50,247,121",3:65:2|3:962:2|3:11:1
ckpt_4700.pt,3,550,0.6303908228874207,0.13786563277244568,0.5055451393127441,"122,126,204,136,100","76,92,197,147,15",3:240:2|3:801:2|3:1:1
ckpt_4700.pt,3,551,0.489481657743454,0.09107139706611633,0.4149678349494934,"74,71,191,213,70","255,201,53,197,121",3:365:3|3:558:2|3:565:2
ckpt_4700.pt,3,552,0.5689899325370789,0.1057257354259491,0.47813838720321655,"165,156,210,86,234","70,182,207,223,199",3:254:2|3:846:2|3:905:2
ckpt_4700.pt,3,553,0.5531662702560425,0.12054972350597382,0.4908311069011688,"75,254,117,233,105","21,141,7,37,43",3:6:2|3:88:2|3:207:2
ckpt_4700.pt,3,554,0.5121479034423828,0.0791911780834198,0.3989296853542328,"198,25,176,67,241","197,107,54,32,69",3:870:2|3:5:1|3:22:1
ckpt_4700.pt,3,555,0.4988381266593933,0.13770684599876404,0.4283592998981476,"99,216,129,83,36","71,237,166,172,110",3:863:2|3:891:2|3:976:2
ckpt_4700.pt,3,556,0.5301561951637268,0.11846517026424408,0.4283704459667206,"114,170,66,48,97","146,174,74,233,184",3:75:2|3:330:2|3:925:2
ckpt_4700.pt,3,557,0.5342226028442383,0.12176185846328735,0.43454185128211975,"27,9,77,102,22","223,33,217,197,185",3:116:2|3:540:2|3:671:2
ckpt_4700.pt,3,558,0.5792128443717957,0.10415010899305344,0.45199495553970337,"132,74,207,70,31","180,191,139,36,2",3:76:2|3:551:2|3:565:2
ckpt_4700.pt,3,559,0.49826836585998535,0.07512173801660538,0.4305078387260437,"103,223,235,124,207","188,102,166,184,44",3:1005:2|3:0:1|3:1:1
ckpt_4700.pt,3,560,0.5579252243041992,0.12033422291278839,0.4869898557662964,"82,199,181,110,66","219,43,192,253,6",3:217:2|3:773:2|3:954:2
ckpt_4700.pt,3,561,0.5660128593444824,0.11058753728866577,0.41640612483024597,"17,159,121,21,173","14,231,108,89,86",3:49:2|3:971:2|3:9:1
ckpt_4700.pt,3,562,0.5673810839653015,0.10316617041826248,0.5068097114562988,"188,109,150,208,215","214,76,75,66,225",3:158:2|3:274:2|3:456:2
ckpt_4700.pt,3,563,0.5334705710411072,0.09080832451581955,0.4506320655345917,"130,48,25,38,188","32,7,153,39,221",3:59:2|3:274:2|3:384:2
ckpt_4700.pt,3,564,0.510211706161499,0.1012081429362297,0.43848350644111633,"224,56,255,82,79","93,21,87,71,255",3:301:2|3:457:2|3:596:2
ckpt_4700.pt,3,565,0.5639051795005798,0.11259900033473969,0.5028618574142456,"70,1,74,179,93","221,48,3,172,253",3:437:2|3:551:2|3:558:2
ckpt_4700.pt,3,566,0.5313959121704102,0.09960372000932693,0.41446810960769653,"19,36,21,103,139","51,27,116,218,53",3:0:2|3:463:2|3:9:1
ckpt_4700.pt,3,567,0.5039381980895996,0.10293847322463989,0.4562402367591858,"194,242,56,205,142","143,38,146,91,111",3:91:2|3:209:2|3:398:2
ckpt_4700.pt,3,568,0.5061317682266235,0.08537974208593369,0.3817136585712433,"180,175,79,29,182","176,142,38,223,163",3:490:2|3:521:2|3:541:2
ckpt_4700.pt,3,569,0.5507469177246094,0.10551417618989944,0.4177509844303131,"255,53,141,81,123","252,53,229,56,16",3:114:2|3:739:2|3:15:1
ckpt_4700.pt,3,570,0.5714273452758789,0.11202014982700348,0.49346211552619934,"119,206,45,19,95","173,212,141,143,222",3:410:2|3:736:2|3:904:2
ckpt_4700.pt,3,571,0.5523682236671448,0.09422285854816437,0.43922558426856995,"202,154,12,138,246","233,239,220,146,244",3:395:2|3:35:1|3:69:1
ckpt_4700.pt,3,572,0.570540726184845,0.09625627845525742,0.4579208195209503,"248,164,65,23,31","139,169,198,84,133",3:293:2|3:498:2|3:1:1
ckpt_4700.pt,3,573,0.5347026586532593,0.09102854132652283,0.4136776030063629,"45,205,43,107,34","238,75,241,32,105",3:194:2|3:265:2|3:382:2
ckpt_4700.pt,3,574,0.556696355342865,0.09927854686975479,0.4690801203250885,"149,103,225,14,179","245,71,186,95,76",3:283:2|3:727:2|3:775:2
ckpt_4700.pt,3,575,0.5902642607688904,0.1164739578962326,0.48930972814559937,"137,24,224,153,75","18,150,149,244,54",3:79:2|3:169:2|3:790:2
ckpt_4700.pt,3,576,0.5646604895591736,0.11003260314464569,0.4612395465373993,"91,61,33,225,42","136,13,255,99,42",3:277:2|3:412:2|3:767:2
ckpt_4700.pt,3,577,0.477874219417572,0.07924634218215942,0.42488402128219604,"180,129,54,238,2","219,174,109,177,85",3:124:2|3:417:2|3:7:1
ckpt_4700.pt,3,578,0.529146134853363,0.09849004447460175,0.43397653102874756,"19,114,71,130,127","55,196,232,202,69",3:0:2|3:242:2|3:334:2
ckpt_4700.pt,3,579,0.5150126218795776,0.1293123960494995,0.4558657705783844,"70,203,13,27,248","53,27,212,217,233",3:40:2|3:648:2|3:650:2
ckpt_4700.pt,3,580,0.5299277305603027,0.10318499058485031,0.4379802346229553,"203,156,98,91,114","194,113,237,172,62",3:105:2|3:383:2|3:3:1
ckpt_4700.pt,3,581,0.49934881925582886,0.0919797495007515,0.42870503664016724,"29,49,172,227,24","191,24,102,183,129",3:129:2|3:299:2|3:5:1
ckpt_4700.pt,3,582,0.5891392827033997,0.09988407045602798,0.45655450224876404,"81,137,200,231,244","196,57,231,106,52",3:29:2|3:223:2|3:355:2
ckpt_4700.pt,3,583,0.49910804629325867,0.09320272505283356,0.42430514097213745,"71,20,49,246,177","173,204,160,39,239",3:122:2|3:261:2|3:799:2
ckpt_4700.pt,3,584,0.6179114580154419,0.1330062597990036,0.5085331201553345,"215,17,40,108,34","0,59,139,183,114",3:14:2|3:260:2|3:364:2
ckpt_4700.pt,3,585,0.5954455733299255,0.12342217564582825,0.4818876087665558,"114,92,53,107,111","11,157,220,71,79",3:383:2|3:507:2|3:868:2
ckpt_4700.pt,3,586,0.5638705492019653,0.10643588751554489,0.4540971517562866,"148,247,125,181,131","49,42,129,201,219",3:528:2|3:620:2|3:762:2
ckpt_4700.pt,3,587,0.5248310565948486,0.09266010671854019,0.44981011748313904,"232,151,87,74,175","1,67,186,228,189",3:46:2|3:169:2|3:441:2
ckpt_4700.pt,3,588,0.5660531520843506,0.12147484719753265,0.4514874517917633,"12,146,76,218,119","48,85,62,12,100",3:408:2|3:436:2|3:460:2
ckpt_4700.pt,3,589,0.6119734048843384,0.1075720489025116,0.5281496047973633,"78,42,93,184,72","216,214,255,126,39",3:613:2|3:939:2|3:12:1
ckpt_4700.pt,3,590,0.5291359424591064,0.09930048882961273,0.4515501856803894,"1,12,247,203,129","53,14,198,189,197",3:40:2|3:89:2|3:218:2
ckpt_4700.pt,3,591,0.5508882403373718,0.09517470002174377,0.4314233362674713,"161,83,93,108,211","253,150,85,64,197",3:37:3|3:361:2|3:21:1
ckpt_4700.pt,3,592,0.5252771377563477,0.11096316576004028,0.4223844110965729,"4,196,223,133,52","220,13,47,41,140",3:51:2|3:202:2|3:259:2
ckpt_4700.pt,3,593,0.5304784774780273,0.0978466346859932,0.4407946765422821,"77,193,129,236,133","47,224,171,39,12",3:27:2|3:7:1|3:40:1
ckpt_4700.pt,3,594,0.5703018307685852,0.10209998488426208,0.5111423134803772,"189,6,246,199,163","18,115,199,92,174",3:945:3|3:385:2|3:493:2
ckpt_4700.pt,3,595,0.5458798408508301,0.0935416892170906,0.4881460964679718,"234,49,128,18,212","21,88,128,154,162",3:16:2|3:363:2|3:399:2
ckpt_4700.pt,3,596,0.5364428162574768,0.10362604260444641,0.4516996145248413,"56,82,62,39,106","130,140,211,66,127",3:109:2|3:564:2|3:821:2
ckpt_4700.pt,3,597,0.5482669472694397,0.13006284832954407,0.46026813983917236,"73,216,66,197,87","99,60,8,204,13",3:4:2|3:220:2|3:281:2
ckpt_4700.pt,3,598,0.5506134033203125,0.10574742406606674,0.45070794224739075,"215,171,163,128,38","121,13,171,193,213",3:121:2|3:350:2|3:467:2
ckpt_4700.pt,3,599,0.5870364308357239,0.09669873863458633,0.4852035641670227,"92,103,47,190,211","190,43,225,62,178",3:26:2|3:233:2|3:670:2
ckpt_4700.pt,3,600,0.47154027223587036,0.07957331091165543,0.423972487449646,"146,101,180,77,23","159,115,248,252,175",3:124:2|3:190:2|3:293:2
ckpt_4700.pt,3,601,0.55186527967453,0.09703242033720016,0.44614970684051514,"59,199,22,93,79","205,155,166,44,51",3:723:2|3:766:2|3:830:2
ckpt_4700.pt,3,602,0.5424086451530457,0.09431847929954529,0.44642218947410583,"190,14,68,91,43","220,249,214,139,244",3:496:2|3:829:2|3:10:1
ckpt_4700.pt,3,603,0.5397592186927795,0.10251352190971375,0.46881330013275146,"215,191,238,235,132","65,155,43,33,174",3:533:3|3:838:2|3:1:1
ckpt_4700.pt,3,604,0.5672228932380676,0.10730774700641632,0.4417824149131775,"204,107,165,188,70","230,13,187,245,109",3:265:2|3:766:2|3:1:1
ckpt_4700.pt,3,605,0.6031480431556702,0.11718778312206268,0.4477837383747101,"236,230,27,4,195","224,255,103,153,142",3:256:2|3:303:2|3:791:2
ckpt_4700.pt,3,606,0.47934260964393616,0.11182230710983276,0.4156739115715027,"78,221,161,152,24","230,159,180,3,224",3:22:2|3:159:2|3:428:2
ckpt_4700.pt,3,607,0.5752108097076416,0.09449294209480286,0.4898279011249542,"0,253,234,4,199","110,1,177,217,43",3:147:2|3:379:2|3:931:2
ckpt_4700.pt,3,608,0.5401061177253723,0.11321353167295456,0.4602797031402588,"131,175,39,236,102","193,29,233,92,205",3:763:2|3:836:2|3:3:1
ckpt_4700.pt,3,609,0.4917486310005188,0.09080104529857635,0.4135400652885437,"29,2,8,161,160","160,202,30,137,209",3:271:2|3:361:2|3:417:2
ckpt_4700.pt,3,610,0.47496891021728516,0.0895642563700676,0.4067818820476532,"85,137,18,123,38","99,75,223,195,29",3:102:2|3:229:2|3:713:2
ckpt_4700.pt,3,611,0.5486903190612793,0.11662374436855316,0.4380185306072235,"66,200,139,231,185","28,84,233,82,59",3:954:3|3:220:2|3:310:2
ckpt_4700.pt,3,612,0.5291919708251953,0.08079704642295837,0.42619940638542175,"28,128,35,1,237","17,252,31,93,77",3:121:2|3:244:2|3:450:2
ckpt_4700.pt,3,613,0.5121267437934875,0.0960645005106926,0.45758527517318726,"22,227,25,72,184","222,199,147,91,121",3:39:2|3:116:2|3:358:2
ckpt_4700.pt,3,614,0.6054216027259827,0.11015936732292175,0.4967229962348938,"229,93,44,239,103","55,216,206,41,225",3:779:2|3:0:1|3:6:1
ckpt_4700.pt,3,615,0.47862541675567627,0.09450159966945648,0.41942059993743896,"169,52,201,196,91","215,15,94,56,242",3:504:2|3:592:2|3:785:2
ckpt_4700.pt,3,616,0.6103493571281433,0.10326046496629715,0.4796909689903259,"41,89,250,220,31","242,248,27,54,52",3:745:2|3:748:2|3:17:1
ckpt_4700.pt,3,617,0.5170469284057617,0.10767989605665207,0.4315679669380188,"167,125,31,193,195","147,22,50,211,56",3:781:2|3:22:1|3:43:1
ckpt_4700.pt,3,618,0.5228155851364136,0.08695032447576523,0.43835023045539856,"180,210,176,109,14","196,115,18,63,134",3:10:2|3:163:2|3:213:2
ckpt_4700.pt,3,619,0.5682311058044434,0.10431139916181564,0.44897156953811646,"30,71,206,84,252","104,188,255,32,137",3:365:2|3:658:2|3:955:2
ckpt_4700.pt,3,620,0.5826259255409241,0.11626437306404114,0.4825621545314789,"176,123,125,247,134","39,50,93,81,69",3:124:2|3:246:2|3:586:2
ckpt_4700.pt,3,621,0.6398748159408569,0.10963395982980728,0.5128219723701477,"79,255,232,176,18","26,224,161,32,149",3:843:3|3:229:2|3:564:2
ckpt_4700.pt,3,622,0.5304173827171326,0.12280137091875076,0.4411093592643738,"51,180,149,42,226","88,245,239,147,53",3:163:2|3:200:2|3:205:2
ckpt_4700.pt,3,623,0.47852635383605957,0.08692415058612823,0.4023262858390808,"173,83,85,43,55","126,223,62,249,86",3:49:2|3:238:2|3:268:2
ckpt_4700.pt,3,624,0.5555891394615173,0.09796121716499329,0.4661887586116791,"178,171,46,66,251","131,123,19,27,214",3:157:2|3:292:2|3:350:2
ckpt_4700.pt,3,625,0.5391178727149963,0.08769410103559494,0.4678526818752289,"36,96,78,177,227","148,108,48,32,145",3:711:2|3:839:2|3:8:1
ckpt_4700.pt,3,626,0.5419227480888367,0.1093817874789238,0.4338318109512329,"233,245,249,173,206","124,60,113,117,187",3:453:2|3:476:2|3:955:2
ckpt_4700.pt,3,627,0.4905768036842346,0.10200301557779312,0.39738819003105164,"62,223,232,16,249","64,8,70,138,135",3:202:2|3:257:2|3:453:2
ckpt_4700.pt,3,628,0.529619574546814,0.09815321862697601,0.4172714352607727,"105,80,100,81,244","15,99,18,108,42",3:295:2|3:422:2|3:483:2
ckpt_4700.pt,3,629,0.5457436442375183,0.10854930430650711,0.45950743556022644,"174,113,207,250,32","113,39,252,206,148",3:93:2|3:234:2|3:336:2
ckpt_4700.pt,3,630,0.5635084509849548,0.10067925602197647,0.49315738677978516,"17,58,14,233,124","151,17,32,195,111",3:1004:2|3:6:1|3:10:1
ckpt_4700.pt,3,631,0.5748833417892456,0.13058015704154968,0.46834173798561096,"142,144,178,206,190","70,75,91,49,79",3:2:1|3:9:1|3:26:1
ckpt_4700.pt,3,632,0.5928788185119629,0.10997023433446884,0.47955653071403503,"92,1,141,217,34","151,142,159,190,179",3:382:2|3:726:2|3:973:2
ckpt_4700.pt,3,633,0.5592371821403503,0.08852920681238174,0.4494917094707489,"217,94,35,208,142","244,184,48,209,28",3:341:2|3:403:2|3:486:2
ckpt_4700.pt,3,634,0.5196970701217651,0.09961952269077301,0.42070603370666504,"200,90,25,109,37","224,189,233,50,56",3:407:2|3:746:2|3:9:1
ckpt_4700.pt,3,635,0.5333601832389832,0.0998709574341774,0.4681214988231659,"247,211,71,118,158","56,123,66,182,206",3:792:2|3:848:2|3:11:1
ckpt_4700.pt,3,636,0.5545400977134705,0.08868458122015,0.4965782165527344,"227,143,31,26,127","82,221,69,48,149",3:406:2|3:8:1|3:21:1
ckpt_4700.pt,3,637,0.5649174451828003,0.09706578403711319,0.47325950860977173,"226,90,160,137,142","167,182,217,50,168",3:205:2|3:810:2|3:1:1
ckpt_4700.pt,3,638,0.48130983114242554,0.08204066753387451,0.4054212272167206,"93,192,201,118,8","105,1,128,89,200",3:361:2|3:11:1|3:37:1
ckpt_4700.pt,3,639,0.5907754898071289,0.14475956559181213,0.5135254263877869,"18,8,226,228,212","93,236,180,207,78",3:232:2|3:595:2|3:688:2
ckpt_4700.pt,3,640,0.46250516176223755,0.08917763084173203,0.40513670444488525,"17,23,76,73,40","112,160,238,159,199",3:61:2|3:293:2|3:364:2
ckpt_4700.pt,3,641,0.5352561473846436,0.13162925839424133,0.4607587456703186,"147,53,58,137,60","68,226,195,7,221",3:29:2|3:141:2|3:528:2
ckpt_4700.pt,3,642,0.4825917184352875,0.09253456443548203,0.44560736417770386,"99,48,203,163,72","210,166,36,222,66",3:89:2|3:27:1|3:38:1
ckpt_4700.pt,3,643,0.5214475989341736,0.0930875912308693,0.46547242999076843,"156,207,185,109,175","188,143,158,241,104",3:213:2|3:383:2|3:399:2
ckpt_4700.pt,3,644,0.5259897708892822,0.09616004675626755,0.4635898470878601,"17,194,28,244,141","163,194,241,32,119",3:398:2|3:413:2|3:432:2
ckpt_4700.pt,3,645,0.5599033832550049,0.0956101194024086,0.4667636454105377,"171,24,99,138,61","31,242,10,194,202",3:214:2|3:986:2|3:5:1
ckpt_4700.pt,3,646,0.5379546880722046,0.097943514585495,0.4549470841884613,"169,205,80,249,22","176,46,232,14,109",3:39:2|3:136:2|3:286:2
ckpt_4700.pt,3,647,0.5429219603538513,0.10277683287858963,0.4503457844257355,"205,69,104,98,214","81,9,108,101,39",3:88:2|3:168:2|3:194:2
ckpt_4700.pt,3,648,0.5529143214225769,0.10900671780109406,0.4341619610786438,"248,71,181,115,13","2,59,205,211,226",3:53:2|3:307:2|3:579:2
ckpt_4700.pt,3,649,0.5616387128829956,0.09502819925546646,0.4826749861240387,"169,94,220,186,180","18,16,126,71,13",3:332:2|3:426:2|3:486:2
ckpt_4700.pt,3,650,0.4961380362510681,0.0880928635597229,0.4127432405948639,"27,167,105,23,13","211,206,28,93,13",3:268:2|3:579:2|3:6:1
ckpt_4700.pt,3,651,0.5620215535163879,0.09377262741327286,0.44845154881477356,"197,254,242,57,255","237,82,201,37,236",3:105:2|3:220:2|3:229:2
ckpt_4700.pt,3,652,0.5241915583610535,0.0985851064324379,0.43890899419784546,"57,228,53,60,98","154,126,16,191,48",3:459:2|3:641:2|3:719:2
ckpt_4700.pt,3,653,0.5666869282722473,0.11898720264434814,0.4717308282852173,"236,32,0,146,238","11,166,134,146,15",3:14:1|3:15:1|3:32:1
ckpt_4700.pt,3,654,0.5714265704154968,0.12112438678741455,0.4824232757091522,"36,74,159,187,204","216,221,29,198,24",3:707:2|3:787:2|3:1:1
ckpt_4700.pt,3,655,0.508586049079895,0.12017592787742615,0.4295906722545624,"181,83,227,115,30","62,60,88,31,30",3:871:3|3:189:2|3:307:2
ckpt_4700.pt,3,656,0.5167852640151978,0.13519391417503357,0.46377530694007874,"108,180,233,151,90","143,239,78,92,184",3:163:2|3:476:2|3:919:2
ckpt_4700.pt,3,657,0.570435106754303,0.11595037579536438,0.47322505712509155,"93,177,158,14,64","38,78,2,28,101",3:291:2|3:727:2|3:10:1
ckpt_4700.pt,3,658,0.5335380434989929,0.09019096195697784,0.41690075397491455,"7,247,84,206,135","136,161,126,31,167",3:490:2|3:548:2|3:619:2
ckpt_4700.pt,3,659,0.5481754541397095,0.10685636103153229,0.44644153118133545,"108,113,247,240,49","168,134,109,210,96",3:314:2|3:316:2|3:346:2
ckpt_4700.pt,3,660,0.543747067451477,0.09738051146268845,0.4556002914905548,"52,117,218,22,225","135,50,143,89,231",3:88:2|3:277:2|3:2:1
ckpt_4700.pt,3,661,0.5242326259613037,0.10382245481014252,0.41454970836639404,"247,114,37,164,56","50,108,110,133,26",3:316:2|3:9:1|3:10:1
ckpt_4700.pt,3,662,0.5996831655502319,0.1406959593296051,0.5030060410499573,"2,122,187,99,220","138,173,106,67,76",3:8:1|3:13:1|3:26:1
ckpt_4700.pt,3,663,0.5631574988365173,0.13169556856155396,0.4600387513637543,"70,126,63,43,150","85,40,235,210,101",3:9:1|3:49:1|3:57:1
ckpt_4700.pt,3,664,0.5451266765594482,0.10623550415039062,0.4461786448955536,"67,79,108,120,78","206,203,95,6,223",3:301:2|3:391:2|3:477:2
ckpt_4700.pt,3,665,0.5262314677238464,0.09139784425497055,0.4391418397426605,"154,255,239,228,241","84,211,175,119,15",3:448:2|3:990:2|3:5:1
ckpt_4700.pt,3,666,0.5043936371803284,0.10311218351125717,0.4198909103870392,"62,153,7,247,222","132,136,249,137,151",3:316:2|3:356:2|3:658:2
ckpt_4700.pt,3,667,0.5932899713516235,0.10457803308963776,0.4582698941230774,"142,33,231,179,2","124,68,195,7,185",3:532:2|3:810:2|3:8:1
ckpt_4700.pt,3,668,0.5766149759292603,0.09671467542648315,0.4590049982070923,"201,209,66,146,254","118,8,46,98,170",3:36:2|3:199:2|3:294:2
ckpt_4700.pt,3,669,0.5154449939727783,0.10008502006530762,0.4255923926830292,"15,205,194,79,163","120,146,35,222,191",3:35:2|3:331:2|3:567:2
ckpt_4700.pt,3,670,0.570732593536377,0.10617738217115402,0.4614967703819275,"253,190,174,211,181","56,34,57,1,228",3:151:2|3:440:2|3:599:2
ckpt_4700.pt,3,671,0.5424541234970093,0.1214594617486,0.470733642578125,"87,170,9,37,22","200,114,186,28,168",3:540:2|3:557:2|3:723:2
ckpt_4700.pt,3,672,0.5631997585296631,0.08691223710775375,0.4658806622028351,"210,189,51,204,96","6,147,65,218,247",3:1:1|3:3:1|3:9:1
ckpt_4700.pt,3,673,0.5743846297264099,0.09793777763843536,0.43366578221321106,"19,7,51,254,228","163,194,99,102,77",3:354:2|3:1002:2|3:0:1
ckpt_4700.pt,3,674,0.6041555404663086,0.11287390440702438,0.48474666476249695,"243,173,69,56,254","130,206,188,55,239",3:12:2|3:828:2|3:1000:2
ckpt_4700.pt,3,675,0.5323607325553894,0.10546819865703583,0.44099122285842896,"242,161,1,160,238","252,126,91,160,22",3:323:2|3:609:2|3:761:2
ckpt_4700.pt,3,676,0.5845147371292114,0.1051204726099968,0.4999110996723175,"196,237,41,92,71","219,24,156,152,200",3:186:2|3:233:2|3:423:2
ckpt_4700.pt,3,677,0.5614429712295532,0.10190501809120178,0.4802177846431732,"168,139,104,207,85","96,118,233,50,195",3:519:2|3:780:2|3:49:1
ckpt_4700.pt,3,678,0.5526281595230103,0.10586989670991898,0.4542812705039978,"223,13,211,135,195","157,89,239,174,181",3:46:2|3:304:2|3:757:2
ckpt_4700.pt,3,679,0.5631714463233948,0.11537976562976837,0.45791196823120117,"109,198,144,13,210","56,5,17,199,45",3:499:2|3:618:2|3:3:1
ckpt_4700.pt,3,680,0.46284300088882446,0.08953002840280533,0.3714003562927246,"196,75,2,215,145","186,120,66,96,142",3:84:2|3:386:2|3:446:2
ckpt_4700.pt,3,681,0.5176324248313904,0.1168389841914177,0.45205846428871155,"221,80,187,133,27","207,59,117,65,177",3:27:2|3:136:2|3:2:1
ckpt_4700.pt,3,682,0.5331791639328003,0.10934527963399887,0.44446176290512085,"179,202,51,101,1","129,4,5,205,69",3:565:2|3:819:2|3:5:1
ckpt_4700.pt,3,683,0.48885026574134827,0.08812212198972702,0.4340081512928009,"58,100,245,234,76","97,199,126,6,39",3:348:2|3:712:2|3:889:2
ckpt_4700.pt,3,684,0.548227846622467,0.10888887941837311,0.44094836711883545,"121,224,28,177,115","127,190,155,167,180",3:31:1|3:53:1|3:65:1
ckpt_4700.pt,3,685,0.623735785484314,0.12810853123664856,0.5087148547172546,"215,124,250,90,112","123,91,101,106,17",3:128:2|3:391:2|3:903:2
ckpt_4700.pt,3,686,0.5365903377532959,0.09884578734636307,0.4468231499195099,"184,201,1,44,83","81,163,194,77,227",3:57:2|3:170:2|3:320:2
ckpt_4700.pt,3,687,0.5536935925483704,0.13074305653572083,0.4444940686225891,"213,221,209,23,160","112,106,223,19,31",3:56:2|3:436:2|3:536:2
ckpt_4700.pt,3,688,0.5461770296096802,0.11622443050146103,0.4340801239013672,"106,212,105,228,119","223,44,113,7,95",3:639:2|3:7:1|3:19:1
ckpt_4700.pt,3,689,0.5384177565574646,0.10505127161741257,0.47125765681266785,"61,16,162,71,146","60,244,183,43,236",3:199:2|3:261:2|3:285:2
ckpt_4700.pt,3,690,0.5211189985275269,0.10865385085344315,0.4214218258857727,"113,104,12,216,185","187,163,253,160,67",3:281:2|3:780:2|3:4:1
ckpt_4700.pt,3,691,0.5118817687034607,0.11110030859708786,0.4243292212486267,"167,63,78,222,103","125,111,229,199,225",3:464:2|3:0:1|3:12:1
ckpt_4700.pt,3,692,0.634962260723114,0.13051751255989075,0.4895385503768921,"195,189,16,15,184","217,33,175,92,38",3:216:2|3:343:2|3:694:2
ckpt_4700.pt,3,693,0.5497300028800964,0.09283577650785446,0.4512292146682739,"7,243,46,75,253","24,26,34,189,151",3:6:1|3:10:1|3:12:1
ckpt_4700.pt,3,694,0.552067220211029,0.11729160696268082,0.4462107717990875,"225,15,184,159,34","7,188,189,220,252",3:692:2|3:992:2|3:24:1
ckpt_4700.pt,3,695,0.5136333107948303,0.08488328754901886,0.43110716342926025,"211,50,70,202,114","174,85,48,202,88",3:69:2|3:515:2|3:18:1
ckpt_4700.pt,3,696,0.5740447044372559,0.11293197423219681,0.45656394958496094,"122,91,140,79,29","181,213,208,118,148",3:13:2|3:286:2|3:568:2
ckpt_4700.pt,3,697,0.5248316526412964,0.09937506914138794,0.4497518241405487,"157,43,113,179,226","90,161,123,64,0",3:200:2|3:248:2|3:1:1
ckpt_4700.pt,3,698,0.6018771529197693,0.10481325536966324,0.48527342081069946,"189,232,26,146,106","5,64,206,22,9",3:367:3|3:325:2|3:452:2
ckpt_4700.pt,3,699,0.562426745891571,0.1008886992931366,0.4397113025188446,"131,190,3,29,66","191,16,212,176,22",3:496:2|3:804:2|3:927:2
ckpt_4700.pt,3,700,0.5229400992393494,0.08546162396669388,0.421642005443573,"255,6,165,59,232","116,200,220,121,138",3:264:2|3:621:2|3:843:2
ckpt_4700.pt,3,701,0.5381658673286438,0.11134681850671768,0.45297881960868835,"66,30,8,44,123","168,185,132,21,150",3:13:1|3:19:1|3:24:1
ckpt_4700.pt,3,702,0.5089963674545288,0.1048780083656311,0.4383701682090759,"101,112,16,119,165","75,102,89,234,154",3:5:1|3:25:1|3:33:1
ckpt_4700.pt,3,703,0.5288684964179993,0.11644645780324936,0.4151114821434021,"189,85,15,84,44","139,80,40,199,119",3:63:2|3:400:2|3:469:2
ckpt_4700.pt,3,704,0.5703954696655273,0.12187636643648148,0.44652655720710754,"23,83,197,67,97","166,9,95,115,63",3:155:2|3:1008:2|3:4:1
ckpt_4700.pt,3,705,0.5883671045303345,0.11643283814191818,0.4674229025840759,"132,17,252,52,57","239,9,139,129,4",3:185:2|3:368:2|3:398:2
ckpt_4700.pt,3,706,0.5831528306007385,0.09905054420232773,0.5119476318359375,"137,219,30,41,143","18,52,194,139,168",3:423:2|3:429:2|3:499:2
ckpt_4700.pt,3,707,0.6745969653129578,0.14708836376667023,0.5358409285545349,"204,19,31,74,73","118,240,45,232,229",3:558:2|3:654:2|3:0:1
ckpt_4700.pt,3,708,0.5163394212722778,0.0922672301530838,0.4330958127975464,"70,36,97,251,111","244,66,12,118,203",3:405:2|3:976:2|3:11:1
ckpt_4700.pt,3,709,0.5629373788833618,0.09390658885240555,0.48549923300743103,"191,207,162,225,82","166,254,146,216,8",3:429:2|3:439:2|3:715:2
ckpt_4700.pt,3,710,0.5260061025619507,0.09015372395515442,0.42473870515823364,"217,149,229,32,247","207,146,249,26,124",3:93:2|3:314:2|3:509:2
ckpt_4700.pt,3,711,0.5070410966873169,0.08047104626893997,0.4373609125614166,"36,209,62,168,227","236,126,174,245,43",3:112:2|3:517:2|3:625:2
ckpt_4700.pt,3,712,0.6043751835823059,0.10730623453855515,0.4870617389678955,"97,248,58,76,96","100,7,215,150,156",3:24:2|3:293:2|3:527:2
ckpt_4700.pt,3,713,0.5744946599006653,0.12008048593997955,0.46969079971313477,"2,137,38,223,49","252,31,126,196,179",3:89:2|3:196:2|3:610:2
ckpt_4700.pt,3,714,0.5398184061050415,0.09474559873342514,0.4747757613658905,"177,26,8,149,55","180,206,3,24,101",3:221:2|3:258:2|3:727:2
ckpt_4700.pt,3,715,0.5849608778953552,0.10328076034784317,0.5037093162536621,"17,135,225,216,162","50,169,111,57,216",3:4:2|3:283:2|3:478:2
ckpt_4700.pt,3,716,0.5237309336662292,0.11629712581634521,0.42691507935523987,"41,15,114,200,175","206,29,27,230,179",3:471:3|3:25:1|3:29:1
ckpt_4700.pt,3,717,0.5632043480873108,0.09745973348617554,0.4888995885848999,"237,87,247,124,175","18,163,96,120,184",3:169:2|3:587:2|3:756:2
ckpt_4700.pt,3,718,0.5044428110122681,0.1265459507703781,0.42977240681648254,"233,28,144,175,228","179,70,155,139,206",3:413:2|3:484:2|3:831:2
ckpt_4700.pt,3,719,0.5138031244277954,0.10114634037017822,0.4390068054199219,"214,53,223,185,98","232,176,39,70,212",3:250:2|3:346:2|3:647:2
ckpt_4700.pt,3,720,0.5392255783081055,0.11499709635972977,0.46492505073547363,"55,186,114,88,196","155,17,104,158,142",3:515:2|3:778:2|3:10:1
ckpt_4700.pt,3,721,0.4761638045310974,0.09839214384555817,0.43389809131622314,"60,85,189,41,253","25,119,194,150,183",3:63:2|3:423:2|3:703:2
ckpt_4700.pt,3,722,0.5725856423377991,0.10761865228414536,0.4481317698955536,"89,40,224,72,60","2,137,97,227,73",3:364:2|3:459:2|3:2:1
ckpt_4700.pt,3,723,0.4930837154388428,0.09263212978839874,0.43428462743759155,"59,226,87,24,22","183,62,233,161,7",3:280:2|3:601:2|3:671:2
ckpt_4700.pt,3,724,0.5464717745780945,0.10807734727859497,0.4497675895690918,"88,106,47,28,154","142,157,220,74,253",3:7:2|3:543:2|3:950:2
ckpt_4700.pt,3,725,0.5542059540748596,0.09480678290128708,0.4448223114013672,"216,171,160,18,201","194,231,243,34,145",3:4:2|3:153:2|3:187:2
ckpt_4700.pt,3,726,0.5576840043067932,0.10301399230957031,0.44434404373168945,"103,217,121,33,1","89,110,204,115,140",3:33:2|3:179:2|3:412:2
ckpt_4700.pt,3,727,0.5611951351165771,0.11526378244161606,0.44247758388519287,"234,14,177,149,73","93,104,139,63,107",3:574:2|3:657:2|3:714:2
ckpt_4700.pt,3,728,0.5507269501686096,0.09073829650878906,0.47634750604629517,"211,48,233,212,101","15,217,177,103,2",3:50:2|3:166:2|3:419:2
ckpt_4700.pt,3,729,0.5301583409309387,0.0995570719242096,0.4123910963535309,"217,195,244,137,180","207,209,97,33,157",3:332:2|3:582:2|3:947:2
ckpt_4700.pt,3,730,0.5816611051559448,0.1189042329788208,0.4974469542503357,"47,179,4,21,7","144,118,212,243,104",3:25:2|3:282:2|3:959:2
ckpt_4700.pt,3,731,0.5758439302444458,0.11918304860591888,0.4990798830986023,"204,197,87,41,123","160,109,245,44,30",3:335:2|3:597:2|3:1:1
ckpt_4700.pt,3,732,0.617185652256012,0.10929031670093536,0.5034148097038269,"182,63,176,137,175","254,189,200,110,128",3:96:2|3:568:2|3:877:2
ckpt_4700.pt,3,733,0.5227432250976562,0.09799086302518845,0.41618984937667847,"155,175,209,243,119","194,5,152,237,168",3:484:2|3:12:1|3:25:1
ckpt_4700.pt,3,734,0.6148918867111206,0.12147825211286545,0.5083080530166626,"47,160,237,228,208","63,191,224,81,35",3:28:2|3:243:2|3:0:1
ckpt_4700.pt,3,735,0.5819904208183289,0.10756884515285492,0.4805861711502075,"158,162,237,200,181","220,135,215,16,228",3:933:2|3:2:1|3:8:1
ckpt_4700.pt,3,736,0.5758531093597412,0.10677486658096313,0.4482390880584717,"206,141,138,119,38","66,121,136,5,22",3:161:2|3:570:2|3:814:2
ckpt_4700.pt,3,737,0.5661907196044922,0.08961325138807297,0.490657240152359,"212,2,61,190,250","86,216,187,227,195",3:19:2|3:8:1|3:26:1
ckpt_4700.pt,3,738,0.5219616889953613,0.11007055640220642,0.45169273018836975,"135,152,4,138,168","122,181,61,38,230",3:261:2|3:321:2|3:3:1
ckpt_4700.pt,3,739,0.6041397452354431,0.1199595257639885,0.47872284054756165,"123,81,205,180,234","45,160,176,40,216",3:569:2|3:18:1|3:34:1
ckpt_4700.pt,3,740,0.5210016369819641,0.08694293349981308,0.44350019097328186,"60,213,163,41,1","18,48,12,22,190",3:217:2|3:320:2|3:511:2
ckpt_4700.pt,3,741,0.537574827671051,0.0967513769865036,0.4680630564689636,"185,172,44,225,186","22,150,250,224,6",3:13:1|3:19:1|3:24:1
ckpt_4700.pt,3,742,0.5395815372467041,0.10659511387348175,0.45861610770225525,"180,102,48,174,115","65,116,251,81,246",3:116:2|3:190:2|3:806:2
ckpt_4700.pt,3,743,0.5139755606651306,0.11317960172891617,0.40370866656303406,"133,118,216,137,116","193,52,194,35,41",3:427:2|3:4:1|3:11:1
ckpt_4700.pt,3,744,0.6009485721588135,0.10893014818429947,0.47297218441963196,"188,120,123,212,147","95,230,135,111,100",3:133:2|3:247:2|3:360:2
ckpt_4700.pt,3,745,0.5496451258659363,0.14315073192119598,0.4575454592704773,"217,89,220,149,102","45,121,211,188,186",3:775:3|3:332:2|3:412:2
ckpt_4700.pt,3,746,0.5585243105888367,0.11690199375152588,0.43714606761932373,"109,59,200,18,86","232,161,42,163,70",3:514:2|3:634:2|3:830:2
ckpt_4700.pt,3,747,0.5702288746833801,0.10991481691598892,0.48103004693984985,"130,232,107,71,104","215,54,177,109,243",3:578:2|3:782:2|3:843:2
ckpt_4700.pt,3,748,0.6076059937477112,0.11275233328342438,0.4928492307662964,"88,220,143,84,250","127,182,106,57,201",3:68:2|3:306:2|3:479:2
ckpt_4700.pt,3,749,0.5115747451782227,0.09739433228969574,0.4224000871181488,"152,203,254,15,137","85,127,253,80,77",3:32:2|3:89:2|3:104:2
ckpt_4700.pt,3,750,0.5677634477615356,0.10225889086723328,0.44897711277008057,"56,255,245,66,14","182,21,76,42,224",3:438:2|3:564:2|3:986:2
ckpt_4700.pt,3,751,0.4676894545555115,0.07949609309434891,0.424098402261734,"252,171,243,172,42","60,56,18,127,39",3:12:2|3:55:2|3:185:2
ckpt_4700.pt,3,752,0.5792394280433655,0.1009434312582016,0.45742562413215637,"90,217,248,221,154","147,61,202,206,156",3:5:2|3:93:2|3:376:2
ckpt_4700.pt,3,753,0.5620652437210083,0.1074461042881012,0.5001063346862793,"91,79,117,255,31","84,181,168,194,213",3:77:3|3:277:2|3:392:2
ckpt_4700.pt,3,754,0.5319001078605652,0.09250031411647797,0.45052891969680786,"147,87,118,22,2","77,106,41,86,48",3:11:2|3:141:2|3:251:2
ckpt_4700.pt,3,755,0.48834285140037537,0.09267518669366837,0.42607831954956055,"228,249,101,108,168","247,18,151,19,161",3:166:2|3:5:1|3:28:1
ckpt_4700.pt,3,756,0.47758540511131287,0.1064683347940445,0.4013291597366333,"175,115,87,33,186","10,33,26,91,152",3:164:2|3:169:2|3:206:2
ckpt_4700.pt,3,757,0.5050783157348633,0.07896929234266281,0.4428403675556183,"135,223,62,53,216","19,201,124,182,146",3:4:2|3:298:2|3:627:2
ckpt_4700.pt,3,758,0.48956501483917236,0.09330455213785172,0.43317756056785583,"180,74,171,189,103","8,163,74,155,200",3:78:2|3:190:2|3:529:2
ckpt_4700.pt,3,759,0.590095043182373,0.10915420949459076,0.46343570947647095,"233,135,187,57,136","157,72,170,220,63",3:284:2|3:360:2|3:548:2
ckpt_4700.pt,3,760,0.5332902669906616,0.1028747707605362,0.4792846441268921,"143,7,161,216,0","181,135,85,90,131",3:21:2|3:4:1|3:14:1
ckpt_4700.pt,3,761,0.6058899760246277,0.11654620617628098,0.5171794295310974,"160,37,232,1,136","9,19,106,118,154",3:158:2|3:320:2|3:675:2
ckpt_4700.pt,3,762,0.6156143546104431,0.11766558885574341,0.4818650186061859,"148,181,197,65,100","56,146,230,152,204",3:65:2|3:586:2|3:2:1
ckpt_4700.pt,3,763,0.5541620254516602,0.10902658849954605,0.48447945713996887,"102,167,142,22,131","59,29,112,117,107",3:116:2|3:340:2|3:358:2
ckpt_4700.pt,3,764,0.490728497505188,0.08466292172670364,0.41269949078559875,"60,219,165,91,199","67,26,143,165,87",3:48:1|3:64:1|3:86:1
ckpt_4700.pt,3,765,0.551486611366272,0.12246774882078171,0.4897056221961975,"247,8,234,132,213","34,14,88,84,141",3:320:2|3:12:1|3:20:1
ckpt_4700.pt,3,766,0.5628032088279724,0.11135493963956833,0.4099732041358948,"107,100,188,22,79","193,32,10,233,131",3:388:2|3:416:2|3:483:2
ckpt_4700.pt,3,767,0.5273898243904114,0.0926143229007721,0.4782256484031677,"226,61,4,213,33","101,233,61,7,95",3:85:2|3:179:2|3:480:2
ckpt_4700.pt,3,768,0.4888841509819031,0.08422872424125671,0.42465725541114807,"109,98,194,223,80","102,134,82,67,132",3:719:2|3:2:1|3:3:1
ckpt_4700.pt,3,769,0.5188807249069214,0.09777102619409561,0.4456491470336914,"118,32,112,160,253","15,43,173,97,70",3:156:2|3:311:2|3:834:2
ckpt_4700.pt,3,770,0.553879976272583,0.12423916906118393,0.4946148693561554,"255,229,65,89,188","217,215,106,169,10",3:542:2|3:849:2|3:866:2
ckpt_4700.pt,3,771,0.5625030994415283,0.12455343455076218,0.4832751154899597,"75,62,150,77,120","95,208,46,75,246",3:433:2|3:3:1|3:6:1
ckpt_4700.pt,3,772,0.48225635290145874,0.10505835711956024,0.4169907867908478,"23,231,15,98,12","157,215,10,136,55",3:3:1|3:6:1|3:32:1
ckpt_4700.pt,3,773,0.5494412183761597,0.11035922914743423,0.4553433358669281,"238,43,110,199,145","216,221,239,102,63",3:178:2|3:382:2|3:539:2
ckpt_4700.pt,3,774,0.6003117561340332,0.12741254270076752,0.5025985240936279,"150,60,167,83,218","148,125,93,116,3",3:170:2|3:300:2|3:1022:2
ckpt_4700.pt,3,775,0.5578437447547913,0.08349887281656265,0.4744291305541992,"249,102,179,89,149","95,132,63,40,74",3:745:3|3:409:2|3:500:2
ckpt_4700.pt,3,776,0.5831620097160339,0.12446332722902298,0.48692595958709717,"156,83,79,138,250","111,32,19,192,205",3:301:2|3:922:2|3:955:2
ckpt_4700.pt,3,777,0.550390362739563,0.12438450008630753,0.4680624008178711,"40,128,232,205,174","81,46,92,8,106",3:171:2|3:2:1|3:14:1
ckpt_4700.pt,3,778,0.5807937383651733,0.09890884160995483,0.4747507572174072,"88,124,186,189,10","33,76,55,105,121",3:164:2|3:720:2|3:10:1
ckpt_4700.pt,3,779,0.5662161707878113,0.12389013171195984,0.48052656650543213,"239,81,103,152,221","60,162,46,212,255",3:606:2|3:614:2|3:859:2
ckpt_4700.pt,3,780,0.5328510999679565,0.08768212795257568,0.4376069903373718,"6,34,85,216,104","181,127,226,70,244",3:677:2|3:690:2|3:4:1
ckpt_4700.pt,3,781,0.5248252749443054,0.09856363385915756,0.4449779689311981,"211,103,31,22,125","13,115,85,127,210",3:78:2|3:286:2|3:340:2
ckpt_4700.pt,3,782,0.5919013023376465,0.12690865993499756,0.47891002893447876,"67,232,104,152,214","245,6,119,210,247",3:391:2|3:497:2|3:647:2
ckpt_4700.pt,3,783,0.471476674079895,0.09215502440929413,0.417196661233902,"162,35,50,74,45","35,68,60,10,222",3:503:2|3:948:2|3:18:1
ckpt_4700.pt,3,784,0.5572555661201477,0.132608100771904,0.47347450256347656,"98,121,111,252,14","78,131,146,240,241",3:930:3|3:3:1|3:10:1
ckpt_4700.pt,3,785,0.5099998712539673,0.08547164499759674,0.4453696012496948,"91,110,41,52,70","196,158,241,229,243",3:154:2|3:511:2|3:615:2
ckpt_4700.pt,3,786,0.5351926684379578,0.09687724709510803,0.40187016129493713,"112,233,84,33,94","131,154,226,98,47",3:179:2|3:6:1|3:7:1
ckpt_4700.pt,3,787,0.44235754013061523,0.07349564135074615,0.3686418831348419,"208,159,36,142,200","238,196,243,106,139",3:633:2|3:654:2|3:0:1
ckpt_4700.pt,3,788,0.5185216069221497,0.09141416102647781,0.43503981828689575,"252,13,183,128,80","114,127,242,171,199",3:313:2|3:481:2|3:805:2
ckpt_4700.pt,3,789,0.5617218613624573,0.10325371474027634,0.4845993220806122,"237,236,126,183,103","253,68,86,19,219",3:325:2|3:793:2|3:0:1
ckpt_4700.pt,3,790,0.6036179661750793,0.11341886222362518,0.5053068995475769,"40,254,153,137,31","126,212,6,13,93",3:575:2|3:749:2|3:2:1
ckpt_4700.pt,3,791,0.536801815032959,0.11144562065601349,0.4445993900299072,"4,180,156,33,27","108,27,244,147,135",3:147:2|3:175:2|3:353:2
ckpt_4700.pt,3,792,0.5146321654319763,0.0949651300907135,0.4227196276187897,"247,163,224,33,118","103,140,122,6,55",3:244:2|3:635:2|3:11:1
ckpt_4700.pt,3,793,0.5504282712936401,0.09536749869585037,0.4387575387954712,"6,236,11,149,103","255,248,1,46,116",3:493:2|3:574:2|3:789:2
ckpt_4700.pt,3,794,0.5697879195213318,0.09569840878248215,0.4338235557079315,"167,155,184,140,106","71,29,40,6,142",3:1022:2|3:7:1|3:42:1
ckpt_4700.pt,3,795,0.5419925451278687,0.10561168938875198,0.4568262994289398,"14,24,228,57,63","105,48,133,2,190",3:28:2|3:222:2|3:454:2
ckpt_4700.pt,3,796,0.5522887110710144,0.11273959279060364,0.46227261424064636,"43,217,22,211,169","185,126,52,209,213",3:540:3|3:286:2|3:646:2
ckpt_4700.pt,3,797,0.5562632083892822,0.11774526536464691,0.45771634578704834,"204,167,233,10,89","232,68,206,147,212",3:421:2|3:851:2|3:1:1
ckpt_4700.pt,3,798,0.6086077094078064,0.10893888771533966,0.4908069372177124,"17,16,254,46,11","11,104,214,10,118",3:103:2|3:292:2|3:430:2
ckpt_4700.pt,3,799,0.5400338172912598,0.09087712317705154,0.44976526498794556,"65,177,216,81,71","57,226,224,141,19",3:131:2|3:261:2|3:427:2
ckpt_4700.pt,3,800,0.5358287692070007,0.0942608118057251,0.4450737237930298,"8,46,72,87,202","46,63,116,147,78",3:20:1|3:35:1|3:64:1
ckpt_4700.pt,3,801,0.5261596441268921,0.09464211016893387,0.4185382127761841,"45,136,202,122,182","71,120,126,86,102",3:345:2|3:546:2|3:550:2
ckpt_4700.pt,3,802,0.5461283922195435,0.11862608790397644,0.4215502440929413,"98,78,196,119,233","177,228,181,118,27",3:266:2|3:360:2|3:3:1
ckpt_4700.pt,3,803,0.5250626802444458,0.10694056004285812,0.42065340280532837,"205,42,94,132,193","170,67,80,7,178",3:12:2|3:159:2|3:341:2
ckpt_4700.pt,3,804,0.5374430418014526,0.08068089187145233,0.472082257270813,"117,3,131,26,204","252,100,4,88,127",3:448:2|3:699:2|3:974:2
ckpt_4700.pt,3,805,0.5401551127433777,0.10703673213720322,0.4602901339530945,"147,143,80,183,83","145,83,52,102,232",3:313:2|3:481:2|3:788:2
ckpt_4700.pt,3,806,0.524211049079895,0.09522093087434769,0.4583057165145874,"215,148,200,102,180","35,178,190,166,130",3:116:2|3:337:2|3:742:2
ckpt_4700.pt,3,807,0.5216526389122009,0.09710545092821121,0.4154368042945862,"124,38,15,44,232","157,191,131,232,152",3:19:2|3:279:2|3:471:2
ckpt_4700.pt,3,808,0.5202411413192749,0.09937210381031036,0.4510788023471832,"31,61,176,121,110","180,241,213,251,200",3:130:2|3:214:2|3:267:2
ckpt_4700.pt,3,809,0.4823656678199768,0.10364941507577896,0.40302225947380066,"183,2,244,59,173","64,110,89,108,217",3:8:2|3:405:2|3:481:2
ckpt_4700.pt,3,810,0.5353665351867676,0.08730539679527283,0.4576740860939026,"231,226,76,142,93","171,66,132,189,224",3:67:2|3:205:2|3:291:2
ckpt_4700.pt,3,811,0.5018433332443237,0.09623324871063232,0.4272531270980835,"169,139,100,5,147","230,168,126,80,146",3:11:1|3:29:1|3:31:1
ckpt_4700.pt,3,812,0.5150538682937622,0.09442507475614548,0.44919028878211975,"173,3,2,227,141","207,201,10,160,50",3:8:2|3:176:2|3:228:2
ckpt_4700.pt,3,813,0.5496501922607422,0.09180785715579987,0.46086788177490234,"131,141,166,169,122","140,25,195,255,251",3:161:3|3:13:1|3:25:1
ckpt_4700.pt,3,814,0.5664095282554626,0.10185203701257706,0.45491161942481995,"124,38,138,252,108","204,210,235,9,239",3:922:3|3:260:2|3:372:2
ckpt_4700.pt,3,815,0.5172246098518372,0.13563452661037445,0.41881445050239563,"163,245,253,111,144","199,206,43,40,21",3:385:2|3:10:1|3:13:1
ckpt_4700.pt,3,816,0.48234206438064575,0.08775517344474792,0.4039451479911804,"118,65,242,37,70","201,184,243,121,229",3:113:2|3:349:2|3:427:2
ckpt_4700.pt,3,817,0.5907560586929321,0.10686413943767548,0.560684859752655,"205,78,48,111,198","153,255,48,165,57",3:22:1|3:34:1|3:47:1
ckpt_4700.pt,3,818,0.5910961031913757,0.125939279794693,0.46293506026268005,"174,217,65,18,149","9,127,243,97,3",3:16:2|3:324:2|3:514:2
ckpt_4700.pt,3,819,0.47380873560905457,0.09547609835863113,0.3982623517513275,"1,202,146,186,223","195,117,75,166,210",3:212:2|3:232:2|3:259:2
ckpt_4700.pt,3,820,0.5456387996673584,0.09672477096319199,0.48710334300994873,"20,192,203,173,255","26,24,227,54,239",3:902:2|3:38:1|3:40:1
ckpt_4700.pt,3,821,0.5107995867729187,0.11479434370994568,0.453388512134552,"39,62,171,67,15","150,151,40,59,69",3:596:2|3:3:1|3:32:1
ckpt_4700.pt,3,822,0.6053551435470581,0.12382366508245468,0.5037628412246704,"27,194,123,179,182","16,119,205,227,38",3:255:2|3:461:2|3:13:1
ckpt_4700.pt,3,823,0.5092565417289734,0.1052427664399147,0.4418776333332062,"100,13,189,99,225","59,101,21,1,63",3:367:2|3:388:2|3:940:2
ckpt_4700.pt,3,824,0.5669394731521606,0.10531338304281235,0.4681053161621094,"4,37,239,186,139","182,190,62,112,171",3:259:2|3:353:2|3:9:1
ckpt_4700.pt,3,825,0.5324675440788269,0.1026468575000763,0.4639086127281189,"160,98,37,234,84","180,227,112,99,39",3:177:2|3:761:2|3:1018:2
ckpt_4700.pt,3,826,0.5054320096969604,0.12085883319377899,0.44184648990631104,"91,194,95,246,126","136,190,74,225,111",3:241:2|3:302:2|3:419:2
ckpt_4700.pt,3,827,0.5118775367736816,0.08694412559270859,0.4302554726600647,"239,84,218,110,204","42,109,61,204,116",3:38:2|3:448:2|3:1:1
ckpt_4700.pt,3,828,0.5315783619880676,0.1117980107665062,0.43749335408210754,"56,173,31,1,122","234,85,18,73,151",3:130:2|3:674:2|3:13:1
ckpt_4700.pt,3,829,0.578561007976532,0.11340303719043732,0.4834112823009491,"3,14,251,152,43","203,12,63,211,106",3:482:2|3:602:2|3:10:1
ckpt_4700.pt,3,830,0.562828004360199,0.11263921111822128,0.43924593925476074,"161,79,86,194,59","171,39,50,91,70",3:140:2|3:254:2|3:272:2
ckpt_4700.pt,3,831,0.665483832359314,0.1456507444381714,0.514123797416687,"31,176,230,228,144","153,160,63,239,193",3:130:2|3:215:2|3:305:2
ckpt_4700.pt,3,832,0.4723900854587555,0.09005523473024368,0.3842526376247406,"66,182,230,93,166","163,255,102,46,97",3:241:2|3:292:2|3:321:2
ckpt_4700.pt,3,833,0.5228420495986938,0.09276051074266434,0.4283008873462677,"11,220,107,154,109","200,239,179,90,12",3:995:3|3:152:2|3:322:2
ckpt_4700.pt,3,834,0.5424697995185852,0.10371751338243484,0.4469202756881714,"32,116,160,161,248","50,255,29,104,190",3:53:2|3:254:2|3:418:2
ckpt_4700.pt,3,835,0.5363002419471741,0.08054294437170029,0.42388322949409485,"123,128,156,231,51","117,196,53,201,182",3:150:2|3:180:2|3:468:2
ckpt_4700.pt,3,836,0.5216008424758911,0.09990522265434265,0.39952486753463745,"39,164,131,158,212","197,217,120,111,137",3:165:2|3:374:2|3:608:2
ckpt_4700.pt,3,837,0.5449859499931335,0.10088828206062317,0.4943110942840576,"140,225,251,142,80","90,77,42,246,142",3:66:2|3:157:2|3:2:1
ckpt_4700.pt,3,838,0.588045597076416,0.13717573881149292,0.4748985469341278,"235,106,173,75,132","119,229,26,203,168",3:58:2|3:211:2|3:494:2
ckpt_4700.pt,3,839,0.5346136689186096,0.09993967413902283,0.4387133717536926,"130,96,162,171,177","49,193,148,197,97",3:366:2|3:468:2|3:544:2
ckpt_4700.pt,3,840,0.5332454442977905,0.12136572599411011,0.462604820728302,"240,103,188,47,245","16,167,57,58,55",3:599:2|3:0:1|3:7:1
ckpt_4700.pt,3,841,0.5260303616523743,0.10088606178760529,0.426432341337204,"21,24,251,135,113","254,75,144,151,215",3:11:2|3:404:2|3:3:1
ckpt_4700.pt,3,842,0.5393717288970947,0.10931114107370377,0.4635014832019806,"181,171,250,25,129","221,176,1,169,230",3:66:2|3:137:2|3:189:2
ckpt_4700.pt,3,843,0.5636103749275208,0.11397991329431534,0.4425241947174072,"232,255,176,130,77","16,66,26,135,143",3:621:3|3:700:2|3:747:2
ckpt_4700.pt,3,844,0.515243649482727,0.1035173088312149,0.4293139576911926,"179,25,236,83,130","71,96,123,117,249",3:195:2|3:384:2|3:523:2
ckpt_4700.pt,3,845,0.5603105425834656,0.0991588681936264,0.4892260730266571,"105,238,66,250,194","19,119,148,33,15",3:81:2|3:199:2|3:524:2
ckpt_4700.pt,3,846,0.580033540725708,0.1075291559100151,0.48772144317626953,"234,249,126,222,86","45,78,63,80,232",3:552:2|3:1:1|3:52:1
ckpt_4700.pt,3,847,0.5407557487487793,0.11444316804409027,0.4445796608924866,"31,109,201,225,9","18,101,42,9,236",3:489:2|3:43:1|3:60:1
ckpt_4700.pt,3,848,0.5206471085548401,0.10440225899219513,0.41550174355506897,"247,144,35,71,122","59,203,128,159,109",3:373:2|3:635:2|3:13:1
ckpt_4700.pt,3,849,0.6276128888130188,0.09661618620157242,0.5256341099739075,"65,240,229,152,105","202,62,191,26,21",3:770:2|3:979:2|3:6:1
ckpt_4700.pt,3,850,0.5846900939941406,0.1315777748823166,0.455696702003479,"33,144,180,196,67","165,245,234,168,115",3:107:2|3:119:2|3:791:2
ckpt_4700.pt,3,851,0.5556221008300781,0.162223219871521,0.45541462302207947,"89,233,53,46,76","26,176,41,119,23",3:20:2|3:284:2|3:339:2
ckpt_4700.pt,3,852,0.575814962387085,0.0979551151394844,0.4569215178489685,"153,133,146,108,241","94,84,59,90,114",3:216:2|3:285:2|3:5:1
ckpt_4700.pt,3,853,0.5266600251197815,0.08300592750310898,0.4701842963695526,"247,142,220,29,219","200,112,62,178,130",3:299:2|3:1006:2|3:9:1
ckpt_4700.pt,3,854,0.5004318952560425,0.08920696377754211,0.40603142976760864,"147,69,17,218,241","97,139,34,6,172",3:5:1|3:11:1|3:29:1
ckpt_4700.pt,3,855,0.5454052090644836,0.11735173314809799,0.45450979471206665,"129,38,13,143,211","168,174,31,71,56",3:40:2|3:304:2|3:678:2
ckpt_4700.pt,3,856,0.4960990846157074,0.08401919901371002,0.4165620505809784,"53,8,79,89,199","119,185,34,19,125",3:467:2|3:601:2|3:851:2
ckpt_4700.pt,3,857,0.533233106136322,0.09125017374753952,0.4461430311203003,"53,80,181,183,20","168,244,231,46,57",3:2:2|3:66:2|3:414:2
ckpt_4700.pt,3,858,0.5735165476799011,0.10748884826898575,0.47307246923446655,"48,238,63,35,13","185,170,231,160,79",3:373:2|3:901:2|3:40:1
ckpt_4700.pt,3,859,0.5265029668807983,0.10876628756523132,0.4448702037334442,"94,152,195,81,98","252,221,216,8,158",3:362:3|3:779:2|3:3:1
ckpt_4700.pt,3,860,0.5644331574440002,0.12115974724292755,0.48413515090942383,"117,54,38,66,84","22,67,119,96,230",3:82:2|3:317:2|3:2:1
ckpt_4700.pt,3,861,0.4865880608558655,0.10464880615472794,0.4149874746799469,"112,182,92,5,136","115,31,87,17,9",3:546:3|3:801:2|3:17:1
ckpt_4700.pt,3,862,0.6068649291992188,0.11321515589952469,0.4951615333557129,"82,221,158,95,40","253,24,170,226,1",3:920:2|3:2:1|3:7:1
ckpt_4700.pt,3,863,0.5581870675086975,0.11575067788362503,0.4604477286338806,"245,216,24,36,109","136,15,157,14,174",3:208:2|3:555:2|3:893:2
ckpt_4700.pt,3,864,0.4949076175689697,0.10346956551074982,0.4537280201911926,"93,43,209,82,154","3,48,11,187,53",3:292:2|3:369:2|3:969:2
ckpt_4700.pt,3,865,0.5493245720863342,0.11765355616807938,0.4385016858577728,"162,16,249,160,34","197,173,164,44,123",3:627:2|3:689:2|3:4:1
ckpt_4700.pt,3,866,0.5995694398880005,0.11288698762655258,0.47155916690826416,"235,89,229,107,232","198,109,150,106,116",3:16:2|3:747:2|3:770:2
ckpt_4700.pt,3,867,0.5890514254570007,0.12313735485076904,0.4915615916252136,"87,88,246,57,116","26,43,53,189,148",3:929:2|3:10:1|3:32:1
ckpt_4700.pt,3,868,0.5997011065483093,0.11975880712270737,0.5325113534927368,"126,2,111,7,107","216,88,115,80,179",3:405:3|3:228:2|3:585:2
ckpt_4700.pt,3,869,0.5400375723838806,0.11094118654727936,0.4523167014122009,"116,119,148,121,255","245,143,235,14,216",3:87:2|3:254:2|3:460:2
ckpt_4700.pt,3,870,0.5594243407249451,0.10210303217172623,0.4575290083885193,"29,198,67,225,148","60,245,220,250,180",3:375:2|3:554:2|3:13:1
ckpt_4700.pt,3,871,0.5498839020729065,0.10718704015016556,0.4433729946613312,"4,115,181,83,56","84,215,239,43,157",3:655:3|3:307:2|3:648:2
ckpt_4700.pt,3,872,0.5095263123512268,0.10530100762844086,0.45629042387008667,"70,29,176,215,224","45,130,255,221,109",3:364:2|3:13:1|3:14:1
ckpt_4700.pt,3,873,0.5585037469863892,0.11064746230840683,0.4743945896625519,"20,128,82,252,246","51,244,35,193,121",3:43:2|3:121:2|3:272:2
ckpt_4700.pt,3,874,0.5211579203605652,0.09842868894338608,0.44679585099220276,"229,216,139,56,225","156,47,183,216,194",3:74:2|3:91:2|3:715:2
ckpt_4700.pt,3,875,0.5597438812255859,0.13976140320301056,0.46574464440345764,"205,47,115,249,163","40,4,239,114,150",3:245:2|3:282:2|3:285:2
ckpt_4700.pt,3,876,0.5510773658752441,0.10618691891431808,0.4525044858455658,"224,252,35,145,109","225,252,203,240,28",3:403:2|3:510:2|3:923:2
ckpt_4700.pt,3,877,0.573462188243866,0.1114373430609703,0.48502418398857117,"137,235,239,182,214","219,138,39,76,6",3:255:2|3:339:2|3:462:2
ckpt_4700.pt,3,878,0.5029016137123108,0.0875394344329834,0.4259852170944214,"194,139,205,255,126","161,165,76,124,154",3:91:2|3:567:2|3:669:2
ckpt_4700.pt,3,879,0.4851630926132202,0.0787777379155159,0.41835159063339233,"53,97,6,18,164","78,250,157,139,13",3:528:2|3:944:2|3:15:1
ckpt_4700.pt,3,880,0.5245288014411926,0.09456426650285721,0.41236424446105957,"245,101,118,105,9","51,107,190,133,46",3:5:1|3:11:1|3:13:1
ckpt_4700.pt,3,881,0.5873048305511475,0.1093730553984642,0.5079418420791626,"149,148,174,34,99","71,68,33,157,138",3:246:2|3:444:2|3:500:2
ckpt_4700.pt,3,882,0.552009105682373,0.10881245136260986,0.4340633451938629,"50,111,184,7,40","117,167,36,78,246",3:868:2|3:2:1|3:14:1
ckpt_4700.pt,3,883,0.4990014135837555,0.10853336751461029,0.4155520498752594,"32,39,82,22,76","182,137,151,53,233",3:439:2|3:509:2|3:596:2
ckpt_4700.pt,3,884,0.5917558073997498,0.12997499108314514,0.4884800910949707,"216,200,212,248,138","175,198,247,243,86",3:237:2|3:1:1|3:4:1
ckpt_4700.pt,3,885,0.5373367071151733,0.0902772769331932,0.4607051908969879,"215,121,128,162,196","53,31,14,146,122",3:276:2|3:329:2|3:598:2
ckpt_4700.pt,3,886,0.5414687395095825,0.10396792739629745,0.4354216158390045,"129,57,242,91,218","173,232,61,64,26",3:105:2|3:651:2|3:7:1
ckpt_4700.pt,3,887,0.5924451351165771,0.10954351723194122,0.49285003542900085,"130,66,10,160,135","32,56,97,9,172",3:4:2|3:0:1|3:3:1
ckpt_4700.pt,3,888,0.5861495137214661,0.09868469834327698,0.47700372338294983,"0,54,255,212,96","163,67,166,82,161",3:186:2|3:265:2|3:402:2
ckpt_4700.pt,3,889,0.5988426208496094,0.11484218388795853,0.4658229649066925,"58,4,206,93,100","12,213,52,22,178",3:379:2|3:683:2|3:2:1
ckpt_4700.pt,3,890,0.5460835695266724,0.11282262206077576,0.45824605226516724,"127,6,156,94,128","46,194,132,219,167",3:485:2|3:493:2|3:835:2
ckpt_4700.pt,3,891,0.5300307273864746,0.10599888861179352,0.4116836190223694,"41,129,132,99,92","240,93,111,216,145",3:72:2|3:233:2|3:555:2
ckpt_4700.pt,3,892,0.5295745730400085,0.138066366314888,0.42398539185523987,"238,74,220,221,68","63,65,88,139,161",3:428:2|3:1003:2|3:26:1
ckpt_4700.pt,3,893,0.5583666563034058,0.1335243433713913,0.4654766321182251,"24,109,246,143,195","221,124,115,245,17",3:208:2|3:863:2|3:995:2
ckpt_4700.pt,3,894,0.5466970205307007,0.08984063565731049,0.46135199069976807,"167,254,244,109,133","197,42,3,217,228",3:207:2|3:390:2|3:946:2
ckpt_4700.pt,3,895,0.5176910161972046,0.09064050763845444,0.44108375906944275,"155,65,194,205,115","124,212,157,231,31",3:567:2|3:669:2|3:875:2
ckpt_4700.pt,3,896,0.598200798034668,0.11588288098573685,0.4871366322040558,"87,169,144,28,86","107,76,26,25,228",3:119:2|3:335:2|3:718:2
ckpt_4700.pt,3,897,0.526917040348053,0.1035214215517044,0.4301143288612366,"110,7,34,227,54","52,106,232,61,110",3:407:2|3:8:1|3:24:1
ckpt_4700.pt,3,898,0.5344886779785156,0.10916465520858765,0.41016435623168945,"182,59,22,48,6","216,38,131,154,174",3:540:2|3:601:2|3:700:2
ckpt_4700.pt,3,899,0.4558493494987488,0.08733499050140381,0.39226648211479187,"69,29,196,245,34","51,160,167,0,44",3:13:2|3:168:2|3:185:2
ckpt_4700.pt,3,900,0.6240023374557495,0.11422018706798553,0.4874299168586731,"178,130,255,119,202","255,93,26,146,144",3:455:2|3:843:2|3:869:2
ckpt_4700.pt,3,901,0.5691600441932678,0.0987628698348999,0.48392754793167114,"13,80,238,101,71","164,122,0,134,252",3:186:2|3:205:2|3:648:2
ckpt_4700.pt,3,902,0.5072632431983948,0.08824831992387772,0.4116388261318207,"214,203,165,168,173","3,155,6,134,136",3:517:2|3:820:2|3:38:1
ckpt_4700.pt,3,903,0.6018571257591248,0.10392797738313675,0.5013123154640198,"112,90,46,1,60","52,234,149,211,218",3:128:2|3:249:2|3:344:2
ckpt_4700.pt,3,904,0.6096209287643433,0.11009632050991058,0.4847278594970703,"119,45,167,134,15","61,220,238,122,211",3:203:2|3:570:2|3:32:1
ckpt_4700.pt,3,905,0.5309690833091736,0.1019359901547432,0.4353140890598297,"156,165,69,43,224","48,188,120,147,85",3:382:2|3:552:2|3:47:1
ckpt_4700.pt,3,906,0.5545174479484558,0.12270676344633102,0.45897176861763,"195,101,149,27,145","84,224,177,78,239",3:84:2|3:205:2|3:605:2
ckpt_4700.pt,3,907,0.5408661961555481,0.10999668389558792,0.4574822783470154,"228,113,142,130,230","160,203,45,253,18",3:242:2|3:831:2|3:0:1
ckpt_4700.pt,3,908,0.5306839346885681,0.08897559344768524,0.44006404280662537,"0,203,223,154,87","41,249,201,7,162",3:257:2|3:352:2|3:950:2
ckpt_4700.pt,3,909,0.5036024451255798,0.11424345523118973,0.47156259417533875,"48,77,217,199,134","50,250,248,12,9",3:70:2|3:80:2|3:5:1
ckpt_4700.pt,3,910,0.4841438829898834,0.09557084739208221,0.4417213201522827,"62,163,28,113,221","133,23,51,183,112",3:112:2|3:201:2|3:244:2
ckpt_4700.pt,3,911,0.5192663669586182,0.09451916813850403,0.41897615790367126,"15,96,50,158,46","48,207,188,204,16",3:32:2|3:475:2|3:18:1
ckpt_4700.pt,3,912,0.5229450464248657,0.10517917573451996,0.4348050653934479,"100,14,202,120,61","122,216,13,2,201",3:204:2|3:367:2|3:483:2
ckpt_4700.pt,3,913,0.5922127962112427,0.10178305208683014,0.4912179708480835,"161,138,95,230,224","180,97,137,92,168",3:15:2|3:187:2|3:241:2
ckpt_4700.pt,3,914,0.5497657060623169,0.11947163194417953,0.49332505464553833,"91,32,197,217,227","134,168,230,98,160",3:93:2|3:220:2|3:277:2
ckpt_4700.pt,3,915,0.5542236566543579,0.13549652695655823,0.48946064710617065,"93,15,139,140,254","199,66,164,93,110",3:167:2|3:319:2|3:749:2
ckpt_4700.pt,3,916,0.5009549260139465,0.08880501985549927,0.4218282103538513,"13,29,64,128,71","149,165,132,163,124",3:375:2|3:648:2|3:788:2
ckpt_4700.pt,3,917,0.5562693476676941,0.10644786804914474,0.4742661118507385,"66,43,155,139,227","65,12,80,245,43",3:167:2|3:189:2|3:267:2
ckpt_4700.pt,3,918,0.5707294940948486,0.09574644267559052,0.4772033095359802,"89,153,42,16,168","48,192,214,116,243",3:200:2|3:12:1|3:17:1
ckpt_4700.pt,3,919,0.5638660788536072,0.10895730555057526,0.460578978061676,"68,4,132,180,233","82,106,245,17,33",3:656:2|3:791:2|3:6:1
ckpt_4700.pt,3,920,0.5313960313796997,0.09299258142709732,0.42463231086730957,"82,39,24,40,185","65,66,98,30,184",3:281:2|3:596:2|3:862:2
ckpt_4700.pt,3,921,0.5325602889060974,0.10271180421113968,0.4720042049884796,"147,87,231,67,210","191,247,42,24,88",3:522:2|3:531:2|3:532:2
ckpt_4700.pt,3,922,0.5211207270622253,0.115705706179142,0.4420386552810669,"174,108,156,138,124","65,159,158,194,4",3:814:3|3:322:2|3:353:2
ckpt_4700.pt,3,923,0.5695989727973938,0.10006879270076752,0.47032061219215393,"142,74,145,216,109","66,199,114,155,136",3:863:2|3:876:2|3:0:1
ckpt_4700.pt,3,924,0.519501805305481,0.08437775820493698,0.4302913546562195,"39,77,223,219,81","28,10,169,96,153",3:259:2|3:393:2|3:427:2
ckpt_4700.pt,3,925,0.553970217704773,0.10223206877708435,0.4412943124771118,"170,38,97,43,213","175,72,194,189,178",3:556:2|3:19:1|3:23:1
ckpt_4700.pt,3,926,0.5686835646629333,0.1097848042845726,0.4785391688346863,"26,221,136,241,163","38,226,213,106,116",3:27:2|3:309:2|3:910:2
ckpt_4700.pt,3,927,0.5662460923194885,0.09934454411268234,0.4692103862762451,"29,164,69,82,131","93,60,112,197,126",3:699:2|3:836:2|3:899:2
ckpt_4700.pt,3,928,0.6465312838554382,0.10744263231754303,0.5320366621017456,"196,102,43,67,141","240,140,116,175,84",3:138:2|3:432:2|3:850:2
ckpt_4700.pt,3,929,0.5621370673179626,0.09962181001901627,0.46391403675079346,"139,6,87,246,181","224,98,126,217,109",3:338:2|3:348:2|3:528:2
ckpt_4700.pt,3,930,0.4901829659938812,0.09677889943122864,0.4521041512489319,"98,243,121,111,169","83,53,176,18,163",3:784:3|3:3:1|3:12:1
ckpt_4700.pt,3,931,0.5870797634124756,0.11286835372447968,0.4768069088459015,"162,253,228,224,234","130,176,53,190,13",3:79:2|3:607:2|3:10:1
ckpt_4700.pt,3,932,0.592059314250946,0.10902173817157745,0.44890153408050537,"189,112,207,241,247","210,32,155,231,221",3:63:2|3:239:2|3:383:2
ckpt_4700.pt,3,933,0.7109657526016235,0.12923142313957214,0.5819493532180786,"181,56,200,136,39","105,77,156,117,111",3:66:2|3:492:2|3:596:2
ckpt_4700.pt,3,934,0.5600159764289856,0.08646124601364136,0.44584178924560547,"185,67,224,160,205","7,214,55,53,118",3:187:3|3:4:1|3:34:1
ckpt_4700.pt,3,935,0.5842361450195312,0.10495778173208237,0.4711545705795288,"130,219,48,252,216","121,163,164,168,131",3:393:3|3:56:2|3:75:2
ckpt_4700.pt,3,936,0.5577917695045471,0.09619630873203278,0.45684921741485596,"101,49,124,41,8","25,178,53,138,197",3:41:2|3:258:2|3:5:1
ckpt_4700.pt,3,937,0.6415969133377075,0.13548138737678528,0.5191430449485779,"168,69,188,33,127","226,36,101,13,218",3:226:2|3:508:2|3:33:1
ckpt_4700.pt,3,938,0.57059645652771,0.1126188114285469,0.45874834060668945,"59,22,202,169,10","117,228,22,238,60",3:35:2|3:97:2|3:135:2
ckpt_4700.pt,3,939,0.5685517191886902,0.11169334501028061,0.47129490971565247,"72,2,78,189,169","185,206,76,107,42",3:134:2|3:271:2|3:589:2
ckpt_4700.pt,3,940,0.6176770925521851,0.10535164922475815,0.49053922295570374,"111,246,91,189,13","13,116,76,124,136",3:302:2|3:594:2|3:823:2
ckpt_4700.pt,3,941,0.5364963412284851,0.10737016797065735,0.43983370065689087,"69,51,213,111,244","119,157,205,248,31",3:56:2|3:414:2|3:26:1
ckpt_4700.pt,3,942,0.5111044049263,0.0845668613910675,0.4402606785297394,"54,187,69,87,29","58,130,182,253,169",3:899:2|3:927:2|3:13:1
ckpt_4700.pt,3,943,0.564293384552002,0.08733789622783661,0.47646045684814453,"143,197,39,198,117","83,84,194,77,104",3:499:3|3:300:2|3:993:2
ckpt_4700.pt,3,944,0.5874289274215698,0.11065325140953064,0.47173628211021423,"7,164,18,95,92","151,134,112,85,104",3:380:2|3:424:2|3:879:2
ckpt_4700.pt,3,945,0.5830129981040955,0.13883498311042786,0.48989132046699524,"246,37,41,199,6","1,117,226,120,179",3:594:3|3:41:2|3:309:2
ckpt_4700.pt,3,946,0.5518084168434143,0.08684780448675156,0.4875081181526184,"244,26,182,167,189","194,103,65,251,117",3:78:2|3:698:2|3:894:2
ckpt_4700.pt,3,947,0.4966418147087097,0.08689712733030319,0.38226646184921265,"180,137,187,34,241","118,150,208,126,173",3:729:2|3:5:1|3:24:1
ckpt_4700.pt,3,948,0.5496429204940796,0.10358509421348572,0.43768152594566345,"69,6,116,74,45","203,56,68,96,173",3:86:2|3:783:2|3:41:1
ckpt_4700.pt,3,949,0.5495333671569824,0.109891377389431,0.4617422819137573,"254,210,55,162,37","216,252,109,82,148",3:9:2|3:10:2|3:3:1
ckpt_4700.pt,3,950,0.6049341559410095,0.1199059709906578,0.4828454852104187,"87,154,18,28,104","83,206,150,180,173",3:335:2|3:724:2|3:896:2
ckpt_4700.pt,3,951,0.5671024918556213,0.10821427404880524,0.44000646471977234,"3,113,181,30,156","12,180,209,74,175",3:47:2|3:93:2|3:655:2
ckpt_4700.pt,3,952,0.5563918948173523,0.09480524063110352,0.45476678013801575,"120,25,196,99,179","52,215,217,131,89",3:202:2|3:470:2|3:844:2
ckpt_4700.pt,3,953,0.5534400343894958,0.11135382205247879,0.4573308527469635,"21,160,239,35,54","27,121,190,28,150",3:448:2|3:4:1|3:9:1
ckpt_4700.pt,3,954,0.5637214183807373,0.10776923596858978,0.4408768117427826,"229,185,199,200,66","120,121,247,12,126",3:381:3|3:611:3|3:220:2
ckpt_4700.pt,3,955,0.6322609186172485,0.12645047903060913,0.507248044013977,"249,156,252,250,206","232,233,161,204,142",3:150:2|3:231:2|3:619:2
ckpt_4700.pt,3,956,0.5221616625785828,0.10955285280942917,0.42394429445266724,"169,150,110,35,96","163,8,68,38,61",3:984:3|3:433:2|3:9:1
ckpt_4700.pt,3,957,0.4852812886238098,0.10274354368448257,0.4088498651981354,"127,5,30,0,49","69,11,147,92,14",3:129:2|3:14:1|3:16:1
ckpt_4700.pt,3,958,0.5496095418930054,0.09551054239273071,0.4295959174633026,"142,129,202,203,121","145,224,3,249,121",3:40:2|3:89:2|3:132:2
ckpt_4700.pt,3,959,0.5329900979995728,0.10595560073852539,0.43209338188171387,"47,140,154,179,122","89,108,28,51,254",3:461:2|3:543:2|3:696:2
ckpt_4700.pt,3,960,0.5514262318611145,0.09343021363019943,0.4494330585002899,"50,84,64,188,219","28,182,54,3,30",3:18:1|3:32:1|3:54:1
ckpt_4700.pt,3,961,0.4926385283470154,0.10341496765613556,0.4260355234146118,"233,24,240,127,108","77,183,200,232,76",3:129:2|3:406:2|3:428:2
ckpt_4700.pt,3,962,0.5465546250343323,0.09811291843652725,0.47950685024261475,"214,52,65,102,151","149,209,214,152,27",3:549:2|3:16:1|3:51:1
ckpt_4700.pt,3,963,0.5688828825950623,0.10175658762454987,0.4539964497089386,"198,34,168,232,52","127,242,155,19,190",3:24:1|3:28:1|3:45:1
ckpt_4700.pt,3,964,0.5693753957748413,0.09934406727552414,0.44607967138290405,"121,1,6,147,153","145,76,198,134,127",3:396:3|3:528:2|3:542:2
ckpt_4700.pt,3,965,0.5213910341262817,0.09602535516023636,0.4257776737213135,"235,221,60,248,75","7,132,231,63,197",3:1:2|3:373:2|3:494:2
ckpt_4700.pt,3,966,0.6168908476829529,0.10982203483581543,0.5104233026504517,"238,226,134,181,131","185,32,206,173,99",3:586:2|3:1003:2|3:1:1
ckpt_4700.pt,3,967,0.5611224174499512,0.13408739864826202,0.44725409150123596,"231,212,76,40,116","214,227,195,149,138",3:408:2|3:460:2|3:640:2
ckpt_4700.pt,3,968,0.5289211869239807,0.09146162867546082,0.44416770339012146,"132,86,251,177,51","52,158,49,209,62",3:350:2|3:1:1|3:11:1
ckpt_4700.pt,3,969,0.5130563378334045,0.08600160479545593,0.43101170659065247,"177,209,154,215,7","73,85,60,122,137",3:122:2|3:369:2|3:407:2
ckpt_4700.pt,3,970,0.5676095485687256,0.09680291265249252,0.4669385552406311,"194,164,231,158,245","172,105,61,53,122",3:332:2|3:505:2|3:836:2
ckpt_4700.pt,3,971,0.473410427570343,0.08627044409513474,0.43325725197792053,"121,97,129,219,17","134,114,110,85,3",3:94:2|3:113:2|3:289:2
ckpt_4700.pt,3,972,0.5625207424163818,0.1020931750535965,0.4776914715766907,"153,95,226,231,27","53,32,15,169,142",3:200:2|3:522:2|3:810:2
ckpt_4700.pt,3,973,0.5303718447685242,0.09648369252681732,0.42560455203056335,"34,63,24,1,239","9,80,60,215,54",3:222:2|3:248:2|3:382:2
ckpt_4700.pt,3,974,0.5588199496269226,0.1256575733423233,0.4805029332637787,"131,117,2,194,189","17,137,194,119,30",3:304:2|3:497:2|3:804:2
ckpt_4700.pt,3,975,0.5028642416000366,0.11559326201677322,0.45260703563690186,"10,222,225,35,146","237,13,166,11,137",3:215:2|3:984:2|3:992:2
ckpt_4700.pt,3,976,0.4834362268447876,0.10452023148536682,0.37967050075531006,"99,115,36,111,58","163,59,27,130,212",3:279:2|3:555:2|3:708:2
ckpt_4700.pt,3,977,0.5573875308036804,0.12179075926542282,0.4682895839214325,"154,76,9,66,132","60,114,125,78,65",3:491:2|3:8:1|3:12:1
ckpt_4700.pt,3,978,0.5115612149238586,0.09754553437232971,0.41316744685173035,"72,207,118,73,255","10,132,238,251,38",3:140:2|3:11:1|3:48:1
ckpt_4700.pt,3,979,0.49081945419311523,0.09824083745479584,0.3981987535953522,"35,59,105,65,129","171,12,199,248,183",3:138:2|3:495:2|3:849:2
ckpt_4700.pt,3,980,0.5572761297225952,0.11703470349311829,0.4408860206604004,"109,196,53,247,252","219,59,74,21,197",3:100:2|3:185:2|3:393:2
ckpt_4700.pt,3,981,0.5400092601776123,0.09806182980537415,0.4273131489753723,"71,143,176,220,214","111,176,125,178,187",3:142:2|3:255:2|3:748:2
ckpt_4700.pt,3,982,0.5205760598182678,0.0980331301689148,0.42358481884002686,"75,112,168,196,30","19,30,215,109,222",3:386:2|3:423:2|3:680:2
ckpt_4700.pt,3,983,0.5316107273101807,0.09328744560480118,0.4835876226425171,"147,101,34,217,175","230,167,180,69,9",3:5:2|3:74:2|3:396:2
ckpt_4700.pt,3,984,0.5480083227157593,0.12073947489261627,0.433497816324234,"110,35,146,96,156","191,98,176,249,73",3:956:3|3:175:2|3:231:2
ckpt_4700.pt,3,985,0.5013933181762695,0.10323773324489594,0.43166249990463257,"12,183,220,214,110","32,46,163,98,178",3:306:2|3:426:2|3:981:2
ckpt_4700.pt,3,986,0.5933632254600525,0.12233713269233704,0.4797012507915497,"47,66,14,171,61","21,249,237,58,16",3:624:2|3:645:2|3:750:2
ckpt_4700.pt,3,987,0.5435368418693542,0.10735378414392471,0.461182564496994,"197,104,53,45,38","178,192,175,209,90",3:467:2|3:480:2|3:4:1
ckpt_4700.pt,3,988,0.5566893219947815,0.13599222898483276,0.477434366941452,"162,51,68,71,67","94,202,129,198,86",3:192:2|3:689:2|3:41:1
ckpt_4700.pt,3,989,0.5500124096870422,0.09528156369924545,0.44945231080055237,"156,235,219,243,13","74,147,177,189,31",3:147:2|3:493:2|3:1:1
ckpt_4700.pt,3,990,0.5549383163452148,0.10626759380102158,0.439500093460083,"228,97,255,210,138","113,19,36,8,151",3:665:2|3:3:1|3:9:1
ckpt_4700.pt,3,991,0.44349026679992676,0.0955062136054039,0.4064539074897766,"46,24,122,59,240","144,58,102,249,30",3:723:2|3:961:2|3:5:1
ckpt_4700.pt,3,992,0.5005984306335449,0.10562343895435333,0.42402520775794983,"20,34,225,174,10","119,171,20,103,25",3:171:2|3:694:2|3:881:2
ckpt_4700.pt,3,993,0.4823475778102875,0.10921288281679153,0.4249092638492584,"37,110,39,197,191","176,203,139,102,238",3:443:2|3:943:2|3:1017:2
ckpt_4700.pt,3,994,0.590735137462616,0.09934806823730469,0.457485556602478,"254,28,96,26,130","19,188,236,51,164",3:44:2|3:106:2|3:269:2
ckpt_4700.pt,3,995,0.44996127486228943,0.0867559015750885,0.40850991010665894,"154,109,24,209,107","80,186,46,100,163",3:833:3|3:208:2|3:322:2
ckpt_4700.pt,3,996,0.5318027138710022,0.11061260104179382,0.43325644731521606,"78,19,33,20,128","47,214,100,15,183",3:121:2|3:272:2|3:334:2
ckpt_4700.pt,3,997,0.6146619915962219,0.14538107812404633,0.5113658308982849,"254,186,116,18,212","12,178,118,144,164",3:174:2|3:229:2|3:232:2
ckpt_4700.pt,3,998,0.4744826555252075,0.08854634314775467,0.40227267146110535,"190,65,217,177,252","63,114,87,104,203",3:74:2|3:799:2|3:818:2
ckpt_4700.pt,3,999,0.5551760196685791,0.1358918398618698,0.4661426246166229,"219,26,63,187,149","145,128,90,249,49",3:193:2|3:221:2|3:714:2
ckpt_4700.pt,3,1000,0.5251715779304504,0.10710600763559341,0.43688085675239563,"62,243,254,52,114","93,22,170,17,137",3:12:2|3:269:2|3:674:2
ckpt_4700.pt,3,1001,0.5744145512580872,0.13113361597061157,0.458525687456131,"190,100,249,45,153","100,120,240,190,183",3:203:2|3:26:1|3:31:1
ckpt_4700.pt,3,1002,0.6199530959129333,0.1105455756187439,0.5246086120605469,"105,199,206,254,7","240,74,219,251,195",3:178:2|3:207:2|3:553:2
ckpt_4700.pt,3,1003,0.5040500164031982,0.09299366921186447,0.443838894367218,"238,134,182,7,221","56,46,226,121,194",3:347:2|3:892:2|3:966:2
ckpt_4700.pt,3,1004,0.5589301586151123,0.1278747320175171,0.46377116441726685,"27,17,124,76,15","63,144,65,58,27",3:279:2|3:630:2|3:640:2
ckpt_4700.pt,3,1005,0.57492595911026,0.11151263117790222,0.4475190341472626,"4,149,223,101,103","199,70,155,69,185",3:33:2|3:205:2|3:259:2
ckpt_4700.pt,3,1006,0.5588475465774536,0.0883207619190216,0.4453994333744049,"29,212,220,118,51","2,206,0,179,4",3:152:2|3:853:2|3:1015:2
ckpt_4700.pt,3,1007,0.6028732061386108,0.11083854734897614,0.5191053748130798,"108,162,8,248,166","181,254,47,88,236",3:1:1|3:5:1|3:24:1
ckpt_4700.pt,3,1008,0.480277955532074,0.08887094259262085,0.44854000210762024,"133,197,83,248,128","219,175,200,89,12",3:155:2|3:704:2|3:1:1
ckpt_4700.pt,3,1009,0.5816856622695923,0.11903948336839676,0.42737817764282227,"204,145,67,4,92","229,178,215,255,51",3:330:2|3:0:1|3:1:1
ckpt_4700.pt,3,1010,0.5483434796333313,0.1057128980755806,0.4661039113998413,"45,228,172,120,191","251,42,22,93,165",3:513:2|3:3:1|3:28:1
ckpt_4700.pt,3,1011,0.5515686869621277,0.09978458285331726,0.44775834679603577,"151,74,233,224,93","211,65,166,243,73",3:476:2|3:565:2|3:587:2
ckpt_4700.pt,3,1012,0.5269362330436707,0.08896369487047195,0.4416796565055847,"214,170,39,1,75","97,174,58,154,27",3:57:2|3:262:2|3:462:2
ckpt_4700.pt,3,1013,0.5308074355125427,0.1077708750963211,0.4461238980293274,"43,225,193,238,254","232,209,203,172,51",3:88:2|3:269:2|3:773:2
ckpt_4700.pt,3,1014,0.5379538536071777,0.10710657387971878,0.43094632029533386,"205,6,17,247,46","31,81,192,215,126",3:20:2|3:194:2|3:421:2
ckpt_4700.pt,3,1015,0.5835781097412109,0.1447736769914627,0.484724760055542,"177,10,131,220,118","95,50,59,224,250",3:30:2|3:1006:2|3:11:1
ckpt_4700.pt,3,1016,0.5821805596351624,0.12952034175395966,0.4914022386074066,"125,169,117,112,216","16,159,106,166,254",3:237:2|3:2:1|3:4:1
ckpt_4700.pt,3,1017,0.5239799618721008,0.0948077067732811,0.42758989334106445,"39,214,148,78,37","72,26,12,70,133",3:993:2|3:1012:2|3:3:1
ckpt_4700.pt,3,1018,0.5939815044403076,0.0942981094121933,0.4812038540840149,"89,155,84,52,234","161,187,228,106,183",3:108:2|3:317:2|3:400:2
ckpt_4700.pt,3,1019,0.5163388252258301,0.10059507936239243,0.43114179372787476,"82,181,186,136,54","150,163,224,167,7",3:66:2|3:217:2|3:232:2
ckpt_4700.pt,3,1020,0.527623176574707,0.11222483217716217,0.4178529381752014,"172,6,114,83,3","97,233,216,227,105",3:86:2|3:378:2|3:23:1
ckpt_4700.pt,3,1021,0.5026707053184509,0.09255776554346085,0.41111522912979126,"61,215,83,163,16","245,15,87,132,212",3:37:2|3:385:2|3:483:2
ckpt_4700.pt,3,1022,0.5540457367897034,0.0832822173833847,0.4616340696811676,"83,107,167,184,223","206,169,17,193,134",3:170:2|3:483:2|3:686:2
ckpt_4700.pt,3,1023,0.5282877683639526,0.13101010024547577,0.44945067167282104,"76,107,22,237,222","70,100,110,173,107",3:8:2|3:171:2|3:474:2
ckpt_4700.pt,4,0,0.5422220826148987,0.11937475949525833,0.48238497972488403,"20,31,97,248,65","76,205,95,169,157",4:140:2|4:257:2|4:4:1
ckpt_4700.pt,4,1,0.5615546703338623,0.11499820649623871,0.4771367907524109,"187,165,78,34,161","143,35,218,140,159",4:194:2|4:685:2|4:12:1
ckpt_4700.pt,4,2,0.5676745772361755,0.1134420856833458,0.4989860951900482,"217,190,194,195,104","214,11,1,126,94",4:820:3|4:398:2|4:654:2
ckpt_4700.pt,4,3,0.560011088848114,0.11907140165567398,0.48097702860832214,"115,126,74,234,36","54,124,133,5,131",4:388:3|4:89:2|4:111:2
ckpt_4700.pt,4,4,0.5408260226249695,0.11549351364374161,0.47597384452819824,"20,198,84,110,152","189,75,80,79,51",4:67:2|4:0:1|4:17:1
ckpt_4700.pt,4,5,0.5729919075965881,0.09324131160974503,0.4937271475791931,"29,211,76,101,37","110,219,224,163,37",4:369:2|4:594:2|4:717:2
ckpt_4700.pt,4,6,0.5649514198303223,0.10729674994945526,0.4663327932357788,"0,234,146,160,70","6,190,181,215,139",4:126:2|4:273:2|4:636:2
ckpt_4700.pt,4,7,0.5618438720703125,0.09342252463102341,0.483257532119751,"184,14,58,183,225","209,250,231,217,242",4:263:2|4:9:1|4:14:1
ckpt_4700.pt,4,8,0.5584658980369568,0.10352008044719696,0.4617931842803955,"48,40,49,227,18","88,152,95,195,210",4:350:2|4:530:2|4:532:2
ckpt_4700.pt,4,9,0.6059392690658569,0.13589325547218323,0.5091003179550171,"171,58,98,139,248","39,139,175,54,22",4:91:2|4:611:2|4:657:2
ckpt_4700.pt,4,10,0.5786163210868835,0.1127120703458786,0.47214019298553467,"98,25,41,150,73","142,183,173,99,149",4:466:2|4:9:1|4:14:1
ckpt_4700.pt,4,11,0.5385216474533081,0.10024486482143402,0.4304021894931793,"139,121,22,245,13","180,33,1,13,36",4:657:2|4:9:1|4:51:1
ckpt_4700.pt,4,12,0.4865611493587494,0.08506111055612564,0.4391230344772339,"36,106,78,129,236","253,240,8,188,43",4:459:2|4:794:2|4:823:2
ckpt_4700.pt,4,13,0.5568733215332031,0.10407125949859619,0.47174710035324097,"9,133,218,144,160","66,213,96,219,154",4:580:2|4:972:2|4:6:1
ckpt_4700.pt,4,14,0.5686123967170715,0.11972871422767639,0.4834802746772766,"150,184,210,255,254","244,6,163,40,121",4:559:2|4:928:2|4:1019:2
ckpt_4700.pt,4,15,0.5531378388404846,0.12586058676242828,0.4799906015396118,"57,47,173,102,160","98,105,247,196,168",4:152:2|4:442:2|4:476:2
ckpt_4700.pt,4,16,0.6695866584777832,0.1471187025308609,0.5262026190757751,"135,78,210,127,166","172,7,140,92,4",4:411:2|4:999:2|4:1:1
ckpt_4700.pt,4,17,0.5573574900627136,0.09892750531435013,0.4488043189048767,"234,84,117,170,200","245,179,255,55,124",4:24:2|4:524:2|4:994:2
ckpt_4700.pt,4,18,0.6088855862617493,0.12285051494836807,0.4851301610469818,"156,179,233,72,253","206,205,126,191,56",4:98:2|4:1020:2|4:19:1
ckpt_4700.pt,4,19,0.5234050750732422,0.10908720642328262,0.4568830132484436,"169,185,239,124,253","230,204,92,200,226",4:893:2|4:18:1|4:26:1
ckpt_4700.pt,4,20,0.5304290056228638,0.12190234661102295,0.4459189474582672,"167,40,73,45,72","70,84,164,82,200",4:60:3|4:150:2|4:675:2
ckpt_4700.pt,4,21,0.5742974877357483,0.12844935059547424,0.49026840925216675,"229,27,20,163,116","113,142,12,197,40",4:325:2|4:417:2|4:964:2
ckpt_4700.pt,4,22,0.5984328389167786,0.0967906191945076,0.5269294381141663,"199,157,36,37,48","83,215,6,116,205",4:377:2|4:550:2|4:578:2
ckpt_4700.pt,4,23,0.617352306842804,0.141201913356781,0.5207661390304565,"105,221,183,244,92","220,200,40,106,0",4:569:2|4:645:2|4:7:1
ckpt_4700.pt,4,24,0.559156596660614,0.10384112596511841,0.43552374839782715,"200,233,234,135,113","245,18,80,213,198",4:17:2|4:612:2|4:764:2
ckpt_4700.pt,4,25,0.5964226722717285,0.11372347921133041,0.47793588042259216,"111,227,109,211,145","233,204,19,240,247",4:805:2|4:5:1|4:8:1
ckpt_4700.pt,4,26,0.5513375401496887,0.10319330543279648,0.4850679039955139,"33,167,239,236,94","136,87,156,51,5",4:313:2|4:12:1|4:19:1
ckpt_4700.pt,4,27,0.622557520866394,0.15230128169059753,0.49403107166290283,"147,200,207,246,244","95,30,115,15,10",4:497:2|4:17:1|4:23:1
ckpt_4700.pt,4,28,0.5172828435897827,0.10328296571969986,0.4697125554084778,"38,69,114,117,240","190,174,23,144,101",4:197:2|4:889:2|4:17:1
ckpt_4700.pt,4,29,0.6091878414154053,0.1205391064286232,0.5016227960586548,"207,167,220,146,42","13,121,247,91,15",4:115:2|4:267:2|4:339:2
ckpt_4700.pt,4,30,0.5471583008766174,0.09901591390371323,0.41538771986961365,"203,252,46,49,14","172,43,47,127,97",4:225:2|4:476:2|4:663:2
ckpt_4700.pt,4,31,0.5840523838996887,0.11217118799686432,0.47094351053237915,"88,66,57,147,74","223,187,19,136,94",4:198:2|4:370:2|4:495:2
ckpt_4700.pt,4,32,0.5643416047096252,0.13120509684085846,0.4705963432788849,"206,127,130,181,123","144,201,146,176,12",4:120:2|4:136:2|4:217:2
ckpt_4700.pt,4,33,0.6393269896507263,0.1251528263092041,0.5150643587112427,"226,112,231,254,191","228,177,232,87,176",4:39:2|4:323:2|4:475:2
ckpt_4700.pt,4,34,0.5410895347595215,0.10171675682067871,0.4526798725128174,"6,243,55,75,168","180,242,190,227,98",4:173:2|4:584:2|4:48:1
ckpt_4700.pt,4,35,0.5806700587272644,0.10117386281490326,0.4978015124797821,"21,44,132,20,205","98,164,57,157,102",4:270:2|4:0:1|4:4:1
ckpt_4700.pt,4,36,0.5811634659767151,0.10170760750770569,0.5239593982696533,"99,100,103,165,223","146,7,99,131,121",4:557:2|4:677:2|4:789:2
ckpt_4700.pt,4,37,0.5369614958763123,0.1212446466088295,0.469684898853302,"128,37,198,15,141","208,74,159,214,245",4:4:1|4:5:1|4:22:1
ckpt_4700.pt,4,38,0.5746431946754456,0.11299291253089905,0.46523159742355347,"11,207,52,213,59","152,214,32,76,213",4:277:2|4:895:2|4:27:1
ckpt_4700.pt,4,39,0.7160250544548035,0.1258327215909958,0.5614210367202759,"226,137,86,231,180","213,240,127,66,137",4:33:2|4:575:2|4:684:2
ckpt_4700.pt,4,40,0.5334680080413818,0.10275352746248245,0.4553889334201813,"244,114,148,137,135","66,126,146,71,216",4:411:2|4:496:2|4:16:1
ckpt_4700.pt,4,41,0.5540522933006287,0.10692505538463593,0.4643590748310089,"15,127,213,124,172","22,216,31,75,210",4:879:2|4:910:2|4:16:1
ckpt_4700.pt,4,42,0.532414972782135,0.09015464037656784,0.5018618702888489,"11,99,124,109,190","160,239,124,117,250",4:2:1|4:19:1|4:25:1
ckpt_4700.pt,4,43,0.5757144689559937,0.13257499039173126,0.4846663475036621,"250,114,59,188,225","185,190,123,114,150",4:291:2|4:7:1|4:28:1
ckpt_4700.pt,4,44,0.5597481727600098,0.14159740507602692,0.4337887167930603,"31,229,125,109,88","201,19,251,134,30",4:281:2|4:0:1|4:21:1
ckpt_4700.pt,4,45,0.5958073139190674,0.12264838814735413,0.4736778140068054,"228,186,41,78,74","44,67,146,114,226",4:913:2|4:1:1|4:3:1
ckpt_4700.pt,4,46,0.5699721574783325,0.10467448085546494,0.5083579421043396,"5,228,167,50,31","92,29,36,56,242",4:125:2|4:910:2|4:913:2
ckpt_4700.pt,4,47,0.5752862095832825,0.11197484284639359,0.490748792886734,"127,0,140,106,81","198,54,183,78,187",4:320:2|4:329:2|4:774:2
ckpt_4700.pt,4,48,0.5643608570098877,0.1307314932346344,0.5173197984695435,"6,164,32,52,40","215,167,22,87,49",4:658:2|4:8:1|4:20:1
ckpt_4700.pt,4,49,0.629701554775238,0.12696684896945953,0.4882027804851532,"226,31,10,34,190","74,142,179,214,196",4:639:2|4:903:2|4:0:1
ckpt_4700.pt,4,50,0.5871745347976685,0.127298504114151,0.4741976857185364,"1,169,4,236,207","107,43,97,243,84",4:437:2|4:482:2|4:494:2
ckpt_4700.pt,4,51,0.5592831373214722,0.10568550229072571,0.44781914353370667,"20,126,82,105,121","99,9,175,133,53",4:57:2|4:257:2|4:285:2
ckpt_4700.pt,4,52,0.5614632964134216,0.13117921352386475,0.46726953983306885,"14,26,124,199,180","251,76,174,40,206",4:554:2|4:832:2|4:893:2
ckpt_4700.pt,4,53,0.5328124165534973,0.1007484719157219,0.42559194564819336,"69,31,95,37,85","72,235,34,246,252",4:110:2|4:594:2|4:0:1
ckpt_4700.pt,4,54,0.5362000465393066,0.10399441421031952,0.4431866705417633,"112,154,47,126,14","72,187,101,203,15",4:961:3|4:553:2|4:760:2
ckpt_4700.pt,4,55,0.5663354396820068,0.11627562344074249,0.4416141211986542,"150,168,123,132,24","32,58,76,150,87",4:128:2|4:617:2|4:832:2
ckpt_4700.pt,4,56,0.6283026933670044,0.15139047801494598,0.5202398896217346,"212,83,75,184,102","139,205,57,204,154",4:87:2|4:446:2|4:763:2
ckpt_4700.pt,4,57,0.6022307276725769,0.11880694329738617,0.5016362071037292,"142,121,138,126,73","165,212,65,168,171",4:51:2|4:770:2|4:779:2
ckpt_4700.pt,4,58,0.5544289350509644,0.10722801834344864,0.45250388979911804,"81,97,222,137,188","146,54,113,17,255",4:873:2|4:882:2|4:1022:2
ckpt_4700.pt,4,59,0.5789476633071899,0.1225312277674675,0.44764652848243713,"61,58,127,173,97","155,70,50,25,99",4:88:2|4:193:2|4:300:2
ckpt_4700.pt,4,60,0.5391970276832581,0.09296263009309769,0.4564054012298584,"40,73,221,216,167","36,39,168,189,233",4:20:3|4:125:2|4:272:2
ckpt_4700.pt,4,61,0.5610499382019043,0.13479605317115784,0.45550820231437683,"89,87,163,48,201","23,179,106,196,227",4:62:2|4:340:2|4:346:2
ckpt_4700.pt,4,62,0.5119953751564026,0.09136172384023666,0.4561583697795868,"201,10,239,237,48","245,211,166,68,69",4:61:2|4:301:2|4:404:2
ckpt_4700.pt,4,63,0.594753086566925,0.12775801122188568,0.5033580660820007,"215,214,112,74,139","222,73,121,145,63",4:657:2|4:3:1|4:9:1
ckpt_4700.pt,4,64,0.5420448780059814,0.09677639603614807,0.49276596307754517,"176,116,10,41,115","161,11,96,108,150",4:111:2|4:765:2|4:888:2
ckpt_4700.pt,4,65,0.5638952851295471,0.11615005880594254,0.4752775728702545,"21,126,159,5,188","229,15,160,60,54",4:89:2|4:587:2|4:995:2
ckpt_4700.pt,4,66,0.4991137981414795,0.09324881434440613,0.41962504386901855,"188,119,32,23,115","235,168,47,74,167",4:293:2|4:515:2|4:621:2
ckpt_4700.pt,4,67,0.6356987953186035,0.12237059324979782,0.4875718355178833,"5,20,198,236,85","63,227,254,77,238",4:4:2|4:81:2|4:413:2
ckpt_4700.pt,4,68,0.5730447769165039,0.1295037567615509,0.4692142903804779,"205,231,247,82,107","183,165,197,77,55",4:33:1|4:35:1|4:39:1
ckpt_4700.pt,4,69,0.5189517140388489,0.12313101440668106,0.43034812808036804,"191,167,107,101,130","50,77,136,54,55",4:79:2|4:251:2|4:333:2
ckpt_4700.pt,4,70,0.5502407550811768,0.10953132063150406,0.4806807339191437,"116,224,105,25,66","28,186,177,76,124",4:846:2|4:10:1|4:21:1
ckpt_4700.pt,4,71,0.5895823836326599,0.10524824261665344,0.4909367561340332,"132,45,125,78,113","131,233,181,73,140",4:146:2|4:875:2|4:1:1
ckpt_4700.pt,4,72,0.5395145416259766,0.09246648102998734,0.4608069658279419,"119,72,157,205,131","98,26,19,221,44",4:409:2|4:445:2|4:648:2
ckpt_4700.pt,4,73,0.5597051382064819,0.09870057553052902,0.4538820683956146,"190,219,100,141,30","174,211,45,41,24",4:602:2|4:816:2|4:2:1
ckpt_4700.pt,4,74,0.49784427881240845,0.09501428157091141,0.4175465703010559,"109,159,60,141,91","110,234,7,211,163",4:512:2|4:954:2|4:25:1
ckpt_4700.pt,4,75,0.640285074710846,0.11407830566167831,0.49970829486846924,"212,153,14,36,249","250,243,50,146,141",4:218:2|4:3:1|4:7:1
ckpt_4700.pt,4,76,0.5471826791763306,0.12888582050800323,0.4720700681209564,"73,110,2,101,242","234,25,171,136,168",4:841:2|4:4:1|4:5:1
ckpt_4700.pt,4,77,0.587466299533844,0.09452356398105621,0.4746336340904236,"207,132,28,194,15","7,214,78,167,65",4:387:2|4:497:2|4:823:2
ckpt_4700.pt,4,78,0.520628035068512,0.10444888472557068,0.48305386304855347,"144,97,113,220,48","45,212,236,4,91",4:404:2|4:0:1|4:8:1
ckpt_4700.pt,4,79,0.5496535897254944,0.10585077852010727,0.4884960949420929,"107,90,4,101,43","85,33,143,223,241",4:69:2|4:815:2|4:5:1
ckpt_4700.pt,4,80,0.5313683152198792,0.09948460012674332,0.42394861578941345,"211,191,200,189,88","142,22,139,108,59",4:222:2|4:298:2|4:462:2
ckpt_4700.pt,4,81,0.5141773819923401,0.1099780797958374,0.4452660083770752,"45,85,83,198,49","211,75,219,202,196",4:67:2|4:295:2|4:693:2
ckpt_4700.pt,4,82,0.6021033525466919,0.12008501589298248,0.4539797008037567,"220,32,25,173,182","31,129,65,120,61",4:446:2|4:520:2|4:676:2
ckpt_4700.pt,4,83,0.5679099559783936,0.10101921111345291,0.5074424743652344,"1,9,141,58,227","242,202,207,66,157",4:132:2|4:437:2|4:482:2
ckpt_4700.pt,4,84,0.5775850415229797,0.1131570115685463,0.4699733555316925,"210,141,61,94,226","158,214,37,198,191",4:131:2|4:313:2|4:677:2
ckpt_4700.pt,4,85,0.5254029631614685,0.08859129250049591,0.4980544149875641,"82,33,11,30,210","112,84,4,38,9",4:276:2|4:313:2|4:440:2
ckpt_4700.pt,4,86,0.6074302792549133,0.11569353193044662,0.49941498041152954,"206,10,98,147,46","119,121,49,219,246",4:376:2|4:761:2|4:1012:2
ckpt_4700.pt,4,87,0.4695870578289032,0.09593526273965836,0.42412883043289185,"75,245,83,142,213","241,94,193,78,88",4:56:2|4:446:2|4:653:2
ckpt_4700.pt,4,88,0.5735830068588257,0.11050114035606384,0.47818031907081604,"204,97,164,145,58","41,4,133,54,229",4:59:2|4:211:2|4:507:2
ckpt_4700.pt,4,89,0.5631103515625,0.08653020858764648,0.47020378708839417,"21,74,15,126,109","101,158,229,35,116",4:3:2|4:65:2|4:119:2
ckpt_4700.pt,4,90,0.5837785601615906,0.10268393903970718,0.4749462306499481,"253,84,119,176,163","174,151,161,210,132",4:240:2|4:254:2|4:305:2
ckpt_4700.pt,4,91,0.5735748410224915,0.09615593403577805,0.471115380525589,"209,157,98,248,237","45,52,86,70,5",4:9:2|4:234:2|4:553:2
ckpt_4700.pt,4,92,0.5068408846855164,0.09287074208259583,0.42369821667671204,"159,22,158,174,4","216,101,57,235,151",4:512:2|4:929:2|4:11:1
ckpt_4700.pt,4,93,0.5351929068565369,0.10369710624217987,0.4505768120288849,"99,177,12,70,211","74,142,48,11,122",4:487:2|4:722:2|4:5:1
ckpt_4700.pt,4,94,0.5269419550895691,0.09157340228557587,0.4522784352302551,"254,151,114,9,205","246,226,171,187,47",4:250:2|4:372:2|4:661:2
ckpt_4700.pt,4,95,0.5400509834289551,0.09600888192653656,0.45559534430503845,"173,180,250,247,111","137,159,99,88,154",4:15:1|4:25:1|4:39:1
ckpt_4700.pt,4,96,0.556784451007843,0.12290823459625244,0.4714706540107727,"13,123,64,243,216","134,163,155,49,97",4:135:2|4:420:2|4:800:2
ckpt_4700.pt,4,97,0.5321413278579712,0.09293781965970993,0.4502565264701843,"161,17,54,216,57","208,52,31,23,246",4:548:2|4:1:1|4:15:1
ckpt_4700.pt,4,98,0.6415951251983643,0.12659679353237152,0.5138733983039856,"253,112,156,213,168","34,132,69,39,15",4:18:2|4:103:2|4:262:2
ckpt_4700.pt,4,99,0.575498104095459,0.1178082600235939,0.5074449777603149,"239,98,128,144,179","251,3,86,165,150",4:567:2|4:678:2|4:9:1
ckpt_4700.pt,4,100,0.5480245351791382,0.08808475732803345,0.45380616188049316,"163,65,221,111,32","109,91,57,8,194",4:255:2|4:342:2|4:783:2
ckpt_4700.pt,4,101,0.5377946496009827,0.08429247885942459,0.46703049540519714,"160,99,252,226,247","141,156,70,115,189",4:493:2|4:563:2|4:636:2
ckpt_4700.pt,4,102,0.5882988572120667,0.10500747710466385,0.46872881054878235,"104,31,196,89,225","35,13,176,1,147",4:413:2|4:664:2|4:849:2
ckpt_4700.pt,4,103,0.6586810350418091,0.122095987200737,0.5166457891464233,"213,156,180,193,16","44,81,171,11,181",4:98:2|4:178:2|4:207:2
ckpt_4700.pt,4,104,0.5605164170265198,0.09884847700595856,0.5215566754341125,"193,106,189,182,241","208,193,146,91,142",4:224:2|4:283:2|4:329:2
ckpt_4700.pt,4,105,0.5175170302391052,0.10543869435787201,0.43251824378967285,"16,235,123,254,115","47,102,61,72,206",4:362:3|4:800:2|4:975:2
ckpt_4700.pt,4,106,0.5735315680503845,0.09733216464519501,0.4754576086997986,"255,230,20,233,68","166,151,13,38,121",4:455:2|4:695:2|4:900:2
ckpt_4700.pt,4,107,0.6051232814788818,0.16196998953819275,0.49305325746536255,"26,23,47,186,225","211,186,67,193,69",4:256:2|4:885:2|4:955:2
ckpt_4700.pt,4,108,0.6040123105049133,0.10041738301515579,0.49792245030403137,"190,216,177,131,172","177,242,243,119,95",4:469:2|4:829:2|4:2:1
ckpt_4700.pt,4,109,0.5607855916023254,0.10008472204208374,0.45207342505455017,"25,64,192,208,141","58,243,163,122,219",4:240:2|4:10:1|4:37:1
ckpt_4700.pt,4,110,0.520611047744751,0.0914628878235817,0.47247618436813354,"18,69,90,171,85","90,109,173,114,206",4:53:2|4:743:2|4:8:1
ckpt_4700.pt,4,111,0.614576518535614,0.10878318548202515,0.4921197295188904,"36,115,41,28,57","194,89,131,13,164",4:3:2|4:64:2|4:387:2
ckpt_4700.pt,4,112,0.5769946575164795,0.1061483696103096,0.48425838351249695,"164,55,45,250,53","138,12,39,9,116",4:641:2|4:20:1|4:34:1
ckpt_4700.pt,4,113,0.5768222212791443,0.12161380797624588,0.4873226284980774,"105,162,65,222,51","14,127,154,134,101",4:595:2|4:898:2|4:973:2
ckpt_4700.pt,4,114,0.5503818392753601,0.1145552322268486,0.4662744402885437,"91,191,184,175,181","158,153,201,31,218",4:574:2|4:672:2|4:702:2
ckpt_4700.pt,4,115,0.5493636131286621,0.0938967615365982,0.44272127747535706,"42,168,146,32,212","133,161,218,13,129",4:29:2|4:691:2|4:869:2
ckpt_4700.pt,4,116,0.6153315305709839,0.11040104925632477,0.49946868419647217,"52,24,18,60,23","87,142,62,188,253",4:121:2|4:269:2|4:916:2
ckpt_4700.pt,4,117,0.5488486886024475,0.11073622107505798,0.45486897230148315,"195,38,126,165,155","191,213,158,36,141",4:856:2|4:1:1|4:2:1
ckpt_4700.pt,4,118,0.5602481365203857,0.10398891568183899,0.4805361032485962,"3,166,128,219,204","249,21,223,123,27",4:792:2|4:16:1|4:37:1
ckpt_4700.pt,4,119,0.5687597393989563,0.09307531267404556,0.4733251631259918,"109,106,225,126,222","165,152,89,14,98",4:89:2|4:223:2|4:492:2
ckpt_4700.pt,4,120,0.5006200075149536,0.09019606560468674,0.4197382628917694,"169,210,139,130,181","231,254,217,10,76",4:32:2|4:250:2|4:325:2
ckpt_4700.pt,4,121,0.5954093933105469,0.11938393861055374,0.4901354908943176,"23,193,67,7,18","72,62,87,217,67",4:116:2|4:290:2|4:295:2
ckpt_4700.pt,4,122,0.6439143419265747,0.1394660472869873,0.5021814107894897,"46,249,105,90,218","66,63,17,187,174",4:124:2|4:343:2|4:13:1
ckpt_4700.pt,4,123,0.5552453994750977,0.10307402908802032,0.46947669982910156,"35,166,169,157,168","79,229,102,45,39",4:234:3|4:232:2|4:479:2
ckpt_4700.pt,4,124,0.5669601559638977,0.10679470747709274,0.48552560806274414,"82,46,28,249,243","78,197,74,108,192",4:122:2|4:546:2|4:835:2
ckpt_4700.pt,4,125,0.5368446707725525,0.08304277062416077,0.4874282777309418,"142,228,85,221,167","235,240,100,18,86",4:46:2|4:60:2|4:441:2
ckpt_4700.pt,4,126,0.6043339371681213,0.10550712794065475,0.4929005205631256,"148,160,123,70,65","85,113,78,179,167",4:6:2|4:273:2|4:342:2
ckpt_4700.pt,4,127,0.6015841960906982,0.10269585251808167,0.4520541727542877,"26,210,116,35,145","178,188,22,254,165",4:325:2|4:479:2|4:962:2
ckpt_4700.pt,4,128,0.6624032258987427,0.11989187449216843,0.5280229449272156,"23,163,150,187,132","157,231,21,194,189",4:55:2|4:939:2|4:1:1
ckpt_4700.pt,4,129,0.5477789044380188,0.10509005188941956,0.4664590060710907,"175,252,223,168,153","15,224,207,85,178",4:161:2|4:232:2|4:672:2
ckpt_4700.pt,4,130,0.5684432983398438,0.09544344991445541,0.4784497022628784,"13,211,127,223,176","202,191,42,208,0",4:728:3|4:206:2|4:247:2
ckpt_4700.pt,4,131,0.608716607093811,0.10832631587982178,0.5047455430030823,"61,184,189,226,208","235,7,147,137,37",4:188:3|4:84:2|4:229:2
ckpt_4700.pt,4,132,0.5540491938591003,0.10176311433315277,0.48604199290275574,"201,227,58,124,231","14,190,144,212,69",4:83:2|4:205:2|4:904:2
ckpt_4700.pt,4,133,0.6063118577003479,0.11133787035942078,0.4974612593650818,"72,36,58,165,190","99,178,102,4,196",4:337:2|4:459:2|4:785:2
ckpt_4700.pt,4,134,0.633271336555481,0.14084161818027496,0.4994795322418213,"113,215,69,255,206","48,4,207,85,133",4:525:2|4:920:2|4:14:1
ckpt_4700.pt,4,135,0.5648149847984314,0.10056494921445847,0.49321040511131287,"78,216,1,123,244","149,104,188,19,255",4:96:2|4:420:2|4:533:2
ckpt_4700.pt,4,136,0.5483571290969849,0.11883075535297394,0.4674466550350189,"123,34,95,5,181","104,144,59,182,220",4:32:2|4:420:2|4:593:2
ckpt_4700.pt,4,137,0.6077916026115417,0.11953946202993393,0.4985577464103699,"248,2,67,48,223","9,54,117,115,186",4:392:2|4:633:2|4:755:2
ckpt_4700.pt,4,138,0.5871235132217407,0.09265335649251938,0.48359668254852295,"35,188,63,197,113","49,51,137,156,213",4:367:2|4:433:2|4:437:2
ckpt_4700.pt,4,139,0.6160213351249695,0.11187944561243057,0.4906657636165619,"178,31,182,36,87","28,122,138,217,69",4:759:2|4:960:2|4:967:2
ckpt_4700.pt,4,140,0.6253722906112671,0.13417735695838928,0.5184853076934814,"141,78,203,31,248","55,57,18,197,106",4:0:2|4:145:2|4:335:2
ckpt_4700.pt,4,141,0.5639549493789673,0.09961695224046707,0.47843989729881287,"95,77,209,153,147","183,201,11,90,63",4:179:2|4:271:2|4:302:2
ckpt_4700.pt,4,142,0.5700659155845642,0.1147308200597763,0.45607829093933105,"99,155,188,148,167","101,218,143,82,230",4:176:2|4:20:1|4:26:1
ckpt_4700.pt,4,143,0.6111168265342712,0.11998194456100464,0.4778226613998413,"223,26,1,129,72","60,207,59,167,231",4:150:2|4:287:2|4:353:2
ckpt_4700.pt,4,144,0.6232068538665771,0.12573648989200592,0.526174783706665,"135,248,3,15,211","235,119,97,141,145",4:151:2|4:237:2|4:393:2
ckpt_4700.pt,4,145,0.49359941482543945,0.10886278748512268,0.40926653146743774,"40,141,4,248,13","66,167,53,116,36",4:140:2|4:649:2|4:0:1
ckpt_4700.pt,4,146,0.556278645992279,0.11336483806371689,0.444436252117157,"78,99,113,194,219","38,179,253,29,121",4:71:2|4:277:2|4:335:2
ckpt_4700.pt,4,147,0.5513911843299866,0.10706900805234909,0.47967448830604553,"195,145,4,213,152","39,120,218,228,29",4:301:2|4:654:2|4:689:2
ckpt_4700.pt,4,148,0.5068763494491577,0.0956602692604065,0.42923957109451294,"121,3,232,213,125","89,107,101,221,173",4:989:2|4:11:1|4:38:1
ckpt_4700.pt,4,149,0.544059157371521,0.10873144865036011,0.4887555241584778,"43,239,113,61,74","247,49,179,18,172",4:343:2|4:937:2|4:3:1
ckpt_4700.pt,4,150,0.5938729643821716,0.0996512919664383,0.5234019160270691,"72,1,167,112,163","175,126,240,206,11",4:20:2|4:143:2|4:353:2
ckpt_4700.pt,4,151,0.5495432615280151,0.09370889514684677,0.4741351902484894,"221,3,62,238,135","225,28,193,128,197",4:144:2|4:573:2|4:668:2
ckpt_4700.pt,4,152,0.5401347279548645,0.09823562949895859,0.4860687851905823,"220,160,57,221,84","211,19,0,75,5",4:15:2|4:254:2|4:273:2
ckpt_4700.pt,4,153,0.6010201573371887,0.1126430332660675,0.5104885101318359,"237,172,74,21,254","18,89,232,203,219",4:89:2|4:201:2|4:3:1
ckpt_4700.pt,4,154,0.5637250542640686,0.12341875582933426,0.49537429213523865,"6,38,215,180,140","208,224,128,53,219",4:454:2|4:830:2|4:977:2
ckpt_4700.pt,4,155,0.5518236756324768,0.10692373663187027,0.5059899687767029,"108,220,154,58,197","128,252,246,182,56",4:692:2|4:884:2|4:968:2
ckpt_4700.pt,4,156,0.5167558789253235,0.10788144916296005,0.4736146926879883,"232,137,165,105,127","167,137,149,90,157",4:248:2|4:1:1|4:16:1
ckpt_4700.pt,4,157,0.5665141344070435,0.11144266277551651,0.5021123886108398,"22,106,17,5,130","229,212,194,210,185",4:283:2|4:593:2|4:601:2
ckpt_4700.pt,4,158,0.5379367470741272,0.10434558987617493,0.4702412486076355,"54,14,244,132,29","39,177,158,43,142",4:380:2|4:421:2|4:477:2
ckpt_4700.pt,4,159,0.5582311153411865,0.11685220897197723,0.45462438464164734,"135,214,161,11,225","19,3,114,92,236",4:403:2|4:425:2|4:1:1
ckpt_4700.pt,4,160,0.5587474703788757,0.10835821181535721,0.4790186882019043,"173,142,199,86,28","176,48,58,18,169",4:243:2|4:402:2|4:15:1
ckpt_4700.pt,4,161,0.5703471899032593,0.11873078346252441,0.49762043356895447,"236,153,110,132,252","153,238,213,83,244",4:129:2|4:4:1|4:12:1
ckpt_4700.pt,4,162,0.5289284586906433,0.11298085749149323,0.4426652491092682,"165,98,233,14,56","155,38,137,190,60",4:202:2|4:312:2|4:338:2
ckpt_4700.pt,4,163,0.5696252584457397,0.1018124669790268,0.47458672523498535,"227,163,7,173,168","92,250,36,12,93",4:560:2|4:824:2|4:8:1
ckpt_4700.pt,4,164,0.5061734318733215,0.10421020537614822,0.4281919598579407,"137,211,217,196,47","23,159,103,25,53",4:487:2|4:523:2|4:584:2
ckpt_4700.pt,4,165,0.5237130522727966,0.08930311352014542,0.41045111417770386,"77,206,193,70,210","196,179,129,234,34",4:180:2|4:6:1|4:14:1
ckpt_4700.pt,4,166,0.5341341495513916,0.10154227167367935,0.4652343690395355,"86,236,116,232,140","110,81,217,107,202",4:212:2|4:238:2|4:280:2
ckpt_4700.pt,4,167,0.7490643858909607,0.16770656406879425,0.6243899464607239,"180,58,94,136,56","221,94,79,180,64",4:337:2|4:967:2|4:7:1
ckpt_4700.pt,4,168,0.644127607345581,0.11179377138614655,0.5448775887489319,"236,134,213,12,104","4,148,25,40,159",4:794:2|4:2:1|4:12:1
ckpt_4700.pt,4,169,0.5092493891716003,0.07870721817016602,0.4884897768497467,"119,36,74,220,8","146,13,190,211,233",4:3:2|4:12:1|4:22:1
ckpt_4700.pt,4,170,0.5948823690414429,0.09529279172420502,0.4805143475532532,"70,10,248,121,8","64,55,6,212,199",4:322:2|4:336:2|4:554:2
ckpt_4700.pt,4,171,0.6039356589317322,0.11540821939706802,0.46987035870552063,"3,162,115,104,101","4,235,179,88,100",4:296:2|4:390:2|4:765:2
ckpt_4700.pt,4,172,0.5923653841018677,0.11870568245649338,0.4577566385269165,"107,155,27,51,18","60,33,190,102,20",4:812:2|4:8:1|4:21:1
ckpt_4700.pt,4,173,0.5135682225227356,0.1164635494351387,0.4677335023880005,"207,133,168,18,6","42,159,138,109,204",4:34:2|4:326:2|4:624:2
ckpt_4700.pt,4,174,0.52530437707901,0.09698877483606339,0.42873135209083557,"96,232,182,255,197","139,90,13,32,207",4:280:2|4:329:2|4:367:2
ckpt_4700.pt,4,175,0.5680018663406372,0.09932714700698853,0.4671612083911896,"254,55,188,48,212","195,73,26,179,160",4:691:2|4:8:1|4:14:1
ckpt_4700.pt,4,176,0.6111113429069519,0.1165243536233902,0.47685056924819946,"188,28,102,38,167","36,104,122,71,183",4:142:2|4:556:2|4:15:1
ckpt_4700.pt,4,177,0.6198542714118958,0.10774785280227661,0.5068967342376709,"242,201,225,119,216","7,108,73,81,59",4:340:2|4:469:2|4:560:2
ckpt_4700.pt,4,178,0.5582783222198486,0.09332546591758728,0.4498730003833771,"67,164,180,107,213","183,25,232,44,190",4:103:2|4:726:2|4:827:2
ckpt_4700.pt,4,179,0.5553122758865356,0.10595297068357468,0.4825197160243988,"166,206,209,153,224","166,38,50,186,160",4:141:2|4:234:2|4:488:2
ckpt_4700.pt,4,180,0.6100078225135803,0.12342085689306259,0.5362789630889893,"94,206,253,70,230","200,176,8,237,120",4:165:2|4:6:1|4:18:1
ckpt_4700.pt,4,181,0.5183383822441101,0.10021559149026871,0.45633435249328613,"56,220,49,216,219","106,214,17,237,62",4:350:2|4:444:2|4:522:2
ckpt_4700.pt,4,182,0.49689239263534546,0.0910005047917366,0.43622446060180664,"131,238,49,113,243","72,99,255,161,32",4:199:2|4:399:2|4:522:2
ckpt_4700.pt,4,183,0.5864318609237671,0.10279501974582672,0.48476138710975647,"49,107,102,144,39","98,143,64,6,251",4:228:2|4:395:2|4:404:2
ckpt_4700.pt,4,184,0.5366011261940002,0.10203622281551361,0.4221302568912506,"239,18,136,222,157","33,162,3,254,113",4:553:2|4:8:1|4:19:1
ckpt_4700.pt,4,185,0.5373033285140991,0.11906370520591736,0.45809271931648254,"154,132,39,182,141","6,4,125,152,210",4:570:2|4:932:2|4:35:1
ckpt_4700.pt,4,186,0.6126919984817505,0.126394584774971,0.4673531651496887,"145,188,253,221,162","113,8,107,219,119",4:368:2|4:385:2|4:793:2
ckpt_4700.pt,4,187,0.6070342063903809,0.1394905000925064,0.4829583466053009,"214,152,175,54,163","10,194,160,28,50",4:939:2|4:1008:2|4:4:1
ckpt_4700.pt,4,188,0.5762141942977905,0.09745758771896362,0.5195652842521667,"61,184,72,5,208","150,90,237,217,187",4:131:3|4:229:2|4:928:2
ckpt_4700.pt,4,189,0.5291524529457092,0.09250238537788391,0.47043636441230774,"115,21,239,0,107","130,179,233,11,63",4:220:2|4:297:2|4:3:1
ckpt_4700.pt,4,190,0.5215722322463989,0.09106188267469406,0.49425259232521057,"100,28,33,248,226","24,128,188,31,207",4:203:2|4:321:2|4:611:2
ckpt_4700.pt,4,191,0.571760892868042,0.10839151591062546,0.4678743779659271,"12,79,1,52,102","229,131,91,41,107",4:453:2|4:487:2|4:912:2
ckpt_4700.pt,4,192,0.5936232805252075,0.11547982692718506,0.49100035429000854,"144,247,57,177,206","29,189,218,175,144",4:498:2|4:702:2|4:782:2
ckpt_4700.pt,4,193,0.5959190130233765,0.1017042025923729,0.49092766642570496,"169,173,97,91,254","3,104,217,8,194",4:59:2|4:384:2|4:402:2
ckpt_4700.pt,4,194,0.510004460811615,0.10422661155462265,0.44198092818260193,"21,114,158,161,34","61,253,18,89,190",4:1:2|4:346:2|4:696:2
ckpt_4700.pt,4,195,0.5642601251602173,0.10864391922950745,0.46508973836898804,"48,27,189,63,24","254,160,197,6,141",4:550:2|4:8:1|4:21:1
ckpt_4700.pt,4,196,0.5947480797767639,0.14700984954833984,0.4963992238044739,"100,95,177,105,36","241,209,39,83,253",4:221:2|4:3:1|4:12:1
ckpt_4700.pt,4,197,0.5858271718025208,0.10985524207353592,0.4766187071800232,"178,69,117,176,30","208,246,116,63,38",4:28:2|4:373:2|4:985:2
ckpt_4700.pt,4,198,0.5907557010650635,0.0998895987868309,0.4646742641925812,"241,164,66,88,79","217,68,206,10,50",4:31:2|4:944:2|4:44:1
ckpt_4700.pt,4,199,0.5902665257453918,0.1278773993253708,0.47560742497444153,"147,49,113,53,75","207,133,255,114,33",4:182:2|4:920:2|4:8:1
ckpt_4700.pt,4,200,0.5890225172042847,0.11798813939094543,0.49677860736846924,"180,50,2,113,30","174,88,218,1,36",4:24:1|4:39:1|4:46:1
ckpt_4700.pt,4,201,0.5826702117919922,0.10548786073923111,0.5117366909980774,"27,172,237,144,64","24,253,196,111,179",4:153:2|4:266:2|4:471:2
ckpt_4700.pt,4,202,0.5604594349861145,0.08872225135564804,0.45777326822280884,"233,56,41,183,34","132,221,96,218,127",4:162:2|4:522:2|4:569:2
ckpt_4700.pt,4,203,0.5663456916809082,0.10713717341423035,0.44058606028556824,"162,247,100,33,54","27,248,185,37,130",4:190:2|4:850:2|4:26:1
ckpt_4700.pt,4,204,0.4908595085144043,0.0825040191411972,0.4191522002220154,"141,156,199,41,136","243,52,235,99,69",4:317:2|4:377:2|4:521:2
ckpt_4700.pt,4,205,0.5879886746406555,0.1200360357761383,0.46838656067848206,"158,58,201,115,60","117,98,217,170,254",4:132:2|4:1003:2|4:1017:2
ckpt_4700.pt,4,206,0.6817745566368103,0.11809424310922623,0.5753523707389832,"17,127,176,64,154","234,129,202,254,193",4:130:2|4:247:2|4:471:2
ckpt_4700.pt,4,207,0.5235680341720581,0.08726394921541214,0.44442617893218994,"50,79,193,248,16","254,227,34,220,7",4:103:2|4:253:2|4:257:2
ckpt_4700.pt,4,208,0.667127251625061,0.15901301801204681,0.5820258259773254,"58,129,198,208,255","95,129,131,87,83",4:848:2|4:4:1|4:7:1
ckpt_4700.pt,4,209,0.5803678631782532,0.15414713323116302,0.4673879146575928,"17,109,83,158,28","102,191,55,198,0",4:546:2|4:558:2|4:704:2
ckpt_4700.pt,4,210,0.5732874870300293,0.14074236154556274,0.510254979133606,"95,75,101,133,134","121,4,192,60,238",4:390:2|4:5:1|4:13:1
ckpt_4700.pt,4,211,0.5499475002288818,0.07956985384225845,0.47889021039009094,"204,147,178,58,126","223,217,36,34,16",4:88:2|4:779:2|4:3:1
ckpt_4700.pt,4,212,0.6021531224250793,0.12334176152944565,0.5544973611831665,"221,116,60,39,140","19,86,43,15,151",4:166:2|4:228:2|4:431:2
ckpt_4700.pt,4,213,0.5708334445953369,0.1141500324010849,0.48962080478668213,"2,205,13,91,187","84,226,124,87,117",4:402:2|4:1:1|4:11:1
ckpt_4700.pt,4,214,0.5753132104873657,0.10799908638000488,0.4511300027370453,"87,229,57,2,85","187,15,41,137,28",4:983:2|4:15:1|4:21:1
ckpt_4700.pt,4,215,0.5791784524917603,0.10268957167863846,0.46816331148147583,"59,140,202,54,95","188,12,254,222,135",4:324:2|4:420:2|4:38:1
ckpt_4700.pt,4,216,0.5093554854393005,0.13477075099945068,0.40267324447631836,"242,15,176,167,231","196,104,215,115,1",4:508:2|4:587:2|4:888:2
ckpt_4700.pt,4,217,0.6218805909156799,0.11524217575788498,0.5316764116287231,"181,103,206,47,199","34,140,212,147,11",4:32:2|4:775:2|4:1005:2
ckpt_4700.pt,4,218,0.5869629383087158,0.11041824519634247,0.4823330044746399,"22,1,179,212,153","131,63,142,205,37",4:75:2|4:261:2|4:11:1
ckpt_4700.pt,4,219,0.4921835958957672,0.08438964188098907,0.42354774475097656,"0,163,52,198,165","223,70,103,162,53",4:457:2|4:673:2|4:851:2
ckpt_4700.pt,4,220,0.5203206539154053,0.11417067050933838,0.4563831686973572,"246,115,61,107,14","152,212,164,46,128",4:189:2|4:782:2|4:1002:2
ckpt_4700.pt,4,221,0.5884252786636353,0.13875369727611542,0.4808800518512726,"100,88,171,96,177","168,131,231,65,161",4:196:2|4:611:2|4:970:2
ckpt_4700.pt,4,222,0.5259348750114441,0.10336480289697647,0.4327045679092407,"200,191,163,121,17","158,200,82,98,58",4:80:2|4:528:2|4:729:2
ckpt_4700.pt,4,223,0.621763288974762,0.12123756110668182,0.5028944611549377,"233,222,92,225,252","252,171,247,147,184",4:119:2|4:454:2|4:455:2
ckpt_4700.pt,4,224,0.5077798366546631,0.0931878462433815,0.405742347240448,"114,182,242,189,183","103,23,172,141,234",4:104:2|4:446:2|4:520:2
ckpt_4700.pt,4,225,0.5760480165481567,0.1048085018992424,0.475998193025589,"177,203,244,38,252","136,168,225,89,118",4:30:2|4:956:2|4:23:1
ckpt_4700.pt,4,226,0.5399247407913208,0.12014848738908768,0.4388846755027771,"247,141,148,251,196","170,26,218,132,254",4:619:2|4:37:1|4:40:1
ckpt_4700.pt,4,227,0.5430165529251099,0.09845871478319168,0.469877690076828,"10,27,111,26,208","4,98,208,200,144",4:396:2|4:21:1|4:25:1
ckpt_4700.pt,4,228,0.5396279096603394,0.1091071367263794,0.44414448738098145,"30,140,107,207,39","122,174,187,53,171",4:183:2|4:212:2|4:395:2
ckpt_4700.pt,4,229,0.6170685291290283,0.14176476001739502,0.49279358983039856,"79,89,124,184,61","146,223,215,37,0",4:131:2|4:188:2|4:755:2
ckpt_4700.pt,4,230,0.5169245004653931,0.09624256193637848,0.4374149739742279,"110,169,189,96,199","204,177,115,193,101",4:474:2|4:500:2|4:4:1
ckpt_4700.pt,4,231,0.5762068629264832,0.09747950732707977,0.4598233997821808,"69,188,103,193,110","179,73,243,172,169",4:257:2|4:1004:2|4:4:1
ckpt_4700.pt,4,232,0.4637365937232971,0.09805747121572495,0.41881996393203735,"168,48,252,85,35","15,121,94,229,25",4:123:2|4:129:2|4:479:2
ckpt_4700.pt,4,233,0.6061931252479553,0.0972658097743988,0.48877444863319397,"135,179,184,252,36","253,76,198,25,59",4:493:2|4:561:2|4:563:2
ckpt_4700.pt,4,234,0.5529226064682007,0.104558065533638,0.46886783838272095,"212,157,209,35,166","21,165,252,15,116",4:123:3|4:91:2|4:179:2
ckpt_4700.pt,4,235,0.6027727723121643,0.12484503537416458,0.48392415046691895,"62,245,118,219,235","107,22,140,224,12",4:683:3|4:306:2|4:355:2
ckpt_4700.pt,4,236,0.569163978099823,0.1229061484336853,0.4558428227901459,"81,191,132,196,131","220,252,242,23,218",4:244:2|4:308:2|4:358:2
ckpt_4700.pt,4,237,0.5534169673919678,0.08756839483976364,0.4895738959312439,"73,27,248,211,235","208,7,10,136,163",4:144:2|4:253:2|4:690:2
ckpt_4700.pt,4,238,0.6008844375610352,0.12473791092634201,0.497659832239151,"80,116,232,5,225","157,144,62,22,21",4:166:2|4:7:1|4:21:1
ckpt_4700.pt,4,239,0.5392012596130371,0.1037505716085434,0.49209514260292053,"154,245,149,71,73","137,136,169,231,19",4:451:2|4:502:2|4:997:2
ckpt_4700.pt,4,240,0.556843101978302,0.09284162521362305,0.4372837543487549,"141,84,163,64,205","218,43,116,191,125",4:90:2|4:109:2|4:433:2
ckpt_4700.pt,4,241,0.5384069681167603,0.1250160038471222,0.4713553488254547,"39,0,47,27,1","163,253,214,47,43",4:1021:2|4:6:1|4:15:1
ckpt_4700.pt,4,242,0.64422607421875,0.11839263886213303,0.5158853530883789,"218,103,25,71,246","227,232,206,146,79",4:846:2|4:10:1|4:13:1
ckpt_4700.pt,4,243,0.574005126953125,0.11580545455217361,0.452447772026062,"130,86,157,142,124","140,37,124,199,73",4:160:2|4:19:1|4:22:1
ckpt_4700.pt,4,244,0.576195478439331,0.13766485452651978,0.4534435272216797,"81,131,67,85,12","229,48,168,26,20",4:236:2|4:458:2|4:892:2
ckpt_4700.pt,4,245,0.5911055207252502,0.1326872557401657,0.46713805198669434,"179,117,66,100,120","249,106,23,244,69",4:465:2|4:688:2|4:756:2
ckpt_4700.pt,4,246,0.5256491899490356,0.10841801762580872,0.4568794369697571,"20,120,168,22,228","113,3,36,135,167",4:314:2|4:916:2|4:0:1
ckpt_4700.pt,4,247,0.5927567481994629,0.10959585756063461,0.46271824836730957,"127,89,208,176,28","87,90,252,211,217",4:130:2|4:206:2|4:16:1
ckpt_4700.pt,4,248,0.5381944179534912,0.10824468731880188,0.4790966510772705,"137,84,232,104,239","142,159,215,105,7",4:156:2|4:744:2|4:839:2
ckpt_4700.pt,4,249,0.5387774109840393,0.11048254370689392,0.4367411732673645,"117,99,141,71,80","245,120,106,73,246",4:285:2|4:382:2|4:598:2
ckpt_4700.pt,4,250,0.48533904552459717,0.09071312099695206,0.4271591305732727,"114,181,210,176,9","190,170,188,12,35",4:94:2|4:120:2|4:371:2
ckpt_4700.pt,4,251,0.553280770778656,0.11541371792554855,0.4655618965625763,"167,250,213,101,166","238,141,1,153,3",4:69:2|4:333:2|4:374:2
ckpt_4700.pt,4,252,0.5489394068717957,0.09015656262636185,0.473558247089386,"62,241,116,81,130","115,60,92,238,74",4:311:2|4:699:2|4:776:2
ckpt_4700.pt,4,253,0.5649466514587402,0.09797072410583496,0.4843948781490326,"248,222,193,235,91","40,228,254,230,219",4:207:2|4:237:2|4:257:2
ckpt_4700.pt,4,254,0.5682508945465088,0.10347000509500504,0.4864116907119751,"221,84,176,70,86","33,115,6,36,249",4:90:2|4:152:2|4:273:2
ckpt_4700.pt,4,255,0.5650448203086853,0.10257749259471893,0.49445995688438416,"218,48,32,233,221","90,134,84,190,120",4:100:2|4:342:2|4:748:2
ckpt_4700.pt,4,256,0.5773542523384094,0.10776913911104202,0.4696866273880005,"23,26,82,216,147","131,101,109,91,225",4:107:2|4:420:2|4:867:2
ckpt_4700.pt,4,257,0.586521565914154,0.12687768042087555,0.4835706651210785,"20,103,193,105,248","28,48,168,160,49",4:0:2|4:51:2|4:207:2
ckpt_4700.pt,4,258,0.5835442543029785,0.1041308045387268,0.47820261120796204,"48,102,231,165,111","33,73,177,235,218",4:464:2|4:1:1|4:8:1
ckpt_4700.pt,4,259,0.49702706933021545,0.09597676247358322,0.4173062741756439,"85,75,186,183,247","89,18,179,194,152",4:446:2|4:713:2|4:7:1
ckpt_4700.pt,4,260,0.5680739879608154,0.14069214463233948,0.45508623123168945,"122,104,109,166,86","213,51,34,194,175",4:575:2|4:925:2|4:2:1
ckpt_4700.pt,4,261,0.6032490730285645,0.11084865033626556,0.48841962218284607,"179,178,155,153,197","26,24,94,168,185",4:218:2|4:784:2|4:18:1
ckpt_4700.pt,4,262,0.5591263771057129,0.09326508641242981,0.4872182309627533,"32,253,21,73,112","209,153,57,126,16",4:98:2|4:906:2|4:10:1
ckpt_4700.pt,4,263,0.5599857568740845,0.10490981489419937,0.48729854822158813,"81,225,96,115,184","251,12,255,216,63",4:7:2|4:358:2|4:454:2
ckpt_4700.pt,4,264,0.617705225944519,0.13225647807121277,0.4695700705051422,"224,250,85,243,77","90,129,151,34,168",4:509:2|4:594:2|4:716:2
ckpt_4700.pt,4,265,0.5397128462791443,0.11102024465799332,0.43810075521469116,"93,86,182,129,82","127,101,97,71,190",4:400:2|4:1008:2|4:12:1
ckpt_4700.pt,4,266,0.5634954571723938,0.10380928963422775,0.45727476477622986,"27,109,232,185,144","13,88,210,123,102",4:201:2|4:404:2|4:623:2
ckpt_4700.pt,4,267,0.6278795599937439,0.11191727221012115,0.49648162722587585,"175,167,204,233,220","54,146,164,66,119",4:29:2|4:339:2|4:705:2
ckpt_4700.pt,4,268,0.5589920282363892,0.10044477880001068,0.46003952622413635,"7,222,141,111,12","57,55,59,4,69",4:470:2|4:586:2|4:25:1
ckpt_4700.pt,4,269,0.4822908043861389,0.09346458315849304,0.4258950352668762,"41,214,55,52,23","6,165,103,127,12",4:116:2|4:430:2|4:640:2
ckpt_4700.pt,4,270,0.5460049510002136,0.11081113666296005,0.4560239911079407,"223,21,117,130,44","223,61,190,251,219",4:35:2|4:297:2|4:373:2
ckpt_4700.pt,4,271,0.5683616995811462,0.11467138677835464,0.45031610131263733,"226,72,153,95,93","135,99,141,51,218",4:141:2|4:18:1|4:20:1
ckpt_4700.pt,4,272,0.5710307359695435,0.1137227714061737,0.49102818965911865,"216,221,69,239,224","200,30,140,150,220",4:60:2|4:301:2|4:303:2
ckpt_4700.pt,4,273,0.5903297662734985,0.10301537811756134,0.4914701282978058,"84,160,14,70,103","26,127,76,116,217",4:6:2|4:126:2|4:152:2
ckpt_4700.pt,4,274,0.5232665538787842,0.090331070125103,0.46683835983276367,"18,137,95,175,42","98,135,95,191,132",4:412:2|4:609:2|4:672:2
ckpt_4700.pt,4,275,0.6327659487724304,0.1260521113872528,0.5230716466903687,"152,31,47,244,201","248,216,14,184,91",4:460:2|4:0:1|4:4:1
ckpt_4700.pt,4,276,0.5864775776863098,0.12926791608333588,0.5148759484291077,"10,33,82,204,179","76,36,90,254,43",4:85:2|4:324:2|4:432:2
ckpt_4700.pt,4,277,0.5613625049591064,0.10517223179340363,0.47192978858947754,"194,52,213,219,26","9,73,28,85,153",4:38:2|4:146:2|4:345:2
ckpt_4700.pt,4,278,0.518022894859314,0.09094950556755066,0.4457714557647705,"252,143,237,52,123","98,56,216,210,185",4:435:2|4:561:2|4:861:2
ckpt_4700.pt,4,279,0.5659414529800415,0.10008488595485687,0.4667624235153198,"144,43,42,201,236","212,0,202,13,136",4:280:2|4:332:2|4:895:2
ckpt_4700.pt,4,280,0.5516366362571716,0.09371363371610641,0.49575352668762207,"236,232,201,96,112","59,170,171,75,187",4:166:2|4:174:2|4:279:2
ckpt_4700.pt,4,281,0.5816195011138916,0.11233967542648315,0.49098020792007446,"59,99,31,33,229","215,253,160,39,71",4:44:2|4:849:2|4:946:2
ckpt_4700.pt,4,282,0.5506467819213867,0.09796270728111267,0.4600563943386078,"154,232,204,216,158","119,150,51,235,11",4:54:1|4:60:1|4:88:1
ckpt_4700.pt,4,283,0.5933932065963745,0.10588021576404572,0.4721759855747223,"189,68,9,5,106","168,22,74,77,112",4:104:2|4:157:2|4:580:2
ckpt_4700.pt,4,284,0.6079588532447815,0.15444035828113556,0.5067357420921326,"41,90,189,161,117","30,134,234,48,10",4:758:2|4:1:1|4:10:1
ckpt_4700.pt,4,285,0.5489301085472107,0.10138546675443649,0.4416669011116028,"99,82,117,20,15","0,36,225,65,8",4:51:2|4:249:2|4:562:2
ckpt_4700.pt,4,286,0.6284058094024658,0.1233583316206932,0.5059184432029724,"120,45,201,46,51","199,209,165,153,195",4:693:2|4:887:2|4:20:1
ckpt_4700.pt,4,287,0.6062297224998474,0.11295964568853378,0.49203795194625854,"223,82,72,64,239","101,52,74,89,46",4:143:2|4:297:2|4:18:1
ckpt_4700.pt,4,288,0.5689435601234436,0.10588119924068451,0.4742051362991333,"45,87,197,187,64","131,200,217,86,244",4:364:2|4:1:1|4:20:1
ckpt_4700.pt,4,289,0.5811141133308411,0.1222112849354744,0.46652740240097046,"80,4,19,60,0","29,179,56,32,111",4:901:2|4:1003:2|4:6:1
ckpt_4700.pt,4,290,0.5675379633903503,0.11487358808517456,0.5121608376502991,"7,181,3,154,67","10,150,212,80,24",4:121:2|4:570:2|4:827:2
ckpt_4700.pt,4,291,0.5848448872566223,0.12593014538288116,0.47861045598983765,"180,220,170,225,59","224,41,123,253,70",4:43:2|4:540:2|4:7:1
ckpt_4700.pt,4,292,0.5340002179145813,0.0927986204624176,0.4694446921348572,"40,93,42,224,225","130,23,9,12,178",4:7:1|4:8:1|4:20:1
ckpt_4700.pt,4,293,0.535987913608551,0.09888281673192978,0.4471283555030823,"119,202,211,208,115","74,1,180,23,248",4:66:2|4:681:2|4:848:2
ckpt_4700.pt,4,294,0.527765154838562,0.08594205230474472,0.43014073371887207,"34,93,231,84,118","105,63,129,21,30",4:628:2|4:683:2|4:1006:2
ckpt_4700.pt,4,295,0.5822031497955322,0.11655740439891815,0.5049150586128235,"67,45,83,33,23","190,198,234,118,151",4:81:2|4:121:2|4:603:2
ckpt_4700.pt,4,296,0.5498251914978027,0.15369407832622528,0.461753249168396,"55,26,115,3,30","37,3,28,197,84",4:171:2|4:630:2|4:767:2
ckpt_4700.pt,4,297,0.5863375663757324,0.11227060854434967,0.4736166298389435,"65,239,21,191,223","43,191,83,227,254",4:189:2|4:270:2|4:287:2
ckpt_4700.pt,4,298,0.5307064652442932,0.11285910755395889,0.4608190059661865,"191,70,80,189,129","212,226,83,138,221",4:80:2|4:6:1|4:12:1
ckpt_4700.pt,4,299,0.5663385987281799,0.10655076056718826,0.48787352442741394,"149,177,30,51,208","163,109,51,178,222",4:351:2|4:708:2|4:906:2
ckpt_4700.pt,4,300,0.5814891457557678,0.11287333071231842,0.4628485441207886,"173,67,204,194,127","51,214,151,238,27",4:59:2|4:443:2|4:507:2
ckpt_4700.pt,4,301,0.5860806703567505,0.11953115463256836,0.5001919865608215,"237,145,152,239,216","243,130,197,219,240",4:62:2|4:147:2|4:272:2
ckpt_4700.pt,4,302,0.5672553181648254,0.11024005711078644,0.49295884370803833,"179,41,209,245,147","32,216,96,85,13",4:141:2|4:318:2|4:457:2
ckpt_4700.pt,4,303,0.5374069809913635,0.08701155334711075,0.44979336857795715,"120,230,224,36,216","206,136,148,59,233",4:272:2|4:578:2|4:738:2
ckpt_4700.pt,4,304,0.6019501686096191,0.13115784525871277,0.5035364627838135,"82,4,54,143,134","3,234,212,201,10",4:324:2|4:477:2|4:966:2
ckpt_4700.pt,4,305,0.5666100978851318,0.10648558288812637,0.4497823715209961,"222,253,99,84,133","235,65,237,165,45",4:90:2|4:349:2|4:361:2
ckpt_4700.pt,4,306,0.6317879557609558,0.10636663436889648,0.5053173899650574,"228,62,245,242,234","147,30,29,69,74",4:235:2|4:3:1|4:6:1
ckpt_4700.pt,4,307,0.5805961489677429,0.15513060986995697,0.5046493411064148,"194,60,133,143,157","241,71,86,236,132",4:427:2|4:688:2|4:923:2
ckpt_4700.pt,4,308,0.4937051236629486,0.0821775570511818,0.45304545760154724,"3,105,163,131,196","120,203,23,125,178",4:236:2|4:929:2|4:21:1
ckpt_4700.pt,4,309,0.6069867014884949,0.11291679739952087,0.4812247157096863,"30,194,224,24,44","231,35,113,37,83",4:545:2|4:583:2|4:2:1
ckpt_4700.pt,4,310,0.5348621606826782,0.093548983335495,0.4414058029651642,"51,219,59,199,7","3,13,29,52,174",4:359:2|4:22:1|4:38:1
ckpt_4700.pt,4,311,0.5631510615348816,0.12664079666137695,0.4548580050468445,"130,62,56,154,156","69,144,215,160,24",4:252:2|4:414:2|4:699:2
ckpt_4700.pt,4,312,0.6059690117835999,0.11347212642431259,0.4916573166847229,"139,233,207,14,2","233,93,36,62,191",4:162:2|4:448:2|4:505:2
ckpt_4700.pt,4,313,0.6504979133605957,0.13079796731472015,0.5099045634269714,"210,231,199,94,33","178,172,113,183,85",4:26:2|4:84:2|4:85:2
ckpt_4700.pt,4,314,0.5423460602760315,0.09569385647773743,0.45685842633247375,"161,155,20,226,22","91,172,145,158,153",4:246:2|4:859:2|4:916:2
ckpt_4700.pt,4,315,0.6309717297554016,0.12959472835063934,0.5121284127235413,"224,155,7,73,249","54,56,103,109,154",4:10:1|4:20:1|4:57:1
ckpt_4700.pt,4,316,0.601853609085083,0.12219326198101044,0.48498255014419556,"79,211,199,100,207","168,171,238,51,21",4:487:3|4:354:2|4:733:2
ckpt_4700.pt,4,317,0.5820674300193787,0.10920592397451401,0.4830280840396881,"141,41,33,72,143","32,34,114,66,249",4:204:2|4:318:2|4:807:2
ckpt_4700.pt,4,318,0.6164954900741577,0.12969854474067688,0.5100196003913879,"227,179,87,143,41","188,23,110,12,143",4:302:2|4:317:2|4:468:2
ckpt_4700.pt,4,319,0.5592883229255676,0.10569022595882416,0.4822571873664856,"31,134,212,217,107","141,234,7,246,52",4:511:2|4:0:1|4:2:1
ckpt_4700.pt,4,320,0.5634083151817322,0.12362591177225113,0.4616241753101349,"65,81,140,82,101","86,198,181,0,149",4:47:2|4:410:2|4:941:2
ckpt_4700.pt,4,321,0.6050577759742737,0.12787553668022156,0.4997236430644989,"28,215,33,228,124","170,54,57,137,220",4:190:2|4:363:2|4:19:1
ckpt_4700.pt,4,322,0.5225889086723328,0.10503637045621872,0.4501849412918091,"55,151,50,70,121","216,79,165,117,240",4:170:2|4:526:2|4:6:1
ckpt_4700.pt,4,323,0.5642197132110596,0.11262308806180954,0.45148971676826477,"158,98,112,254,36","253,9,158,13,218",4:33:2|4:902:2|4:3:1
ckpt_4700.pt,4,324,0.5698060393333435,0.09405501186847687,0.48982617259025574,"19,54,179,59,82","135,47,118,126,46",4:215:2|4:276:2|4:304:2
ckpt_4700.pt,4,325,0.616895318031311,0.11313214153051376,0.4976549446582794,"117,210,116,163,139","101,205,34,143,163",4:21:2|4:120:2|4:127:2
ckpt_4700.pt,4,326,0.6074012517929077,0.11867784708738327,0.5251420140266418,"210,133,161,80,18","106,232,228,121,225",4:173:2|4:394:2|4:652:2
ckpt_4700.pt,4,327,0.4954310655593872,0.09517226368188858,0.41527462005615234,"41,253,123,212,110","193,188,217,90,231",4:807:3|4:426:2|4:691:2
ckpt_4700.pt,4,328,0.5400570034980774,0.09618300199508667,0.4603111147880554,"81,235,30,43,237","87,230,188,33,78",4:47:1|4:58:1|4:62:1
ckpt_4700.pt,4,329,0.5927984118461609,0.1477823108434677,0.461505651473999,"140,243,106,182,255","211,180,155,229,255",4:47:2|4:104:2|4:174:2
ckpt_4700.pt,4,330,0.5772473216056824,0.1123112365603447,0.49538350105285645,"171,136,37,117,169","18,161,147,255,80",4:337:2|4:377:2|4:647:2
ckpt_4700.pt,4,331,0.4804539680480957,0.09532560408115387,0.44552597403526306,"11,42,232,235,217","158,149,2,27,252",4:802:2|4:907:2|4:2:1
ckpt_4700.pt,4,332,0.5971633195877075,0.11280032992362976,0.46717962622642517,"43,42,27,149,14","22,0,96,45,9",4:279:2|4:656:2|4:760:2
ckpt_4700.pt,4,333,0.5145837664604187,0.10880134999752045,0.44225773215293884,"214,185,71,101,167","143,71,120,15,127",4:69:2|4:251:2|4:490:2
ckpt_4700.pt,4,334,0.5411780476570129,0.12206937372684479,0.4490585923194885,"46,13,18,165,237","170,229,22,101,185",4:470:2|4:476:2|4:649:2
ckpt_4700.pt,4,335,0.4919566810131073,0.08577688783407211,0.432455450296402,"248,153,90,219,78","6,174,230,154,107",4:140:2|4:146:2|4:605:2
ckpt_4700.pt,4,336,0.5345301032066345,0.090502068400383,0.46347495913505554,"114,66,248,70,217","219,225,190,39,62",4:170:2|4:853:2|4:0:1
ckpt_4700.pt,4,337,0.6039942502975464,0.10262566059827805,0.5076448917388916,"190,58,136,40,117","214,207,25,20,218",4:133:2|4:167:2|4:330:2
ckpt_4700.pt,4,338,0.5736748576164246,0.11360622942447662,0.5225431323051453,"56,137,98,124,192","25,83,115,42,41",4:162:2|4:9:1|4:10:1
ckpt_4700.pt,4,339,0.49800246953964233,0.12772566080093384,0.4117063879966736,"75,187,117,167,220","75,25,202,179,170",4:29:2|4:267:2|4:1:1
ckpt_4700.pt,4,340,0.6331153512001038,0.1264794021844864,0.5022241473197937,"1,201,24,87,242","197,216,53,212,60",4:61:2|4:177:2|4:369:2
ckpt_4700.pt,4,341,0.5430063605308533,0.09955154359340668,0.446020245552063,"239,73,231,80,46","23,125,181,78,92",4:904:2|4:10:1|4:19:1
ckpt_4700.pt,4,342,0.5737949013710022,0.09341631829738617,0.45335450768470764,"65,221,28,233,70","122,205,25,136,11",4:100:2|4:126:2|4:254:2
ckpt_4700.pt,4,343,0.5739588737487793,0.14035679399967194,0.47086402773857117,"239,166,249,105,43","60,20,109,190,213",4:122:2|4:149:2|4:656:2
ckpt_4700.pt,4,344,0.5760663747787476,0.12144216150045395,0.4901573061943054,"235,10,242,68,22","203,68,66,138,208",4:657:2|4:900:2|4:11:1
ckpt_4700.pt,4,345,0.5513013601303101,0.097269207239151,0.484205037355423,"165,194,244,172,219","82,239,126,212,98",4:146:2|4:277:2|4:918:2
ckpt_4700.pt,4,346,0.5389592051506042,0.10034375637769699,0.4505560100078583,"21,89,39,34,201","235,199,168,194,53",4:61:2|4:194:2|4:797:2
ckpt_4700.pt,4,347,0.5450133681297302,0.09915535151958466,0.4507143795490265,"115,47,132,100,92","29,167,51,205,192",4:379:2|4:726:2|4:3:1
ckpt_4700.pt,4,348,0.5650316476821899,0.1239251047372818,0.46757858991622925,"185,245,181,230,198","14,31,156,120,208",4:386:2|4:980:2|4:4:1
ckpt_4700.pt,4,349,0.5276674032211304,0.1118788793683052,0.4510575830936432,"65,182,99,84,237","189,243,250,130,167",4:305:2|4:435:2|4:505:2
ckpt_4700.pt,4,350,0.5579378008842468,0.12358976900577545,0.48713356256484985,"49,163,106,18,216","57,144,59,203,219",4:8:2|4:181:2|4:444:2
ckpt_4700.pt,4,351,0.5854803919792175,0.10087481886148453,0.48927152156829834,"149,177,64,86,11","66,138,34,117,121",4:299:2|4:38:1|4:39:1
ckpt_4700.pt,4,352,0.46604281663894653,0.08635269105434418,0.40037989616394043,"19,247,112,244,81","181,11,2,17,154",4:484:2|4:23:1|4:27:1
ckpt_4700.pt,4,353,0.6401646137237549,0.15395304560661316,0.5149127244949341,"72,147,155,1,237","17,194,108,79,52",4:143:2|4:150:2|4:724:2
ckpt_4700.pt,4,354,0.5523301959037781,0.10009115189313889,0.45271775126457214,"79,195,63,207,175","54,10,241,58,77",4:316:2|4:2:1|4:27:1
ckpt_4700.pt,4,355,0.6068275570869446,0.12848660349845886,0.4851077198982239,"103,225,9,62,235","75,140,142,55,54",4:235:2|4:499:2|4:790:2
ckpt_4700.pt,4,356,0.5570089221000671,0.11044517904520035,0.4568232595920563,"174,63,214,123,49","229,117,7,3,76",4:425:2|4:8:1|4:30:1
ckpt_4700.pt,4,357,0.5520208477973938,0.11468271166086197,0.46922072768211365,"92,81,226,167,126","132,73,76,102,223",4:646:2|4:3:1|4:20:1
ckpt_4700.pt,4,358,0.506564736366272,0.0819379910826683,0.44240808486938477,"212,56,191,81,225","104,217,159,196,83",4:236:2|4:263:2|4:414:2
ckpt_4700.pt,4,359,0.5786979794502258,0.15140680968761444,0.4752376675605774,"7,80,251,51,36","19,120,80,153,75",4:310:2|4:943:2|4:3:1
ckpt_4700.pt,4,360,0.5203529596328735,0.11595328897237778,0.45017361640930176,"100,254,175,213,143","189,126,107,76,92",4:475:2|4:574:2|4:611:2
ckpt_4700.pt,4,361,0.5206294655799866,0.11051527410745621,0.45219722390174866,"84,96,247,253,71","125,223,90,94,33",4:90:2|4:305:2|4:426:2
ckpt_4700.pt,4,362,0.5580713152885437,0.1108989492058754,0.4752970337867737,"252,16,128,235,254","121,173,208,120,220",4:105:3|4:14:1|4:30:1
ckpt_4700.pt,4,363,0.6427854299545288,0.12392330169677734,0.5023755431175232,"215,172,28,241,26","60,151,71,221,25",4:321:2|4:576:2|4:41:1
ckpt_4700.pt,4,364,0.518427312374115,0.14225536584854126,0.4598325192928314,"49,76,187,248,64","60,52,103,205,254",4:288:2|4:538:2|4:544:2
ckpt_4700.pt,4,365,0.5967268943786621,0.12741492688655853,0.48517200350761414,"108,123,40,62,158","163,193,142,216,86",4:412:2|4:517:2|4:884:2
ckpt_4700.pt,4,366,0.544638991355896,0.09045513719320297,0.4699048399925232,"77,13,88,173,186","206,159,70,204,62",4:744:2|4:896:2|4:11:1
ckpt_4700.pt,4,367,0.560985803604126,0.11013909429311752,0.4892883598804474,"255,197,163,185,188","182,148,1,128,152",4:138:2|4:174:2|4:433:2
ckpt_4700.pt,4,368,0.5449098348617554,0.11541255563497543,0.45144107937812805,"5,145,253,196,92","228,198,183,169,122",4:186:2|4:413:2|4:616:2
ckpt_4700.pt,4,369,0.5859046578407288,0.09592976421117783,0.4775383770465851,"87,37,206,29,1","179,142,222,66,248",4:5:2|4:340:2|4:468:2
ckpt_4700.pt,4,370,0.5704755187034607,0.10184825956821442,0.4629487991333008,"15,66,147,156,196","93,186,107,75,6",4:31:2|4:514:2|4:727:2
ckpt_4700.pt,4,371,0.551756739616394,0.1057422012090683,0.49638232588768005,"72,176,236,108,9","89,81,73,245,164",4:250:2|4:12:1|4:13:1
ckpt_4700.pt,4,372,0.6063838601112366,0.10170438885688782,0.5086088180541992,"114,9,0,170,71","176,222,187,140,158",4:94:2|4:250:2|4:971:2
ckpt_4700.pt,4,373,0.4921742379665375,0.08196674287319183,0.440796822309494,"117,178,21,76,255","194,160,26,211,108",4:197:2|4:270:2|4:527:2
ckpt_4700.pt,4,374,0.5296552181243896,0.11492585390806198,0.41632524132728577,"176,202,24,101,166","252,15,117,21,174",4:251:2|4:765:2|4:5:1
ckpt_4700.pt,4,375,0.5881152153015137,0.14294424653053284,0.4720129370689392,"165,154,85,246,54","71,54,27,99,214",4:739:2|4:1:1|4:27:1
ckpt_4700.pt,4,376,0.5372657179832458,0.09632162004709244,0.4620484411716461,"134,211,10,253,147","183,205,36,39,244",4:86:2|4:408:2|4:588:2
ckpt_4700.pt,4,377,0.5726610422134399,0.10518550127744675,0.516372561454773,"199,217,154,136,37","81,52,42,150,122",4:22:2|4:204:2|4:330:2
ckpt_4700.pt,4,378,0.508460283279419,0.1005125343799591,0.423478901386261,"156,229,77,55,49","254,163,245,3,250",4:405:2|4:622:2|4:741:2
ckpt_4700.pt,4,379,0.48713281750679016,0.08088299632072449,0.4220358729362488,"115,207,197,20,47","78,103,148,0,10",4:347:2|4:437:2|4:497:2
ckpt_4700.pt,4,380,0.5199524164199829,0.09612749516963959,0.44189783930778503,"14,29,63,52,22","63,142,81,29,99",4:158:2|4:468:2|4:629:2
ckpt_4700.pt,4,381,0.5699418783187866,0.1003909632563591,0.505977988243103,"179,73,93,99,58","56,21,212,211,196",4:785:2|4:857:2|4:904:2
ckpt_4700.pt,4,382,0.5738688111305237,0.10575302690267563,0.5095698237419128,"50,99,80,106,34","191,127,53,176,64",4:249:2|4:389:2|4:774:2
ckpt_4700.pt,4,383,0.6273400187492371,0.13287761807441711,0.49479177594184875,"255,49,212,59,189","82,137,179,32,30",4:399:2|4:911:2|4:8:1
ckpt_4700.pt,4,384,0.5287746787071228,0.08718942105770111,0.41331973671913147,"62,151,91,169,161","179,84,81,235,3",4:193:2|4:568:2|4:1:1
ckpt_4700.pt,4,385,0.5814400315284729,0.10823015123605728,0.517829418182373,"253,104,140,182,188","180,136,187,120,52",4:186:2|4:329:2|4:398:2
ckpt_4700.pt,4,386,0.5716214776039124,0.10664480924606323,0.45109009742736816,"181,2,120,124,245","242,182,219,124,234",4:348:2|4:523:2|4:723:2
ckpt_4700.pt,4,387,0.5618898868560791,0.09627718478441238,0.4583076536655426,"28,146,178,41,207","155,213,9,117,41",4:29:2|4:77:2|4:111:2
ckpt_4700.pt,4,388,0.5992844700813293,0.10746525973081589,0.48582229018211365,"36,187,234,126,86","171,69,203,172,48",4:3:3|4:598:2|4:1:1
ckpt_4700.pt,4,389,0.49501779675483704,0.0910295769572258,0.47318801283836365,"99,34,222,69,236","207,59,116,52,56",4:305:2|4:382:2|4:562:2
ckpt_4700.pt,4,390,0.5761559009552002,0.11430913954973221,0.46951737999916077,"68,134,101,86,3","252,1,209,90,66",4:171:2|4:210:2|4:5:1
ckpt_4700.pt,4,391,0.5581750273704529,0.13241225481033325,0.4720306992530823,"191,47,25,93,213","110,139,126,166,36",4:460:2|4:801:2|4:989:2
ckpt_4700.pt,4,392,0.5585156679153442,0.10587123781442642,0.48881101608276367,"128,102,36,2,223","139,11,223,138,122",4:137:2|4:912:2|4:3:1
ckpt_4700.pt,4,393,0.5322093367576599,0.09148579090833664,0.46087145805358887,"195,185,23,15,3","99,6,134,158,213",4:144:2|4:403:2|4:608:2
ckpt_4700.pt,4,394,0.5840960741043091,0.0937691256403923,0.5115007162094116,"210,9,80,31,41","201,229,13,10,60",4:790:3|4:250:2|4:326:2
ckpt_4700.pt,4,395,0.541926920413971,0.0990123450756073,0.46931174397468567,"78,107,7,87,39","167,99,247,92,56",4:183:2|4:228:2|4:570:2
ckpt_4700.pt,4,396,0.576987624168396,0.1071021556854248,0.4821789264678955,"106,10,26,133,223","252,13,181,57,143",4:143:2|4:227:2|4:557:2
ckpt_4700.pt,4,397,0.58689284324646,0.1040077656507492,0.493396133184433,"31,160,15,86,148","236,238,198,13,88",4:126:2|4:633:2|4:910:2
ckpt_4700.pt,4,398,0.5684342980384827,0.10422035306692123,0.45183929800987244,"218,182,104,217,80","76,180,113,121,23",4:2:2|4:385:2|4:844:2
ckpt_4700.pt,4,399,0.5313864350318909,0.10866129398345947,0.42425084114074707,"57,49,100,255,243","255,124,28,72,80",4:182:2|4:329:2|4:383:2
ckpt_4700.pt,4,400,0.5887026786804199,0.08821561932563782,0.45900076627731323,"139,82,93,62,59","9,202,86,147,171",4:265:2|4:324:2|4:448:2
ckpt_4700.pt,4,401,0.5893803834915161,0.10366073995828629,0.48265233635902405,"18,72,96,56,30","77,146,8,198,142",4:412:2|4:8:1|4:18:1
ckpt_4700.pt,4,402,0.5239007472991943,0.08648751676082611,0.42362672090530396,"61,173,2,142,91","102,22,128,143,225",4:59:2|4:160:2|4:193:2
ckpt_4700.pt,4,403,0.5191407799720764,0.10148371011018753,0.45242780447006226,"11,185,15,46,161","96,43,108,216,7",4:159:2|4:393:2|4:425:2
ckpt_4700.pt,4,404,0.539509654045105,0.0928802341222763,0.4621366560459137,"39,48,109,10,144","207,196,43,51,69",4:62:2|4:78:2|4:183:2
ckpt_4700.pt,4,405,0.5848982334136963,0.09726394712924957,0.49815940856933594,"229,55,35,0,76","227,244,125,246,2",4:378:2|4:973:2|4:5:1
ckpt_4700.pt,4,406,0.5937305688858032,0.10585293173789978,0.49459147453308105,"196,234,226,244,243","219,149,55,248,68",4:422:2|4:584:2|4:3:1
ckpt_4700.pt,4,407,0.5982015132904053,0.09883751720190048,0.5086861848831177,"84,249,195,8,240","234,201,99,165,227",4:692:2|4:718:2|4:2:1
ckpt_4700.pt,4,408,0.5492762327194214,0.1047784686088562,0.46453726291656494,"56,134,44,171,10","0,88,247,77,72",4:376:2|4:599:2|4:657:2
ckpt_4700.pt,4,409,0.5496167540550232,0.13003182411193848,0.47666382789611816,"131,109,5,127,205","15,33,98,152,157",4:72:2|4:16:1|4:25:1
ckpt_4700.pt,4,410,0.5907772779464722,0.141121044754982,0.49895843863487244,"20,11,179,140,101","60,212,75,155,101",4:320:2|4:484:2|4:717:2
ckpt_4700.pt,4,411,0.5745330452919006,0.10204040259122849,0.4927416145801544,"137,194,119,135,210","134,95,239,226,55",4:16:2|4:40:2|4:489:2
ckpt_4700.pt,4,412,0.609541118144989,0.11685094982385635,0.5206825733184814,"158,62,30,95,18","104,194,15,190,149",4:274:2|4:365:2|4:401:2
ckpt_4700.pt,4,413,0.5390006899833679,0.08787500113248825,0.49363917112350464,"196,198,5,89,4","15,19,64,58,217",4:67:2|4:102:2|4:368:2
ckpt_4700.pt,4,414,0.49306395649909973,0.10061606764793396,0.4206062853336334,"56,154,81,123,201","46,212,98,6,169",4:311:2|4:358:2|4:566:2
ckpt_4700.pt,4,415,0.5866726636886597,0.10302048921585083,0.4648984968662262,"12,46,160,182,118","150,171,17,11,225",4:476:2|4:520:2|4:6:1
ckpt_4700.pt,4,416,0.6478654742240906,0.14443455636501312,0.5456010699272156,"138,67,0,156,25","92,64,84,143,25",4:521:2|4:627:2|4:1001:2
ckpt_4700.pt,4,417,0.5505249500274658,0.10138779878616333,0.46542003750801086,"116,255,229,207,165","37,142,51,34,89",4:21:2|4:559:2|4:579:2
ckpt_4700.pt,4,418,0.6348903179168701,0.11465629190206528,0.47348377108573914,"130,186,6,185,148","131,210,98,126,187",4:555:2|4:700:2|4:974:2
ckpt_4700.pt,4,419,0.5873644948005676,0.13238738477230072,0.4674505293369293,"69,142,92,168,112","199,93,245,191,33",4:98:2|4:424:2|4:700:2
ckpt_4700.pt,4,420,0.600254476070404,0.1296767294406891,0.5080969333648682,"59,216,123,147,95","120,16,176,230,223",4:96:2|4:135:2|4:136:2
ckpt_4700.pt,4,421,0.5572485327720642,0.1057702973484993,0.44647854566574097,"29,54,242,232,180","118,33,219,197,240",4:158:2|4:477:2|4:1013:2
ckpt_4700.pt,4,422,0.6357049345970154,0.13501787185668945,0.48205527663230896,"196,120,119,226,133","134,236,219,112,13",4:406:2|4:523:2|4:615:2
ckpt_4700.pt,4,423,0.5829241275787354,0.11182267218828201,0.48379743099212646,"177,143,174,69,167","22,210,74,10,5",4:1018:2|4:20:1|4:26:1
ckpt_4700.pt,4,424,0.549492359161377,0.14340466260910034,0.45631447434425354,"92,27,98,180,142","58,143,142,44,24",4:419:2|4:967:2|4:9:1
ckpt_4700.pt,4,425,0.589381217956543,0.09941045194864273,0.4651581943035126,"161,11,63,38,123","201,143,11,174,159",4:159:2|4:356:2|4:403:2
ckpt_4700.pt,4,426,0.49639812111854553,0.09947894513607025,0.42902034521102905,"4,110,253,71,12","62,59,76,87,213",4:327:2|4:361:2|4:691:2
ckpt_4700.pt,4,427,0.5681926012039185,0.1150975376367569,0.48555517196655273,"255,133,131,32,194","217,129,7,96,152",4:307:2|4:515:2|4:719:2
ckpt_4700.pt,4,428,0.6328849792480469,0.13168470561504364,0.521415114402771,"216,52,115,234,69","170,127,36,113,78",4:3:2|4:272:2|4:525:2
ckpt_4700.pt,4,429,0.4732494354248047,0.1146974042057991,0.40602126717567444,"221,241,56,109,153","179,120,200,205,61",4:599:2|4:784:2|4:870:2
ckpt_4700.pt,4,430,0.5805597305297852,0.1107126846909523,0.4913995862007141,"214,230,197,24,55","130,23,166,156,181",4:269:2|4:749:2|4:987:2
ckpt_4700.pt,4,431,0.5282526016235352,0.11081191897392273,0.4336740970611572,"39,177,58,116,31","196,233,105,66,137",4:212:2|4:852:2|4:0:1
ckpt_4700.pt,4,432,0.5139071345329285,0.11027149111032486,0.4643092453479767,"33,10,130,77,113","57,141,18,85,247",4:276:2|4:24:1|4:26:1
ckpt_4700.pt,4,433,0.5436311960220337,0.11864133924245834,0.442380428314209,"141,36,163,35,197","168,72,137,200,185",4:138:2|4:240:2|4:367:2
ckpt_4700.pt,4,434,0.589069664478302,0.10401954501867294,0.47259142994880676,"30,83,46,186,114","123,67,99,58,97",4:480:2|4:693:2|4:971:2
ckpt_4700.pt,4,435,0.5373812317848206,0.09360828250646591,0.4628616273403168,"237,99,220,52,88","185,86,240,191,3",4:278:2|4:349:2|4:505:2
ckpt_4700.pt,4,436,0.5301688313484192,0.09220343828201294,0.43733471632003784,"254,53,39,95,104","77,212,21,162,165",4:660:2|4:733:2|4:839:2
ckpt_4700.pt,4,437,0.6184817552566528,0.10952740162611008,0.5248969197273254,"207,197,113,141,1","31,190,202,14,249",4:737:3|4:50:2|4:83:2
ckpt_4700.pt,4,438,0.5054070353507996,0.11062044650316238,0.43747228384017944,"73,104,64,251,220","248,158,200,43,120",4:2:1|4:10:1|4:20:1
ckpt_4700.pt,4,439,0.5653599500656128,0.11161703616380692,0.45751631259918213,"144,168,151,36,208","129,112,69,166,11",4:817:2|4:869:2|4:3:1
ckpt_4700.pt,4,440,0.5219689607620239,0.0981379896402359,0.4352637529373169,"11,34,137,33,185","205,94,4,6,91",4:85:2|4:403:2|4:561:2
ckpt_4700.pt,4,441,0.5181291699409485,0.10263027995824814,0.43612003326416016,"228,7,238,85,126","43,39,19,155,142",4:125:2|4:934:2|4:3:1
ckpt_4700.pt,4,442,0.5083205699920654,0.09763862192630768,0.4373520314693451,"160,102,4,18,117","230,170,4,242,0",4:15:2|4:465:2|4:804:2
ckpt_4700.pt,4,443,0.5808842778205872,0.10955516248941422,0.49214601516723633,"63,202,97,67,173","10,60,92,133,88",4:59:2|4:193:2|4:300:2
ckpt_4700.pt,4,444,0.5462755560874939,0.13178220391273499,0.457876592874527,"162,49,9,216,132","52,27,157,252,49",4:181:2|4:350:2|4:631:2
ckpt_4700.pt,4,445,0.5510469079017639,0.09877002239227295,0.44830796122550964,"95,90,119,157,58","122,183,58,228,42",4:72:2|4:819:2|4:852:2
ckpt_4700.pt,4,446,0.5887667536735535,0.1187463104724884,0.49978339672088623,"183,75,83,25,182","238,218,26,40,108",4:56:2|4:82:2|4:87:2
ckpt_4700.pt,4,447,0.6032254695892334,0.1280081421136856,0.5203576683998108,"130,244,11,245,175","121,7,114,70,15",4:484:2|4:936:2|4:948:2
ckpt_4700.pt,4,448,0.5644677877426147,0.10757800936698914,0.4816458821296692,"149,2,82,139,88","147,76,208,30,198",4:312:2|4:400:2|4:747:2
ckpt_4700.pt,4,449,0.5822696089744568,0.11253879219293594,0.46549198031425476,"158,67,88,89,90","204,49,82,84,28",4:908:2|4:31:1|4:44:1
ckpt_4700.pt,4,450,0.5353973507881165,0.10824288427829742,0.44867438077926636,"103,155,113,196,115","64,7,127,164,163",4:727:2|4:952:2|4:3:1
ckpt_4700.pt,4,451,0.5157144665718079,0.10455238819122314,0.4552118480205536,"200,149,245,28,210","34,69,237,105,156",4:239:2|4:479:2|4:606:2
ckpt_4700.pt,4,452,0.6670413613319397,0.14591002464294434,0.5255676507949829,"49,91,215,193,95","86,73,38,35,119",4:253:2|4:787:2|4:920:2
ckpt_4700.pt,4,453,0.5286388993263245,0.11092859506607056,0.46814897656440735,"195,67,52,102,61","87,22,89,71,19",4:191:2|4:694:2|4:891:2
ckpt_4700.pt,4,454,0.526130199432373,0.09747407585382462,0.4517231583595276,"92,96,140,38,225","53,208,87,169,75",4:154:2|4:223:2|4:263:2
ckpt_4700.pt,4,455,0.5615252256393433,0.11402557045221329,0.4867635667324066,"100,233,222,191,255","147,25,255,30,100",4:106:2|4:223:2|4:399:2
ckpt_4700.pt,4,456,0.6217606067657471,0.12976619601249695,0.4675543010234833,"84,106,147,60,40","163,37,6,23,140",4:590:2|4:597:2|4:643:2
ckpt_4700.pt,4,457,0.5523324012756348,0.09123057872056961,0.4671896994113922,"147,41,165,37,0","224,69,159,202,88",4:219:2|4:302:2|4:946:2
ckpt_4700.pt,4,458,0.5659757256507874,0.09609230607748032,0.46670210361480713,"56,215,27,67,85","65,4,172,45,58",4:244:2|4:21:1|4:53:1
ckpt_4700.pt,4,459,0.657731294631958,0.14238491654396057,0.5125684142112732,"129,190,36,159,127","129,151,69,78,247",4:12:2|4:133:2|4:2:1
ckpt_4700.pt,4,460,0.6253147721290588,0.10829397290945053,0.48376888036727905,"140,119,244,47,93","197,89,166,92,255",4:275:2|4:391:2|4:484:2
ckpt_4700.pt,4,461,0.565563976764679,0.0963173359632492,0.4703052341938019,"167,19,145,118,54","255,195,148,104,171",4:324:2|4:986:2|4:20:1
ckpt_4700.pt,4,462,0.5623685121536255,0.11263711750507355,0.4828423857688904,"19,191,211,201,26","226,99,225,217,233",4:80:2|4:518:2|4:822:2
ckpt_4700.pt,4,463,0.5842506289482117,0.11180058121681213,0.5033102631568909,"33,76,108,146,110","9,32,151,179,243",4:921:3|4:807:2|4:4:1
ckpt_4700.pt,4,464,0.5566303730010986,0.09744210541248322,0.4760510325431824,"76,181,167,111,165","18,25,160,208,64",4:258:2|4:548:2|4:772:2
ckpt_4700.pt,4,465,0.5644128918647766,0.10482915490865707,0.4929872155189514,"91,117,160,105,120","204,184,120,253,98",4:245:2|4:442:2|4:598:2
ckpt_4700.pt,4,466,0.5460582375526428,0.10563435405492783,0.4636180102825165,"41,196,73,153,114","199,74,149,51,156",4:10:2|4:951:2|4:20:1
ckpt_4700.pt,4,467,0.576884925365448,0.11987359821796417,0.49349117279052734,"211,4,156,131,226","220,153,43,194,62",4:635:2|4:969:2|4:5:1
ckpt_4700.pt,4,468,0.5476440787315369,0.1062621921300888,0.4973331391811371,"87,149,227,29,52","227,248,243,223,237",4:318:2|4:369:2|4:380:2
ckpt_4700.pt,4,469,0.5824673175811768,0.10491269826889038,0.5003902316093445,"237,119,190,216,29","253,23,79,53,34",4:108:2|4:177:2|4:301:2
ckpt_4700.pt,4,470,0.6036123633384705,0.10824982076883316,0.5078216791152954,"12,222,237,219,13","177,6,82,196,109",4:268:2|4:334:2|4:606:2
ckpt_4700.pt,4,471,0.6022053956985474,0.09771011024713516,0.4762789011001587,"191,64,144,176,1","174,168,53,5,92",4:201:2|4:206:2|4:494:2
ckpt_4700.pt,4,472,0.6102949976921082,0.1017710492014885,0.4766713082790375,"189,150,149,181,102","69,143,244,148,65",4:840:2|4:10:1|4:14:1
ckpt_4700.pt,4,473,0.5805835127830505,0.09411042183637619,0.5022575259208679,"204,200,110,25,133","167,204,187,216,11",4:4:1|4:10:1|4:13:1
ckpt_4700.pt,4,474,0.553244948387146,0.10533718019723892,0.4625888466835022,"96,158,61,189,211","87,218,244,40,232",4:80:2|4:131:2|4:230:2
ckpt_4700.pt,4,475,0.5709107518196106,0.10226096212863922,0.49483609199523926,"226,254,186,174,175","33,110,166,69,67",4:33:2|4:360:2|4:574:2
ckpt_4700.pt,4,476,0.5681319832801819,0.10532238334417343,0.48247402906417847,"165,160,57,49,46","165,143,111,113,194",4:15:2|4:30:2|4:152:2
ckpt_4700.pt,4,477,0.559658408164978,0.1066524088382721,0.4814766049385071,"144,82,54,29,196","90,48,13,4,153",4:158:2|4:304:2|4:324:2
ckpt_4700.pt,4,478,0.5228848457336426,0.10993718355894089,0.4212381839752197,"90,22,152,35,81","59,180,169,225,118",4:566:2|4:4:1|4:11:1
ckpt_4700.pt,4,479,0.5313560962677002,0.11384300142526627,0.454849511384964,"35,168,210,181,28","149,41,239,105,78",4:120:2|4:123:2|4:127:2
ckpt_4700.pt,4,480,0.61163330078125,0.11356637626886368,0.5126047134399414,"180,186,100,46,43","123,28,63,76,170",4:434:2|4:632:2|4:726:2
ckpt_4700.pt,4,481,0.5049905776977539,0.08204331248998642,0.42391589283943176,"8,99,98,185,189","205,89,8,165,151",4:510:2|4:9:1|4:10:1
ckpt_4700.pt,4,482,0.4867111146450043,0.0857955813407898,0.433674693107605,"236,151,141,231,1","92,35,210,68,135",4:50:2|4:83:2|4:437:2
ckpt_4700.pt,4,483,0.5328505039215088,0.10025480389595032,0.47156476974487305,"147,99,97,24,161","38,75,116,206,8",4:946:2|4:0:1|4:1:1
ckpt_4700.pt,4,484,0.5303589105606079,0.10798441618680954,0.4470038414001465,"70,140,244,247,11","255,204,69,45,178",4:352:2|4:410:2|4:447:2
ckpt_4700.pt,4,485,0.5546870231628418,0.0880616158246994,0.44720372557640076,"42,135,2,22,215","218,12,53,139,199",4:735:2|4:11:1|4:16:1
ckpt_4700.pt,4,486,0.5884345769882202,0.1158163994550705,0.4881996512413025,"131,198,99,1,30","14,69,13,125,227",4:635:2|4:704:2|4:758:2
ckpt_4700.pt,4,487,0.5896719098091125,0.13202206790447235,0.5107488632202148,"12,211,100,79,217","25,171,131,28,124",4:316:3|4:93:2|4:164:2
ckpt_4700.pt,4,488,0.5787132978439331,0.12538233399391174,0.4804048538208008,"167,3,224,153,227","185,141,90,18,154",4:179:2|4:868:2|4:940:2
ckpt_4700.pt,4,489,0.5423861145973206,0.08678507059812546,0.4565390944480896,"135,197,209,26,194","158,79,15,154,21",4:277:2|4:411:2|4:2:1
ckpt_4700.pt,4,490,0.603508710861206,0.09912082552909851,0.4877603054046631,"121,90,91,214,167","55,118,221,216,37",4:333:2|4:838:2|4:11:1
ckpt_4700.pt,4,491,0.6120283007621765,0.1337987780570984,0.5078524351119995,"231,179,132,191,77","194,202,60,66,14",4:33:2|4:236:2|4:801:2
ckpt_4700.pt,4,492,0.5673693418502808,0.11260494589805603,0.5164652466773987,"220,133,109,222,24","251,15,61,8,206",4:119:2|4:305:2|4:705:2
ckpt_4700.pt,4,493,0.5633116960525513,0.10232118517160416,0.5074662566184998,"67,252,226,179,150","139,243,220,187,88",4:101:2|4:233:2|4:601:2
ckpt_4700.pt,4,494,0.6322638392448425,0.12748023867607117,0.5204271674156189,"191,1,139,209,236","107,131,240,141,156",4:50:2|4:471:2|4:482:2
ckpt_4700.pt,4,495,0.6159701943397522,0.12368790805339813,0.5333255529403687,"107,33,88,57,148","143,138,149,170,137",4:31:2|4:15:1|4:26:1
ckpt_4700.pt,4,496,0.5145682096481323,0.09637560695409775,0.43256524205207825,"137,135,5,202,20","219,134,105,232,213",4:40:2|4:67:2|4:411:2
ckpt_4700.pt,4,497,0.6163260340690613,0.1465747207403183,0.5194646716117859,"28,20,207,246,105","28,142,44,177,87",4:27:2|4:51:2|4:77:2
ckpt_4700.pt,4,498,0.5299595594406128,0.1366419941186905,0.4502270519733429,"57,29,71,128,177","154,119,132,94,2",4:192:2|4:5:1|4:15:1
ckpt_4700.pt,4,499,0.5947994589805603,0.10744931548833847,0.4992562234401703,"225,172,145,156,235","233,194,235,61,157",4:355:2|4:899:2|4:1001:2
ckpt_4700.pt,4,500,0.5490031242370605,0.10571072995662689,0.4714951515197754,"199,143,245,159,169","136,237,2,35,69",4:230:2|4:771:2|4:948:2
ckpt_4700.pt,4,501,0.5530620813369751,0.14981111884117126,0.46229439973831177,"179,89,60,255,50","242,96,82,154,245",4:687:2|4:14:1|4:18:1
ckpt_4700.pt,4,502,0.48967915773391724,0.09882321953773499,0.39603927731513977,"179,245,167,154,86","45,82,104,224,200",4:239:2|4:302:2|4:508:2
ckpt_4700.pt,4,503,0.5814922451972961,0.09046903997659683,0.48042723536491394,"50,112,78,212,120","167,32,116,232,47",4:1:1|4:12:1|4:16:1
ckpt_4700.pt,4,504,0.5516258478164673,0.10117463767528534,0.4649474024772644,"143,219,103,79,146","249,135,69,155,99",4:557:2|4:739:2|4:860:2
ckpt_4700.pt,4,505,0.5754300355911255,0.12008202075958252,0.4573938548564911,"14,2,237,99,186","43,206,226,251,9",4:312:2|4:349:2|4:435:2
ckpt_4700.pt,4,506,0.5437512397766113,0.10311892628669739,0.4642031490802765,"89,185,17,188,43","194,99,128,7,3",4:367:2|4:715:2|4:19:1
ckpt_4700.pt,4,507,0.5432182550430298,0.097753144800663,0.43860477209091187,"140,173,97,15,204","48,76,219,206,182",4:59:2|4:88:2|4:193:2
ckpt_4700.pt,4,508,0.5723762512207031,0.10192686319351196,0.4809892475605011,"167,182,67,245,15","236,12,45,156,127",4:216:2|4:502:2|4:839:2
ckpt_4700.pt,4,509,0.609079897403717,0.10630352795124054,0.49182838201522827,"40,77,134,85,174","121,143,248,235,128",4:264:2|4:863:2|4:988:2
ckpt_4700.pt,4,510,0.5690068602561951,0.10167809575796127,0.4892529845237732,"165,8,185,142,90","146,255,59,123,168",4:481:2|4:1:1|4:19:1
ckpt_4700.pt,4,511,0.5756818652153015,0.10039158910512924,0.485233873128891,"210,107,134,162,153","29,164,63,12,170",4:319:2|4:14:1|4:16:1
ckpt_4700.pt,4,512,0.6114459037780762,0.12209689617156982,0.5636113882064819,"109,159,22,3,193","1,248,77,112,78",4:74:2|4:92:2|4:11:1
ckpt_4700.pt,4,513,0.5442654490470886,0.09217547625303268,0.46326518058776855,"224,113,210,15,163","236,134,105,234,0",4:325:2|4:851:2|4:920:2
ckpt_4700.pt,4,514,0.5969107747077942,0.11358129233121872,0.5212163925170898,"66,115,93,233,15","134,174,201,61,96",4:370:2|4:623:2|4:3:1
ckpt_4700.pt,4,515,0.5546734929084778,0.10590934753417969,0.477211058139801,"255,23,133,188,121","124,47,201,70,156",4:66:2|4:367:2|4:427:2
ckpt_4700.pt,4,516,0.5853078961372375,0.08929994702339172,0.48513975739479065,"216,12,2,105,0","247,182,148,249,107",4:539:2|4:956:2|4:6:1
ckpt_4700.pt,4,517,0.5726554989814758,0.09326829761266708,0.45383837819099426,"212,185,44,40,108","180,247,168,234,160",4:365:2|4:879:2|4:897:2
ckpt_4700.pt,4,518,0.5858386158943176,0.11003712564706802,0.4715366065502167,"20,61,219,191,211","71,124,111,178,6",4:80:2|4:462:2|4:474:2
ckpt_4700.pt,4,519,0.4826936721801758,0.09112253785133362,0.42019930481910706,"25,175,69,59,81","171,123,53,65,19",4:574:2|4:753:2|4:846:2
ckpt_4700.pt,4,520,0.5553421974182129,0.09715310484170914,0.49975213408470154,"182,114,27,118,173","175,82,50,48,195",4:82:2|4:224:2|4:415:2
ckpt_4700.pt,4,521,0.5372500419616699,0.09563123434782028,0.48182976245880127,"156,41,91,162,67","169,153,88,230,20",4:204:2|4:416:2|4:577:2
ckpt_4700.pt,4,522,0.5365235805511475,0.08844608068466187,0.445090115070343,"233,177,243,56,49","143,97,185,86,168",4:162:2|4:181:2|4:182:2
ckpt_4700.pt,4,523,0.5041831135749817,0.09317108988761902,0.4137662649154663,"47,161,196,245,120","85,133,42,165,169",4:164:2|4:386:2|4:422:2
ckpt_4700.pt,4,524,0.544581949710846,0.10566746443510056,0.4614589810371399,"19,117,24,234,210","176,186,254,30,145",4:17:2|4:325:2|4:634:2
ckpt_4700.pt,4,525,0.6335877776145935,0.1288689374923706,0.5152875781059265,"215,52,194,4,69","93,222,171,179,13",4:134:2|4:277:2|4:428:2
ckpt_4700.pt,4,526,0.6000992655754089,0.09815909713506699,0.473597913980484,"140,181,151,42,50","25,113,3,120,215",4:322:2|4:754:2|4:947:2
ckpt_4700.pt,4,527,0.5338279604911804,0.10627417266368866,0.4517032206058502,"46,70,245,255,178","155,162,24,105,239",4:373:2|4:905:2|4:6:1
ckpt_4700.pt,4,528,0.5703909993171692,0.10849500447511673,0.4605196714401245,"156,200,17,214,148","148,167,184,17,165",4:222:2|4:619:2|4:992:2
ckpt_4700.pt,4,529,0.5679775476455688,0.1349213570356369,0.4703008830547333,"162,174,7,170,147","205,204,13,117,238",4:17:1|4:27:1|4:31:1
ckpt_4700.pt,4,530,0.5416836738586426,0.09888891875743866,0.45975545048713684,"227,32,18,91,88","177,55,170,194,143",4:8:2|4:564:2|4:620:2
ckpt_4700.pt,4,531,0.5737013816833496,0.09837465733289719,0.5073680281639099,"102,250,17,47,62","123,26,167,228,179",4:15:2|4:665:2|4:43:1
ckpt_4700.pt,4,532,0.6643128991127014,0.11688180267810822,0.5405976176261902,"40,22,210,191,49","244,182,54,197,13",4:8:2|4:741:2|4:11:1
ckpt_4700.pt,4,533,0.5152904987335205,0.10108096152544022,0.4890875816345215,"78,168,244,118,191","130,40,98,56,24",4:135:2|4:618:2|4:832:2
ckpt_4700.pt,4,534,0.6537858843803406,0.11715471744537354,0.5083262920379639,"179,172,163,10,185","141,217,45,27,5",4:725:3|4:276:2|4:367:2
ckpt_4700.pt,4,535,0.5530659556388855,0.11473018676042557,0.460735559463501,"254,105,62,147,219","231,38,159,165,230",4:235:2|4:714:2|4:724:2
ckpt_4700.pt,4,536,0.5722055435180664,0.10235292464494705,0.47999462485313416,"20,16,126,89,111","182,1,25,6,214",4:51:2|4:707:2|4:0:1
ckpt_4700.pt,4,537,0.5819680094718933,0.13360317051410675,0.4560064971446991,"206,251,66,124,145","80,180,139,211,17",4:607:2|4:19:1|4:25:1
ckpt_4700.pt,4,538,0.6210510730743408,0.1123862937092781,0.5296899080276489,"187,248,221,54,46","210,209,172,231,7",4:364:2|4:734:2|4:938:2
ckpt_4700.pt,4,539,0.6173374056816101,0.09218574315309525,0.49855509400367737,"216,12,126,83,113","254,7,205,192,135",4:516:2|4:779:2|4:865:2
ckpt_4700.pt,4,540,0.559752345085144,0.10883595049381256,0.46586912870407104,"180,97,225,154,78","207,226,149,72,199",4:291:2|4:827:2|4:847:2
ckpt_4700.pt,4,541,0.5547268986701965,0.10727722197771072,0.4760347008705139,"221,234,53,69,159","69,200,17,49,8",4:272:2|4:428:2|4:3:1
ckpt_4700.pt,4,542,0.6382244825363159,0.14071519672870636,0.5022789835929871,"102,115,90,243,186","124,93,195,98,200",4:609:2|4:686:2|4:720:2
ckpt_4700.pt,4,543,0.5802048444747925,0.1095631942152977,0.4845826029777527,"71,215,161,123,118","157,27,46,94,178",4:425:2|4:735:2|4:1:1
ckpt_4700.pt,4,544,0.5379799008369446,0.11649082601070404,0.4426023066043854,"248,49,236,3,151","132,194,46,52,74",4:144:2|4:364:2|4:482:2
ckpt_4700.pt,4,545,0.6080377101898193,0.11273757368326187,0.4959317445755005,"168,224,79,235,194","169,190,194,188,232",4:309:2|4:777:2|4:2:1
ckpt_4700.pt,4,546,0.5315535068511963,0.09748156368732452,0.44893744587898254,"219,109,249,243,158","216,15,1,248,226",4:124:2|4:209:2|4:589:2
ckpt_4700.pt,4,547,0.5674293637275696,0.10804599523544312,0.46674099564552307,"140,182,206,5,224","195,69,201,199,36",4:179:2|4:329:2|4:385:2
ckpt_4700.pt,4,548,0.6256235241889954,0.1130557656288147,0.50672847032547,"216,156,165,57,76","172,87,222,131,30",4:97:2|4:464:2|4:476:2
ckpt_4700.pt,4,549,0.6362645626068115,0.1256932020187378,0.5437694191932678,"164,50,62,148,95","94,87,230,232,253",4:412:2|4:910:2|4:1023:2
ckpt_4700.pt,4,550,0.5481922030448914,0.12068846076726913,0.4605979025363922,"77,24,48,167,157","142,3,194,190,235",4:22:2|4:195:2|4:8:1
ckpt_4700.pt,4,551,0.5604609251022339,0.1277679204940796,0.517498254776001,"216,90,48,45,106","31,242,158,100,43",4:350:2|4:578:2|4:644:2
ckpt_4700.pt,4,552,0.618131160736084,0.10771561414003372,0.5284942984580994,"16,147,107,102,120","188,39,175,105,121",4:183:2|4:15:1|4:27:1
ckpt_4700.pt,4,553,0.5836682319641113,0.0981750562787056,0.5107279419898987,"157,248,112,14,18","252,26,118,125,30",4:54:2|4:91:2|4:184:2
ckpt_4700.pt,4,554,0.5845693945884705,0.10097580403089523,0.4986426830291748,"10,248,143,124,180","57,137,58,169,178",4:52:2|4:170:2|4:611:2
ckpt_4700.pt,4,555,0.6176639795303345,0.12672202289104462,0.5024747252464294,"153,120,186,6,80","196,164,61,86,255",4:418:2|4:784:2|4:34:1
ckpt_4700.pt,4,556,0.563356339931488,0.1039724126458168,0.47492703795433044,"138,102,28,134,139","128,42,114,229,156",4:176:2|4:871:2|4:9:1
ckpt_4700.pt,4,557,0.6377996206283569,0.12381882965564728,0.511958658695221,"106,143,103,223,94","225,71,34,171,91",4:36:2|4:396:2|4:504:2
ckpt_4700.pt,4,558,0.6341437697410583,0.09951583296060562,0.5130771398544312,"205,22,28,83,55","203,200,176,79,23",4:209:2|4:11:1|4:34:1
ckpt_4700.pt,4,559,0.5865004062652588,0.09722787886857986,0.4796566665172577,"210,229,238,195,255","5,189,86,204,164",4:14:2|4:417:2|4:911:2
ckpt_4700.pt,4,560,0.6188669204711914,0.13036395609378815,0.4921577572822571,"242,225,163,177,173","135,150,134,49,240",4:163:2|4:177:2|4:591:2
ckpt_4700.pt,4,561,0.5304414629936218,0.099364273250103,0.4781145453453064,"252,33,237,34,184","50,201,94,54,247",4:233:2|4:278:2|4:440:2
ckpt_4700.pt,4,562,0.6266652345657349,0.121006540954113,0.5031469464302063,"159,99,212,15,236","67,218,251,110,254",4:285:2|4:389:2|4:792:2
ckpt_4700.pt,4,563,0.5053715109825134,0.09437768161296844,0.4479401111602783,"18,252,135,101,99","253,205,179,175,88",4:101:2|4:233:2|4:804:2
ckpt_4700.pt,4,564,0.5814167857170105,0.10196162015199661,0.49056193232536316,"227,245,91,220,118","19,235,99,179,199",4:235:2|4:530:2|4:683:2
ckpt_4700.pt,4,565,0.529110848903656,0.10563335567712784,0.4391213655471802,"155,16,44,59,173","183,144,15,221,145",4:583:2|4:15:1|4:35:1
ckpt_4700.pt,4,566,0.5486657023429871,0.10715551674365997,0.48371583223342896,"81,198,42,35,154","137,107,112,243,182",4:414:2|4:478:2|4:919:2
ckpt_4700.pt,4,567,0.5619295835494995,0.10675716400146484,0.46653860807418823,"144,128,216,145,191","169,231,85,146,103",4:99:2|4:301:2|4:471:2
ckpt_4700.pt,4,568,0.6089821457862854,0.1254187971353531,0.5257172584533691,"62,209,122,136,151","240,5,220,28,156",4:384:2|4:610:2|4:91:1
ckpt_4700.pt,4,569,0.5776931643486023,0.10795063525438309,0.4884475767612457,"76,31,183,41,105","144,226,181,134,7",4:23:2|4:202:2|4:394:2
ckpt_4700.pt,4,570,0.5534114241600037,0.10087268799543381,0.4766899049282074,"7,69,154,32,39","128,38,226,210,161",4:185:2|4:290:2|4:395:2
ckpt_4700.pt,4,571,0.5530811548233032,0.10320254415273666,0.4904009997844696,"87,9,207,50,174","253,221,203,3,219",4:13:1|4:27:1|4:29:1
ckpt_4700.pt,4,572,0.5902438759803772,0.10491903126239777,0.46454936265945435,"59,208,1,4,230","188,62,4,41,178",4:50:2|4:649:2|4:661:2
ckpt_4700.pt,4,573,0.5632138252258301,0.09934906661510468,0.5098052620887756,"238,135,162,5,117","123,28,140,117,19",4:151:2|4:496:2|4:668:2
ckpt_4700.pt,4,574,0.5399171113967896,0.09735924005508423,0.44811633229255676,"91,230,254,81,175","44,79,73,48,224",4:114:2|4:193:2|4:360:2
ckpt_4700.pt,4,575,0.5719412565231323,0.1180240735411644,0.45011383295059204,"104,86,231,136,4","244,140,180,12,136",4:39:2|4:260:2|4:711:2
ckpt_4700.pt,4,576,0.5626298189163208,0.10470225661993027,0.4485938251018524,"241,165,26,205,242","11,64,82,123,255",4:363:2|4:946:2|4:1:1
ckpt_4700.pt,4,577,0.5810191631317139,0.1078961044549942,0.464265376329422,"162,103,109,42,41","224,123,255,28,155",4:521:2|4:793:2|4:10:1
ckpt_4700.pt,4,578,0.5787522792816162,0.10395847260951996,0.4920288026332855,"36,253,37,90,216","21,88,28,201,233",4:22:2|4:303:2|4:551:2
ckpt_4700.pt,4,579,0.5875073075294495,0.09871658682823181,0.4937524199485779,"63,165,23,129,229","76,95,160,136,210",4:417:2|4:664:2|4:818:2
ckpt_4700.pt,4,580,0.5826348662376404,0.12204978615045547,0.48202723264694214,"133,79,29,9,5","1,139,167,225,126",4:972:3|4:13:2|4:283:2
ckpt_4700.pt,4,581,0.6067331433296204,0.11572103202342987,0.5119036436080933,"99,116,120,235,86","52,152,89,231,24",4:166:2|4:598:2|4:615:2
ckpt_4700.pt,4,582,0.5472933650016785,0.0903080478310585,0.46807926893234253,"15,137,173,123,55","30,124,80,72,187",4:507:2|4:15:1|4:32:1
ckpt_4700.pt,4,583,0.5835356712341309,0.10967373102903366,0.5082576274871826,"24,171,30,16,173","239,171,237,218,228",4:309:2|4:565:2|4:896:2
ckpt_4700.pt,4,584,0.6392489671707153,0.1292908936738968,0.5174081921577454,"196,243,47,121,6","226,16,138,186,219",4:34:2|4:164:2|4:406:2
ckpt_4700.pt,4,585,0.6111285090446472,0.1245129331946373,0.5212735533714294,"232,182,52,244,150","113,90,164,149,61",4:174:2|4:645:2|4:742:2
ckpt_4700.pt,4,586,0.5246644616127014,0.11371748894453049,0.4391925036907196,"111,213,222,217,206","57,196,194,46,127",4:268:2|4:653:2|4:689:2
ckpt_4700.pt,4,587,0.5438668131828308,0.10136453807353973,0.458993524312973,"21,160,159,231,167","110,220,89,23,133",4:65:2|4:216:2|4:6:1
ckpt_4700.pt,4,588,0.5439151525497437,0.0932246744632721,0.44173797965049744,"43,10,182,253,127","235,16,23,52,69",4:376:2|4:385:2|4:16:1
ckpt_4700.pt,4,589,0.5822404623031616,0.09809528291225433,0.4632520079612732,"207,32,219,158,242","80,227,170,36,180",4:821:3|4:546:2|4:888:2
ckpt_4700.pt,4,590,0.6127801537513733,0.10790181905031204,0.5009072422981262,"147,65,25,122,60","104,150,201,56,23",4:456:2|4:779:2|4:0:1
ckpt_4700.pt,4,591,0.5426160097122192,0.10949505865573883,0.47300148010253906,"163,119,242,66,12","149,164,102,103,188",4:90:2|4:177:2|4:560:2
ckpt_4700.pt,4,592,0.5390812158584595,0.09496276825666428,0.4656503200531006,"227,51,230,89,38","234,66,224,79,98",4:687:2|4:703:2|4:708:2
ckpt_4700.pt,4,593,0.5029222965240479,0.08383473753929138,0.40957626700401306,"5,123,128,170,106","133,215,95,193,158",4:136:2|4:157:2|4:283:2
ckpt_4700.pt,4,594,0.5599552989006042,0.09309300035238266,0.43302083015441895,"37,76,85,243,185","23,5,68,71,125",4:5:2|4:53:2|4:264:2
ckpt_4700.pt,4,595,0.5834646821022034,0.10703670233488083,0.478268027305603,"47,99,51,182,105","167,67,89,4,129",4:113:2|4:349:2|4:598:2
ckpt_4700.pt,4,596,0.5448377728462219,0.09098267555236816,0.4329584538936615,"57,39,126,46,191","48,231,61,138,34",4:476:2|4:3:1|4:15:1
ckpt_4700.pt,4,597,0.6013612747192383,0.11371033638715744,0.5116647481918335,"98,84,40,165,151","89,155,11,219,77",4:162:2|4:456:2|4:634:2
ckpt_4700.pt,4,598,0.5647457242012024,0.09797518700361252,0.49614447355270386,"86,105,117,99,126","56,148,133,154,44",4:51:2|4:249:2|4:285:2
ckpt_4700.pt,4,599,0.5406844019889832,0.10363501310348511,0.4417078495025635,"56,65,241,134,249","99,56,44,20,205",4:408:2|4:429:2|4:0:1
ckpt_4700.pt,4,600,0.6338762640953064,0.14498618245124817,0.5050877928733826,"40,218,184,228,127","121,220,54,240,63",4:7:1|4:8:1|4:13:1
ckpt_4700.pt,4,601,0.5534914135932922,0.11259579658508301,0.47275981307029724,"179,106,5,252,202","71,33,104,122,5",4:157:2|4:233:2|4:283:2
ckpt_4700.pt,4,602,0.5548363327980042,0.09355515986680984,0.4925974905490875,"7,30,37,93,100","138,206,155,42,61",4:73:2|4:5:1|4:22:1
ckpt_4700.pt,4,603,0.5447455048561096,0.11388228088617325,0.4551160931587219,"45,33,43,80,230","220,222,84,137,83",4:295:2|4:828:2|4:1013:2
ckpt_4700.pt,4,604,0.5449111461639404,0.12776139378547668,0.451095849275589,"89,248,237,62,210","24,87,20,68,28",4:91:2|4:703:2|4:755:2
ckpt_4700.pt,4,605,0.5639797449111938,0.09021300077438354,0.4953635334968567,"0,7,248,200,153","193,232,75,25,66",4:335:2|4:789:2|4:0:1
ckpt_4700.pt,4,606,0.6020153760910034,0.1152382344007492,0.516570508480072,"219,245,200,237,101","194,49,199,210,249",4:235:2|4:451:2|4:470:2
ckpt_4700.pt,4,607,0.6264378428459167,0.10896505415439606,0.5390684008598328,"110,187,206,83,124","141,56,27,214,222",4:537:2|4:1:1|4:4:1
ckpt_4700.pt,4,608,0.5541733503341675,0.10152851045131683,0.4913609027862549,"191,3,190,90,23","184,127,114,30,82",4:393:2|4:2:1|4:33:1
ckpt_4700.pt,4,609,0.5703644156455994,0.09942419826984406,0.4791679084300995,"243,186,219,95,42","6,206,150,179,190",4:274:2|4:542:2|4:546:2
ckpt_4700.pt,4,610,0.5190378427505493,0.11167740821838379,0.4399915337562561,"85,182,151,136,142","223,204,243,228,213",4:125:2|4:568:2|4:967:2
ckpt_4700.pt,4,611,0.49749240279197693,0.12447042763233185,0.41780930757522583,"248,100,143,183,171","214,16,32,180,20",4:9:2|4:190:2|4:221:2
ckpt_4700.pt,4,612,0.6282515525817871,0.11784236878156662,0.5280300974845886,"199,152,13,113,200","215,13,66,176,151",4:24:2|4:4:1|4:11:1
ckpt_4700.pt,4,613,0.49988889694213867,0.09097982197999954,0.44143617153167725,"253,186,101,232,96","254,6,27,175,31",4:174:2|4:280:2|4:361:2
ckpt_4700.pt,4,614,0.48553210496902466,0.07859726995229721,0.43023988604545593,"6,228,106,200,150","234,34,161,10,109",4:751:3|4:729:2|4:10:1
ckpt_4700.pt,4,615,0.5046883225440979,0.09907960891723633,0.4278610646724701,"120,196,60,235,154","105,152,182,217,33",4:422:2|4:523:2|4:581:2
ckpt_4700.pt,4,616,0.506971001625061,0.11088307201862335,0.42881542444229126,"52,196,169,188,92","180,25,175,240,124",4:368:2|4:982:2|4:19:1
ckpt_4700.pt,4,617,0.5695528984069824,0.11148461699485779,0.48393332958221436,"102,132,123,86,172","54,83,181,144,187",4:55:2|4:725:2|4:15:1
ckpt_4700.pt,4,618,0.6345550417900085,0.11091378331184387,0.5281268358230591,"244,168,83,179,199","21,202,203,84,97",4:533:2|4:832:2|4:18:1
ckpt_4700.pt,4,619,0.509131133556366,0.09115634113550186,0.45540210604667664,"18,5,251,148,17","180,97,216,200,121",4:157:2|4:226:2|4:528:2
ckpt_4700.pt,4,620,0.5527530908584595,0.10379830747842789,0.48189395666122437,"46,17,91,223,32","115,209,111,194,75",4:530:2|4:30:1|4:36:1
ckpt_4700.pt,4,621,0.5039120316505432,0.13490477204322815,0.4150520861148834,"188,183,147,73,119","246,147,199,210,75",4:66:2|4:779:2|4:836:2
ckpt_4700.pt,4,622,0.544668436050415,0.10285632312297821,0.4702271521091461,"229,220,184,120,156","22,167,90,178,139",4:378:2|4:631:2|4:678:2
ckpt_4700.pt,4,623,0.48125728964805603,0.09224801510572433,0.41031330823898315,"109,77,115,233,144","142,99,244,123,20",4:266:2|4:404:2|4:514:2
ckpt_4700.pt,4,624,0.6013755202293396,0.13669440150260925,0.4682590961456299,"6,121,104,18,229","186,254,79,26,42",4:173:2|4:584:2|4:743:2
ckpt_4700.pt,4,625,0.6199079751968384,0.13872991502285004,0.5014824271202087,"120,138,227,146,235","232,42,10,242,103",4:581:2|4:615:2|4:990:2
ckpt_4700.pt,4,626,0.4661863148212433,0.0748773068189621,0.411812961101532,"15,145,134,222,72","232,244,94,107,9",4:18:1|4:20:1|4:25:1
ckpt_4700.pt,4,627,0.601634681224823,0.10828185081481934,0.49594369530677795,"156,185,29,67,129","229,167,0,52,209",4:416:2|4:521:2|4:631:2
ckpt_4700.pt,4,628,0.5986859798431396,0.11138541996479034,0.48149374127388,"6,231,112,118,83","117,19,12,57,49",4:33:2|4:294:2|4:683:2
ckpt_4700.pt,4,629,0.5689479112625122,0.09988397359848022,0.4703802764415741,"63,29,50,166,130","148,198,48,228,107",4:380:2|4:710:2|4:1012:2
ckpt_4700.pt,4,630,0.5382526516914368,0.1020132526755333,0.44501346349716187,"115,224,26,213,138","56,68,214,191,139",4:277:2|4:296:2|4:3:1
ckpt_4700.pt,4,631,0.5856044292449951,0.10935799777507782,0.47589388489723206,"216,29,132,156,184","232,7,53,216,230",4:158:2|4:444:2|4:469:2
ckpt_4700.pt,4,632,0.5661845207214355,0.1206139549612999,0.4741913080215454,"147,32,180,63,186","160,249,75,205,195",4:480:2|4:27:1|4:31:1
ckpt_4700.pt,4,633,0.4929429888725281,0.08582645654678345,0.4507228136062622,"86,223,248,160,213","96,123,4,29,9",4:137:2|4:397:2|4:673:2
ckpt_4700.pt,4,634,0.5175507664680481,0.11108024418354034,0.4577232003211975,"165,210,151,115,24","252,17,203,51,181",4:685:3|4:524:2|4:597:2
ckpt_4700.pt,4,635,0.5564101934432983,0.09452170133590698,0.42646217346191406,"200,211,131,164,30","229,227,247,23,202",4:80:2|4:467:2|4:486:2
ckpt_4700.pt,4,636,0.5378966927528381,0.09484579414129257,0.4630901515483856,"160,198,252,147,70","22,31,90,234,226",4:6:2|4:101:2|4:126:2
ckpt_4700.pt,4,637,0.567857563495636,0.09815473854541779,0.45606178045272827,"160,125,168,247,61","231,107,23,241,188",4:101:2|4:766:2|4:824:2
ckpt_4700.pt,4,638,0.5699722170829773,0.08440569043159485,0.49851900339126587,"154,212,160,45,28","177,63,159,232,120",4:833:2|4:835:2|4:6:1
ckpt_4700.pt,4,639,0.5225392580032349,0.11402743309736252,0.4566754698753357,"10,223,246,31,245","189,132,13,81,166",4:49:2|4:396:2|4:730:2
ckpt_4700.pt,4,640,0.6058256030082703,0.10382227599620819,0.5000318288803101,"55,34,61,23,58","148,182,11,231,23",4:59:2|4:269:2|4:840:2
ckpt_4700.pt,4,641,0.5413859486579895,0.09277596324682236,0.4676460921764374,"141,45,131,164,14","222,54,197,144,126",4:112:2|4:635:2|4:760:2
ckpt_4700.pt,4,642,0.5208759903907776,0.11616360396146774,0.4287095069885254,"123,223,7,5,83","29,222,145,164,115",4:136:2|4:593:2|4:789:2
ckpt_4700.pt,4,643,0.6048300266265869,0.11664053052663803,0.48864248394966125,"84,40,114,54,223","172,169,98,15,232",4:456:2|4:597:2|4:813:2
ckpt_4700.pt,4,644,0.5393138527870178,0.10896758735179901,0.4590093791484833,"21,90,48,255,78","39,85,78,174,76",4:335:2|4:373:2|4:551:2
ckpt_4700.pt,4,645,0.5353179574012756,0.1205618605017662,0.4360887110233307,"105,235,150,244,72","35,105,172,112,9",4:23:2|4:585:2|4:883:2
ckpt_4700.pt,4,646,0.4865904152393341,0.09712701290845871,0.43644994497299194,"167,186,29,198,92","231,198,204,111,212",4:357:2|4:797:2|4:4:1
ckpt_4700.pt,4,647,0.5403953790664673,0.1152627244591713,0.458530068397522,"37,106,9,77,117","91,250,169,54,47",4:283:2|4:330:2|4:5:1
ckpt_4700.pt,4,648,0.5599133372306824,0.11719391494989395,0.4531360864639282,"72,131,224,49,38","4,231,53,110,184",4:72:2|4:182:2|4:796:2
ckpt_4700.pt,4,649,0.5333040952682495,0.10415901243686676,0.4398004710674286,"13,4,237,191,208","159,143,15,10,212",4:145:2|4:334:2|4:470:2
ckpt_4700.pt,4,650,0.5619997978210449,0.11324199289083481,0.45176029205322266,"235,66,28,178,246","147,168,159,86,33",4:387:2|4:497:2|4:898:2
ckpt_4700.pt,4,651,0.6190457940101624,0.1582753211259842,0.5078360438346863,"207,110,78,131,179","5,125,90,236,72",4:1:1|4:4:1|4:12:1
ckpt_4700.pt,4,652,0.6384133696556091,0.11480185389518738,0.5286079049110413,"213,210,80,168,16","171,62,89,206,82",4:98:2|4:103:2|4:326:2
ckpt_4700.pt,4,653,0.5243149995803833,0.11129345744848251,0.450314998626709,"174,218,222,75,213","55,246,243,233,75",4:87:2|4:586:2|4:13:1
ckpt_4700.pt,4,654,0.6170414090156555,0.12096915394067764,0.5509289503097534,"195,104,25,152,248","104,192,182,21,227",4:2:2|4:147:2|4:820:2
ckpt_4700.pt,4,655,0.5403625965118408,0.11425627768039703,0.46739083528518677,"204,19,171,230,231","74,175,86,198,238",4:9:1|4:33:1|4:39:1
ckpt_4700.pt,4,656,0.6151461601257324,0.12323249876499176,0.4988813102245331,"50,105,43,213,149","194,135,167,199,220",4:332:2|4:343:2|4:828:2
ckpt_4700.pt,4,657,0.5141465663909912,0.11037063598632812,0.421911358833313,"214,10,139,171,22","179,12,130,192,180",4:9:2|4:11:2|4:63:2
ckpt_4700.pt,4,658,0.636944591999054,0.12048278003931046,0.5295094847679138,"194,52,161,146,164","57,217,60,166,179",4:48:2|4:277:2|4:525:2
ckpt_4700.pt,4,659,0.5741512775421143,0.11514126509428024,0.4938583970069885,"248,240,100,125,44","115,249,104,45,29",4:190:2|4:611:2|4:982:2
ckpt_4700.pt,4,660,0.48511186242103577,0.11350882053375244,0.42369192838668823,"48,53,39,152,226","228,48,196,91,44",4:404:2|4:436:2|4:733:2
ckpt_4700.pt,4,661,0.5857225060462952,0.13486506044864655,0.4606146812438965,"26,254,230,1,114","150,58,201,234,254",4:94:2|4:143:2|4:572:2
ckpt_4700.pt,4,662,0.5398737192153931,0.09567734599113464,0.4631877839565277,"174,202,156,161,124","146,143,96,230,205",4:1:1|4:18:1|4:19:1
ckpt_4700.pt,4,663,0.549401581287384,0.08595208823680878,0.4475400745868683,"24,252,95,142,14","96,252,186,157,219",4:30:2|4:878:2|4:7:1
ckpt_4700.pt,4,664,0.5663934350013733,0.10541120916604996,0.4735265374183655,"52,229,225,89,63","85,215,84,61,111",4:102:2|4:380:2|4:579:2
ckpt_4700.pt,4,665,0.6115732192993164,0.09915916621685028,0.4978281557559967,"118,171,122,17,250","87,240,14,233,169",4:531:2|4:923:2|4:992:2
ckpt_4700.pt,4,666,0.5813382863998413,0.10710426419973373,0.5021701455116272,"227,223,11,107,116","130,48,166,192,227",4:781:2|4:962:2|4:8:1
ckpt_4700.pt,4,667,0.5976495742797852,0.11471514403820038,0.4923127591609955,"248,63,17,3,75","244,250,220,219,89",4:144:2|4:544:2|4:0:1
ckpt_4700.pt,4,668,0.5299419164657593,0.08088665455579758,0.48086249828338623,"238,135,169,103,45","217,119,253,244,247",4:151:2|4:573:2|4:912:2
ckpt_4700.pt,4,669,0.5769094228744507,0.10687033087015152,0.47399282455444336,"234,171,163,199,114","136,128,30,105,243",4:750:2|4:764:2|4:3:1
ckpt_4700.pt,4,670,0.597249448299408,0.12799008190631866,0.49141672253608704,"231,128,131,202,210","201,170,216,62,189",4:313:2|4:14:1|4:16:1
ckpt_4700.pt,4,671,0.6816492676734924,0.11391390115022659,0.5074229836463928,"142,91,202,19,68","207,20,194,206,222",4:402:2|4:57:1|4:74:1
ckpt_4700.pt,4,672,0.49625757336616516,0.08848995715379715,0.41082054376602173,"18,175,194,153,191","253,192,194,180,49",4:114:2|4:129:2|4:274:2
ckpt_4700.pt,4,673,0.5663817524909973,0.1257450133562088,0.49280473589897156,"163,52,170,248,86","73,243,97,89,46",4:219:2|4:633:2|4:703:2
ckpt_4700.pt,4,674,0.5525814294815063,0.0903577208518982,0.4628506600856781,"249,186,255,15,51","163,11,249,155,42",4:14:1|4:37:1|4:41:1
ckpt_4700.pt,4,675,0.6187866926193237,0.1210063025355339,0.5435807108879089,"45,73,247,236,74","104,204,167,88,161",4:20:2|4:903:2|4:3:1
ckpt_4700.pt,4,676,0.5974196195602417,0.11280375719070435,0.5154803395271301,"201,110,173,203,182","1,107,215,165,147",4:82:2|4:520:2|4:4:1
ckpt_4700.pt,4,677,0.5893259644508362,0.10403258353471756,0.4816800653934479,"80,226,103,223,61","139,218,27,227,104",4:36:2|4:84:2|4:131:2
ckpt_4700.pt,4,678,0.575330913066864,0.10694844275712967,0.46108153462409973,"14,120,220,239,98","192,229,90,86,212",4:99:2|4:162:2|4:622:2
ckpt_4700.pt,4,679,0.5667080283164978,0.13710251450538635,0.46808138489723206,"166,209,95,181,82","230,141,39,27,188",4:136:2|4:141:2|4:179:2
ckpt_4700.pt,4,680,0.5499563217163086,0.11818718165159225,0.4685727655887604,"240,147,231,193,31","219,3,17,122,254",4:0:1|4:27:1|4:28:1
ckpt_4700.pt,4,681,0.5517364740371704,0.10538692027330399,0.4352327883243561,"221,216,215,115,119","84,118,181,219,216",4:60:2|4:66:2|4:177:2
ckpt_4700.pt,4,682,0.49962854385375977,0.10236722230911255,0.4337034821510315,"83,180,39,183,245","91,194,128,42,73",4:87:2|4:446:2|4:7:1
ckpt_4700.pt,4,683,0.5388219952583313,0.1054140031337738,0.48993998765945435,"231,118,219,74,245","157,22,154,45,6",4:235:3|4:294:2|4:564:2
ckpt_4700.pt,4,684,0.5121855139732361,0.10171663016080856,0.4416719675064087,"89,226,137,187,238","77,217,160,221,207",4:39:2|4:796:2|4:1:1
ckpt_4700.pt,4,685,0.5165534019470215,0.08096340298652649,0.4639790654182434,"210,24,169,34,165","117,188,229,102,196",4:634:3|4:1:2|4:120:2
ckpt_4700.pt,4,686,0.5103335380554199,0.09405503422021866,0.4439219534397125,"102,243,11,166,23","190,71,45,32,162",4:542:2|4:948:2|4:15:1
ckpt_4700.pt,4,687,0.48112550377845764,0.08873889595270157,0.4202544093132019,"38,89,255,96,66","167,80,114,105,19",4:174:2|4:454:2|4:501:2
ckpt_4700.pt,4,688,0.5701799392700195,0.09264940023422241,0.4845031201839447,"120,157,179,171,194","48,161,249,190,158",4:245:2|4:307:2|4:2:1
ckpt_4700.pt,4,689,0.6362965703010559,0.11023715138435364,0.5434478521347046,"17,217,213,241,145","60,225,108,112,65",4:147:2|4:586:2|4:2:1
ckpt_4700.pt,4,690,0.5614762306213379,0.12157317996025085,0.4503529965877533,"12,73,27,23,144","165,131,194,94,97",4:201:2|4:237:2|4:266:2
ckpt_4700.pt,4,691,0.5559433698654175,0.1018088161945343,0.4509187340736389,"71,254,253,212,42","76,148,121,231,172",4:115:2|4:175:2|4:327:2
ckpt_4700.pt,4,692,0.5864427089691162,0.10881464928388596,0.4608742296695709,"84,195,108,128,220","228,118,139,214,120",4:152:2|4:155:2|4:407:2
ckpt_4700.pt,4,693,0.5393242835998535,0.093818299472332,0.44661006331443787,"85,120,83,46,145","192,68,104,37,48",4:81:2|4:286:2|4:434:2
ckpt_4700.pt,4,694,0.6000239849090576,0.12017399072647095,0.5189493894577026,"51,61,47,195,96","143,118,127,113,66",4:453:2|4:474:2|4:595:2
ckpt_4700.pt,4,695,0.5585371851921082,0.09773081541061401,0.5007869601249695,"7,218,20,244,255","203,121,160,178,202",4:106:2|4:789:2|4:0:1
ckpt_4700.pt,4,696,0.593090832233429,0.09811151772737503,0.5146422386169434,"156,14,21,99,158","159,14,231,107,213",4:194:2|4:505:2|4:935:2
ckpt_4700.pt,4,697,0.46824634075164795,0.10232759267091751,0.43159693479537964,"123,234,197,110,157","22,78,165,41,36",4:327:2|4:807:2|4:3:1
ckpt_4700.pt,4,698,0.5617417097091675,0.11372467875480652,0.46183788776397705,"53,179,228,122,158","4,205,104,0,209",4:934:2|4:18:1|4:45:1
ckpt_4700.pt,4,699,0.63176029920578,0.10678336024284363,0.49062782526016235,"62,145,120,127,130","12,52,136,73,160",4:32:2|4:252:2|4:311:2
ckpt_4700.pt,4,700,0.501531720161438,0.09033428877592087,0.4557744562625885,"130,43,112,69,148","50,101,13,242,130",4:418:2|4:419:2|4:28:1
ckpt_4700.pt,4,701,0.5639017820358276,0.1052103042602539,0.46859684586524963,"184,151,219,231,35","80,56,249,65,53",4:482:2|4:683:2|4:870:2
ckpt_4700.pt,4,702,0.5842368602752686,0.13745976984500885,0.46586528420448303,"184,247,206,175,99","78,244,130,119,158",4:101:2|4:114:2|4:192:2
ckpt_4700.pt,4,703,0.5790521502494812,0.11149370670318604,0.5026177763938904,"86,115,248,89,230","143,75,2,45,55",4:592:2|4:604:2|4:633:2
ckpt_4700.pt,4,704,0.5718502402305603,0.10490375012159348,0.4525541365146637,"17,198,78,99,28","194,159,114,97,153",4:146:2|4:209:2|4:486:2
ckpt_4700.pt,4,705,0.5648736357688904,0.11345486342906952,0.46356868743896484,"109,39,220,216,175","234,123,145,249,20",4:181:2|4:267:2|4:404:2
ckpt_4700.pt,4,706,0.49683281779289246,0.09421743452548981,0.4315797984600067,"8,223,205,108,29","183,1,215,91,0",4:5:1|4:35:1|4:36:1
ckpt_4700.pt,4,707,0.5703243613243103,0.102110356092453,0.4926891624927521,"89,163,33,126,6","40,252,33,104,230",4:61:2|4:536:2|4:3:1
ckpt_4700.pt,4,708,0.5990200638771057,0.09699694812297821,0.4958173930644989,"88,30,47,51,230","81,18,32,54,183",4:299:2|4:592:2|4:595:2
ckpt_4700.pt,4,709,0.5573298931121826,0.1018272191286087,0.46993666887283325,"29,152,62,125,117","197,58,143,154,212",4:4:1|4:5:1|4:17:1
ckpt_4700.pt,4,710,0.5337780714035034,0.10066699981689453,0.4425112307071686,"63,140,227,182,29","131,22,150,110,20",4:329:2|4:380:2|4:385:2
ckpt_4700.pt,4,711,0.5238958597183228,0.09598879516124725,0.4450753629207611,"86,69,9,2,231","245,36,143,239,252",4:39:2|4:575:2|4:13:1
ckpt_4700.pt,4,712,0.6157393455505371,0.1121431216597557,0.4923492968082428,"44,198,221,174,219","17,141,202,131,127",4:787:3|4:4:1|4:23:1
ckpt_4700.pt,4,713,0.5695058703422546,0.10768552869558334,0.4463655948638916,"45,186,85,68,144","183,117,158,114,198",4:81:2|4:259:2|4:13:1
ckpt_4700.pt,4,714,0.619746208190918,0.15602649748325348,0.5361969470977783,"160,219,214,140,105","235,130,241,49,46",4:465:2|4:535:2|4:937:2
ckpt_4700.pt,4,715,0.5565405488014221,0.10409490019083023,0.4518435597419739,"188,113,47,185,229","156,141,244,86,71",4:138:2|4:367:2|4:506:2
ckpt_4700.pt,4,716,0.5159801840782166,0.09677702188491821,0.4795108139514923,"16,41,243,174,250","122,42,221,156,105",4:264:2|4:718:2|4:970:2
ckpt_4700.pt,4,717,0.4868090748786926,0.11568409949541092,0.3962004482746124,"29,20,245,179,37","136,123,119,32,223",4:5:2|4:302:2|4:369:2
ckpt_4700.pt,4,718,0.4640047252178192,0.08863942325115204,0.40746721625328064,"249,50,16,41,195","115,91,55,183,200",4:207:2|4:407:2|4:716:2
ckpt_4700.pt,4,719,0.4584137201309204,0.08370479196310043,0.4095548987388611,"29,133,221,37,255","56,61,235,71,12",4:5:2|4:369:2|4:427:2
ckpt_4700.pt,4,720,0.48499685525894165,0.08920733630657196,0.4175040125846863,"179,102,174,217,186","141,49,160,232,17",4:475:2|4:542:2|4:2:1
ckpt_4700.pt,4,721,0.5927541255950928,0.09799668937921524,0.4905955195426941,"128,211,214,81,120","195,49,248,132,253",4:722:2|4:5:1|4:25:1
ckpt_4700.pt,4,722,0.5096847414970398,0.1043768897652626,0.4194873571395874,"228,211,16,177,214","99,119,136,98,138",4:93:2|4:721:2|4:970:2
ckpt_4700.pt,4,723,0.4962089955806732,0.10472406446933746,0.44280457496643066,"18,120,165,245,208","141,44,248,112,61",4:334:2|4:386:2|4:523:2
ckpt_4700.pt,4,724,0.6668416857719421,0.17151769995689392,0.5090977549552917,"1,101,147,224,219","147,18,182,214,69",4:353:2|4:535:2|4:606:2
ckpt_4700.pt,4,725,0.5942294597625732,0.11664769053459167,0.5339439511299133,"185,163,37,86,172","118,23,176,153,240",4:534:3|4:367:2|4:594:2
ckpt_4700.pt,4,726,0.6014967560768127,0.10705602169036865,0.5088006854057312,"164,180,100,47,204","173,46,111,154,155",4:88:2|4:178:2|4:347:2
ckpt_4700.pt,4,727,0.549357533454895,0.09836921095848083,0.44833606481552124,"168,196,66,155,9","48,162,193,68,206",4:370:2|4:450:2|4:766:2
ckpt_4700.pt,4,728,0.5633019208908081,0.1246037408709526,0.475347638130188,"86,196,223,176,211","85,76,136,238,159",4:130:3|4:164:2|4:254:2
ckpt_4700.pt,4,729,0.6255733966827393,0.10785149037837982,0.4746890664100647,"191,200,86,94,150","227,200,87,104,184",4:80:2|4:222:2|4:614:2
ckpt_4700.pt,4,730,0.5731253623962402,0.11836528778076172,0.4896206855773926,"65,24,234,246,10","228,104,119,182,171",4:524:2|4:639:2|4:898:2
ckpt_4700.pt,4,731,0.5250630974769592,0.08833346515893936,0.4333696961402893,"163,231,203,188,245","212,149,252,74,231",4:367:2|4:683:2|4:980:2
ckpt_4700.pt,4,732,0.6200909614562988,0.13888418674468994,0.5008285641670227,"195,121,89,241,78","127,78,47,2,245",4:1:1|4:2:1|4:11:1
ckpt_4700.pt,4,733,0.6358584761619568,0.11037074774503708,0.5555721521377563,"39,207,53,100,212","190,206,148,125,212",4:228:2|4:316:2|4:436:2
ckpt_4700.pt,4,734,0.5199198722839355,0.10835690051317215,0.44492414593696594,"46,187,1,251,101","150,231,164,168,219",4:538:2|4:724:2|4:761:2
ckpt_4700.pt,4,735,0.5396717190742493,0.09509630501270294,0.4560037851333618,"59,42,171,161,215","180,114,117,108,116",4:485:2|4:543:2|4:846:2
ckpt_4700.pt,4,736,0.5489828586578369,0.10729466378688812,0.4664213955402374,"169,138,57,119,41","55,245,41,216,51",4:111:2|4:10:1|4:15:1
ckpt_4700.pt,4,737,0.5563036799430847,0.09664146602153778,0.4778424799442291,"98,113,223,207,1","45,65,185,160,229",4:437:3|4:50:2|4:143:2
ckpt_4700.pt,4,738,0.5387246012687683,0.1084282174706459,0.4950569272041321,"224,242,154,36,70","98,174,233,167,176",4:303:2|4:842:2|4:853:2
ckpt_4700.pt,4,739,0.5982312560081482,0.1046275943517685,0.5247825384140015,"154,85,146,103,82","235,211,242,125,157",4:375:2|4:504:2|4:1004:2
ckpt_4700.pt,4,740,0.5433617234230042,0.10541360825300217,0.4661461412906647,"188,166,116,174,184","60,219,53,71,165",4:7:1|4:14:1|4:16:1
ckpt_4700.pt,4,741,0.6629147529602051,0.11760566383600235,0.48288223147392273,"156,106,49,31,191","226,171,155,231,50",4:350:2|4:378:2|4:532:2
ckpt_4700.pt,4,742,0.5335923433303833,0.08618250489234924,0.4565371870994568,"232,41,52,166,171","189,65,19,243,181",4:269:2|4:585:2|4:999:2
ckpt_4700.pt,4,743,0.6062835454940796,0.12652525305747986,0.5398818254470825,"6,152,18,176,85","77,253,86,22,101",4:110:2|4:173:2|4:624:2
ckpt_4700.pt,4,744,0.5227492451667786,0.10209330916404724,0.4605144262313843,"84,239,186,216,173","120,35,195,68,107",4:248:2|4:272:2|4:301:2
ckpt_4700.pt,4,745,0.6240299344062805,0.12456415593624115,0.5146113634109497,"76,106,191,60,237","153,93,132,149,124",4:456:2|4:649:2|4:741:2
ckpt_4700.pt,4,746,0.6305603384971619,0.11046373099088669,0.4996817409992218,"156,170,199,212,2","108,116,103,52,8",4:204:2|4:17:1|4:18:1
ckpt_4700.pt,4,747,0.6110985279083252,0.11407790333032608,0.5543129444122314,"218,183,146,2,149","160,22,126,147,141",4:448:2|4:811:2|4:6:1
ckpt_4700.pt,4,748,0.5258463621139526,0.1191425621509552,0.4430369436740875,"23,70,233,32,76","173,250,59,90,17",4:66:2|4:255:2|4:342:2
ckpt_4700.pt,4,749,0.591086745262146,0.12965655326843262,0.4686894416809082,"117,215,12,24,197","229,192,106,150,204",4:430:2|4:524:2|4:17:1
ckpt_4700.pt,4,750,0.5114202499389648,0.0953148603439331,0.41657355427742004,"48,199,114,20,145","205,206,191,8,182",4:22:2|4:669:2|4:1001:2
ckpt_4700.pt,4,751,0.6528424620628357,0.12353485077619553,0.5060741305351257,"213,56,228,150,200","160,22,234,54,112",4:614:3|4:729:2|4:10:1
ckpt_4700.pt,4,752,0.5325314998626709,0.09637043625116348,0.4334414601325989,"216,162,156,71,27","124,76,71,211,16",4:444:2|4:521:2|4:548:2
ckpt_4700.pt,4,753,0.5153831243515015,0.11563055962324142,0.43356195092201233,"175,32,69,24,100","38,26,68,99,25",4:360:2|4:519:2|4:570:2
ckpt_4700.pt,4,754,0.5425322651863098,0.09811139851808548,0.4826153516769409,"181,101,34,44,151","233,85,94,206,0",4:136:2|4:526:2|4:897:2
ckpt_4700.pt,4,755,0.47618746757507324,0.08829092979431152,0.41654500365257263,"2,248,168,89,184","59,119,111,161,213",4:137:2|4:229:2|4:604:2
ckpt_4700.pt,4,756,0.5607589483261108,0.12315727770328522,0.47591570019721985,"66,183,201,226,117","157,142,171,26,193",4:245:2|4:7:1|4:17:1
ckpt_4700.pt,4,757,0.5111804604530334,0.0889478474855423,0.44010111689567566,"122,117,254,213,126","189,51,188,85,94",4:934:3|4:360:2|4:598:2
ckpt_4700.pt,4,758,0.5011582970619202,0.08626031130552292,0.4267542362213135,"238,198,41,189,1","118,230,229,209,19",4:284:2|4:486:2|4:4:1
ckpt_4700.pt,4,759,0.6387991905212402,0.12511177361011505,0.5383491516113281,"165,162,182,251,31","228,24,93,10,83",4:139:2|4:960:2|4:0:1
ckpt_4700.pt,4,760,0.6728522181510925,0.13636824488639832,0.5124846696853638,"126,14,164,27,129","54,127,184,146,197",4:54:2|4:332:2|4:641:2
ckpt_4700.pt,4,761,0.6175739169120789,0.10189870744943619,0.4847060441970825,"251,46,210,98,149","107,13,118,192,93",4:86:2|4:451:2|4:734:2
ckpt_4700.pt,4,762,0.5764145255088806,0.15066109597682953,0.5032356381416321,"97,4,89,229,3","236,193,245,90,26",4:413:2|4:664:2|4:796:2
ckpt_4700.pt,4,763,0.5414639115333557,0.10512818396091461,0.42002665996551514,"83,3,117,19,184","85,167,146,125,197",4:56:2|4:524:2|4:865:2
ckpt_4700.pt,4,764,0.5789605379104614,0.11658517271280289,0.46000444889068604,"122,233,114,234,184","4,186,132,199,39",4:24:2|4:669:2|4:992:2
ckpt_4700.pt,4,765,0.5805128812789917,0.12047161161899567,0.5026084184646606,"102,101,115,176,45","150,140,100,245,182",4:64:2|4:171:2|4:374:2
ckpt_4700.pt,4,766,0.731931746006012,0.12557266652584076,0.6193332076072693,"155,0,247,117,168","91,158,60,155,58",4:637:2|4:727:2|4:6:1
ckpt_4700.pt,4,767,0.6128520965576172,0.12702493369579315,0.5254252552986145,"212,30,75,229,26","235,20,113,33,238",4:56:2|4:296:2|4:911:2
ckpt_4700.pt,4,768,0.6028362512588501,0.10775654762983322,0.4772479236125946,"21,225,245,56,162","184,247,6,38,189",4:358:2|4:869:2|4:885:2
ckpt_4700.pt,4,769,0.5875101685523987,0.11687349528074265,0.5107259750366211,"48,90,240,176,34","236,3,130,121,105",4:551:2|4:644:2|4:1:1
ckpt_4700.pt,4,770,0.4714086651802063,0.08111423254013062,0.388190895318985,"11,140,142,121,80","102,193,176,190,135",4:57:2|4:410:2|4:484:2
ckpt_4700.pt,4,771,0.628765344619751,0.11640054732561111,0.49636110663414,"45,199,143,126,131","21,51,107,16,90",4:500:2|4:641:2|4:929:2
ckpt_4700.pt,4,772,0.5854047536849976,0.12790364027023315,0.49634742736816406,"127,17,203,181,76","96,20,74,138,151",4:32:2|4:206:2|4:464:2
ckpt_4700.pt,4,773,0.5915935635566711,0.12750734388828278,0.49463874101638794,"154,254,185,233,96","86,234,157,197,184",4:14:1|4:18:1|4:19:1
ckpt_4700.pt,4,774,0.6105376482009888,0.13139359652996063,0.5140866637229919,"106,34,140,102,115","53,186,160,43,32",4:47:2|4:329:2|4:382:2
ckpt_4700.pt,4,775,0.627997875213623,0.1476319134235382,0.4921705722808838,"184,103,206,32,88","133,135,128,88,36",4:217:2|4:530:2|4:702:2
ckpt_4700.pt,4,776,0.5716808438301086,0.10380449146032333,0.48510652780532837,"180,116,60,81,185","11,117,169,33,212",4:212:2|4:252:2|4:954:2
ckpt_4700.pt,4,777,0.5536951422691345,0.11030707508325577,0.4488848149776459,"235,98,193,229,79","146,180,167,211,35",4:207:2|4:253:2|4:545:2
ckpt_4700.pt,4,778,0.6659571528434753,0.11940610408782959,0.5379512310028076,"49,67,190,211,134","204,57,182,60,205",4:376:2|4:806:2|4:922:2
ckpt_4700.pt,4,779,0.5737360119819641,0.12599776685237885,0.4867006838321686,"12,73,147,60,126","161,156,97,104,87",4:57:2|4:211:2|4:456:2
ckpt_4700.pt,4,780,0.5667930245399475,0.12026962637901306,0.49271461367607117,"34,88,116,40,95","56,10,200,33,87",4:136:2|4:1:1|4:8:1
ckpt_4700.pt,4,781,0.5578279495239258,0.09560910612344742,0.4780179262161255,"107,223,73,160,92","70,203,171,123,241",4:633:2|4:666:2|4:809:2
ckpt_4700.pt,4,782,0.5447502136230469,0.08953184634447098,0.4718937277793884,"115,246,177,210,144","176,38,164,188,158",4:192:2|4:220:2|4:623:2
ckpt_4700.pt,4,783,0.7474866509437561,0.1621839702129364,0.6555562615394592,"32,103,61,59,163","255,51,61,213,185",4:100:2|4:677:2|4:775:2
ckpt_4700.pt,4,784,0.6182495951652527,0.15703974664211273,0.5291967391967773,"178,61,241,186,153","119,238,48,108,147",4:261:2|4:429:2|4:555:2
ckpt_4700.pt,4,785,0.567310631275177,0.1087161973118782,0.49760523438453674,"131,219,73,58,36","158,69,3,187,16",4:904:3|4:133:2|4:381:2
ckpt_4700.pt,4,786,0.5304232239723206,0.11483193188905716,0.4750465750694275,"175,70,111,83,246","51,245,202,57,254",4:6:1|4:25:1|4:27:1
ckpt_4700.pt,4,787,0.545261561870575,0.10963348299264908,0.4844093918800354,"174,44,215,91,219","245,199,212,73,13",4:712:3|4:452:2|4:35:1
ckpt_4700.pt,4,788,0.5237041711807251,0.08739152550697327,0.42346668243408203,"114,128,53,18,93","213,241,148,171,177",4:8:1|4:28:1|4:37:1
ckpt_4700.pt,4,789,0.5670450925827026,0.10878406465053558,0.45142266154289246,"7,200,255,103,223","233,232,59,212,63",4:36:2|4:557:2|4:605:2
ckpt_4700.pt,4,790,0.6186572313308716,0.1441912055015564,0.4780058264732361,"235,31,220,80,9","66,194,91,94,216",4:394:3|4:355:2|4:0:1
ckpt_4700.pt,4,791,0.5909948348999023,0.10430684685707092,0.4718630909919739,"66,223,1,133,94","223,81,146,6,41",4:143:2|4:396:2|4:557:2
ckpt_4700.pt,4,792,0.516608715057373,0.10338293761014938,0.4361737072467804,"99,15,29,204,3","147,62,15,214,41",4:118:2|4:144:2|4:285:2
ckpt_4700.pt,4,793,0.5346973538398743,0.09297650307416916,0.42407625913619995,"188,41,53,217,162","28,226,121,54,25",4:186:2|4:521:2|4:577:2
ckpt_4700.pt,4,794,0.5753458738327026,0.14457951486110687,0.5173735618591309,"236,134,150,175,129","215,51,158,78,30",4:12:2|4:168:2|4:10:1
ckpt_4700.pt,4,795,0.5155913233757019,0.12406343221664429,0.4548029899597168,"129,65,247,151,29","151,39,91,12,58",4:627:2|4:817:2|4:0:1
ckpt_4700.pt,4,796,0.6135908365249634,0.10767365247011185,0.5003711581230164,"187,229,49,224,89","196,52,254,160,74",4:364:2|4:378:2|4:648:2
ckpt_4700.pt,4,797,0.5969539880752563,0.1130961924791336,0.5004141330718994,"92,186,89,97,21","43,73,79,135,108",4:346:2|4:646:2|4:762:2
ckpt_4700.pt,4,798,0.5376243591308594,0.09704603999853134,0.4407006502151489,"242,132,80,210,88","67,174,180,208,154",4:326:2|4:394:2|4:652:2
ckpt_4700.pt,4,799,0.4835463762283325,0.09251552820205688,0.41904106736183167,"107,232,50,177,28","81,217,121,34,189",4:46:1|4:68:1|4:69:1
ckpt_4700.pt,4,800,0.5848401784896851,0.1419258862733841,0.46525856852531433,"123,16,90,5,64","64,219,130,33,165",4:96:2|4:105:2|4:136:2
ckpt_4700.pt,4,801,0.5938906073570251,0.13915066421031952,0.4505919814109802,"132,191,216,25,249","117,27,70,244,255",4:236:2|4:391:2|4:444:2
ckpt_4700.pt,4,802,0.594825267791748,0.10042091459035873,0.4702398478984833,"11,156,42,182,29","211,85,24,157,135",4:331:2|4:627:2|4:631:2
ckpt_4700.pt,4,803,0.49397045373916626,0.09602192789316177,0.43097740411758423,"3,65,124,46,34","245,156,132,56,109",4:0:1|4:1:1|4:19:1
ckpt_4700.pt,4,804,0.5610724687576294,0.11320985853672028,0.47931772470474243,"191,99,169,18,4","0,110,206,142,210",4:50:2|4:442:2|4:563:2
ckpt_4700.pt,4,805,0.5209088325500488,0.09521912783384323,0.46090447902679443,"57,73,109,84,211","37,244,26,175,108",4:25:2|4:152:2|4:237:2
ckpt_4700.pt,4,806,0.6557116508483887,0.1317659616470337,0.5021363496780396,"211,130,121,117,190","173,231,20,64,209",4:270:2|4:337:2|4:778:2
ckpt_4700.pt,4,807,0.5360625982284546,0.09889594465494156,0.4343790113925934,"123,209,33,110,41","228,45,211,236,98",4:327:3|4:302:2|4:317:2
ckpt_4700.pt,4,808,0.5703161358833313,0.11676676571369171,0.5033388733863831,"245,1,128,68,168","48,27,231,210,122",4:11:1|4:34:1|4:37:1
ckpt_4700.pt,4,809,0.5485332012176514,0.115806944668293,0.45244336128234863,"100,107,163,156,73","51,7,88,182,187",4:781:2|4:906:2|4:10:1
ckpt_4700.pt,4,810,0.60528564453125,0.10758230835199356,0.4781706929206848,"47,235,140,18,241","232,134,28,139,209",4:460:2|4:8:1|4:15:1
ckpt_4700.pt,4,811,0.5800195932388306,0.1106211319565773,0.4989911615848541,"121,155,2,218,143","241,217,228,179,197",4:747:2|4:11:1|4:13:1
ckpt_4700.pt,4,812,0.5537578463554382,0.09083400666713715,0.4824429154396057,"74,155,135,241,27","49,208,144,216,129",4:172:2|4:881:2|4:926:2
ckpt_4700.pt,4,813,0.5875798463821411,0.1021999791264534,0.47948914766311646,"35,138,75,223,40","55,164,50,29,0",4:643:2|4:1009:2|4:8:1
ckpt_4700.pt,4,814,0.5392624139785767,0.09241751581430435,0.4385717809200287,"143,184,221,223,0","253,56,13,58,216",4:557:2|4:870:2|4:6:1
ckpt_4700.pt,4,815,0.550498902797699,0.10456346720457077,0.4688136577606201,"243,101,131,43,186","92,219,43,10,131",4:79:2|4:182:2|4:480:2
ckpt_4700.pt,4,816,0.514668345451355,0.08889308571815491,0.43621230125427246,"33,123,8,30,141","253,83,75,33,76",4:73:2|4:85:2|4:317:2
ckpt_4700.pt,4,817,0.4852718114852905,0.07660645246505737,0.41235804557800293,"160,208,151,29,80","63,133,54,168,44",4:439:2|4:795:2|4:876:2
ckpt_4700.pt,4,818,0.5938488841056824,0.10733804851770401,0.4879221022129059,"63,201,23,89,10","73,179,62,63,147",4:61:2|4:62:2|4:346:2
ckpt_4700.pt,4,819,0.5833104848861694,0.09246938675642014,0.5132805109024048,"107,58,167,119,30","29,203,126,230,102",4:69:2|4:228:2|4:445:2
ckpt_4700.pt,4,820,0.5073803663253784,0.09822383522987366,0.45572659373283386,"194,104,190,93,248","124,171,88,239,70",4:2:3|4:654:2|4:0:1
ckpt_4700.pt,4,821,0.5858336687088013,0.12252576649188995,0.4842906594276428,"32,219,150,119,242","226,60,67,238,248",4:589:3|4:66:2|4:177:2
ckpt_4700.pt,4,822,0.5493954420089722,0.09998343139886856,0.44697755575180054,"176,26,171,125,201","121,234,161,66,80",4:462:2|4:9:1|4:44:1
ckpt_4700.pt,4,823,0.5818294882774353,0.10497664660215378,0.49247226119041443,"194,36,106,3,132","179,145,206,171,124",4:12:2|4:77:2|4:932:2
ckpt_4700.pt,4,824,0.51875239610672,0.10446622222661972,0.4626803398132324,"168,217,173,160,237","188,129,12,124,249",4:15:2|4:163:2|4:637:2
ckpt_4700.pt,4,825,0.5583857297897339,0.10836751759052277,0.45192426443099976,"199,49,82,176,76","168,170,204,129,200",4:364:2|4:5:1|4:8:1
ckpt_4700.pt,4,826,0.5389774441719055,0.11180061101913452,0.4687942862510681,"27,49,44,170,120","121,144,74,3,91",4:887:2|4:8:1|4:17:1
ckpt_4700.pt,4,827,0.5479148030281067,0.09316519647836685,0.48012274503707886,"67,154,93,180,188","4,204,240,125,160",4:178:2|4:290:2|4:540:2
ckpt_4700.pt,4,828,0.5725598931312561,0.10428197681903839,0.5004913210868835,"43,137,213,80,142","133,122,148,160,56",4:87:2|4:603:2|4:652:2
ckpt_4700.pt,4,829,0.5537875294685364,0.1218404546380043,0.4802515208721161,"177,190,246,74,59","221,181,40,172,189",4:108:2|4:782:2|4:846:2
ckpt_4700.pt,4,830,0.48266875743865967,0.08690706640481949,0.37794190645217896,"138,38,228,99,180","155,184,165,6,231",4:154:2|4:935:2|4:28:1
ckpt_4700.pt,4,831,0.585524320602417,0.11017825454473495,0.47999492287635803,"99,26,162,64,227","250,96,65,138,128",4:8:1|4:25:1|4:36:1
ckpt_4700.pt,4,832,0.5569614171981812,0.10996691137552261,0.4722084403038025,"78,24,199,168,124","236,205,171,173,92",4:1007:3|4:52:2|4:55:2
ckpt_4700.pt,4,833,0.5081759095191956,0.09335608035326004,0.4255117177963257,"99,234,160,195,45","222,50,89,232,209",4:6:2|4:101:2|4:638:2
ckpt_4700.pt,4,834,0.5520580410957336,0.09927280992269516,0.46318620443344116,"193,221,60,99,35","113,170,188,25,49",4:212:2|4:935:2|4:23:1
ckpt_4700.pt,4,835,0.6781421899795532,0.1538504809141159,0.5357359051704407,"243,40,28,154,255","123,222,166,159,162",4:124:2|4:329:2|4:399:2
ckpt_4700.pt,4,836,0.5717430114746094,0.12970207631587982,0.4589855968952179,"182,11,183,73,134","17,246,99,129,142",4:224:2|4:446:2|4:621:2
ckpt_4700.pt,4,837,0.5088794827461243,0.09786879271268845,0.45697110891342163,"177,254,236,93,35","11,248,30,222,174",4:12:1|4:14:1|4:26:1
ckpt_4700.pt,4,838,0.5230894088745117,0.09745386242866516,0.43842634558677673,"167,91,78,101,184","59,82,150,227,128",4:69:2|4:114:2|4:251:2
ckpt_4700.pt,4,839,0.5672096014022827,0.09904550760984421,0.4661232829093933,"167,104,67,254,84","13,115,135,60,157",4:248:2|4:436:2|4:508:2
ckpt_4700.pt,4,840,0.586056649684906,0.12134622037410736,0.49444031715393066,"36,150,149,55,34","113,207,154,156,221",4:472:2|4:640:2|4:1:1
ckpt_4700.pt,4,841,0.5669007897377014,0.13695856928825378,0.5093843936920166,"119,101,12,110,255","33,156,123,41,248",4:76:2|4:426:2|4:591:2
ckpt_4700.pt,4,842,0.6186290383338928,0.13363099098205566,0.5100895166397095,"224,242,156,46,220","76,223,193,230,160",4:622:2|4:738:2|4:849:2
ckpt_4700.pt,4,843,0.6167789697647095,0.12012845277786255,0.47293907403945923,"226,247,197,142,128","234,183,100,59,45",4:101:2|4:972:2|4:33:1
ckpt_4700.pt,4,844,0.5208719372749329,0.09890075773000717,0.41810619831085205,"5,252,149,182,217","24,83,255,39,22",4:398:2|4:547:2|4:601:2
ckpt_4700.pt,4,845,0.6070483922958374,0.13202540576457977,0.48854440450668335,"86,236,49,56,52","46,99,221,170,202",4:166:2|4:181:2|4:522:2
ckpt_4700.pt,4,846,0.5856530070304871,0.1258230060338974,0.4732661843299866,"42,25,59,105,246","182,181,127,140,151",4:70:2|4:242:2|4:497:2
ckpt_4700.pt,4,847,0.5658910870552063,0.12020503729581833,0.4547649323940277,"97,83,253,78,133","196,81,58,0,195",4:305:2|4:540:2|4:890:2
ckpt_4700.pt,4,848,0.538040280342102,0.108125239610672,0.4718049466609955,"255,211,124,208,85","211,11,165,245,91",4:208:2|4:293:2|4:1004:2
ckpt_4700.pt,4,849,0.6485001444816589,0.12545707821846008,0.5123324394226074,"156,196,242,31,59","228,85,187,50,116",4:102:2|4:281:2|4:370:2
ckpt_4700.pt,4,850,0.5641178488731384,0.10873083770275116,0.455919086933136,"33,9,150,250,100","153,19,126,249,95",4:190:2|4:203:2|4:10:1
ckpt_4700.pt,4,851,0.5489658117294312,0.10306023061275482,0.47401368618011475,"163,204,52,224,90","237,244,109,87,209",4:219:2|4:513:2|4:673:2
ckpt_4700.pt,4,852,0.5092477798461914,0.10444170236587524,0.437406063079834,"91,119,177,58,27","136,35,23,168,219",4:431:2|4:445:2|4:819:2
ckpt_4700.pt,4,853,0.6239705681800842,0.12278293073177338,0.5160879492759705,"70,36,217,195,32","25,216,227,145,73",4:2:2|4:336:2|4:738:2
ckpt_4700.pt,4,854,0.5330671072006226,0.10860024392604828,0.47681188583374023,"164,106,135,47,184","197,173,149,109,35",4:233:2|4:726:2|4:7:1
ckpt_4700.pt,4,855,0.6853793263435364,0.12297777831554413,0.5298827886581421,"250,224,226,179,112","129,40,156,170,146",4:33:2|4:264:2|4:493:2
ckpt_4700.pt,4,856,0.6001486778259277,0.11333679407835007,0.49038535356521606,"195,242,126,74,217","24,76,7,181,149",4:2:2|4:3:2|4:89:2
ckpt_4700.pt,4,857,0.5583739876747131,0.08253295719623566,0.46678686141967773,"108,99,73,10,119","204,184,162,38,48",4:381:2|4:621:2|4:10:1
ckpt_4700.pt,4,858,0.49092626571655273,0.08380325138568878,0.4235500991344452,"238,101,214,223,125","241,217,33,3,199",4:333:2|4:875:2|4:912:2
ckpt_4700.pt,4,859,0.601779580116272,0.12844659388065338,0.5346779823303223,"28,175,35,161,155","21,39,73,247,200",4:314:2|4:479:2|4:1:1
ckpt_4700.pt,4,860,0.532219409942627,0.10316161066293716,0.45216795802116394,"97,79,77,143,249","75,188,199,76,183",4:504:2|4:0:1|4:58:1
ckpt_4700.pt,4,861,0.5137104988098145,0.08590366691350937,0.426690012216568,"47,123,143,119,129","238,213,160,190,120",4:278:2|4:460:2|4:12:1
ckpt_4700.pt,4,862,0.5656279921531677,0.10560572147369385,0.44963935017585754,"87,46,20,131,6","12,32,57,165,99",4:0:1|4:4:1|4:21:1
ckpt_4700.pt,4,863,0.6002947688102722,0.10443367809057236,0.4949500560760498,"174,157,51,85,73","195,157,34,247,50",4:509:2|4:10:1|4:20:1
ckpt_4700.pt,4,864,0.4984639585018158,0.1005743145942688,0.42851522564888,"5,214,41,136,33","190,151,30,237,204",4:204:2|4:269:2|4:317:2
ckpt_4700.pt,4,865,0.5359587073326111,0.1117352768778801,0.46128135919570923,"216,61,83,237,19","63,124,208,65,171",4:301:2|4:469:2|4:539:2
ckpt_4700.pt,4,866,0.5901561379432678,0.10252921283245087,0.48970457911491394,"220,206,231,161,150","147,90,41,254,230",4:1:1|4:10:1|4:14:1
ckpt_4700.pt,4,867,0.5563567876815796,0.09940826892852783,0.46707382798194885,"216,155,23,138,255","101,68,134,17,98",4:256:2|4:515:2|4:14:1
ckpt_4700.pt,4,868,0.6297990083694458,0.11152496933937073,0.46675339341163635,"167,175,52,53,153","185,238,253,111,120",4:129:2|4:267:2|4:488:2
ckpt_4700.pt,4,869,0.6818469166755676,0.1378365010023117,0.5527241230010986,"168,36,56,42,21","76,17,121,55,78",4:115:2|4:439:2|4:768:2
ckpt_4700.pt,4,870,0.4940871000289917,0.08831074088811874,0.44570133090019226,"184,241,221,173,231","185,37,155,207,7",4:429:2|4:701:2|4:814:2
ckpt_4700.pt,4,871,0.5454866290092468,0.10543849319219589,0.4994577467441559,"28,136,54,139,79","136,2,71,12,230",4:556:2|4:9:1|4:11:1
ckpt_4700.pt,4,872,0.5789607763290405,0.09630070626735687,0.518921434879303,"225,194,52,134,27","54,113,18,29,176",4:277:2|4:525:2|4:658:2
ckpt_4700.pt,4,873,0.5537797808647156,0.09036561101675034,0.48129916191101074,"87,217,93,188,97","75,139,110,173,64",4:58:2|4:793:2|4:827:2
ckpt_4700.pt,4,874,0.6522133946418762,0.10923242568969727,0.48842570185661316,"190,9,212,215,53","57,65,169,68,151",4:733:2|4:2:1|4:13:1
ckpt_4700.pt,4,875,0.5247013568878174,0.10361205786466599,0.4572729468345642,"45,162,214,125,39","125,2,207,131,235",4:71:2|4:858:2|4:965:2
ckpt_4700.pt,4,876,0.685073733329773,0.12003590911626816,0.553166925907135,"29,179,109,208,82","154,65,66,172,250",4:276:2|4:324:2|4:477:2
ckpt_4700.pt,4,877,0.5058080554008484,0.08350557088851929,0.4122321605682373,"182,103,241,63,15","120,84,74,211,17",4:104:2|4:508:2|4:710:2
ckpt_4700.pt,4,878,0.5041683316230774,0.11310017853975296,0.4449760913848877,"200,252,127,98,95","84,33,58,187,13",4:663:2|4:9:1|4:10:1
ckpt_4700.pt,4,879,0.5487931966781616,0.11227142810821533,0.5178582072257996,"108,32,172,185,15","232,227,12,21,0",4:41:2|4:393:2|4:403:2
ckpt_4700.pt,4,880,0.6039304733276367,0.10181308537721634,0.5002889037132263,"95,206,65,18,236","41,105,169,188,238",4:274:2|4:412:2|4:0:1
ckpt_4700.pt,4,881,0.638994574546814,0.1356109380722046,0.49629509449005127,"27,60,74,7,240","199,138,125,161,42",4:812:2|4:3:1|4:21:1
ckpt_4700.pt,4,882,0.5106186866760254,0.09268780052661896,0.42039936780929565,"254,129,97,131,222","107,114,59,51,54",4:58:2|4:193:2|4:0:1
ckpt_4700.pt,4,883,0.6117466688156128,0.1219790056347847,0.4640720784664154,"244,140,150,239,237","42,11,15,1,37",4:62:2|4:301:2|4:460:2
ckpt_4700.pt,4,884,0.6561064720153809,0.11560621112585068,0.5563505291938782,"58,13,61,123,108","12,8,181,47,6",4:59:2|4:96:2|4:155:2
ckpt_4700.pt,4,885,0.5804307460784912,0.12685486674308777,0.47654739022254944,"26,133,155,225,56","75,42,47,189,173",4:107:2|4:358:2|4:396:2
ckpt_4700.pt,4,886,0.6394328474998474,0.13557976484298706,0.5304481983184814,"191,211,84,31,14","72,25,112,36,23",4:80:2|4:273:2|4:462:2
ckpt_4700.pt,4,887,0.5438160300254822,0.09959539771080017,0.4493620991706848,"129,233,201,49,120","113,28,180,55,50",4:286:2|4:522:2|4:826:2
ckpt_4700.pt,4,888,0.5924363136291504,0.12745186686515808,0.4484028220176697,"41,242,219,179,176","195,74,222,99,72",4:64:2|4:216:2|4:302:2
ckpt_4700.pt,4,889,0.5551487803459167,0.09507384896278381,0.47845563292503357,"35,142,69,114,62","18,198,160,46,172",4:28:2|4:419:2|4:40:1
ckpt_4700.pt,4,890,0.612141489982605,0.1211346760392189,0.5027964115142822,"181,139,253,97,89","169,110,207,190,197",4:120:2|4:762:2|4:797:2
ckpt_4700.pt,4,891,0.6032522320747375,0.11786505579948425,0.4923742413520813,"133,131,102,195,119","35,115,251,5,54",4:72:2|4:422:2|4:427:2
ckpt_4700.pt,4,892,0.5868332982063293,0.1297256499528885,0.5069698691368103,"85,248,155,81,223","112,250,185,206,203",4:137:2|4:244:2|4:633:2
ckpt_4700.pt,4,893,0.6115269660949707,0.11507248878479004,0.5809938311576843,"124,183,199,224,239","118,42,221,222,166",4:19:2|4:52:2|4:272:2
ckpt_4700.pt,4,894,0.6348960995674133,0.11716069281101227,0.5034174919128418,"94,100,84,233,128","199,37,146,34,143",4:455:2|4:692:2|4:4:1
ckpt_4700.pt,4,895,0.5039867162704468,0.0996815636754036,0.41943788528442383,"57,201,207,43,213","26,124,213,40,186",4:38:2|4:279:2|4:656:2
ckpt_4700.pt,4,896,0.5642216205596924,0.11013363301753998,0.45845723152160645,"171,13,208,173,217","155,233,9,106,228",4:366:2|4:583:2|4:649:2
ckpt_4700.pt,4,897,0.5472884178161621,0.08618641644716263,0.4626733660697937,"40,38,105,181,44","202,210,227,143,195",4:517:2|4:754:2|4:1006:2
ckpt_4700.pt,4,898,0.5639685988426208,0.1066763624548912,0.44611793756484985,"21,246,65,222,28","200,83,17,179,9",4:113:2|4:297:2|4:342:2
ckpt_4700.pt,4,899,0.5934315323829651,0.10300640761852264,0.506624698638916,"79,156,171,172,141","172,184,157,224,147",4:204:2|4:499:2|4:9:1
ckpt_4700.pt,4,900,0.5805782079696655,0.08978086709976196,0.46564531326293945,"159,68,235,230,26","210,235,212,150,244",4:106:2|4:344:2|4:661:2
ckpt_4700.pt,4,901,0.5716112852096558,0.10903565585613251,0.4903504252433777,"21,80,216,4,244","11,171,78,79,5",4:135:2|4:289:2|4:959:2
ckpt_4700.pt,4,902,0.508370041847229,0.11372058093547821,0.43725335597991943,"98,38,101,158,152","121,182,219,173,151",4:323:2|4:4:1|4:5:1
ckpt_4700.pt,4,903,0.57044517993927,0.12399312853813171,0.4928213953971863,"34,45,247,2,31","128,124,120,142,136",4:49:2|4:675:2|4:0:1
ckpt_4700.pt,4,904,0.5221847891807556,0.09395846724510193,0.4248611629009247,"36,58,231,213,73","181,188,120,44,111",4:785:3|4:132:2|4:133:2
ckpt_4700.pt,4,905,0.5814244747161865,0.09434933960437775,0.4939204752445221,"33,255,1,183,178","128,66,176,245,199",4:373:2|4:527:2|4:7:1
ckpt_4700.pt,4,906,0.6274999976158142,0.11369836330413818,0.5029134750366211,"73,177,32,208,163","189,227,113,159,166",4:100:2|4:262:2|4:299:2
ckpt_4700.pt,4,907,0.5813026428222656,0.11972738057374954,0.5073426365852356,"241,42,112,248,232","201,7,18,225,32",4:280:2|4:331:2|4:553:2
ckpt_4700.pt,4,908,0.5094454884529114,0.08424802124500275,0.39341849088668823,"227,76,90,158,37","138,150,250,54,208",4:5:2|4:449:2|4:578:2
ckpt_4700.pt,4,909,0.5987024903297424,0.10698331147432327,0.5023996829986572,"52,170,14,3,241","222,167,205,120,55",4:380:2|4:673:2|4:7:1
ckpt_4700.pt,4,910,0.5943304896354675,0.130752295255661,0.4802056550979614,"31,164,50,172,15","138,120,200,100,99",4:41:2|4:46:2|4:397:2
ckpt_4700.pt,4,911,0.5419874787330627,0.09254223108291626,0.4684910774230957,"255,212,228,229,82","206,168,202,204,32",4:383:2|4:417:2|4:559:2
ckpt_4700.pt,4,912,0.6005975008010864,0.12266767024993896,0.47423022985458374,"79,238,102,223,45","156,60,49,223,142",4:191:2|4:392:2|4:668:2
ckpt_4700.pt,4,913,0.5751493573188782,0.1184614971280098,0.4710080623626709,"82,78,115,167,228","78,191,227,74,225",4:45:2|4:46:2|4:125:2
ckpt_4700.pt,4,914,0.5310168862342834,0.0982312485575676,0.4912715554237366,"181,247,133,43,139","34,105,194,97,64",4:120:2|4:890:2|4:1016:2
ckpt_4700.pt,4,915,0.5631615519523621,0.11093401163816452,0.46179524064064026,"94,95,141,209,149","119,226,40,85,229",4:84:2|4:141:2|4:679:2
ckpt_4700.pt,4,916,0.5362979173660278,0.0920897126197815,0.465101033449173,"18,20,23,161,120","120,74,117,127,179",4:116:2|4:121:2|4:246:2
ckpt_4700.pt,4,917,0.5480062961578369,0.08556651324033737,0.4854678511619568,"95,55,32,156,219","84,11,111,242,126",4:378:2|4:589:2|4:609:2
ckpt_4700.pt,4,918,0.618161141872406,0.11522946506738663,0.5150198936462402,"194,219,122,175,146","248,227,64,139,186",4:146:2|4:277:2|4:345:2
ckpt_4700.pt,4,919,0.5824580192565918,0.09071481227874756,0.48382505774497986,"100,154,89,198,34","27,173,125,193,153",4:346:2|4:413:2|4:566:2
ckpt_4700.pt,4,920,0.6224135756492615,0.11139963567256927,0.5247024297714233,"215,163,49,113,184","106,113,84,223,74",4:134:2|4:182:2|4:199:2
ckpt_4700.pt,4,921,0.5549166798591614,0.10341338068246841,0.45332035422325134,"162,110,53,108,146","52,119,116,89,57",4:463:3|4:793:2|4:4:1
ckpt_4700.pt,4,922,0.5686051845550537,0.10461384057998657,0.4823325574398041,"111,67,190,65,255","147,87,96,101,204",4:100:2|4:778:2|4:0:1
ckpt_4700.pt,4,923,0.5170456767082214,0.08730949461460114,0.43025001883506775,"118,133,171,143,37","86,217,101,91,123",4:307:2|4:330:2|4:611:2
ckpt_4700.pt,4,924,0.5651425719261169,0.10720370709896088,0.4745349884033203,"86,183,24,103,222","177,238,226,236,229",4:492:2|4:930:2|4:984:2
ckpt_4700.pt,4,925,0.653069257736206,0.11823704093694687,0.5195160508155823,"136,166,26,109,143","202,30,25,173,210",4:260:2|4:16:1|4:25:1
ckpt_4700.pt,4,926,0.542840301990509,0.1003360003232956,0.4767523407936096,"74,176,47,13,155","74,241,112,140,77",4:130:2|4:812:2|4:961:2
ckpt_4700.pt,4,927,0.607243537902832,0.12539957463741302,0.5191818475723267,"252,167,196,65,119","249,16,74,143,200",4:422:2|4:819:2|4:940:2
ckpt_4700.pt,4,928,0.5665728449821472,0.08606001734733582,0.44767218828201294,"199,184,255,185,72","96,164,87,149,131",4:14:2|4:188:2|4:367:2
ckpt_4700.pt,4,929,0.5158441066741943,0.09830901026725769,0.44105133414268494,"22,158,131,105,143","91,106,111,246,200",4:92:2|4:308:2|4:771:2
ckpt_4700.pt,4,930,0.5394147634506226,0.11253214627504349,0.47668036818504333,"155,183,127,114,222","67,56,208,29,168",4:224:2|4:924:2|4:7:1
ckpt_4700.pt,4,931,0.525285005569458,0.0867820680141449,0.47929272055625916,"254,182,83,194,15","233,1,225,10,91",4:77:2|4:446:2|4:508:2
ckpt_4700.pt,4,932,0.5799645781517029,0.10489446669816971,0.4906105101108551,"154,196,35,106,132","238,113,102,177,25",4:185:2|4:236:2|4:566:2
ckpt_4700.pt,4,933,0.5784702301025391,0.1061449944972992,0.4894792139530182,"51,147,154,56,112","160,252,139,146,248",4:54:2|4:311:2|4:414:2
ckpt_4700.pt,4,934,0.5604670643806458,0.096198670566082,0.4445452094078064,"241,122,228,254,126","151,253,208,129,122",4:757:3|4:441:2|4:698:2
ckpt_4700.pt,4,935,0.5735854506492615,0.12441881000995636,0.4666382074356079,"99,173,228,221,14","124,241,98,178,6",4:125:2|4:505:2|4:696:2
ckpt_4700.pt,4,936,0.5632624626159668,0.09533379226922989,0.4633532166481018,"52,44,130,36,175","60,122,157,244,48",4:270:2|4:447:2|4:868:2
ckpt_4700.pt,4,937,0.5631881356239319,0.10145480185747147,0.48405224084854126,"74,105,43,223,219","193,177,208,134,231",4:149:2|4:343:2|4:535:2
ckpt_4700.pt,4,938,0.6208720207214355,0.11442827433347702,0.5080851316452026,"46,54,112,64,225","139,109,201,216,240",4:538:2|4:966:2|4:986:2
ckpt_4700.pt,4,939,0.5136310458183289,0.10393493622541428,0.42130905389785767,"232,175,163,23,68","187,87,36,227,145",4:128:2|4:187:2|4:1016:2
ckpt_4700.pt,4,940,0.549918532371521,0.11191364377737045,0.4436892867088318,"224,202,149,65,167","55,221,49,175,222",4:488:2|4:927:2|4:0:1
ckpt_4700.pt,4,941,0.5774019956588745,0.11256343126296997,0.45307648181915283,"190,101,82,163,204","70,221,76,120,218",4:276:2|4:320:2|4:851:2
ckpt_4700.pt,4,942,0.5083459615707397,0.10637249797582626,0.4367634356021881,"144,84,52,142,13","222,57,22,86,143",4:4:1|4:11:1|4:13:1
ckpt_4700.pt,4,943,0.554858922958374,0.10528064519166946,0.49206972122192383,"237,251,36,88,232","194,131,78,187,184",4:359:2|4:435:2|4:3:1
ckpt_4700.pt,4,944,0.5562223792076111,0.114356130361557,0.46332618594169617,"66,68,121,131,164","158,195,66,33,196",4:198:2|4:635:2|4:641:2
ckpt_4700.pt,4,945,0.4900573194026947,0.07997508347034454,0.4428471326828003,"35,179,36,20,147","134,184,172,120,210",4:233:2|4:302:2|4:410:2
ckpt_4700.pt,4,946,0.5148452520370483,0.11537119746208191,0.4645553529262543,"147,59,165,99,241","26,168,220,29,133",4:36:2|4:281:2|4:420:2
ckpt_4700.pt,4,947,0.47525665163993835,0.08443745225667953,0.41564929485321045,"196,82,181,50,159","125,192,140,33,117",4:477:2|4:526:2|4:679:2
ckpt_4700.pt,4,948,0.6197893619537354,0.13399747014045715,0.4988856017589569,"43,102,199,245,11","96,194,180,46,151",4:447:2|4:500:2|4:686:2
ckpt_4700.pt,4,949,0.5447975993156433,0.08950769901275635,0.4562210440635681,"94,161,252,193,163","188,92,45,21,42",4:1:1|4:21:1|4:26:1
ckpt_4700.pt,4,950,0.5547348856925964,0.09411606937646866,0.4947012662887573,"186,24,171,89,94","174,160,192,91,33",4:583:2|4:797:2|4:9:1
ckpt_4700.pt,4,951,0.5855062007904053,0.09550409018993378,0.5225450992584229,"114,17,34,196,107","21,17,237,14,18",4:194:2|4:466:2|4:992:2
ckpt_4700.pt,4,952,0.5960950255393982,0.12875103950500488,0.4657215476036072,"30,20,139,196,155","34,175,142,148,163",4:314:2|4:450:2|4:727:2
ckpt_4700.pt,4,953,0.5153701901435852,0.11321116983890533,0.42788973450660706,"161,66,110,104,210","214,5,230,200,38",4:326:2|4:1:1|4:2:1
ckpt_4700.pt,4,954,0.6068801879882812,0.12425438314676285,0.5061314105987549,"60,140,142,109,81","172,247,113,143,244",4:47:2|4:74:2|4:212:2
ckpt_4700.pt,4,955,0.5463554263114929,0.1010957732796669,0.45003846287727356,"23,221,195,47,109","153,138,45,77,72",4:107:2|4:393:2|4:429:2
ckpt_4700.pt,4,956,0.4586228132247925,0.07818706333637238,0.4329264760017395,"12,244,0,10,38","146,87,76,244,214",4:225:2|4:516:2|4:6:1
ckpt_4700.pt,4,957,0.5878649950027466,0.1062881201505661,0.47984760999679565,"222,107,207,49,104","159,55,174,133,125",4:183:2|4:228:2|4:2:1
ckpt_4700.pt,4,958,0.5193760395050049,0.09092668443918228,0.4355132281780243,"190,198,229,113,38","177,185,82,148,39",4:715:2|4:2:1|4:4:1
ckpt_4700.pt,4,959,0.5324907302856445,0.09919258952140808,0.4687104821205139,"72,109,80,216,62","111,158,70,233,133",4:705:2|4:901:2|4:18:1
ckpt_4700.pt,4,960,0.5979063510894775,0.1247747391462326,0.4903562068939209,"165,182,135,87,235","125,127,66,187,174",4:139:2|4:759:2|4:967:2
ckpt_4700.pt,4,961,0.5366177558898926,0.10887382924556732,0.45008397102355957,"13,227,154,112,47","94,124,25,210,80",4:54:3|4:926:2|4:933:2
ckpt_4700.pt,4,962,0.5917211771011353,0.11535297334194183,0.4718063473701477,"36,26,21,11,116","244,4,109,127,245",4:127:2|4:666:2|4:869:2
ckpt_4700.pt,4,963,0.5620166063308716,0.11108729988336563,0.4770530164241791,"29,5,195,13,250","228,13,21,204,30",4:580:2|4:2:1|4:5:1
ckpt_4700.pt,4,964,0.5889936089515686,0.09887213259935379,0.5200724005699158,"116,27,146,157,6","44,27,96,94,190",4:21:2|4:6:1|4:22:1
ckpt_4700.pt,4,965,0.5393045544624329,0.10414858162403107,0.46784868836402893,"101,205,84,214,45","151,8,9,227,52",4:240:2|4:333:2|4:765:2
ckpt_4700.pt,4,966,0.5533345341682434,0.10834261029958725,0.47995829582214355,"233,82,54,225,89","37,39,108,75,149",4:102:2|4:223:2|4:304:2
ckpt_4700.pt,4,967,0.5238521695137024,0.12306206673383713,0.4431097209453583,"136,87,182,180,27","26,93,215,254,100",4:139:2|4:167:2|4:424:2
ckpt_4700.pt,4,968,0.5120692253112793,0.10824644565582275,0.43425869941711426,"220,38,249,58,89","135,107,91,126,235",4:155:2|4:592:2|4:687:2
ckpt_4700.pt,4,969,0.6155580878257751,0.11043616384267807,0.5284938216209412,"113,156,226,240,185","217,252,248,210,14",4:467:2|4:627:2|4:715:2
ckpt_4700.pt,4,970,0.547632098197937,0.1009889617562294,0.49157193303108215,"96,177,250,214,41","233,14,32,134,98",4:221:2|4:269:2|4:716:2
ckpt_4700.pt,4,971,0.6077616810798645,0.11007363349199295,0.5078938007354736,"71,43,83,190,114","77,124,238,99,119",4:372:2|4:434:2|4:2:1
ckpt_4700.pt,4,972,0.5437889695167542,0.10367188602685928,0.4567457139492035,"142,9,197,133,5","110,121,96,223,36",4:580:3|4:13:2|4:283:2
ckpt_4700.pt,4,973,0.5730419754981995,0.11784252524375916,0.4754558205604553,"51,105,112,76,229","181,67,156,171,229",4:113:2|4:405:2|4:569:2
ckpt_4700.pt,4,974,0.584277331829071,0.15443643927574158,0.4771466851234436,"185,190,204,148,123","25,20,219,122,131",4:126:2|4:418:2|4:941:2
ckpt_4700.pt,4,975,0.5075984001159668,0.07786005735397339,0.4176613986492157,"140,254,12,80,115","50,245,152,59,111",4:105:2|4:770:2|4:774:2
ckpt_4700.pt,4,976,0.5527220964431763,0.10718395560979843,0.4731995165348053,"28,121,231,183,197","21,20,33,15,189",4:7:1|4:11:1|4:23:1
ckpt_4700.pt,4,977,0.549212634563446,0.09846421331167221,0.4418080747127533,"6,140,19,115,219","109,62,139,71,112",4:154:2|4:714:2|4:774:2
ckpt_4700.pt,4,978,0.5450361371040344,0.10230762511491776,0.4808349311351776,"93,59,197,149,164","233,90,39,175,157",4:400:2|4:38:1|4:43:1
ckpt_4700.pt,4,979,0.6629055738449097,0.14374037086963654,0.5542300939559937,"4,85,10,214,191","249,180,203,143,115",4:649:2|4:657:2|4:804:2
ckpt_4700.pt,4,980,0.5335794687271118,0.0927601158618927,0.452900767326355,"75,21,245,163,230","62,165,17,32,214",4:87:2|4:348:2|4:731:2
ckpt_4700.pt,4,981,0.6498081088066101,0.11863037198781967,0.5247219800949097,"20,50,185,143,173","103,96,134,42,135",4:0:1|4:4:1|4:15:1
ckpt_4700.pt,4,982,0.5878844261169434,0.11312462389469147,0.4984373450279236,"101,248,52,188,240","12,229,249,232,238",4:616:2|4:659:2|4:673:2
ckpt_4700.pt,4,983,0.646615743637085,0.11004440486431122,0.5199740529060364,"57,49,2,167,1","17,21,24,152,52",4:150:2|4:214:2|4:399:2
ckpt_4700.pt,4,984,0.554061770439148,0.09696775674819946,0.45195019245147705,"67,137,183,86,219","188,77,197,254,18",4:39:2|4:924:2|4:1022:2
ckpt_4700.pt,4,985,0.6131048798561096,0.11327806860208511,0.4791112542152405,"176,65,252,30,39","32,141,253,79,173",4:197:2|4:228:2|4:927:2
ckpt_4700.pt,4,986,0.5300562381744385,0.11185269057750702,0.46905815601348877,"46,38,130,54,145","173,45,156,52,0",4:461:2|4:538:2|4:693:2
ckpt_4700.pt,4,987,0.6023563742637634,0.12100577354431152,0.4816255271434784,"230,55,40,194,114","186,225,182,158,151",4:430:2|4:643:2|4:661:2
ckpt_4700.pt,4,988,0.516893208026886,0.09285341948270798,0.4322163164615631,"134,159,67,47,77","194,86,154,159,66",4:509:2|4:778:2|4:15:1
ckpt_4700.pt,4,989,0.5018994808197021,0.10326115787029266,0.43391504883766174,"2,213,191,139,125","43,105,206,192,208",4:148:2|4:312:2|4:391:2
ckpt_4700.pt,4,990,0.5808073878288269,0.09947234392166138,0.454735666513443,"146,209,1,237,138","206,69,188,237,61",4:91:2|4:353:2|4:494:2
ckpt_4700.pt,4,991,0.5597854852676392,0.12313088029623032,0.463408887386322,"177,204,243,184,206","245,114,58,95,34",4:192:2|4:522:2|4:702:2
ckpt_4700.pt,4,992,0.5504014492034912,0.10494403541088104,0.4894617199897766,"114,156,51,122,17","180,153,107,13,66",4:528:2|4:665:2|4:764:2
ckpt_4700.pt,4,993,0.5993468761444092,0.11208830028772354,0.4691220223903656,"7,187,4,182,67","29,12,22,26,106",4:121:2|4:290:2|4:508:2
ckpt_4700.pt,4,994,0.6545142531394958,0.13703268766403198,0.5598008632659912,"84,252,25,130,234","205,243,102,89,199",4:17:2|4:3:1|4:4:1
ckpt_4700.pt,4,995,0.5737741589546204,0.10940474271774292,0.509161651134491,"9,5,27,255,21","10,141,252,214,22",4:65:2|4:283:2|4:373:2
ckpt_4700.pt,4,996,0.5935324430465698,0.13887625932693481,0.5301031470298767,"147,140,192,109,52","235,192,99,12,128",4:954:2|4:25:1|4:27:1
ckpt_4700.pt,4,997,0.6257404685020447,0.11951541900634766,0.5005396604537964,"11,71,30,31,154","221,155,147,217,3",4:85:2|4:239:2|4:0:1
ckpt_4700.pt,4,998,0.5819422006607056,0.11158078163862228,0.48296985030174255,"140,126,41,199,209","195,17,10,197,109",4:204:2|4:302:2|4:771:2
ckpt_4700.pt,4,999,0.5516193509101868,0.09968534111976624,0.465295672416687,"127,146,41,166,254","124,27,209,83,225",4:16:2|4:387:2|4:742:2
ckpt_4700.pt,4,1000,0.5376685857772827,0.10200978070497513,0.45928922295570374,"247,95,178,92,182","88,16,151,255,63",4:139:2|4:23:1|4:53:1
ckpt_4700.pt,4,1001,0.5298539996147156,0.10205753892660141,0.4668600857257843,"186,156,20,0,145","60,28,17,89,214",4:416:2|4:499:2|4:750:2
ckpt_4700.pt,4,1002,0.600862443447113,0.11454253643751144,0.47999414801597595,"246,202,14,195,189","28,36,76,216,211",4:220:2|4:2:1|4:7:1
ckpt_4700.pt,4,1003,0.5170035362243652,0.1070462018251419,0.42818981409072876,"24,155,58,60,4","170,112,139,197,2",4:116:2|4:205:2|4:289:2
ckpt_4700.pt,4,1004,0.5627968311309814,0.1018054187297821,0.5079034566879272,"208,103,85,188,8","134,73,38,160,104",4:231:2|4:739:2|4:848:2
ckpt_4700.pt,4,1005,0.49360015988349915,0.08712790906429291,0.4311586022377014,"227,206,102,33,103","234,95,29,244,49",4:217:2|4:775:2|4:8:1
ckpt_4700.pt,4,1006,0.5117279887199402,0.10909000784158707,0.4732661545276642,"181,231,119,38,84","211,13,85,166,65",4:90:2|4:294:2|4:897:2
ckpt_4700.pt,4,1007,0.5826428532600403,0.11151330918073654,0.5021017789840698,"124,223,243,199,24","92,160,210,52,102",4:832:3|4:52:2|4:893:2
ckpt_4700.pt,4,1008,0.5101297497749329,0.12145712971687317,0.4207627773284912,"163,129,152,86,197","141,62,45,21,132",4:187:2|4:265:2|4:367:2
ckpt_4700.pt,4,1009,0.5393665432929993,0.11503615230321884,0.5124192833900452,"205,35,138,212,65","140,248,232,50,18",4:234:2|4:813:2|4:0:1
ckpt_4700.pt,4,1010,0.5647425055503845,0.13332733511924744,0.44946035742759705,"58,217,34,133,63","198,114,69,58,206",4:640:2|4:1017:2|4:1:1
ckpt_4700.pt,4,1011,0.6277234554290771,0.09866522252559662,0.5007429122924805,"105,71,38,16,70","198,135,172,89,242",4:897:2|4:6:1|4:23:1
ckpt_4700.pt,4,1012,0.6150457262992859,0.12577708065509796,0.49367770552635193,"29,216,50,98,147","238,98,245,236,200",4:86:2|4:256:2|4:420:2
ckpt_4700.pt,4,1013,0.543364942073822,0.09198562800884247,0.4460299611091614,"170,230,54,80,29","68,200,143,109,91",4:158:2|4:421:2|4:477:2
ckpt_4700.pt,4,1014,0.520997941493988,0.09724758565425873,0.4498915374279022,"248,168,124,27,198","44,144,195,198,52",4:237:2|4:554:2|4:755:2
ckpt_4700.pt,4,1015,0.542151927947998,0.09775175899267197,0.41882961988449097,"204,252,63,41,137","160,139,202,98,186",4:10:1|4:30:1|4:39:1
ckpt_4700.pt,4,1016,0.5911931395530701,0.10584302246570587,0.5134934186935425,"139,231,163,68,181","111,1,57,149,144",4:120:2|4:325:2|4:731:2
ckpt_4700.pt,4,1017,0.5838092565536499,0.12969397008419037,0.5306558609008789,"217,96,58,60,119","24,189,5,51,174",4:205:2|4:445:2|4:819:2
ckpt_4700.pt,4,1018,0.601050615310669,0.11484627425670624,0.5278573632240295,"89,167,69,242,51","53,147,231,89,100",4:216:2|4:423:2|4:592:2
ckpt_4700.pt,4,1019,0.5739784836769104,0.10393370687961578,0.4831870198249817,"3,215,210,97,184","99,186,122,219,171",4:14:2|4:762:2|4:763:2
ckpt_4700.pt,4,1020,0.5259881615638733,0.0953206941485405,0.45193320512771606,"156,253,173,165,223","95,157,105,58,35",4:18:2|4:36:2|4:98:2
ckpt_4700.pt,4,1021,0.5354987382888794,0.08839943259954453,0.4599267840385437,"206,237,1,39,6","120,68,23,82,72",4:241:2|4:353:2|4:369:2
ckpt_4700.pt,4,1022,0.5738166570663452,0.10890942811965942,0.47831273078918457,"218,137,86,110,97","73,51,6,135,86",4:39:2|4:58:2|4:984:2
ckpt_4700.pt,4,1023,0.5896531939506531,0.11870376020669937,0.5025674700737,"152,190,94,164,95","158,45,118,74,115",4:549:2|4:915:2|4:2:1
ckpt_4700.pt,5,0,0.6034448146820068,0.09466595202684402,0.5151146650314331,"92,87,3,108,36","80,153,63,42,190",5:3:1|5:5:1|5:7:1
ckpt_4700.pt,5,1,0.6160656213760376,0.10222261399030685,0.48798760771751404,"17,142,52,154,98","119,49,12,7,166",5:15:1|5:20:1|5:24:1
ckpt_4700.pt,5,2,0.6387620568275452,0.10251519083976746,0.5437968373298645,"179,167,112,72,120","105,11,182,112,34",5:335:2|5:979:2|5:9:1
ckpt_4700.pt,5,3,0.6064245700836182,0.11931691318750381,0.5282109975814819,"191,87,114,140,86","250,144,213,151,244",5:693:2|5:936:2|5:0:1
ckpt_4700.pt,5,4,0.621462345123291,0.0979292094707489,0.47736331820487976,"99,209,124,131,18","151,153,99,35,135",5:113:2|5:394:2|5:582:2
ckpt_4700.pt,5,5,0.6266496777534485,0.10769607126712799,0.5676615238189697,"3,219,96,246,53","199,58,115,81,130",5:1022:2|5:0:1|5:6:1
ckpt_4700.pt,5,6,0.56894451379776,0.15461501479148865,0.48177599906921387,"117,119,96,125,25","6,227,228,56,197",5:712:2|5:721:2|5:5:1
ckpt_4700.pt,5,7,0.5135040879249573,0.07877587527036667,0.45298609137535095,"168,115,37,202,87","136,243,84,183,69",5:207:2|5:413:2|5:678:2
ckpt_4700.pt,5,8,0.6113046407699585,0.10952568054199219,0.5361420512199402,"162,85,174,70,37","154,165,76,14,78",5:264:2|5:318:2|5:341:2
ckpt_4700.pt,5,9,0.4932060241699219,0.09570750594139099,0.4556143879890442,"112,158,84,212,145","232,29,164,36,35",5:316:2|5:455:2|5:458:2
ckpt_4700.pt,5,10,0.6203060746192932,0.11091809719800949,0.5035635232925415,"103,6,113,102,123","226,93,170,112,149",5:119:2|5:463:2|5:728:2
ckpt_4700.pt,5,11,0.6263918876647949,0.10860630869865417,0.5221466422080994,"235,46,254,134,35","57,96,30,204,234",5:650:2|5:15:1|5:16:1
ckpt_4700.pt,5,12,0.5610637068748474,0.11252009868621826,0.5245662331581116,"248,169,79,106,159","128,153,120,24,67",5:603:2|5:783:2|5:793:2
ckpt_4700.pt,5,13,0.5847412943840027,0.10810872912406921,0.5008724927902222,"109,15,164,50,31","93,189,6,44,127",5:114:2|5:462:2|5:572:2
ckpt_4700.pt,5,14,0.6229562759399414,0.11036695539951324,0.4981282949447632,"207,247,89,83,43","80,117,135,247,202",5:84:2|5:815:2|5:832:2
ckpt_4700.pt,5,15,0.533905029296875,0.10493544489145279,0.47443079948425293,"166,98,173,235,162","53,86,240,116,42",5:186:2|5:206:2|5:530:2
ckpt_4700.pt,5,16,0.4772724509239197,0.08870451152324677,0.4472635090351105,"135,134,79,112,191","191,234,119,248,3",5:407:2|5:2:1|5:3:1
ckpt_4700.pt,5,17,0.6172125935554504,0.10917291045188904,0.5596784353256226,"219,143,5,104,170","217,104,197,137,224",5:37:2|5:350:2|5:451:2
ckpt_4700.pt,5,18,0.6316458582878113,0.13982653617858887,0.523213267326355,"182,34,217,170,179","189,41,223,97,106",5:349:2|5:401:2|5:779:2
ckpt_4700.pt,5,19,0.5895504355430603,0.14427000284194946,0.5089215040206909,"235,131,58,85,251","118,25,224,30,32",5:97:2|5:203:2|5:481:2
ckpt_4700.pt,5,20,0.5630486607551575,0.09902722388505936,0.48979440331459045,"115,198,117,227,52","28,32,45,223,250",5:262:2|5:633:2|5:708:2
ckpt_4700.pt,5,21,0.5448048710823059,0.09647388011217117,0.49944615364074707,"29,49,231,10,181","199,63,197,111,183",5:352:2|5:674:2|5:731:2
ckpt_4700.pt,5,22,0.6122879385948181,0.10058511793613434,0.520688533782959,"86,200,99,144,196","98,67,16,202,153",5:333:2|5:484:2|5:3:1
ckpt_4700.pt,5,23,0.5955821871757507,0.10620974004268646,0.5008198022842407,"141,183,244,2,226","214,151,63,244,201",5:523:2|5:540:2|5:855:2
ckpt_4700.pt,5,24,0.6961787343025208,0.19284917414188385,0.5629016160964966,"60,217,161,67,142","36,44,6,255,157",5:89:2|5:168:2|5:307:2
ckpt_4700.pt,5,25,0.6371300220489502,0.11280728876590729,0.5540485382080078,"226,37,146,79,232","227,59,91,109,204",5:1005:2|5:7:1|5:8:1
ckpt_4700.pt,5,26,0.5032499432563782,0.07640721648931503,0.44486555457115173,"109,42,230,99,87","17,210,231,223,137",5:143:2|5:672:2|5:0:1
ckpt_4700.pt,5,27,0.5135228037834167,0.10112074017524719,0.46805763244628906,"17,89,63,231,24","111,61,194,233,245",5:778:3|5:58:2|5:225:2
ckpt_4700.pt,5,28,0.6207559704780579,0.09738881140947342,0.5148705244064331,"31,46,95,173,228","86,95,55,116,167",5:516:2|5:11:1|5:13:1
ckpt_4700.pt,5,29,0.5835891962051392,0.11009644716978073,0.50302654504776,"85,114,129,199,67","29,143,99,51,73",5:177:2|5:230:2|5:447:2
ckpt_4700.pt,5,30,0.5799256563186646,0.11634577810764313,0.4791918694972992,"98,204,43,7,57","208,202,254,151,16",5:551:2|5:734:2|5:821:2
ckpt_4700.pt,5,31,0.5935377478599548,0.09891313314437866,0.4879751205444336,"35,98,74,40,107","115,15,37,52,80",5:213:2|5:842:2|5:1:1
ckpt_4700.pt,5,32,0.5750452280044556,0.11195951700210571,0.5165532231330872,"154,51,66,179,91","155,207,127,219,15",5:422:2|5:501:2|5:510:2
ckpt_4700.pt,5,33,0.519594132900238,0.11422498524188995,0.4417417347431183,"184,190,239,180,163","209,50,52,110,145",5:82:2|5:342:2|5:947:2
ckpt_4700.pt,5,34,0.6102809906005859,0.09319409728050232,0.5180659890174866,"253,150,54,154,164","175,181,30,154,217",5:185:2|5:286:2|5:606:2
ckpt_4700.pt,5,35,0.5519577860832214,0.1250287890434265,0.5078123211860657,"82,226,27,12,119","49,138,105,167,11",5:929:3|5:107:2|5:523:2
ckpt_4700.pt,5,36,0.6136396527290344,0.12870489060878754,0.5258541107177734,"15,158,79,180,71","52,213,212,224,102",5:254:2|5:593:2|5:974:2
ckpt_4700.pt,5,37,0.5172444581985474,0.10781523585319519,0.4597117006778717,"143,186,104,233,246","89,1,3,234,46",5:17:2|5:451:2|5:655:2
ckpt_4700.pt,5,38,0.5667543411254883,0.11378613114356995,0.4957711696624756,"253,227,245,132,88","63,17,123,224,137",5:70:2|5:741:2|5:20:1
ckpt_4700.pt,5,39,0.6320075392723083,0.14261411130428314,0.5807322263717651,"148,252,229,213,60","38,48,134,159,252",5:55:2|5:131:2|5:24:1
ckpt_4700.pt,5,40,0.6185078024864197,0.11696019023656845,0.5158826112747192,"96,157,66,8,48","89,80,78,187,87",5:56:2|5:171:2|5:570:2
ckpt_4700.pt,5,41,0.5976775884628296,0.11407214403152466,0.5521504878997803,"174,96,72,178,209","92,230,181,176,124",5:74:2|5:635:2|5:831:2
ckpt_4700.pt,5,42,0.5612291693687439,0.09142034500837326,0.5139183402061462,"9,242,65,18,235","248,238,136,149,144",5:749:2|5:4:1|5:11:1
ckpt_4700.pt,5,43,0.5152396559715271,0.10091251879930496,0.49439117312431335,"194,195,203,133,41","215,93,37,56,134",5:65:2|5:446:2|5:527:2
ckpt_4700.pt,5,44,0.7102540731430054,0.1182394027709961,0.5586145520210266,"222,248,136,181,89","37,94,228,92,122",5:76:2|5:436:2|5:810:2
ckpt_4700.pt,5,45,0.6684881448745728,0.14224937558174133,0.5425901412963867,"22,7,253,138,161","1,115,84,114,249",5:163:2|5:326:2|5:552:2
ckpt_4700.pt,5,46,0.5339354872703552,0.09255481511354446,0.466266006231308,"172,91,57,107,234","178,105,72,125,135",5:121:2|5:176:2|5:269:2
ckpt_4700.pt,5,47,0.5568678379058838,0.11997569352388382,0.4809410572052002,"17,29,105,229,214","117,34,200,17,81",5:352:2|5:356:2|5:597:2
ckpt_4700.pt,5,48,0.6288580298423767,0.11035497486591339,0.48380687832832336,"171,70,249,115,173","218,26,119,245,35",5:300:2|5:370:2|5:925:2
ckpt_4700.pt,5,49,0.552394449710846,0.09031952917575836,0.4784157872200012,"91,153,100,168,42","0,150,25,161,46",5:223:2|5:625:2|5:759:2
ckpt_4700.pt,5,50,0.6288851499557495,0.12449358403682709,0.503434956073761,"103,40,193,25,87","225,206,119,140,223",5:841:2|5:0:1|5:3:1
ckpt_4700.pt,5,51,0.5776287317276001,0.09002742171287537,0.5176761150360107,"65,45,14,220,134","170,167,105,39,214",5:450:2|5:699:2|5:11:1
ckpt_4700.pt,5,52,0.5812479257583618,0.12480691075325012,0.5452277064323425,"142,190,71,133,150","233,221,244,148,197",5:338:2|5:680:2|5:948:2
ckpt_4700.pt,5,53,0.6536383628845215,0.1483646035194397,0.5537233948707581,"221,200,153,228,55","25,205,7,48,140",5:72:2|5:22:1|5:28:1
ckpt_4700.pt,5,54,0.5779483914375305,0.09631375223398209,0.5459051132202148,"208,17,226,16,125","204,220,99,7,254",5:1:1|5:6:1|5:23:1
ckpt_4700.pt,5,55,0.5600776076316833,0.09550262242555618,0.46996769309043884,"37,213,97,60,23","219,35,105,231,121",5:39:2|5:285:2|5:476:2
ckpt_4700.pt,5,56,0.5578230619430542,0.09447155892848969,0.5078580379486084,"96,243,192,69,157","43,29,30,206,255",5:40:2|5:5:1|5:6:1
ckpt_4700.pt,5,57,0.4823792576789856,0.0946478620171547,0.436233252286911,"68,117,233,191,111","86,222,116,229,54",5:212:2|5:322:2|5:353:2
ckpt_4700.pt,5,58,0.5609241127967834,0.11438345909118652,0.5174582600593567,"26,24,6,114,231","103,148,163,6,1",5:27:2|5:360:2|5:430:2
ckpt_4700.pt,5,59,0.603016197681427,0.10819197446107864,0.5349793434143066,"24,21,196,199,75","104,252,78,9,168",5:165:2|5:257:2|5:328:2
ckpt_4700.pt,5,60,0.515811562538147,0.10026980936527252,0.4566646218299866,"120,54,5,38,221","65,38,186,150,109",5:379:2|5:428:2|5:915:2
ckpt_4700.pt,5,61,0.5649648904800415,0.10421965271234512,0.5089848637580872,"217,166,49,119,132","218,32,116,70,219",5:636:2|5:849:2|5:6:1
ckpt_4700.pt,5,62,0.6696193814277649,0.12792760133743286,0.5795572400093079,"60,220,190,120,78","62,21,11,24,69",5:134:2|5:695:2|5:744:2
ckpt_4700.pt,5,63,0.6128045320510864,0.10948505997657776,0.5231199860572815,"223,193,136,23,7","188,8,205,203,168",5:422:2|5:476:2|5:534:2
ckpt_4700.pt,5,64,0.622548520565033,0.10880081355571747,0.5105038285255432,"195,53,199,163,153","58,217,54,157,203",5:163:2|5:255:2|5:320:2
ckpt_4700.pt,5,65,0.5143424272537231,0.10943206399679184,0.42154181003570557,"194,82,133,111,45","251,167,232,88,189",5:43:2|5:35:1|5:51:1
ckpt_4700.pt,5,66,0.5439085960388184,0.1053120344877243,0.5194807052612305,"107,6,237,115,178","243,25,149,133,164",5:290:2|5:633:2|5:1003:2
ckpt_4700.pt,5,67,0.6097022891044617,0.10408364236354828,0.5311119556427002,"249,182,1,198,58","193,204,56,77,156",5:110:2|5:234:2|5:271:2
ckpt_4700.pt,5,68,0.6276496052742004,0.10621462762355804,0.5380594730377197,"82,60,5,207,243","249,195,69,24,52",5:290:2|5:410:2|5:737:2
ckpt_4700.pt,5,69,0.6475403308868408,0.1379518061876297,0.5187852382659912,"185,75,102,72,55","252,24,4,243,104",5:96:2|5:386:2|5:463:2
ckpt_4700.pt,5,70,0.674288272857666,0.13529469072818756,0.5406230092048645,"253,30,132,19,3","142,138,178,121,245",5:38:2|5:268:2|5:350:2
ckpt_4700.pt,5,71,0.5242919921875,0.0927877202630043,0.489260733127594,"195,140,5,28,22","102,189,22,5,108",5:330:2|5:334:2|5:414:2
ckpt_4700.pt,5,72,0.531526505947113,0.0778270736336708,0.48336684703826904,"251,200,103,240,55","224,159,115,174,193",5:53:2|5:373:2|5:10:1
ckpt_4700.pt,5,73,0.5663222074508667,0.10215750336647034,0.5027047991752625,"2,114,1,184,97","146,184,249,106,244",5:231:2|5:288:2|5:677:2
ckpt_4700.pt,5,74,0.5393967628479004,0.10439343005418777,0.48846811056137085,"84,175,240,178,72","35,153,216,25,151",5:41:2|5:568:2|5:635:2
ckpt_4700.pt,5,75,0.6033779382705688,0.10025722533464432,0.5118271708488464,"229,228,98,92,11","70,37,116,226,8",5:296:2|5:352:2|5:457:2
ckpt_4700.pt,5,76,0.5170789957046509,0.1189427524805069,0.47531163692474365,"248,222,58,15,177","141,159,4,38,116",5:44:2|5:105:2|5:114:2
ckpt_4700.pt,5,77,0.5682121515274048,0.11251085996627808,0.4750649034976959,"165,188,226,83,69","27,246,112,223,30",5:340:2|5:511:2|5:726:2
ckpt_4700.pt,5,78,0.5084853172302246,0.08445117622613907,0.4478161633014679,"161,87,88,238,116","105,98,166,149,27",5:643:2|5:807:2|5:905:2
ckpt_4700.pt,5,79,0.5933213233947754,0.14516006410121918,0.5055570602416992,"97,6,187,132,164","105,19,26,159,52",5:242:2|5:404:2|5:777:2
ckpt_4700.pt,5,80,0.550065815448761,0.10312280058860779,0.4658154547214508,"28,42,20,8,158","32,141,42,26,33",5:242:2|5:426:2|5:563:2
ckpt_4700.pt,5,81,0.5801229476928711,0.09984245896339417,0.512320339679718,"149,27,16,23,235","3,37,35,222,115",5:277:2|5:302:2|5:485:2
ckpt_4700.pt,5,82,0.5435096025466919,0.09984087198972702,0.44378748536109924,"51,163,190,127,241","60,234,52,174,232",5:319:3|5:33:2|5:510:2
ckpt_4700.pt,5,83,0.568932294845581,0.12271337956190109,0.5017189979553223,"122,225,8,173,120","56,27,92,137,200",5:499:2|5:2:1|5:15:1
ckpt_4700.pt,5,84,0.5757648348808289,0.10919901728630066,0.488300621509552,"52,180,162,247,207","87,96,194,103,77",5:14:2|5:944:2|5:1:1
ckpt_4700.pt,5,85,0.6101018190383911,0.1422889679670334,0.5407787561416626,"81,185,88,17,155","99,141,228,191,88",5:192:2|5:713:2|5:777:2
ckpt_4700.pt,5,86,0.573545515537262,0.10928884893655777,0.5274601578712463,"169,108,59,83,153","31,75,37,92,19",5:125:2|5:255:2|5:0:1
ckpt_4700.pt,5,87,0.6208729147911072,0.1183854267001152,0.5156642198562622,"167,14,178,38,7","86,77,250,93,118",5:332:2|5:408:2|5:744:2
ckpt_4700.pt,5,88,0.6596522331237793,0.1263614147901535,0.5683483481407166,"52,59,194,77,14","140,39,137,135,170",5:737:2|5:958:2|5:1:1
ckpt_4700.pt,5,89,0.6290605664253235,0.1076950654387474,0.5332298278808594,"171,162,194,142,60","251,211,220,125,14",5:24:2|5:346:2|5:869:2
ckpt_4700.pt,5,90,0.5093498826026917,0.09826235473155975,0.46452561020851135,"197,17,253,130,57","243,7,98,78,198",5:336:2|5:634:2|5:785:2
ckpt_4700.pt,5,91,0.5410672426223755,0.09526847302913666,0.47225221991539,"184,30,233,14,44","3,171,225,107,53",5:187:2|5:287:2|5:761:2
ckpt_4700.pt,5,92,0.5901868939399719,0.14994026720523834,0.5310796499252319,"160,109,41,181,241","232,93,113,165,164",5:198:2|5:854:2|5:13:1
ckpt_4700.pt,5,93,0.5567945837974548,0.11430026590824127,0.4647355377674103,"110,121,89,215,40","186,29,211,161,231",5:559:2|5:808:2|5:893:2
ckpt_4700.pt,5,94,0.6476125121116638,0.11602102220058441,0.5304281115531921,"169,126,232,167,143","119,191,217,71,97",5:698:2|5:2:1|5:12:1
ckpt_4700.pt,5,95,0.4403298795223236,0.0759810134768486,0.4025905728340149,"167,227,192,246,1","98,147,8,131,148",5:558:2|5:978:2|5:2:1
ckpt_4700.pt,5,96,0.6079760193824768,0.11657712608575821,0.5049600005149841,"143,159,75,83,55","201,121,45,60,86",5:69:2|5:673:2|5:12:1
ckpt_4700.pt,5,97,0.5537401437759399,0.11855955421924591,0.4504106640815735,"235,37,58,26,233","164,31,63,67,113",5:203:3|5:19:2|5:369:2
ckpt_4700.pt,5,98,0.5614199042320251,0.09646594524383545,0.46553826332092285,"48,154,110,208,166","127,107,168,31,94",5:233:2|5:256:2|5:805:2
ckpt_4700.pt,5,99,0.5655742287635803,0.13170506060123444,0.5231508612632751,"116,101,110,158,104","150,106,191,112,182",5:104:2|5:682:2|5:9:1
ckpt_4700.pt,5,100,0.5326275825500488,0.09772344678640366,0.47871118783950806,"224,156,196,235,11","76,59,38,186,212",5:102:2|5:214:2|5:438:2
ckpt_4700.pt,5,101,0.6872188448905945,0.13619980216026306,0.5452848076820374,"24,158,220,80,205","37,174,83,201,235",5:175:2|5:238:2|5:799:2
ckpt_4700.pt,5,102,0.6006921529769897,0.11120732128620148,0.516442060470581,"35,156,95,75,11","199,48,120,160,107",5:100:2|5:765:2|5:11:1
ckpt_4700.pt,5,103,0.5550454258918762,0.10768605768680573,0.4849645793437958,"160,40,1,65,60","214,200,11,143,114",5:828:2|5:901:2|5:24:1
ckpt_4700.pt,5,104,0.5818716883659363,0.11191517859697342,0.5412309765815735,"183,155,101,26,158","60,230,247,246,141",5:99:2|5:303:2|5:9:1
ckpt_4700.pt,5,105,0.5996599197387695,0.12414690852165222,0.5077461004257202,"222,15,59,237,26","170,146,168,187,103",5:76:2|5:501:2|5:13:1
ckpt_4700.pt,5,106,0.5696647763252258,0.10851132124662399,0.5266964435577393,"189,237,249,201,106","221,86,214,117,141",5:910:2|5:1003:2|5:12:1
ckpt_4700.pt,5,107,0.6156870126724243,0.10676216334104538,0.5513052344322205,"82,226,229,170,15","50,55,161,226,185",5:35:2|5:560:2|5:669:2
ckpt_4700.pt,5,108,0.556279718875885,0.11600322276353836,0.469512015581131,"142,197,163,11,22","101,7,42,143,75",5:617:3|5:444:2|5:814:2
ckpt_4700.pt,5,109,0.4972386956214905,0.10462021082639694,0.42348384857177734,"215,185,29,190,172","161,43,40,83,131",5:192:2|5:233:2|5:465:2
ckpt_4700.pt,5,110,0.6724417209625244,0.14900827407836914,0.5356327295303345,"129,198,58,95,136","131,58,129,27,34",5:67:2|5:418:2|5:688:2
ckpt_4700.pt,5,111,0.49402371048927307,0.08968932926654816,0.4645010828971863,"247,3,202,157,86","167,89,200,209,63",5:208:2|5:400:2|5:773:2
ckpt_4700.pt,5,112,0.5965070724487305,0.10859722644090652,0.501770555973053,"64,10,148,135,46","34,76,159,95,182",5:11:1|5:16:1|5:21:1
ckpt_4700.pt,5,113,0.5800654292106628,0.11412431299686432,0.4822330176830292,"209,205,231,68,131","123,214,234,225,175",5:4:2|5:19:1|5:21:1
ckpt_4700.pt,5,114,0.5484175086021423,0.09255021065473557,0.4919493496417999,"15,142,177,202,164","68,170,3,169,39",5:13:2|5:76:2|5:289:2
ckpt_4700.pt,5,115,0.5309421420097351,0.09892665594816208,0.48056766390800476,"167,129,99,104,137","122,195,68,239,14",5:553:2|5:837:2|5:2:1
ckpt_4700.pt,5,116,0.5026165843009949,0.1104469746351242,0.45316383242607117,"99,32,29,117,82","32,1,145,98,213",5:549:2|5:708:2|5:712:2
ckpt_4700.pt,5,117,0.5159437656402588,0.10775794833898544,0.4729059636592865,"19,249,66,109,191","255,83,78,80,3",5:212:2|5:222:2|5:322:2
ckpt_4700.pt,5,118,0.6290929317474365,0.11638492345809937,0.5326642394065857,"84,14,17,211,85","155,117,67,33,204",5:310:2|5:706:2|5:825:2
ckpt_4700.pt,5,119,0.5154334306716919,0.09289225935935974,0.49228256940841675,"194,6,43,103,16","93,225,9,31,33",5:10:2|5:14:1|5:30:1
ckpt_4700.pt,5,120,0.6253634095191956,0.11983878910541534,0.5302944779396057,"0,232,179,245,46","2,174,241,4,139",5:167:2|5:605:2|5:689:2
ckpt_4700.pt,5,121,0.6293985843658447,0.11128536611795425,0.5419781804084778,"234,149,80,57,4","45,224,44,99,40",5:46:2|5:551:2|5:962:2
ckpt_4700.pt,5,122,0.5788506269454956,0.10960488766431808,0.5162116885185242,"52,178,18,64,184","69,129,4,13,48",5:633:2|5:986:2|5:1:1
ckpt_4700.pt,5,123,0.6266800165176392,0.11463324725627899,0.5092833638191223,"13,171,183,58,15","115,173,143,239,169",5:76:2|5:335:2|5:13:1
ckpt_4700.pt,5,124,0.5045724511146545,0.11388378590345383,0.47436466813087463,"78,119,48,13,172","251,76,146,162,25",5:784:2|5:804:2|5:6:1
ckpt_4700.pt,5,125,0.5196695923805237,0.09383828938007355,0.4468829035758972,"169,38,137,112,108","90,149,241,253,53",5:86:2|5:555:2|5:817:2
ckpt_4700.pt,5,126,0.5266099572181702,0.1247565746307373,0.5127118825912476,"87,101,43,107,214","245,219,2,143,153",5:615:2|5:693:2|5:770:2
ckpt_4700.pt,5,127,0.6375184059143066,0.12095531076192856,0.5473893880844116,"112,163,19,122,220","198,154,132,124,131",5:145:2|5:423:2|5:585:2
ckpt_4700.pt,5,128,0.5201311707496643,0.08645319193601608,0.4492220878601074,"159,92,37,5,171","1,10,204,190,65",5:367:2|5:651:2|5:0:1
ckpt_4700.pt,5,129,0.5750811696052551,0.1063295304775238,0.5063637495040894,"206,61,95,187,181","214,39,172,71,112",5:449:2|5:688:2|5:21:1
ckpt_4700.pt,5,130,0.5932984352111816,0.10853531211614609,0.5088240504264832,"225,143,252,18,123","172,223,181,210,209",5:188:2|5:616:2|5:735:2
ckpt_4700.pt,5,131,0.6828200221061707,0.13863646984100342,0.5589971542358398,"200,148,229,23,35","96,74,127,123,81",5:39:2|5:138:2|5:195:2
ckpt_4700.pt,5,132,0.5759845972061157,0.1079692617058754,0.47704389691352844,"154,10,200,100,82","74,153,216,182,43",5:625:2|5:1:1|5:21:1
ckpt_4700.pt,5,133,0.6231852173805237,0.10786961019039154,0.5256791710853577,"112,95,117,204,131","151,223,187,191,196",5:267:2|5:563:2|5:771:2
ckpt_4700.pt,5,134,0.5560503005981445,0.09719453752040863,0.5144031047821045,"144,220,55,139,78","132,227,133,240,126",5:62:2|5:227:2|5:840:2
ckpt_4700.pt,5,135,0.5378397107124329,0.09241026639938354,0.4980632960796356,"94,194,75,47,90","167,156,100,216,76",5:224:2|5:43:1|5:59:1
ckpt_4700.pt,5,136,0.571475088596344,0.1174531877040863,0.5142956972122192,"163,156,0,202,42","75,143,243,148,133",5:852:2|5:975:2|5:7:1
ckpt_4700.pt,5,137,0.5640184283256531,0.09141189604997635,0.4757089912891388,"209,208,41,98,148","50,247,151,112,41",5:576:2|5:638:2|5:867:2
ckpt_4700.pt,5,138,0.5678415298461914,0.11244277656078339,0.4565945267677307,"23,105,200,104,161","151,212,27,45,20",5:131:2|5:195:2|5:631:2
ckpt_4700.pt,5,139,0.5673191547393799,0.11830849945545197,0.49351048469543457,"8,217,224,81,62","92,99,111,222,161",5:522:2|5:596:2|5:876:2
ckpt_4700.pt,5,140,0.5333672165870667,0.10477827489376068,0.44842180609703064,"121,0,208,95,174","26,140,3,52,2",5:155:2|5:260:2|5:8:1
ckpt_4700.pt,5,141,0.5473716855049133,0.11458531022071838,0.46577540040016174,"126,38,71,185,39","203,143,55,145,135",5:687:2|5:36:1|5:52:1
ckpt_4700.pt,5,142,0.5707347989082336,0.10651496797800064,0.4971693158149719,"55,9,109,48,211","217,229,149,54,46",5:13:1|5:26:1|5:40:1
ckpt_4700.pt,5,143,0.5623562932014465,0.09718264639377594,0.5338169932365417,"204,158,230,99,231","41,187,38,15,111",5:26:2|5:484:2|5:656:2
ckpt_4700.pt,5,144,0.5643879175186157,0.1511051058769226,0.4959886074066162,"214,88,86,35,154","100,61,252,186,101",5:185:2|5:424:2|5:503:2
ckpt_4700.pt,5,145,0.4940657317638397,0.07856957614421844,0.4379052221775055,"163,227,89,220,148","133,7,18,56,163",5:127:2|5:840:2|5:967:2
ckpt_4700.pt,5,146,0.6590699553489685,0.11815541982650757,0.5261532068252563,"38,192,238,62,141","68,42,231,133,17",5:332:3|5:23:1|5:56:1
ckpt_4700.pt,5,147,0.5281819701194763,0.10130667686462402,0.4564822018146515,"153,47,14,111,115","55,17,68,107,7",5:370:2|5:931:2|5:937:2
ckpt_4700.pt,5,148,0.5305755138397217,0.08898068964481354,0.49422183632850647,"228,147,102,93,151","149,41,231,26,240",5:738:2|5:10:1|5:28:1
ckpt_4700.pt,5,149,0.5407922863960266,0.1328335702419281,0.49071255326271057,"148,206,156,234,56","217,51,207,232,109",5:39:1|5:46:1|5:100:1
ckpt_4700.pt,5,150,0.547465443611145,0.10313200205564499,0.47828617691993713,"100,101,0,51,85","6,189,251,49,134",5:447:2|5:550:2|5:624:2
ckpt_4700.pt,5,151,0.4959252178668976,0.08519655466079712,0.43062686920166016,"234,51,211,77,226","32,92,91,61,196",5:23:1|5:25:1|5:32:1
ckpt_4700.pt,5,152,0.6152932643890381,0.12310287356376648,0.5295515060424805,"124,255,81,245,230","149,124,184,70,112",5:727:2|5:4:1|5:26:1
ckpt_4700.pt,5,153,0.5634415149688721,0.09316101670265198,0.49719133973121643,"132,12,181,102,141","65,56,41,105,139",5:614:2|5:1021:2|5:10:1
ckpt_4700.pt,5,154,0.5139545798301697,0.0951908603310585,0.48136523365974426,"56,14,62,135,40","60,21,190,65,150",5:332:2|5:387:2|5:721:2
ckpt_4700.pt,5,155,0.557637631893158,0.115668386220932,0.49805930256843567,"114,107,95,208,79","116,112,110,226,223",5:140:2|5:248:2|5:824:2
ckpt_4700.pt,5,156,0.5796803832054138,0.1274527907371521,0.5257493853569031,"25,182,242,108,16","18,38,217,123,196",5:307:2|5:491:2|5:0:1
ckpt_4700.pt,5,157,0.619869589805603,0.09061218053102493,0.5433499217033386,"202,100,166,150,93","60,144,170,183,72",5:219:2|5:452:2|5:667:2
ckpt_4700.pt,5,158,0.562879204750061,0.0975382849574089,0.5112542510032654,"232,182,30,122,63","241,26,34,61,100",5:171:2|5:191:2|5:271:2
ckpt_4700.pt,5,159,0.6435632109642029,0.11589466035366058,0.5369965434074402,"227,180,230,96,101","182,146,62,237,228",5:415:2|5:5:1|5:6:1
ckpt_4700.pt,5,160,0.5443277955055237,0.10229180008172989,0.49423298239707947,"90,220,69,212,151","150,148,109,86,164",5:204:2|5:483:2|5:783:2
ckpt_4700.pt,5,161,0.5469621419906616,0.09503039717674255,0.4743165373802185,"69,210,56,223,12","150,144,160,83,100",5:312:2|5:35:1|5:56:1
ckpt_4700.pt,5,162,0.6093318462371826,0.1304302215576172,0.5256880521774292,"224,242,147,29,98","108,48,1,79,50",5:473:2|5:1:1|5:15:1
ckpt_4700.pt,5,163,0.5045282244682312,0.08649041503667831,0.4729905128479004,"199,120,138,253,195","144,182,149,73,60",5:45:2|5:64:2|5:320:2
ckpt_4700.pt,5,164,0.5224854946136475,0.09219565987586975,0.4722258448600769,"64,129,186,210,189","155,61,187,19,130",5:282:2|5:29:1|5:37:1
ckpt_4700.pt,5,165,0.5417560338973999,0.11245646327733994,0.501700222492218,"196,3,254,216,75","250,73,244,7,52",5:59:2|5:628:2|5:0:1
ckpt_4700.pt,5,166,0.589118242263794,0.10330918431282043,0.5275965332984924,"36,116,2,166,18","253,83,255,9,36",5:274:2|5:331:2|5:474:2
ckpt_4700.pt,5,167,0.4618089199066162,0.09261135756969452,0.44113558530807495,"76,232,134,179,201","88,254,199,188,116",5:120:2|5:605:2|5:746:2
ckpt_4700.pt,5,168,0.7406895756721497,0.14254683256149292,0.5676919221878052,"143,156,217,191,67","238,73,53,101,192",5:24:2|5:400:2|5:407:2
ckpt_4700.pt,5,169,0.5410072207450867,0.12290851026773453,0.5160890221595764,"173,138,79,197,202","224,169,2,190,109",5:583:2|5:601:2|5:7:1
ckpt_4700.pt,5,170,0.5659527778625488,0.10286076366901398,0.5127070546150208,"198,173,65,44,36","139,32,232,133,21",5:182:2|5:402:2|5:409:2
ckpt_4700.pt,5,171,0.5818701386451721,0.11543171107769012,0.5181229710578918,"63,157,122,244,66","55,71,95,222,227",5:40:2|5:158:2|5:573:2
ckpt_4700.pt,5,172,0.5804869532585144,0.09108030796051025,0.49534451961517334,"27,115,218,160,124","203,69,237,20,142",5:304:2|5:598:2|5:4:1
ckpt_4700.pt,5,173,0.4864083230495453,0.097969189286232,0.4372745454311371,"139,241,132,105,99","44,186,108,23,134",5:356:2|5:575:2|5:4:1
ckpt_4700.pt,5,174,0.5826785564422607,0.10784479230642319,0.4974837601184845,"9,230,201,226,173","7,150,31,93,88",5:583:2|5:839:2|5:15:1
ckpt_4700.pt,5,175,0.6775636076927185,0.12023203819990158,0.53043133020401,"126,24,80,221,246","97,206,69,119,199",5:101:2|5:565:2|5:976:2
ckpt_4700.pt,5,176,0.4965096414089203,0.09497283399105072,0.46326944231987,"91,6,174,57,59","96,151,95,113,123",5:46:2|5:670:2|5:834:2
ckpt_4700.pt,5,177,0.6048290729522705,0.10734966397285461,0.5325571894645691,"114,94,133,67,22","179,136,171,86,60",5:29:2|5:230:2|5:702:2
ckpt_4700.pt,5,178,0.6123326420783997,0.1199762225151062,0.5337022542953491,"27,71,173,94,143","217,158,231,254,209",5:202:2|5:1014:2|5:15:1
ckpt_4700.pt,5,179,0.6022010445594788,0.0974307507276535,0.5017315149307251,"77,22,222,249,212","184,216,28,88,58",5:717:2|5:9:1|5:44:1
ckpt_4700.pt,5,180,0.6842972636222839,0.12051071226596832,0.5330472588539124,"67,213,55,196,123","218,101,69,108,36",5:438:2|5:584:2|5:728:2
ckpt_4700.pt,5,181,0.5638120770454407,0.11538893729448318,0.4793877601623535,"52,43,116,8,136","184,74,87,249,40",5:420:2|5:480:2|5:693:2
ckpt_4700.pt,5,182,0.5869488716125488,0.10174475610256195,0.4979345202445984,"198,247,154,65,102","209,225,42,106,118",5:170:2|5:418:2|5:625:2
ckpt_4700.pt,5,183,0.5429548621177673,0.10094814002513885,0.49170172214508057,"94,179,196,35,168","169,24,27,236,187",5:224:2|5:401:2|5:1014:2
ckpt_4700.pt,5,184,0.5410407781600952,0.12393514811992645,0.49478375911712646,"186,161,207,172,41","198,130,6,227,94",5:687:2|5:872:2|5:14:1
ckpt_4700.pt,5,185,0.6215882897377014,0.124162457883358,0.5257930159568787,"54,154,201,86,205","184,185,35,27,69",5:34:2|5:144:2|5:361:2
ckpt_4700.pt,5,186,0.5416865348815918,0.09288424253463745,0.47969749569892883,"81,162,235,141,252","233,66,86,139,252",5:15:2|5:264:2|5:530:2
ckpt_4700.pt,5,187,0.5822557210922241,0.12243388593196869,0.506790041923523,"184,233,220,66,82","125,234,36,13,212",5:91:2|5:287:2|5:348:2
ckpt_4700.pt,5,188,0.5380701422691345,0.1038045734167099,0.4917161464691162,"18,133,1,220,123","47,78,45,33,146",5:130:2|5:220:2|5:251:2
ckpt_4700.pt,5,189,0.5892268419265747,0.10062683373689651,0.45827752351760864,"81,54,121,171,181","218,108,202,178,170",5:449:2|5:884:2|5:21:1
ckpt_4700.pt,5,190,0.6461756229400635,0.10130954533815384,0.5191508531570435,"91,61,9,81,218","176,202,182,223,143",5:32:1|5:42:1|5:46:1
ckpt_4700.pt,5,191,0.5857195854187012,0.1106916218996048,0.5244676470756531,"182,165,232,212,234","154,4,168,76,207",5:158:2|5:271:2|5:373:2
ckpt_4700.pt,5,192,0.5485714077949524,0.09100331366062164,0.47490936517715454,"172,185,47,30,17","254,191,27,25,135",5:85:2|5:109:2|5:233:2
ckpt_4700.pt,5,193,0.5394020080566406,0.1041785478591919,0.4644612967967987,"222,156,145,29,120","104,132,39,251,188",5:515:2|5:846:2|5:969:2
ckpt_4700.pt,5,194,0.5714749693870544,0.10360585153102875,0.4830330014228821,"206,103,244,129,9","78,134,23,0,232",5:539:2|5:1006:2|5:10:1
ckpt_4700.pt,5,195,0.5742200613021851,0.10648784041404724,0.4773113429546356,"9,23,200,114,90","250,123,196,120,70",5:131:2|5:138:2|5:741:2
ckpt_4700.pt,5,196,0.6183914542198181,0.117088183760643,0.5228213667869568,"173,66,252,151,10","18,189,180,105,55",5:583:2|5:611:2|5:15:1
ckpt_4700.pt,5,197,0.5794752836227417,0.0985259860754013,0.5110487341880798,"150,213,131,214,153","150,212,15,201,41",5:700:3|5:199:2|5:338:2
ckpt_4700.pt,5,198,0.5210796594619751,0.10543064773082733,0.4368971586227417,"109,241,226,76,104","56,159,240,191,224",5:92:2|5:586:2|5:13:1
ckpt_4700.pt,5,199,0.5398727655410767,0.12004922330379486,0.4787364602088928,"213,119,214,30,147","38,19,114,201,231",5:197:2|5:273:2|5:292:2
ckpt_4700.pt,5,200,0.4496060609817505,0.1219259724020958,0.382388710975647,"198,79,63,175,93","160,16,20,120,140",5:225:2|5:532:2|5:778:2
ckpt_4700.pt,5,201,0.5231002569198608,0.11450634896755219,0.4712023138999939,"237,7,85,18,156","243,2,91,227,19",5:247:2|5:4:1|5:8:1
ckpt_4700.pt,5,202,0.6234062910079956,0.13014569878578186,0.527768075466156,"9,80,116,143,27","110,83,38,141,229",5:178:2|5:276:2|5:327:2
ckpt_4700.pt,5,203,0.5719257593154907,0.10729292780160904,0.5354796648025513,"58,105,37,55,235","118,4,98,247,66",5:97:3|5:19:2|5:207:2
ckpt_4700.pt,5,204,0.6175404787063599,0.10035642236471176,0.5395987033843994,"132,101,220,179,151","206,39,143,211,76",5:160:2|5:210:2|5:667:2
ckpt_4700.pt,5,205,0.5691176056861877,0.10293744504451752,0.5072064995765686,"25,11,49,144,52","53,36,159,50,39",5:284:2|5:487:2|5:1:1
ckpt_4700.pt,5,206,0.5779621005058289,0.10885054618120193,0.5151314735412598,"118,162,51,214,166","56,32,150,175,144",5:15:2|5:445:2|5:614:2
ckpt_4700.pt,5,207,0.6058910489082336,0.11048080772161484,0.5352718234062195,"75,37,105,57,168","63,45,251,137,0",5:7:2|5:203:2|5:856:2
ckpt_4700.pt,5,208,0.6087856888771057,0.10373241454362869,0.5350103974342346,"11,243,113,3,247","39,207,215,153,173",5:111:2|5:246:2|5:776:2
ckpt_4700.pt,5,209,0.5997241139411926,0.13198643922805786,0.5227937698364258,"154,129,219,224,131","96,126,145,48,238",5:233:2|5:424:2|5:582:2
ckpt_4700.pt,5,210,0.6083204746246338,0.11104534566402435,0.5330914258956909,"152,151,49,50,101","88,98,85,54,172",5:204:2|5:13:1|5:21:1
ckpt_4700.pt,5,211,0.5548590421676636,0.09369705617427826,0.5161974430084229,"156,249,101,6,122","114,178,111,149,204",5:10:1|5:48:1|5:58:1
ckpt_4700.pt,5,212,0.5812608599662781,0.11659000813961029,0.533360481262207,"100,111,186,191,19","135,121,228,5,94",5:57:2|5:117:2|5:219:2
ckpt_4700.pt,5,213,0.5321198105812073,0.08910735696554184,0.4910028576850891,"102,35,107,54,173","78,197,138,93,104",5:31:2|5:933:2|5:936:2
ckpt_4700.pt,5,214,0.5903094410896301,0.11192716658115387,0.5175930261611938,"204,60,214,156,224","217,154,234,137,10",5:100:2|5:445:2|5:503:2
ckpt_4700.pt,5,215,0.5650991797447205,0.11421527713537216,0.5036452412605286,"100,23,33,231,155","85,112,141,89,37",5:21:1|5:27:1|5:49:1
ckpt_4700.pt,5,216,0.6097538471221924,0.11304528266191483,0.5041460990905762,"54,108,24,72,195","243,63,235,37,80",5:879:2|5:960:2|5:0:1
ckpt_4700.pt,5,217,0.5396890640258789,0.11260803043842316,0.4553552269935608,"85,184,157,175,98","63,234,245,190,150",5:1:1|5:8:1|5:15:1
ckpt_4700.pt,5,218,0.541546106338501,0.0946740135550499,0.4988398849964142,"37,86,254,186,21","70,91,56,45,59",5:503:2|5:875:2|5:920:2
ckpt_4700.pt,5,219,0.5519704222679138,0.1143420934677124,0.5167104005813599,"100,166,129,191,243","17,14,230,253,229",5:157:2|5:212:2|5:3:1
ckpt_4700.pt,5,220,0.5805485844612122,0.13430313766002655,0.5104211568832397,"28,222,223,18,1","204,148,37,137,109",5:188:2|5:329:2|5:811:2
ckpt_4700.pt,5,221,0.6001704335212708,0.12354370206594467,0.5295721888542175,"12,45,219,215,236","2,166,138,127,108",5:363:2|5:500:2|5:540:2
ckpt_4700.pt,5,222,0.5331850647926331,0.09636110067367554,0.4624732732772827,"201,212,191,19,196","116,89,216,170,1",5:117:2|5:212:2|5:337:2
ckpt_4700.pt,5,223,0.592983067035675,0.09948955476284027,0.5018294453620911,"20,91,100,176,84","119,249,154,234,251",5:49:2|5:314:2|5:344:2
ckpt_4700.pt,5,224,0.6063546538352966,0.1415920853614807,0.49045073986053467,"7,47,94,198,35","158,97,69,191,245",5:135:2|5:183:2|5:364:2
ckpt_4700.pt,5,225,0.6211245656013489,0.10890402644872665,0.5173170566558838,"63,50,209,198,17","252,1,192,159,225",5:265:3|5:27:2|5:200:2
ckpt_4700.pt,5,226,0.5428755283355713,0.10685104876756668,0.4983884394168854,"164,134,74,32,9","138,28,226,117,27",5:431:2|5:462:2|5:592:2
ckpt_4700.pt,5,227,0.646723747253418,0.1540997177362442,0.4979596436023712,"130,144,171,220,71","105,217,196,188,130",5:134:2|5:423:2|5:464:2
ckpt_4700.pt,5,228,0.5644863247871399,0.10040906071662903,0.49080023169517517,"191,126,49,91,145","64,212,130,46,178",5:284:2|5:836:2|5:991:2
ckpt_4700.pt,5,229,0.5895964503288269,0.0960850641131401,0.5527443885803223,"0,9,105,128,204","190,100,174,90,200",5:689:2|5:851:2|5:30:1
ckpt_4700.pt,5,230,0.5126615166664124,0.11106688529253006,0.4463116228580475,"190,114,7,67,134","225,201,148,244,169",5:29:2|5:177:2|5:534:2
ckpt_4700.pt,5,231,0.5646700859069824,0.11352917551994324,0.5015403628349304,"2,0,206,132,114","105,210,200,122,233",5:73:2|5:3:1|5:23:1
ckpt_4700.pt,5,232,0.5495153665542603,0.0969904214143753,0.46486350893974304,"44,182,124,101,166","181,229,208,52,243",5:4:1|5:15:1|5:18:1
ckpt_4700.pt,5,233,0.5891247391700745,0.11704954504966736,0.5313665866851807,"185,154,131,172,208","48,114,222,52,5",5:98:2|5:109:2|5:192:2
ckpt_4700.pt,5,234,0.621350109577179,0.1400728076696396,0.53425532579422,"58,182,80,227,190","0,17,36,167,202",5:67:2|5:517:2|5:704:2
ckpt_4700.pt,5,235,0.5880805253982544,0.1175251379609108,0.4920099675655365,"123,157,162,13,217","57,227,211,11,202",5:400:2|5:804:2|5:846:2
ckpt_4700.pt,5,236,0.43888533115386963,0.09622491896152496,0.4049254059791565,"93,115,28,101,105","195,148,100,98,185",5:578:2|5:891:2|5:7:1
ckpt_4700.pt,5,237,0.6206735372543335,0.13270097970962524,0.535224199295044,"75,154,255,181,39","97,64,99,218,57",5:277:2|5:927:2|5:952:2
ckpt_4700.pt,5,238,0.6053142547607422,0.12666596472263336,0.5455653667449951,"158,154,11,220,225","106,136,143,8,54",5:101:2|5:426:2|5:799:2
ckpt_4700.pt,5,239,0.5638415813446045,0.1063740998506546,0.5082036256790161,"226,220,124,4,87","203,102,67,122,229",5:551:2|5:768:2|5:982:2
ckpt_4700.pt,5,240,0.6392675638198853,0.1409258246421814,0.5931064486503601,"177,250,82,199,186","16,224,199,211,238",5:980:2|5:987:2|5:29:1
ckpt_4700.pt,5,241,0.5700669288635254,0.12772008776664734,0.5084270238876343,"253,204,228,34,144","117,18,221,183,204",5:447:2|5:640:2|5:18:1
ckpt_4700.pt,5,242,0.5576672554016113,0.11130453646183014,0.48307153582572937,"80,97,164,28,20","40,117,46,222,64",5:79:2|5:80:2|5:662:2
ckpt_4700.pt,5,243,0.49116212129592896,0.08531777560710907,0.4845282733440399,"51,135,13,27,239","220,2,226,196,102",5:16:1|5:32:1|5:33:1
ckpt_4700.pt,5,244,0.6015526652336121,0.1357671469449997,0.534107506275177,"12,74,33,71,152","85,139,86,218,197",5:308:2|5:453:2|5:544:2
ckpt_4700.pt,5,245,0.5630993247032166,0.12277329713106155,0.49405887722969055,"122,242,185,87,245","140,70,41,123,135",5:716:2|5:770:2|5:963:2
ckpt_4700.pt,5,246,0.517867922782898,0.09315972030162811,0.46805739402770996,"3,243,185,128,58","226,230,222,96,197",5:208:2|5:776:2|5:884:2
ckpt_4700.pt,5,247,0.5846860408782959,0.11708547919988632,0.5026751756668091,"151,7,225,156,76","158,98,227,119,154",5:201:2|5:765:2|5:30:1
ckpt_4700.pt,5,248,0.5752377510070801,0.10015764087438583,0.5137467384338379,"196,107,22,79,10","177,109,16,147,236",5:155:2|5:337:2|5:391:2
ckpt_4700.pt,5,249,0.5721942186355591,0.10872217267751694,0.5107981562614441,"41,238,11,80,17","56,116,114,28,15",5:1:1|5:27:1|5:43:1
ckpt_4700.pt,5,250,0.5690838098526001,0.10210897773504257,0.49311113357543945,"34,73,19,47,142","51,113,190,213,183",5:1:1|5:18:1|5:24:1
ckpt_4700.pt,5,251,0.5180268883705139,0.08675478398799896,0.4449057877063751,"42,228,51,123,220","74,30,172,113,199",5:423:3|5:188:2|5:584:2
ckpt_4700.pt,5,252,0.5309898853302002,0.10115192085504532,0.48220792412757874,"30,134,154,216,217","71,118,154,142,40",5:407:2|5:493:2|5:896:2
ckpt_4700.pt,5,253,0.5428519248962402,0.10991695523262024,0.517724871635437,"102,205,187,108,139","22,190,217,74,202",5:454:2|5:627:2|5:0:1
ckpt_4700.pt,5,254,0.5922833681106567,0.12811720371246338,0.5391131043434143,"15,90,180,61,139","65,83,75,132,152",5:36:2|5:293:2|5:477:2
ckpt_4700.pt,5,255,0.5961060523986816,0.1392183154821396,0.4851354956626892,"153,163,141,169,154","100,170,104,142,50",5:64:2|5:86:2|5:548:2
ckpt_4700.pt,5,256,0.461372971534729,0.09577945619821548,0.41848862171173096,"48,200,188,84,110","184,157,236,248,147",5:98:2|5:372:2|5:887:2
ckpt_4700.pt,5,257,0.5483590960502625,0.09648466855287552,0.4532407224178314,"75,171,46,41,24","59,18,56,2,84",5:59:2|5:355:2|5:593:2
ckpt_4700.pt,5,258,0.5872535705566406,0.11208254098892212,0.5261282920837402,"96,144,225,201,254","167,88,252,169,202",5:333:2|5:650:2|5:739:2
ckpt_4700.pt,5,259,0.6047655344009399,0.13215582072734833,0.5576801300048828,"36,31,57,28,113","131,175,47,245,193",5:269:2|5:368:2|5:620:2
ckpt_4700.pt,5,260,0.6394393444061279,0.1087963730096817,0.5131949186325073,"34,135,95,145,174","103,213,102,191,182",5:140:2|5:752:2|5:904:2
ckpt_4700.pt,5,261,0.5633996725082397,0.0977121889591217,0.4693039059638977,"169,75,13,229,237","40,165,172,140,148",5:694:2|5:822:2|5:857:2
ckpt_4700.pt,5,262,0.6333611607551575,0.13222022354602814,0.5235438346862793,"174,98,99,198,227","9,120,253,131,129",5:20:2|5:595:2|5:708:2
ckpt_4700.pt,5,263,0.5127705931663513,0.11295865476131439,0.48098617792129517,"155,169,55,179,15","251,128,223,169,2",5:882:2|5:1015:2|5:2:1
ckpt_4700.pt,5,264,0.5645137429237366,0.09302778542041779,0.540056049823761,"162,81,228,37,227","159,132,131,153,252",5:8:2|5:186:2|5:558:2
ckpt_4700.pt,5,265,0.587874174118042,0.09793442487716675,0.4901596009731293,"17,50,28,198,61","139,12,130,220,22",5:225:3|5:266:2|5:748:2
ckpt_4700.pt,5,266,0.5422102808952332,0.1087564155459404,0.5083735585212708,"4,17,61,65,63","50,209,96,57,180",5:27:2|5:225:2|5:265:2
ckpt_4700.pt,5,267,0.4991363286972046,0.0875234305858612,0.45972388982772827,"117,104,63,131,174","89,15,24,56,225",5:133:2|5:712:2|5:4:1
ckpt_4700.pt,5,268,0.5455824136734009,0.10927070677280426,0.4868467450141907,"98,32,30,168,253","55,234,222,12,162",5:70:2|5:1:1|5:7:1
ckpt_4700.pt,5,269,0.5931545495986938,0.10613066703081131,0.5051029324531555,"57,154,113,172,112","54,97,109,25,244",5:46:2|5:233:2|5:259:2
ckpt_4700.pt,5,270,0.5627803802490234,0.10525891929864883,0.5000296235084534,"161,119,177,123,243","80,82,161,103,44",5:514:2|5:6:1|5:10:1
ckpt_4700.pt,5,271,0.628132164478302,0.12031380087137222,0.4795078635215759,"182,232,15,78,198","96,131,5,153,123",5:67:2|5:158:2|5:191:2
ckpt_4700.pt,5,272,0.5411586761474609,0.10831785947084427,0.49924731254577637,"77,83,74,85,39","207,213,184,169,147",5:8:1|5:14:1|5:19:1
ckpt_4700.pt,5,273,0.6095965504646301,0.10887651890516281,0.5322219729423523,"158,119,107,30,77","167,120,88,231,146",5:199:2|5:292:2|5:391:2
ckpt_4700.pt,5,274,0.6160144805908203,0.1432027667760849,0.5224184393882751,"37,215,18,116,113","94,226,186,91,248",5:166:2|5:500:2|5:878:2
ckpt_4700.pt,5,275,0.4748915135860443,0.08207676559686661,0.42897117137908936,"250,14,113,228,217","45,99,122,82,208",5:469:2|5:755:2|5:10:1
ckpt_4700.pt,5,276,0.5419008731842041,0.12030653655529022,0.4509773552417755,"124,168,236,143,80","235,194,0,73,100",5:202:2|5:860:2|5:4:1
ckpt_4700.pt,5,277,0.6230753064155579,0.13138408958911896,0.549329400062561,"149,255,23,166,75","82,96,245,108,106",5:81:2|5:237:2|5:302:2
ckpt_4700.pt,5,278,0.6049277186393738,0.13521355390548706,0.5066447257995605,"157,64,113,225,242","11,132,5,151,51",5:816:2|5:10:1|5:40:1
ckpt_4700.pt,5,279,0.5731353759765625,0.10778370499610901,0.5196378231048584,"245,75,7,111,238","28,64,154,142,55",5:30:1|5:38:1|5:45:1
ckpt_4700.pt,5,280,0.6104175448417664,0.10711520910263062,0.5246024131774902,"240,69,214,26,140","17,228,208,170,132",5:506:2|5:3:1|5:47:1
ckpt_4700.pt,5,281,0.6024949550628662,0.14454428851604462,0.5146138072013855,"30,71,248,246,88","254,66,172,37,51",5:464:2|5:753:2|5:5:1
ckpt_4700.pt,5,282,0.5779599547386169,0.11113489419221878,0.502894401550293,"24,226,64,189,81","219,123,94,77,146",5:164:2|5:23:1|5:25:1
ckpt_4700.pt,5,283,0.5605067610740662,0.14268413186073303,0.503127932548523,"209,9,147,140,39","4,151,71,81,174",5:436:2|5:589:2|5:3:1
ckpt_4700.pt,5,284,0.5538806319236755,0.11061327159404755,0.5040612816810608,"191,84,107,49,25","62,149,137,171,192",5:205:2|5:228:2|5:322:2
ckpt_4700.pt,5,285,0.6146438717842102,0.11576414108276367,0.5490270256996155,"223,2,37,62,213","55,206,18,47,193",5:55:2|5:329:2|5:476:2
ckpt_4700.pt,5,286,0.5457713007926941,0.10380502790212631,0.4610159993171692,"27,81,192,154,253","62,36,121,131,170",5:34:2|5:434:2|5:459:2
ckpt_4700.pt,5,287,0.4917248487472534,0.08798793703317642,0.4538330137729645,"5,184,233,147,115","110,228,243,83,193",5:91:2|5:187:2|5:348:2
ckpt_4700.pt,5,288,0.656118631362915,0.11568330228328705,0.5542640686035156,"210,97,192,114,158","99,64,11,134,57",5:73:2|5:707:2|5:724:2
ckpt_4700.pt,5,289,0.5497223734855652,0.08827220648527145,0.4994879961013794,"164,121,177,30,222","152,200,145,196,251",5:76:2|5:114:2|5:774:2
ckpt_4700.pt,5,290,0.5867359042167664,0.10718417167663574,0.49096816778182983,"202,5,6,107,207","67,81,89,112,145",5:66:2|5:68:2|5:320:2
ckpt_4700.pt,5,291,0.6306986808776855,0.10793860256671906,0.5203921794891357,"155,230,194,243,107","113,36,75,54,233",5:410:2|5:482:2|5:668:2
ckpt_4700.pt,5,292,0.5668956637382507,0.10675712674856186,0.49001869559288025,"254,30,140,119,127","135,25,100,173,26",5:199:2|5:273:2|5:506:2
ckpt_4700.pt,5,293,0.6066930890083313,0.11582924425601959,0.5139167308807373,"45,61,197,90,234","138,82,208,49,13",5:254:2|5:993:2|5:46:1
ckpt_4700.pt,5,294,0.5770321488380432,0.12733516097068787,0.537721574306488,"234,37,138,49,208","116,158,246,96,224",5:365:2|5:602:2|5:636:2
ckpt_4700.pt,5,295,0.5724524259567261,0.10038118064403534,0.525323212146759,"131,197,123,227,165","104,83,101,180,244",5:4:1|5:10:1|5:19:1
ckpt_4700.pt,5,296,0.5089149475097656,0.11411142349243164,0.4450715482234955,"12,101,229,98,159","73,39,57,171,34",5:75:2|5:1:1|5:12:1
ckpt_4700.pt,5,297,0.6164820194244385,0.13546226918697357,0.5279595255851746,"190,148,202,178,17","85,18,166,154,0",5:840:2|5:1:1|5:7:1
ckpt_4700.pt,5,298,0.5827931761741638,0.11308752745389938,0.4946218430995941,"183,12,115,10,122","228,151,154,177,209",5:460:2|5:809:2|5:1002:2
ckpt_4700.pt,5,299,0.5262278318405151,0.11257632821798325,0.46208807826042175,"56,18,201,182,158","56,62,214,230,78",5:4:1|5:9:1|5:18:1
ckpt_4700.pt,5,300,0.5379552245140076,0.09941963106393814,0.508649468421936,"173,249,93,61,99","224,61,206,230,73",5:48:2|5:4:1|5:15:1
ckpt_4700.pt,5,301,0.5659169554710388,0.09914837032556534,0.5049863457679749,"164,84,139,223,199","239,154,133,209,140",5:310:2|5:455:2|5:9:1
ckpt_4700.pt,5,302,0.5168535113334656,0.08495029807090759,0.4625639021396637,"43,23,203,3,149","205,62,119,107,32",5:81:2|5:277:2|5:581:2
ckpt_4700.pt,5,303,0.5824320316314697,0.1053035631775856,0.48131105303764343,"1,251,54,158,183","162,18,171,48,242",5:104:2|5:828:2|5:9:1
ckpt_4700.pt,5,304,0.5966622233390808,0.10457789152860641,0.532892644405365,"160,50,140,172,218","201,19,226,146,96",5:172:2|5:482:2|5:648:2
ckpt_4700.pt,5,305,0.5485219359397888,0.11342370510101318,0.48379021883010864,"52,186,29,133,174","147,113,197,85,114",5:562:2|5:629:2|5:702:2
ckpt_4700.pt,5,306,0.6362139582633972,0.09989199787378311,0.5335178375244141,"195,206,121,209,64","22,75,4,181,193",5:612:2|5:715:2|5:4:1
ckpt_4700.pt,5,307,0.5682635307312012,0.11767751723527908,0.4659351110458374,"60,25,67,108,228","43,253,162,178,159",5:24:2|5:156:2|5:0:1
ckpt_4700.pt,5,308,0.6417334079742432,0.10824800282716751,0.565907895565033,"33,215,57,152,170","25,174,101,188,59",5:244:2|5:17:1|5:18:1
ckpt_4700.pt,5,309,0.5167480111122131,0.08949253708124161,0.4563731253147125,"251,191,255,59,27","190,19,246,114,21",5:343:2|5:903:2|5:3:1
ckpt_4700.pt,5,310,0.6368359327316284,0.15678568184375763,0.4979451894760132,"138,17,108,223,84","250,22,197,89,94",5:118:2|5:301:2|5:344:2
ckpt_4700.pt,5,311,0.5839046239852905,0.12637732923030853,0.5002381801605225,"104,223,79,132,120","171,21,56,242,39",5:2:1|5:12:1|5:16:1
ckpt_4700.pt,5,312,0.6378766894340515,0.12011469900608063,0.5429669618606567,"56,21,69,73,203","177,67,160,151,204",5:161:2|5:43:1|5:56:1
ckpt_4700.pt,5,313,0.5967203974723816,0.1030082106590271,0.5208263993263245,"13,85,62,54,148","65,209,13,102,92",5:486:2|5:694:2|5:8:1
ckpt_4700.pt,5,314,0.5306907892227173,0.09620746970176697,0.44982680678367615,"176,91,80,47,26","25,159,135,236,182",5:223:2|5:565:2|5:32:1
ckpt_4700.pt,5,315,0.55202716588974,0.09746146202087402,0.5130265951156616,"132,86,51,219,108","199,13,63,210,214",5:350:2|5:483:2|5:1022:2
ckpt_4700.pt,5,316,0.5904353260993958,0.10888607054948807,0.5239392518997192,"250,229,125,112,158","29,69,216,39,44",5:9:2|5:469:2|5:484:2
ckpt_4700.pt,5,317,0.638023853302002,0.14880529046058655,0.5221453905105591,"182,99,195,130,208","96,55,120,217,38",5:401:2|5:496:2|5:529:2
ckpt_4700.pt,5,318,0.5595430135726929,0.12313568592071533,0.4842183291912079,"214,41,85,37,4","21,31,143,225,123",5:8:2|5:683:2|5:781:2
ckpt_4700.pt,5,319,0.5348758101463318,0.10949072241783142,0.4451259970664978,"198,127,51,246,163","182,109,229,193,98",5:82:3|5:510:2|5:655:2
ckpt_4700.pt,5,320,0.599146842956543,0.10781755298376083,0.5132192373275757,"6,168,207,195,199","212,246,82,14,62",5:64:2|5:163:2|5:290:2
ckpt_4700.pt,5,321,0.5458390712738037,0.08855753391981125,0.49950549006462097,"201,236,75,184,51","69,120,248,85,86",5:468:3|5:917:2|5:32:1
ckpt_4700.pt,5,322,0.6004396677017212,0.10957492887973785,0.5296500325202942,"109,25,118,68,191","112,92,22,188,52",5:57:2|5:117:2|5:284:2
ckpt_4700.pt,5,323,0.629670262336731,0.14565420150756836,0.5415557026863098,"171,135,117,50,209","218,201,20,98,21",5:225:2|5:613:2|5:968:2
ckpt_4700.pt,5,324,0.5687851905822754,0.12364504486322403,0.4922924041748047,"144,248,19,236,245","165,228,141,28,122",5:464:2|5:12:1|5:22:1
ckpt_4700.pt,5,325,0.5096408724784851,0.09683256596326828,0.45677897334098816,"240,146,15,107,190","57,252,9,17,56",5:576:2|5:695:2|5:842:2
ckpt_4700.pt,5,326,0.6210067272186279,0.11620538681745529,0.5074881315231323,"229,97,161,7,70","178,68,130,93,173",5:45:2|5:604:2|5:8:1
ckpt_4700.pt,5,327,0.5676049590110779,0.10564224421977997,0.48016202449798584,"27,9,169,223,14","245,78,246,163,20",5:202:2|5:329:2|5:555:2
ckpt_4700.pt,5,328,0.5042382478713989,0.09593189507722855,0.47567692399024963,"20,127,199,17,196","247,41,18,156,248",5:59:2|5:907:2|5:911:2
ckpt_4700.pt,5,329,0.5505750179290771,0.12082122266292572,0.4811183512210846,"223,222,9,62,63","238,162,56,252,101",5:220:2|5:285:2|5:327:2
ckpt_4700.pt,5,330,0.5894387364387512,0.1220647469162941,0.5119116902351379,"195,134,140,116,91","26,123,93,5,241",5:71:2|5:334:2|5:591:2
ckpt_4700.pt,5,331,0.5399558544158936,0.1377061903476715,0.4637712836265564,"36,2,197,216,149","17,189,89,143,109",5:166:2|5:474:2|5:538:2
ckpt_4700.pt,5,332,0.5315857529640198,0.0932849645614624,0.49489617347717285,"1,38,62,14,141","151,176,208,88,150",5:146:3|5:87:2|5:154:2
ckpt_4700.pt,5,333,0.5063039064407349,0.09743762761354446,0.45807406306266785,"99,202,96,141,144","109,198,105,163,248",5:22:2|5:258:2|5:488:2
ckpt_4700.pt,5,334,0.5560104846954346,0.08887447416782379,0.499246209859848,"52,195,140,183,90","139,60,134,176,222",5:71:2|5:330:2|5:693:2
ckpt_4700.pt,5,335,0.5354225635528564,0.09743703901767731,0.4790417551994324,"184,167,58,13,120","79,177,24,87,128",5:2:2|5:123:2|5:19:1
ckpt_4700.pt,5,336,0.48158058524131775,0.08541984111070633,0.4383634030818939,"57,106,32,17,10","116,244,39,100,66",5:90:2|5:450:2|5:466:2
ckpt_4700.pt,5,337,0.5957019925117493,0.12678267061710358,0.505445122718811,"201,139,91,196,10","59,189,245,242,152",5:222:2|5:248:2|5:345:2
ckpt_4700.pt,5,338,0.5858951210975647,0.12019842863082886,0.5135018229484558,"86,131,5,190,150","29,88,38,121,0",5:52:2|5:197:2|5:513:2
ckpt_4700.pt,5,339,0.6250318288803101,0.13257651031017303,0.5064118504524231,"239,154,212,23,122","99,87,244,185,231",5:459:2|5:733:2|5:786:2
ckpt_4700.pt,5,340,0.586971640586853,0.12012946605682373,0.5226189494132996,"15,188,30,213,165","237,106,145,162,203",5:77:2|5:199:2|5:364:2
ckpt_4700.pt,5,341,0.5481159090995789,0.11400527507066727,0.5121539831161499,"58,174,244,70,107","254,132,80,176,63",5:8:2|5:359:2|5:904:2
ckpt_4700.pt,5,342,0.5875117182731628,0.10106466710567474,0.517587423324585,"4,180,140,45,184","136,179,238,7,142",5:33:2|5:397:2|5:974:2
ckpt_4700.pt,5,343,0.5407836437225342,0.09646297246217728,0.4864385724067688,"251,229,27,138,31","154,103,187,62,94",5:309:2|5:489:2|5:581:2
ckpt_4700.pt,5,344,0.5329471230506897,0.11990353465080261,0.49383673071861267,"84,108,71,121,91","85,81,125,171,24",5:223:2|5:310:2|5:427:2
ckpt_4700.pt,5,345,0.6735759377479553,0.10587432235479355,0.5551244020462036,"196,88,1,208,201","86,118,172,213,81",5:222:2|5:337:2|5:401:2
ckpt_4700.pt,5,346,0.5943526029586792,0.10443071275949478,0.504054605960846,"54,162,212,149,142","137,228,122,7,51",5:89:2|5:1:1|5:8:1
ckpt_4700.pt,5,347,0.6183815002441406,0.11676715314388275,0.5030139088630676,"137,187,234,229,117","225,48,34,165,44",5:6:1|5:20:1|5:39:1
ckpt_4700.pt,5,348,0.5834506154060364,0.11150383949279785,0.5026180744171143,"183,233,220,147,86","224,204,134,131,73",5:187:2|5:287:2|5:435:2
ckpt_4700.pt,5,349,0.4654417037963867,0.10208842158317566,0.45184004306793213,"182,63,129,217,40","36,102,146,160,39",5:18:2|5:158:2|5:390:2
ckpt_4700.pt,5,350,0.4930832087993622,0.1028006449341774,0.46007177233695984,"230,219,170,30,132","5,85,51,135,248",5:17:2|5:70:2|5:315:2
ckpt_4700.pt,5,351,0.5659589767456055,0.116222083568573,0.48409178853034973,"184,37,207,185,145","177,151,195,230,144",5:677:2|5:729:2|5:737:2
ckpt_4700.pt,5,352,0.5742223262786865,0.10248035937547684,0.48774418234825134,"229,109,228,49,29","45,141,224,116,181",5:21:2|5:47:2|5:75:2
ckpt_4700.pt,5,353,0.6279721260070801,0.12121203541755676,0.5769488215446472,"67,111,225,243,233","183,239,203,35,118",5:57:2|5:451:2|5:675:2
ckpt_4700.pt,5,354,0.5301430225372314,0.10108523070812225,0.48348650336265564,"161,159,93,44,152","45,58,161,240,227",5:532:2|5:733:2|5:761:2
ckpt_4700.pt,5,355,0.5668238997459412,0.1084510087966919,0.509374737739563,"41,75,239,112,253","245,140,22,233,64",5:965:3|5:257:2|5:391:2
ckpt_4700.pt,5,356,0.5463677048683167,0.10664984583854675,0.4684899151325226,"105,172,163,132,229","71,94,3,233,68",5:47:2|5:173:2|5:404:2
ckpt_4700.pt,5,357,0.5912837982177734,0.10785839706659317,0.5177943110466003,"65,251,66,24,153","145,236,206,244,107",5:829:2|5:19:1|5:27:1
ckpt_4700.pt,5,358,0.5428206324577332,0.10339511185884476,0.4649571180343628,"174,166,179,192,125","17,30,2,73,34",5:509:2|5:1023:2|5:2:1
ckpt_4700.pt,5,359,0.453265905380249,0.09290697425603867,0.39909887313842773,"172,116,80,244,174","253,77,127,164,111",5:202:2|5:341:2|5:835:2
ckpt_4700.pt,5,360,0.5321440100669861,0.1051589697599411,0.45937731862068176,"114,173,15,92,24","10,23,14,179,90",5:58:2|5:734:2|5:832:2
ckpt_4700.pt,5,361,0.6205422282218933,0.10335125774145126,0.545760989189148,"41,58,54,216,201","51,219,179,92,241",5:185:2|5:374:2|5:478:2
ckpt_4700.pt,5,362,0.5715651512145996,0.10369638353586197,0.47873854637145996,"141,33,166,176,0","11,127,67,209,179",5:865:2|5:15:1|5:23:1
ckpt_4700.pt,5,363,0.5115553140640259,0.09172620624303818,0.4607003927230835,"219,99,80,45,128","90,146,123,247,231",5:221:2|5:4:1|5:5:1
ckpt_4700.pt,5,364,0.5908757448196411,0.11720101535320282,0.5302190780639648,"198,30,213,47,219","94,115,47,49,62",5:192:2|5:199:2|5:224:2
ckpt_4700.pt,5,365,0.5733243227005005,0.12025124579668045,0.5094744563102722,"65,216,208,39,49","70,91,167,226,63",5:294:2|5:374:2|5:589:2
ckpt_4700.pt,5,366,0.5626264214515686,0.11834237724542618,0.5023444890975952,"90,232,3,166,213","45,191,89,94,227",5:0:1|5:5:1|5:15:1
ckpt_4700.pt,5,367,0.5656481385231018,0.10857465118169785,0.5116316676139832,"171,5,124,95,149","25,233,226,46,230",5:128:2|5:513:2|5:538:2
ckpt_4700.pt,5,368,0.5388056635856628,0.08594270795583725,0.45451751351356506,"231,83,31,145,36","43,160,193,41,238",5:259:2|5:787:2|5:0:1
ckpt_4700.pt,5,369,0.5830151438713074,0.10971290618181229,0.5033212304115295,"26,58,87,139,151","124,228,18,74,210",5:97:2|5:895:2|5:905:2
ckpt_4700.pt,5,370,0.4167509078979492,0.09160363674163818,0.38218075037002563,"127,171,115,47,9","252,55,250,167,15",5:48:2|5:147:2|5:925:2
ckpt_4700.pt,5,371,0.6246743202209473,0.1438230574131012,0.5030631422996521,"189,230,234,144,181","146,58,36,24,219",5:474:2|5:479:2|5:547:2
ckpt_4700.pt,5,372,0.6009528040885925,0.1141296997666359,0.519880473613739,"229,200,188,21,74","73,179,157,225,148",5:131:2|5:256:2|5:504:2
ckpt_4700.pt,5,373,0.549060583114624,0.13305935263633728,0.4816160798072815,"222,182,234,103,240","252,53,105,223,57",5:72:2|5:191:2|5:522:2
ckpt_4700.pt,5,374,0.5582235455513,0.1109723299741745,0.48745715618133545,"216,137,5,58,49","224,181,179,96,177",5:361:2|5:365:2|5:546:2
ckpt_4700.pt,5,375,0.5798254609107971,0.12488235533237457,0.5034446120262146,"71,23,232,128,156","131,51,125,213,67",5:1011:2|5:25:1|5:36:1
ckpt_4700.pt,5,376,0.5270925760269165,0.1120477244257927,0.4776546061038971,"189,168,160,39,23","76,14,11,171,68",5:766:2|5:803:2|5:872:2
ckpt_4700.pt,5,377,0.5984055995941162,0.11298488080501556,0.5045799016952515,"56,45,248,189,10","16,156,63,116,211",5:450:2|5:12:1|5:21:1
ckpt_4700.pt,5,378,0.5353758931159973,0.08917903155088425,0.48341476917266846,"178,83,221,63,134","41,152,247,185,53",5:591:2|5:11:1|5:14:1
ckpt_4700.pt,5,379,0.6586571335792542,0.11814665049314499,0.5698893070220947,"152,38,70,163,5","222,112,144,100,204",5:60:2|5:772:2|5:915:2
ckpt_4700.pt,5,380,0.5991933345794678,0.10452587157487869,0.515443742275238,"249,174,141,40,42","239,175,213,18,69",5:8:1|5:23:1|5:26:1
ckpt_4700.pt,5,381,0.5980622172355652,0.11241869628429413,0.49011868238449097,"97,170,111,79,52","64,32,127,1,124",5:914:2|5:958:2|5:989:2
ckpt_4700.pt,5,382,0.709381639957428,0.11356359720230103,0.5595955848693848,"83,117,139,142,203","84,240,254,242,82",5:556:2|5:1:1|5:6:1
ckpt_4700.pt,5,383,0.5887570977210999,0.09779561311006546,0.535403311252594,"117,211,5,242,194","89,232,80,165,82",5:410:2|5:549:2|5:717:2
ckpt_4700.pt,5,384,0.7389556765556335,0.1626516878604889,0.558612585067749,"95,91,243,118,223","167,104,148,242,67",5:629:2|5:28:1|5:32:1
ckpt_4700.pt,5,385,0.5446239709854126,0.12517307698726654,0.47123807668685913,"198,39,131,20,130","241,34,48,159,205",5:758:2|5:911:2|5:4:1
ckpt_4700.pt,5,386,0.5940232872962952,0.10413897037506104,0.5152627229690552,"75,163,185,182,93","202,32,79,61,44",5:69:2|5:676:2|5:18:1
ckpt_4700.pt,5,387,0.5791928172111511,0.121554434299469,0.5077241659164429,"56,40,159,131,146","141,192,40,85,17",5:154:2|5:590:2|5:4:1
ckpt_4700.pt,5,388,0.4836047887802124,0.08076396584510803,0.43118196725845337,"82,121,241,184,19","211,59,51,6,2",5:187:2|5:633:2|5:1012:2
ckpt_4700.pt,5,389,0.5812236666679382,0.10652343928813934,0.4842594861984253,"241,17,86,48,193","49,126,103,39,28",5:881:2|5:909:2|5:1:1
ckpt_4700.pt,5,390,0.5119390487670898,0.10705932229757309,0.44671565294265747,"40,86,182,61,255","217,98,80,33,135",5:349:2|5:3:1|5:18:1
ckpt_4700.pt,5,391,0.5733434557914734,0.10249624401330948,0.5165603756904602,"41,196,107,119,253","70,217,57,243,228",5:248:2|5:273:2|5:355:2
ckpt_4700.pt,5,392,0.5787090063095093,0.0893017128109932,0.5275290608406067,"32,108,111,131,161","226,37,34,98,42",5:592:2|5:1018:2|5:0:1
ckpt_4700.pt,5,393,0.5708191394805908,0.10836274176836014,0.4642592668533325,"226,175,60,180,187","248,52,13,226,160",5:23:1|5:24:1|5:25:1
ckpt_4700.pt,5,394,0.44620630145072937,0.0815194696187973,0.38877537846565247,"254,23,238,99,124","199,192,245,189,158",5:4:2|5:11:1|5:22:1
ckpt_4700.pt,5,395,0.6121720671653748,0.11727304756641388,0.5552278757095337,"170,13,99,160,248","206,111,109,223,38",5:464:2|5:486:2|5:609:2
ckpt_4700.pt,5,396,0.6160513162612915,0.10984893143177032,0.5124290585517883,"85,147,231,52,22","37,144,149,78,203",5:845:2|5:1:1|5:8:1
ckpt_4700.pt,5,397,0.5455930829048157,0.1074359342455864,0.46036484837532043,"113,140,34,180,221","113,173,32,77,27",5:342:2|5:418:2|5:642:2
ckpt_4700.pt,5,398,0.6321929097175598,0.12332582473754883,0.5556198954582214,"21,126,228,206,135","102,214,208,223,97",5:472:2|5:705:2|5:794:2
ckpt_4700.pt,5,399,0.5542640686035156,0.11463368684053421,0.4934670031070709,"43,151,46,164,34","15,165,28,255,198",5:611:2|5:854:2|5:11:1
ckpt_4700.pt,5,400,0.5155214667320251,0.08759254217147827,0.4331301748752594,"86,217,157,156,2","208,13,152,110,242",5:111:2|5:168:2|5:235:2
ckpt_4700.pt,5,401,0.5547122359275818,0.08942343294620514,0.5111606121063232,"149,179,182,208,196","191,11,78,154,42",5:18:2|5:183:2|5:317:2
ckpt_4700.pt,5,402,0.5174190998077393,0.10212282836437225,0.46959152817726135,"65,104,36,202,10","169,188,171,104,73",5:170:2|5:409:2|5:543:2
ckpt_4700.pt,5,403,0.5439292192459106,0.11223354935646057,0.47039955854415894,"194,169,120,226,10","112,106,125,233,171",5:537:2|5:2:1|5:12:1
ckpt_4700.pt,5,404,0.5041570067405701,0.11190639436244965,0.48550137877464294,"229,173,6,152,132","156,182,75,120,215",5:79:2|5:356:2|5:10:1
ckpt_4700.pt,5,405,0.5035449862480164,0.10031483322381973,0.4483397603034973,"219,239,57,175,243","209,150,75,76,120",5:5:1|5:17:1|5:30:1
ckpt_4700.pt,5,406,0.5481139421463013,0.10307254642248154,0.5136039853096008,"34,69,24,183,242","181,94,51,131,163",5:442:2|5:18:1|5:23:1
ckpt_4700.pt,5,407,0.5154404640197754,0.08462491631507874,0.47283264994621277,"191,217,216,112,187","233,58,228,226,242",5:16:2|5:168:2|5:252:2
ckpt_4700.pt,5,408,0.5906575918197632,0.11886607110500336,0.5176201462745667,"154,130,89,7,38","4,222,96,180,149",5:87:2|5:838:2|5:892:2
ckpt_4700.pt,5,409,0.5402281284332275,0.0980503186583519,0.4751776158809662,"16,26,36,218,65","181,226,4,213,17",5:170:2|5:402:2|5:417:2
ckpt_4700.pt,5,410,0.575238823890686,0.1056082472205162,0.4803989827632904,"194,135,243,89,5","226,81,107,85,253",5:68:2|5:291:2|5:383:2
ckpt_4700.pt,5,411,0.6612274646759033,0.13212071359157562,0.5113016963005066,"167,239,62,185,152","183,219,194,5,39",5:455:2|5:730:2|5:2:1
ckpt_4700.pt,5,412,0.5809964537620544,0.11646521836519241,0.4947592318058014,"156,209,242,44,58","223,184,22,213,214",5:825:2|5:950:2|5:4:1
ckpt_4700.pt,5,413,0.6246621608734131,0.10954514145851135,0.5435687899589539,"247,115,87,179,137","52,152,168,22,131",5:7:2|5:605:2|5:931:2
ckpt_4700.pt,5,414,0.5453395247459412,0.1301942765712738,0.49779629707336426,"110,236,140,55,5","170,114,236,182,23",5:71:2|5:574:2|5:682:2
ckpt_4700.pt,5,415,0.5319303274154663,0.1066276803612709,0.4551248550415039,"227,101,199,150,22","146,210,125,30,212",5:159:2|5:606:2|5:885:2
ckpt_4700.pt,5,416,0.5872947573661804,0.10075954347848892,0.5004030466079712,"20,21,29,23,35","70,99,246,69,98",5:131:2|5:997:2|5:11:1
ckpt_4700.pt,5,417,0.6082537770271301,0.14200571179389954,0.489303320646286,"170,76,135,16,36","131,172,69,110,166",5:409:2|5:0:1|5:16:1
ckpt_4700.pt,5,418,0.6230818033218384,0.10784219950437546,0.5360185503959656,"221,65,198,129,140","60,135,57,34,246",5:110:2|5:170:2|5:182:2
ckpt_4700.pt,5,419,0.4957160949707031,0.09850937873125076,0.46820560097694397,"50,27,195,207,74","66,207,192,136,5",5:320:2|5:495:2|5:906:2
ckpt_4700.pt,5,420,0.5041618943214417,0.09212281554937363,0.4787122309207916,"189,43,116,68,146","45,131,137,12,1",5:181:2|5:543:2|5:637:2
ckpt_4700.pt,5,421,0.5841717720031738,0.09316147118806839,0.5291268825531006,"190,231,97,42,169","159,86,98,181,208",5:947:2|5:12:1|5:21:1
ckpt_4700.pt,5,422,0.5480085015296936,0.08996336907148361,0.4716337323188782,"193,36,7,51,91","32,182,255,196,55",5:32:2|5:63:2|5:534:2
ckpt_4700.pt,5,423,0.6185293197631836,0.13215689361095428,0.4912041127681732,"112,220,123,228,71","109,3,247,62,227",5:251:3|5:127:2|5:188:2
ckpt_4700.pt,5,424,0.5781174302101135,0.0978352278470993,0.5361501574516296,"224,24,154,86,119","137,185,164,129,117",5:144:2|5:185:2|5:209:2
ckpt_4700.pt,5,425,0.5707310438156128,0.11523860692977905,0.4904947876930237,"28,138,201,206,186","127,217,238,28,9",5:629:2|5:1004:2|5:1007:2
ckpt_4700.pt,5,426,0.5735501050949097,0.12016338109970093,0.5202826261520386,"55,154,20,158,45","214,38,39,255,193",5:80:2|5:238:2|5:758:2
ckpt_4700.pt,5,427,0.522738516330719,0.08700750768184662,0.48430994153022766,"84,231,78,189,71","174,152,100,142,89",5:344:2|5:479:2|5:9:1
ckpt_4700.pt,5,428,0.519313633441925,0.128265380859375,0.48856672644615173,"54,143,125,221,6","33,28,23,5,158",5:60:2|5:594:2|5:718:2
ckpt_4700.pt,5,429,0.5943215489387512,0.11042193323373795,0.4738324284553528,"82,9,172,181,205","234,233,70,217,211",5:775:3|5:436:2|5:21:1
ckpt_4700.pt,5,430,0.5506213307380676,0.08919641375541687,0.4764624238014221,"26,114,226,43,49","235,117,32,173,194",5:58:2|5:586:2|5:683:2
ckpt_4700.pt,5,431,0.623382031917572,0.1420687735080719,0.5238821506500244,"92,32,61,164,62","146,237,227,220,212",5:226:2|5:455:2|5:592:2
ckpt_4700.pt,5,432,0.6013218760490417,0.1199357658624649,0.4886016547679901,"64,59,247,79,13","146,211,151,179,67",5:532:2|5:12:1|5:14:1
ckpt_4700.pt,5,433,0.5181518793106079,0.10147972404956818,0.48359227180480957,"50,107,215,3,199","72,34,146,170,37",5:0:1|5:5:1|5:13:1
ckpt_4700.pt,5,434,0.569398045539856,0.10669772326946259,0.5447515845298767,"154,27,146,46,1","194,59,230,159,198",5:286:2|5:1:1|5:11:1
ckpt_4700.pt,5,435,0.7117946147918701,0.11855246871709824,0.5954128503799438,"12,147,1,86,161","11,104,35,55,56",5:348:2|5:977:2|5:3:1
ckpt_4700.pt,5,436,0.5800440907478333,0.10786289721727371,0.4985968768596649,"181,9,147,107,248","237,20,62,170,51",5:44:2|5:283:2|5:429:2
ckpt_4700.pt,5,437,0.4693286716938019,0.09113199263811111,0.4428677558898926,"140,153,159,80,8","24,12,76,41,57",5:574:2|5:660:2|5:662:2
ckpt_4700.pt,5,438,0.5445970892906189,0.08370929211378098,0.46039772033691406,"172,196,180,224,67","65,104,145,95,227",5:100:2|5:180:2|5:995:2
ckpt_4700.pt,5,439,0.5477333068847656,0.1041235476732254,0.5071905851364136,"70,144,76,199,168","107,2,20,67,141",5:320:2|5:875:2|5:7:1
ckpt_4700.pt,5,440,0.6476976275444031,0.13927485048770905,0.5265991687774658,"77,143,61,64,66","206,187,52,88,56",5:17:1|5:32:1|5:37:1
ckpt_4700.pt,5,441,0.5119755864143372,0.10457062721252441,0.45694077014923096,"141,209,105,123,182","49,24,156,174,43",5:789:2|5:851:2|5:4:1
ckpt_4700.pt,5,442,0.601470410823822,0.11278177797794342,0.4600333571434021,"56,30,31,242,34","69,90,22,185,24",5:406:2|5:753:2|5:13:1
ckpt_4700.pt,5,443,0.5493040680885315,0.09934871643781662,0.45955583453178406,"52,27,80,37,181","116,221,44,220,117",5:202:2|5:1:1|5:7:1
ckpt_4700.pt,5,444,0.5751937031745911,0.1104641929268837,0.48900261521339417,"44,163,85,142,36","91,170,17,100,82",5:108:2|5:170:2|5:617:2
ckpt_4700.pt,5,445,0.5783669948577881,0.12418632209300995,0.4733617603778839,"108,5,214,118,224","85,204,13,91,219",5:206:2|5:214:2|5:0:1
ckpt_4700.pt,5,446,0.5491124391555786,0.10361257940530777,0.5063177943229675,"194,98,153,119,195","74,117,137,91,72",5:43:2|5:64:2|5:541:2
ckpt_4700.pt,5,447,0.5611370205879211,0.09715791791677475,0.5051003694534302,"144,51,85,114,204","188,6,135,31,250",5:29:2|5:150:2|5:241:2
ckpt_4700.pt,5,448,0.6486415266990662,0.12709587812423706,0.5380343794822693,"25,70,84,118,254","136,243,10,37,123",5:284:2|5:322:2|5:712:2
ckpt_4700.pt,5,449,0.5927377343177795,0.10374636948108673,0.5232968330383301,"61,115,54,224,181","179,217,26,67,219",5:129:2|5:189:2|5:715:2
ckpt_4700.pt,5,450,0.4758092164993286,0.09782352298498154,0.4563103914260864,"45,10,220,57,199","195,10,3,28,155",5:51:2|5:336:2|5:377:2
ckpt_4700.pt,5,451,0.5182483792304993,0.10848340392112732,0.46916463971138,"5,78,233,111,143","216,171,123,138,47",5:17:2|5:37:2|5:57:2
ckpt_4700.pt,5,452,0.6402913331985474,0.12364450097084045,0.48406562209129333,"13,166,137,74,93","58,108,139,168,188",5:157:2|5:467:2|5:15:1
ckpt_4700.pt,5,453,0.5333539843559265,0.09569927304983139,0.509824275970459,"244,71,134,204,33","33,89,122,54,158",5:244:2|5:925:2|5:11:1
ckpt_4700.pt,5,454,0.5943193435668945,0.12045937031507492,0.49556732177734375,"208,187,205,204,170","232,210,255,202,93",5:253:2|5:602:2|5:17:1
ckpt_4700.pt,5,455,0.6101872324943542,0.11604924499988556,0.5359274744987488,"164,62,84,152,212","235,186,181,195,179",5:9:2|5:301:2|5:411:2
ckpt_4700.pt,5,456,0.5751839876174927,0.10910359770059586,0.4900195598602295,"67,153,178,88,79","224,128,239,230,78",5:12:1|5:16:1|5:24:1
ckpt_4700.pt,5,457,0.4708903431892395,0.07745692133903503,0.4308558702468872,"92,241,229,201,72","132,253,86,10,13",5:75:2|5:909:2|5:0:1
ckpt_4700.pt,5,458,0.5774638652801514,0.13293790817260742,0.5084977746009827,"252,212,158,254,135","93,251,118,197,82",5:9:2|5:644:2|5:11:1
ckpt_4700.pt,5,459,0.5861074328422546,0.12384479492902756,0.4926426410675049,"154,191,23,162,192","203,98,43,23,2",5:286:2|5:339:2|5:733:2
ckpt_4700.pt,5,460,0.5827994346618652,0.10963801294565201,0.5022087693214417,"73,124,192,183,10","28,157,5,14,95",5:298:2|5:4:1|5:21:1
ckpt_4700.pt,5,461,0.5619944334030151,0.1103617250919342,0.50459885597229,"103,199,106,75,226","75,249,33,29,180",5:59:2|5:683:2|5:839:2
ckpt_4700.pt,5,462,0.589039146900177,0.1145605817437172,0.5014045834541321,"81,50,134,104,164","150,216,48,110,229",5:13:2|5:226:2|5:592:2
ckpt_4700.pt,5,463,0.5989022850990295,0.09454222023487091,0.5206789374351501,"103,72,253,102,170","73,153,44,57,145",5:10:2|5:69:2|5:889:2
ckpt_4700.pt,5,464,0.5537886619567871,0.12532839179039001,0.4695012867450714,"71,160,57,248,144","114,113,204,96,66",5:227:2|5:281:2|5:324:2
ckpt_4700.pt,5,465,0.6545558571815491,0.13687239587306976,0.5443889498710632,"190,172,212,139,221","34,188,133,239,208",5:109:2|5:704:2|5:9:1
ckpt_4700.pt,5,466,0.5086271166801453,0.08665391802787781,0.49193650484085083,"209,94,24,10,106","46,61,224,179,27",5:336:2|5:899:2|5:4:1
ckpt_4700.pt,5,467,0.5960003137588501,0.11147734522819519,0.5174664258956909,"137,0,93,218,214","99,94,69,194,239",5:452:2|5:550:2|5:47:1
ckpt_4700.pt,5,468,0.6373072862625122,0.11686577647924423,0.5223721265792847,"75,137,184,201,60","27,116,77,242,62",5:321:3|5:24:1|5:33:1
ckpt_4700.pt,5,469,0.597516655921936,0.1643926352262497,0.5064499974250793,"92,185,112,228,250","209,96,21,232,215",5:75:2|5:275:2|5:316:2
ckpt_4700.pt,5,470,0.6218733787536621,0.11811511218547821,0.5429893136024475,"220,46,102,86,58","0,77,223,204,225",5:348:2|5:796:2|5:825:2
ckpt_4700.pt,5,471,0.5409374237060547,0.09260370582342148,0.4759756326675415,"28,91,130,121,76","189,228,70,79,130",5:344:2|5:32:1|5:46:1
ckpt_4700.pt,5,472,0.6120800375938416,0.09218518435955048,0.4928703308105469,"96,245,228,135,77","186,167,187,157,48",5:398:2|5:904:2|5:5:1
ckpt_4700.pt,5,473,0.6157761216163635,0.10098489373922348,0.4762551784515381,"71,20,224,147,168","188,207,15,150,47",5:162:2|5:928:2|5:1014:2
ckpt_4700.pt,5,474,0.5223053693771362,0.10343243926763535,0.4501039385795593,"66,2,181,36,230","171,201,230,216,108",5:166:2|5:331:2|5:371:2
ckpt_4700.pt,5,475,0.5197075009346008,0.14735455811023712,0.46144595742225647,"41,99,250,7,95","117,135,192,253,216",5:552:2|5:812:2|5:970:2
ckpt_4700.pt,5,476,0.5874413847923279,0.11451883614063263,0.5015089511871338,"7,2,32,213,23","137,157,46,160,131",5:55:2|5:63:2|5:285:2
ckpt_4700.pt,5,477,0.6384297609329224,0.1294051557779312,0.4962398111820221,"61,56,238,235,15","161,197,130,145,152",5:254:2|5:560:2|5:951:2
ckpt_4700.pt,5,478,0.6015284657478333,0.10231459140777588,0.5539423227310181,"201,65,214,58,164","121,73,1,239,76",5:361:2|5:723:2|5:858:2
ckpt_4700.pt,5,479,0.5569745302200317,0.10421549528837204,0.4997307360172272,"185,78,189,42,234","18,206,214,126,89",5:371:2|5:427:2|5:566:2
ckpt_4700.pt,5,480,0.6691226959228516,0.14899508655071259,0.5373477339744568,"43,8,76,244,108","154,92,233,180,132",5:181:2|5:586:2|5:774:2
ckpt_4700.pt,5,481,0.5456676483154297,0.09178155660629272,0.5121225118637085,"251,109,198,238,85","179,39,198,121,120",5:19:2|5:757:2|5:8:1
ckpt_4700.pt,5,482,0.5020889043807983,0.08758115768432617,0.4696561396121979,"218,57,230,172,155","74,90,9,101,129",5:46:2|5:269:2|5:291:2
ckpt_4700.pt,5,483,0.5886147618293762,0.11325284838676453,0.5121833682060242,"90,212,198,86,219","3,33,153,204,173",5:160:2|5:315:2|5:364:2
ckpt_4700.pt,5,484,0.6043102741241455,0.11943264305591583,0.49074727296829224,"0,86,125,99,158","133,68,42,39,137",5:22:2|5:143:2|5:316:2
ckpt_4700.pt,5,485,0.59874427318573,0.09305737912654877,0.5181760787963867,"196,0,235,27,47","153,137,190,252,236",5:81:2|5:100:2|5:11:1
ckpt_4700.pt,5,486,0.4944816827774048,0.08988620340824127,0.41993623971939087,"105,160,13,114,148","146,165,208,88,81",5:313:2|5:395:2|5:508:2
ckpt_4700.pt,5,487,0.51686692237854,0.12544195353984833,0.4940195083618164,"25,32,160,144,15","190,60,228,212,170",5:205:2|5:464:2|5:832:2
ckpt_4700.pt,5,488,0.5835304260253906,0.1088990643620491,0.4823305904865265,"206,75,202,99,6","5,82,168,13,1",5:290:2|5:333:2|5:881:2
ckpt_4700.pt,5,489,0.5956798791885376,0.13459961116313934,0.5294516682624817,"215,34,112,27,229","187,35,152,193,138",5:316:2|5:343:2|5:523:2
ckpt_4700.pt,5,490,0.5656106472015381,0.10361259430646896,0.5126697421073914,"212,161,143,53,39","23,27,195,158,169",5:819:2|5:5:1|5:9:1
ckpt_4700.pt,5,491,0.545732855796814,0.10498441755771637,0.4571608901023865,"182,210,57,16,35","45,153,6,65,70",5:156:2|5:11:1|5:18:1
ckpt_4700.pt,5,492,0.5946955680847168,0.11782129853963852,0.4963400959968567,"58,217,249,233,124","149,240,186,229,114",5:67:2|5:97:2|5:4:1
ckpt_4700.pt,5,493,0.5892113447189331,0.10638477653265,0.497465044260025,"136,235,217,154,114","172,60,175,128,145",5:252:2|5:879:2|5:951:2
ckpt_4700.pt,5,494,0.5828408598899841,0.10565180331468582,0.5366108417510986,"3,68,233,153,0","69,65,20,100,37",5:57:2|5:0:1|5:5:1
ckpt_4700.pt,5,495,0.5285863876342773,0.12468641251325607,0.5094056725502014,"195,207,84,159,1","81,232,42,210,50",5:320:2|5:419:2|5:677:2
ckpt_4700.pt,5,496,0.5563628673553467,0.10520748794078827,0.47982844710350037,"102,14,189,195,99","251,25,28,181,118",5:317:2|5:906:2|5:4:1
ckpt_4700.pt,5,497,0.5805246233940125,0.1043502613902092,0.497273325920105,"128,189,169,228,61","99,46,230,32,7",5:747:2|5:12:1|5:28:1
ckpt_4700.pt,5,498,0.6297945976257324,0.12061147391796112,0.55059814453125,"248,154,168,148,233","153,215,196,190,82",5:501:2|5:668:2|5:710:2
ckpt_4700.pt,5,499,0.6709659695625305,0.14696750044822693,0.49595195055007935,"191,122,67,120,43","51,157,229,34,142",5:83:2|5:168:2|5:833:2
ckpt_4700.pt,5,500,0.5811265110969543,0.13322383165359497,0.5184811353683472,"215,113,186,85,45","222,240,201,200,33",5:221:2|5:274:2|5:540:2
ckpt_4700.pt,5,501,0.5475018620491028,0.10823681950569153,0.45476463437080383,"51,15,168,237,154","172,99,201,223,127",5:32:2|5:105:2|5:498:2
ckpt_4700.pt,5,502,0.5694229006767273,0.1274048238992691,0.4790797233581543,"136,164,166,251,226","14,65,51,233,165",5:982:2|5:13:1|5:15:1
ckpt_4700.pt,5,503,0.5455220937728882,0.1027965173125267,0.47588175535202026,"214,79,254,86,60","230,221,236,113,87",5:144:2|5:214:2|5:218:2
ckpt_4700.pt,5,504,0.6268717646598816,0.11740808188915253,0.5620078444480896,"234,74,150,25,21","77,15,174,144,226",5:372:2|5:636:2|5:700:2
ckpt_4700.pt,5,505,0.5925344824790955,0.10456296801567078,0.5010197758674622,"139,29,176,168,122","27,93,207,168,152",5:949:2|5:969:2|5:7:1
ckpt_4700.pt,5,506,0.5046082735061646,0.08840632438659668,0.425088495016098,"131,214,140,144,30","112,238,208,184,114",5:197:2|5:199:2|5:280:2
ckpt_4700.pt,5,507,0.5774235129356384,0.10916676372289658,0.5157933831214905,"89,88,27,172,102","254,177,172,141,11",5:587:2|5:10:1|5:14:1
ckpt_4700.pt,5,508,0.5712485313415527,0.1148582249879837,0.5123535990715027,"88,160,158,113,105","201,49,149,60,32",5:486:2|5:631:2|5:870:2
ckpt_4700.pt,5,509,0.6269346475601196,0.09428171068429947,0.5673646926879883,"127,166,237,53,174","21,50,215,103,18",5:358:2|5:5:1|5:8:1
ckpt_4700.pt,5,510,0.5310030579566956,0.10006900876760483,0.4820261299610138,"113,51,179,127,43","37,20,230,82,101",5:32:2|5:82:2|5:319:2
ckpt_4700.pt,5,511,0.6394234895706177,0.12276331335306168,0.515911877155304,"69,83,28,162,71","68,49,216,195,214",5:77:2|5:8:1|5:14:1
ckpt_4700.pt,5,512,0.5520878434181213,0.10304655134677887,0.4916561543941498,"116,40,127,23,206","72,226,92,2,254",5:31:1|5:50:1|5:55:1
ckpt_4700.pt,5,513,0.5847940444946289,0.11773452907800674,0.5214848518371582,"128,52,124,150,5","193,249,34,220,240",5:338:2|5:367:2|5:791:2
ckpt_4700.pt,5,514,0.5370810627937317,0.11816894263029099,0.4615459442138672,"177,248,207,80,123","7,51,237,1,242",5:76:2|5:270:2|5:793:2
ckpt_4700.pt,5,515,0.580940842628479,0.1306820511817932,0.4994010925292969,"169,84,170,29,156","102,142,12,13,215",5:193:2|5:542:2|5:669:2
ckpt_4700.pt,5,516,0.6482656002044678,0.1319393366575241,0.5423067808151245,"46,29,207,116,173","31,237,11,49,164",5:28:2|5:960:2|5:969:2
ckpt_4700.pt,5,517,0.5097509622573853,0.09976284205913544,0.45950865745544434,"190,254,182,177,27","112,169,101,104,126",5:234:2|5:929:2|5:11:1
ckpt_4700.pt,5,518,0.5644688010215759,0.10621092468500137,0.5038874745368958,"55,145,235,186,7","168,97,54,109,219",5:203:2|5:991:2|5:9:1
ckpt_4700.pt,5,519,0.5453259348869324,0.09113547205924988,0.4949837327003479,"165,154,86,84,218","92,63,88,195,43",5:144:2|5:185:2|5:424:2
ckpt_4700.pt,5,520,0.5191947817802429,0.08846092224121094,0.4379454553127289,"73,32,171,195,190","7,229,143,92,45",5:33:1|5:43:1|5:48:1
ckpt_4700.pt,5,521,0.5133546590805054,0.09872055053710938,0.4787861704826355,"190,187,131,50,43","101,242,79,151,2",5:338:2|5:734:2|5:770:2
ckpt_4700.pt,5,522,0.5803741812705994,0.11735599488019943,0.501418948173523,"222,64,217,234,224","189,143,99,106,254",5:139:2|5:373:2|5:18:1
ckpt_4700.pt,5,523,0.5908281803131104,0.10873031616210938,0.5235440731048584,"112,171,27,226,2","208,159,4,194,253",5:23:2|5:35:2|5:489:2
ckpt_4700.pt,5,524,0.5192904472351074,0.10032757371664047,0.4572482705116272,"212,191,95,141,13","115,4,26,159,73",5:222:2|5:653:2|5:981:2
ckpt_4700.pt,5,525,0.6375051140785217,0.12027347832918167,0.5114648938179016,"62,83,253,106,113","110,188,205,31,122",5:10:1|5:12:1|5:14:1
ckpt_4700.pt,5,526,0.6229948997497559,0.12205571681261063,0.5440255403518677,"66,50,68,22,156","21,121,204,206,183",5:685:2|5:13:1|5:32:1
ckpt_4700.pt,5,527,0.5356268882751465,0.1341453492641449,0.5103847980499268,"133,195,129,35,89","119,167,26,172,43",5:43:2|5:577:2|5:805:2
ckpt_4700.pt,5,528,0.588283360004425,0.10845489054918289,0.48321059346199036,"77,18,49,227,27","8,190,103,156,175",5:909:2|5:4:1|5:20:1
ckpt_4700.pt,5,529,0.5575113296508789,0.09339714050292969,0.5239391922950745,"183,182,178,208,46","56,224,99,163,62",5:317:2|5:401:2|5:568:2
ckpt_4700.pt,5,530,0.5899844765663147,0.10285969823598862,0.5058887600898743,"235,48,108,162,11","168,150,105,59,211",5:15:2|5:100:2|5:186:2
ckpt_4700.pt,5,531,0.5270757675170898,0.08634684979915619,0.46833768486976624,"35,50,167,60,52","12,209,149,207,88",5:744:2|5:971:2|5:1:1
ckpt_4700.pt,5,532,0.5574150085449219,0.10634076595306396,0.512618362903595,"186,93,152,79,247","43,35,144,74,107",5:200:2|5:354:2|5:432:2
ckpt_4700.pt,5,533,0.5855834484100342,0.1288422793149948,0.519934356212616,"129,240,141,115,49","29,137,232,61,242",5:598:2|5:7:1|5:20:1
ckpt_4700.pt,5,534,0.543694794178009,0.0958566814661026,0.498821884393692,"28,117,114,7,193","124,231,244,232,209",5:63:2|5:230:2|5:422:2
ckpt_4700.pt,5,535,0.5393806099891663,0.11409327387809753,0.49171119928359985,"63,11,145,164,106","69,7,170,82,147",5:9:1|5:12:1|5:13:1
ckpt_4700.pt,5,536,0.5629353523254395,0.09794753789901733,0.5052667260169983,"213,149,245,140,165","61,215,231,4,154",5:340:2|5:959:2|5:3:1
ckpt_4700.pt,5,537,0.5330045223236084,0.11994952708482742,0.48879367113113403,"10,137,109,120,165","200,126,167,27,24",5:403:2|5:2:1|5:13:1
ckpt_4700.pt,5,538,0.6512241959571838,0.13361261785030365,0.5350898504257202,"50,5,220,149,36","3,173,93,70,73",5:331:2|5:367:2|5:768:2
ckpt_4700.pt,5,539,0.6830878853797913,0.12119089812040329,0.5340136289596558,"244,190,9,75,241","244,30,22,5,155",5:82:2|5:194:2|5:881:2
ckpt_4700.pt,5,540,0.5312114357948303,0.10639511048793793,0.45311594009399414,"215,141,45,183,84","152,252,182,237,178",5:23:2|5:221:2|5:500:2
ckpt_4700.pt,5,541,0.567901611328125,0.10756799578666687,0.49455565214157104,"255,98,231,193,153","60,153,201,3,118",5:446:2|5:548:2|5:910:2
ckpt_4700.pt,5,542,0.5158571004867554,0.11710456013679504,0.4757632911205292,"29,205,164,234,169","175,31,239,159,68",5:515:2|5:572:2|5:894:2
ckpt_4700.pt,5,543,0.5285434722900391,0.09136854112148285,0.4884878098964691,"10,68,147,36,146","42,144,140,85,183",5:402:2|5:420:2|5:0:1
ckpt_4700.pt,5,544,0.5666067004203796,0.1000247523188591,0.5141602754592896,"254,152,22,74,61","248,70,187,230,139",5:244:2|5:802:2|5:979:2
ckpt_4700.pt,5,545,0.582868754863739,0.12048150599002838,0.5465887188911438,"109,112,248,22,49","252,141,17,4,192",5:352:2|5:585:2|5:641:2
ckpt_4700.pt,5,546,0.5897879600524902,0.09794105589389801,0.5238998532295227,"49,73,213,5,130","5,132,84,10,23",5:374:2|5:653:2|5:731:2
ckpt_4700.pt,5,547,0.46059805154800415,0.07569283246994019,0.4273655414581299,"14,181,176,11,234","13,78,45,188,213",5:371:2|5:931:2|5:21:1
ckpt_4700.pt,5,548,0.6069490313529968,0.11964595317840576,0.5243916511535645,"163,211,153,63,231","99,160,255,227,53",5:27:2|5:64:2|5:255:2
ckpt_4700.pt,5,549,0.6353458762168884,0.10234702378511429,0.5123849511146545,"99,117,5,191,148","249,209,241,246,32",5:57:2|5:116:2|5:383:2
ckpt_4700.pt,5,550,0.5359331369400024,0.12998883426189423,0.47308483719825745,"137,0,173,133,101","168,221,165,88,24",5:150:2|5:467:2|5:15:1
ckpt_4700.pt,5,551,0.5237100124359131,0.10802474617958069,0.4507116675376892,"98,93,57,4,220","57,126,28,154,144",5:30:2|5:121:2|5:239:2
ckpt_4700.pt,5,552,0.5992658138275146,0.11053264141082764,0.5148875117301941,"207,138,99,165,7","83,84,60,168,89",5:45:2|5:475:2|5:906:2
ckpt_4700.pt,5,553,0.590724766254425,0.1079503521323204,0.5190140008926392,"151,245,99,176,167","224,108,187,84,182",5:115:2|5:611:2|5:646:2
ckpt_4700.pt,5,554,0.5873426795005798,0.11538555473089218,0.5270281434059143,"129,46,169,227,51","154,16,43,115,182",5:11:1|5:12:1|5:20:1
ckpt_4700.pt,5,555,0.5642308592796326,0.10501080006361008,0.5119664669036865,"191,9,38,136,169","106,101,202,102,56",5:125:2|5:327:2|5:793:2
ckpt_4700.pt,5,556,0.6350032091140747,0.10879471153020859,0.5368567705154419,"80,142,83,29,148","76,125,26,32,253",5:382:2|5:1:1|5:14:1
ckpt_4700.pt,5,557,0.5560213923454285,0.12159492075443268,0.46152743697166443,"239,221,115,2,53","84,92,187,160,97",5:781:2|5:820:2|5:871:2
ckpt_4700.pt,5,558,0.5205096006393433,0.08654799312353134,0.44070708751678467,"71,81,227,192,140","55,90,206,37,22",5:95:2|5:264:2|5:286:2
ckpt_4700.pt,5,559,0.6610318422317505,0.14557340741157532,0.5663790702819824,"40,215,203,72,111","195,238,73,166,168",5:93:2|5:850:2|5:893:2
ckpt_4700.pt,5,560,0.527900755405426,0.0933317020535469,0.48642241954803467,"170,15,61,212,200","115,94,238,169,160",5:107:2|5:254:2|5:477:2
ckpt_4700.pt,5,561,0.6092729568481445,0.10528503358364105,0.5030725598335266,"88,34,157,5,80","78,205,37,168,219",5:574:2|5:17:1|5:18:1
ckpt_4700.pt,5,562,0.5232189893722534,0.10954855382442474,0.4594587981700897,"29,133,28,30,124","170,208,207,245,197",5:305:2|5:727:2|5:838:2
ckpt_4700.pt,5,563,0.5569474697113037,0.09269251674413681,0.4913005530834198,"117,20,95,6,42","84,132,198,140,227",5:80:2|5:133:2|5:718:2
ckpt_4700.pt,5,564,0.5761182904243469,0.10835648328065872,0.5060607194900513,"43,110,17,15,132","63,202,192,1,142",5:907:2|5:1:1|5:13:1
ckpt_4700.pt,5,565,0.5616052150726318,0.09946738928556442,0.49944645166397095,"91,228,80,32,246","36,253,126,105,151",5:175:2|5:314:2|5:601:2
ckpt_4700.pt,5,566,0.5479835867881775,0.09109225124120712,0.4945485591888428,"151,83,246,78,234","149,61,210,98,169",5:479:2|5:5:1|5:14:1
ckpt_4700.pt,5,567,0.5385363101959229,0.11447885632514954,0.47362226247787476,"99,9,224,79,155","164,62,60,99,21",5:4:1|5:12:1|5:16:1
ckpt_4700.pt,5,568,0.5532568693161011,0.09687769412994385,0.47415071725845337,"193,102,183,178,175","54,137,172,184,222",5:74:2|5:529:2|5:10:1
ckpt_4700.pt,5,569,0.597920298576355,0.12446050345897675,0.5136386752128601,"88,171,109,16,11","137,34,215,130,92",5:13:1|5:26:1|5:38:1
ckpt_4700.pt,5,570,0.5955568552017212,0.11499018222093582,0.4988311231136322,"14,223,96,88,48","171,70,182,123,129",5:40:2|5:327:2|5:5:1
ckpt_4700.pt,5,571,0.5463708639144897,0.09933579713106155,0.48887673020362854,"57,176,230,199,216","29,105,42,207,2",5:450:2|5:482:2|5:839:2
ckpt_4700.pt,5,572,0.5476047396659851,0.10318086296319962,0.4610675573348999,"109,29,189,164,206","125,212,73,127,6",5:13:2|5:352:2|5:542:2
ckpt_4700.pt,5,573,0.5341478586196899,0.08276321738958359,0.4699905216693878,"119,44,63,244,208","62,181,166,160,40",5:171:2|5:649:2|5:6:1
ckpt_4700.pt,5,574,0.5999001264572144,0.10316548496484756,0.4769922196865082,"140,5,249,80,161","2,128,47,69,157",5:71:2|5:414:2|5:437:2
ckpt_4700.pt,5,575,0.5956995487213135,0.13417766988277435,0.5040309429168701,"127,105,14,125,139","61,64,26,126,117",5:173:2|5:721:2|5:1019:2
ckpt_4700.pt,5,576,0.48018133640289307,0.13306935131549835,0.44801634550094604,"65,98,190,41,240","43,125,153,30,210",5:137:2|5:325:2|5:842:2
ckpt_4700.pt,5,577,0.6129762530326843,0.10786712914705276,0.5243363976478577,"176,24,129,35,82","165,13,61,5,167",5:527:2|5:646:2|5:1000:2
ckpt_4700.pt,5,578,0.4639897644519806,0.07791133224964142,0.40962663292884827,"93,190,101,160,130","192,154,101,225,235",5:236:2|5:663:2|5:33:1
ckpt_4700.pt,5,579,0.5000711679458618,0.10503615438938141,0.4421689510345459,"117,162,92,98,1","208,180,205,65,8",5:15:2|5:75:2|5:613:2
ckpt_4700.pt,5,580,0.5851667523384094,0.11246287822723389,0.5082846283912659,"234,65,200,121,155","51,169,252,193,103",5:22:1|5:42:1|5:46:1
ckpt_4700.pt,5,581,0.5229174494743347,0.09390383213758469,0.4627631604671478,"23,61,3,229,31","202,107,199,187,43",5:131:2|5:302:2|5:343:2
ckpt_4700.pt,5,582,0.5576175451278687,0.1079329252243042,0.5073300004005432,"18,11,192,129,131","197,112,2,42,250",5:4:2|5:209:2|5:735:2
ckpt_4700.pt,5,583,0.5755138993263245,0.10751569271087646,0.48372092843055725,"202,230,39,252,173","203,77,244,26,41",5:169:2|5:174:2|5:196:2
ckpt_4700.pt,5,584,0.5625684261322021,0.11712413281202316,0.4991516172885895,"213,178,123,228,231","82,93,124,64,154",5:180:2|5:251:2|5:423:2
ckpt_4700.pt,5,585,0.6157190203666687,0.11441739648580551,0.5164154767990112,"9,113,122,248,112","131,175,216,81,190",5:127:2|5:269:2|5:436:2
ckpt_4700.pt,5,586,0.5786798000335693,0.09398002177476883,0.5062633752822876,"115,76,226,255,43","45,44,76,114,82",5:198:2|5:430:2|5:480:2
ckpt_4700.pt,5,587,0.5311304330825806,0.11203983426094055,0.5114143490791321,"134,89,209,233,88","134,155,159,214,35",5:507:2|5:838:2|5:4:1
ckpt_4700.pt,5,588,0.5802018046379089,0.11004498600959778,0.48419591784477234,"253,105,43,71,171","77,117,143,148,133",5:227:2|5:792:2|5:14:1
ckpt_4700.pt,5,589,0.5102683305740356,0.1122935488820076,0.4578729271888733,"147,106,215,65,39","87,43,138,88,96",5:283:2|5:365:2|5:749:2
ckpt_4700.pt,5,590,0.5402255654335022,0.08809821307659149,0.4664194881916046,"159,46,48,99,40","143,121,248,59,7",5:387:2|5:628:2|5:4:1
ckpt_4700.pt,5,591,0.6367432475090027,0.1356661319732666,0.5214990973472595,"140,134,124,83,225","238,136,124,28,154",5:330:2|5:378:2|5:648:2
ckpt_4700.pt,5,592,0.6241888403892517,0.11590241640806198,0.5214882493019104,"32,164,108,81,55","15,2,23,192,236",5:226:2|5:392:2|5:431:2
ckpt_4700.pt,5,593,0.5647673606872559,0.1087597906589508,0.4995088577270508,"24,79,180,46,237","13,117,131,130,221",5:36:2|5:257:2|5:939:2
ckpt_4700.pt,5,594,0.5395976305007935,0.09159651398658752,0.4925796687602997,"54,6,245,204,166","248,255,253,112,126",5:718:3|5:428:2|5:10:1
ckpt_4700.pt,5,595,0.6134192943572998,0.13556084036827087,0.5377333164215088,"180,216,174,203,99","0,93,140,77,57",5:262:2|5:607:2|5:4:1
ckpt_4700.pt,5,596,0.5939151644706726,0.11850696802139282,0.5125624537467957,"41,216,62,81,123","35,141,133,65,217",5:139:2|5:361:2|5:735:2
ckpt_4700.pt,5,597,0.6611560583114624,0.11223790049552917,0.5522459745407104,"29,105,188,197,243","200,219,57,212,111",5:47:2|5:637:2|5:21:1
ckpt_4700.pt,5,598,0.5253369212150574,0.08576594293117523,0.47466540336608887,"43,115,218,141,157","205,97,96,161,204",5:172:2|5:533:2|5:586:2
ckpt_4700.pt,5,599,0.5361184477806091,0.09882079809904099,0.47690752148628235,"236,44,16,45,89","147,40,130,132,110",5:221:2|5:14:1|5:27:1
ckpt_4700.pt,5,600,0.6013602614402771,0.1311630755662918,0.5323510766029358,"45,100,136,83,185","201,9,29,248,133",5:777:2|5:14:1|5:44:1
ckpt_4700.pt,5,601,0.6275948286056519,0.11185551434755325,0.5407404899597168,"32,246,138,34,79","86,160,55,0,46",5:169:2|5:565:2|5:5:1
ckpt_4700.pt,5,602,0.5290936827659607,0.08536829054355621,0.47204896807670593,"49,187,14,54,208","54,78,217,61,232",5:294:2|5:365:2|5:454:2
ckpt_4700.pt,5,603,0.5916158556938171,0.11454430967569351,0.5185391306877136,"187,90,77,169,159","116,192,87,63,98",5:12:2|5:817:2|5:79:1
ckpt_4700.pt,5,604,0.4804617166519165,0.09222667664289474,0.4333529472351074,"161,47,229,67,208","101,160,167,142,163",5:24:2|5:326:2|5:990:2
ckpt_4700.pt,5,605,0.5809260606765747,0.10543897747993469,0.5241170525550842,"87,232,208,248,179","51,167,78,12,64",5:120:2|5:167:2|5:401:2
ckpt_4700.pt,5,606,0.5792701244354248,0.11173746734857559,0.47231969237327576,"235,178,164,22,150","90,89,172,17,213",5:34:2|5:415:2|5:985:2
ckpt_4700.pt,5,607,0.5775241255760193,0.0952518954873085,0.5266137719154358,"127,29,203,182,180","151,62,12,156,228",5:595:2|5:18:1|5:21:1
ckpt_4700.pt,5,608,0.6494322419166565,0.10744359344244003,0.5534291863441467,"145,17,94,175,236","177,162,145,87,172",5:917:2|5:1014:2|5:1:1
ckpt_4700.pt,5,609,0.6294387578964233,0.1266082227230072,0.5156100988388062,"100,170,193,99,19","11,42,182,197,107",5:212:2|5:395:2|5:4:1
ckpt_4700.pt,5,610,0.5595710277557373,0.10213445872068405,0.4798112213611603,"225,222,82,245,16","234,199,216,64,210",5:844:2|5:35:1|5:38:1
ckpt_4700.pt,5,611,0.5483023524284363,0.0862610712647438,0.49268022179603577,"173,34,146,245,151","192,62,37,45,77",5:196:2|5:399:2|5:553:2
ckpt_4700.pt,5,612,0.6122897267341614,0.10206758975982666,0.5397694110870361,"121,195,185,147,229","73,138,29,128,186",5:306:2|5:738:2|5:890:2
ckpt_4700.pt,5,613,0.5313885807991028,0.10539339482784271,0.4802285432815552,"253,22,117,135,162","137,20,171,225,125",5:45:2|5:323:2|5:579:2
ckpt_4700.pt,5,614,0.6209577322006226,0.14364038407802582,0.5335929989814758,"242,102,166,51,12","21,106,166,45,136",5:153:2|5:206:2|5:627:2
ckpt_4700.pt,5,615,0.5741568803787231,0.10670091956853867,0.5051202178001404,"134,87,43,176,53","193,29,14,211,82",5:126:2|5:693:2|5:770:2
ckpt_4700.pt,5,616,0.5602236390113831,0.10303285717964172,0.49600937962532043,"123,18,228,20,247","236,43,168,107,241",5:130:2|5:188:2|5:251:2
ckpt_4700.pt,5,617,0.5705493092536926,0.12928195297718048,0.5190972089767456,"163,40,11,142,97","81,51,63,49,12",5:108:3|5:444:2|5:1:1
ckpt_4700.pt,5,618,0.6219672560691833,0.11886639893054962,0.5205301642417908,"19,126,118,168,9","57,211,108,11,43",5:7:1|5:42:1|5:49:1
ckpt_4700.pt,5,619,0.5372345447540283,0.1135004386305809,0.4869440495967865,"18,144,138,126,170","159,20,211,21,111",5:4:1|5:17:1|5:18:1
ckpt_4700.pt,5,620,0.4786687195301056,0.08602660149335861,0.4350900948047638,"160,36,245,28,210","164,170,161,144,107",5:259:2|5:671:2|5:900:2
ckpt_4700.pt,5,621,0.6531088948249817,0.11507658660411835,0.5218067169189453,"56,84,222,24,163","221,145,84,137,165",5:9:1|5:27:1|5:33:1
ckpt_4700.pt,5,622,0.5782194137573242,0.11199379712343216,0.5083457827568054,"200,70,20,64,27","90,206,195,110,73",5:640:2|5:673:2|5:8:1
ckpt_4700.pt,5,623,0.6850500106811523,0.1512162685394287,0.5067263841629028,"8,58,195,123,181","135,168,183,179,243",5:775:2|5:796:2|5:1021:2
ckpt_4700.pt,5,624,0.602753758430481,0.11611909419298172,0.5190935134887695,"167,0,244,180,100","213,219,194,146,161",5:150:2|5:870:2|5:2:1
ckpt_4700.pt,5,625,0.5140827298164368,0.1146455779671669,0.4490063786506653,"124,154,42,198,100","150,235,217,90,69",5:49:2|5:132:2|5:182:2
ckpt_4700.pt,5,626,0.6372535824775696,0.11932897567749023,0.5519973635673523,"9,196,30,245,243","80,170,109,68,224",5:637:2|5:727:2|5:22:1
ckpt_4700.pt,5,627,0.5641916990280151,0.10419195890426636,0.4804035425186157,"166,108,102,159,26","217,61,190,155,124",5:253:2|5:614:2|5:0:1
ckpt_4700.pt,5,628,0.6641745567321777,0.1259053349494934,0.5698516368865967,"48,3,216,171,40","137,190,223,41,105",5:165:2|5:590:2|5:773:2
ckpt_4700.pt,5,629,0.6008881330490112,0.1189342588186264,0.5305706262588501,"201,186,243,52,95","247,56,121,53,214",5:305:2|5:384:2|5:425:2
ckpt_4700.pt,5,630,0.5204315781593323,0.10977257043123245,0.4839075207710266,"239,174,139,47,54","61,81,187,116,127",5:895:2|5:937:2|5:8:1
ckpt_4700.pt,5,631,0.5865644216537476,0.09267281740903854,0.48630887269973755,"105,179,104,160,212","122,35,194,254,192",5:138:2|5:486:2|5:508:2
ckpt_4700.pt,5,632,0.5531999468803406,0.100548155605793,0.4955079257488251,"255,157,163,44,186","67,79,214,217,202",5:444:2|5:33:1|5:37:1
ckpt_4700.pt,5,633,0.5310064554214478,0.10016177594661713,0.48213300108909607,"198,184,121,178,115","206,125,191,129,121",5:20:2|5:66:2|5:122:2
ckpt_4700.pt,5,634,0.5599778890609741,0.10269290208816528,0.47961360216140747,"57,253,206,242,142","183,103,87,21,56",5:90:2|5:723:2|5:1:1
ckpt_4700.pt,5,635,0.6257688999176025,0.12522366642951965,0.526180624961853,"121,106,72,178,51","120,22,112,170,231",5:41:2|5:74:2|5:633:2
ckpt_4700.pt,5,636,0.5859153866767883,0.12549908459186554,0.5169005990028381,"234,49,132,53,21","93,62,157,15,225",5:61:2|5:294:2|5:504:2
ckpt_4700.pt,5,637,0.4793759882450104,0.08194561302661896,0.42726200819015503,"243,197,30,68,116","15,17,56,231,234",5:420:2|5:597:2|5:626:2
ckpt_4700.pt,5,638,0.5834500193595886,0.1201939731836319,0.4995728135108948,"119,148,79,41,171","125,137,11,3,27",5:137:2|5:257:2|5:391:2
ckpt_4700.pt,5,639,0.553857684135437,0.11397583782672882,0.5179311633110046,"179,177,210,235,109","131,111,171,207,92",5:2:1|5:11:1|5:13:1
ckpt_4700.pt,5,640,0.5462498068809509,0.10582984238862991,0.4722687304019928,"204,253,87,64,200","158,171,214,106,186",5:241:2|5:622:2|5:673:2
ckpt_4700.pt,5,641,0.5139688849449158,0.09711766988039017,0.47955217957496643,"236,12,107,49,109","163,237,174,15,199",5:221:2|5:284:2|5:352:2
ckpt_4700.pt,5,642,0.48579517006874084,0.09091975539922714,0.4558543562889099,"66,34,113,121,42","232,229,115,18,195",5:397:2|5:718:2|5:816:2
ckpt_4700.pt,5,643,0.5398029685020447,0.09401937574148178,0.5072351694107056,"178,238,113,234,87","192,68,97,19,133",5:78:2|5:0:1|5:3:1
ckpt_4700.pt,5,644,0.6624876856803894,0.11058317124843597,0.5055518746376038,"240,158,191,39,252","201,197,45,254,196",5:458:2|5:583:2|5:758:2
ckpt_4700.pt,5,645,0.5294008255004883,0.11222381889820099,0.4927079379558563,"57,140,47,238,143","202,37,74,47,203",5:811:2|5:964:2|5:3:1
ckpt_4700.pt,5,646,0.5659145712852478,0.10007715970277786,0.5002970695495605,"138,159,176,24,245","206,85,111,245,22",5:553:2|5:577:2|5:649:2
ckpt_4700.pt,5,647,0.6039565205574036,0.16139866411685944,0.48612096905708313,"229,184,33,240,88","119,190,170,125,85",5:33:1|5:38:1|5:39:1
ckpt_4700.pt,5,648,0.546241283416748,0.10598611831665039,0.49785178899765015,"218,70,225,230,140","239,178,192,116,157",5:304:2|5:482:2|5:591:2
ckpt_4700.pt,5,649,0.496049702167511,0.10674834996461868,0.448788583278656,"44,1,138,24,208","230,99,2,179,48",5:294:2|5:345:2|5:573:2
ckpt_4700.pt,5,650,0.46978989243507385,0.09699065238237381,0.439438134431839,"254,35,224,38,201","169,198,195,137,255",5:11:2|5:258:2|5:764:2
ckpt_4700.pt,5,651,0.531096339225769,0.11848019063472748,0.49531668424606323,"209,92,214,180,159","19,201,222,165,159",5:128:2|5:691:2|5:709:2
ckpt_4700.pt,5,652,0.4783313274383545,0.08121786266565323,0.4148349165916443,"156,83,10,167,160","178,222,119,126,109",5:766:3|5:2:1|5:14:1
ckpt_4700.pt,5,653,0.6320247650146484,0.130116805434227,0.5300329327583313,"5,67,49,212,13","93,104,53,179,69",5:374:2|5:524:2|5:546:2
ckpt_4700.pt,5,654,0.6151660680770874,0.10794063657522202,0.549950361251831,"38,189,138,75,213","138,186,91,8,44",5:39:1|5:45:1|5:55:1
ckpt_4700.pt,5,655,0.6430792212486267,0.11221571266651154,0.5682042241096497,"246,51,102,251,104","3,117,253,137,167",5:822:3|5:37:2|5:319:2
ckpt_4700.pt,5,656,0.545753538608551,0.08809863775968552,0.49648940563201904,"57,231,191,56,99","161,53,2,206,213",5:143:2|5:549:2|5:811:2
ckpt_4700.pt,5,657,0.5727645754814148,0.1136348620057106,0.5264883041381836,"82,37,174,28,242","253,125,247,181,220",5:8:2|5:662:2|5:7:1
ckpt_4700.pt,5,658,0.5736088752746582,0.11760105937719345,0.49493640661239624,"123,233,59,234,19","230,119,245,62,187",5:10:1|5:37:1|5:46:1
ckpt_4700.pt,5,659,0.5707317590713501,0.14215898513793945,0.5005589127540588,"119,54,146,197,4","210,0,69,76,60",5:756:2|5:790:2|5:6:1
ckpt_4700.pt,5,660,0.6071726083755493,0.11193603277206421,0.5352776646614075,"133,239,80,224,140","131,100,60,136,197",5:437:2|5:574:2|5:3:1
ckpt_4700.pt,5,661,0.5984375476837158,0.11064950376749039,0.5324361324310303,"94,33,206,109,180","154,45,14,107,219",5:572:2|5:1014:2|5:13:1
ckpt_4700.pt,5,662,0.5858118534088135,0.14546799659729004,0.4943179488182068,"64,82,80,28,153","220,171,181,87,50",5:242:2|5:437:2|5:657:2
ckpt_4700.pt,5,663,0.631509006023407,0.11886337399482727,0.5240374803543091,"160,190,155,47,70","247,71,126,58,168",5:578:2|5:8:1|5:33:1
ckpt_4700.pt,5,664,0.624914288520813,0.15317286550998688,0.5055487751960754,"185,119,238,26,79","151,168,38,136,216",5:638:2|5:6:1|5:12:1
ckpt_4700.pt,5,665,0.6601105332374573,0.10235223174095154,0.559126079082489,"222,149,242,110,159","167,24,11,185,14",5:12:1|5:42:1|5:44:1
ckpt_4700.pt,5,666,0.5829931497573853,0.10070381313562393,0.5164226293563843,"147,119,84,15,33","101,97,117,210,92",5:199:2|5:690:2|5:6:1
ckpt_4700.pt,5,667,0.5960922241210938,0.11584162712097168,0.473564088344574,"132,100,202,64,220","128,145,167,50,142",5:157:2|5:204:2|5:736:2
ckpt_4700.pt,5,668,0.4958350658416748,0.10025802999734879,0.4618409276008606,"148,230,84,243,154","157,12,125,37,51",5:291:2|5:498:2|5:519:2
ckpt_4700.pt,5,669,0.5338484048843384,0.11899176239967346,0.48782774806022644,"186,170,112,226,156","204,169,77,58,216",5:107:2|5:515:2|5:523:2
ckpt_4700.pt,5,670,0.5678225159645081,0.11213050782680511,0.4961227476596832,"6,61,59,87,78","84,133,129,222,42",5:176:2|5:678:2|5:0:1
ckpt_4700.pt,5,671,0.5776084065437317,0.10864198207855225,0.4903624951839447,"137,58,245,23,36","81,42,105,255,8",5:374:2|5:620:2|5:866:2
ckpt_4700.pt,5,672,0.5847557783126831,0.11587303131818771,0.49525877833366394,"185,230,159,138,109","179,54,216,197,7",5:26:2|5:646:2|5:673:2
ckpt_4700.pt,5,673,0.47587233781814575,0.08969646692276001,0.43114104866981506,"64,83,159,200,109","99,76,98,107,150",5:96:2|5:622:2|5:640:2
ckpt_4700.pt,5,674,0.5697388648986816,0.11229649931192398,0.47737765312194824,"128,236,213,29,10","127,124,210,135,122",5:21:2|5:39:1|5:47:1
ckpt_4700.pt,5,675,0.5665859580039978,0.11004616320133209,0.5120100975036621,"233,140,85,67,82","233,182,166,116,235",5:29:2|5:187:2|5:353:2
ckpt_4700.pt,5,676,0.5209208726882935,0.1285942643880844,0.4664599895477295,"75,93,129,134,205","135,219,33,224,51",5:386:2|5:863:2|5:11:1
ckpt_4700.pt,5,677,0.6204695701599121,0.0950419008731842,0.5238275527954102,"184,187,1,232,207","195,35,20,40,226",5:73:2|5:351:2|5:495:2
ckpt_4700.pt,5,678,0.6479695439338684,0.1202409490942955,0.5138917565345764,"37,147,87,61,60","77,230,196,49,227",5:7:2|5:55:2|5:670:2
ckpt_4700.pt,5,679,0.5455672740936279,0.10044402629137039,0.5156567096710205,"227,10,162,113,159","192,22,248,234,91",5:264:2|5:755:2|5:8:1
ckpt_4700.pt,5,680,0.5775279402732849,0.11153106391429901,0.528562605381012,"142,191,76,150,196","78,151,140,242,249",5:52:2|5:222:2|5:1:1
ckpt_4700.pt,5,681,0.5862268805503845,0.11415757983922958,0.526392936706543,"60,69,45,31,246","105,41,16,51,248",5:919:2|5:5:1|5:13:1
ckpt_4700.pt,5,682,0.5376858115196228,0.09934442490339279,0.4975671172142029,"55,28,236,116,104","171,236,124,109,244",5:99:2|5:414:2|5:17:1
ckpt_4700.pt,5,683,0.5157114863395691,0.0979960560798645,0.461384654045105,"85,49,214,226,75","25,107,109,67,153",5:318:2|5:430:2|5:461:2
ckpt_4700.pt,5,684,0.6023532152175903,0.10118777304887772,0.49365079402923584,"202,127,51,85,32","165,39,129,192,236",5:82:2|5:150:2|5:319:2
ckpt_4700.pt,5,685,0.5759071111679077,0.10770086199045181,0.5153388977050781,"119,32,196,50,156","209,148,123,119,17",5:100:2|5:391:2|5:526:2
ckpt_4700.pt,5,686,0.586758553981781,0.1170135885477066,0.493206650018692,"182,121,9,33,41","2,162,141,224,22",5:851:2|5:18:1|5:42:1
ckpt_4700.pt,5,687,0.6797272562980652,0.1152508333325386,0.544470489025116,"161,186,38,227,71","219,3,186,69,156",5:141:2|5:184:2|5:558:2
ckpt_4700.pt,5,688,0.5925365686416626,0.10841859877109528,0.5664975047111511,"97,84,95,58,206","233,236,11,204,5",5:110:2|5:129:2|5:752:2
ckpt_4700.pt,5,689,0.6554808020591736,0.13444390892982483,0.5378751754760742,"85,105,162,232,0","96,249,147,253,3",5:8:2|5:120:2|5:150:2
ckpt_4700.pt,5,690,0.5936229228973389,0.11653358489274979,0.4919894337654114,"131,84,49,147,35","167,84,161,160,162",5:284:2|5:666:2|5:1000:2
ckpt_4700.pt,5,691,0.6427342891693115,0.1528262048959732,0.5249971151351929,"21,146,209,180,155","57,194,240,113,100",5:651:2|5:4:1|5:25:1
ckpt_4700.pt,5,692,0.5386269688606262,0.12020403146743774,0.487425297498703,"215,143,231,114,28","55,49,109,69,106",5:58:2|5:534:2|5:845:2
ckpt_4700.pt,5,693,0.6127933859825134,0.10381830483675003,0.4892420470714569,"136,87,183,140,43","123,136,66,237,121",5:3:2|5:126:2|5:181:2
ckpt_4700.pt,5,694,0.5030158162117004,0.0940338596701622,0.4275064468383789,"87,229,13,62,28","148,51,49,175,130",5:261:2|5:313:2|5:0:1
ckpt_4700.pt,5,695,0.5779733061790466,0.1291772723197937,0.4980231821537018,"181,146,242,190,220","130,145,42,82,114",5:62:2|5:325:2|5:747:2
ckpt_4700.pt,5,696,0.5534061789512634,0.15126149356365204,0.479318767786026,"220,147,66,108,123","172,4,6,212,149",5:187:2|5:188:2|5:251:2
ckpt_4700.pt,5,697,0.5454445481300354,0.09878634661436081,0.5103673934936523,"252,99,69,113,118","230,191,49,183,150",5:4:1|5:10:1|5:22:1
ckpt_4700.pt,5,698,0.5720707774162292,0.09899327158927917,0.5110335946083069,"176,232,238,159,126","21,205,112,161,62",5:94:2|5:646:2|5:12:1
ckpt_4700.pt,5,699,0.5367393493652344,0.11790137737989426,0.49048760533332825,"84,62,65,45,247","218,46,60,51,74",5:51:2|5:182:2|5:455:2
ckpt_4700.pt,5,700,0.5845715999603271,0.12537196278572083,0.4962547719478607,"234,214,88,150,131","60,27,175,212,1",5:197:3|5:144:2|5:338:2
ckpt_4700.pt,5,701,0.5528714656829834,0.1293756067752838,0.5189406871795654,"140,230,192,116,24","144,25,15,57,54",5:330:2|5:558:2|5:648:2
ckpt_4700.pt,5,702,0.6279624104499817,0.1187044233083725,0.5175984501838684,"103,159,94,133,186","224,125,150,65,172",5:177:2|5:305:2|5:10:1
ckpt_4700.pt,5,703,0.6093659400939941,0.12622863054275513,0.5279682278633118,"59,160,147,89,239","176,141,165,117,140",5:832:2|5:14:1|5:27:1
ckpt_4700.pt,5,704,0.5103655457496643,0.08148166537284851,0.45266589522361755,"111,190,37,227,139","182,1,207,229,113",5:234:2|5:264:2|5:465:2
ckpt_4700.pt,5,705,0.5680655241012573,0.09806400537490845,0.4972545802593231,"126,164,135,244,102","12,20,166,2,136",5:398:2|5:794:2|5:889:2
ckpt_4700.pt,5,706,0.5833837985992432,0.10327393561601639,0.5105655789375305,"229,105,211,85,202","154,146,52,179,104",5:47:2|5:118:2|5:356:2
ckpt_4700.pt,5,707,0.521648645401001,0.09241931885480881,0.46471595764160156,"120,106,192,158,196","234,133,85,89,6",5:288:2|5:987:2|5:2:1
ckpt_4700.pt,5,708,0.5943931341171265,0.10160400718450546,0.4875408113002777,"117,99,247,227,21","150,167,129,120,81",5:20:2|5:116:2|5:262:2
ckpt_4700.pt,5,709,0.5630655288696289,0.09656943380832672,0.5027959942817688,"172,73,144,214,159","217,59,221,55,224",5:506:2|5:651:2|5:733:2
ckpt_4700.pt,5,710,0.6113659739494324,0.14224772155284882,0.5313713550567627,"248,233,175,240,215","202,225,137,49,172",5:74:2|5:498:2|5:940:2
ckpt_4700.pt,5,711,0.7868755459785461,0.1567332148551941,0.5967872142791748,"83,132,121,46,157","110,139,242,172,96",5:11:1|5:14:1|5:28:1
ckpt_4700.pt,5,712,0.6273292303085327,0.10027546435594559,0.553510844707489,"63,82,117,25,118","250,89,175,40,210",5:6:2|5:116:2|5:267:2
ckpt_4700.pt,5,713,0.6896479725837708,0.10651829838752747,0.5700275897979736,"1,185,88,193,32","222,61,72,112,142",5:85:2|5:345:2|5:777:2
ckpt_4700.pt,5,714,0.6142650246620178,0.1440633088350296,0.5326385498046875,"250,220,235,218,159","245,149,121,138,75",5:991:2|5:11:1|5:12:1
ckpt_4700.pt,5,715,0.6033250093460083,0.13161252439022064,0.5161972045898438,"154,61,195,224,209","37,95,133,251,106",5:209:2|5:306:2|5:424:2
ckpt_4700.pt,5,716,0.5133495926856995,0.09996793419122696,0.46555203199386597,"242,8,128,14,245","197,174,28,22,105",5:245:2|5:942:2|5:963:2
ckpt_4700.pt,5,717,0.5825746059417725,0.11837277561426163,0.504212498664856,"117,249,146,194,22","147,130,42,128,41",5:179:2|5:383:2|5:613:2
ckpt_4700.pt,5,718,0.5494139194488525,0.09839138388633728,0.4594992697238922,"6,34,166,54,42","251,231,36,215,64",5:594:3|5:428:2|5:563:2
ckpt_4700.pt,5,719,0.592674732208252,0.10797878354787827,0.5057603716850281,"93,252,24,167,230","187,54,235,110,164",5:583:2|5:701:2|5:899:2
ckpt_4700.pt,5,720,0.6146785020828247,0.11704272031784058,0.5146447420120239,"250,28,60,149,182","154,48,51,142,126",5:401:2|5:891:2|5:18:1
ckpt_4700.pt,5,721,0.5295495390892029,0.09813857078552246,0.48343220353126526,"119,156,125,135,14","85,1,141,29,119",5:6:2|5:154:2|5:575:2
ckpt_4700.pt,5,722,0.5815685391426086,0.11637125164270401,0.46277695894241333,"228,247,230,82,215","56,216,77,237,1",5:616:2|5:727:2|5:748:2
ckpt_4700.pt,5,723,0.6316489577293396,0.1341686099767685,0.5310701727867126,"206,65,118,253,164","64,233,174,108,97",5:34:2|5:478:2|5:572:2
ckpt_4700.pt,5,724,0.5799540281295776,0.09772564470767975,0.5046180486679077,"123,97,106,114,104","81,136,57,228,246",5:73:2|5:288:2|5:735:2
ckpt_4700.pt,5,725,0.4604192078113556,0.08639252930879593,0.4492012560367584,"202,73,70,52,234","111,37,242,221,24",5:1:1|5:7:1|5:8:1
ckpt_4700.pt,5,726,0.5963061451911926,0.12374666333198547,0.5109927654266357,"211,111,165,188,169","255,221,46,129,214",5:77:2|5:340:2|5:943:2
ckpt_4700.pt,5,727,0.5890815854072571,0.10481620579957962,0.4882846772670746,"230,124,196,215,30","100,137,179,29,89",5:152:2|5:350:2|5:562:2
ckpt_4700.pt,5,728,0.5563626289367676,0.11363167315721512,0.5191298127174377,"103,196,45,218,123","219,241,45,98,193",5:10:2|5:180:2|5:22:1
ckpt_4700.pt,5,729,0.5595930814743042,0.09617365896701813,0.5085378289222717,"37,198,145,246,103","251,173,86,77,247",5:319:2|5:351:2|5:5:1
ckpt_4700.pt,5,730,0.6223659515380859,0.13488881289958954,0.5430113077163696,"157,62,138,23,167","13,132,144,243,119",5:411:2|5:766:2|5:2:1
ckpt_4700.pt,5,731,0.6282770037651062,0.10147176682949066,0.4942113757133484,"29,232,49,255,5","103,99,148,59,46",5:21:2|5:352:2|5:374:2
ckpt_4700.pt,5,732,0.4769201874732971,0.09359373152256012,0.43070074915885925,"206,222,20,88,141","17,189,178,114,241",5:23:1|5:38:1|5:44:1
ckpt_4700.pt,5,733,0.5369886755943298,0.09409535676240921,0.49562355875968933,"23,154,159,93,73","184,102,39,246,202",5:339:2|5:354:2|5:459:2
ckpt_4700.pt,5,734,0.5882952213287354,0.11803548038005829,0.499728262424469,"24,98,114,43,131","209,202,243,3,97",5:30:2|5:58:2|5:360:2
ckpt_4700.pt,5,735,0.6385194659233093,0.11835923045873642,0.5600908398628235,"216,114,18,123,129","138,217,81,77,255",5:29:2|5:130:2|5:188:2
ckpt_4700.pt,5,736,0.5972140431404114,0.1273522526025772,0.5156404376029968,"220,203,100,66,48","149,212,58,171,248",5:40:2|5:187:2|5:667:2
ckpt_4700.pt,5,737,0.6122296452522278,0.10404691845178604,0.48990291357040405,"14,194,207,243,37","20,147,13,122,154",5:68:2|5:88:2|5:291:2
ckpt_4700.pt,5,738,0.6227025985717773,0.09429749101400375,0.48627057671546936,"121,105,147,111,151","69,201,202,49,38",5:148:2|5:612:2|5:47:1
ckpt_4700.pt,5,739,0.5133481025695801,0.10022984445095062,0.44448041915893555,"201,251,225,30,93","125,138,145,1,252",5:258:2|5:912:2|5:1001:2
ckpt_4700.pt,5,740,0.5784185528755188,0.11243101209402084,0.5171467065811157,"199,89,99,156,63","247,26,37,92,178",5:27:2|5:750:2|5:763:2
ckpt_4700.pt,5,741,0.6071768403053284,0.11158590018749237,0.5163622498512268,"248,227,114,9,253","24,209,130,83,21",5:38:2|5:195:2|5:436:2
ckpt_4700.pt,5,742,0.7138240933418274,0.13546918332576752,0.5638718008995056,"71,170,131,109,121","172,231,161,174,86",5:344:2|5:928:2|5:955:2
ckpt_4700.pt,5,743,0.5315175652503967,0.10240182280540466,0.46420106291770935,"44,167,102,43,59","1,28,44,25,87",5:958:2|5:2:1|5:10:1
ckpt_4700.pt,5,744,0.5971823930740356,0.13196982443332672,0.5106875896453857,"167,60,7,220,176","139,61,154,18,56",5:62:2|5:87:2|5:531:2
ckpt_4700.pt,5,745,0.5276414752006531,0.0932481437921524,0.4815206229686737,"42,246,183,95,239","212,145,242,174,225",5:563:2|5:5:1|5:23:1
ckpt_4700.pt,5,746,0.579307496547699,0.11037498712539673,0.5177667140960693,"212,128,32,134,76","86,194,219,130,64",5:167:2|5:226:2|5:791:2
ckpt_4700.pt,5,747,0.5641602277755737,0.11650977283716202,0.48497024178504944,"189,220,136,242,228","54,127,103,247,188",5:251:2|5:423:2|5:497:2
ckpt_4700.pt,5,748,0.6309444308280945,0.10149059444665909,0.5540197491645813,"230,82,198,29,50","121,108,7,17,159",5:116:2|5:225:2|5:265:2
ckpt_4700.pt,5,749,0.5307871699333191,0.10690253227949142,0.47706177830696106,"65,246,147,148,235","135,153,14,218,92",5:42:2|5:589:2|5:780:2
ckpt_4700.pt,5,750,0.6388974785804749,0.1458713561296463,0.5108245611190796,"73,156,211,217,99","54,169,42,47,16",5:168:2|5:400:2|5:740:2
ckpt_4700.pt,5,751,0.5846037268638611,0.10353901237249374,0.5224014520645142,"246,200,255,137,195","175,36,215,224,211",5:813:2|5:5:1|5:22:1
ckpt_4700.pt,5,752,0.5513969659805298,0.1104876771569252,0.4862262010574341,"135,58,48,255,95","85,228,191,136,206",5:110:2|5:260:2|5:688:2
ckpt_4700.pt,5,753,0.5485266447067261,0.11551483720541,0.4760671854019165,"71,30,24,75,31","29,22,134,179,247",5:59:2|5:257:2|5:281:2
ckpt_4700.pt,5,754,0.6228012442588806,0.10494735836982727,0.5340731739997864,"104,219,8,187,213","87,1,101,46,245",5:17:2|5:364:2|5:798:2
ckpt_4700.pt,5,755,0.593184232711792,0.11298467963933945,0.5475674271583557,"10,188,113,250,205","202,196,182,64,106",5:275:2|5:679:2|5:10:1
ckpt_4700.pt,5,756,0.6202473640441895,0.11427023261785507,0.5091710090637207,"38,25,4,146,153","116,219,154,73,62",5:659:2|5:6:1|5:25:1
ckpt_4700.pt,5,757,0.5999387502670288,0.12682011723518372,0.5063759088516235,"85,73,222,49,251","182,166,128,62,226",5:19:2|5:481:2|5:546:2
ckpt_4700.pt,5,758,0.5220384001731873,0.10665921866893768,0.5045690536499023,"20,109,39,158,43","181,104,245,97,254",5:80:2|5:385:2|5:426:2
ckpt_4700.pt,5,759,0.5540465712547302,0.0933937281370163,0.5250159502029419,"106,42,20,221,100","224,133,137,5,89",5:49:2|5:80:2|5:223:2
ckpt_4700.pt,5,760,0.5448976159095764,0.09736473113298416,0.470459908246994,"237,88,4,186,122","73,176,126,74,66",5:37:1|5:38:1|5:66:1
ckpt_4700.pt,5,761,0.5382196307182312,0.11030205339193344,0.49767976999282837,"44,180,28,152,14","76,210,214,103,220",5:91:2|5:354:2|5:33:1
ckpt_4700.pt,5,762,0.572813868522644,0.1209498718380928,0.5254802107810974,"211,7,46,120,232","56,19,22,209,210",5:120:2|5:833:2|5:2:1
ckpt_4700.pt,5,763,0.5116302967071533,0.10359342396259308,0.4694148302078247,"156,183,211,89,213","103,194,32,131,132",5:740:2|5:750:2|5:825:2
ckpt_4700.pt,5,764,0.5221989750862122,0.09762483090162277,0.45961177349090576,"201,129,36,11,254","109,185,216,190,107",5:258:2|5:582:2|5:650:2
ckpt_4700.pt,5,765,0.5785254836082458,0.10871366411447525,0.5059321522712708,"35,248,104,156,151","245,42,149,248,227",5:102:2|5:247:2|5:957:2
ckpt_4700.pt,5,766,0.5102563500404358,0.09149660915136337,0.4283415675163269,"167,160,140,23,83","149,59,195,144,145",5:652:3|5:304:2|5:376:2
ckpt_4700.pt,5,767,0.5505414009094238,0.11040263622999191,0.5014400482177734,"240,123,34,238,208","41,207,52,108,187",5:10:1|5:18:1|5:54:1
ckpt_4700.pt,5,768,0.6339737176895142,0.11472325026988983,0.5024178624153137,"124,13,50,220,194","4,110,253,37,140",5:239:2|5:538:2|5:4:1
ckpt_4700.pt,5,769,0.5638988614082336,0.10961364209651947,0.48927634954452515,"210,175,231,8,204","200,116,210,85,161",5:143:2|5:775:2|5:21:1
ckpt_4700.pt,5,770,0.5688353776931763,0.1387728899717331,0.5032660961151123,"43,190,87,66,242","18,116,109,12,187",5:126:2|5:245:2|5:521:2
ckpt_4700.pt,5,771,0.5566277503967285,0.09970138967037201,0.474650114774704,"112,6,160,114,117","136,98,122,107,106",5:58:2|5:133:2|5:486:2
ckpt_4700.pt,5,772,0.6853010654449463,0.12504203617572784,0.5828012228012085,"10,98,70,80,163","247,52,181,74,49",5:379:2|5:1002:2|5:1:1
ckpt_4700.pt,5,773,0.5730306506156921,0.09604623168706894,0.5085325241088867,"51,74,3,157,48","4,172,194,94,186",5:40:2|5:111:2|5:628:2
ckpt_4700.pt,5,774,0.5849353075027466,0.11792778968811035,0.5050010681152344,"222,30,244,76,252","145,254,54,148,98",5:289:2|5:480:2|5:23:1
ckpt_4700.pt,5,775,0.5780750513076782,0.1445637047290802,0.5204971432685852,"8,82,181,204,172","112,167,21,83,189",5:429:3|5:623:2|5:769:2
ckpt_4700.pt,5,776,0.45839789509773254,0.11682319641113281,0.4031350314617157,"35,3,117,13,243","84,170,221,205,202",5:208:2|5:246:2|5:884:2
ckpt_4700.pt,5,777,0.6452208757400513,0.1087857037782669,0.5262338519096375,"97,185,100,88,6","157,219,108,74,63",5:79:2|5:85:2|5:600:2
ckpt_4700.pt,5,778,0.5929588675498962,0.12383796274662018,0.5097077488899231,"63,198,204,89,24","41,94,158,164,230",5:27:3|5:200:2|5:225:2
ckpt_4700.pt,5,779,0.5213508009910583,0.10110060125589371,0.4741377532482147,"21,51,182,170,24","179,46,63,34,95",5:18:2|5:59:2|5:17:1
ckpt_4700.pt,5,780,0.5482304692268372,0.09783077239990234,0.4889012277126312,"207,235,20,148,87","3,127,254,233,199",5:749:2|5:830:2|5:867:2
ckpt_4700.pt,5,781,0.49485036730766296,0.13097190856933594,0.4693548083305359,"214,37,221,2,123","43,59,15,145,36",5:285:2|5:318:2|5:557:2
ckpt_4700.pt,5,782,0.5419282913208008,0.11032386124134064,0.4688689112663269,"168,214,223,43,49","224,2,234,27,36",5:126:2|5:430:2|5:683:2
ckpt_4700.pt,5,783,0.594818651676178,0.1228155866265297,0.5216382145881653,"159,212,106,69,125","150,177,12,11,35",5:12:2|5:160:2|5:817:2
ckpt_4700.pt,5,784,0.5386136174201965,0.0849493220448494,0.4986018240451813,"63,190,13,78,24","155,210,248,147,80",5:27:2|5:62:2|5:124:2
ckpt_4700.pt,5,785,0.680473804473877,0.12461160868406296,0.5516580939292908,"57,83,94,130,232","212,122,94,19,2",5:90:2|5:14:1|5:25:1
ckpt_4700.pt,5,786,0.5649130940437317,0.09706159681081772,0.5228006839752197,"85,212,224,86,122","160,86,26,238,50",5:339:2|5:424:2|5:483:2
ckpt_4700.pt,5,787,0.5511690974235535,0.09852045774459839,0.47295793890953064,"0,231,145,35,242","71,62,173,127,189",5:368:2|5:850:2|5:9:1
ckpt_4700.pt,5,788,0.49527257680892944,0.08744540065526962,0.4441029727458954,"45,249,210,105,240","17,92,102,118,33",5:47:1|5:48:1|5:51:1
ckpt_4700.pt,5,789,0.5855490565299988,0.11158470064401627,0.5001989006996155,"119,182,247,105,17","200,182,199,27,161",5:47:2|5:441:2|5:851:2
ckpt_4700.pt,5,790,0.5562359094619751,0.1110786721110344,0.488440603017807,"9,119,116,93,54","92,136,82,182,243",5:202:2|5:659:2|5:6:1
ckpt_4700.pt,5,791,0.5419830679893494,0.08995764702558517,0.4910472631454468,"137,134,207,5,128","97,38,253,190,29",5:68:2|5:290:2|5:374:2
ckpt_4700.pt,5,792,0.5449716448783875,0.08787138760089874,0.48479926586151123,"29,71,31,43,13","7,13,40,118,91",5:588:2|5:753:2|5:797:2
ckpt_4700.pt,5,793,0.5512521862983704,0.09614086896181107,0.4889160394668579,"169,9,248,124,207","188,22,228,96,82",5:957:3|5:12:2|5:327:2
ckpt_4700.pt,5,794,0.5347988605499268,0.09904418885707855,0.48982399702072144,"60,172,133,126,135","47,152,17,173,55",5:398:2|5:705:2|5:904:2
ckpt_4700.pt,5,795,0.5365594029426575,0.09638693183660507,0.5055895447731018,"54,127,111,216,56","37,245,233,89,51",5:361:2|5:34:1|5:57:1
ckpt_4700.pt,5,796,0.6383970379829407,0.11558739840984344,0.5666318535804749,"223,46,58,198,123","185,173,172,149,81",5:67:2|5:110:2|5:470:2
ckpt_4700.pt,5,797,0.528034508228302,0.09723895788192749,0.4761461615562439,"13,155,41,43,251","70,247,133,198,60",5:792:2|5:804:2|5:1005:2
ckpt_4700.pt,5,798,0.6129454970359802,0.11679816246032715,0.5262853503227234,"104,154,203,161,187","169,247,141,172,41",5:966:3|5:138:2|5:754:2
ckpt_4700.pt,5,799,0.6482855081558228,0.1156095564365387,0.5115706324577332,"158,220,255,149,215","211,194,19,71,234",5:101:2|5:238:2|5:277:2
ckpt_4700.pt,5,800,0.5013355016708374,0.09438922256231308,0.4392416477203369,"28,63,10,123,33","172,248,145,101,140",5:1007:2|5:10:1|5:21:1
ckpt_4700.pt,5,801,0.5126768350601196,0.08074216544628143,0.47634947299957275,"110,134,143,174,223","39,124,184,211,74",5:1020:2|5:8:1|5:11:1
ckpt_4700.pt,5,802,0.5306091904640198,0.0937594622373581,0.45606380701065063,"111,61,110,227,254","10,151,65,98,94",5:544:2|5:704:2|5:979:2
ckpt_4700.pt,5,803,0.5525571703910828,0.09942781180143356,0.495065838098526,"39,65,168,104,51","191,213,216,1,222",5:365:2|5:376:2|5:402:2
ckpt_4700.pt,5,804,0.5764725804328918,0.14472664892673492,0.5235305428504944,"157,18,119,13,251","156,252,247,208,109",5:124:2|5:235:2|5:797:2
ckpt_4700.pt,5,805,0.5564073324203491,0.10392888635396957,0.497154176235199,"48,166,89,133,52","219,28,106,167,253",5:98:2|5:305:2|5:527:2
ckpt_4700.pt,5,806,0.5677530765533447,0.09622152149677277,0.5259435772895813,"77,54,82,253,130","80,187,69,64,137",5:34:2|5:90:2|5:923:2
ckpt_4700.pt,5,807,0.47746965289115906,0.09725645929574966,0.4131968915462494,"188,161,183,248,116","60,160,154,141,11",5:78:2|5:12:1|5:23:1
ckpt_4700.pt,5,808,0.42790496349334717,0.08747542649507523,0.3996221423149109,"121,207,145,75,40","157,41,149,70,19",5:93:2|5:351:2|5:9:1
ckpt_4700.pt,5,809,0.5417742133140564,0.10190796852111816,0.4706359803676605,"183,57,179,12,225","201,186,203,50,65",5:298:2|5:924:2|5:2:1
ckpt_4700.pt,5,810,0.6185927987098694,0.11300885677337646,0.5329540371894836,"222,229,113,216,248","217,1,209,86,37",5:44:2|5:76:2|5:585:2
ckpt_4700.pt,5,811,0.5067925453186035,0.096429243683815,0.44130972027778625,"47,57,1,18,191","60,121,228,45,49",5:964:3|5:188:2|5:220:2
ckpt_4700.pt,5,812,0.5964760184288025,0.11816640198230743,0.5068858861923218,"7,53,41,108,248","233,76,79,181,237",5:475:2|5:1022:2|5:0:1
ckpt_4700.pt,5,813,0.5780674815177917,0.10524431616067886,0.5146795511245728,"45,187,195,255,28","236,26,98,244,37",5:71:2|5:751:2|5:43:1
ckpt_4700.pt,5,814,0.5858536958694458,0.08607921749353409,0.47596439719200134,"11,7,217,44,197","232,198,186,38,144",5:108:2|5:18:1|5:24:1
ckpt_4700.pt,5,815,0.5381372570991516,0.11303728818893433,0.45586055517196655,"33,89,43,107,139","215,148,197,153,168",5:14:2|5:126:2|5:27:1
ckpt_4700.pt,5,816,0.5102466344833374,0.09902634471654892,0.4422822892665863,"42,113,89,181,157","51,238,233,235,189",5:44:2|5:278:2|5:642:2
ckpt_4700.pt,5,817,0.5505157709121704,0.11374343186616898,0.4932393729686737,"137,47,169,212,159","67,142,107,106,227",5:12:2|5:125:2|5:603:2
ckpt_4700.pt,5,818,0.5896663069725037,0.10899008065462112,0.504645586013794,"47,228,89,192,52","164,216,126,187,210",5:805:2|5:1:1|5:14:1
ckpt_4700.pt,5,819,0.6288682222366333,0.11425655335187912,0.4933266341686249,"255,36,161,53,102","151,183,204,105,62",5:490:2|5:0:1|5:5:1
ckpt_4700.pt,5,820,0.5769850611686707,0.10416734963655472,0.5103690028190613,"78,162,17,221,115","72,222,109,67,141",5:557:2|5:840:2|5:1:1
ckpt_4700.pt,5,821,0.5005457997322083,0.10782317072153091,0.43989884853363037,"1,214,72,7,43","58,97,13,166,75",5:30:2|5:126:2|5:782:2
ckpt_4700.pt,5,822,0.532268762588501,0.08421463519334793,0.5008460283279419,"237,104,251,51,229","33,208,4,116,15",5:655:3|5:261:2|5:343:2
ckpt_4700.pt,5,823,0.6186736822128296,0.11342280358076096,0.5282785892486572,"34,51,90,171,35","147,172,41,57,243",5:933:2|5:11:1|5:18:1
ckpt_4700.pt,5,824,0.5931928157806396,0.10195603966712952,0.4977126717567444,"154,249,107,79,143","206,37,154,53,248",5:155:2|5:248:2|5:1:1
ckpt_4700.pt,5,825,0.515444815158844,0.09881799668073654,0.46693217754364014,"156,84,220,211,58","193,90,215,167,170",5:118:2|5:412:2|5:470:2
ckpt_4700.pt,5,826,0.6023940443992615,0.1044996976852417,0.5296246409416199,"86,152,210,206,96","196,198,31,57,255",5:1004:2|5:3:1|5:5:1
ckpt_4700.pt,5,827,0.6132604479789734,0.12069059163331985,0.5157693028450012,"225,114,172,236,33","46,58,202,160,134",5:3:1|5:29:1|5:46:1
ckpt_4700.pt,5,828,0.6473994851112366,0.1156005933880806,0.5201534628868103,"1,54,40,49,241","155,101,202,135,144",5:103:2|5:303:2|5:602:2
ckpt_4700.pt,5,829,0.5832456350326538,0.10221599787473679,0.49466943740844727,"153,65,150,80,156","49,85,167,8,116",5:197:2|5:357:2|5:437:2
ckpt_4700.pt,5,830,0.5756739974021912,0.10177789628505707,0.47744184732437134,"86,207,148,224,218","246,91,160,252,116",5:424:2|5:519:2|5:780:2
ckpt_4700.pt,5,831,0.5350795984268188,0.11486906558275223,0.4771821200847626,"212,93,178,174,31","170,128,106,57,212",5:41:2|5:988:2|5:8:1
ckpt_4700.pt,5,832,0.5152062773704529,0.08383703231811523,0.4633389711380005,"92,160,89,15,247","72,127,83,50,221",5:14:2|5:360:2|5:487:2
ckpt_4700.pt,5,833,0.6254658102989197,0.15329104661941528,0.5128473043441772,"120,115,7,213,67","62,125,232,177,167",5:180:2|5:230:2|5:476:2
ckpt_4700.pt,5,834,0.6300243139266968,0.10399564355611801,0.4844159483909607,"174,187,59,86,69","155,29,159,38,77",5:176:2|5:1017:2|5:3:1
ckpt_4700.pt,5,835,0.6085427403450012,0.1373337060213089,0.5299047827720642,"131,169,172,150,80","34,204,92,89,223",5:197:2|5:233:2|5:338:2
ckpt_4700.pt,5,836,0.5880225896835327,0.09816479682922363,0.4974731504917145,"49,42,251,53,145","97,71,127,252,197",5:228:2|5:636:2|5:757:2
ckpt_4700.pt,5,837,0.4919404983520508,0.09968253970146179,0.4540018141269684,"99,212,167,247,236","201,213,246,92,132",5:115:2|5:553:2|5:708:2
ckpt_4700.pt,5,838,0.5324114561080933,0.10998722165822983,0.5167613625526428,"233,29,133,38,89","179,136,159,229,250",5:305:2|5:408:2|5:527:2
ckpt_4700.pt,5,839,0.600039005279541,0.10180021077394485,0.5314456820487976,"41,230,226,199,59","236,250,157,144,24",5:174:2|5:461:2|5:571:2
ckpt_4700.pt,5,840,0.5436646938323975,0.08806663751602173,0.4828941226005554,"148,78,220,17,255","184,17,198,240,35",5:62:2|5:134:2|5:145:2
ckpt_4700.pt,5,841,0.5768421292304993,0.13505010306835175,0.4881552755832672,"214,223,87,40,15","90,66,222,145,72",5:50:2|5:126:2|5:782:2
ckpt_4700.pt,5,842,0.5541442632675171,0.11362580209970474,0.49192020297050476,"98,5,240,179,107","37,224,70,195,58",5:31:2|5:290:2|5:325:2
ckpt_4700.pt,5,843,0.5208020210266113,0.10544420778751373,0.44951072335243225,"203,16,190,86,164","107,223,205,135,40",5:338:2|5:920:2|5:3:1
ckpt_4700.pt,5,844,0.5556814074516296,0.09489234536886215,0.5291217565536499,"16,225,67,207,244","193,58,181,162,106",5:353:2|5:610:2|5:14:1
ckpt_4700.pt,5,845,0.617664635181427,0.10056275874376297,0.5490682721138,"231,22,181,215,167","69,187,195,177,182",5:21:2|5:396:2|5:692:2
ckpt_4700.pt,5,846,0.5603294372558594,0.11166559904813766,0.4862622022628784,"145,120,157,123,180","207,254,60,90,123",5:193:2|5:235:2|5:2:1
ckpt_4700.pt,5,847,0.5489908456802368,0.1092100664973259,0.5082957148551941,"223,126,173,65,53","188,253,247,49,246",5:170:2|5:5:1|5:15:1
ckpt_4700.pt,5,848,0.5072070956230164,0.09113863110542297,0.4684337079524994,"221,186,251,3,48","15,158,160,93,8",5:628:2|5:773:2|5:916:2
ckpt_4700.pt,5,849,0.6121506094932556,0.11359728127717972,0.5002614855766296,"1,229,198,217,166","235,56,158,186,80",5:61:2|5:67:2|5:15:1
ckpt_4700.pt,5,850,0.6350318193435669,0.1345614790916443,0.5167129635810852,"199,242,203,231,40","22,75,43,247,59",5:559:2|5:787:2|5:21:1
ckpt_4700.pt,5,851,0.5850317478179932,0.13135190308094025,0.522870659828186,"232,105,9,237,182","154,72,249,167,219",5:158:2|5:191:2|5:229:2
ckpt_4700.pt,5,852,0.5160657167434692,0.09180358052253723,0.460358589887619,"130,213,2,42,163","65,234,197,45,185",5:136:2|5:285:2|5:476:2
ckpt_4700.pt,5,853,0.6046278476715088,0.09463182091712952,0.5147013068199158,"49,106,225,254,154","62,37,183,144,142",5:238:2|5:258:2|5:865:2
ckpt_4700.pt,5,854,0.5089130401611328,0.10671274363994598,0.4526536166667938,"164,41,76,160,46","4,219,125,207,212",5:92:2|5:257:2|5:399:2
ckpt_4700.pt,5,855,0.5504140853881836,0.11806934326887131,0.49734070897102356,"92,132,57,226,244","114,62,229,206,108",5:23:2|5:0:1|5:25:1
ckpt_4700.pt,5,856,0.6107717752456665,0.10271235555410385,0.5341901183128357,"168,31,152,105,186","185,86,56,214,33",5:207:2|5:532:2|5:875:2
ckpt_4700.pt,5,857,0.6162006258964539,0.11644162237644196,0.48914361000061035,"169,237,160,215,177","217,34,184,243,22",5:261:2|5:886:2|5:889:2
ckpt_4700.pt,5,858,0.5759039521217346,0.10103679448366165,0.5580987334251404,"58,214,117,41,144","5,127,192,154,207",5:318:2|5:361:2|5:478:2
ckpt_4700.pt,5,859,0.5468117594718933,0.09013348817825317,0.46163296699523926,"112,245,221,130,176","11,18,176,58,106",5:553:2|5:646:2|5:2:1
ckpt_4700.pt,5,860,0.5225924253463745,0.10496603697538376,0.48646479845046997,"5,26,236,124,228","63,137,170,29,203",5:276:2|5:367:2|5:414:2
ckpt_4700.pt,5,861,0.52620530128479,0.09530563652515411,0.43761536478996277,"97,175,76,119,212","99,22,217,199,253",5:746:2|5:6:1|5:9:1
ckpt_4700.pt,5,862,0.6435437798500061,0.11048516631126404,0.5156460404396057,"22,213,136,71,62","8,220,97,145,90",5:285:2|5:36:1|5:39:1
ckpt_4700.pt,5,863,0.4696692228317261,0.08704677224159241,0.45679208636283875,"142,106,93,107,129","162,37,24,221,106",5:676:2|5:1:1|5:12:1
ckpt_4700.pt,5,864,0.5480136275291443,0.10123452544212341,0.4663373529911041,"54,103,154,214,11","217,54,17,174,151",5:34:2|5:144:2|5:185:2
ckpt_4700.pt,5,865,0.5213803648948669,0.11716713011264801,0.4857315123081207,"154,106,33,61,166","47,30,93,65,228",5:98:2|5:362:2|5:715:2
ckpt_4700.pt,5,866,0.6647782921791077,0.11865634471178055,0.5058602690696716,"58,36,109,81,40","138,208,178,234,16",5:671:2|5:0:1|5:13:1
ckpt_4700.pt,5,867,0.5794451832771301,0.11045714467763901,0.5059161186218262,"228,148,235,188,208","68,183,21,228,25",5:137:2|5:749:2|5:780:2
ckpt_4700.pt,5,868,0.598937451839447,0.11678365617990494,0.5482544898986816,"76,34,195,133,230","17,119,86,61,104",5:43:2|5:527:2|5:18:1
ckpt_4700.pt,5,869,0.5009040236473083,0.09062989056110382,0.46519234776496887,"236,112,192,60,142","142,19,33,208,187",5:24:2|5:89:2|5:1:1
ckpt_4700.pt,5,870,0.5552204847335815,0.10635814070701599,0.492479532957077,"88,158,37,244,167","174,57,110,17,193",5:508:2|5:624:2|5:875:2
ckpt_4700.pt,5,871,0.5771429538726807,0.09536438435316086,0.5073773264884949,"2,178,81,41,239","26,175,3,40,132",5:355:2|5:557:2|5:596:2
ckpt_4700.pt,5,872,0.5046665072441101,0.09335719794034958,0.4511243999004364,"172,207,168,39,115","12,107,3,121,239",5:7:2|5:184:2|5:320:2
ckpt_4700.pt,5,873,0.5190712809562683,0.08737782388925552,0.4509020149707794,"196,210,217,97,255","67,38,49,37,192",5:288:2|5:903:2|5:18:1
ckpt_4700.pt,5,874,0.567671537399292,0.10444676876068115,0.4590296745300293,"242,32,71,200,230","172,152,92,53,242",5:992:2|5:22:1|5:26:1
ckpt_4700.pt,5,875,0.5059604644775391,0.10345399379730225,0.45286256074905396,"37,167,168,76,186","227,184,62,25,217",5:7:2|5:207:2|5:218:2
ckpt_4700.pt,5,876,0.6719652414321899,0.1292669177055359,0.5833562612533569,"81,62,67,166,158","253,206,186,216,14",5:139:2|5:596:2|5:9:1
ckpt_4700.pt,5,877,0.5122316479682922,0.09516368806362152,0.48199573159217834,"12,6,176,205,27","77,141,69,106,51",5:35:2|5:929:2|5:10:1
ckpt_4700.pt,5,878,0.523324728012085,0.10863259434700012,0.4632204473018646,"113,213,49,39,116","105,73,179,113,241",5:274:2|5:365:2|5:546:2
ckpt_4700.pt,5,879,0.5173822045326233,0.09846922010183334,0.44167307019233704,"235,214,154,72,195","118,15,152,172,102",5:144:2|5:216:2|5:493:2
ckpt_4700.pt,5,880,0.5703250169754028,0.09285905212163925,0.47361308336257935,"184,97,199,253,213","223,49,213,153,77",5:55:2|5:73:2|5:163:2
ckpt_4700.pt,5,881,0.47944337129592896,0.08957729488611221,0.4166986644268036,"193,75,241,128,6","43,149,65,157,49",5:389:2|5:488:2|5:539:2
ckpt_4700.pt,5,882,0.5188835263252258,0.101162388920784,0.4625270962715149,"15,41,98,169,18","136,171,146,132,49",5:137:2|5:263:2|5:576:2
ckpt_4700.pt,5,883,0.5152378082275391,0.09163972735404968,0.44768205285072327,"114,199,233,125,131","217,247,245,145,160",5:29:2|5:734:2|5:1019:2
ckpt_4700.pt,5,884,0.711802065372467,0.12847603857517242,0.5758303999900818,"3,81,243,171,82","37,69,196,30,103",5:68:2|5:189:2|5:208:2
ckpt_4700.pt,5,885,0.6355800032615662,0.10578776150941849,0.541193962097168,"199,22,16,106,51","106,213,13,133,86",5:415:2|5:461:2|5:635:2
ckpt_4700.pt,5,886,0.5737178921699524,0.0967029482126236,0.5091567039489746,"118,160,196,125,215","189,230,254,150,20",5:727:2|5:857:2|5:6:1
ckpt_4700.pt,5,887,0.5847563743591309,0.1171555295586586,0.495670884847641,"90,26,200,150,84","51,189,28,221,115",5:195:2|5:256:2|5:9:1
ckpt_4700.pt,5,888,0.5357929468154907,0.12043267488479614,0.4827689826488495,"128,186,142,167,155","130,214,93,31,183",5:875:2|5:1:1|5:2:1
ckpt_4700.pt,5,889,0.526786744594574,0.1250290721654892,0.47827091813087463,"253,135,169,215,102","118,235,247,65,27",5:463:2|5:613:2|5:705:2
ckpt_4700.pt,5,890,0.6317440271377563,0.10494202375411987,0.49607768654823303,"130,229,135,115,195","119,50,117,180,92",5:317:2|5:612:2|5:994:2
ckpt_4700.pt,5,891,0.6142253875732422,0.13077259063720703,0.5496113300323486,"143,28,224,105,250","3,151,37,13,88",5:236:2|5:692:2|5:720:2
ckpt_4700.pt,5,892,0.5555804967880249,0.13759835064411163,0.4999709725379944,"149,130,21,7,72","27,81,157,73,70",5:408:2|5:821:2|5:2:1
ckpt_4700.pt,5,893,0.5308980941772461,0.09979818761348724,0.4661965072154999,"40,224,215,187,70","42,185,87,106,196",5:93:2|5:559:2|5:998:2
ckpt_4700.pt,5,894,0.5671881437301636,0.09433560818433762,0.4999876320362091,"110,169,7,52,205","0,148,99,211,248",5:542:2|5:1:1|5:12:1
ckpt_4700.pt,5,895,0.5737684369087219,0.09543780982494354,0.48218992352485657,"26,45,54,139,17","40,100,169,126,231",5:369:2|5:630:2|5:1:1
ckpt_4700.pt,5,896,0.6162316203117371,0.11244063824415207,0.5904744267463684,"162,108,0,216,134","194,140,148,7,11",5:252:2|5:530:2|5:689:2
ckpt_4700.pt,5,897,0.6180340051651001,0.10858336836099625,0.49814966320991516,"157,103,247,91,151","205,175,89,134,82",5:111:2|5:10:1|5:14:1
ckpt_4700.pt,5,898,0.5356358289718628,0.0992884635925293,0.4885881841182709,"163,31,37,151,129","102,103,38,219,226",5:953:2|5:7:1|5:8:1
ckpt_4700.pt,5,899,0.5599232316017151,0.11869478970766068,0.4836830794811249,"41,167,27,106,24","11,252,249,83,28",5:257:2|5:466:2|5:719:2
ckpt_4700.pt,5,900,0.5963969230651855,0.10568615794181824,0.5014131665229797,"28,200,225,124,36","106,223,216,207,10",5:259:2|5:562:2|5:591:2
ckpt_4700.pt,5,901,0.5746155381202698,0.09980607777833939,0.4889783263206482,"65,3,204,15,60","62,216,66,117,19",5:103:2|5:214:2|5:951:2
ckpt_4700.pt,5,902,0.6245732307434082,0.10947196185588837,0.5267401933670044,"224,127,188,48,202","58,188,206,28,1",5:256:2|5:684:2|5:984:2
ckpt_4700.pt,5,903,0.52387535572052,0.10887566208839417,0.4748266637325287,"210,82,255,27,60","68,67,249,183,74",5:35:2|5:68:2|5:309:2
ckpt_4700.pt,5,904,0.6554934978485107,0.1240498349070549,0.5340577363967896,"77,174,135,107,172","170,240,255,34,105",5:46:2|5:260:2|5:273:2
ckpt_4700.pt,5,905,0.5997843742370605,0.1286357343196869,0.5208162665367126,"116,35,87,89,58","252,140,161,156,186",5:78:2|5:369:2|5:527:2
ckpt_4700.pt,5,906,0.5526114702224731,0.1112499013543129,0.49492040276527405,"142,207,7,189,195","49,223,74,188,166",5:320:2|5:419:2|5:495:2
ckpt_4700.pt,5,907,0.5480354428291321,0.0963435024023056,0.49898800253868103,"43,199,138,141,17","129,59,195,169,155",5:163:2|5:310:2|5:328:2
ckpt_4700.pt,5,908,0.7563347816467285,0.11882496625185013,0.6600738763809204,"199,42,115,209,34","123,13,219,221,177",5:642:2|5:718:2|5:4:1
ckpt_4700.pt,5,909,0.5808643698692322,0.10325340926647186,0.5056414604187012,"241,27,227,193,92","113,13,114,35,184",5:389:2|5:457:2|5:528:2
ckpt_4700.pt,5,910,0.5068795680999756,0.09756840765476227,0.46047863364219666,"153,171,189,106,193","29,220,200,216,30",5:106:2|5:541:2|5:1013:2
ckpt_4700.pt,5,911,0.6383537650108337,0.13356052339076996,0.5241999626159668,"127,181,44,20,130","220,117,219,206,18",5:328:2|5:385:2|5:21:1
ckpt_4700.pt,5,912,0.6179502010345459,0.11765051633119583,0.5316817760467529,"93,215,179,201,104","193,80,127,187,254",5:167:2|5:631:2|5:739:2
ckpt_4700.pt,5,913,0.5956020951271057,0.09957820922136307,0.4976750314235687,"250,36,174,33,111","116,52,209,83,63",5:922:2|5:0:1|5:8:1
ckpt_4700.pt,5,914,0.5328510403633118,0.09351585805416107,0.4712252616882324,"52,111,190,137,24","124,252,145,18,115",5:381:2|5:704:2|5:784:2
ckpt_4700.pt,5,915,0.5322883725166321,0.10827203840017319,0.4694608449935913,"38,35,64,5,48","214,132,114,107,160",5:60:2|5:379:2|5:650:2
ckpt_4700.pt,5,916,0.5668657422065735,0.09779392927885056,0.47235554456710815,"220,43,3,186,211","185,151,111,215,98",5:302:2|5:825:2|5:848:2
ckpt_4700.pt,5,917,0.5464022755622864,0.1072525605559349,0.4764102101325989,"40,17,236,51,88","180,159,88,92,110",5:85:2|5:321:2|5:608:2
ckpt_4700.pt,5,918,0.5483187437057495,0.14194053411483765,0.5229716300964355,"190,4,159,132,210","235,75,221,24,41",5:12:1|5:33:1|5:38:1
ckpt_4700.pt,5,919,0.5553153157234192,0.09422358125448227,0.531082034111023,"127,36,69,246,64","247,33,152,116,167",5:319:2|5:681:2|5:0:1
ckpt_4700.pt,5,920,0.6154248714447021,0.12479470670223236,0.5204007625579834,"164,37,86,250,119","33,58,64,112,201",5:218:2|5:424:2|5:843:2
ckpt_4700.pt,5,921,0.5982106924057007,0.12339213490486145,0.5251452326774597,"223,208,105,19,219","29,81,145,187,105",5:930:2|5:5:1|5:17:1
ckpt_4700.pt,5,922,0.554175853729248,0.09833022207021713,0.48683246970176697,"45,33,36,75,74","17,149,81,41,60",5:244:2|5:913:2|5:0:1
ckpt_4700.pt,5,923,0.5727304816246033,0.1451915055513382,0.49449798464775085,"208,130,54,80,109","82,210,141,199,249",5:317:2|5:602:2|5:806:2
ckpt_4700.pt,5,924,0.5346885919570923,0.1094888299703598,0.531046450138092,"183,179,218,144,244","247,125,20,116,220",5:23:2|5:809:2|5:2:1
ckpt_4700.pt,5,925,0.47279801964759827,0.09520044177770615,0.4179973006248474,"217,33,134,171,115","105,186,116,69,34",5:48:2|5:252:2|5:370:2
ckpt_4700.pt,5,926,0.5305085182189941,0.0908675417304039,0.5202346444129944,"239,103,187,182,223","2,70,81,120,233",5:373:2|5:10:1|5:18:1
ckpt_4700.pt,5,927,0.6614100337028503,0.13146480917930603,0.584991455078125,"255,177,240,117,75","120,179,24,26,48",5:237:2|5:277:2|5:980:2
ckpt_4700.pt,5,928,0.565764307975769,0.10019243508577347,0.5186415910720825,"109,71,31,20,215","9,111,210,239,168",5:13:2|5:473:2|5:742:2
ckpt_4700.pt,5,929,0.5504410862922668,0.10522697865962982,0.4886344373226166,"27,199,12,226,254","6,126,38,178,11",5:35:3|5:461:2|5:517:2
ckpt_4700.pt,5,930,0.5200839638710022,0.09803562611341476,0.4674278795719147,"36,59,163,105,208","192,245,240,160,102",5:356:2|5:444:2|5:921:2
ckpt_4700.pt,5,931,0.5267590880393982,0.10072414577007294,0.45299574732780457,"247,205,234,14,115","97,38,90,192,154",5:147:2|5:413:2|5:542:2
ckpt_4700.pt,5,932,0.5390728116035461,0.0925757959485054,0.5100318193435669,"191,80,215,205,147","182,248,67,230,101",5:101:2|5:589:2|5:3:1
ckpt_4700.pt,5,933,0.4477654695510864,0.08338482677936554,0.3957974910736084,"35,106,54,34,188","106,103,88,59,124",5:213:2|5:718:2|5:823:2
ckpt_4700.pt,5,934,0.48187270760536194,0.09960989654064178,0.4417588710784912,"194,170,148,149,168","25,47,168,113,178",5:498:2|5:941:2|5:7:1
ckpt_4700.pt,5,935,0.5846145749092102,0.09943697601556778,0.5146822333335876,"1,9,162,15,148","50,88,241,97,137",5:579:2|5:8:1|5:13:1
ckpt_4700.pt,5,936,0.5785958766937256,0.1103794202208519,0.5024877190589905,"140,35,191,113,54","67,135,3,13,113",5:3:2|5:213:2|5:397:2
ckpt_4700.pt,5,937,0.5665246844291687,0.11689360439777374,0.49714788794517517,"47,115,48,239,253","7,97,213,178,185",5:147:2|5:355:2|5:370:2
ckpt_4700.pt,5,938,0.5539628863334656,0.09008926898241043,0.5102439522743225,"9,130,11,152,45","81,59,130,135,38",5:42:1|5:51:1|5:65:1
ckpt_4700.pt,5,939,0.6279538869857788,0.12535864114761353,0.5196871757507324,"184,237,14,0,24","89,114,182,64,44",5:91:2|5:593:2|5:27:1
ckpt_4700.pt,5,940,0.5814590454101562,0.13197611272335052,0.5119457244873047,"220,228,181,248,215","86,71,60,180,219",5:44:2|5:251:2|5:423:2
ckpt_4700.pt,5,941,0.5769416689872742,0.10125938802957535,0.515194296836853,"85,240,113,168,194","165,127,122,124,190",5:500:2|5:934:2|5:7:1
ckpt_4700.pt,5,942,0.5901117920875549,0.08970742672681808,0.5241625308990479,"8,89,152,245,98","195,159,13,107,240",5:716:2|5:959:2|5:1:1
ckpt_4700.pt,5,943,0.5575421452522278,0.12496047466993332,0.5266414284706116,"106,204,59,165,188","239,141,216,92,255",5:77:2|5:340:2|5:726:2
ckpt_4700.pt,5,944,0.6333248615264893,0.1560249775648117,0.49504607915878296,"139,180,247,217,72","64,160,16,62,53",5:84:2|5:254:2|5:951:2
ckpt_4700.pt,5,945,0.5431410074234009,0.10729464143514633,0.4945250451564789,"187,248,91,37,214","37,220,10,16,245",5:318:2|5:781:2|5:946:2
ckpt_4700.pt,5,946,0.6466279029846191,0.11797625571489334,0.5388253927230835,"183,187,37,14,68","208,21,157,181,94",5:602:2|5:737:2|5:945:2
ckpt_4700.pt,5,947,0.608794093132019,0.12430841475725174,0.5164379477500916,"42,190,126,90,184","168,106,156,229,189",5:33:2|5:421:2|5:26:1
ckpt_4700.pt,5,948,0.5316177010536194,0.10081932693719864,0.47789934277534485,"190,38,168,142,53","14,13,41,48,90",5:52:2|5:1008:2|5:1:1
ckpt_4700.pt,5,949,0.5797216892242432,0.11275664716959,0.5313485264778137,"215,29,61,176,177","45,32,187,82,69",5:109:2|5:505:2|5:857:2
ckpt_4700.pt,5,950,0.5885080695152283,0.10673145204782486,0.5308694243431091,"242,49,209,197,154","51,173,29,159,209",5:412:2|5:715:2|5:853:2
ckpt_4700.pt,5,951,0.5551220774650574,0.11329549551010132,0.5087749361991882,"15,217,72,235,60","220,81,86,214,68",5:24:2|5:477:2|5:493:2
ckpt_4700.pt,5,952,0.583009660243988,0.13148252665996552,0.49927818775177,"255,162,145,116,181","179,172,92,174,44",5:237:2|5:998:2|5:8:1
ckpt_4700.pt,5,953,0.562944233417511,0.09716594964265823,0.4787774980068207,"7,153,124,163,37","221,242,216,76,99",5:64:2|5:255:2|5:548:2
ckpt_4700.pt,5,954,0.5528227090835571,0.09158531576395035,0.46930837631225586,"41,104,60,204,215","240,106,230,131,173",5:214:2|5:901:2|5:912:2
ckpt_4700.pt,5,955,0.5561418533325195,0.09590905159711838,0.483605295419693,"229,131,200,109,3","118,247,157,20,136",5:131:2|5:352:2|5:372:2
ckpt_4700.pt,5,956,0.6439462304115295,0.12655577063560486,0.5522695779800415,"95,219,107,54,94","109,112,135,88,41",5:155:2|5:213:2|5:5:1
ckpt_4700.pt,5,957,0.555912971496582,0.1145930290222168,0.4613795578479767,"207,124,17,35,248","190,80,253,146,57",5:793:3|5:514:2|5:765:2
ckpt_4700.pt,5,958,0.517694890499115,0.09359493851661682,0.46855127811431885,"52,59,97,44,3","128,230,96,218,166",5:88:2|5:381:2|5:743:2
ckpt_4700.pt,5,959,0.6128512620925903,0.11123505979776382,0.539048969745636,"233,245,92,98,140","164,61,59,152,20",5:75:2|5:536:2|5:579:2
ckpt_4700.pt,5,960,0.5716254711151123,0.11593636870384216,0.5155543088912964,"207,116,24,220,195","150,67,109,205,84",5:101:2|5:216:2|5:320:2
ckpt_4700.pt,5,961,0.6579750180244446,0.13586223125457764,0.5283971428871155,"12,117,201,155,4","86,76,174,160,185",5:6:1|5:20:1|5:35:1
ckpt_4700.pt,5,962,0.6314243078231812,0.11995813995599747,0.5328587293624878,"243,4,137,80,116","141,108,70,161,174",5:121:2|5:202:2|5:359:2
ckpt_4700.pt,5,963,0.5487141013145447,0.12028338760137558,0.4834640622138977,"43,245,242,36,141","144,157,103,28,100",5:245:2|5:598:2|5:620:2
ckpt_4700.pt,5,964,0.5542917251586914,0.1215534508228302,0.5081349611282349,"101,18,57,4,47","182,49,38,167,123",5:811:3|5:121:2|5:551:2
ckpt_4700.pt,5,965,0.6107783317565918,0.1071457639336586,0.5398668050765991,"112,75,41,106,232","224,105,245,158,143",5:355:3|5:257:2|5:461:2
ckpt_4700.pt,5,966,0.5283344984054565,0.10262635350227356,0.42946359515190125,"154,75,104,187,80","207,234,65,95,173",5:798:3|5:237:2|5:754:2
ckpt_4700.pt,5,967,0.6000046730041504,0.11963754147291183,0.5305717587471008,"86,220,34,245,163","40,188,253,194,137",5:127:2|5:145:2|5:348:2
ckpt_4700.pt,5,968,0.6025866866111755,0.09564953297376633,0.5021048188209534,"50,110,241,135,237","113,54,232,228,27",5:323:2|5:13:1|5:16:1
ckpt_4700.pt,5,969,0.5536855459213257,0.11149805039167404,0.5045666098594666,"145,56,122,46,29","67,83,252,169,176",5:193:2|5:505:2|5:516:2
ckpt_4700.pt,5,970,0.57785964012146,0.0993993878364563,0.5276710987091064,"99,95,57,204,116","205,64,5,47,52",5:30:2|5:133:2|5:143:2
ckpt_4700.pt,5,971,0.5576732158660889,0.0939382016658783,0.46676841378211975,"167,204,130,107,60","218,115,140,164,66",5:214:2|5:531:2|5:744:2
ckpt_4700.pt,5,972,0.5546407699584961,0.11576282232999802,0.47243085503578186,"250,126,157,197,0","25,6,219,33,73",5:40:1|5:56:1|5:90:1
ckpt_4700.pt,5,973,0.6687336564064026,0.11242788285017014,0.5744938850402832,"229,52,46,175,186","49,99,225,229,22",5:305:2|5:629:2|5:1:1
ckpt_4700.pt,5,974,0.6049695014953613,0.12057871371507645,0.52052903175354,"180,228,184,15,53","171,5,73,230,130",5:33:2|5:36:2|5:254:2
ckpt_4700.pt,5,975,0.5290881395339966,0.09586778283119202,0.49545013904571533,"94,0,156,36,192","98,228,107,243,144",5:136:2|5:0:1|5:56:1
ckpt_4700.pt,5,976,0.5437532663345337,0.13204310834407806,0.4755205810070038,"246,46,24,177,44","20,115,107,227,223",5:175:2|5:257:2|5:593:2
ckpt_4700.pt,5,977,0.5682799816131592,0.11220525205135345,0.47712406516075134,"219,5,12,1,136","150,248,118,220,99",5:17:2|5:221:2|5:435:2
ckpt_4700.pt,5,978,0.500140368938446,0.08613432943820953,0.4770040214061737,"167,215,246,182,161","152,15,101,67,235",5:95:2|5:845:2|5:2:1
ckpt_4700.pt,5,979,0.6094418168067932,0.11649230867624283,0.5257374048233032,"14,61,112,179,254","206,223,120,231,169",5:2:2|5:544:2|5:802:2
ckpt_4700.pt,5,980,0.6311248540878296,0.11204886436462402,0.5027297735214233,"177,143,240,231,82","123,252,11,159,118",5:240:2|5:692:2|5:927:2
ckpt_4700.pt,5,981,0.6179237961769104,0.10692688077688217,0.4942769706249237,"191,66,46,141,239","227,160,164,176,222",5:117:2|5:524:2|5:3:1
ckpt_4700.pt,5,982,0.5270757079124451,0.09439221769571304,0.493679404258728,"136,225,4,226,168","219,12,243,106,158",5:239:2|5:502:2|5:7:1
ckpt_4700.pt,5,983,0.5768128037452698,0.09166979044675827,0.5411481261253357,"114,202,128,165,20","226,149,206,95,12",5:3:1|5:7:1|5:29:1
ckpt_4700.pt,5,984,0.6602312922477722,0.15273967385292053,0.5851165056228638,"129,144,127,193,202","31,1,216,128,131",5:333:2|5:684:2|5:902:2
ckpt_4700.pt,5,985,0.581304669380188,0.11489487439393997,0.5215086340904236,"99,156,178,253,164","113,255,147,43,239",5:34:2|5:606:2|5:723:2
ckpt_4700.pt,5,986,0.47207188606262207,0.10734981298446655,0.4371308982372284,"64,178,168,14,49","157,111,119,100,43",5:87:2|5:122:2|5:602:2
ckpt_4700.pt,5,987,0.5676220655441284,0.14029349386692047,0.5322651863098145,"177,82,106,43,120","67,50,98,133,145",5:240:2|5:499:2|5:707:2
ckpt_4700.pt,5,988,0.5817986726760864,0.1311006397008896,0.5238527059555054,"245,17,167,212,93","112,100,170,47,90",5:553:2|5:719:2|5:831:2
ckpt_4700.pt,5,989,0.6508814692497253,0.11766912043094635,0.5234131813049316,"52,201,111,29,99","178,207,145,87,96",5:116:2|5:305:2|5:381:2
ckpt_4700.pt,5,990,0.5199394822120667,0.11863052099943161,0.5051590204238892,"229,144,223,47,185","62,48,60,188,15",5:192:2|5:604:2|5:612:2
ckpt_4700.pt,5,991,0.5212783217430115,0.12946027517318726,0.4643084406852722,"202,235,126,220,145","203,37,154,8,53",5:228:2|5:518:2|5:667:2
ckpt_4700.pt,5,992,0.49851304292678833,0.11034897714853287,0.4527460038661957,"58,23,32,218,230","143,93,160,15,165",5:476:2|5:482:2|5:648:2
ckpt_4700.pt,5,993,0.5231652855873108,0.100362129509449,0.46035638451576233,"109,45,170,234,8","9,111,185,32,7",5:293:2|5:742:2|5:13:1
ckpt_4700.pt,5,994,0.5452489852905273,0.10750005394220352,0.45912474393844604,"200,134,130,147,229","224,176,174,110,223",5:131:2|5:372:2|5:612:2
ckpt_4700.pt,5,995,0.5700481534004211,0.10215059667825699,0.5052047967910767,"72,166,196,19,180","11,128,243,211,174",5:222:2|5:438:2|5:944:2
ckpt_4700.pt,5,996,0.6111670732498169,0.13103267550468445,0.5311389565467834,"100,40,201,234,210","38,83,5,139,119",5:31:1|5:46:1|5:49:1
ckpt_4700.pt,5,997,0.5059609413146973,0.10414212942123413,0.5030325055122375,"23,21,54,198,22","161,208,175,30,94",5:416:2|5:20:1|5:34:1
ckpt_4700.pt,5,998,0.6189612746238708,0.13152696192264557,0.5101674199104309,"70,213,162,187,116","197,183,50,178,85",5:8:2|5:754:2|5:878:2
ckpt_4700.pt,5,999,0.615763247013092,0.11646635085344315,0.537341833114624,"181,3,251,161,253","178,133,190,169,174",5:45:2|5:70:2|5:848:2
ckpt_4700.pt,5,1000,0.6366024613380432,0.11710740625858307,0.5194038152694702,"35,82,49,41,211","172,57,250,6,112",5:577:2|5:690:2|5:11:1
ckpt_4700.pt,5,1001,0.47609570622444153,0.08134040236473083,0.46902740001678467,"132,30,195,201,145","43,164,195,245,75",5:70:2|5:350:2|5:739:2
ckpt_4700.pt,5,1002,0.5427667498588562,0.11101873964071274,0.48295095562934875,"10,129,14,80,122","54,100,90,135,248",5:298:2|5:772:2|5:21:1
ckpt_4700.pt,5,1003,0.5670945048332214,0.10583679378032684,0.4975757300853729,"216,201,237,115,76","188,247,216,149,126",5:66:2|5:106:2|5:167:2
ckpt_4700.pt,5,1004,0.6023198962211609,0.11130291223526001,0.5113250017166138,"55,31,86,201,206","15,188,9,232,172",5:185:2|5:425:2|5:826:2
ckpt_4700.pt,5,1005,0.5590507388114929,0.10092654079198837,0.5036596655845642,"41,63,79,251,232","224,210,35,180,61",5:25:2|5:158:2|5:200:2
ckpt_4700.pt,5,1006,0.5479488968849182,0.11828472465276718,0.5088950991630554,"17,244,152,97,129","120,95,228,84,226",5:194:2|5:1:1|5:23:1
ckpt_4700.pt,5,1007,0.5422005653381348,0.08667266368865967,0.4771139323711395,"95,28,201,63,218","164,171,31,26,8",5:425:2|5:629:2|5:800:2
ckpt_4700.pt,5,1008,0.6142799854278564,0.13667573034763336,0.5428345799446106,"61,53,190,176,24","141,39,203,255,79",5:577:2|5:615:2|5:646:2
ckpt_4700.pt,5,1009,0.5747555494308472,0.09732605516910553,0.49757954478263855,"104,128,190,54,234","89,95,212,190,141",5:17:1|5:33:1|5:34:1
ckpt_4700.pt,5,1010,0.5424826741218567,0.10880373418331146,0.523434042930603,"2,142,216,5,240","186,169,136,11,199",5:331:2|5:374:2|5:842:2
ckpt_4700.pt,5,1011,0.4986664950847626,0.09587223827838898,0.47321847081184387,"23,11,113,128,12","5,186,10,64,151",5:208:2|5:375:2|5:10:1
ckpt_4700.pt,5,1012,0.6117189526557922,0.14451833069324493,0.5217193365097046,"24,112,80,241,19","230,163,200,210,88",5:101:2|5:127:2|5:175:2
ckpt_4700.pt,5,1013,0.592760443687439,0.0966397225856781,0.5035898685455322,"16,134,189,87,153","111,8,25,174,44",5:615:2|5:910:2|5:0:1
ckpt_4700.pt,5,1014,0.6141920685768127,0.11688486486673355,0.5353946685791016,"180,94,17,71,168","17,208,41,204,181",5:36:2|5:178:2|5:183:2
ckpt_4700.pt,5,1015,0.5390762090682983,0.10136158764362335,0.5020788311958313,"169,154,30,211,155","29,220,56,244,59",5:252:2|5:255:2|5:263:2
ckpt_4700.pt,5,1016,0.6408911347389221,0.13760359585285187,0.4796723425388336,"246,35,6,221,155","48,246,101,97,6",5:175:2|5:428:2|5:5:1
ckpt_4700.pt,5,1017,0.6864519119262695,0.12881293892860413,0.5714529156684875,"115,145,91,59,187","244,116,26,115,53",5:176:2|5:228:2|5:834:2
ckpt_4700.pt,5,1018,0.5597962141036987,0.10568524152040482,0.5424128174781799,"101,161,32,61,121","28,10,234,97,126",5:392:2|5:431:2|5:24:1
ckpt_4700.pt,5,1019,0.4488517642021179,0.08614649623632431,0.44267117977142334,"125,254,233,155,139","104,176,217,30,187",5:575:2|5:883:2|5:6:1
ckpt_4700.pt,5,1020,0.6588482856750488,0.12104751169681549,0.5659245252609253,"8,223,174,51,215","3,7,224,212,15",5:801:2|5:8:1|5:32:1
ckpt_4700.pt,5,1021,0.5845805406570435,0.10049036145210266,0.5181309580802917,"135,141,204,181,195","91,80,50,104,222",5:153:2|5:623:2|5:775:2
ckpt_4700.pt,5,1022,0.6131832599639893,0.11110939085483551,0.537488579750061,"226,20,108,219,53","180,68,187,229,11",5:5:2|5:315:2|5:812:2
ckpt_4700.pt,5,1023,0.5258904695510864,0.09741710126399994,0.46650445461273193,"114,179,250,62,125","166,185,90,208,50",5:316:2|5:358:2|5:883:2
